arm,kind,members,scale,source,mode,probability_index,threshold,threshold_source,horizon,feature_set,target,target_kind,block,n_variables,baseline_f1_macro,altered_f1_macro,f1_macro_drop,baseline_roc_auc,altered_roc_auc,roc_auc_drop,baseline_auprc,altered_auprc,auprc_drop,baseline_brier,altered_brier,brier_drop,f1_drop_ci_lo,f1_drop_ci_hi,importance_ratio,importance_ratio_ci_lo,importance_ratio_ci_hi,bootstrap_valid
LogisticRegression,individual,LogisticRegression,raw,Cached fitted individual; sigmoid fitted to cached training OOF,raw_fixed,0,0.5,fixed 0.5,10,CV17,Gender,single variable,cardiovascular,1,0.7415237771867278,0.7454699790617396,-0.003946201875011823,0.8471330563947633,0.845370720040282,0.0017623363544813087,0.7757131798023779,0.7721028732019674,0.0036103066004105067,0.18103363507285933,0.18146720336966812,0.00043356829680879505,-0.010285611914127324,0.0,0.9947064241540906,0.9862337545388561,1.0,2000
LogisticRegression,individual,LogisticRegression,raw,Cached fitted individual; sigmoid fitted to cached training OOF,raw_threshold,0,0.5299999999999999,own validation,10,CV17,Gender,single variable,cardiovascular,1,0.7638589274068128,0.761618924013473,0.002240003393339851,0.8471330563947633,0.845370720040282,0.0017623363544813087,0.7757131798023779,0.7721028732019674,0.0036103066004105067,0.18103363507285933,0.18146720336966812,0.00043356829680879505,-0.007680122176536438,0.012781558018839267,1.0029411078463437,0.9897981662354797,1.0170615175201896,2000
LogisticRegression,individual,LogisticRegression,sigmoid,Cached fitted individual; sigmoid fitted to cached training OOF,sigmoid,1,0.4599999999999999,own validation,10,CV17,Gender,single variable,cardiovascular,1,0.7652167182662539,0.7611687306501548,0.004047987616099147,0.8471330563947633,0.845370720040282,0.0017623363544813087,0.7757131798023779,0.7721028732019674,0.0036103066004105067,0.15425405915056228,0.15517647740099771,0.0009224182504354306,-0.004301256551080585,0.012991811560697918,1.0053181212694347,0.9943932801782613,1.0173355214520432,2000
SVC,individual,SVC,raw,Cached fitted individual; sigmoid fitted to cached training OOF,raw_fixed,2,0.5,fixed 0.5,10,CV17,Gender,single variable,cardiovascular,1,0.7626151994158625,0.7644144144144144,-0.0017992149985518457,0.8393126888217523,0.8394543051359517,-0.0001416163141993998,0.7721765117413423,0.7721296566166905,4.685512465174568e-05,0.15858315788350594,0.1584837469096437,-9.941097386223507e-05,-0.005474708207315068,0.0,0.997646283266479,0.9928427320513625,1.0,2000
SVC,individual,SVC,raw,Cached fitted individual; sigmoid fitted to cached training OOF,raw_threshold,2,0.5299999999999999,own validation,10,CV17,Gender,single variable,cardiovascular,1,0.7496889059060017,0.7472975940900469,0.0023913118159547553,0.8393126888217523,0.8394543051359517,-0.0001416163141993998,0.7721765117413423,0.7721296566166905,4.685512465174568e-05,0.15858315788350594,0.1584837469096437,-9.941097386223507e-05,0.0,0.007505872406958472,1.003199945824617,1.0,1.010241498159296,2000
SVC,individual,SVC,sigmoid,Cached fitted individual; sigmoid fitted to cached training OOF,sigmoid,3,0.5099999999999999,own validation,10,CV17,Gender,single variable,cardiovascular,1,0.7472975940900469,0.7490804413881337,-0.0017828472980867538,0.8393126888217523,0.8394543051359517,-0.0001416163141993998,0.7721765117413423,0.7721296566166905,4.685512465174568e-05,0.15664990147668506,0.15661503137260196,-3.4870104083095654e-05,-0.0054480622517266404,0.0,0.9976199521445481,0.9927672766856108,1.0,2000
KNeighbors,individual,KNeighbors,raw,Cached fitted individual; sigmoid fitted to cached training OOF,raw_fixed,4,0.5,fixed 0.5,10,CV17,Gender,single variable,cardiovascular,1,0.7465134459036898,0.7212153518123667,0.02529809409132311,0.8171576032225579,0.8136329305135952,0.0035246727089627283,0.7296944174064324,0.7349980068360894,-0.00530358942965703,0.16746745459592483,0.17047609072147124,0.0030086361255464156,0.0008495745819036534,0.048875020883673695,1.0350770321621006,1.0011438517233737,1.069262817874189,2000
KNeighbors,individual,KNeighbors,raw,Cached fitted individual; sigmoid fitted to cached training OOF,raw_threshold,4,0.5299999999999999,own validation,10,CV17,Gender,single variable,cardiovascular,1,0.7305899970050913,0.7366565961732124,-0.006066599168121134,0.8171576032225579,0.8136329305135952,0.0035246727089627283,0.7296944174064324,0.7349980068360894,-0.00530358942965703,0.16746745459592483,0.17047609072147124,0.0030086361255464156,-0.031142314000047334,0.01770307370693305,0.9917646849296728,0.9582170939283627,1.0240371731096352,2000
KNeighbors,individual,KNeighbors,sigmoid,Cached fitted individual; sigmoid fitted to cached training OOF,sigmoid,5,0.4799999999999999,own validation,10,CV17,Gender,single variable,cardiovascular,1,0.7305899970050913,0.73842688310512,-0.00783688610002864,0.8171576032225579,0.8136329305135952,0.0035246727089627283,0.7296944174064324,0.7349980068360894,-0.00530358942965703,0.16492534254057886,0.16574891624834873,0.0008235737077698646,-0.032730665022769646,0.015484198082538076,0.9893870520164784,0.9557206198008854,1.0209881941931587,2000
RandomForest,individual,RandomForest,raw,Cached fitted individual; sigmoid fitted to cached training OOF,raw_fixed,6,0.5,fixed 0.5,10,CV17,Gender,single variable,cardiovascular,1,0.7497493620123952,0.7497493620123952,0.0,0.8513500755287009,0.8510353726082578,0.00031470292044311066,0.7772464964925739,0.776944968431486,0.00030152806108796337,0.15518350287581242,0.15563564242120195,0.0004521395453895294,-0.005366707426403624,0.0054044407140022,1.0,0.9928491550373406,1.007269720075924,2000
RandomForest,individual,RandomForest,raw,Cached fitted individual; sigmoid fitted to cached training OOF,raw_threshold,6,0.5399999999999999,own validation,10,CV17,Gender,single variable,cardiovascular,1,0.7534066687708716,0.75927572864008,-0.005869059869208382,0.8513500755287009,0.8510353726082578,0.00031470292044311066,0.7772464964925739,0.776944968431486,0.00030152806108796337,0.15518350287581242,0.15563564242120195,0.0004521395453895294,-0.016526074279974604,0.0052843090574136355,0.9922701863791691,0.978298391982575,1.0070312107330457,2000
RandomForest,individual,RandomForest,sigmoid,Cached fitted individual; sigmoid fitted to cached training OOF,sigmoid,7,0.4799999999999999,own validation,10,CV17,Gender,single variable,cardiovascular,1,0.7534066687708716,0.75927572864008,-0.005869059869208382,0.8513500755287009,0.8510353726082578,0.00031470292044311066,0.7772464964925739,0.776944968431486,0.00030152806108796337,0.15088959421792228,0.15135399949520584,0.0004644052772835583,-0.016526074279974604,0.0052843090574136355,0.9922701863791691,0.978298391982575,1.0070312107330457,2000
AdaBoost,individual,AdaBoost,raw,Cached fitted individual; sigmoid fitted to cached training OOF,raw_fixed,8,0.5,fixed 0.5,10,CV17,Gender,single variable,cardiovascular,1,0.7278999276149114,0.7278999276149114,0.0,0.850547583081571,0.850547583081571,0.0,0.783316089867566,0.783316089867566,0.0,0.19056556716525275,0.19056556716525275,0.0,0.0,0.0,1.0,1.0,1.0,2000
AdaBoost,individual,AdaBoost,raw,Cached fitted individual; sigmoid fitted to cached training OOF,raw_threshold,8,0.5299999999999999,own validation,10,CV17,Gender,single variable,cardiovascular,1,0.7667436307303692,0.7667436307303692,0.0,0.850547583081571,0.850547583081571,0.0,0.783316089867566,0.783316089867566,0.0,0.19056556716525275,0.19056556716525275,0.0,0.0,0.0,1.0,1.0,1.0,2000
AdaBoost,individual,AdaBoost,sigmoid,Cached fitted individual; sigmoid fitted to cached training OOF,sigmoid,9,0.4699999999999999,own validation,10,CV17,Gender,single variable,cardiovascular,1,0.7618621447636992,0.7618621447636992,0.0,0.850547583081571,0.850547583081571,0.0,0.783316089867566,0.783316089867566,0.0,0.14988257243690048,0.14988257243690048,0.0,0.0,0.0,1.0,1.0,1.0,2000
MLP,individual,MLP,raw,Cached fitted individual; sigmoid fitted to cached training OOF,raw_fixed,10,0.5,fixed 0.5,10,CV17,Gender,single variable,cardiovascular,1,0.7439864303359403,0.7433177287828451,0.0006687015530951745,0.8505633182275931,0.8488639224572004,0.0016993957703926865,0.7746309573457957,0.7730622705456355,0.0015686868001602017,0.16257933993386675,0.16391563018806352,0.0013362902541967647,-0.014422356447271379,0.01486298386145803,1.0008996173872917,0.980797662664072,1.0202575085858014,2000
MLP,individual,MLP,raw,Cached fitted individual; sigmoid fitted to cached training OOF,raw_threshold,10,0.63,own validation,10,CV17,Gender,single variable,cardiovascular,1,0.7579402910681863,0.7620780638704394,-0.004137772802253137,0.8505633182275931,0.8488639224572004,0.0016993957703926865,0.7746309573457957,0.7730622705456355,0.0015686868001602017,0.16257933993386675,0.16391563018806352,0.0013362902541967647,-0.013365198920787186,0.0046472276086912635,0.9945704082056395,0.9821856295970229,1.0061083607783405,2000
MLP,individual,MLP,sigmoid,Cached fitted individual; sigmoid fitted to cached training OOF,sigmoid,11,0.5199999999999999,own validation,10,CV17,Gender,single variable,cardiovascular,1,0.7602813339655445,0.7620780638704394,-0.0017967299048948782,0.8505633182275931,0.8488639224572004,0.0016993957703926865,0.7746309573457957,0.7730622705456355,0.0015686868001602017,0.15285191720214764,0.1535840196487957,0.0007321024466480641,-0.00924066610459709,0.00557503826001795,0.9976423282730779,0.9877726698761867,1.0073706025259899,2000
GradientBoosting,individual,GradientBoosting,raw,Cached fitted individual; sigmoid fitted to cached training OOF,raw_fixed,12,0.5,fixed 0.5,10,CV17,Gender,single variable,cardiovascular,1,0.7407624369142034,0.7428895235164539,-0.002127086602250472,0.8645675981873112,0.864142749244713,0.0004248489425981994,0.7999174922847669,0.7990849096326981,0.0008325826520688695,0.15560823441899102,0.15622492350219352,0.000616689083202504,-0.006685529850192942,0.0,0.9971367389969615,0.9909011330118577,1.0,2000
GradientBoosting,individual,GradientBoosting,raw,Cached fitted individual; sigmoid fitted to cached training OOF,raw_threshold,12,0.5099999999999999,own validation,10,CV17,Gender,single variable,cardiovascular,1,0.7443600541434803,0.7425610503019167,0.0017990038415636178,0.8645675981873112,0.864142749244713,0.0004248489425981994,0.7999174922847669,0.7990849096326981,0.0008325826520688695,0.15560823441899102,0.15622492350219352,0.000616689083202504,0.0,0.005471923486142379,1.0024227015958245,1.0,1.0074902461254178,2000
GradientBoosting,individual,GradientBoosting,sigmoid,Cached fitted individual; sigmoid fitted to cached training OOF,sigmoid,13,0.38999999999999996,own validation,10,CV17,Gender,single variable,cardiovascular,1,0.7425610503019167,0.7446902787791396,-0.0021292284772229664,0.8645675981873112,0.864142749244713,0.0004248489425981994,0.7999174922847669,0.7990849096326981,0.0008325826520688695,0.14465563933665498,0.14512056004395357,0.00046492070729858836,-0.006692745547302837,0.0,0.9971407865284428,0.9909099133528783,1.0,2000
XGBoost,individual,XGBoost,raw,Cached fitted individual; sigmoid fitted to cached training OOF,raw_fixed,14,0.5,fixed 0.5,10,CV17,Gender,single variable,cardiovascular,1,0.7547437407784424,0.7547437407784424,0.0,0.85024861530715,0.85024861530715,0.0,0.783435842859641,0.783435842859641,0.0,0.1583200271760983,0.1583200271760983,0.0,0.0,0.0,1.0,1.0,1.0,2000
XGBoost,individual,XGBoost,raw,Cached fitted individual; sigmoid fitted to cached training OOF,raw_threshold,14,0.5299999999999999,own validation,10,CV17,Gender,single variable,cardiovascular,1,0.7656592812335836,0.7656592812335836,0.0,0.85024861530715,0.85024861530715,0.0,0.783435842859641,0.783435842859641,0.0,0.1583200271760983,0.1583200271760983,0.0,0.0,0.0,1.0,1.0,1.0,2000
XGBoost,individual,XGBoost,sigmoid,Cached fitted individual; sigmoid fitted to cached training OOF,sigmoid,15,0.4599999999999999,own validation,10,CV17,Gender,single variable,cardiovascular,1,0.7602627068045684,0.7602627068045684,0.0,0.85024861530715,0.85024861530715,0.0,0.783435842859641,0.783435842859641,0.0,0.15047228134058788,0.15047228134058788,0.0,0.0,0.0,1.0,1.0,1.0,2000
diverse,voting,"LogisticRegression,XGBoost,MLP",raw,models/predictive_sensitivity/h10_CV17_diverse.joblib,raw_fixed,16,0.5,fixed 0.5,10,CV17,Gender,single variable,cardiovascular,1,0.7519248355968413,0.7465394517643495,0.0053853838324917636,0.851460221550856,0.8508622860020141,0.0005979355488419102,0.7808383535993896,0.7793791933010713,0.0014591602983182739,0.16285424871514578,0.16346463860548838,0.0006103898903425942,-0.003991740209813352,0.015483427523466101,1.0072137966985724,0.9947516485413287,1.02124947104946,2000
diverse,voting,"LogisticRegression,XGBoost,MLP",raw,models/predictive_sensitivity/h10_CV17_diverse.joblib,raw_threshold,16,0.41999999999999993,saved voting threshold (also applied to raw),10,CV17,Gender,single variable,cardiovascular,1,0.7297436957420422,0.7279147249925284,0.0018289707495138252,0.851460221550856,0.8508622860020141,0.0005979355488419102,0.7808383535993896,0.7793791933010713,0.0014591602983182739,0.16285424871514578,0.16346463860548838,0.0006103898903425942,-0.006517487284753623,0.011173124085608378,1.0025126167760003,0.9909426468857988,1.0152920412779487,2000
diverse,voting,"LogisticRegression,XGBoost,MLP",sigmoid,models/predictive_sensitivity/h10_CV17_diverse.joblib,sigmoid,17,0.41999999999999993,saved voting threshold (also applied to raw),10,CV17,Gender,single variable,cardiovascular,1,0.7637361795963371,0.7601357549073564,0.003600424688980697,0.851460221550856,0.8508622860020141,0.0005979355488419102,0.7808383535993896,0.7793791933010713,0.0014591602983182739,0.15192518816747258,0.15251472764166793,0.0005895394741953497,-0.003527038389255108,0.010845520228444575,1.0047365548400227,0.995377050193871,1.0143754543408154,2000
paper,voting,"LogisticRegression,RandomForest,AdaBoost",raw,models/final_h10_CV17_paper.joblib,raw_fixed,18,0.5,fixed 0.5,10,CV17,Gender,single variable,cardiovascular,1,0.7519248355968413,0.7501289207061821,0.0017959148906592226,0.854607250755287,0.853694612286002,0.0009126384692850209,0.7846424063474804,0.7832189073139579,0.0014234990335224573,0.16999859899443961,0.17040360470672966,0.00040500571229004634,-0.0036226328344053345,0.008879509753959604,1.0023941416483029,0.9951459268927221,1.0118163783056966,2000
paper,voting,"LogisticRegression,RandomForest,AdaBoost",raw,models/final_h10_CV17_paper.joblib,raw_threshold,18,0.37999999999999995,saved voting threshold (also applied to raw),10,CV17,Gender,single variable,cardiovascular,1,0.6995935360896781,0.7014752802739805,-0.0018817441843024252,0.854607250755287,0.853694612286002,0.0009126384692850209,0.7846424063474804,0.7832189073139579,0.0014234990335224573,0.16999859899443961,0.17040360470672966,0.00040500571229004634,-0.005796514008873366,0.0,0.9973174476175876,0.9916306023023945,1.0,2000
paper,voting,"LogisticRegression,RandomForest,AdaBoost",sigmoid,models/final_h10_CV17_paper.joblib,sigmoid,19,0.37999999999999995,saved voting threshold (also applied to raw),10,CV17,Gender,single variable,cardiovascular,1,0.7533623828117632,0.7476173241645554,0.005745058647207757,0.854607250755287,0.853694612286002,0.0009126384692850209,0.7846424063474804,0.7832189073139579,0.0014234990335224573,0.1495675138032824,0.15013677788212915,0.0005692640788467485,0.0,0.013225907289452811,1.0076844910644998,1.0,1.0177506848654585,2000
own,stacking,"KNeighbors,AdaBoost,MLP,GradientBoosting",raw,models/stacking_sensitivity/h10_CV17_own.joblib,raw_fixed,20,0.5,fixed 0.5,10,CV17,Gender,single variable,cardiovascular,1,0.7759907263689412,0.7656344372615722,0.010356289107368966,0.8577070745216515,0.8559762084592145,0.0017308660624369976,0.7904569354382537,0.7884041645179138,0.0020527709203398414,0.14760090704816692,0.14880831464346891,0.0012074075953019958,-0.0024495022964238417,0.024707233935820645,1.0135264149617016,0.9969624794031475,1.0326334142159557,2000
own,stacking,"KNeighbors,AdaBoost,MLP,GradientBoosting",raw,models/stacking_sensitivity/h10_CV17_own.joblib,raw_threshold,20,0.49999999999999994,saved stacking threshold,10,CV17,Gender,single variable,cardiovascular,1,0.7759907263689412,0.7656344372615722,0.010356289107368966,0.8577070745216515,0.8559762084592145,0.0017308660624369976,0.7904569354382537,0.7884041645179138,0.0020527709203398414,0.14760090704816692,0.14880831464346891,0.0012074075953019958,-0.0024495022964238417,0.024707233935820645,1.0135264149617016,0.9969624794031475,1.0326334142159557,2000
own,stacking,"KNeighbors,AdaBoost,MLP,GradientBoosting",sigmoid,models/stacking_sensitivity/h10_CV17_own.joblib,sigmoid,21,0.5199999999999999,saved stacking threshold,10,CV17,Gender,single variable,cardiovascular,1,0.7759907263689412,0.7656344372615722,0.010356289107368966,0.8577070745216515,0.8559762084592145,0.0017308660624369976,0.7904569354382537,0.7884041645179138,0.0020527709203398414,0.14958529410436117,0.1511015963735941,0.0015163022692329386,-0.0024495022964238417,0.024707233935820645,1.0135264149617016,0.9969624794031475,1.0326334142159557,2000
own,stacking,"KNeighbors,AdaBoost,MLP,GradientBoosting",isotonic,models/stacking_sensitivity/h10_CV17_own.joblib,isotonic,22,0.38999999999999996,saved stacking threshold,10,CV17,Gender,single variable,cardiovascular,1,0.7741796200345423,0.7656344372615722,0.008545182772970117,0.8558896651560927,0.8511376510574018,0.00475201409869086,0.7534450788009935,0.7529068624551815,0.0005382163458120814,0.149993585678844,0.15390902210178692,0.003915436422942925,-0.003978200730311149,0.02212406279624788,1.0111609174784946,0.9947574827617781,1.0292191212864807,2000
paper,stacking,"LogisticRegression,RandomForest,AdaBoost",raw,models/stacking_sensitivity/h10_CV17_paper.joblib,raw_fixed,23,0.5,fixed 0.5,10,CV17,Gender,single variable,cardiovascular,1,0.7651549169286036,0.7674358734319415,-0.0022809565033379275,0.8525931520644512,0.8513972809667674,0.0011958710976838205,0.7815738730148766,0.7799621196668302,0.0016117533480464186,0.15167901735688322,0.1525145705814697,0.0008355532245864772,-0.01495609359684883,0.0094117796971,0.9970278213694421,0.9807239313275643,1.0125407235864616,2000
paper,stacking,"LogisticRegression,RandomForest,AdaBoost",raw,models/stacking_sensitivity/h10_CV17_paper.joblib,raw_threshold,23,0.36999999999999994,saved stacking threshold,10,CV17,Gender,single variable,cardiovascular,1,0.7487032419896108,0.7487032419896108,0.0,0.8525931520644512,0.8513972809667674,0.0011958710976838205,0.7815738730148766,0.7799621196668302,0.0016117533480464186,0.15167901735688322,0.1525145705814697,0.0008355532245864772,-0.005360230982284264,0.005388467873291766,1.0,0.9929046100890501,1.0072331973564772,2000
paper,stacking,"LogisticRegression,RandomForest,AdaBoost",sigmoid,models/stacking_sensitivity/h10_CV17_paper.joblib,sigmoid,24,0.36999999999999994,saved stacking threshold,10,CV17,Gender,single variable,cardiovascular,1,0.7504997728305316,0.7487032419896108,0.0017965308409207958,0.8525931520644512,0.8513972809667674,0.0011958710976838205,0.7815738730148766,0.7799621196668302,0.0016117533480464186,0.1504017806918913,0.15120668414398353,0.0008049034520922205,-0.003616126876369738,0.007411148955056681,1.0023995232558987,0.9951773514869575,1.0103572923051545,2000
paper,stacking,"LogisticRegression,RandomForest,AdaBoost",isotonic,models/stacking_sensitivity/h10_CV17_paper.joblib,isotonic,25,0.5099999999999999,saved stacking threshold,10,CV17,Gender,single variable,cardiovascular,1,0.7679066363551431,0.768820956635027,-0.0009143202798839178,0.8518850704934542,0.8500912638469285,0.0017938066465257307,0.7644245964899069,0.7624448435614593,0.0019797529284476534,0.15143233036566903,0.15152163109710798,8.930073143895156e-05,-0.00928584114318079,0.007224934325282841,0.9988107500556622,0.9879649716021205,1.0092987553113155,2000
LogisticRegression,individual,LogisticRegression,raw,Cached fitted individual; sigmoid fitted to cached training OOF,raw_fixed,0,0.5,fixed 0.5,10,CV17,Age,single variable,cardiovascular,1,0.7415237771867278,0.702757621998692,0.038766155188035833,0.8471330563947633,0.7840036505538771,0.06312940584088622,0.7757131798023779,0.7020459453293281,0.07366723447304979,0.18103363507285933,0.20207327632221708,0.021039641249357754,0.006984579124788217,0.07081853731666611,1.0551629096213602,1.0097072770987463,1.1039088472234047,2000
LogisticRegression,individual,LogisticRegression,raw,Cached fitted individual; sigmoid fitted to cached training OOF,raw_threshold,0,0.5299999999999999,own validation,10,CV17,Age,single variable,cardiovascular,1,0.7638589274068128,0.7044513015656191,0.059407625841193745,0.8471330563947633,0.7840036505538771,0.06312940584088622,0.7757131798023779,0.7020459453293281,0.07366723447304979,0.18103363507285933,0.20207327632221708,0.021039641249357754,0.025115671048044682,0.09656649267825061,1.0843317709956137,1.0343499946409662,1.1421242316530005,2000
LogisticRegression,individual,LogisticRegression,sigmoid,Cached fitted individual; sigmoid fitted to cached training OOF,sigmoid,1,0.4599999999999999,own validation,10,CV17,Age,single variable,cardiovascular,1,0.7652167182662539,0.7045536416033533,0.060663076662900606,0.8471330563947633,0.7840036505538771,0.06312940584088622,0.7757131798023779,0.7020459453293281,0.07366723447304979,0.15425405915056228,0.17872954911227792,0.02447548996171564,0.0252959277066835,0.09899865494595747,1.086101430864582,1.0345732642102534,1.1452124048469927,2000
SVC,individual,SVC,raw,Cached fitted individual; sigmoid fitted to cached training OOF,raw_fixed,2,0.5,fixed 0.5,10,CV17,Age,single variable,cardiovascular,1,0.7626151994158625,0.701994301994302,0.060620897421560516,0.8393126888217523,0.7818951409869084,0.057417547834843874,0.7721765117413423,0.7056843839142387,0.06649212782710356,0.15858315788350594,0.17926258611432175,0.02067942823081581,0.02874543065405324,0.09374166578588086,1.0863552556613951,1.0402833719741338,1.1369362655470974,2000
SVC,individual,SVC,raw,Cached fitted individual; sigmoid fitted to cached training OOF,raw_threshold,2,0.5299999999999999,own validation,10,CV17,Age,single variable,cardiovascular,1,0.7496889059060017,0.7141224408666269,0.03556646503937477,0.8393126888217523,0.7818951409869084,0.057417547834843874,0.7721765117413423,0.7056843839142387,0.06649212782710356,0.15858315788350594,0.17926258611432175,0.02067942823081581,0.006656529490614777,0.06742771863121963,1.0498044354917806,1.0089345265374217,1.0970612143970029,2000
SVC,individual,SVC,sigmoid,Cached fitted individual; sigmoid fitted to cached training OOF,sigmoid,3,0.5099999999999999,own validation,10,CV17,Age,single variable,cardiovascular,1,0.7472975940900469,0.7141224408666269,0.03317515322342002,0.8393126888217523,0.7818951409869084,0.057417547834843874,0.7721765117413423,0.7056843839142387,0.06649212782710356,0.15664990147668506,0.1779794397654953,0.021329538288810235,0.004325520151705143,0.06541652164957054,1.0464558335166727,1.0059775776306592,1.09416528083515,2000
KNeighbors,individual,KNeighbors,raw,Cached fitted individual; sigmoid fitted to cached training OOF,raw_fixed,4,0.5,fixed 0.5,10,CV17,Age,single variable,cardiovascular,1,0.7465134459036898,0.7082702965171573,0.038243149386532505,0.8171576032225579,0.7579934541792548,0.05916414904330314,0.7296944174064324,0.6709204869293949,0.058773930477037495,0.16746745459592483,0.18763375835951698,0.020166303763592158,0.012997563355783651,0.06502871398949744,1.0539951337428508,1.0178444410514877,1.0943150284360423,2000
KNeighbors,individual,KNeighbors,raw,Cached fitted individual; sigmoid fitted to cached training OOF,raw_threshold,4,0.5299999999999999,own validation,10,CV17,Age,single variable,cardiovascular,1,0.7305899970050913,0.7045536416033533,0.026036355401737987,0.8171576032225579,0.7579934541792548,0.05916414904330314,0.7296944174064324,0.6709204869293949,0.058773930477037495,0.16746745459592483,0.18763375835951698,0.020166303763592158,-0.00106457509801878,0.056069173013673534,1.036954397599148,0.9985704687045991,1.0811826218003564,2000
KNeighbors,individual,KNeighbors,sigmoid,Cached fitted individual; sigmoid fitted to cached training OOF,sigmoid,5,0.4799999999999999,own validation,10,CV17,Age,single variable,cardiovascular,1,0.7305899970050913,0.701994301994302,0.02859569501078929,0.8171576032225579,0.7579934541792548,0.05916414904330314,0.7296944174064324,0.6709204869293949,0.058773930477037495,0.16492534254057886,0.18625916838387568,0.021333825843296822,0.0014905593791788435,0.058834659803107765,1.0407349389155318,1.002114219026903,1.086999474300534,2000
RandomForest,individual,RandomForest,raw,Cached fitted individual; sigmoid fitted to cached training OOF,raw_fixed,6,0.5,fixed 0.5,10,CV17,Age,single variable,cardiovascular,1,0.7497493620123952,0.702870269736192,0.04687909227620313,0.8513500755287009,0.7785907603222558,0.07275931520644507,0.7772464964925739,0.7015599543493093,0.07568654214326465,0.15518350287581242,0.1787961335694962,0.023612630693683773,0.01147686677162063,0.08489474840923807,1.0666966498580146,1.0154830459138091,1.1253930544477306,2000
RandomForest,individual,RandomForest,raw,Cached fitted individual; sigmoid fitted to cached training OOF,raw_threshold,6,0.5399999999999999,own validation,10,CV17,Age,single variable,cardiovascular,1,0.7534066687708716,0.6966161778923622,0.0567904908785094,0.8513500755287009,0.7785907603222558,0.07275931520644507,0.7772464964925739,0.7015599543493093,0.07568654214326465,0.15518350287581242,0.1787961335694962,0.023612630693683773,0.014457722480493146,0.0996017933648619,1.0815233591765427,1.01970266366449,1.150539850843466,2000
RandomForest,individual,RandomForest,sigmoid,Cached fitted individual; sigmoid fitted to cached training OOF,sigmoid,7,0.4799999999999999,own validation,10,CV17,Age,single variable,cardiovascular,1,0.7534066687708716,0.6966161778923622,0.0567904908785094,0.8513500755287009,0.7785907603222558,0.07275931520644507,0.7772464964925739,0.7015599543493093,0.07568654214326465,0.15088959421792228,0.18296014590755014,0.03207055168962786,0.014457722480493146,0.0996017933648619,1.0815233591765427,1.01970266366449,1.150539850843466,2000
AdaBoost,individual,AdaBoost,raw,Cached fitted individual; sigmoid fitted to cached training OOF,raw_fixed,8,0.5,fixed 0.5,10,CV17,Age,single variable,cardiovascular,1,0.7278999276149114,0.6863505517351671,0.04154937587974428,0.850547583081571,0.7578046324269889,0.09274295065458205,0.783316089867566,0.6722714460950181,0.11104464377254786,0.19056556716525275,0.21552324431087133,0.024957677145618584,0.004020710820880219,0.0828684701544437,1.0605366685794935,1.0054062053406476,1.1240778535073037,2000
AdaBoost,individual,AdaBoost,raw,Cached fitted individual; sigmoid fitted to cached training OOF,raw_threshold,8,0.5299999999999999,own validation,10,CV17,Age,single variable,cardiovascular,1,0.7667436307303692,0.6775126879476355,0.08923094278273369,0.850547583081571,0.7578046324269889,0.09274295065458205,0.783316089867566,0.6722714460950181,0.11104464377254786,0.19056556716525275,0.21552324431087133,0.024957677145618584,0.049740342253898145,0.12970711045738528,1.13170372211484,1.0714386238887634,1.2009158993359434,2000
AdaBoost,individual,AdaBoost,sigmoid,Cached fitted individual; sigmoid fitted to cached training OOF,sigmoid,9,0.4699999999999999,own validation,10,CV17,Age,single variable,cardiovascular,1,0.7618621447636992,0.6758264462809918,0.08603569848270742,0.850547583081571,0.7578046324269889,0.09274295065458205,0.783316089867566,0.6722714460950181,0.11104464377254786,0.14988257243690048,0.18608981247464682,0.036207240037746335,0.047506639265950626,0.12705316648574058,1.1273044269814443,1.0679089937152033,1.196030731425956,2000
MLP,individual,MLP,raw,Cached fitted individual; sigmoid fitted to cached training OOF,raw_fixed,10,0.5,fixed 0.5,10,CV17,Age,single variable,cardiovascular,1,0.7439864303359403,0.7030845896675708,0.04090184066836944,0.8505633182275931,0.7852624622356495,0.06530085599194357,0.7746309573457957,0.6928222234010443,0.08180873394475141,0.16257933993386675,0.1827190054395673,0.020139665505700538,0.0066041985088872105,0.07727810901518911,1.0581748501808417,1.009139894901011,1.1130513320218858,2000
MLP,individual,MLP,raw,Cached fitted individual; sigmoid fitted to cached training OOF,raw_threshold,10,0.63,own validation,10,CV17,Age,single variable,cardiovascular,1,0.7579402910681863,0.7110979792659584,0.046842311802227865,0.8505633182275931,0.7852624622356495,0.06530085599194357,0.7746309573457957,0.6928222234010443,0.08180873394475141,0.16257933993386675,0.1827190054395673,0.020139665505700538,0.013580087074603795,0.08252523689225272,1.065873217430011,1.0186010928843812,1.121302163764692,2000
MLP,individual,MLP,sigmoid,Cached fitted individual; sigmoid fitted to cached training OOF,sigmoid,11,0.5199999999999999,own validation,10,CV17,Age,single variable,cardiovascular,1,0.7602813339655445,0.7120793769337459,0.04820195703179864,0.8505633182275931,0.7852624622356495,0.06530085599194357,0.7746309573457957,0.6928222234010443,0.08180873394475141,0.15285191720214764,0.17849717155752146,0.02564525435537382,0.014866389560141047,0.0839325569473229,1.0676918312665633,1.019729656927315,1.1233955298120946,2000
GradientBoosting,individual,GradientBoosting,raw,Cached fitted individual; sigmoid fitted to cached training OOF,raw_fixed,12,0.5,fixed 0.5,10,CV17,Age,single variable,cardiovascular,1,0.7407624369142034,0.7017894332450412,0.03897300366916223,0.8645675981873112,0.7776073136958711,0.08696028449144011,0.7999174922847669,0.6935819901667221,0.10633550211804488,0.15560823441899102,0.18295307344178846,0.02734483902279744,0.0014091662010294467,0.07889857192585764,1.0555337567408971,1.0020048179062506,1.1182342075695888,2000
GradientBoosting,individual,GradientBoosting,raw,Cached fitted individual; sigmoid fitted to cached training OOF,raw_threshold,12,0.5099999999999999,own validation,10,CV17,Age,single variable,cardiovascular,1,0.7443600541434803,0.7027250876965051,0.041634966446975175,0.8645675981873112,0.7776073136958711,0.08696028449144011,0.7999174922847669,0.6935819901667221,0.10633550211804488,0.15560823441899102,0.18295307344178846,0.02734483902279744,0.003853755062684322,0.08145418981975541,1.0592478725691328,1.005309052561538,1.1217332253824106,2000
GradientBoosting,individual,GradientBoosting,sigmoid,Cached fitted individual; sigmoid fitted to cached training OOF,sigmoid,13,0.38999999999999996,own validation,10,CV17,Age,single variable,cardiovascular,1,0.7425610503019167,0.70100108258019,0.041559967721726654,0.8645675981873112,0.7776073136958711,0.08696028449144011,0.7999174922847669,0.6935819901667221,0.10633550211804488,0.14465563933665498,0.18244133763737747,0.03778569830072248,0.004137065584921384,0.08094198656057905,1.0592865956337127,1.0056032034042515,1.120586427033214,2000
XGBoost,individual,XGBoost,raw,Cached fitted individual; sigmoid fitted to cached training OOF,raw_fixed,14,0.5,fixed 0.5,10,CV17,Age,single variable,cardiovascular,1,0.7547437407784424,0.7166653958979586,0.03807834488048378,0.85024861530715,0.7778905463242699,0.07235806898288011,0.783435842859641,0.701615726057129,0.081820116802512,0.1583200271760983,0.18397594429414582,0.025655917118047517,0.0015475346984484717,0.07645432165213668,1.0531326684648599,1.002065831217883,1.1128100621343378,2000
XGBoost,individual,XGBoost,raw,Cached fitted individual; sigmoid fitted to cached training OOF,raw_threshold,14,0.5299999999999999,own validation,10,CV17,Age,single variable,cardiovascular,1,0.7656592812335836,0.7106440957886044,0.05501518544497919,0.85024861530715,0.7778905463242699,0.07235806898288011,0.783435842859641,0.701615726057129,0.081820116802512,0.1583200271760983,0.18397594429414582,0.025655917118047517,0.017860775917005935,0.09486427093481614,1.077415946703854,1.0242775385987384,1.138793464721056,2000
XGBoost,individual,XGBoost,sigmoid,Cached fitted individual; sigmoid fitted to cached training OOF,sigmoid,15,0.4599999999999999,own validation,10,CV17,Age,single variable,cardiovascular,1,0.7602627068045684,0.7089089807176163,0.0513537260869521,0.85024861530715,0.7778905463242699,0.07235806898288011,0.783435842859641,0.701615726057129,0.081820116802512,0.15047228134058788,0.17832863525939774,0.027856353918809862,0.013142937902688886,0.09004165893663292,1.0724405071508158,1.018095488594249,1.133373367460644,2000
diverse,voting,"LogisticRegression,XGBoost,MLP",raw,models/predictive_sensitivity/h10_CV17_diverse.joblib,raw_fixed,16,0.5,fixed 0.5,10,CV17,Age,single variable,cardiovascular,1,0.7519248355968413,0.7061162740436568,0.04580856155318447,0.851460221550856,0.7866943605236657,0.06476586102719029,0.7808383535993896,0.7050299889830153,0.0758083646163743,0.16285424871514578,0.18579106728522335,0.022936818570077566,0.010036223975600809,0.08304551505169712,1.0648739637324267,1.0133278253020848,1.122554575902822,2000
diverse,voting,"LogisticRegression,XGBoost,MLP",raw,models/predictive_sensitivity/h10_CV17_diverse.joblib,raw_threshold,16,0.41999999999999993,saved voting threshold (also applied to raw),10,CV17,Age,single variable,cardiovascular,1,0.7297436957420422,0.6883229324787767,0.04142076326326549,0.851460221550856,0.7866943605236657,0.06476586102719029,0.7808383535993896,0.7050299889830153,0.0758083646163743,0.16285424871514578,0.18579106728522335,0.022936818570077566,0.0065036889566747694,0.0783165865813786,1.0601763522742178,1.0091874181301632,1.1177945354647727,2000
diverse,voting,"LogisticRegression,XGBoost,MLP",sigmoid,models/predictive_sensitivity/h10_CV17_diverse.joblib,sigmoid,17,0.41999999999999993,saved voting threshold (also applied to raw),10,CV17,Age,single variable,cardiovascular,1,0.7637361795963371,0.7089943277571623,0.05474185183917479,0.851460221550856,0.7866943605236657,0.06476586102719029,0.7808383535993896,0.7050299889830153,0.0758083646163743,0.15192518816747258,0.17763332640131974,0.025708138233847155,0.018484449794881196,0.09242470020045344,1.0772105638875076,1.0254724316546455,1.1356873264560527,2000
paper,voting,"LogisticRegression,RandomForest,AdaBoost",raw,models/final_h10_CV17_paper.joblib,raw_fixed,18,0.5,fixed 0.5,10,CV17,Age,single variable,cardiovascular,1,0.7519248355968413,0.6984783032350266,0.053446532361814736,0.854607250755287,0.781659113796576,0.07294813695871094,0.7846424063474804,0.7025205886471458,0.08212181770033455,0.16999859899443961,0.1919774929190931,0.021978893924653492,0.017729859550138692,0.0909266991525607,1.076518529085693,1.0248039202579562,1.1357859722905632,2000
paper,voting,"LogisticRegression,RandomForest,AdaBoost",raw,models/final_h10_CV17_paper.joblib,raw_threshold,18,0.37999999999999995,saved voting threshold (also applied to raw),10,CV17,Age,single variable,cardiovascular,1,0.6995935360896781,0.6582954044927323,0.04129813159694584,0.854607250755287,0.781659113796576,0.07294813695871094,0.7846424063474804,0.7025205886471458,0.08212181770033455,0.16999859899443961,0.1919774929190931,0.021978893924653492,0.009996547954520789,0.07653402823623216,1.0627349535103763,1.0141479127949053,1.1208504600295692,2000
paper,voting,"LogisticRegression,RandomForest,AdaBoost",sigmoid,models/final_h10_CV17_paper.joblib,sigmoid,19,0.37999999999999995,saved voting threshold (also applied to raw),10,CV17,Age,single variable,cardiovascular,1,0.7533623828117632,0.705528601377658,0.047833781434105105,0.854607250755287,0.781659113796576,0.07294813695871094,0.7846424063474804,0.7025205886471458,0.08212181770033455,0.1495675138032824,0.17975551899538353,0.03018800519210113,0.012018834063111924,0.08405487200200981,1.0677985007846627,1.0166661394424856,1.124720609798404,2000
own,stacking,"KNeighbors,AdaBoost,MLP,GradientBoosting",raw,models/stacking_sensitivity/h10_CV17_own.joblib,raw_fixed,20,0.5,fixed 0.5,10,CV17,Age,single variable,cardiovascular,1,0.7759907263689412,0.6959406313053589,0.0800500950635823,0.8577070745216515,0.7826976334340383,0.0750094410876132,0.7904569354382537,0.7007263238427205,0.0897306115955332,0.14760090704816692,0.17755412217197483,0.029953215123807914,0.04288666203825777,0.11984062185475818,1.1150243159584379,1.059499191760329,1.180741159960433,2000
own,stacking,"KNeighbors,AdaBoost,MLP,GradientBoosting",raw,models/stacking_sensitivity/h10_CV17_own.joblib,raw_threshold,20,0.49999999999999994,saved stacking threshold,10,CV17,Age,single variable,cardiovascular,1,0.7759907263689412,0.6959406313053589,0.0800500950635823,0.8577070745216515,0.7826976334340383,0.0750094410876132,0.7904569354382537,0.7007263238427205,0.0897306115955332,0.14760090704816692,0.17755412217197483,0.029953215123807914,0.04288666203825777,0.11984062185475818,1.1150243159584379,1.059499191760329,1.180741159960433,2000
own,stacking,"KNeighbors,AdaBoost,MLP,GradientBoosting",sigmoid,models/stacking_sensitivity/h10_CV17_own.joblib,sigmoid,21,0.5199999999999999,saved stacking threshold,10,CV17,Age,single variable,cardiovascular,1,0.7759907263689412,0.6959406313053589,0.0800500950635823,0.8577070745216515,0.7826976334340383,0.0750094410876132,0.7904569354382537,0.7007263238427205,0.0897306115955332,0.14958529410436117,0.1797999529366831,0.03021465883232194,0.04288666203825777,0.11984062185475818,1.1150243159584379,1.059499191760329,1.180741159960433,2000
own,stacking,"KNeighbors,AdaBoost,MLP,GradientBoosting",isotonic,models/stacking_sensitivity/h10_CV17_own.joblib,isotonic,22,0.38999999999999996,saved stacking threshold,10,CV17,Age,single variable,cardiovascular,1,0.7741796200345423,0.6986877200469434,0.07549189998759898,0.8558896651560927,0.7755302744209466,0.08035939073514609,0.7534450788009935,0.6676939254598913,0.08575115334110228,0.149993585678844,0.18129735600344896,0.03130377032460496,0.037513269932623536,0.11382579616014406,1.1080481276850362,1.0514163409440476,1.1732778885168462,2000
paper,stacking,"LogisticRegression,RandomForest,AdaBoost",raw,models/stacking_sensitivity/h10_CV17_paper.joblib,raw_fixed,23,0.5,fixed 0.5,10,CV17,Age,single variable,cardiovascular,1,0.7651549169286036,0.703870834906146,0.06128408202245761,0.8525931520644512,0.7843183534743202,0.06827479859013097,0.7815738730148766,0.7052821294487591,0.07629174356611745,0.15167901735688322,0.1791588837791388,0.027479866422255583,0.02199326731685559,0.100151211370152,1.0870672273708133,1.030843383885918,1.1470900789514697,2000
paper,stacking,"LogisticRegression,RandomForest,AdaBoost",raw,models/stacking_sensitivity/h10_CV17_paper.joblib,raw_threshold,23,0.36999999999999994,saved stacking threshold,10,CV17,Age,single variable,cardiovascular,1,0.7487032419896108,0.7110899155489319,0.03761332644067894,0.8525931520644512,0.7843183534743202,0.06827479859013097,0.7815738730148766,0.7052821294487591,0.07629174356611745,0.15167901735688322,0.1791588837791388,0.027479866422255583,0.0036823396907660873,0.07356337497881467,1.0528953169187374,1.0049714467194137,1.1077620818304037,2000
paper,stacking,"LogisticRegression,RandomForest,AdaBoost",sigmoid,models/stacking_sensitivity/h10_CV17_paper.joblib,sigmoid,24,0.36999999999999994,saved stacking threshold,10,CV17,Age,single variable,cardiovascular,1,0.7504997728305316,0.7110899155489319,0.039409857281599736,0.8525931520644512,0.7843183534743202,0.06827479859013097,0.7815738730148766,0.7052821294487591,0.07629174356611745,0.1504017806918913,0.17826568433083434,0.027863903638943033,0.0058759924907280155,0.07548542452353152,1.0554217637177106,1.008107677721431,1.1105259179207325,2000
paper,stacking,"LogisticRegression,RandomForest,AdaBoost",isotonic,models/stacking_sensitivity/h10_CV17_paper.joblib,isotonic,25,0.5099999999999999,saved stacking threshold,10,CV17,Age,single variable,cardiovascular,1,0.7679066363551431,0.6979754059379033,0.06993123041723981,0.8518850704934542,0.7802822885196374,0.07160278197381675,0.7644245964899069,0.6857866296432221,0.07863796684668478,0.15143233036566903,0.18108655076052776,0.029654220394858738,0.03285558012215926,0.10843145703598397,1.100191539447253,1.0455488876296621,1.1630702463080431,2000
LogisticRegression,individual,LogisticRegression,raw,Cached fitted individual; sigmoid fitted to cached training OOF,raw_fixed,0,0.5,fixed 0.5,10,CV17,Angina,single variable,cardiovascular,1,0.7415237771867278,0.7397303655446978,0.0017934116420299517,0.8471330563947633,0.847101586102719,3.1470292044311066e-05,0.7757131798023779,0.776769958873727,-0.0010567790713491565,0.18103363507285933,0.1812448241373477,0.0002111890644883596,-0.010650393601791024,0.015123836726319525,1.0024244126313637,0.9859598518761775,1.0207867832734765,2000
LogisticRegression,individual,LogisticRegression,raw,Cached fitted individual; sigmoid fitted to cached training OOF,raw_threshold,0,0.5299999999999999,own validation,10,CV17,Angina,single variable,cardiovascular,1,0.7638589274068128,0.7656592812335836,-0.0018003538267707953,0.8471330563947633,0.847101586102719,3.1470292044311066e-05,0.7757131798023779,0.776769958873727,-0.0010567790713491565,0.18103363507285933,0.1812448241373477,0.0002111890644883596,-0.014960116753121925,0.01124734334762994,0.9976486227348147,0.9806227329172645,1.014961127112917,2000
LogisticRegression,individual,LogisticRegression,sigmoid,Cached fitted individual; sigmoid fitted to cached training OOF,sigmoid,1,0.4599999999999999,own validation,10,CV17,Angina,single variable,cardiovascular,1,0.7652167182662539,0.7611687306501548,0.004047987616099147,0.8471330563947633,0.847101586102719,3.1470292044311066e-05,0.7757131798023779,0.776769958873727,-0.0010567790713491565,0.15425405915056228,0.15379407179547472,-0.0004599873550875655,-0.00763708872516807,0.016629731366561814,1.0053181212694347,0.9899725544255613,1.0222400003328862,2000
SVC,individual,SVC,raw,Cached fitted individual; sigmoid fitted to cached training OOF,raw_fixed,2,0.5,fixed 0.5,10,CV17,Angina,single variable,cardiovascular,1,0.7626151994158625,0.7641677743664546,-0.0015525749505920228,0.8393126888217523,0.8394307024169184,-0.0001180135951661665,0.7721765117413423,0.7720381696182766,0.00013834212306562677,0.15858315788350594,0.15785243561929915,-0.0007307222642067845,-0.014739256720895728,0.010929126134362544,0.9979682799999264,0.9807782796709266,1.0140813098077932,2000
SVC,individual,SVC,raw,Cached fitted individual; sigmoid fitted to cached training OOF,raw_threshold,2,0.5299999999999999,own validation,10,CV17,Angina,single variable,cardiovascular,1,0.7496889059060017,0.7687398667086274,-0.019050960802625694,0.8393126888217523,0.8394307024169184,-0.0001180135951661665,0.7721765117413423,0.7720381696182766,0.00013834212306562677,0.15858315788350594,0.15785243561929915,-0.0007307222642067845,-0.03452210229322536,-0.004508113112113617,0.9752179357053606,0.9554306948744111,0.9939915009586413,2000
SVC,individual,SVC,sigmoid,Cached fitted individual; sigmoid fitted to cached training OOF,sigmoid,3,0.5099999999999999,own validation,10,CV17,Angina,single variable,cardiovascular,1,0.7472975940900469,0.766376312178935,-0.019078718088888058,0.8393126888217523,0.8394307024169184,-0.0001180135951661665,0.7721765117413423,0.7720381696182766,0.00013834212306562677,0.15664990147668506,0.15608898270764926,-0.0005609187690358008,-0.036124630966871775,-0.0029423969510781146,0.9751052873298705,0.9535923461467614,0.9962568714770598,2000
KNeighbors,individual,KNeighbors,raw,Cached fitted individual; sigmoid fitted to cached training OOF,raw_fixed,4,0.5,fixed 0.5,10,CV17,Angina,single variable,cardiovascular,1,0.7465134459036898,0.7259686477549262,0.020544798148763643,0.8171576032225579,0.8135227844914401,0.003634818731117817,0.7296944174064324,0.723432869754712,0.006261547651720378,0.16746745459592483,0.1695591231197534,0.0020916685238285826,-0.00016457275148007978,0.04211860261158146,1.0282998421657725,0.9997793615551608,1.0595216538966823,2000
KNeighbors,individual,KNeighbors,raw,Cached fitted individual; sigmoid fitted to cached training OOF,raw_threshold,4,0.5299999999999999,own validation,10,CV17,Angina,single variable,cardiovascular,1,0.7305899970050913,0.7289758814524137,0.001614115552677653,0.8171576032225579,0.8135227844914401,0.003634818731117817,0.7296944174064324,0.723432869754712,0.006261547651720378,0.16746745459592483,0.1695591231197534,0.0020916685238285826,-0.01861371021366881,0.022128713673849054,1.0022142235343392,0.9751693346650754,1.030580393505928,2000
KNeighbors,individual,KNeighbors,sigmoid,Cached fitted individual; sigmoid fitted to cached training OOF,sigmoid,5,0.4799999999999999,own validation,10,CV17,Angina,single variable,cardiovascular,1,0.7305899970050913,0.7289758814524137,0.001614115552677653,0.8171576032225579,0.8135227844914401,0.003634818731117817,0.7296944174064324,0.723432869754712,0.006261547651720378,0.16492534254057886,0.165841935432503,0.0009165928919241395,-0.01861371021366881,0.022128713673849054,1.0022142235343392,0.9751693346650754,1.030580393505928,2000
RandomForest,individual,RandomForest,raw,Cached fitted individual; sigmoid fitted to cached training OOF,raw_fixed,6,0.5,fixed 0.5,10,CV17,Angina,single variable,cardiovascular,1,0.7497493620123952,0.7481425426527243,0.0016068193596708857,0.8513500755287009,0.8506419939577039,0.000708081570996999,0.7772464964925739,0.7744141851804639,0.0028323113121100363,0.15518350287581242,0.15483077304549833,-0.00035272983031409133,-0.009814390034256729,0.013171182918305133,1.0021477449390506,0.987004093461645,1.0175820573858638,2000
RandomForest,individual,RandomForest,raw,Cached fitted individual; sigmoid fitted to cached training OOF,raw_threshold,6,0.5399999999999999,own validation,10,CV17,Angina,single variable,cardiovascular,1,0.7534066687708716,0.753650494583137,-0.0002438258122654524,0.8513500755287009,0.8506419939577039,0.000708081570996999,0.7772464964925739,0.7744141851804639,0.0028323113121100363,0.15518350287581242,0.15483077304549833,-0.00035272983031409133,-0.010076111440487034,0.0100417063444143,0.9996764736253503,0.9866035805501745,1.0134814282760072,2000
RandomForest,individual,RandomForest,sigmoid,Cached fitted individual; sigmoid fitted to cached training OOF,sigmoid,7,0.4799999999999999,own validation,10,CV17,Angina,single variable,cardiovascular,1,0.7534066687708716,0.753650494583137,-0.0002438258122654524,0.8513500755287009,0.8506419939577039,0.000708081570996999,0.7772464964925739,0.7744141851804639,0.0028323113121100363,0.15088959421792228,0.15120418548694536,0.00031459126902308454,-0.010076111440487034,0.0100417063444143,0.9996764736253503,0.9866035805501745,1.0134814282760072,2000
AdaBoost,individual,AdaBoost,raw,Cached fitted individual; sigmoid fitted to cached training OOF,raw_fixed,8,0.5,fixed 0.5,10,CV17,Angina,single variable,cardiovascular,1,0.7278999276149114,0.7278999276149114,0.0,0.850547583081571,0.850547583081571,0.0,0.783316089867566,0.783316089867566,0.0,0.19056556716525275,0.19056556716525275,0.0,0.0,0.0,1.0,1.0,1.0,2000
AdaBoost,individual,AdaBoost,raw,Cached fitted individual; sigmoid fitted to cached training OOF,raw_threshold,8,0.5299999999999999,own validation,10,CV17,Angina,single variable,cardiovascular,1,0.7667436307303692,0.7667436307303692,0.0,0.850547583081571,0.850547583081571,0.0,0.783316089867566,0.783316089867566,0.0,0.19056556716525275,0.19056556716525275,0.0,0.0,0.0,1.0,1.0,1.0,2000
AdaBoost,individual,AdaBoost,sigmoid,Cached fitted individual; sigmoid fitted to cached training OOF,sigmoid,9,0.4699999999999999,own validation,10,CV17,Angina,single variable,cardiovascular,1,0.7618621447636992,0.7618621447636992,0.0,0.850547583081571,0.850547583081571,0.0,0.783316089867566,0.783316089867566,0.0,0.14988257243690048,0.14988257243690048,0.0,0.0,0.0,1.0,1.0,1.0,2000
MLP,individual,MLP,raw,Cached fitted individual; sigmoid fitted to cached training OOF,raw_fixed,10,0.5,fixed 0.5,10,CV17,Angina,single variable,cardiovascular,1,0.7439864303359403,0.7504997728305316,-0.006513342494591345,0.8505633182275931,0.8497136203423967,0.0008496978851963988,0.7746309573457957,0.7758339643287138,-0.0012030069829180867,0.16257933993386675,0.16250676525034513,-7.257468352162011e-05,-0.02358561509861556,0.010081848544226342,0.9913213264941759,0.9690234759767069,1.0134195999401974,2000
MLP,individual,MLP,raw,Cached fitted individual; sigmoid fitted to cached training OOF,raw_threshold,10,0.63,own validation,10,CV17,Angina,single variable,cardiovascular,1,0.7579402910681863,0.7568166915052161,0.0011235995629701456,0.8505633182275931,0.8497136203423967,0.0008496978851963988,0.7746309573457957,0.7758339643287138,-0.0012030069829180867,0.16257933993386675,0.16250676525034513,-7.257468352162011e-05,-0.011465698484500136,0.013920935039737809,1.0014846389827046,0.9852097174338423,1.0181831150044647,2000
MLP,individual,MLP,sigmoid,Cached fitted individual; sigmoid fitted to cached training OOF,sigmoid,11,0.5199999999999999,own validation,10,CV17,Angina,single variable,cardiovascular,1,0.7602813339655445,0.7591775166719594,0.0011038172935851076,0.8505633182275931,0.8497136203423967,0.0008496978851963988,0.7746309573457957,0.7758339643287138,-0.0012030069829180867,0.15285191720214764,0.1524692239901816,-0.00038269321196604533,-0.009478451860905027,0.012172968771166299,1.0014539646780163,0.9874949216631557,1.016258775509333,2000
GradientBoosting,individual,GradientBoosting,raw,Cached fitted individual; sigmoid fitted to cached training OOF,raw_fixed,12,0.5,fixed 0.5,10,CV17,Angina,single variable,cardiovascular,1,0.7407624369142034,0.7407624369142034,0.0,0.8645675981873112,0.8645990684793555,-3.1470292044311066e-05,0.7999174922847669,0.8000509868587639,-0.00013349457399691733,0.15560823441899102,0.1553009878154282,-0.00030724660356282185,0.0,0.0,1.0,1.0,1.0,2000
GradientBoosting,individual,GradientBoosting,raw,Cached fitted individual; sigmoid fitted to cached training OOF,raw_threshold,12,0.5099999999999999,own validation,10,CV17,Angina,single variable,cardiovascular,1,0.7443600541434803,0.742223978027353,0.0021360761161273167,0.8645675981873112,0.8645990684793555,-3.1470292044311066e-05,0.7999174922847669,0.8000509868587639,-0.00013349457399691733,0.15560823441899102,0.1553009878154282,-0.00030724660356282185,0.0,0.0066798981312559645,1.0028779400549743,1.0,1.0092846522254508,2000
GradientBoosting,individual,GradientBoosting,sigmoid,Cached fitted individual; sigmoid fitted to cached training OOF,sigmoid,13,0.38999999999999996,own validation,10,CV17,Angina,single variable,cardiovascular,1,0.7425610503019167,0.7404271318995338,0.0021339184023828617,0.8645675981873112,0.8645990684793555,-3.1470292044311066e-05,0.7999174922847669,0.8000509868587639,-0.00013349457399691733,0.14465563933665498,0.14453534022186812,-0.00012029911478686484,0.0,0.0066798981312559645,1.0028820100053712,1.0,1.0093117647415932,2000
XGBoost,individual,XGBoost,raw,Cached fitted individual; sigmoid fitted to cached training OOF,raw_fixed,14,0.5,fixed 0.5,10,CV17,Angina,single variable,cardiovascular,1,0.7547437407784424,0.7511543014620518,0.0035894393163906635,0.85024861530715,0.8507364048338368,-0.0004877895266868215,0.783435842859641,0.7847370834290572,-0.0013012405694162732,0.1583200271760983,0.15840759121300615,8.756403690785008e-05,-0.0018285023429654545,0.010881290300704432,1.0047785645497924,0.9975398035256912,1.0148426530487582,2000
XGBoost,individual,XGBoost,raw,Cached fitted individual; sigmoid fitted to cached training OOF,raw_threshold,14,0.5299999999999999,own validation,10,CV17,Angina,single variable,cardiovascular,1,0.7656592812335836,0.7647160604907084,0.0009432207428752282,0.85024861530715,0.8507364048338368,-0.0004877895266868215,0.783435842859641,0.7847370834290572,-0.0013012405694162732,0.1583200271760983,0.15840759121300615,8.756403690785008e-05,-0.009174534269580873,0.01077636012603099,1.0012334260931697,0.9880508099944578,1.014266924337318,2000
XGBoost,individual,XGBoost,sigmoid,Cached fitted individual; sigmoid fitted to cached training OOF,sigmoid,15,0.4599999999999999,own validation,10,CV17,Angina,single variable,cardiovascular,1,0.7602627068045684,0.7647160604907084,-0.004453353686139971,0.85024861530715,0.8507364048338368,-0.0004877895266868215,0.783435842859641,0.7847370834290572,-0.0013012405694162732,0.15047228134058788,0.15031627380464338,-0.0001560075359444968,-0.013213507407422545,0.002437411463418131,0.994176461151761,0.9826696793917087,1.003240544998367,2000
diverse,voting,"LogisticRegression,XGBoost,MLP",raw,models/predictive_sensitivity/h10_CV17_diverse.joblib,raw_fixed,16,0.5,fixed 0.5,10,CV17,Angina,single variable,cardiovascular,1,0.7519248355968413,0.7504997728305316,0.0014250627663097148,0.851460221550856,0.8518536002014099,-0.0003933786505538883,0.7808383535993896,0.7811880104172836,-0.00034965681789400627,0.16285424871514578,0.16294533645489206,9.10877397462817e-05,-0.009656594844573787,0.01258489035155876,1.001898818384628,0.98704468604492,1.016787197380763,2000
diverse,voting,"LogisticRegression,XGBoost,MLP",raw,models/predictive_sensitivity/h10_CV17_diverse.joblib,raw_threshold,16,0.41999999999999993,saved voting threshold (also applied to raw),10,CV17,Angina,single variable,cardiovascular,1,0.7297436957420422,0.7297436957420422,0.0,0.851460221550856,0.8518536002014099,-0.0003933786505538883,0.7808383535993896,0.7811880104172836,-0.00034965681789400627,0.16285424871514578,0.16294533645489206,9.10877397462817e-05,-0.013204316763685567,0.013444344874460416,1.0,0.9820838122768261,1.018325535210506,2000
diverse,voting,"LogisticRegression,XGBoost,MLP",sigmoid,models/predictive_sensitivity/h10_CV17_diverse.joblib,sigmoid,17,0.41999999999999993,saved voting threshold (also applied to raw),10,CV17,Angina,single variable,cardiovascular,1,0.7637361795963371,0.7655382493246738,-0.0018020697283367415,0.851460221550856,0.8518536002014099,-0.0003933786505538883,0.7808383535993896,0.7811880104172836,-0.00034965681789400627,0.15192518816747258,0.15143741888839823,-0.000487769279074346,-0.012253549875008278,0.008217239778800635,0.9976460095495863,0.9838956204245332,1.0108046301320681,2000
paper,voting,"LogisticRegression,RandomForest,AdaBoost",raw,models/final_h10_CV17_paper.joblib,raw_fixed,18,0.5,fixed 0.5,10,CV17,Angina,single variable,cardiovascular,1,0.7519248355968413,0.7576938267104144,-0.0057689911135730965,0.854607250755287,0.854308282980866,0.0002989677744209551,0.7846424063474804,0.7839475193684166,0.0006948869790638357,0.16999859899443961,0.16977353687159125,-0.00022506212284836846,-0.0154556977251709,0.0025746477181611827,0.992386118363113,0.9796518457538279,1.0033841668701116,2000
paper,voting,"LogisticRegression,RandomForest,AdaBoost",raw,models/final_h10_CV17_paper.joblib,raw_threshold,18,0.37999999999999995,saved voting threshold (also applied to raw),10,CV17,Angina,single variable,cardiovascular,1,0.6995935360896781,0.6996506757868939,-5.713969721576895e-05,0.854607250755287,0.854308282980866,0.0002989677744209551,0.7846424063474804,0.7839475193684166,0.0006948869790638357,0.16999859899443961,0.16977353687159125,-0.00022506212284836846,-0.007671855840546249,0.0075292975608120425,0.9999183311055171,0.988895918676866,1.0108020685643662,2000
paper,voting,"LogisticRegression,RandomForest,AdaBoost",sigmoid,models/final_h10_CV17_paper.joblib,sigmoid,19,0.37999999999999995,saved voting threshold (also applied to raw),10,CV17,Angina,single variable,cardiovascular,1,0.7533623828117632,0.7526606712496169,0.0007017115621462677,0.854607250755287,0.854308282980866,0.0002989677744209551,0.7846424063474804,0.7839475193684166,0.0006948869790638357,0.1495675138032824,0.14968479383392028,0.00011728003063787851,-0.00875551587493372,0.010420723944351281,1.000932307996087,0.9885078115936625,1.0137788295172048,2000
own,stacking,"KNeighbors,AdaBoost,MLP,GradientBoosting",raw,models/stacking_sensitivity/h10_CV17_own.joblib,raw_fixed,20,0.5,fixed 0.5,10,CV17,Angina,single variable,cardiovascular,1,0.7759907263689412,0.7700737949442613,0.005916931424679861,0.8577070745216515,0.8562594410876133,0.001447633434038198,0.7904569354382537,0.7893901639436133,0.001066771494640406,0.14760090704816692,0.1479466606845837,0.0003457536364167846,-0.006462187850952919,0.01847644438047482,1.0076835901487962,0.9915034635353821,1.02422689299265,2000
own,stacking,"KNeighbors,AdaBoost,MLP,GradientBoosting",raw,models/stacking_sensitivity/h10_CV17_own.joblib,raw_threshold,20,0.49999999999999994,saved stacking threshold,10,CV17,Angina,single variable,cardiovascular,1,0.7759907263689412,0.7700737949442613,0.005916931424679861,0.8577070745216515,0.8562594410876133,0.001447633434038198,0.7904569354382537,0.7893901639436133,0.001066771494640406,0.14760090704816692,0.1479466606845837,0.0003457536364167846,-0.006462187850952919,0.01847644438047482,1.0076835901487962,0.9915034635353821,1.02422689299265,2000
own,stacking,"KNeighbors,AdaBoost,MLP,GradientBoosting",sigmoid,models/stacking_sensitivity/h10_CV17_own.joblib,sigmoid,21,0.5199999999999999,saved stacking threshold,10,CV17,Angina,single variable,cardiovascular,1,0.7759907263689412,0.7700737949442613,0.005916931424679861,0.8577070745216515,0.8562594410876133,0.001447633434038198,0.7904569354382537,0.7893901639436133,0.001066771494640406,0.14958529410436117,0.14998079037069426,0.00039549626633308965,-0.006462187850952919,0.01847644438047482,1.0076835901487962,0.9915034635353821,1.02422689299265,2000
own,stacking,"KNeighbors,AdaBoost,MLP,GradientBoosting",isotonic,models/stacking_sensitivity/h10_CV17_own.joblib,isotonic,22,0.38999999999999996,saved stacking threshold,10,CV17,Angina,single variable,cardiovascular,1,0.7741796200345423,0.7700737949442613,0.004105825090281012,0.8558896651560927,0.8518929380664653,0.003996727089627394,0.7534450788009935,0.7546127383834342,-0.0011676595824406943,0.149993585678844,0.1527616238381091,0.0027680381592651015,-0.00779409844029737,0.016148488150350422,1.0053317293968926,0.9899089804489407,1.021180190353139,2000
paper,stacking,"LogisticRegression,RandomForest,AdaBoost",raw,models/stacking_sensitivity/h10_CV17_paper.joblib,raw_fixed,23,0.5,fixed 0.5,10,CV17,Angina,single variable,cardiovascular,1,0.7651549169286036,0.7723706343884909,-0.00721571745988725,0.8525931520644512,0.8522469788519638,0.0003461732124874217,0.7815738730148766,0.7811902608837258,0.00038361213115079007,0.15167901735688322,0.15160570763684703,-7.330972003619096e-05,-0.01712932447100742,0.0013483455160113748,0.9906577009292953,0.9777331308373475,1.0018183702781092,2000
paper,stacking,"LogisticRegression,RandomForest,AdaBoost",raw,models/stacking_sensitivity/h10_CV17_paper.joblib,raw_threshold,23,0.36999999999999994,saved stacking threshold,10,CV17,Angina,single variable,cardiovascular,1,0.7487032419896108,0.7584204149628957,-0.009717172973284893,0.8525931520644512,0.8522469788519638,0.0003461732124874217,0.7815738730148766,0.7811902608837258,0.00038361213115079007,0.15167901735688322,0.15160570763684703,-7.330972003619096e-05,-0.02172370936492197,0.0014773306455961414,0.9871876168130834,0.9715810209326357,1.001922963726063,2000
paper,stacking,"LogisticRegression,RandomForest,AdaBoost",sigmoid,models/stacking_sensitivity/h10_CV17_paper.joblib,sigmoid,24,0.36999999999999994,saved stacking threshold,10,CV17,Angina,single variable,cardiovascular,1,0.7504997728305316,0.7602235483565407,-0.009723775526009115,0.8525931520644512,0.8522469788519638,0.0003461732124874217,0.7815738730148766,0.7811902608837258,0.00038361213115079007,0.1504017806918913,0.15037560591625845,-2.617477563285342e-05,-0.021787226889012756,0.0018028719251056422,0.9872093208017167,0.9714355526509472,1.0023642746727317,2000
paper,stacking,"LogisticRegression,RandomForest,AdaBoost",isotonic,models/stacking_sensitivity/h10_CV17_paper.joblib,isotonic,25,0.5099999999999999,saved stacking threshold,10,CV17,Angina,single variable,cardiovascular,1,0.7679066363551431,0.7715159458278724,-0.003609309472729305,0.8518850704934542,0.8519244083585096,-3.933786505538883e-05,0.7644245964899069,0.7639488121306067,0.0004757843593001798,0.15143233036566903,0.1505814465356729,-0.0008508838299961241,-0.0151010767063031,0.007393989686258097,0.9953217953663208,0.9806379421002547,1.0096184669335964,2000
LogisticRegression,individual,LogisticRegression,raw,Cached fitted individual; sigmoid fitted to cached training OOF,raw_fixed,0,0.5,fixed 0.5,10,CV17,Previous_CABG,single variable,cardiovascular,1,0.7415237771867278,0.7440212644197464,-0.0024974872330185693,0.8471330563947633,0.844662638469285,0.0024704179254783076,0.7757131798023779,0.7703664447997681,0.005346735002609737,0.18103363507285933,0.1823611067717876,0.001327471698928273,-0.01488470644153274,0.010080588569872385,0.9966432582609499,0.980315861874983,1.0137171818400812,2000
LogisticRegression,individual,LogisticRegression,raw,Cached fitted individual; sigmoid fitted to cached training OOF,raw_threshold,0,0.5299999999999999,own validation,10,CV17,Previous_CABG,single variable,cardiovascular,1,0.7638589274068128,0.7548624265454982,0.008996500861314649,0.8471330563947633,0.844662638469285,0.0024704179254783076,0.7757131798023779,0.7703664447997681,0.005346735002609737,0.18103363507285933,0.1823611067717876,0.001327471698928273,-0.0038135792309468533,0.022736178392049597,1.0119180668489298,0.9949531444163549,1.0304153373817513,2000
LogisticRegression,individual,LogisticRegression,sigmoid,Cached fitted individual; sigmoid fitted to cached training OOF,sigmoid,1,0.4599999999999999,own validation,10,CV17,Previous_CABG,single variable,cardiovascular,1,0.7652167182662539,0.7584464376506387,0.006770280615615243,0.8471330563947633,0.844662638469285,0.0024704179254783076,0.7757131798023779,0.7703664447997681,0.005346735002609737,0.15425405915056228,0.15559003996403123,0.0013359808134689455,-0.005479713307291767,0.02014046248886793,1.0089265111938384,0.9929091611441544,1.0267339192627345,2000
SVC,individual,SVC,raw,Cached fitted individual; sigmoid fitted to cached training OOF,raw_fixed,2,0.5,fixed 0.5,10,CV17,Previous_CABG,single variable,cardiovascular,1,0.7626151994158625,0.7543583367868489,0.008256862629013595,0.8393126888217523,0.8365354355488419,0.0027772532729103405,0.7721765117413423,0.7643953337454438,0.007781177995898503,0.15858315788350594,0.1597426952282832,0.0011595373447772506,-0.010958476331287997,0.028336175654003645,1.010945544347244,0.9856509362313852,1.03814730082147,2000
SVC,individual,SVC,raw,Cached fitted individual; sigmoid fitted to cached training OOF,raw_threshold,2,0.5299999999999999,own validation,10,CV17,Previous_CABG,single variable,cardiovascular,1,0.7496889059060017,0.7520331083252974,-0.002344202419295671,0.8393126888217523,0.8365354355488419,0.0027772532729103405,0.7721765117413423,0.7643953337454438,0.007781177995898503,0.15858315788350594,0.1597426952282832,0.0011595373447772506,-0.019781870964102676,0.015564905157954579,0.9968828467878017,0.9741225074681792,1.0209379538623682,2000
SVC,individual,SVC,sigmoid,Cached fitted individual; sigmoid fitted to cached training OOF,sigmoid,3,0.5099999999999999,own validation,10,CV17,Previous_CABG,single variable,cardiovascular,1,0.7472975940900469,0.7514018239824691,-0.0041042298924222065,0.8393126888217523,0.8365354355488419,0.0027772532729103405,0.7721765117413423,0.7643953337454438,0.007781177995898503,0.15664990147668506,0.1580001470531986,0.0013502455765135313,-0.021323731209617426,0.012916092185066813,0.9945379026754692,0.9716282977906918,1.0176938652611518,2000
KNeighbors,individual,KNeighbors,raw,Cached fitted individual; sigmoid fitted to cached training OOF,raw_fixed,4,0.5,fixed 0.5,10,CV17,Previous_CABG,single variable,cardiovascular,1,0.7465134459036898,0.7348881073540681,0.011625338549621778,0.8171576032225579,0.8158830563947633,0.0012745468277945982,0.7296944174064324,0.7296407960473464,5.362135908593135e-05,0.16746745459592483,0.1675430635978086,7.560900188377517e-05,-0.004820138034166979,0.028313257882203676,1.0158191953758489,0.9936250147343606,1.039598126954512,2000
KNeighbors,individual,KNeighbors,raw,Cached fitted individual; sigmoid fitted to cached training OOF,raw_threshold,4,0.5299999999999999,own validation,10,CV17,Previous_CABG,single variable,cardiovascular,1,0.7305899970050913,0.7327821696538128,-0.002192172648721513,0.8171576032225579,0.8158830563947633,0.0012745468277945982,0.7296944174064324,0.7296407960473464,5.362135908593135e-05,0.16746745459592483,0.1675430635978086,7.560900188377517e-05,-0.015751855810457807,0.012081089573916372,0.9970084252326211,0.9783079639407692,1.0164349054067046,2000
KNeighbors,individual,KNeighbors,sigmoid,Cached fitted individual; sigmoid fitted to cached training OOF,sigmoid,5,0.4799999999999999,own validation,10,CV17,Previous_CABG,single variable,cardiovascular,1,0.7305899970050913,0.734547710354162,-0.003957713349070691,0.8171576032225579,0.8158830563947633,0.0012745468277945982,0.7296944174064324,0.7296407960473464,5.362135908593135e-05,0.16492534254057886,0.1656804033347096,0.0007550607941307352,-0.017364710576179145,0.010084778126224518,0.9946120404525358,0.9760938139388092,1.0139087312406938,2000
RandomForest,individual,RandomForest,raw,Cached fitted individual; sigmoid fitted to cached training OOF,raw_fixed,6,0.5,fixed 0.5,10,CV17,Previous_CABG,single variable,cardiovascular,1,0.7497493620123952,0.7471727702854446,0.0025765917269505723,0.8513500755287009,0.8506262588116817,0.0007238167170191545,0.7772464964925739,0.7764232760435695,0.0008232204490044026,0.15518350287581242,0.15512117175052093,-6.23311252914982e-05,-0.003609721084866499,0.009221478605207141,1.0034484550687872,0.99518268193827,1.0126024843863182,2000
RandomForest,individual,RandomForest,raw,Cached fitted individual; sigmoid fitted to cached training OOF,raw_threshold,6,0.5399999999999999,own validation,10,CV17,Previous_CABG,single variable,cardiovascular,1,0.7534066687708716,0.7500783379813869,0.0033283307894846903,0.8513500755287009,0.8506262588116817,0.0007238167170191545,0.7772464964925739,0.7764232760435695,0.0008232204490044026,0.15518350287581242,0.15512117175052093,-6.23311252914982e-05,-0.005376535889957535,0.013265143079307032,1.0044373109060074,0.9929185528426576,1.0178349042608843,2000
RandomForest,individual,RandomForest,sigmoid,Cached fitted individual; sigmoid fitted to cached training OOF,sigmoid,7,0.4799999999999999,own validation,10,CV17,Previous_CABG,single variable,cardiovascular,1,0.7534066687708716,0.7500783379813869,0.0033283307894846903,0.8513500755287009,0.8506262588116817,0.0007238167170191545,0.7772464964925739,0.7764232760435695,0.0008232204490044026,0.15088959421792228,0.1511473450112497,0.00025775079332743256,-0.005376535889957535,0.013265143079307032,1.0044373109060074,0.9929185528426576,1.0178349042608843,2000
AdaBoost,individual,AdaBoost,raw,Cached fitted individual; sigmoid fitted to cached training OOF,raw_fixed,8,0.5,fixed 0.5,10,CV17,Previous_CABG,single variable,cardiovascular,1,0.7278999276149114,0.7257389696866806,0.002160957928230789,0.850547583081571,0.850453172205438,9.44108761329332e-05,0.783316089867566,0.7830104163825612,0.0003056734850047649,0.19056556716525275,0.19062240355121182,5.683638595907481e-05,0.0,0.0067108338192904855,1.0029775966545709,1.0,1.0094114837233343,2000
AdaBoost,individual,AdaBoost,raw,Cached fitted individual; sigmoid fitted to cached training OOF,raw_threshold,8,0.5299999999999999,own validation,10,CV17,Previous_CABG,single variable,cardiovascular,1,0.7667436307303692,0.7644144144144144,0.0023292163159548407,0.850547583081571,0.850453172205438,9.44108761329332e-05,0.783316089867566,0.7830104163825612,0.0003056734850047649,0.19056556716525275,0.19062240355121182,5.683638595907481e-05,0.0,0.007269698281014694,1.0030470596472716,1.0,1.0096790393488115,2000
AdaBoost,individual,AdaBoost,sigmoid,Cached fitted individual; sigmoid fitted to cached training OOF,sigmoid,9,0.4699999999999999,own validation,10,CV17,Previous_CABG,single variable,cardiovascular,1,0.7618621447636992,0.7613450402819738,0.0005171044817253723,0.850547583081571,0.850453172205438,9.44108761329332e-05,0.783316089867566,0.7830104163825612,0.0003056734850047649,0.14988257243690048,0.15010256882059747,0.00021999638369699093,-0.005356853035564135,0.0069261527390688075,1.0006791985950731,0.9930164979976187,1.0089987141251284,2000
MLP,individual,MLP,raw,Cached fitted individual; sigmoid fitted to cached training OOF,raw_fixed,10,0.5,fixed 0.5,10,CV17,Previous_CABG,single variable,cardiovascular,1,0.7439864303359403,0.7487032419896108,-0.0047168116536705496,0.8505633182275931,0.8497608257804632,0.0008024924471299322,0.7746309573457957,0.7728989903201473,0.0017319670256483732,0.16257933993386675,0.16432001379257555,0.0017406738587087967,-0.021033298297864437,0.011290867172015311,0.993700025071167,0.9717930080034426,1.0151025546728871,2000
MLP,individual,MLP,raw,Cached fitted individual; sigmoid fitted to cached training OOF,raw_threshold,10,0.63,own validation,10,CV17,Previous_CABG,single variable,cardiovascular,1,0.7579402910681863,0.7626151994158625,-0.004674908347676254,0.8505633182275931,0.8497608257804632,0.0008024924471299322,0.7746309573457957,0.7728989903201473,0.0017319670256483732,0.16257933993386675,0.16432001379257555,0.0017406738587087967,-0.014839316700571235,0.0036568272024059367,0.9938698988018373,0.9805432939747525,1.0048169860492506,2000
MLP,individual,MLP,sigmoid,Cached fitted individual; sigmoid fitted to cached training OOF,sigmoid,11,0.5199999999999999,own validation,10,CV17,Previous_CABG,single variable,cardiovascular,1,0.7602813339655445,0.7626151994158625,-0.0023338654503179956,0.8505633182275931,0.8497608257804632,0.0008024924471299322,0.7746309573457957,0.7728989903201473,0.0017319670256483732,0.15285191720214764,0.15364680901756936,0.0007948918154217222,-0.013144278013065253,0.008104719070463482,0.9969396552126083,0.9827679977019191,1.0106528262643444,2000
GradientBoosting,individual,GradientBoosting,raw,Cached fitted individual; sigmoid fitted to cached training OOF,raw_fixed,12,0.5,fixed 0.5,10,CV17,Previous_CABG,single variable,cardiovascular,1,0.7407624369142034,0.7407624369142034,0.0,0.8645675981873112,0.8645518630412891,1.5735146022155533e-05,0.7999174922847669,0.799895438823249,2.205346151795684e-05,0.15560823441899102,0.15559133818640108,-1.6896232589935778e-05,0.0,0.0,1.0,1.0,1.0,2000
GradientBoosting,individual,GradientBoosting,raw,Cached fitted individual; sigmoid fitted to cached training OOF,raw_threshold,12,0.5099999999999999,own validation,10,CV17,Previous_CABG,single variable,cardiovascular,1,0.7443600541434803,0.7461594898131949,-0.001799435669714633,0.8645675981873112,0.8645518630412891,1.5735146022155533e-05,0.7999174922847669,0.799895438823249,2.205346151795684e-05,0.15560823441899102,0.15559133818640108,-1.6896232589935778e-05,-0.005504675361091502,0.0,0.9975884034254323,0.9925154560993044,1.0,2000
GradientBoosting,individual,GradientBoosting,sigmoid,Cached fitted individual; sigmoid fitted to cached training OOF,sigmoid,13,0.38999999999999996,own validation,10,CV17,Previous_CABG,single variable,cardiovascular,1,0.7425610503019167,0.7425610503019167,0.0,0.8645675981873112,0.8645518630412891,1.5735146022155533e-05,0.7999174922847669,0.799895438823249,2.205346151795684e-05,0.14465563933665498,0.1446663341414617,1.0694804806726799e-05,0.0,0.0,1.0,1.0,1.0,2000
XGBoost,individual,XGBoost,raw,Cached fitted individual; sigmoid fitted to cached training OOF,raw_fixed,14,0.5,fixed 0.5,10,CV17,Previous_CABG,single variable,cardiovascular,1,0.7547437407784424,0.7499321039364416,0.00481163684200081,0.85024861530715,0.8480929003021148,0.002155715005035197,0.783435842859641,0.7796748306917468,0.003761012167894151,0.1583200271760983,0.159642293251378,0.0013222660752796878,-0.005821496795197311,0.01698329461019002,1.0064160966262736,0.9921700000028206,1.0233262608022715,2000
XGBoost,individual,XGBoost,raw,Cached fitted individual; sigmoid fitted to cached training OOF,raw_threshold,14,0.5299999999999999,own validation,10,CV17,Previous_CABG,single variable,cardiovascular,1,0.7656592812335836,0.7525978658725727,0.013061415361010908,0.85024861530715,0.8480929003021148,0.002155715005035197,0.783435842859641,0.7796748306917468,0.003761012167894151,0.1583200271760983,0.159642293251378,0.0013222660752796878,-0.002499642474875574,0.03050668364737525,1.0173551054996248,0.9967411598857867,1.0402676964752304,2000
XGBoost,individual,XGBoost,sigmoid,Cached fitted individual; sigmoid fitted to cached training OOF,sigmoid,15,0.4599999999999999,own validation,10,CV17,Previous_CABG,single variable,cardiovascular,1,0.7602627068045684,0.7525978658725727,0.007664840931995709,0.85024861530715,0.8480929003021148,0.002155715005035197,0.783435842859641,0.7796748306917468,0.003761012167894151,0.15047228134058788,0.15189768193427117,0.0014254005936832903,-0.007634919171430332,0.024337766589230272,1.0101845105860205,0.9900746194043941,1.0328719188175643,2000
diverse,voting,"LogisticRegression,XGBoost,MLP",raw,models/predictive_sensitivity/h10_CV17_diverse.joblib,raw_fixed,16,0.5,fixed 0.5,10,CV17,Previous_CABG,single variable,cardiovascular,1,0.7519248355968413,0.7501289207061821,0.0017959148906592226,0.851460221550856,0.850044058408862,0.001416163141993998,0.7808383535993896,0.7772695851763899,0.0035687684229996908,0.16285424871514578,0.16423442288474227,0.0013801741695964875,-0.009099343809133636,0.012891722913865806,1.0023941416483029,0.9880262614270532,1.017172994559798,2000
diverse,voting,"LogisticRegression,XGBoost,MLP",raw,models/predictive_sensitivity/h10_CV17_diverse.joblib,raw_threshold,16,0.41999999999999993,saved voting threshold (also applied to raw),10,CV17,Previous_CABG,single variable,cardiovascular,1,0.7297436957420422,0.7299430527278629,-0.00019935698582063122,0.851460221550856,0.850044058408862,0.001416163141993998,0.7808383535993896,0.7772695851763899,0.0035687684229996908,0.16285424871514578,0.16423442288474227,0.0013801741695964875,-0.007955289048927552,0.007298164623882452,0.999726886933062,0.9891728386567513,1.0100489994779376,2000
diverse,voting,"LogisticRegression,XGBoost,MLP",sigmoid,models/predictive_sensitivity/h10_CV17_diverse.joblib,sigmoid,17,0.41999999999999993,saved voting threshold (also applied to raw),10,CV17,Previous_CABG,single variable,cardiovascular,1,0.7637361795963371,0.7619353629474924,0.001800816648844683,0.851460221550856,0.850044058408862,0.001416163141993998,0.7808383535993896,0.7772695851763899,0.0035687684229996908,0.15192518816747258,0.15308434319187592,0.0011591550244033355,-0.0080094618123065,0.011556278053107948,1.002363476925232,0.9896301149747262,1.0151225966809598,2000
paper,voting,"LogisticRegression,RandomForest,AdaBoost",raw,models/final_h10_CV17_paper.joblib,raw_fixed,18,0.5,fixed 0.5,10,CV17,Previous_CABG,single variable,cardiovascular,1,0.7519248355968413,0.7537215943614048,-0.001796758764563533,0.854607250755287,0.8529865307150051,0.0016207200402819089,0.7846424063474804,0.7816912034284359,0.0029512029190444933,0.16999859899443961,0.170374967773055,0.0003763687786153824,-0.010307962331461747,0.006388910000152791,0.9976161506078569,0.9862981198571149,1.0086278645770552,2000
paper,voting,"LogisticRegression,RandomForest,AdaBoost",raw,models/final_h10_CV17_paper.joblib,raw_threshold,18,0.37999999999999995,saved voting threshold (also applied to raw),10,CV17,Previous_CABG,single variable,cardiovascular,1,0.6995935360896781,0.6977099795141937,0.0018835565754844463,0.854607250755287,0.8529865307150051,0.0016207200402819089,0.7846424063474804,0.7816912034284359,0.0029512029190444933,0.16999859899443961,0.170374967773055,0.0003763687786153824,-0.00580337686406669,0.009855798664996746,1.0026996268231623,0.991657949280847,1.014444031196328,2000
paper,voting,"LogisticRegression,RandomForest,AdaBoost",sigmoid,models/final_h10_CV17_paper.joblib,sigmoid,19,0.37999999999999995,saved voting threshold (also applied to raw),10,CV17,Previous_CABG,single variable,cardiovascular,1,0.7533623828117632,0.7569675057519466,-0.0036051229401834473,0.854607250755287,0.8529865307150051,0.0016207200402819089,0.7846424063474804,0.7816912034284359,0.0029512029190444933,0.1495675138032824,0.1502073500498209,0.0006398362465384888,-0.009071420985223764,0.0,0.9952374138747181,0.9880020692272891,1.0,2000
own,stacking,"KNeighbors,AdaBoost,MLP,GradientBoosting",raw,models/stacking_sensitivity/h10_CV17_own.joblib,raw_fixed,20,0.5,fixed 0.5,10,CV17,Previous_CABG,single variable,cardiovascular,1,0.7759907263689412,0.7631424532054236,0.012848273163517554,0.8577070745216515,0.8564797331319235,0.0012273413897280205,0.7904569354382537,0.7878879534292094,0.0025689820090443183,0.14760090704816692,0.14824551679211356,0.0006446097439466447,0.0022865975850524106,0.024789351772709262,1.016836008938503,1.0029712425812896,1.0327827323571244,2000
own,stacking,"KNeighbors,AdaBoost,MLP,GradientBoosting",raw,models/stacking_sensitivity/h10_CV17_own.joblib,raw_threshold,20,0.49999999999999994,saved stacking threshold,10,CV17,Previous_CABG,single variable,cardiovascular,1,0.7759907263689412,0.7631424532054236,0.012848273163517554,0.8577070745216515,0.8564797331319235,0.0012273413897280205,0.7904569354382537,0.7878879534292094,0.0025689820090443183,0.14760090704816692,0.14824551679211356,0.0006446097439466447,0.0022865975850524106,0.024789351772709262,1.016836008938503,1.0029712425812896,1.0327827323571244,2000
own,stacking,"KNeighbors,AdaBoost,MLP,GradientBoosting",sigmoid,models/stacking_sensitivity/h10_CV17_own.joblib,sigmoid,21,0.5199999999999999,saved stacking threshold,10,CV17,Previous_CABG,single variable,cardiovascular,1,0.7759907263689412,0.7631424532054236,0.012848273163517554,0.8577070745216515,0.8564797331319235,0.0012273413897280205,0.7904569354382537,0.7878879534292094,0.0025689820090443183,0.14958529410436117,0.1503646175646245,0.0007793234602633259,0.0022865975850524106,0.024789351772709262,1.016836008938503,1.0029712425812896,1.0327827323571244,2000
own,stacking,"KNeighbors,AdaBoost,MLP,GradientBoosting",isotonic,models/stacking_sensitivity/h10_CV17_own.joblib,isotonic,22,0.38999999999999996,saved stacking threshold,10,CV17,Previous_CABG,single variable,cardiovascular,1,0.7741796200345423,0.7631424532054236,0.011037166829118705,0.8558896651560927,0.8538755664652568,0.002014098690835908,0.7534450788009935,0.7522394144795214,0.0012056643214721774,0.149993585678844,0.15285615111594655,0.00286256543710256,0.0008312825814982717,0.022484843023096515,1.014462787101883,1.001063898354836,1.0299753752330563,2000
paper,stacking,"LogisticRegression,RandomForest,AdaBoost",raw,models/stacking_sensitivity/h10_CV17_paper.joblib,raw_fixed,23,0.5,fixed 0.5,10,CV17,Previous_CABG,single variable,cardiovascular,1,0.7651549169286036,0.7582724908344561,0.006882426094147465,0.8525931520644512,0.8510825780463243,0.0015105740181269312,0.7815738730148766,0.7780451438552141,0.0035287291596625137,0.15167901735688322,0.15256103858559378,0.0008820212287105611,-0.00543606369886458,0.020423967119162716,1.0090764549384794,0.992926703871995,1.0274145478748478,2000
paper,stacking,"LogisticRegression,RandomForest,AdaBoost",raw,models/stacking_sensitivity/h10_CV17_paper.joblib,raw_threshold,23,0.36999999999999994,saved stacking threshold,10,CV17,Previous_CABG,single variable,cardiovascular,1,0.7487032419896108,0.7620275435296973,-0.013324301540086458,0.8525931520644512,0.8510825780463243,0.0015105740181269312,0.7815738730148766,0.7780451438552141,0.0035287291596625137,0.15167901735688322,0.15256103858559378,0.0008820212287105611,-0.02389053166140167,-0.004100487112335551,0.9825146720046778,0.9688206579502047,0.9945632700221797,2000
paper,stacking,"LogisticRegression,RandomForest,AdaBoost",sigmoid,models/stacking_sensitivity/h10_CV17_paper.joblib,sigmoid,24,0.36999999999999994,saved stacking threshold,10,CV17,Previous_CABG,single variable,cardiovascular,1,0.7504997728305316,0.7620275435296973,-0.011527770699165663,0.8525931520644512,0.8510825780463243,0.0015105740181269312,0.7815738730148766,0.7780451438552141,0.0035287291596625137,0.1504017806918913,0.15129374786709873,0.0008919671752074254,-0.023077130995181296,-0.001787208430238882,0.9848722388094147,0.969853576963316,0.9976293599957284,2000
paper,stacking,"LogisticRegression,RandomForest,AdaBoost",isotonic,models/stacking_sensitivity/h10_CV17_paper.joblib,isotonic,25,0.5099999999999999,saved stacking threshold,10,CV17,Previous_CABG,single variable,cardiovascular,1,0.7679066363551431,0.7551956562441491,0.01271098011099403,0.8518850704934542,0.850453172205438,0.0014318982880161535,0.7644245964899069,0.7608583318495917,0.0035662646403151754,0.15143233036566903,0.15275853689130445,0.0013262065256354205,0.00240186559713266,0.02466499419103137,1.0168313734406393,1.0031803502591516,1.0328711492060574,2000
LogisticRegression,individual,LogisticRegression,raw,Cached fitted individual; sigmoid fitted to cached training OOF,raw_fixed,0,0.5,fixed 0.5,10,CV17,Previous_PCI,single variable,cardiovascular,1,0.7415237771867278,0.7415237771867278,0.0,0.8471330563947633,0.8472746727089627,-0.0001416163141993998,0.7757131798023779,0.7758080921694375,-9.491236705960748e-05,0.18103363507285933,0.18094030771956066,-9.332735329867226e-05,0.0,0.0,1.0,1.0,1.0,2000
LogisticRegression,individual,LogisticRegression,raw,Cached fitted individual; sigmoid fitted to cached training OOF,raw_threshold,0,0.5299999999999999,own validation,10,CV17,Previous_PCI,single variable,cardiovascular,1,0.7638589274068128,0.7598223278753053,0.004036599531507479,0.8471330563947633,0.8472746727089627,-0.0001416163141993998,0.7757131798023779,0.7758080921694375,-9.491236705960748e-05,0.18103363507285933,0.18094030771956066,-9.332735329867226e-05,0.0,0.010374810202604223,1.0053125571379233,1.0,1.013722035991228,2000
LogisticRegression,individual,LogisticRegression,sigmoid,Cached fitted individual; sigmoid fitted to cached training OOF,sigmoid,1,0.4599999999999999,own validation,10,CV17,Previous_PCI,single variable,cardiovascular,1,0.7652167182662539,0.7589142872637544,0.006302431002499498,0.8471330563947633,0.8472746727089627,-0.0001416163141993998,0.7757131798023779,0.7758080921694375,-9.491236705960748e-05,0.15425405915056228,0.15405992706096514,-0.00019413208959714878,0.0,0.01423002220675118,1.008304535977604,1.0,1.0187371638012133,2000
SVC,individual,SVC,raw,Cached fitted individual; sigmoid fitted to cached training OOF,raw_fixed,2,0.5,fixed 0.5,10,CV17,Previous_PCI,single variable,cardiovascular,1,0.7626151994158625,0.7626151994158625,0.0,0.8393126888217523,0.838887839879154,0.0004248489425981994,0.7721765117413423,0.7715254549760019,0.0006510567653403854,0.15858315788350594,0.15872863191884373,0.0001454740353377948,0.0,0.0,1.0,1.0,1.0,2000
SVC,individual,SVC,raw,Cached fitted individual; sigmoid fitted to cached training OOF,raw_threshold,2,0.5299999999999999,own validation,10,CV17,Previous_PCI,single variable,cardiovascular,1,0.7496889059060017,0.7496889059060017,0.0,0.8393126888217523,0.838887839879154,0.0004248489425981994,0.7721765117413423,0.7715254549760019,0.0006510567653403854,0.15858315788350594,0.15872863191884373,0.0001454740353377948,0.0,0.0,1.0,1.0,1.0,2000
SVC,individual,SVC,sigmoid,Cached fitted individual; sigmoid fitted to cached training OOF,sigmoid,3,0.5099999999999999,own validation,10,CV17,Previous_PCI,single variable,cardiovascular,1,0.7472975940900469,0.7472975940900469,0.0,0.8393126888217523,0.838887839879154,0.0004248489425981994,0.7721765117413423,0.7715254549760019,0.0006510567653403854,0.15664990147668506,0.15682987073885576,0.00017996926217070386,0.0,0.0,1.0,1.0,1.0,2000
KNeighbors,individual,KNeighbors,raw,Cached fitted individual; sigmoid fitted to cached training OOF,raw_fixed,4,0.5,fixed 0.5,10,CV17,Previous_PCI,single variable,cardiovascular,1,0.7465134459036898,0.7394039425741958,0.007109503329494005,0.8171576032225579,0.8196752265861027,-0.0025176233635447742,0.7296944174064324,0.7293618403131003,0.0003325770933321204,0.16746745459592483,0.16711986652921604,-0.00034758806670878717,-0.007598776647925845,0.021813756456170123,1.0096151817973038,0.9899010993250037,1.0300413360759906,2000
KNeighbors,individual,KNeighbors,raw,Cached fitted individual; sigmoid fitted to cached training OOF,raw_threshold,4,0.5299999999999999,own validation,10,CV17,Previous_PCI,single variable,cardiovascular,1,0.7305899970050913,0.7425690695458875,-0.01197907254079622,0.8171576032225579,0.8196752265861027,-0.0025176233635447742,0.7296944174064324,0.7293618403131003,0.0003325770933321204,0.16746745459592483,0.16711986652921604,-0.00034758806670878717,-0.027198798844180257,0.002855878985869848,0.9838680696084986,0.9636775898816934,1.0039040896015816,2000
KNeighbors,individual,KNeighbors,sigmoid,Cached fitted individual; sigmoid fitted to cached training OOF,sigmoid,5,0.4799999999999999,own validation,10,CV17,Previous_PCI,single variable,cardiovascular,1,0.7305899970050913,0.7419626941685765,-0.011372697163485213,0.8171576032225579,0.8196752265861027,-0.0025176233635447742,0.7296944174064324,0.7293618403131003,0.0003325770933321204,0.16492534254057886,0.16379300524786616,-0.0011323372927126985,-0.025449045714892416,0.002554711499961306,0.9846721442292605,0.9654434636381136,1.0035218314021541,2000
RandomForest,individual,RandomForest,raw,Cached fitted individual; sigmoid fitted to cached training OOF,raw_fixed,6,0.5,fixed 0.5,10,CV17,Previous_PCI,single variable,cardiovascular,1,0.7497493620123952,0.7537215943614048,-0.0039722323490096745,0.8513500755287009,0.8516333081570997,-0.0002832326283987996,0.7772464964925739,0.7779196523382796,-0.0006731558457057085,0.15518350287581242,0.15492647397246345,-0.00025702890334897144,-0.010100421267528161,0.0,0.9947298413914024,0.9866892138537062,1.0,2000
RandomForest,individual,RandomForest,raw,Cached fitted individual; sigmoid fitted to cached training OOF,raw_threshold,6,0.5399999999999999,own validation,10,CV17,Previous_PCI,single variable,cardiovascular,1,0.7534066687708716,0.7470355114522873,0.006371157318584286,0.8513500755287009,0.8516333081570997,-0.0002832326283987996,0.7772464964925739,0.7779196523382796,-0.0006731558457057085,0.15518350287581242,0.15492647397246345,-0.00025702890334897144,-0.0013753212672115904,0.015888569593144546,1.0085285869559244,0.9982006994746183,1.0214724832867736,2000
RandomForest,individual,RandomForest,sigmoid,Cached fitted individual; sigmoid fitted to cached training OOF,sigmoid,7,0.4799999999999999,own validation,10,CV17,Previous_PCI,single variable,cardiovascular,1,0.7534066687708716,0.7470355114522873,0.006371157318584286,0.8513500755287009,0.8516333081570997,-0.0002832326283987996,0.7772464964925739,0.7779196523382796,-0.0006731558457057085,0.15088959421792228,0.15060108184732138,-0.00028851237060090185,-0.0013753212672115904,0.015888569593144546,1.0085285869559244,0.9982006994746183,1.0214724832867736,2000
AdaBoost,individual,AdaBoost,raw,Cached fitted individual; sigmoid fitted to cached training OOF,raw_fixed,8,0.5,fixed 0.5,10,CV17,Previous_PCI,single variable,cardiovascular,1,0.7278999276149114,0.7278999276149114,0.0,0.850547583081571,0.850547583081571,0.0,0.783316089867566,0.783316089867566,0.0,0.19056556716525275,0.19056556716525275,0.0,0.0,0.0,1.0,1.0,1.0,2000
AdaBoost,individual,AdaBoost,raw,Cached fitted individual; sigmoid fitted to cached training OOF,raw_threshold,8,0.5299999999999999,own validation,10,CV17,Previous_PCI,single variable,cardiovascular,1,0.7667436307303692,0.7667436307303692,0.0,0.850547583081571,0.850547583081571,0.0,0.783316089867566,0.783316089867566,0.0,0.19056556716525275,0.19056556716525275,0.0,0.0,0.0,1.0,1.0,1.0,2000
AdaBoost,individual,AdaBoost,sigmoid,Cached fitted individual; sigmoid fitted to cached training OOF,sigmoid,9,0.4699999999999999,own validation,10,CV17,Previous_PCI,single variable,cardiovascular,1,0.7618621447636992,0.7618621447636992,0.0,0.850547583081571,0.850547583081571,0.0,0.783316089867566,0.783316089867566,0.0,0.14988257243690048,0.14988257243690048,0.0,0.0,0.0,1.0,1.0,1.0,2000
MLP,individual,MLP,raw,Cached fitted individual; sigmoid fitted to cached training OOF,raw_fixed,10,0.5,fixed 0.5,10,CV17,Previous_PCI,single variable,cardiovascular,1,0.7439864303359403,0.74437055981813,-0.0003841294821897989,0.8505633182275931,0.8520266868076536,-0.0014633685800604646,0.7746309573457957,0.7791575646709736,-0.004526607325177956,0.16257933993386675,0.1627300009108326,0.00015066097696583847,-0.012234464699403832,0.011510458586845056,0.9994839539566374,0.9837577658162858,1.015434322722437,2000
MLP,individual,MLP,raw,Cached fitted individual; sigmoid fitted to cached training OOF,raw_threshold,10,0.63,own validation,10,CV17,Previous_PCI,single variable,cardiovascular,1,0.7579402910681863,0.7644144144144144,-0.0064741233462281,0.8505633182275931,0.8520266868076536,-0.0014633685800604646,0.7746309573457957,0.7791575646709736,-0.004526607325177956,0.16257933993386675,0.1627300009108326,0.00015066097696583847,-0.015233435460829009,0.0,0.9915306105900846,0.9801247809368326,1.0,2000
MLP,individual,MLP,sigmoid,Cached fitted individual; sigmoid fitted to cached training OOF,sigmoid,11,0.5199999999999999,own validation,10,CV17,Previous_PCI,single variable,cardiovascular,1,0.7602813339655445,0.7644144144144144,-0.004133080448869841,0.8505633182275931,0.8520266868076536,-0.0014633685800604646,0.7746309573457957,0.7791575646709736,-0.004526607325177956,0.15285191720214764,0.15217984625030354,-0.0006720709518441004,-0.01335321821508679,0.004552363605724953,0.9945931416638237,0.9824493110784769,1.0059574726159075,2000
GradientBoosting,individual,GradientBoosting,raw,Cached fitted individual; sigmoid fitted to cached training OOF,raw_fixed,12,0.5,fixed 0.5,10,CV17,Previous_PCI,single variable,cardiovascular,1,0.7407624369142034,0.7407624369142034,0.0,0.8645675981873112,0.8646305387713998,-6.294058408862213e-05,0.7999174922847669,0.800139003115485,-0.00022151083071808575,0.15560823441899102,0.15557567968695935,-3.255473203167547e-05,0.0,0.0,1.0,1.0,1.0,2000
GradientBoosting,individual,GradientBoosting,raw,Cached fitted individual; sigmoid fitted to cached training OOF,raw_threshold,12,0.5099999999999999,own validation,10,CV17,Previous_PCI,single variable,cardiovascular,1,0.7443600541434803,0.7461594898131949,-0.001799435669714633,0.8645675981873112,0.8646305387713998,-6.294058408862213e-05,0.7999174922847669,0.800139003115485,-0.00022151083071808575,0.15560823441899102,0.15557567968695935,-3.255473203167547e-05,-0.005504675361091502,0.0,0.9975884034254323,0.9925154560993044,1.0,2000
GradientBoosting,individual,GradientBoosting,sigmoid,Cached fitted individual; sigmoid fitted to cached training OOF,sigmoid,13,0.38999999999999996,own validation,10,CV17,Previous_PCI,single variable,cardiovascular,1,0.7425610503019167,0.7425610503019167,0.0,0.8645675981873112,0.8646305387713998,-6.294058408862213e-05,0.7999174922847669,0.800139003115485,-0.00022151083071808575,0.14465563933665498,0.14460902926355496,-4.6610073100028515e-05,0.0,0.0,1.0,1.0,1.0,2000
XGBoost,individual,XGBoost,raw,Cached fitted individual; sigmoid fitted to cached training OOF,raw_fixed,14,0.5,fixed 0.5,10,CV17,Previous_PCI,single variable,cardiovascular,1,0.7547437407784424,0.7547437407784424,0.0,0.85024861530715,0.85024861530715,0.0,0.783435842859641,0.783435842859641,0.0,0.1583200271760983,0.1583200271760983,0.0,0.0,0.0,1.0,1.0,1.0,2000
XGBoost,individual,XGBoost,raw,Cached fitted individual; sigmoid fitted to cached training OOF,raw_threshold,14,0.5299999999999999,own validation,10,CV17,Previous_PCI,single variable,cardiovascular,1,0.7656592812335836,0.7656592812335836,0.0,0.85024861530715,0.85024861530715,0.0,0.783435842859641,0.783435842859641,0.0,0.1583200271760983,0.1583200271760983,0.0,0.0,0.0,1.0,1.0,1.0,2000
XGBoost,individual,XGBoost,sigmoid,Cached fitted individual; sigmoid fitted to cached training OOF,sigmoid,15,0.4599999999999999,own validation,10,CV17,Previous_PCI,single variable,cardiovascular,1,0.7602627068045684,0.7602627068045684,0.0,0.85024861530715,0.85024861530715,0.0,0.783435842859641,0.783435842859641,0.0,0.15047228134058788,0.15047228134058788,0.0,0.0,0.0,1.0,1.0,1.0,2000
diverse,voting,"LogisticRegression,XGBoost,MLP",raw,models/predictive_sensitivity/h10_CV17_diverse.joblib,raw_fixed,16,0.5,fixed 0.5,10,CV17,Previous_PCI,single variable,cardiovascular,1,0.7519248355968413,0.7540951283140205,-0.0021702927171791675,0.851460221550856,0.8522941842900302,-0.0008339627391742432,0.7808383535993896,0.7820736124894282,-0.0012352588900386152,0.16285424871514578,0.16294958725722591,9.533854208013115e-05,-0.00902751516461853,0.0036192641945577806,0.9971219907997132,0.9881922425534656,1.0048812821239221,2000
diverse,voting,"LogisticRegression,XGBoost,MLP",raw,models/predictive_sensitivity/h10_CV17_diverse.joblib,raw_threshold,16,0.41999999999999993,saved voting threshold (also applied to raw),10,CV17,Previous_PCI,single variable,cardiovascular,1,0.7297436957420422,0.7317740905954713,-0.0020303948534290406,0.851460221550856,0.8522941842900302,-0.0008339627391742432,0.7808383535993896,0.7820736124894282,-0.0012352588900386152,0.16285424871514578,0.16294958725722591,9.533854208013115e-05,-0.00849744896511601,0.0037253892560003632,0.9972253802375309,0.9881102275066419,1.0051357977324051,2000
diverse,voting,"LogisticRegression,XGBoost,MLP",sigmoid,models/predictive_sensitivity/h10_CV17_diverse.joblib,sigmoid,17,0.41999999999999993,saved voting threshold (also applied to raw),10,CV17,Previous_PCI,single variable,cardiovascular,1,0.7637361795963371,0.7655382493246738,-0.0018020697283367415,0.851460221550856,0.8522941842900302,-0.0008339627391742432,0.7808383535993896,0.7820736124894282,-0.0012352588900386152,0.15192518816747258,0.15158270354815162,-0.00034248461932095964,-0.005465952470394405,0.0,0.9976460095495863,0.99281001904321,1.0,2000
paper,voting,"LogisticRegression,RandomForest,AdaBoost",raw,models/final_h10_CV17_paper.joblib,raw_fixed,18,0.5,fixed 0.5,10,CV17,Previous_PCI,single variable,cardiovascular,1,0.7519248355968413,0.7558940382272918,-0.00396920263045053,0.854607250755287,0.8547803373615307,-0.00017308660624371086,0.7846424063474804,0.7850897827020341,-0.00044737635455371905,0.16999859899443961,0.16985973790653816,-0.00013886108790145402,-0.010133955269068101,0.0,0.9947489959839357,0.9865085340607624,1.0,2000
paper,voting,"LogisticRegression,RandomForest,AdaBoost",raw,models/final_h10_CV17_paper.joblib,raw_threshold,18,0.37999999999999995,saved voting threshold (also applied to raw),10,CV17,Previous_PCI,single variable,cardiovascular,1,0.6995935360896781,0.6995935360896781,0.0,0.854607250755287,0.8547803373615307,-0.00017308660624371086,0.7846424063474804,0.7850897827020341,-0.00044737635455371905,0.16999859899443961,0.16985973790653816,-0.00013886108790145402,-0.005630819158849651,0.0055931994105303485,1.0,0.991908958173126,1.0079400747263687,2000
paper,voting,"LogisticRegression,RandomForest,AdaBoost",sigmoid,models/final_h10_CV17_paper.joblib,sigmoid,19,0.37999999999999995,saved voting threshold (also applied to raw),10,CV17,Previous_PCI,single variable,cardiovascular,1,0.7533623828117632,0.7533623828117632,0.0,0.854607250755287,0.8547803373615307,-0.00017308660624371086,0.7846424063474804,0.7850897827020341,-0.00044737635455371905,0.1495675138032824,0.1493549922397162,-0.000212521563566187,0.0,0.0,1.0,1.0,1.0,2000
own,stacking,"KNeighbors,AdaBoost,MLP,GradientBoosting",raw,models/stacking_sensitivity/h10_CV17_own.joblib,raw_fixed,20,0.5,fixed 0.5,10,CV17,Previous_PCI,single variable,cardiovascular,1,0.7759907263689412,0.77056372011406,0.005427006254881128,0.8577070745216515,0.8578801611278952,-0.00017308660624371086,0.7904569354382537,0.7903990667387265,5.786869952717488e-05,0.14760090704816692,0.14741057847638644,-0.0001903285717804737,-0.004800757932226623,0.015436608807402104,1.007042903932822,0.993777639039155,1.0201020629096813,2000
own,stacking,"KNeighbors,AdaBoost,MLP,GradientBoosting",raw,models/stacking_sensitivity/h10_CV17_own.joblib,raw_threshold,20,0.49999999999999994,saved stacking threshold,10,CV17,Previous_PCI,single variable,cardiovascular,1,0.7759907263689412,0.77056372011406,0.005427006254881128,0.8577070745216515,0.8578801611278952,-0.00017308660624371086,0.7904569354382537,0.7903990667387265,5.786869952717488e-05,0.14760090704816692,0.14741057847638644,-0.0001903285717804737,-0.004800757932226623,0.015436608807402104,1.007042903932822,0.993777639039155,1.0201020629096813,2000
own,stacking,"KNeighbors,AdaBoost,MLP,GradientBoosting",sigmoid,models/stacking_sensitivity/h10_CV17_own.joblib,sigmoid,21,0.5199999999999999,saved stacking threshold,10,CV17,Previous_PCI,single variable,cardiovascular,1,0.7759907263689412,0.77056372011406,0.005427006254881128,0.8577070745216515,0.8578801611278952,-0.00017308660624371086,0.7904569354382537,0.7903990667387265,5.786869952717488e-05,0.14958529410436117,0.14937697521787704,-0.00020831888648412122,-0.004800757932226623,0.015436608807402104,1.007042903932822,0.993777639039155,1.0201020629096813,2000
own,stacking,"KNeighbors,AdaBoost,MLP,GradientBoosting",isotonic,models/stacking_sensitivity/h10_CV17_own.joblib,isotonic,22,0.38999999999999996,saved stacking threshold,10,CV17,Previous_PCI,single variable,cardiovascular,1,0.7741796200345423,0.77056372011406,0.0036158999204822795,0.8558896651560927,0.855716578549849,0.00017308660624371086,0.7534450788009935,0.7549011634441579,-0.0014560846431643792,0.149993585678844,0.15048338683142842,0.0004898011525844292,-0.006317767853062947,0.012849998495633065,1.0046925384962935,0.991919071433306,1.0168293373312915,2000
paper,stacking,"LogisticRegression,RandomForest,AdaBoost",raw,models/stacking_sensitivity/h10_CV17_paper.joblib,raw_fixed,23,0.5,fixed 0.5,10,CV17,Previous_PCI,single variable,cardiovascular,1,0.7651549169286036,0.7651549169286036,0.0,0.8525931520644512,0.8529707955689829,-0.0003776435045317328,0.7815738730148766,0.7823033200012827,-0.0007294469864060904,0.15167901735688322,0.15141450352160865,-0.00026451383527456573,0.0,0.0,1.0,1.0,1.0,2000
paper,stacking,"LogisticRegression,RandomForest,AdaBoost",raw,models/stacking_sensitivity/h10_CV17_paper.joblib,raw_threshold,23,0.36999999999999994,saved stacking threshold,10,CV17,Previous_PCI,single variable,cardiovascular,1,0.7487032419896108,0.7490640100040424,-0.00036076801443163387,0.8525931520644512,0.8529707955689829,-0.0003776435045317328,0.7815738730148766,0.7823033200012827,-0.0007294469864060904,0.15167901735688322,0.15141450352160865,-0.00026451383527456573,-0.006455050292419088,0.0052995690202827074,0.9995183749190811,0.9914271093898427,1.0070187154713677,2000
paper,stacking,"LogisticRegression,RandomForest,AdaBoost",sigmoid,models/stacking_sensitivity/h10_CV17_paper.joblib,sigmoid,24,0.36999999999999994,saved stacking threshold,10,CV17,Previous_PCI,single variable,cardiovascular,1,0.7504997728305316,0.7508619907449414,-0.00036221791440982365,0.8525931520644512,0.8529707955689829,-0.0003776435045317328,0.7815738730148766,0.7823033200012827,-0.0007294469864060904,0.1504017806918913,0.15015461086889814,-0.00024716982299316514,-0.00646528518654107,0.005303759139997075,0.9995175972164333,0.9914394380750172,1.007018448014426,2000
paper,stacking,"LogisticRegression,RandomForest,AdaBoost",isotonic,models/stacking_sensitivity/h10_CV17_paper.joblib,isotonic,25,0.5099999999999999,saved stacking threshold,10,CV17,Previous_PCI,single variable,cardiovascular,1,0.7679066363551431,0.7679066363551431,0.0,0.8518850704934542,0.8518221299093656,6.294058408862213e-05,0.7644245964899069,0.7643238557916491,0.0001007406982578285,0.15143233036566903,0.15146284232902577,3.051196335673856e-05,0.0,0.0,1.0,1.0,1.0,2000
LogisticRegression,individual,LogisticRegression,raw,Cached fitted individual; sigmoid fitted to cached training OOF,raw_fixed,0,0.5,fixed 0.5,10,CV17,Previous_MI,single variable,cardiovascular,1,0.7415237771867278,0.7350388219444371,0.0064849552422906465,0.8471330563947633,0.8475421701913394,-0.00040911379657604385,0.7757131798023779,0.7754122572656441,0.0003009225367337498,0.18103363507285933,0.18166106874732416,0.0006274336744648279,-0.006765480097128634,0.019619743515246913,1.008822602356071,0.9908368915341282,1.0270776073889023,2000
LogisticRegression,individual,LogisticRegression,raw,Cached fitted individual; sigmoid fitted to cached training OOF,raw_threshold,0,0.5299999999999999,own validation,10,CV17,Previous_MI,single variable,cardiovascular,1,0.7638589274068128,0.7660929644366306,-0.002234037029817726,0.8471330563947633,0.8475421701913394,-0.00040911379657604385,0.7757131798023779,0.7754122572656441,0.0003009225367337498,0.18103363507285933,0.18166106874732416,0.0006274336744648279,-0.013350858343561173,0.008934575807159086,0.9970838564854063,0.9825971100226963,1.0117797607078904,2000
LogisticRegression,individual,LogisticRegression,sigmoid,Cached fitted individual; sigmoid fitted to cached training OOF,sigmoid,1,0.4599999999999999,own validation,10,CV17,Previous_MI,single variable,cardiovascular,1,0.7652167182662539,0.7656592812335836,-0.000442562967329696,0.8471330563947633,0.8475421701913394,-0.00040911379657604385,0.7757131798023779,0.7754122572656441,0.0003009225367337498,0.15425405915056228,0.15393613368542466,-0.00031792546513761955,-0.01172436541202727,0.009869904888932817,0.9994219844542123,0.9847318784362907,1.013408034418785,2000
SVC,individual,SVC,raw,Cached fitted individual; sigmoid fitted to cached training OOF,raw_fixed,2,0.5,fixed 0.5,10,CV17,Previous_MI,single variable,cardiovascular,1,0.7626151994158625,0.7618621447636992,0.0007530546521633541,0.8393126888217523,0.8398634189325277,-0.0005507301107754436,0.7721765117413423,0.7721064519194765,7.005982186580884e-05,0.15858315788350594,0.15830388976096638,-0.000279268122539561,-0.014316691810906088,0.015705091934576604,1.0009884395193265,0.9813496299486039,1.0211797040010189,2000
SVC,individual,SVC,raw,Cached fitted individual; sigmoid fitted to cached training OOF,raw_threshold,2,0.5299999999999999,own validation,10,CV17,Previous_MI,single variable,cardiovascular,1,0.7496889059060017,0.7514744933612858,-0.001785587455284121,0.8393126888217523,0.8398634189325277,-0.0005507301107754436,0.7721765117413423,0.7721064519194765,7.005982186580884e-05,0.15858315788350594,0.15830388976096638,-0.000279268122539561,-0.013461080610950702,0.009522881730418502,0.9976238881411699,0.9821579450109104,1.0125939007225087,2000
SVC,individual,SVC,sigmoid,Cached fitted individual; sigmoid fitted to cached training OOF,sigmoid,3,0.5099999999999999,own validation,10,CV17,Previous_MI,single variable,cardiovascular,1,0.7472975940900469,0.7550527794790504,-0.007755185389003438,0.8393126888217523,0.8398634189325277,-0.0005507301107754436,0.7721765117413423,0.7721064519194765,7.005982186580884e-05,0.15664990147668506,0.15643453877896588,-0.0002153626977191847,-0.020826954387351236,0.004810022009398935,0.9897289492870232,0.9723146317129069,1.0064279393655646,2000
KNeighbors,individual,KNeighbors,raw,Cached fitted individual; sigmoid fitted to cached training OOF,raw_fixed,4,0.5,fixed 0.5,10,CV17,Previous_MI,single variable,cardiovascular,1,0.7465134459036898,0.7429554390563565,0.003558006847333317,0.8171576032225579,0.8176453927492447,-0.0004877895266868215,0.7296944174064324,0.728889882329771,0.0008045350766613391,0.16746745459592483,0.167688902673695,0.0002214480777701644,-0.015628342841773425,0.023503775329399734,1.0047889909142498,0.9793057433401843,1.0321682313849585,2000
KNeighbors,individual,KNeighbors,raw,Cached fitted individual; sigmoid fitted to cached training OOF,raw_threshold,4,0.5299999999999999,own validation,10,CV17,Previous_MI,single variable,cardiovascular,1,0.7305899970050913,0.7360317933432687,-0.005441796338177429,0.8171576032225579,0.8176453927492447,-0.0004877895266868215,0.7296944174064324,0.728889882329771,0.0008045350766613391,0.16746745459592483,0.167688902673695,0.0002214480777701644,-0.02640837639489399,0.016124202367645394,0.9926065743526388,0.9647505390091582,1.0223582306366163,2000
KNeighbors,individual,KNeighbors,sigmoid,Cached fitted individual; sigmoid fitted to cached training OOF,sigmoid,5,0.4799999999999999,own validation,10,CV17,Previous_MI,single variable,cardiovascular,1,0.7305899970050913,0.7360317933432687,-0.005441796338177429,0.8171576032225579,0.8176453927492447,-0.0004877895266868215,0.7296944174064324,0.728889882329771,0.0008045350766613391,0.16492534254057886,0.16393295754751164,-0.0009923849930672246,-0.02640837639489399,0.016124202367645394,0.9926065743526388,0.9647505390091582,1.0223582306366163,2000
RandomForest,individual,RandomForest,raw,Cached fitted individual; sigmoid fitted to cached training OOF,raw_fixed,6,0.5,fixed 0.5,10,CV17,Previous_MI,single variable,cardiovascular,1,0.7497493620123952,0.7497493620123952,0.0,0.8513500755287009,0.8531910876132931,-0.0018410120845921973,0.7772464964925739,0.7811727929927614,-0.003926296500187498,0.15518350287581242,0.15420064171589234,-0.0009828611599200787,0.0,0.0,1.0,1.0,1.0,2000
RandomForest,individual,RandomForest,raw,Cached fitted individual; sigmoid fitted to cached training OOF,raw_threshold,6,0.5399999999999999,own validation,10,CV17,Previous_MI,single variable,cardiovascular,1,0.7534066687708716,0.7569863923000332,-0.0035797235291615825,0.8513500755287009,0.8531910876132931,-0.0018410120845921973,0.7772464964925739,0.7811727929927614,-0.003926296500187498,0.15518350287581242,0.15420064171589234,-0.0009828611599200787,-0.01084698898888481,0.0018367089535956972,0.9952710860253579,0.9857315112892765,1.0024402910079053,2000
RandomForest,individual,RandomForest,sigmoid,Cached fitted individual; sigmoid fitted to cached training OOF,sigmoid,7,0.4799999999999999,own validation,10,CV17,Previous_MI,single variable,cardiovascular,1,0.7534066687708716,0.7569863923000332,-0.0035797235291615825,0.8513500755287009,0.8531910876132931,-0.0018410120845921973,0.7772464964925739,0.7811727929927614,-0.003926296500187498,0.15088959421792228,0.14957226309578373,-0.0013173311221385542,-0.01084698898888481,0.0018367089535956972,0.9952710860253579,0.9857315112892765,1.0024402910079053,2000
AdaBoost,individual,AdaBoost,raw,Cached fitted individual; sigmoid fitted to cached training OOF,raw_fixed,8,0.5,fixed 0.5,10,CV17,Previous_MI,single variable,cardiovascular,1,0.7278999276149114,0.7278999276149114,0.0,0.850547583081571,0.850547583081571,0.0,0.783316089867566,0.783316089867566,0.0,0.19056556716525275,0.19056556716525275,0.0,0.0,0.0,1.0,1.0,1.0,2000
AdaBoost,individual,AdaBoost,raw,Cached fitted individual; sigmoid fitted to cached training OOF,raw_threshold,8,0.5299999999999999,own validation,10,CV17,Previous_MI,single variable,cardiovascular,1,0.7667436307303692,0.7667436307303692,0.0,0.850547583081571,0.850547583081571,0.0,0.783316089867566,0.783316089867566,0.0,0.19056556716525275,0.19056556716525275,0.0,0.0,0.0,1.0,1.0,1.0,2000
AdaBoost,individual,AdaBoost,sigmoid,Cached fitted individual; sigmoid fitted to cached training OOF,sigmoid,9,0.4699999999999999,own validation,10,CV17,Previous_MI,single variable,cardiovascular,1,0.7618621447636992,0.7618621447636992,0.0,0.850547583081571,0.850547583081571,0.0,0.783316089867566,0.783316089867566,0.0,0.14988257243690048,0.14988257243690048,0.0,0.0,0.0,1.0,1.0,1.0,2000
MLP,individual,MLP,raw,Cached fitted individual; sigmoid fitted to cached training OOF,raw_fixed,10,0.5,fixed 0.5,10,CV17,Previous_MI,single variable,cardiovascular,1,0.7439864303359403,0.7451122621300903,-0.001125831794150045,0.8505633182275931,0.8523256545820745,-0.0017623363544814197,0.7746309573457957,0.7787042589794974,-0.004073301633701676,0.16257933993386675,0.16323588225503444,0.0006565423211676857,-0.013953903294670472,0.010553814798456877,0.9984890440657471,0.98144002054976,1.0142303824752075,2000
MLP,individual,MLP,raw,Cached fitted individual; sigmoid fitted to cached training OOF,raw_threshold,10,0.63,own validation,10,CV17,Previous_MI,single variable,cardiovascular,1,0.7579402910681863,0.7597344992554573,-0.0017942081872710514,0.8505633182275931,0.8523256545820745,-0.0017623363544814197,0.7746309573457957,0.7787042589794974,-0.004073301633701676,0.16257933993386675,0.16323588225503444,0.0006565423211676857,-0.01028671927372593,0.006563487033337341,0.9976383747361356,0.9864185568229334,1.0088162524082467,2000
MLP,individual,MLP,sigmoid,Cached fitted individual; sigmoid fitted to cached training OOF,sigmoid,11,0.5199999999999999,own validation,10,CV17,Previous_MI,single variable,cardiovascular,1,0.7602813339655445,0.7597344992554573,0.0005468347100872073,0.8505633182275931,0.8523256545820745,-0.0017623363544814197,0.7746309573457957,0.7787042589794974,-0.004073301633701676,0.15285191720214764,0.15180599863287053,-0.0010459185692771045,-0.009120512087197519,0.01097050782674821,1.0007197708023303,0.988041258342516,1.0144876427813687,2000
GradientBoosting,individual,GradientBoosting,raw,Cached fitted individual; sigmoid fitted to cached training OOF,raw_fixed,12,0.5,fixed 0.5,10,CV17,Previous_MI,single variable,cardiovascular,1,0.7407624369142034,0.7407624369142034,0.0,0.8645675981873112,0.8645833333333334,-1.5735146022155533e-05,0.7999174922847669,0.7997700805785515,0.00014741170621546118,0.15560823441899102,0.15558029575276355,-2.7938666227467213e-05,0.0,0.0,1.0,1.0,1.0,2000
GradientBoosting,individual,GradientBoosting,raw,Cached fitted individual; sigmoid fitted to cached training OOF,raw_threshold,12,0.5099999999999999,own validation,10,CV17,Previous_MI,single variable,cardiovascular,1,0.7443600541434803,0.7461594898131949,-0.001799435669714633,0.8645675981873112,0.8645833333333334,-1.5735146022155533e-05,0.7999174922847669,0.7997700805785515,0.00014741170621546118,0.15560823441899102,0.15558029575276355,-2.7938666227467213e-05,-0.005504675361091502,0.0,0.9975884034254323,0.9925154560993044,1.0,2000
GradientBoosting,individual,GradientBoosting,sigmoid,Cached fitted individual; sigmoid fitted to cached training OOF,sigmoid,13,0.38999999999999996,own validation,10,CV17,Previous_MI,single variable,cardiovascular,1,0.7425610503019167,0.7425610503019167,0.0,0.8645675981873112,0.8645833333333334,-1.5735146022155533e-05,0.7999174922847669,0.7997700805785515,0.00014741170621546118,0.14465563933665498,0.14466252743339064,6.888096735657712e-06,0.0,0.0,1.0,1.0,1.0,2000
XGBoost,individual,XGBoost,raw,Cached fitted individual; sigmoid fitted to cached training OOF,raw_fixed,14,0.5,fixed 0.5,10,CV17,Previous_MI,single variable,cardiovascular,1,0.7547437407784424,0.7551358326386589,-0.00039209186021649245,0.85024861530715,0.8505318479355488,-0.0002832326283987996,0.783435842859641,0.7834326661611621,3.1766984788239583e-06,0.1583200271760983,0.15844296282251355,0.00012293564641524535,-0.008143480061312922,0.0072173211090106595,0.9994807664485389,0.9892927446999001,1.0096745969312104,2000
XGBoost,individual,XGBoost,raw,Cached fitted individual; sigmoid fitted to cached training OOF,raw_threshold,14,0.5299999999999999,own validation,10,CV17,Previous_MI,single variable,cardiovascular,1,0.7656592812335836,0.7665178571428571,-0.0008585759092735179,0.85024861530715,0.8505318479355488,-0.0002832326283987996,0.783435842859641,0.7834326661611621,3.1766984788239583e-06,0.1583200271760983,0.15844296282251355,0.00012293564641524535,-0.009172891027451377,0.0068066026845980485,0.9988799009686822,0.9879739887569418,1.0089771242235224,2000
XGBoost,individual,XGBoost,sigmoid,Cached fitted individual; sigmoid fitted to cached training OOF,sigmoid,15,0.4599999999999999,own validation,10,CV17,Previous_MI,single variable,cardiovascular,1,0.7602627068045684,0.7665178571428571,-0.0062551503382887175,0.85024861530715,0.8505318479355488,-0.0002832326283987996,0.783435842859641,0.7834326661611621,3.1766984788239583e-06,0.15047228134058788,0.15045547374668736,-1.680759390051967e-05,-0.015606039384912548,0.0017914419096240833,0.9918395243111434,0.9799118974860141,1.0023329661746985,2000
diverse,voting,"LogisticRegression,XGBoost,MLP",raw,models/predictive_sensitivity/h10_CV17_diverse.joblib,raw_fixed,16,0.5,fixed 0.5,10,CV17,Previous_MI,single variable,cardiovascular,1,0.7519248355968413,0.7472666868015705,0.004658148795270822,0.851460221550856,0.8523256545820745,-0.0008654330312185543,0.7808383535993896,0.7830248311215607,-0.0021864775221711596,0.16285424871514578,0.1634020824392558,0.0005478337241100195,-0.00729341474540505,0.01638045758924879,1.006233582839359,0.9904071066454702,1.0222872138277532,2000
diverse,voting,"LogisticRegression,XGBoost,MLP",raw,models/predictive_sensitivity/h10_CV17_diverse.joblib,raw_threshold,16,0.41999999999999993,saved voting threshold (also applied to raw),10,CV17,Previous_MI,single variable,cardiovascular,1,0.7297436957420422,0.7301341589267286,-0.00039046318468638486,0.851460221550856,0.8523256545820745,-0.0008654330312185543,0.7808383535993896,0.7830248311215607,-0.0021864775221711596,0.16285424871514578,0.1634020824392558,0.0005478337241100195,-0.010460098538398688,0.010421385319205678,0.9994652172071221,0.985757576914569,1.014525727253521,2000
diverse,voting,"LogisticRegression,XGBoost,MLP",sigmoid,models/predictive_sensitivity/h10_CV17_diverse.joblib,sigmoid,17,0.41999999999999993,saved voting threshold (also applied to raw),10,CV17,Previous_MI,single variable,cardiovascular,1,0.7637361795963371,0.7601357549073564,0.003600424688980697,0.851460221550856,0.8523256545820745,-0.0008654330312185543,0.7808383535993896,0.7830248311215607,-0.0021864775221711596,0.15192518816747258,0.15147129888016175,-0.0004538892873108269,-0.0035622986104910047,0.010901042872228725,1.0047365548400227,0.99536487003152,1.0144242958999241,2000
paper,voting,"LogisticRegression,RandomForest,AdaBoost",raw,models/final_h10_CV17_paper.joblib,raw_fixed,18,0.5,fixed 0.5,10,CV17,Previous_MI,single variable,cardiovascular,1,0.7519248355968413,0.7558940382272918,-0.00396920263045053,0.854607250755287,0.8558031218529708,-0.0011958710976838205,0.7846424063474804,0.7859550216531174,-0.0013126153056369771,0.16999859899443961,0.17002110741395532,2.250841951570437e-05,-0.01330334384054765,0.005038042438358068,0.9947489959839357,0.9825544936604513,1.0066309449826003,2000
paper,voting,"LogisticRegression,RandomForest,AdaBoost",raw,models/final_h10_CV17_paper.joblib,raw_threshold,18,0.37999999999999995,saved voting threshold (also applied to raw),10,CV17,Previous_MI,single variable,cardiovascular,1,0.6995935360896781,0.6977630500936329,0.0018304859960451836,0.854607250755287,0.8558031218529708,-0.0011958710976838205,0.7846424063474804,0.7859550216531174,-0.0013126153056369771,0.16999859899443961,0.17002110741395532,2.250841951570437e-05,-0.005837156842185767,0.009600663228345116,1.0026233633262747,0.9914542758747795,1.0141522702254047,2000
paper,voting,"LogisticRegression,RandomForest,AdaBoost",sigmoid,models/final_h10_CV17_paper.joblib,sigmoid,19,0.37999999999999995,saved voting threshold (also applied to raw),10,CV17,Previous_MI,single variable,cardiovascular,1,0.7533623828117632,0.751215644820296,0.0021467379914671403,0.854607250755287,0.8558031218529708,-0.0011958710976838205,0.7846424063474804,0.7859550216531174,-0.0013126153056369771,0.1495675138032824,0.14879746043026285,-0.0007700533730195525,-0.0036217923916874754,0.008693224560905854,1.0028576854146598,0.9951520351390342,1.0119859546261158,2000
own,stacking,"KNeighbors,AdaBoost,MLP,GradientBoosting",raw,models/stacking_sensitivity/h10_CV17_own.joblib,raw_fixed,20,0.5,fixed 0.5,10,CV17,Previous_MI,single variable,cardiovascular,1,0.7759907263689412,0.7728515923043513,0.003139134064589877,0.8577070745216515,0.8570147280966768,0.0006923464249747324,0.7904569354382537,0.7896086662285989,0.0008482692096547506,0.14760090704816692,0.14750963020184307,-9.127684632384558e-05,-0.007651733518640205,0.014227631196452152,1.0040617553173827,0.9901850364032188,1.018710963899329,2000
own,stacking,"KNeighbors,AdaBoost,MLP,GradientBoosting",raw,models/stacking_sensitivity/h10_CV17_own.joblib,raw_threshold,20,0.49999999999999994,saved stacking threshold,10,CV17,Previous_MI,single variable,cardiovascular,1,0.7759907263689412,0.7728515923043513,0.003139134064589877,0.8577070745216515,0.8570147280966768,0.0006923464249747324,0.7904569354382537,0.7896086662285989,0.0008482692096547506,0.14760090704816692,0.14750963020184307,-9.127684632384558e-05,-0.007651733518640205,0.014227631196452152,1.0040617553173827,0.9901850364032188,1.018710963899329,2000
own,stacking,"KNeighbors,AdaBoost,MLP,GradientBoosting",sigmoid,models/stacking_sensitivity/h10_CV17_own.joblib,sigmoid,21,0.5199999999999999,saved stacking threshold,10,CV17,Previous_MI,single variable,cardiovascular,1,0.7759907263689412,0.7728515923043513,0.003139134064589877,0.8577070745216515,0.8570147280966768,0.0006923464249747324,0.7904569354382537,0.7896086662285989,0.0008482692096547506,0.14958529410436117,0.14938944505666235,-0.00019584904769881506,-0.007651733518640205,0.014227631196452152,1.0040617553173827,0.9901850364032188,1.018710963899329,2000
own,stacking,"KNeighbors,AdaBoost,MLP,GradientBoosting",isotonic,models/stacking_sensitivity/h10_CV17_own.joblib,isotonic,22,0.38999999999999996,saved stacking threshold,10,CV17,Previous_MI,single variable,cardiovascular,1,0.7741796200345423,0.7692391792428886,0.0049404407916536774,0.8558896651560927,0.8552366565961732,0.0006530085599194546,0.7534450788009935,0.7570090049182491,-0.0035639261172555337,0.149993585678844,0.1504507510377685,0.0004571653589245106,-0.006891175956763407,0.017028516252748798,1.0064225028118254,0.9912033676695031,1.022273336111779,2000
paper,stacking,"LogisticRegression,RandomForest,AdaBoost",raw,models/stacking_sensitivity/h10_CV17_paper.joblib,raw_fixed,23,0.5,fixed 0.5,10,CV17,Previous_MI,single variable,cardiovascular,1,0.7651549169286036,0.7638348229578649,0.0013200939707387338,0.8525931520644512,0.8539149043303121,-0.0013217522658609537,0.7815738730148766,0.7830289480207001,-0.0014550750058235362,0.15167901735688322,0.15076940831517088,-0.0009096090417123337,-0.007359917845231911,0.010132057197081597,1.001728245336638,0.9902756008788419,1.0134271296810475,2000
paper,stacking,"LogisticRegression,RandomForest,AdaBoost",raw,models/stacking_sensitivity/h10_CV17_paper.joblib,raw_threshold,23,0.36999999999999994,saved stacking threshold,10,CV17,Previous_MI,single variable,cardiovascular,1,0.7487032419896108,0.7645329590296353,-0.01582971704002445,0.8525931520644512,0.8539149043303121,-0.0013217522658609537,0.7815738730148766,0.7830289480207001,-0.0014550750058235362,0.15167901735688322,0.15076940831517088,-0.0009096090417123337,-0.029189039927567707,-0.003954571575477181,0.9792949187434431,0.961643205896701,0.9947913150327886,2000
paper,stacking,"LogisticRegression,RandomForest,AdaBoost",sigmoid,models/stacking_sensitivity/h10_CV17_paper.joblib,sigmoid,24,0.36999999999999994,saved stacking threshold,10,CV17,Previous_MI,single variable,cardiovascular,1,0.7504997728305316,0.7645329590296353,-0.014033186199103653,0.8525931520644512,0.8539149043303121,-0.0013217522658609537,0.7815738730148766,0.7830289480207001,-0.0014550750058235362,0.1504017806918913,0.14960321715719438,-0.0007985635346969278,-0.027169958979287014,-0.0021763436352613234,0.9816447596753515,0.9646263437911992,0.9971287450780815,2000
paper,stacking,"LogisticRegression,RandomForest,AdaBoost",isotonic,models/stacking_sensitivity/h10_CV17_paper.joblib,isotonic,25,0.5099999999999999,saved stacking threshold,10,CV17,Previous_MI,single variable,cardiovascular,1,0.7679066363551431,0.7629661479820107,0.0049404883731324345,0.8518850704934542,0.853796890735146,-0.0019118202416917862,0.7644245964899069,0.768091705723355,-0.0036671092334480404,0.15143233036566903,0.1500806462208391,-0.0013516841448299177,-0.0054329905369218615,0.015405422182151659,1.0064753703505716,0.9928453683339327,1.0199132263874906,2000
LogisticRegression,individual,LogisticRegression,raw,Cached fitted individual; sigmoid fitted to cached training OOF,raw_fixed,0,0.5,fixed 0.5,10,CV17,Acute_MI,single variable,cardiovascular,1,0.7415237771867278,0.735043704443033,0.006480072743694776,0.8471330563947633,0.8468655589123867,0.00026749748237664406,0.7757131798023779,0.7732333797668819,0.0024798000354959715,0.18103363507285933,0.18136480450484718,0.0003311694319878544,-0.0031134667788355413,0.016834560567564324,1.008815901292026,0.9957891874462925,1.023311971090865,2000
LogisticRegression,individual,LogisticRegression,raw,Cached fitted individual; sigmoid fitted to cached training OOF,raw_threshold,0,0.5299999999999999,own validation,10,CV17,Acute_MI,single variable,cardiovascular,1,0.7638589274068128,0.7575785667933623,0.0062803606134504975,0.8471330563947633,0.8468655589123867,0.00026749748237664406,0.7757131798023779,0.7732333797668819,0.0024798000354959715,0.18103363507285933,0.18136480450484718,0.0003311694319878544,-0.003245077104368349,0.0164728137064781,1.0082900452688803,0.9957191291280556,1.0220651244118903,2000
LogisticRegression,individual,LogisticRegression,sigmoid,Cached fitted individual; sigmoid fitted to cached training OOF,sigmoid,1,0.4599999999999999,own validation,10,CV17,Acute_MI,single variable,cardiovascular,1,0.7652167182662539,0.7629661479820107,0.0022505702842432473,0.8471330563947633,0.8468655589123867,0.00026749748237664406,0.7757131798023779,0.7732333797668819,0.0024798000354959715,0.15425405915056228,0.1545889637814541,0.000334904630891808,-0.005449129929868379,0.010523829775557426,1.0029497642722365,0.9928949060952295,1.0139999274479272,2000
SVC,individual,SVC,raw,Cached fitted individual; sigmoid fitted to cached training OOF,raw_fixed,2,0.5,fixed 0.5,10,CV17,Acute_MI,single variable,cardiovascular,1,0.7626151994158625,0.7584867681013557,0.0041284313145067975,0.8393126888217523,0.8416965634441088,-0.0023838746223565632,0.7721765117413423,0.7698317456274063,0.00234476611393597,0.15858315788350594,0.15738509969941034,-0.0011980581840956017,-0.010225868963145531,0.019124761074969555,1.0054429839624508,0.9866289515034675,1.0254715800398004,2000
SVC,individual,SVC,raw,Cached fitted individual; sigmoid fitted to cached training OOF,raw_threshold,2,0.5299999999999999,own validation,10,CV17,Acute_MI,single variable,cardiovascular,1,0.7496889059060017,0.7586408928019648,-0.008951986895963104,0.8393126888217523,0.8416965634441088,-0.0023838746223565632,0.7721765117413423,0.7698317456274063,0.00234476611393597,0.15858315788350594,0.15738509969941034,-0.0011980581840956017,-0.022960258170764018,0.0046810759081584346,0.9881999678887599,0.9699249428433295,1.0062523205215703,2000
SVC,individual,SVC,sigmoid,Cached fitted individual; sigmoid fitted to cached training OOF,sigmoid,3,0.5099999999999999,own validation,10,CV17,Acute_MI,single variable,cardiovascular,1,0.7472975940900469,0.7538229436968198,-0.006525349606772868,0.8393126888217523,0.8416965634441088,-0.0023838746223565632,0.7721765117413423,0.7698317456274063,0.00234476611393597,0.15664990147668506,0.1557820941924816,-0.0008678072842034645,-0.020190855829705586,0.006639051787339391,0.991343657471114,0.9736246553767678,1.0089602944915785,2000
KNeighbors,individual,KNeighbors,raw,Cached fitted individual; sigmoid fitted to cached training OOF,raw_fixed,4,0.5,fixed 0.5,10,CV17,Acute_MI,single variable,cardiovascular,1,0.7465134459036898,0.7455269726614265,0.0009864732422633082,0.8171576032225579,0.819502139979859,-0.0023445367573010634,0.7296944174064324,0.7272600974414538,0.0024343199649785596,0.16746745459592483,0.1658367223049304,-0.0016307322909944189,-0.015266408478342186,0.017043257487280368,1.0013231892050019,0.979627682803662,1.023406428335191,2000
KNeighbors,individual,KNeighbors,raw,Cached fitted individual; sigmoid fitted to cached training OOF,raw_threshold,4,0.5299999999999999,own validation,10,CV17,Acute_MI,single variable,cardiovascular,1,0.7305899970050913,0.734547710354162,-0.003957713349070691,0.8171576032225579,0.819502139979859,-0.0023445367573010634,0.7296944174064324,0.7272600974414538,0.0024343199649785596,0.16746745459592483,0.1658367223049304,-0.0016307322909944189,-0.018473539963501324,0.01102909907822745,0.9946120404525358,0.9747001260596753,1.0154937688296324,2000
KNeighbors,individual,KNeighbors,sigmoid,Cached fitted individual; sigmoid fitted to cached training OOF,sigmoid,5,0.4799999999999999,own validation,10,CV17,Acute_MI,single variable,cardiovascular,1,0.7305899970050913,0.7363156387514167,-0.005725641746325394,0.8171576032225579,0.819502139979859,-0.0023445367573010634,0.7296944174064324,0.7272600974414538,0.0024343199649785596,0.16492534254057886,0.1641646190180163,-0.0007607235225625675,-0.02040438436113925,0.00853661501560429,0.99222393027529,0.972346795945254,1.011869958764094,2000
RandomForest,individual,RandomForest,raw,Cached fitted individual; sigmoid fitted to cached training OOF,raw_fixed,6,0.5,fixed 0.5,10,CV17,Acute_MI,single variable,cardiovascular,1,0.7497493620123952,0.7471727702854446,0.0025765917269505723,0.8513500755287009,0.8512871349446123,6.294058408862213e-05,0.7772464964925739,0.7760390949731847,0.0012074015193892507,0.15518350287581242,0.15497511750241152,-0.0002083853734008989,-0.003641111775518649,0.010481257596877661,1.0034484550687872,0.9951044981790538,1.0140048120697829,2000
RandomForest,individual,RandomForest,raw,Cached fitted individual; sigmoid fitted to cached training OOF,raw_threshold,6,0.5399999999999999,own validation,10,CV17,Acute_MI,single variable,cardiovascular,1,0.7534066687708716,0.7551956562441491,-0.0017889874732774924,0.8513500755287009,0.8512871349446123,6.294058408862213e-05,0.7772464964925739,0.7760390949731847,0.0012074015193892507,0.15518350287581242,0.15497511750241152,-0.0002083853734008989,-0.005449114526214885,0.0,0.9976310940635242,0.9927932130563402,1.0,2000
RandomForest,individual,RandomForest,sigmoid,Cached fitted individual; sigmoid fitted to cached training OOF,sigmoid,7,0.4799999999999999,own validation,10,CV17,Acute_MI,single variable,cardiovascular,1,0.7534066687708716,0.7551956562441491,-0.0017889874732774924,0.8513500755287009,0.8512871349446123,6.294058408862213e-05,0.7772464964925739,0.7760390949731847,0.0012074015193892507,0.15088959421792228,0.15092291522182852,3.3321003906239266e-05,-0.005449114526214885,0.0,0.9976310940635242,0.9927932130563402,1.0,2000
AdaBoost,individual,AdaBoost,raw,Cached fitted individual; sigmoid fitted to cached training OOF,raw_fixed,8,0.5,fixed 0.5,10,CV17,Acute_MI,single variable,cardiovascular,1,0.7278999276149114,0.7278999276149114,0.0,0.850547583081571,0.850547583081571,0.0,0.783316089867566,0.783316089867566,0.0,0.19056556716525275,0.19056556716525275,0.0,0.0,0.0,1.0,1.0,1.0,2000
AdaBoost,individual,AdaBoost,raw,Cached fitted individual; sigmoid fitted to cached training OOF,raw_threshold,8,0.5299999999999999,own validation,10,CV17,Acute_MI,single variable,cardiovascular,1,0.7667436307303692,0.7667436307303692,0.0,0.850547583081571,0.850547583081571,0.0,0.783316089867566,0.783316089867566,0.0,0.19056556716525275,0.19056556716525275,0.0,0.0,0.0,1.0,1.0,1.0,2000
AdaBoost,individual,AdaBoost,sigmoid,Cached fitted individual; sigmoid fitted to cached training OOF,sigmoid,9,0.4699999999999999,own validation,10,CV17,Acute_MI,single variable,cardiovascular,1,0.7618621447636992,0.7618621447636992,0.0,0.850547583081571,0.850547583081571,0.0,0.783316089867566,0.783316089867566,0.0,0.14988257243690048,0.14988257243690048,0.0,0.0,0.0,1.0,1.0,1.0,2000
MLP,individual,MLP,raw,Cached fitted individual; sigmoid fitted to cached training OOF,raw_fixed,10,0.5,fixed 0.5,10,CV17,Acute_MI,single variable,cardiovascular,1,0.7439864303359403,0.7407883834695985,0.0031980468663417305,0.8505633182275931,0.849320241691843,0.001243076535750176,0.7746309573457957,0.769533686496323,0.005097270849472646,0.16257933993386675,0.1635352008874649,0.0009558609535981477,-0.007239944707906532,0.014285564852376673,1.0043170856046137,0.9902883532599263,1.0192544495338671,2000
MLP,individual,MLP,raw,Cached fitted individual; sigmoid fitted to cached training OOF,raw_threshold,10,0.63,own validation,10,CV17,Acute_MI,single variable,cardiovascular,1,0.7579402910681863,0.7620780638704394,-0.004137772802253137,0.8505633182275931,0.849320241691843,0.001243076535750176,0.7746309573457957,0.769533686496323,0.005097270849472646,0.16257933993386675,0.1635352008874649,0.0009558609535981477,-0.013608273796620347,0.00459515047234093,0.9945704082056395,0.9821513637897313,1.0059621295246384,2000
MLP,individual,MLP,sigmoid,Cached fitted individual; sigmoid fitted to cached training OOF,sigmoid,11,0.5199999999999999,own validation,10,CV17,Acute_MI,single variable,cardiovascular,1,0.7602813339655445,0.7644144144144144,-0.004133080448869841,0.8505633182275931,0.849320241691843,0.001243076535750176,0.7746309573457957,0.769533686496323,0.005097270849472646,0.15285191720214764,0.15371681036215473,0.0008648931600070964,-0.013719344910443418,0.004493767796356209,0.9945931416638237,0.9818855206916207,1.0057668504051056,2000
GradientBoosting,individual,GradientBoosting,raw,Cached fitted individual; sigmoid fitted to cached training OOF,raw_fixed,12,0.5,fixed 0.5,10,CV17,Acute_MI,single variable,cardiovascular,1,0.7407624369142034,0.7407624369142034,0.0,0.8645675981873112,0.8645675981873112,0.0,0.7999174922847669,0.7999178515052393,-3.59220472367916e-07,0.15560823441899102,0.1555966931835014,-1.1541235489631596e-05,0.0,0.0,1.0,1.0,1.0,2000
GradientBoosting,individual,GradientBoosting,raw,Cached fitted individual; sigmoid fitted to cached training OOF,raw_threshold,12,0.5099999999999999,own validation,10,CV17,Acute_MI,single variable,cardiovascular,1,0.7443600541434803,0.7443600541434803,0.0,0.8645675981873112,0.8645675981873112,0.0,0.7999174922847669,0.7999178515052393,-3.59220472367916e-07,0.15560823441899102,0.1555966931835014,-1.1541235489631596e-05,0.0,0.0,1.0,1.0,1.0,2000
GradientBoosting,individual,GradientBoosting,sigmoid,Cached fitted individual; sigmoid fitted to cached training OOF,sigmoid,13,0.38999999999999996,own validation,10,CV17,Acute_MI,single variable,cardiovascular,1,0.7425610503019167,0.7425610503019167,0.0,0.8645675981873112,0.8645675981873112,0.0,0.7999174922847669,0.7999178515052393,-3.59220472367916e-07,0.14465563933665498,0.1446610929615729,5.45362491791157e-06,0.0,0.0,1.0,1.0,1.0,2000
XGBoost,individual,XGBoost,raw,Cached fitted individual; sigmoid fitted to cached training OOF,raw_fixed,14,0.5,fixed 0.5,10,CV17,Acute_MI,single variable,cardiovascular,1,0.7547437407784424,0.7517227649995406,0.0030209757789018132,0.85024861530715,0.8501384692849949,0.00011014602215508873,0.783435842859641,0.782104945675666,0.001330897183974944,0.1583200271760983,0.15855350258246867,0.0002334754063703648,-0.008198934020591303,0.014700118707501248,1.00401873658689,0.9892482173310151,1.0197857327218416,2000
XGBoost,individual,XGBoost,raw,Cached fitted individual; sigmoid fitted to cached training OOF,raw_threshold,14,0.5299999999999999,own validation,10,CV17,Acute_MI,single variable,cardiovascular,1,0.7656592812335836,0.7553287324324847,0.01033054880109896,0.85024861530715,0.8501384692849949,0.00011014602215508873,0.783435842859641,0.782104945675666,0.001330897183974944,0.1583200271760983,0.15855350258246867,0.0002334754063703648,-0.002361602587472672,0.02506654984432564,1.0136768910773857,0.9968213987508417,1.0335617669206945,2000
XGBoost,individual,XGBoost,sigmoid,Cached fitted individual; sigmoid fitted to cached training OOF,sigmoid,15,0.4599999999999999,own validation,10,CV17,Acute_MI,single variable,cardiovascular,1,0.7602627068045684,0.7575785667933623,0.002684140011206093,0.85024861530715,0.8501384692849949,0.00011014602215508873,0.783435842859641,0.782104945675666,0.001330897183974944,0.15047228134058788,0.15083079437798494,0.0003585130373970624,-0.00867162769210946,0.014702421602557594,1.003543051676564,0.9886717389500893,1.0196567788336555,2000
diverse,voting,"LogisticRegression,XGBoost,MLP",raw,models/predictive_sensitivity/h10_CV17_diverse.joblib,raw_fixed,16,0.5,fixed 0.5,10,CV17,Acute_MI,single variable,cardiovascular,1,0.7519248355968413,0.7483338069527328,0.0035910286441085404,0.851460221550856,0.8509409617321249,0.0005192598187311326,0.7808383535993896,0.7789836622503464,0.0018546913490431471,0.16285424871514578,0.1633538247828472,0.0004995760677014294,-0.006098323034007416,0.014785104017524572,1.0047986989372182,0.9919904525720452,1.0200168599440584,2000
diverse,voting,"LogisticRegression,XGBoost,MLP",raw,models/predictive_sensitivity/h10_CV17_diverse.joblib,raw_threshold,16,0.41999999999999993,saved voting threshold (also applied to raw),10,CV17,Acute_MI,single variable,cardiovascular,1,0.7297436957420422,0.7297436957420422,0.0,0.851460221550856,0.8509409617321249,0.0005192598187311326,0.7808383535993896,0.7789836622503464,0.0018546913490431471,0.16285424871514578,0.1633538247828472,0.0004995760677014294,-0.005460978361621752,0.0054909455806693925,1.0,0.9925556121421203,1.007540192757896,2000
diverse,voting,"LogisticRegression,XGBoost,MLP",sigmoid,models/predictive_sensitivity/h10_CV17_diverse.joblib,sigmoid,17,0.41999999999999993,saved voting threshold (also applied to raw),10,CV17,Acute_MI,single variable,cardiovascular,1,0.7637361795963371,0.7611166339772697,0.0026195456190674093,0.851460221550856,0.8509409617321249,0.0005192598187311326,0.7808383535993896,0.7789836622503464,0.0018546913490431471,0.15192518816747258,0.1525925564639416,0.0006673682964690175,-0.008037115806353887,0.013275450020992676,1.0034417137953993,0.9894812400622799,1.017592474315756,2000
paper,voting,"LogisticRegression,RandomForest,AdaBoost",raw,models/final_h10_CV17_paper.joblib,raw_fixed,18,0.5,fixed 0.5,10,CV17,Acute_MI,single variable,cardiovascular,1,0.7519248355968413,0.7537215943614048,-0.001796758764563533,0.854607250755287,0.8543712235649547,0.000236027190332333,0.7846424063474804,0.7833981042671082,0.0012443020803721838,0.16999859899443961,0.17002764985492863,2.905086048901606e-05,-0.008494626366296007,0.0046330913573604,0.9976161506078569,0.9886893608399482,1.006230124692086,2000
paper,voting,"LogisticRegression,RandomForest,AdaBoost",raw,models/final_h10_CV17_paper.joblib,raw_threshold,18,0.37999999999999995,saved voting threshold (also applied to raw),10,CV17,Acute_MI,single variable,cardiovascular,1,0.6995935360896781,0.6977099795141937,0.0018835565754844463,0.854607250755287,0.8543712235649547,0.000236027190332333,0.7846424063474804,0.7833981042671082,0.0012443020803721838,0.16999859899443961,0.17002764985492863,2.905086048901606e-05,-0.005816516434703592,0.009632429670550965,1.0026996268231623,0.9914204472696517,1.0143707505655337,2000
paper,voting,"LogisticRegression,RandomForest,AdaBoost",sigmoid,models/final_h10_CV17_paper.joblib,sigmoid,19,0.37999999999999995,saved voting threshold (also applied to raw),10,CV17,Acute_MI,single variable,cardiovascular,1,0.7533623828117632,0.7494161809367513,0.003946201875011823,0.854607250755287,0.8543712235649547,0.000236027190332333,0.7846424063474804,0.7833981042671082,0.0012443020803721838,0.1495675138032824,0.14967119319463973,0.00010367939135733084,0.0,0.010114819279783527,1.0052657014558708,1.0,1.0137124789292626,2000
own,stacking,"KNeighbors,AdaBoost,MLP,GradientBoosting",raw,models/stacking_sensitivity/h10_CV17_own.joblib,raw_fixed,20,0.5,fixed 0.5,10,CV17,Acute_MI,single variable,cardiovascular,1,0.7759907263689412,0.7700737949442613,0.005916931424679861,0.8577070745216515,0.8570776686807654,0.0006294058408861103,0.7904569354382537,0.7875456269944773,0.002911308443776406,0.14760090704816692,0.1479361005044839,0.00033519345631696784,-0.0018185556820209281,0.014673306896729207,1.0076835901487962,0.9976446958935701,1.0194099520139932,2000
own,stacking,"KNeighbors,AdaBoost,MLP,GradientBoosting",raw,models/stacking_sensitivity/h10_CV17_own.joblib,raw_threshold,20,0.49999999999999994,saved stacking threshold,10,CV17,Acute_MI,single variable,cardiovascular,1,0.7759907263689412,0.7700737949442613,0.005916931424679861,0.8577070745216515,0.8570776686807654,0.0006294058408861103,0.7904569354382537,0.7875456269944773,0.002911308443776406,0.14760090704816692,0.1479361005044839,0.00033519345631696784,-0.0018185556820209281,0.014673306896729207,1.0076835901487962,0.9976446958935701,1.0194099520139932,2000
own,stacking,"KNeighbors,AdaBoost,MLP,GradientBoosting",sigmoid,models/stacking_sensitivity/h10_CV17_own.joblib,sigmoid,21,0.5199999999999999,saved stacking threshold,10,CV17,Acute_MI,single variable,cardiovascular,1,0.7759907263689412,0.7700737949442613,0.005916931424679861,0.8577070745216515,0.8570776686807654,0.0006294058408861103,0.7904569354382537,0.7875456269944773,0.002911308443776406,0.14958529410436117,0.14995951645453223,0.0003742223501710662,-0.0018185556820209281,0.014673306896729207,1.0076835901487962,0.9976446958935701,1.0194099520139932,2000
own,stacking,"KNeighbors,AdaBoost,MLP,GradientBoosting",isotonic,models/stacking_sensitivity/h10_CV17_own.joblib,isotonic,22,0.38999999999999996,saved stacking threshold,10,CV17,Acute_MI,single variable,cardiovascular,1,0.7741796200345423,0.7723706343884909,0.0018089856460514753,0.8558896651560927,0.8569753902316214,-0.0010857250755287318,0.7534450788009935,0.7524857145125221,0.0009593642884714315,0.149993585678844,0.15010347366052368,0.00010988798167968494,-0.007669907510627352,0.010574884405018227,1.002342121211643,0.990040368172807,1.0138211476144372,2000
paper,stacking,"LogisticRegression,RandomForest,AdaBoost",raw,models/stacking_sensitivity/h10_CV17_paper.joblib,raw_fixed,23,0.5,fixed 0.5,10,CV17,Acute_MI,single variable,cardiovascular,1,0.7651549169286036,0.7733234415571738,-0.008168524628570206,0.8525931520644512,0.8522155085599195,0.0003776435045317328,0.7815738730148766,0.7795603506357193,0.0020135223791573065,0.15167901735688322,0.151837906404168,0.0001588890472847826,-0.017542221070601022,-0.0017894977882348007,0.9894371175246907,0.9775190924803959,0.9976819472145037,2000
paper,stacking,"LogisticRegression,RandomForest,AdaBoost",raw,models/stacking_sensitivity/h10_CV17_paper.joblib,raw_threshold,23,0.36999999999999994,saved stacking threshold,10,CV17,Acute_MI,single variable,cardiovascular,1,0.7487032419896108,0.7508619907449414,-0.0021587487553306195,0.8525931520644512,0.8522155085599195,0.0003776435045317328,0.7815738730148766,0.7795603506357193,0.0020135223791573065,0.15167901735688322,0.151837906404168,0.0001588890472847826,-0.009093718425661187,0.0044965405738625576,0.997124972655509,0.9876993211497261,1.0061454978444775,2000
paper,stacking,"LogisticRegression,RandomForest,AdaBoost",sigmoid,models/stacking_sensitivity/h10_CV17_paper.joblib,sigmoid,24,0.36999999999999994,saved stacking threshold,10,CV17,Acute_MI,single variable,cardiovascular,1,0.7504997728305316,0.7487032419896108,0.0017965308409207958,0.8525931520644512,0.8522155085599195,0.0003776435045317328,0.7815738730148766,0.7795603506357193,0.0020135223791573065,0.1504017806918913,0.1505866255234484,0.00018484483155709053,-0.004540279255536175,0.009660623835399102,1.0023995232558987,0.9939436891525729,1.012688024003783,2000
paper,stacking,"LogisticRegression,RandomForest,AdaBoost",isotonic,models/stacking_sensitivity/h10_CV17_paper.joblib,isotonic,25,0.5099999999999999,saved stacking threshold,10,CV17,Acute_MI,single variable,cardiovascular,1,0.7679066363551431,0.7661047269050536,0.0018019094500895116,0.8518850704934542,0.8523964627391742,-0.0005113922457200548,0.7644245964899069,0.7638994124454301,0.0005251840444767675,0.15143233036566903,0.15177822796255913,0.0003458975968901046,-0.003650573335518226,0.007304716248217684,1.0023520406372755,0.9952321131234346,1.0097068817624066,2000
LogisticRegression,individual,LogisticRegression,raw,Cached fitted individual; sigmoid fitted to cached training OOF,raw_fixed,0,0.5,fixed 0.5,10,CV17,Angiography,single variable,cardiovascular,1,0.7415237771867278,0.737577575311716,0.003946201875011823,0.8471330563947633,0.8467082074521651,0.0004248489425981994,0.7757131798023779,0.7747125510597597,0.0010006287426181926,0.18103363507285933,0.18192112806415137,0.0008874929912920382,-0.010811735082607132,0.01868287962743089,1.0053502194306057,0.9852940522757884,1.0258240343964116,2000
LogisticRegression,individual,LogisticRegression,raw,Cached fitted individual; sigmoid fitted to cached training OOF,raw_threshold,0,0.5299999999999999,own validation,10,CV17,Angiography,single variable,cardiovascular,1,0.7638589274068128,0.7539943246661114,0.009864602740701445,0.8471330563947633,0.8467082074521651,0.0004248489425981994,0.7757131798023779,0.7747125510597597,0.0010006287426181926,0.18103363507285933,0.18192112806415137,0.0008874929912920382,-0.005937777232100444,0.026670409871509013,1.0130831259838324,0.992197891607046,1.0364507843970734,2000
LogisticRegression,individual,LogisticRegression,sigmoid,Cached fitted individual; sigmoid fitted to cached training OOF,sigmoid,1,0.4599999999999999,own validation,10,CV17,Angiography,single variable,cardiovascular,1,0.7652167182662539,0.7557857283437979,0.009430989922456057,0.8471330563947633,0.8467082074521651,0.0004248489425981994,0.7757131798023779,0.7747125510597597,0.0010006287426181926,0.15425405915056228,0.1545917723996613,0.0003377132490990087,-0.008046185177638743,0.0269569946614546,1.012478391121678,0.9893684624382447,1.0363918819103752,2000
SVC,individual,SVC,raw,Cached fitted individual; sigmoid fitted to cached training OOF,raw_fixed,2,0.5,fixed 0.5,10,CV17,Angiography,single variable,cardiovascular,1,0.7626151994158625,0.7569863923000332,0.0056288071158293596,0.8393126888217523,0.8377863796576033,0.0015263091641489757,0.7721765117413423,0.7679954942789705,0.004181017462371761,0.15858315788350594,0.15893825118711782,0.0003550933036118864,-0.010220940980125623,0.02109372138640124,1.0074358101718668,0.9865490315031299,1.0284419242696181,2000
SVC,individual,SVC,raw,Cached fitted individual; sigmoid fitted to cached training OOF,raw_threshold,2,0.5299999999999999,own validation,10,CV17,Angiography,single variable,cardiovascular,1,0.7496889059060017,0.762772154316272,-0.01308324841027031,0.8393126888217523,0.8377863796576033,0.0015263091641489757,0.7721765117413423,0.7679954942789705,0.004181017462371761,0.15858315788350594,0.15893825118711782,0.0003550933036118864,-0.027410933596333693,0.0018192264366566325,0.9828477634687677,0.9640360767296107,1.0024140480286747,2000
SVC,individual,SVC,sigmoid,Cached fitted individual; sigmoid fitted to cached training OOF,sigmoid,3,0.5099999999999999,own validation,10,CV17,Angiography,single variable,cardiovascular,1,0.7472975940900469,0.762772154316272,-0.015474560226225065,0.8393126888217523,0.8377863796576033,0.0015263091641489757,0.7721765117413423,0.7679954942789705,0.004181017462371761,0.15664990147668506,0.15708027716084114,0.00043037568415607574,-0.03114881224546639,0.0,0.9797127357905506,0.9592734717417717,1.0,2000
KNeighbors,individual,KNeighbors,raw,Cached fitted individual; sigmoid fitted to cached training OOF,raw_fixed,4,0.5,fixed 0.5,10,CV17,Angiography,single variable,cardiovascular,1,0.7465134459036898,0.7201516843476643,0.026361761556025542,0.8171576032225579,0.8096676737160121,0.007489929506545812,0.7296944174064324,0.7070742422323343,0.02262017517409809,0.16746745459592483,0.17094753971612206,0.003480085120197235,0.004617730107624627,0.04887258373279972,1.0366058458641318,1.0061766218043735,1.0698777064938918,2000
KNeighbors,individual,KNeighbors,raw,Cached fitted individual; sigmoid fitted to cached training OOF,raw_threshold,4,0.5299999999999999,own validation,10,CV17,Angiography,single variable,cardiovascular,1,0.7305899970050913,0.7183094129201913,0.01228058408489996,0.8171576032225579,0.8096676737160121,0.007489929506545812,0.7296944174064324,0.7070742422323343,0.02262017517409809,0.16746745459592483,0.17094753971612206,0.003480085120197235,-0.010724787788650785,0.033940705441018314,1.0170965100331553,0.985343371416516,1.0481237971836248,2000
KNeighbors,individual,KNeighbors,sigmoid,Cached fitted individual; sigmoid fitted to cached training OOF,sigmoid,5,0.4799999999999999,own validation,10,CV17,Angiography,single variable,cardiovascular,1,0.7305899970050913,0.7183094129201913,0.01228058408489996,0.8171576032225579,0.8096676737160121,0.007489929506545812,0.7296944174064324,0.7070742422323343,0.02262017517409809,0.16492534254057886,0.16738930535753355,0.0024639628169546846,-0.010724787788650785,0.033940705441018314,1.0170965100331553,0.985343371416516,1.0481237971836248,2000
RandomForest,individual,RandomForest,raw,Cached fitted individual; sigmoid fitted to cached training OOF,raw_fixed,6,0.5,fixed 0.5,10,CV17,Angiography,single variable,cardiovascular,1,0.7497493620123952,0.7507558341244334,-0.0010064721120381925,0.8513500755287009,0.8514916918429003,-0.0001416163141993998,0.7772464964925739,0.7729976704444175,0.004248826048156462,0.15518350287581242,0.1550399056568073,-0.0001435972190051149,-0.009873929130451018,0.008210981171092065,0.9986593882241195,0.9867022967496961,1.0109285343031442,2000
RandomForest,individual,RandomForest,raw,Cached fitted individual; sigmoid fitted to cached training OOF,raw_threshold,6,0.5399999999999999,own validation,10,CV17,Angiography,single variable,cardiovascular,1,0.7534066687708716,0.7500783379813869,0.0033283307894846903,0.8513500755287009,0.8514916918429003,-0.0001416163141993998,0.7772464964925739,0.7729976704444175,0.004248826048156462,0.15518350287581242,0.1550399056568073,-0.0001435972190051149,-0.0070599165353351975,0.014405570556127963,1.0044373109060074,0.990622345345368,1.0195043975888396,2000
RandomForest,individual,RandomForest,sigmoid,Cached fitted individual; sigmoid fitted to cached training OOF,sigmoid,7,0.4799999999999999,own validation,10,CV17,Angiography,single variable,cardiovascular,1,0.7534066687708716,0.7500783379813869,0.0033283307894846903,0.8513500755287009,0.8514916918429003,-0.0001416163141993998,0.7772464964925739,0.7729976704444175,0.004248826048156462,0.15088959421792228,0.15035223774090445,-0.0005373564770178307,-0.0070599165353351975,0.014405570556127963,1.0044373109060074,0.990622345345368,1.0195043975888396,2000
AdaBoost,individual,AdaBoost,raw,Cached fitted individual; sigmoid fitted to cached training OOF,raw_fixed,8,0.5,fixed 0.5,10,CV17,Angiography,single variable,cardiovascular,1,0.7278999276149114,0.7278999276149114,0.0,0.850547583081571,0.850547583081571,0.0,0.783316089867566,0.783316089867566,0.0,0.19056556716525275,0.19056556716525275,0.0,0.0,0.0,1.0,1.0,1.0,2000
AdaBoost,individual,AdaBoost,raw,Cached fitted individual; sigmoid fitted to cached training OOF,raw_threshold,8,0.5299999999999999,own validation,10,CV17,Angiography,single variable,cardiovascular,1,0.7667436307303692,0.7667436307303692,0.0,0.850547583081571,0.850547583081571,0.0,0.783316089867566,0.783316089867566,0.0,0.19056556716525275,0.19056556716525275,0.0,0.0,0.0,1.0,1.0,1.0,2000
AdaBoost,individual,AdaBoost,sigmoid,Cached fitted individual; sigmoid fitted to cached training OOF,sigmoid,9,0.4699999999999999,own validation,10,CV17,Angiography,single variable,cardiovascular,1,0.7618621447636992,0.7618621447636992,0.0,0.850547583081571,0.850547583081571,0.0,0.783316089867566,0.783316089867566,0.0,0.14988257243690048,0.14988257243690048,0.0,0.0,0.0,1.0,1.0,1.0,2000
MLP,individual,MLP,raw,Cached fitted individual; sigmoid fitted to cached training OOF,raw_fixed,10,0.5,fixed 0.5,10,CV17,Angiography,single variable,cardiovascular,1,0.7439864303359403,0.7314708547266686,0.012515575609271634,0.8505633182275931,0.847904078549849,0.002659239677744174,0.7746309573457957,0.7732817224405468,0.0013492349052488528,0.16257933993386675,0.16512736884627713,0.002548028912410377,-0.0009908524956584257,0.025455466361818977,1.01711014940431,0.9986847954478284,1.0358216573462558,2000
MLP,individual,MLP,raw,Cached fitted individual; sigmoid fitted to cached training OOF,raw_threshold,10,0.63,own validation,10,CV17,Angiography,single variable,cardiovascular,1,0.7579402910681863,0.7620780638704394,-0.004137772802253137,0.8505633182275931,0.847904078549849,0.002659239677744174,0.7746309573457957,0.7732817224405468,0.0013492349052488528,0.16257933993386675,0.16512736884627713,0.002548028912410377,-0.010659210253165411,0.0,0.9945704082056395,0.9860527720970829,1.0,2000
MLP,individual,MLP,sigmoid,Cached fitted individual; sigmoid fitted to cached training OOF,sigmoid,11,0.5199999999999999,own validation,10,CV17,Angiography,single variable,cardiovascular,1,0.7602813339655445,0.7620780638704394,-0.0017967299048948782,0.8505633182275931,0.847904078549849,0.002659239677744174,0.7746309573457957,0.7732817224405468,0.0013492349052488528,0.15285191720214764,0.15415094715736516,0.0012990299552175233,-0.005475277218746652,0.0,0.9976423282730779,0.9928023460256193,1.0,2000
GradientBoosting,individual,GradientBoosting,raw,Cached fitted individual; sigmoid fitted to cached training OOF,raw_fixed,12,0.5,fixed 0.5,10,CV17,Angiography,single variable,cardiovascular,1,0.7407624369142034,0.7436738448546266,-0.0029114079404232163,0.8645675981873112,0.8649609768378651,-0.0003933786505538883,0.7999174922847669,0.8004225302940898,-0.000505038009322889,0.15560823441899102,0.15316491668852167,-0.002443317730469352,-0.012358139135710284,0.006485161553799422,0.9960851010687456,0.9834554540623512,1.008784292498524,2000
GradientBoosting,individual,GradientBoosting,raw,Cached fitted individual; sigmoid fitted to cached training OOF,raw_threshold,12,0.5099999999999999,own validation,10,CV17,Angiography,single variable,cardiovascular,1,0.7443600541434803,0.7433177287828451,0.001042325360635199,0.8645675981873112,0.8649609768378651,-0.0003933786505538883,0.7999174922847669,0.8004225302940898,-0.000505038009322889,0.15560823441899102,0.15316491668852167,-0.002443317730469352,-0.007941598946338562,0.011123665530258668,1.0014022608640614,0.9893629769507791,1.0150443870202641,2000
GradientBoosting,individual,GradientBoosting,sigmoid,Cached fitted individual; sigmoid fitted to cached training OOF,sigmoid,13,0.38999999999999996,own validation,10,CV17,Angiography,single variable,cardiovascular,1,0.7425610503019167,0.7454699790617396,-0.0029089287598229596,0.8645675981873112,0.8649609768378651,-0.0003933786505538883,0.7999174922847669,0.8004225302940898,-0.000505038009322889,0.14465563933665498,0.14375800923097273,-0.0008976301056822511,-0.012360392974626298,0.006495505129692174,0.9960978592813567,0.9834994735556094,1.0087528197225413,2000
XGBoost,individual,XGBoost,raw,Cached fitted individual; sigmoid fitted to cached training OOF,raw_fixed,14,0.5,fixed 0.5,10,CV17,Angiography,single variable,cardiovascular,1,0.7547437407784424,0.7479556329663908,0.006788107812051636,0.85024861530715,0.850044058408862,0.00020455689828802193,0.783435842859641,0.782314677465934,0.001121165393706991,0.1583200271760983,0.15893078916959635,0.000610761993498049,-0.004589309271449274,0.019262028506055295,1.0090755487529788,0.9939153983816769,1.0258835713860854,2000
XGBoost,individual,XGBoost,raw,Cached fitted individual; sigmoid fitted to cached training OOF,raw_threshold,14,0.5299999999999999,own validation,10,CV17,Angiography,single variable,cardiovascular,1,0.7656592812335836,0.7642919050095337,0.001367376224049921,0.85024861530715,0.850044058408862,0.00020455689828802193,0.783435842859641,0.782314677465934,0.001121165393706991,0.1583200271760983,0.15893078916959635,0.000610761993498049,-0.01282143213589107,0.0160783075077501,1.0017890758950703,0.983339345980005,1.0212064820681068,2000
XGBoost,individual,XGBoost,sigmoid,Cached fitted individual; sigmoid fitted to cached training OOF,sigmoid,15,0.4599999999999999,own validation,10,CV17,Angiography,single variable,cardiovascular,1,0.7602627068045684,0.7687380081746279,-0.008475301370059474,0.85024861530715,0.850044058408862,0.00020455689828802193,0.783435842859641,0.782314677465934,0.001121165393706991,0.15047228134058788,0.15074122079256438,0.0002689394519765076,-0.020018197032945363,0.0014522680507020498,0.9889750457503927,0.9741883352702277,1.001889912803369,2000
diverse,voting,"LogisticRegression,XGBoost,MLP",raw,models/predictive_sensitivity/h10_CV17_diverse.joblib,raw_fixed,16,0.5,fixed 0.5,10,CV17,Angiography,single variable,cardiovascular,1,0.7519248355968413,0.7393687707641197,0.012556064832721647,0.851460221550856,0.8508937562940584,0.0005664652567975992,0.7808383535993896,0.7798640728522238,0.0009742807471657677,0.16285424871514578,0.1642406482718113,0.0013863995566655296,0.002507663031933596,0.024040102755286015,1.0169821411577138,1.003343704820283,1.0325530830006768,2000
diverse,voting,"LogisticRegression,XGBoost,MLP",raw,models/predictive_sensitivity/h10_CV17_diverse.joblib,raw_threshold,16,0.41999999999999993,saved voting threshold (also applied to raw),10,CV17,Angiography,single variable,cardiovascular,1,0.7297436957420422,0.7297436957420422,0.0,0.851460221550856,0.8508937562940584,0.0005664652567975992,0.7808383535993896,0.7798640728522238,0.0009742807471657677,0.16285424871514578,0.1642406482718113,0.0013863995566655296,-0.013370632242423505,0.01202946581063077,1.0,0.9820495206754187,1.0172232961461956,2000
diverse,voting,"LogisticRegression,XGBoost,MLP",sigmoid,models/predictive_sensitivity/h10_CV17_diverse.joblib,sigmoid,17,0.41999999999999993,saved voting threshold (also applied to raw),10,CV17,Angiography,single variable,cardiovascular,1,0.7637361795963371,0.7493610223642173,0.014375157232119795,0.851460221550856,0.8508937562940584,0.0005664652567975992,0.7808383535993896,0.7798640728522238,0.0009742807471657677,0.15192518816747258,0.1527026115697172,0.0007774234022446258,0.003306444747807666,0.025978844729246758,1.0191832198407738,1.004344845177221,1.0354998091742595,2000
paper,voting,"LogisticRegression,RandomForest,AdaBoost",raw,models/final_h10_CV17_paper.joblib,raw_fixed,18,0.5,fixed 0.5,10,CV17,Angiography,single variable,cardiovascular,1,0.7519248355968413,0.7483338069527328,0.0035910286441085404,0.854607250755287,0.8542925478348439,0.00031470292044311066,0.7846424063474804,0.7837565164450652,0.0008858899024152267,0.16999859899443961,0.170709787694362,0.0007111886999223715,-0.007128154667594588,0.014566282609068212,1.0047986989372182,0.990748102119078,1.0195697071903207,2000
paper,voting,"LogisticRegression,RandomForest,AdaBoost",raw,models/final_h10_CV17_paper.joblib,raw_threshold,18,0.37999999999999995,saved voting threshold (also applied to raw),10,CV17,Angiography,single variable,cardiovascular,1,0.6995935360896781,0.6901930671347082,0.009400468954969932,0.854607250755287,0.8542925478348439,0.00031470292044311066,0.7846424063474804,0.7837565164450652,0.0008858899024152267,0.16999859899443961,0.170709787694362,0.0007111886999223715,-0.0018158378254861662,0.02109668907599202,1.0136200570573612,0.9974578063332364,1.0313067608290252,2000
paper,voting,"LogisticRegression,RandomForest,AdaBoost",sigmoid,models/final_h10_CV17_paper.joblib,sigmoid,19,0.37999999999999995,saved voting threshold (also applied to raw),10,CV17,Angiography,single variable,cardiovascular,1,0.7533623828117632,0.7472666868015705,0.006095696010192664,0.854607250755287,0.8542925478348439,0.00031470292044311066,0.7846424063474804,0.7837565164450652,0.0008858899024152267,0.1495675138032824,0.149123617174602,-0.0004438966286803847,0.0,0.014435373199280526,1.0081573233731096,1.0,1.0194385951902165,2000
own,stacking,"KNeighbors,AdaBoost,MLP,GradientBoosting",raw,models/stacking_sensitivity/h10_CV17_own.joblib,raw_fixed,20,0.5,fixed 0.5,10,CV17,Angiography,single variable,cardiovascular,1,0.7759907263689412,0.768758828201727,0.007231898167214146,0.8577070745216515,0.8548275427995972,0.0028795317220543515,0.7904569354382537,0.7886114723283998,0.0018454631098538954,0.14760090704816692,0.1485650016002606,0.000964094552093675,-0.005163162595064424,0.018996828367431735,1.0094072391781581,0.9932803707977372,1.024953296010595,2000
own,stacking,"KNeighbors,AdaBoost,MLP,GradientBoosting",raw,models/stacking_sensitivity/h10_CV17_own.joblib,raw_threshold,20,0.49999999999999994,saved stacking threshold,10,CV17,Angiography,single variable,cardiovascular,1,0.7759907263689412,0.768758828201727,0.007231898167214146,0.8577070745216515,0.8548275427995972,0.0028795317220543515,0.7904569354382537,0.7886114723283998,0.0018454631098538954,0.14760090704816692,0.1485650016002606,0.000964094552093675,-0.005163162595064424,0.018996828367431735,1.0094072391781581,0.9932803707977372,1.024953296010595,2000
own,stacking,"KNeighbors,AdaBoost,MLP,GradientBoosting",sigmoid,models/stacking_sensitivity/h10_CV17_own.joblib,sigmoid,21,0.5199999999999999,saved stacking threshold,10,CV17,Angiography,single variable,cardiovascular,1,0.7759907263689412,0.7710444027517198,0.00494632361722136,0.8577070745216515,0.8548275427995972,0.0028795317220543515,0.7904569354382537,0.7886114723283998,0.0018454631098538954,0.14958529410436117,0.150708987328816,0.0011236932244548248,-0.008120404408711507,0.01743833460538441,1.0064150956800526,0.9899003419648166,1.0231104313167891,2000
own,stacking,"KNeighbors,AdaBoost,MLP,GradientBoosting",isotonic,models/stacking_sensitivity/h10_CV17_own.joblib,isotonic,22,0.38999999999999996,saved stacking threshold,10,CV17,Angiography,single variable,cardiovascular,1,0.7741796200345423,0.7710444027517198,0.003135217282822511,0.8558896651560927,0.8544498992950654,0.0014397658610272313,0.7534450788009935,0.7574621419754323,-0.004017063174438729,0.149993585678844,0.15117405463464764,0.0011804689558036485,-0.009564018436506127,0.015418800336026635,1.004066195502663,0.9876777547168675,1.020157338265316,2000
paper,stacking,"LogisticRegression,RandomForest,AdaBoost",raw,models/stacking_sensitivity/h10_CV17_paper.joblib,raw_fixed,23,0.5,fixed 0.5,10,CV17,Angiography,single variable,cardiovascular,1,0.7651549169286036,0.7682692043774727,-0.003114287448869102,0.8525931520644512,0.851963746223565,0.0006294058408862213,0.7815738730148766,0.7792829263075561,0.0022909467073204404,0.15167901735688322,0.15135179427056372,-0.0003272230863194947,-0.015295379410487928,0.008254025913719277,0.9959463591263005,0.9805057793402048,1.010959458423233,2000
paper,stacking,"LogisticRegression,RandomForest,AdaBoost",raw,models/stacking_sensitivity/h10_CV17_paper.joblib,raw_threshold,23,0.36999999999999994,saved stacking threshold,10,CV17,Angiography,single variable,cardiovascular,1,0.7487032419896108,0.7515608034744843,-0.002857561484873483,0.8525931520644512,0.851963746223565,0.0006294058408862213,0.7815738730148766,0.7792829263075561,0.0022909467073204404,0.15167901735688322,0.15135179427056372,-0.0003272230863194947,-0.015133108459706682,0.008954127591458675,0.9961978306057702,0.9798387142284823,1.0118822192886752,2000
paper,stacking,"LogisticRegression,RandomForest,AdaBoost",sigmoid,models/stacking_sensitivity/h10_CV17_paper.joblib,sigmoid,24,0.36999999999999994,saved stacking threshold,10,CV17,Angiography,single variable,cardiovascular,1,0.7504997728305316,0.7515608034744843,-0.0010610306439526873,0.8525931520644512,0.851963746223565,0.0006294058408862213,0.7815738730148766,0.7792829263075561,0.0022909467073204404,0.1504017806918913,0.15023536350203948,-0.00016641718985183074,-0.01421386249200598,0.011272230586063366,0.9985882304677844,0.9815625993135385,1.0152226973981135,2000
paper,stacking,"LogisticRegression,RandomForest,AdaBoost",isotonic,models/stacking_sensitivity/h10_CV17_paper.joblib,isotonic,25,0.5099999999999999,saved stacking threshold,10,CV17,Angiography,single variable,cardiovascular,1,0.7679066363551431,0.7674358734319415,0.0004707629232015842,0.8518850704934542,0.8504767749244713,0.0014082955689829202,0.7644245964899069,0.7584198603569892,0.006004736132917743,0.15143233036566903,0.15257355720157312,0.0011412268359040911,-0.01142035576758518,0.012253748001274182,1.000613423139964,0.9850513303616172,1.0158399533662645,2000
LogisticRegression,individual,LogisticRegression,raw,Cached fitted individual; sigmoid fitted to cached training OOF,raw_fixed,0,0.5,fixed 0.5,10,CV17,Vessels,single variable,cardiovascular,1,0.7415237771867278,0.7393687707641197,0.00215500642260813,0.8471330563947633,0.8413425226586103,0.005790533736153014,0.7757131798023779,0.771148721345055,0.004564458457322895,0.18103363507285933,0.18239072928856906,0.001357094215709731,-0.012075805206306448,0.01642531792073385,1.0029146570802294,0.9836587437830625,1.0227581422403746,2000
LogisticRegression,individual,LogisticRegression,raw,Cached fitted individual; sigmoid fitted to cached training OOF,raw_threshold,0,0.5299999999999999,own validation,10,CV17,Vessels,single variable,cardiovascular,1,0.7638589274068128,0.7561771561771562,0.007681771229656631,0.8471330563947633,0.8413425226586103,0.005790533736153014,0.7757131798023779,0.771148721345055,0.004564458457322895,0.18103363507285933,0.18239072928856906,0.001357094215709731,-0.014677748286531705,0.02935424425114119,1.0101586925324375,0.9809590269703398,1.0393124981097501,2000
LogisticRegression,individual,LogisticRegression,sigmoid,Cached fitted individual; sigmoid fitted to cached training OOF,sigmoid,1,0.4599999999999999,own validation,10,CV17,Vessels,single variable,cardiovascular,1,0.7652167182662539,0.7569863923000332,0.008230325966220753,0.8471330563947633,0.8413425226586103,0.005790533736153014,0.7757131798023779,0.771148721345055,0.004564458457322895,0.15425405915056228,0.15695491462301453,0.002700855472452246,-0.013066467773021725,0.02892332978214352,1.0108724886602172,0.9831045743735868,1.0386616697444304,2000
SVC,individual,SVC,raw,Cached fitted individual; sigmoid fitted to cached training OOF,raw_fixed,2,0.5,fixed 0.5,10,CV17,Vessels,single variable,cardiovascular,1,0.7626151994158625,0.7478820926189347,0.014733106796927853,0.8393126888217523,0.8348439073514602,0.00446878147029206,0.7721765117413423,0.7661675427956371,0.006008968945705129,0.15858315788350594,0.16010503035238094,0.0015218724688750018,-0.0035453965816459095,0.03334595821186103,1.019699772119607,0.9952147030363717,1.0453502432777675,2000
SVC,individual,SVC,raw,Cached fitted individual; sigmoid fitted to cached training OOF,raw_threshold,2,0.5299999999999999,own validation,10,CV17,Vessels,single variable,cardiovascular,1,0.7496889059060017,0.7447535383113714,0.004935367594630313,0.8393126888217523,0.8348439073514602,0.00446878147029206,0.7721765117413423,0.7661675427956371,0.006008968945705129,0.15858315788350594,0.16010503035238094,0.0015218724688750018,-0.012682164999717074,0.02330602065816501,1.0066268467899067,0.9831206271552704,1.0316957574978305,2000
SVC,individual,SVC,sigmoid,Cached fitted individual; sigmoid fitted to cached training OOF,sigmoid,3,0.5099999999999999,own validation,10,CV17,Vessels,single variable,cardiovascular,1,0.7472975940900469,0.7373987690314221,0.009898825058624827,0.8393126888217523,0.8348439073514602,0.00446878147029206,0.7721765117413423,0.7661675427956371,0.006008968945705129,0.15664990147668506,0.15834399369059562,0.001694092213910564,-0.006461959159350647,0.026823480540197273,1.0134239782792518,0.9912865917087396,1.0370162749074807,2000
KNeighbors,individual,KNeighbors,raw,Cached fitted individual; sigmoid fitted to cached training OOF,raw_fixed,4,0.5,fixed 0.5,10,CV17,Vessels,single variable,cardiovascular,1,0.7465134459036898,0.7354050727206817,0.011108373183008169,0.8171576032225579,0.8040659617321249,0.01309164149043307,0.7296944174064324,0.7256753443948138,0.004019073011618524,0.16746745459592483,0.1699242255541944,0.002456770958269572,-0.012695811137174915,0.034461426311277805,1.0151051081846798,0.982964267511674,1.047489589246472,2000
KNeighbors,individual,KNeighbors,raw,Cached fitted individual; sigmoid fitted to cached training OOF,raw_threshold,4,0.5299999999999999,own validation,10,CV17,Vessels,single variable,cardiovascular,1,0.7305899970050913,0.723212831786354,0.007377165218737325,0.8171576032225579,0.8040659617321249,0.01309164149043307,0.7296944174064324,0.7256753443948138,0.004019073011618524,0.16746745459592483,0.1699242255541944,0.002456770958269572,-0.015948573796894606,0.030406944672719424,1.010200545253761,0.9782383243114499,1.0433480593953082,2000
KNeighbors,individual,KNeighbors,sigmoid,Cached fitted individual; sigmoid fitted to cached training OOF,sigmoid,5,0.4799999999999999,own validation,10,CV17,Vessels,single variable,cardiovascular,1,0.7305899970050913,0.7207027985568986,0.009887198448192747,0.8171576032225579,0.8040659617321249,0.01309164149043307,0.7296944174064324,0.7256753443948138,0.004019073011618524,0.16492534254057886,0.16861874985017122,0.0036934073095923614,-0.013048876708895405,0.033150291584008056,1.0137188289930197,0.9821555254530846,1.047587361046137,2000
RandomForest,individual,RandomForest,raw,Cached fitted individual; sigmoid fitted to cached training OOF,raw_fixed,6,0.5,fixed 0.5,10,CV17,Vessels,single variable,cardiovascular,1,0.7497493620123952,0.7472404260666163,0.002508935945778834,0.8513500755287009,0.8483289274924471,0.0030211480362537513,0.7772464964925739,0.7755098607618063,0.001736635730767655,0.15518350287581242,0.15475735602341045,-0.0004261468524019707,-0.014799193816408637,0.02057673518984933,1.003357601995633,0.9805803827157754,1.028238371739731,2000
RandomForest,individual,RandomForest,raw,Cached fitted individual; sigmoid fitted to cached training OOF,raw_threshold,6,0.5399999999999999,own validation,10,CV17,Vessels,single variable,cardiovascular,1,0.7534066687708716,0.7586102622867328,-0.0052035935158611935,0.8513500755287009,0.8483289274924471,0.0030211480362537513,0.7772464964925739,0.7755098607618063,0.001736635730767655,0.15518350287581242,0.15475735602341045,-0.0004261468524019707,-0.02164904739008596,0.01176344507486461,0.9931406233549022,0.9712806106405466,1.0153690399898094,2000
RandomForest,individual,RandomForest,sigmoid,Cached fitted individual; sigmoid fitted to cached training OOF,sigmoid,7,0.4799999999999999,own validation,10,CV17,Vessels,single variable,cardiovascular,1,0.7534066687708716,0.760406168211641,-0.006999499440769386,0.8513500755287009,0.8483289274924471,0.0030211480362537513,0.7772464964925739,0.7755098607618063,0.001736635730767655,0.15088959421792228,0.1518106436883814,0.0009210494704591232,-0.023581708816458564,0.010218217120477038,0.9907950517323773,0.969278236472464,1.0139056583080874,2000
AdaBoost,individual,AdaBoost,raw,Cached fitted individual; sigmoid fitted to cached training OOF,raw_fixed,8,0.5,fixed 0.5,10,CV17,Vessels,single variable,cardiovascular,1,0.7278999276149114,0.7278999276149114,0.0,0.850547583081571,0.850547583081571,0.0,0.783316089867566,0.783316089867566,0.0,0.19056556716525275,0.19056556716525275,0.0,0.0,0.0,1.0,1.0,1.0,2000
AdaBoost,individual,AdaBoost,raw,Cached fitted individual; sigmoid fitted to cached training OOF,raw_threshold,8,0.5299999999999999,own validation,10,CV17,Vessels,single variable,cardiovascular,1,0.7667436307303692,0.7667436307303692,0.0,0.850547583081571,0.850547583081571,0.0,0.783316089867566,0.783316089867566,0.0,0.19056556716525275,0.19056556716525275,0.0,0.0,0.0,1.0,1.0,1.0,2000
AdaBoost,individual,AdaBoost,sigmoid,Cached fitted individual; sigmoid fitted to cached training OOF,sigmoid,9,0.4699999999999999,own validation,10,CV17,Vessels,single variable,cardiovascular,1,0.7618621447636992,0.7618621447636992,0.0,0.850547583081571,0.850547583081571,0.0,0.783316089867566,0.783316089867566,0.0,0.14988257243690048,0.14988257243690048,0.0,0.0,0.0,1.0,1.0,1.0,2000
MLP,individual,MLP,raw,Cached fitted individual; sigmoid fitted to cached training OOF,raw_fixed,10,0.5,fixed 0.5,10,CV17,Vessels,single variable,cardiovascular,1,0.7439864303359403,0.74437055981813,-0.0003841294821897989,0.8505633182275931,0.8448514602215509,0.005711858006042236,0.7746309573457957,0.7706368320757812,0.003994125270014526,0.16257933993386675,0.1637354319661866,0.0011560920323198387,-0.024411516199138623,0.02259021115061408,0.9994839539566374,0.9676774212515168,1.0313580602689651,2000
MLP,individual,MLP,raw,Cached fitted individual; sigmoid fitted to cached training OOF,raw_threshold,10,0.63,own validation,10,CV17,Vessels,single variable,cardiovascular,1,0.7579402910681863,0.746048243730763,0.011892047337423328,0.8505633182275931,0.8448514602215509,0.005711858006042236,0.7746309573457957,0.7706368320757812,0.003994125270014526,0.16257933993386675,0.1637354319661866,0.0011560920323198387,-0.007293568903841824,0.03160925531871508,1.015940051380531,0.9904637219729207,1.0435161956758805,2000
MLP,individual,MLP,sigmoid,Cached fitted individual; sigmoid fitted to cached training OOF,sigmoid,11,0.5199999999999999,own validation,10,CV17,Vessels,single variable,cardiovascular,1,0.7602813339655445,0.742491383554899,0.017789950410645572,0.8505633182275931,0.8448514602215509,0.005711858006042236,0.7746309573457957,0.7706368320757812,0.003994125270014526,0.15285191720214764,0.15564741262636497,0.002795495424217337,-0.0023552726289852526,0.03936846155979143,1.0239598072175207,0.9968414036634662,1.0541618212467498,2000
GradientBoosting,individual,GradientBoosting,raw,Cached fitted individual; sigmoid fitted to cached training OOF,raw_fixed,12,0.5,fixed 0.5,10,CV17,Vessels,single variable,cardiovascular,1,0.7407624369142034,0.7409944229421266,-0.00023198602792318113,0.8645675981873112,0.8577857502517623,0.006781847935548924,0.7999174922847669,0.7902065516103091,0.00971094067445788,0.15560823441899102,0.15395313301670033,-0.001655101402290693,-0.01951622606447765,0.01964092078345107,0.999686926081033,0.9738360462169815,1.0270387096270543,2000
GradientBoosting,individual,GradientBoosting,raw,Cached fitted individual; sigmoid fitted to cached training OOF,raw_threshold,12,0.5099999999999999,own validation,10,CV17,Vessels,single variable,cardiovascular,1,0.7443600541434803,0.7419299312624077,0.002430122881072583,0.8645675981873112,0.8577857502517623,0.006781847935548924,0.7999174922847669,0.7902065516103091,0.00971094067445788,0.15560823441899102,0.15395313301670033,-0.001655101402290693,-0.016959748970201142,0.022081943696351955,1.003275407526608,0.977549303026383,1.030136704645398,2000
GradientBoosting,individual,GradientBoosting,sigmoid,Cached fitted individual; sigmoid fitted to cached training OOF,sigmoid,13,0.38999999999999996,own validation,10,CV17,Vessels,single variable,cardiovascular,1,0.7425610503019167,0.7383651881694766,0.004195862132440054,0.8645675981873112,0.8577857502517623,0.006781847935548924,0.7999174922847669,0.7902065516103091,0.00971094067445788,0.14465563933665498,0.147076004715302,0.0024203653786470103,-0.01580258122189559,0.024496606675860528,1.0056826380762103,0.9788615671427436,1.0335182002603085,2000
XGBoost,individual,XGBoost,raw,Cached fitted individual; sigmoid fitted to cached training OOF,raw_fixed,14,0.5,fixed 0.5,10,CV17,Vessels,single variable,cardiovascular,1,0.7547437407784424,0.7517227649995406,0.0030209757789018132,0.85024861530715,0.8473690835850957,0.0028795317220543515,0.783435842859641,0.7830695728855327,0.00036626997410826867,0.1583200271760983,0.15924316381178777,0.0009231366356894644,-0.007575950085113609,0.013981645925998917,1.00401873658689,0.9897501352294659,1.0189691532777359,2000
XGBoost,individual,XGBoost,raw,Cached fitted individual; sigmoid fitted to cached training OOF,raw_threshold,14,0.5299999999999999,own validation,10,CV17,Vessels,single variable,cardiovascular,1,0.7656592812335836,0.7485420931819592,0.017117188051624432,0.85024861530715,0.8473690835850957,0.0028795317220543515,0.783435842859641,0.7830695728855327,0.00036626997410826867,0.1583200271760983,0.15924316381178777,0.0009231366356894644,0.0018225801267084812,0.03301117688644712,1.0228673687258674,1.0023948740839455,1.0447226359669197,2000
XGBoost,individual,XGBoost,sigmoid,Cached fitted individual; sigmoid fitted to cached training OOF,sigmoid,15,0.4599999999999999,own validation,10,CV17,Vessels,single variable,cardiovascular,1,0.7602627068045684,0.7467587051089857,0.013504001695582746,0.85024861530715,0.8473690835850957,0.0028795317220543515,0.783435842859641,0.7830695728855327,0.00036626997410826867,0.15047228134058788,0.15193808859029662,0.0014658072497087393,-0.0018167446435442185,0.029177302742561653,1.0180834874815579,0.9975946200333315,1.0397688030758707,2000
diverse,voting,"LogisticRegression,XGBoost,MLP",raw,models/predictive_sensitivity/h10_CV17_diverse.joblib,raw_fixed,16,0.5,fixed 0.5,10,CV17,Vessels,single variable,cardiovascular,1,0.7519248355968413,0.7511543014620518,0.0007705341347895578,0.851460221550856,0.8469127643504532,0.004547457200402838,0.7808383535993896,0.7770105585862918,0.0038277950130978233,0.16285424871514578,0.16410879131598347,0.0012545426008376825,-0.015305519531748921,0.01727716273816198,1.0010258000696926,0.9799293014146339,1.023290020756748,2000
diverse,voting,"LogisticRegression,XGBoost,MLP",raw,models/predictive_sensitivity/h10_CV17_diverse.joblib,raw_threshold,16,0.41999999999999993,saved voting threshold (also applied to raw),10,CV17,Vessels,single variable,cardiovascular,1,0.7297436957420422,0.7238475030000923,0.005896192741949968,0.851460221550856,0.8469127643504532,0.004547457200402838,0.7808383535993896,0.7770105585862918,0.0038277950130978233,0.16285424871514578,0.16410879131598347,0.0012545426008376825,-0.011148091881851818,0.023194055380984523,1.0081456283506018,0.9848552564896048,1.0330482332544815,2000
diverse,voting,"LogisticRegression,XGBoost,MLP",sigmoid,models/predictive_sensitivity/h10_CV17_diverse.joblib,sigmoid,17,0.41999999999999993,saved voting threshold (also applied to raw),10,CV17,Vessels,single variable,cardiovascular,1,0.7637361795963371,0.7544411945812808,0.009294985015056323,0.851460221550856,0.8469127643504532,0.004547457200402838,0.7808383535993896,0.7770105585862918,0.0038277950130978233,0.15192518816747258,0.15437242769713244,0.0024472395296598615,-0.0074597695216331835,0.02614157359537085,1.0123203572151374,0.9903125988106509,1.0358299988289454,2000
paper,voting,"LogisticRegression,RandomForest,AdaBoost",raw,models/final_h10_CV17_paper.joblib,raw_fixed,18,0.5,fixed 0.5,10,CV17,Vessels,single variable,cardiovascular,1,0.7519248355968413,0.7619353629474924,-0.01001052735065111,0.854607250755287,0.8512713997985901,0.003335850956696862,0.7846424063474804,0.7824297309717242,0.002212675375756201,0.16999859899443961,0.17051511153376944,0.0005165125393298275,-0.026759020517942066,0.0045784612849127816,0.9868617105368018,0.9651439613081007,1.0060694746234984,2000
paper,voting,"LogisticRegression,RandomForest,AdaBoost",raw,models/final_h10_CV17_paper.joblib,raw_threshold,18,0.37999999999999995,saved voting threshold (also applied to raw),10,CV17,Vessels,single variable,cardiovascular,1,0.6995935360896781,0.6938835235586772,0.0057100125310008965,0.854607250755287,0.8512713997985901,0.003335850956696862,0.7846424063474804,0.7824297309717242,0.002212675375756201,0.16999859899443961,0.17051511153376944,0.0005165125393298275,-0.005480623676932195,0.017112891252182457,1.0082290648749177,0.9921689954431583,1.0251776493833145,2000
paper,voting,"LogisticRegression,RandomForest,AdaBoost",sigmoid,models/final_h10_CV17_paper.joblib,sigmoid,19,0.37999999999999995,saved voting threshold (also applied to raw),10,CV17,Vessels,single variable,cardiovascular,1,0.7533623828117632,0.7649026300551611,-0.011540247243397972,0.854607250755287,0.8512713997985901,0.003335850956696862,0.7846424063474804,0.7824297309717242,0.002212675375756201,0.1495675138032824,0.15058056143682755,0.00101304763354515,-0.026818262518752294,0.002521169032389161,0.9849127891708703,0.9651545391963948,1.0033604419890267,2000
own,stacking,"KNeighbors,AdaBoost,MLP,GradientBoosting",raw,models/stacking_sensitivity/h10_CV17_own.joblib,raw_fixed,20,0.5,fixed 0.5,10,CV17,Vessels,single variable,cardiovascular,1,0.7759907263689412,0.753860757474235,0.022129968894706198,0.8577070745216515,0.8520266868076536,0.005680387713997925,0.7904569354382537,0.7849591789765143,0.005497756461739334,0.14760090704816692,0.1501562669564,0.002555359908233079,0.004096889234402466,0.041732639341075996,1.0293555125071787,1.005099598086947,1.0560388982745725,2000
own,stacking,"KNeighbors,AdaBoost,MLP,GradientBoosting",raw,models/stacking_sensitivity/h10_CV17_own.joblib,raw_threshold,20,0.49999999999999994,saved stacking threshold,10,CV17,Vessels,single variable,cardiovascular,1,0.7759907263689412,0.753860757474235,0.022129968894706198,0.8577070745216515,0.8520266868076536,0.005680387713997925,0.7904569354382537,0.7849591789765143,0.005497756461739334,0.14760090704816692,0.1501562669564,0.002555359908233079,0.004096889234402466,0.041732639341075996,1.0293555125071787,1.005099598086947,1.0560388982745725,2000
own,stacking,"KNeighbors,AdaBoost,MLP,GradientBoosting",sigmoid,models/stacking_sensitivity/h10_CV17_own.joblib,sigmoid,21,0.5199999999999999,saved stacking threshold,10,CV17,Vessels,single variable,cardiovascular,1,0.7759907263689412,0.753860757474235,0.022129968894706198,0.8577070745216515,0.8520266868076536,0.005680387713997925,0.7904569354382537,0.7849591789765143,0.005497756461739334,0.14958529410436117,0.15228261856446101,0.002697324460099848,0.004096889234402466,0.041732639341075996,1.0293555125071787,1.005099598086947,1.0560388982745725,2000
own,stacking,"KNeighbors,AdaBoost,MLP,GradientBoosting",isotonic,models/stacking_sensitivity/h10_CV17_own.joblib,isotonic,22,0.38999999999999996,saved stacking threshold,10,CV17,Vessels,single variable,cardiovascular,1,0.7741796200345423,0.753860757474235,0.02031886256030735,0.8558896651560927,0.8521447004028198,0.003744964753272906,0.7534450788009935,0.757065172388844,-0.003620093587850426,0.149993585678844,0.15301871148323717,0.0030251258043931806,0.002878071515996991,0.03895317120576985,1.0269530710530477,1.003845660092817,1.0527546128322434,2000
paper,stacking,"LogisticRegression,RandomForest,AdaBoost",raw,models/stacking_sensitivity/h10_CV17_paper.joblib,raw_fixed,23,0.5,fixed 0.5,10,CV17,Vessels,single variable,cardiovascular,1,0.7651549169286036,0.7496647454636798,0.015490171464923819,0.8525931520644512,0.8482974572004028,0.0042956948640483494,0.7815738730148766,0.7786181595279992,0.002955713486877398,0.15167901735688322,0.15344569560077378,0.0017666782438905682,-0.005412681931893171,0.03570960374448563,1.0206627983490713,0.992889549544938,1.0487840162162314,2000
paper,stacking,"LogisticRegression,RandomForest,AdaBoost",raw,models/stacking_sensitivity/h10_CV17_paper.joblib,raw_threshold,23,0.36999999999999994,saved stacking threshold,10,CV17,Vessels,single variable,cardiovascular,1,0.7487032419896108,0.7663261604261737,-0.01762291843656294,0.8525931520644512,0.8482974572004028,0.0042956948640483494,0.7815738730148766,0.7786181595279992,0.002955713486877398,0.15167901735688322,0.15344569560077378,0.0017666782438905682,-0.03313891905892601,-0.0018942303916750067,0.977003370957919,0.956555678207312,0.9973854081990511,2000
paper,stacking,"LogisticRegression,RandomForest,AdaBoost",sigmoid,models/stacking_sensitivity/h10_CV17_paper.joblib,sigmoid,24,0.36999999999999994,saved stacking threshold,10,CV17,Vessels,single variable,cardiovascular,1,0.7504997728305316,0.7663261604261737,-0.015826387595642144,0.8525931520644512,0.8482974572004028,0.0042956948640483494,0.7815738730148766,0.7786181595279992,0.002955713486877398,0.1504017806918913,0.15231516220674432,0.0019133815148530131,-0.031065965355571084,-0.0006037247855366936,0.9793477132676239,0.9594678447641437,0.9992182998877903,2000
paper,stacking,"LogisticRegression,RandomForest,AdaBoost",isotonic,models/stacking_sensitivity/h10_CV17_paper.joblib,isotonic,25,0.5099999999999999,saved stacking threshold,10,CV17,Vessels,single variable,cardiovascular,1,0.7679066363551431,0.7566943165331483,0.011212319821994776,0.8518850704934542,0.847605110775428,0.004279959718026194,0.7644245964899069,0.7613549847371316,0.003069611752775314,0.15143233036566903,0.1523966425411573,0.0009643121754882855,-0.008631056678052728,0.031010393280579366,1.0148175023612769,0.9890916458588895,1.0416949886332358,2000
LogisticRegression,individual,LogisticRegression,raw,Cached fitted individual; sigmoid fitted to cached training OOF,raw_fixed,0,0.5,fixed 0.5,10,CV17,Ischemia,single variable,cardiovascular,1,0.7415237771867278,0.7469074191694643,-0.005383641982736553,0.8471330563947633,0.8456854229607251,0.001447633434038198,0.7757131798023779,0.7764868037437428,-0.0007736239413649315,0.18103363507285933,0.18157178326950044,0.0005381481966411084,-0.020546602999494686,0.00874421973930194,0.9927920892943827,0.9728269168313368,1.01201153376533,2000
LogisticRegression,individual,LogisticRegression,raw,Cached fitted individual; sigmoid fitted to cached training OOF,raw_threshold,0,0.5299999999999999,own validation,10,CV17,Ischemia,single variable,cardiovascular,1,0.7638589274068128,0.7517491288122904,0.012109798594522436,0.8471330563947633,0.8456854229607251,0.001447633434038198,0.7757131798023779,0.7764868037437428,-0.0007736239413649315,0.18103363507285933,0.18157178326950044,0.0005381481966411084,-0.004743784057870379,0.02999487430993974,1.0161088295687886,0.9940265826714799,1.0403490821153951,2000
LogisticRegression,individual,LogisticRegression,sigmoid,Cached fitted individual; sigmoid fitted to cached training OOF,sigmoid,1,0.4599999999999999,own validation,10,CV17,Ischemia,single variable,cardiovascular,1,0.7652167182662539,0.7512845792495506,0.013932139016703315,0.8471330563947633,0.8456854229607251,0.001447633434038198,0.7757131798023779,0.7764868037437428,-0.0007736239413649315,0.15425405915056228,0.153997061764576,-0.0002569973859862795,-0.0017843328558948212,0.031136183533241026,1.0185444229809961,0.9976100918721796,1.0424131866018636,2000
SVC,individual,SVC,raw,Cached fitted individual; sigmoid fitted to cached training OOF,raw_fixed,2,0.5,fixed 0.5,10,CV17,Ischemia,single variable,cardiovascular,1,0.7626151994158625,0.7659679698539802,-0.003352770438117658,0.8393126888217523,0.8375110146022156,0.0018016742195366975,0.7721765117413423,0.7709012810036966,0.0012752307376456828,0.15858315788350594,0.158080336023846,-0.000502821859659941,-0.01723809206211199,0.009879965260227644,0.9956228320633866,0.977668676982848,1.0130103425983974,2000
SVC,individual,SVC,raw,Cached fitted individual; sigmoid fitted to cached training OOF,raw_threshold,2,0.5299999999999999,own validation,10,CV17,Ischemia,single variable,cardiovascular,1,0.7496889059060017,0.7687398667086274,-0.019050960802625694,0.8393126888217523,0.8375110146022156,0.0018016742195366975,0.7721765117413423,0.7709012810036966,0.0012752307376456828,0.15858315788350594,0.158080336023846,-0.000502821859659941,-0.035351827321806494,-0.004196413742678479,0.9752179357053606,0.9545432386764366,0.9945421579359068,2000
SVC,individual,SVC,sigmoid,Cached fitted individual; sigmoid fitted to cached training OOF,sigmoid,3,0.5099999999999999,own validation,10,CV17,Ischemia,single variable,cardiovascular,1,0.7472975940900469,0.7658084119622581,-0.018510817872211205,0.8393126888217523,0.8375110146022156,0.0018016742195366975,0.7721765117413423,0.7709012810036966,0.0012752307376456828,0.15664990147668506,0.15635184580230702,-0.0002980556743780449,-0.03496369446994383,-0.0011423581851375206,0.9758283957409396,0.9548826016157124,0.998491211362852,2000
KNeighbors,individual,KNeighbors,raw,Cached fitted individual; sigmoid fitted to cached training OOF,raw_fixed,4,0.5,fixed 0.5,10,CV17,Ischemia,single variable,cardiovascular,1,0.7465134459036898,0.749330745940638,-0.002817300036948134,0.8171576032225579,0.8117447129909365,0.005412890231621392,0.7296944174064324,0.7138579729088267,0.015836444497605684,0.16746745459592483,0.17019934832216915,0.0027318937262443277,-0.02533006969041206,0.01774933745969762,0.9962402449756528,0.966265465673367,1.0241070230265348,2000
KNeighbors,individual,KNeighbors,raw,Cached fitted individual; sigmoid fitted to cached training OOF,raw_threshold,4,0.5299999999999999,own validation,10,CV17,Ischemia,single variable,cardiovascular,1,0.7305899970050913,0.7395719219691749,-0.008981924964083565,0.8171576032225579,0.8117447129909365,0.005412890231621392,0.7296944174064324,0.7138579729088267,0.015836444497605684,0.16746745459592483,0.17019934832216915,0.0027318937262443277,-0.029708522935412773,0.011299190353222372,0.9878552380136764,0.9608939607817882,1.015855315960992,2000
KNeighbors,individual,KNeighbors,sigmoid,Cached fitted individual; sigmoid fitted to cached training OOF,sigmoid,5,0.4799999999999999,own validation,10,CV17,Ischemia,single variable,cardiovascular,1,0.7305899970050913,0.7413452027695351,-0.010755205764443776,0.8171576032225579,0.8117447129909365,0.005412890231621392,0.7296944174064324,0.7138579729088267,0.015836444497605684,0.16492534254057886,0.1671226886520364,0.0021973461114575266,-0.03201819569266011,0.009664613800462601,0.9854923108367543,0.9579783019685206,1.0135453746842311,2000
RandomForest,individual,RandomForest,raw,Cached fitted individual; sigmoid fitted to cached training OOF,raw_fixed,6,0.5,fixed 0.5,10,CV17,Ischemia,single variable,cardiovascular,1,0.7497493620123952,0.7440212644197464,0.0057280975926488065,0.8513500755287009,0.8489268630412891,0.002423212487411841,0.7772464964925739,0.7723472812811613,0.0048992152114126775,0.15518350287581242,0.15813588888992744,0.002952386014115016,-0.006759343115090499,0.018996932389461558,1.0076988358620584,0.9908510412235889,1.025747802192853,2000
RandomForest,individual,RandomForest,raw,Cached fitted individual; sigmoid fitted to cached training OOF,raw_threshold,6,0.5399999999999999,own validation,10,CV17,Ischemia,single variable,cardiovascular,1,0.7534066687708716,0.749497852353141,0.003908816417730554,0.8513500755287009,0.8489268630412891,0.002423212487411841,0.7772464964925739,0.7723472812811613,0.0048992152114126775,0.15518350287581242,0.15813588888992744,0.002952386014115016,-0.008649306260705375,0.01646710745249487,1.0052152469889786,0.988604749442939,1.0225843071699734,2000
RandomForest,individual,RandomForest,sigmoid,Cached fitted individual; sigmoid fitted to cached training OOF,sigmoid,7,0.4799999999999999,own validation,10,CV17,Ischemia,single variable,cardiovascular,1,0.7534066687708716,0.749497852353141,0.003908816417730554,0.8513500755287009,0.8489268630412891,0.002423212487411841,0.7772464964925739,0.7723472812811613,0.0048992152114126775,0.15088959421792228,0.15288516121243312,0.001995566994510839,-0.008649306260705375,0.01646710745249487,1.0052152469889786,0.988604749442939,1.0225843071699734,2000
AdaBoost,individual,AdaBoost,raw,Cached fitted individual; sigmoid fitted to cached training OOF,raw_fixed,8,0.5,fixed 0.5,10,CV17,Ischemia,single variable,cardiovascular,1,0.7278999276149114,0.7278999276149114,0.0,0.850547583081571,0.850547583081571,0.0,0.783316089867566,0.783316089867566,0.0,0.19056556716525275,0.19056556716525275,0.0,0.0,0.0,1.0,1.0,1.0,2000
AdaBoost,individual,AdaBoost,raw,Cached fitted individual; sigmoid fitted to cached training OOF,raw_threshold,8,0.5299999999999999,own validation,10,CV17,Ischemia,single variable,cardiovascular,1,0.7667436307303692,0.7667436307303692,0.0,0.850547583081571,0.850547583081571,0.0,0.783316089867566,0.783316089867566,0.0,0.19056556716525275,0.19056556716525275,0.0,0.0,0.0,1.0,1.0,1.0,2000
AdaBoost,individual,AdaBoost,sigmoid,Cached fitted individual; sigmoid fitted to cached training OOF,sigmoid,9,0.4699999999999999,own validation,10,CV17,Ischemia,single variable,cardiovascular,1,0.7618621447636992,0.7618621447636992,0.0,0.850547583081571,0.850547583081571,0.0,0.783316089867566,0.783316089867566,0.0,0.14988257243690048,0.14988257243690048,0.0,0.0,0.0,1.0,1.0,1.0,2000
MLP,individual,MLP,raw,Cached fitted individual; sigmoid fitted to cached training OOF,raw_fixed,10,0.5,fixed 0.5,10,CV17,Ischemia,single variable,cardiovascular,1,0.7439864303359403,0.737577575311716,0.00640885502422428,0.8505633182275931,0.8499024420946626,0.0006608761329305324,0.7746309573457957,0.7765018113193151,-0.0018708539735193819,0.16257933993386675,0.1625699452981363,-9.394635730464174e-06,-0.008367055062163902,0.022013940065056387,1.0086890589393471,0.9886390674230647,1.0299762852290693,2000
MLP,individual,MLP,raw,Cached fitted individual; sigmoid fitted to cached training OOF,raw_threshold,10,0.63,own validation,10,CV17,Ischemia,single variable,cardiovascular,1,0.7579402910681863,0.766376312178935,-0.008436021110748704,0.8505633182275931,0.8499024420946626,0.0006608761329305324,0.7746309573457957,0.7765018113193151,-0.0018708539735193819,0.16257933993386675,0.1625699452981363,-9.394635730464174e-06,-0.0260121228196531,0.007221656800971122,0.988992325341106,0.9662132268770202,1.0096616002318888,2000
MLP,individual,MLP,sigmoid,Cached fitted individual; sigmoid fitted to cached training OOF,sigmoid,11,0.5199999999999999,own validation,10,CV17,Ischemia,single variable,cardiovascular,1,0.7602813339655445,0.7645730174601342,-0.004291683494589638,0.8505633182275931,0.8499024420946626,0.0006608761329305324,0.7746309573457957,0.7765018113193151,-0.0018708539735193819,0.15285191720214764,0.15263968988016247,-0.00021222732198517003,-0.020889550989167012,0.010724383502856635,0.9943868232378297,0.9726228168358766,1.0141137236717321,2000
GradientBoosting,individual,GradientBoosting,raw,Cached fitted individual; sigmoid fitted to cached training OOF,raw_fixed,12,0.5,fixed 0.5,10,CV17,Ischemia,single variable,cardiovascular,1,0.7407624369142034,0.740785183252902,-2.274633869858711e-05,0.8645675981873112,0.8644259818731118,0.0001416163141993998,0.7999174922847669,0.8015328843634925,-0.0016153920787255194,0.15560823441899102,0.15954148946381597,0.003933255044824946,-0.013917778749787026,0.01453346398101808,0.9999692942850197,0.9812993011344944,1.0198230973394937,2000
GradientBoosting,individual,GradientBoosting,raw,Cached fitted individual; sigmoid fitted to cached training OOF,raw_threshold,12,0.5099999999999999,own validation,10,CV17,Ischemia,single variable,cardiovascular,1,0.7443600541434803,0.7480252322102834,-0.0036651780668031098,0.8645675981873112,0.8644259818731118,0.0001416163141993998,0.7999174922847669,0.8015328843634925,-0.0016153920787255194,0.15560823441899102,0.15954148946381597,0.003933255044824946,-0.0166154739841654,0.00921346841642888,0.9951001946071082,0.977724652504821,1.012351464875088,2000
GradientBoosting,individual,GradientBoosting,sigmoid,Cached fitted individual; sigmoid fitted to cached training OOF,sigmoid,13,0.38999999999999996,own validation,10,CV17,Ischemia,single variable,cardiovascular,1,0.7425610503019167,0.7444050243795071,-0.0018439740775904045,0.8645675981873112,0.8644259818731118,0.0001416163141993998,0.7999174922847669,0.8015328843634925,-0.0016153920787255194,0.14465563933665498,0.1458828467297846,0.0012272073931296201,-0.015434575716228555,0.011712874962374198,0.9975228887269704,0.9794989272321724,1.015702813405667,2000
XGBoost,individual,XGBoost,raw,Cached fitted individual; sigmoid fitted to cached training OOF,raw_fixed,14,0.5,fixed 0.5,10,CV17,Ischemia,single variable,cardiovascular,1,0.7547437407784424,0.7547437407784424,0.0,0.85024861530715,0.8499181772406847,0.0003304380664652662,0.783435842859641,0.7854592608312639,-0.002023417971622976,0.1583200271760983,0.15853274252989843,0.0002127153538001303,-0.010962260803369766,0.01091894878657953,1.0,0.985376305396809,1.0148372057418964,2000
XGBoost,individual,XGBoost,raw,Cached fitted individual; sigmoid fitted to cached training OOF,raw_threshold,14,0.5299999999999999,own validation,10,CV17,Ischemia,single variable,cardiovascular,1,0.7656592812335836,0.7665178571428571,-0.0008585759092735179,0.85024861530715,0.8499181772406847,0.0003304380664652662,0.783435842859641,0.7854592608312639,-0.002023417971622976,0.1583200271760983,0.15853274252989843,0.0002127153538001303,-0.012104889677850386,0.009562583208815768,0.9988799009686822,0.9843490729184485,1.0128226016048727,2000
XGBoost,individual,XGBoost,sigmoid,Cached fitted individual; sigmoid fitted to cached training OOF,sigmoid,15,0.4599999999999999,own validation,10,CV17,Ischemia,single variable,cardiovascular,1,0.7602627068045684,0.7647160604907084,-0.004453353686139971,0.85024861530715,0.8499181772406847,0.0003304380664652662,0.783435842859641,0.7854592608312639,-0.002023417971622976,0.15047228134058788,0.15036681531606125,-0.00010546602452662923,-0.014193979704386236,0.004636299217263757,0.994176461151761,0.9814560268658823,1.0060337941164816,2000
diverse,voting,"LogisticRegression,XGBoost,MLP",raw,models/predictive_sensitivity/h10_CV17_diverse.joblib,raw_fixed,16,0.5,fixed 0.5,10,CV17,Ischemia,single variable,cardiovascular,1,0.7519248355968413,0.7540951283140205,-0.0021702927171791675,0.851460221550856,0.8506891993957704,0.0007710221550856211,0.7808383535993896,0.7810921839256716,-0.00025383032628201185,0.16285424871514578,0.16313266980108032,0.0002784210859345382,-0.016788303661249768,0.012600086649316396,0.9971219907997132,0.9780713346921679,1.016565293926793,2000
diverse,voting,"LogisticRegression,XGBoost,MLP",raw,models/predictive_sensitivity/h10_CV17_diverse.joblib,raw_threshold,16,0.41999999999999993,saved voting threshold (also applied to raw),10,CV17,Ischemia,single variable,cardiovascular,1,0.7297436957420422,0.7201959937866427,0.009547701955399557,0.851460221550856,0.8506891993957704,0.0007710221550856211,0.7808383535993896,0.7810921839256716,-0.00025383032628201185,0.16285424871514578,0.16313266980108032,0.0002784210859345382,-0.004824411287914578,0.024730897250449826,1.0132570884006167,0.9932923774431529,1.034810928438499,2000
diverse,voting,"LogisticRegression,XGBoost,MLP",sigmoid,models/predictive_sensitivity/h10_CV17_diverse.joblib,sigmoid,17,0.41999999999999993,saved voting threshold (also applied to raw),10,CV17,Ischemia,single variable,cardiovascular,1,0.7637361795963371,0.7565399877899879,0.007196191806349228,0.851460221550856,0.8506891993957704,0.0007710221550856211,0.7808383535993896,0.7810921839256716,-0.00025383032628201185,0.15192518816747258,0.15173777374141084,-0.0001874144260617383,-0.007526571792236619,0.021377711523613414,1.0095119781141653,0.9903022155811843,1.0280726920885779,2000
paper,voting,"LogisticRegression,RandomForest,AdaBoost",raw,models/final_h10_CV17_paper.joblib,raw_fixed,18,0.5,fixed 0.5,10,CV17,Ischemia,single variable,cardiovascular,1,0.7519248355968413,0.7504997728305316,0.0014250627663097148,0.854607250755287,0.8537103474320241,0.0008969033232628654,0.7846424063474804,0.7836627165848649,0.000979689762615532,0.16999859899443961,0.17113394546995386,0.0011353464755142484,-0.008692749389221637,0.011610816505647183,1.001898818384628,0.988510479059179,1.0157198094793194,2000
paper,voting,"LogisticRegression,RandomForest,AdaBoost",raw,models/final_h10_CV17_paper.joblib,raw_threshold,18,0.37999999999999995,saved voting threshold (also applied to raw),10,CV17,Ischemia,single variable,cardiovascular,1,0.6995935360896781,0.6863958113958114,0.013197724693866708,0.854607250755287,0.8537103474320241,0.0008969033232628654,0.7846424063474804,0.7836627165848649,0.000979689762615532,0.16999859899443961,0.17113394546995386,0.0011353464755142484,-0.00048823684325005053,0.02802113521481014,1.0192275717228354,0.9992854848310094,1.041377779544305,2000
paper,voting,"LogisticRegression,RandomForest,AdaBoost",sigmoid,models/final_h10_CV17_paper.joblib,sigmoid,19,0.37999999999999995,saved voting threshold (also applied to raw),10,CV17,Ischemia,single variable,cardiovascular,1,0.7533623828117632,0.7468148743024621,0.006547508509301081,0.854607250755287,0.8537103474320241,0.0008969033232628654,0.7846424063474804,0.7836627165848649,0.000979689762615532,0.1495675138032824,0.15055714324219405,0.000989629438911649,-0.0050977175231158856,0.01882252144264326,1.0087672443795614,0.9932098743994844,1.0256520045002713,2000
own,stacking,"KNeighbors,AdaBoost,MLP,GradientBoosting",raw,models/stacking_sensitivity/h10_CV17_own.joblib,raw_fixed,20,0.5,fixed 0.5,10,CV17,Ischemia,single variable,cardiovascular,1,0.7759907263689412,0.7669559099437149,0.0090348164252263,0.8577070745216515,0.8555828298086606,0.002124244712990886,0.7904569354382537,0.7880760990324319,0.0023808364058217624,0.14760090704816692,0.14854334239382477,0.0009424353456578549,-0.0029378068237523257,0.02121698485122358,1.011780098840218,0.9961562724012535,1.028167355256619,2000
own,stacking,"KNeighbors,AdaBoost,MLP,GradientBoosting",raw,models/stacking_sensitivity/h10_CV17_own.joblib,raw_threshold,20,0.49999999999999994,saved stacking threshold,10,CV17,Ischemia,single variable,cardiovascular,1,0.7759907263689412,0.7669559099437149,0.0090348164252263,0.8577070745216515,0.8555828298086606,0.002124244712990886,0.7904569354382537,0.7880760990324319,0.0023808364058217624,0.14760090704816692,0.14854334239382477,0.0009424353456578549,-0.0029378068237523257,0.02121698485122358,1.011780098840218,0.9961562724012535,1.028167355256619,2000
own,stacking,"KNeighbors,AdaBoost,MLP,GradientBoosting",sigmoid,models/stacking_sensitivity/h10_CV17_own.joblib,sigmoid,21,0.5199999999999999,saved stacking threshold,10,CV17,Ischemia,single variable,cardiovascular,1,0.7759907263689412,0.7669559099437149,0.0090348164252263,0.8577070745216515,0.8555828298086606,0.002124244712990886,0.7904569354382537,0.7880760990324319,0.0023808364058217624,0.14958529410436117,0.15064320504629444,0.0010579109419332766,-0.0029378068237523257,0.02121698485122358,1.011780098840218,0.9961562724012535,1.028167355256619,2000
own,stacking,"KNeighbors,AdaBoost,MLP,GradientBoosting",isotonic,models/stacking_sensitivity/h10_CV17_own.joblib,isotonic,22,0.38999999999999996,saved stacking threshold,10,CV17,Ischemia,single variable,cardiovascular,1,0.7741796200345423,0.7651549169286036,0.009024703105938725,0.8558896651560927,0.8535529959718026,0.0023366691842900966,0.7534450788009935,0.7535526678990134,-0.00010758909801988903,0.149993585678844,0.15287472388631093,0.002881138207466938,-0.001552787099085451,0.02055511752349206,1.0117946090474914,0.997966617010804,1.027182452048319,2000
paper,stacking,"LogisticRegression,RandomForest,AdaBoost",raw,models/stacking_sensitivity/h10_CV17_paper.joblib,raw_fixed,23,0.5,fixed 0.5,10,CV17,Ischemia,single variable,cardiovascular,1,0.7651549169286036,0.7615585144313386,0.0035964024972650055,0.8525931520644512,0.8515861027190332,0.001007049345417954,0.7815738730148766,0.780857284904754,0.0007165881101225402,0.15167901735688322,0.15244873416381982,0.0007697168069366045,-0.012845519183681714,0.018375598164635652,1.0047224243825184,0.9835845276975019,1.0243336526239297,2000
paper,stacking,"LogisticRegression,RandomForest,AdaBoost",raw,models/stacking_sensitivity/h10_CV17_paper.joblib,raw_threshold,23,0.36999999999999994,saved stacking threshold,10,CV17,Ischemia,single variable,cardiovascular,1,0.7487032419896108,0.7440212644197464,0.004681977569864437,0.8525931520644512,0.8515861027190332,0.001007049345417954,0.7815738730148766,0.780857284904754,0.0007165881101225402,0.15167901735688322,0.15244873416381982,0.0007697168069366045,-0.006522533174767975,0.016352919155634093,1.006292800748801,0.9912071274799645,1.0223853379302024,2000
paper,stacking,"LogisticRegression,RandomForest,AdaBoost",sigmoid,models/stacking_sensitivity/h10_CV17_paper.joblib,sigmoid,24,0.36999999999999994,saved stacking threshold,10,CV17,Ischemia,single variable,cardiovascular,1,0.7504997728305316,0.7440212644197464,0.006478508410785233,0.8525931520644512,0.8515861027190332,0.001007049345417954,0.7815738730148766,0.780857284904754,0.0007165881101225402,0.1504017806918913,0.15108906510402936,0.0006872844121380561,-0.0051255429380793445,0.018538130960036075,1.008707423726441,0.9931351503632502,1.025207517164061,2000
paper,stacking,"LogisticRegression,RandomForest,AdaBoost",isotonic,models/stacking_sensitivity/h10_CV17_paper.joblib,isotonic,25,0.5099999999999999,saved stacking threshold,10,CV17,Ischemia,single variable,cardiovascular,1,0.7679066363551431,0.7607094112537999,0.007197225101343241,0.8518850704934542,0.8510353726082578,0.0008496978851963988,0.7644245964899069,0.7590584137528879,0.005366182737019054,0.15143233036566903,0.15176279247360144,0.0003304621079324166,-0.008853037458125787,0.02280402652045147,1.0094612016032256,0.9883111497483761,1.030410240494184,2000
LogisticRegression,individual,LogisticRegression,raw,Cached fitted individual; sigmoid fitted to cached training OOF,raw_fixed,0,0.5,fixed 0.5,10,CV17,PostIsch_DCM,single variable,cardiovascular,1,0.7415237771867278,0.7275275950600626,0.013996182126665202,0.8471330563947633,0.8516175730110775,-0.004484516616314216,0.7757131798023779,0.7896268883761476,-0.013913708573769723,0.18103363507285933,0.18406945129397417,0.0030358162211148454,-0.0005232137361931981,0.029013004893370487,1.0192380085947252,0.9992871240805796,1.040364635027453,2000
LogisticRegression,individual,LogisticRegression,raw,Cached fitted individual; sigmoid fitted to cached training OOF,raw_threshold,0,0.5299999999999999,own validation,10,CV17,PostIsch_DCM,single variable,cardiovascular,1,0.7638589274068128,0.7557272365318061,0.008131690875006758,0.8471330563947633,0.8516175730110775,-0.004484516616314216,0.7757131798023779,0.7896268883761476,-0.013913708573769723,0.18103363507285933,0.18406945129397417,0.0030358162211148454,-0.008381015062430722,0.024912098324805048,1.0107600870815836,0.9891148727228832,1.0330814573772606,2000
LogisticRegression,individual,LogisticRegression,sigmoid,Cached fitted individual; sigmoid fitted to cached training OOF,sigmoid,1,0.4599999999999999,own validation,10,CV17,PostIsch_DCM,single variable,cardiovascular,1,0.7652167182662539,0.7593189139438564,0.005897804322397504,0.8471330563947633,0.8516175730110775,-0.004484516616314216,0.7757131798023779,0.7896268883761476,-0.013913708573769723,0.15425405915056228,0.1506197492410741,-0.0036343099094881814,-0.012445058982874777,0.023662431267451496,1.0077672295712543,0.9835257795497692,1.031282702701901,2000
SVC,individual,SVC,raw,Cached fitted individual; sigmoid fitted to cached training OOF,raw_fixed,2,0.5,fixed 0.5,10,CV17,PostIsch_DCM,single variable,cardiovascular,1,0.7626151994158625,0.7485420931819592,0.014073106233903343,0.8393126888217523,0.8433880916414904,-0.004075402819738172,0.7721765117413423,0.785813576009368,-0.01363706426802569,0.15858315788350594,0.15469867062675396,-0.003884487256751973,-0.007318454844177544,0.03648165691682214,1.0188006878465314,0.9905734916193485,1.0497705290037165,2000
SVC,individual,SVC,raw,Cached fitted individual; sigmoid fitted to cached training OOF,raw_threshold,2,0.5299999999999999,own validation,10,CV17,PostIsch_DCM,single variable,cardiovascular,1,0.7496889059060017,0.7556513926325248,-0.0059624867265231085,0.8393126888217523,0.8433880916414904,-0.004075402819738172,0.7721765117413423,0.785813576009368,-0.01363706426802569,0.15858315788350594,0.15469867062675396,-0.003884487256751973,-0.025766105860570956,0.01347019242122753,0.9921094743096401,0.9659855727996264,1.0183879598565293,2000
SVC,individual,SVC,sigmoid,Cached fitted individual; sigmoid fitted to cached training OOF,sigmoid,3,0.5099999999999999,own validation,10,CV17,PostIsch_DCM,single variable,cardiovascular,1,0.7472975940900469,0.7574444266751958,-0.010146832585148924,0.8393126888217523,0.8433880916414904,-0.004075402819738172,0.7721765117413423,0.785813576009368,-0.01363706426802569,0.15664990147668506,0.1532544615336643,-0.0033954399430207727,-0.031117070923898076,0.008634831482314214,0.9866038586755619,0.9591954421808875,1.0116566386241805,2000
KNeighbors,individual,KNeighbors,raw,Cached fitted individual; sigmoid fitted to cached training OOF,raw_fixed,4,0.5,fixed 0.5,10,CV17,PostIsch_DCM,single variable,cardiovascular,1,0.7465134459036898,0.7347668962763303,0.011746549627359548,0.8171576032225579,0.8140420443101712,0.0031155589123866845,0.7296944174064324,0.7363982469088208,-0.006703829502388459,0.16746745459592483,0.1673286507412615,-0.000138803854663333,-0.010021764545069952,0.034360631404391134,1.0159867703442942,0.9869048112382796,1.0476543949916808,2000
KNeighbors,individual,KNeighbors,raw,Cached fitted individual; sigmoid fitted to cached training OOF,raw_threshold,4,0.5299999999999999,own validation,10,CV17,PostIsch_DCM,single variable,cardiovascular,1,0.7305899970050913,0.7251888341543513,0.005401162850739993,0.8171576032225579,0.8140420443101712,0.0031155589123866845,0.7296944174064324,0.7363982469088208,-0.006703829502388459,0.16746745459592483,0.1673286507412615,-0.000138803854663333,-0.018195432234332412,0.030788992370330802,1.0074479398969765,0.9757602517402517,1.0430582704887048,2000
KNeighbors,individual,KNeighbors,sigmoid,Cached fitted individual; sigmoid fitted to cached training OOF,sigmoid,5,0.4799999999999999,own validation,10,CV17,PostIsch_DCM,single variable,cardiovascular,1,0.7305899970050913,0.7251888341543513,0.005401162850739993,0.8171576032225579,0.8140420443101712,0.0031155589123866845,0.7296944174064324,0.7363982469088208,-0.006703829502388459,0.16492534254057886,0.16557956737816582,0.000654224837586953,-0.018195432234332412,0.030788992370330802,1.0074479398969765,0.9757602517402517,1.0430582704887048,2000
RandomForest,individual,RandomForest,raw,Cached fitted individual; sigmoid fitted to cached training OOF,raw_fixed,6,0.5,fixed 0.5,10,CV17,PostIsch_DCM,single variable,cardiovascular,1,0.7497493620123952,0.7489638253131381,0.0007855366992570723,0.8513500755287009,0.8523885951661632,-0.0010385196374622652,0.7772464964925739,0.7746259066350215,0.0026205898575524245,0.15518350287581242,0.15408961888031752,-0.0010938839954948987,-0.007158564901187886,0.008880377803943691,1.0010488312955952,0.9904342370985902,1.0121943652448502,2000
RandomForest,individual,RandomForest,raw,Cached fitted individual; sigmoid fitted to cached training OOF,raw_threshold,6,0.5399999999999999,own validation,10,CV17,PostIsch_DCM,single variable,cardiovascular,1,0.7534066687708716,0.7564805358938542,-0.003073867122982632,0.8513500755287009,0.8523885951661632,-0.0010385196374622652,0.7772464964925739,0.7746259066350215,0.0026205898575524245,0.15518350287581242,0.15408961888031752,-0.0010938839954948987,-0.012149625786588836,0.006097167530395873,0.9959366210006309,0.9842119861332962,1.0079315965380828,2000
RandomForest,individual,RandomForest,sigmoid,Cached fitted individual; sigmoid fitted to cached training OOF,sigmoid,7,0.4799999999999999,own validation,10,CV17,PostIsch_DCM,single variable,cardiovascular,1,0.7534066687708716,0.7564805358938542,-0.003073867122982632,0.8513500755287009,0.8523885951661632,-0.0010385196374622652,0.7772464964925739,0.7746259066350215,0.0026205898575524245,0.15088959421792228,0.14974954621380676,-0.001140048004115518,-0.012149625786588836,0.006097167530395873,0.9959366210006309,0.9842119861332962,1.0079315965380828,2000
AdaBoost,individual,AdaBoost,raw,Cached fitted individual; sigmoid fitted to cached training OOF,raw_fixed,8,0.5,fixed 0.5,10,CV17,PostIsch_DCM,single variable,cardiovascular,1,0.7278999276149114,0.7278999276149114,0.0,0.850547583081571,0.8498631042296072,0.0006844788519637657,0.783316089867566,0.7814134972531973,0.0019025926143686478,0.19056556716525275,0.19101267546785866,0.00044710830260591417,0.0,0.0,1.0,1.0,1.0,2000
AdaBoost,individual,AdaBoost,raw,Cached fitted individual; sigmoid fitted to cached training OOF,raw_threshold,8,0.5299999999999999,own validation,10,CV17,PostIsch_DCM,single variable,cardiovascular,1,0.7667436307303692,0.7634270434284844,0.003316587301884777,0.850547583081571,0.8498631042296072,0.0006844788519637657,0.783316089867566,0.7814134972531973,0.0019025926143686478,0.19056556716525275,0.19101267546785866,0.00044710830260591417,-0.010491354480898673,0.018019416717572987,1.0043443408645707,0.9862741070954286,1.02394936682408,2000
AdaBoost,individual,AdaBoost,sigmoid,Cached fitted individual; sigmoid fitted to cached training OOF,sigmoid,9,0.4699999999999999,own validation,10,CV17,PostIsch_DCM,single variable,cardiovascular,1,0.7618621447636992,0.7609736711376056,0.0008884736260935666,0.850547583081571,0.8498631042296072,0.0006844788519637657,0.783316089867566,0.7814134972531973,0.0019025926143686478,0.14988257243690048,0.14958156142027748,-0.00030101101662299845,-0.011881428689991822,0.014459193279817671,1.0011675484445675,0.9845039474633686,1.0192225015907064,2000
MLP,individual,MLP,raw,Cached fitted individual; sigmoid fitted to cached training OOF,raw_fixed,10,0.5,fixed 0.5,10,CV17,PostIsch_DCM,single variable,cardiovascular,1,0.7439864303359403,0.7329067531843307,0.011079677151609513,0.8505633182275931,0.850956696878147,-0.0003933786505538883,0.7746309573457957,0.7822721240033955,-0.0076411666575998405,0.16257933993386675,0.16325094172498575,0.0006716017911189975,-0.005755630340319473,0.02657410599821145,1.0151174444818125,0.9924822424519993,1.0368085885719078,2000
MLP,individual,MLP,raw,Cached fitted individual; sigmoid fitted to cached training OOF,raw_threshold,10,0.63,own validation,10,CV17,PostIsch_DCM,single variable,cardiovascular,1,0.7579402910681863,0.762772154316272,-0.0048318632480857104,0.8505633182275931,0.850956696878147,-0.0003933786505538883,0.7746309573457957,0.7822721240033955,-0.0076411666575998405,0.16257933993386675,0.16325094172498575,0.0006716017911189975,-0.022542799805832778,0.01236255261844382,0.9936653911384365,0.9709659907235384,1.0163997362045047,2000
MLP,individual,MLP,sigmoid,Cached fitted individual; sigmoid fitted to cached training OOF,sigmoid,11,0.5199999999999999,own validation,10,CV17,PostIsch_DCM,single variable,cardiovascular,1,0.7602813339655445,0.7591775166719594,0.0011038172935851076,0.8505633182275931,0.850956696878147,-0.0003933786505538883,0.7746309573457957,0.7822721240033955,-0.0076411666575998405,0.15285191720214764,0.1505116096014782,-0.0023403076006694445,-0.015298041175043672,0.01709171586521799,1.0014539646780163,0.9802943140428958,1.0229471470130882,2000
GradientBoosting,individual,GradientBoosting,raw,Cached fitted individual; sigmoid fitted to cached training OOF,raw_fixed,12,0.5,fixed 0.5,10,CV17,PostIsch_DCM,single variable,cardiovascular,1,0.7407624369142034,0.7407624369142034,0.0,0.8645675981873112,0.865464501510574,-0.0008969033232627543,0.7999174922847669,0.80001656019828,-9.906791351310673e-05,0.15560823441899102,0.1541589535840518,-0.001449280834939226,0.0,0.0,1.0,1.0,1.0,2000
GradientBoosting,individual,GradientBoosting,raw,Cached fitted individual; sigmoid fitted to cached training OOF,raw_threshold,12,0.5099999999999999,own validation,10,CV17,PostIsch_DCM,single variable,cardiovascular,1,0.7443600541434803,0.7443600541434803,0.0,0.8645675981873112,0.865464501510574,-0.0008969033232627543,0.7999174922847669,0.80001656019828,-9.906791351310673e-05,0.15560823441899102,0.1541589535840518,-0.001449280834939226,0.0,0.0,1.0,1.0,1.0,2000
GradientBoosting,individual,GradientBoosting,sigmoid,Cached fitted individual; sigmoid fitted to cached training OOF,sigmoid,13,0.38999999999999996,own validation,10,CV17,PostIsch_DCM,single variable,cardiovascular,1,0.7425610503019167,0.7425610503019167,0.0,0.8645675981873112,0.865464501510574,-0.0008969033232627543,0.7999174922847669,0.80001656019828,-9.906791351310673e-05,0.14465563933665498,0.14391569560378298,-0.000739943732872006,0.0,0.0,1.0,1.0,1.0,2000
XGBoost,individual,XGBoost,raw,Cached fitted individual; sigmoid fitted to cached training OOF,raw_fixed,14,0.5,fixed 0.5,10,CV17,PostIsch_DCM,single variable,cardiovascular,1,0.7547437407784424,0.7457771296633855,0.008966611115056922,0.85024861530715,0.8525616817724069,-0.0023130664652568633,0.783435842859641,0.7916724545381219,-0.008236611678480887,0.1583200271760983,0.15901455160473463,0.0006945244286363228,-0.002577392769571768,0.02196974423949945,1.012023177915236,0.9966919178099514,1.0292280752375094,2000
XGBoost,individual,XGBoost,raw,Cached fitted individual; sigmoid fitted to cached training OOF,raw_threshold,14,0.5299999999999999,own validation,10,CV17,PostIsch_DCM,single variable,cardiovascular,1,0.7656592812335836,0.7633302653781255,0.002329015855458083,0.85024861530715,0.8525616817724069,-0.0023130664652568633,0.783435842859641,0.7916724545381219,-0.008236611678480887,0.1583200271760983,0.15901455160473463,0.0006945244286363228,-0.012874440709421725,0.01723928256753363,1.0030511247373435,0.9835152507344311,1.0228637568081536,2000
XGBoost,individual,XGBoost,sigmoid,Cached fitted individual; sigmoid fitted to cached training OOF,sigmoid,15,0.4599999999999999,own validation,10,CV17,PostIsch_DCM,single variable,cardiovascular,1,0.7602627068045684,0.7615303561507367,-0.001267649346168298,0.85024861530715,0.8525616817724069,-0.0023130664652568633,0.783435842859641,0.7916724545381219,-0.008236611678480887,0.15047228134058788,0.1487918204957972,-0.0016804608447906766,-0.01571947355670893,0.012582961068641018,0.9983353922323257,0.9792617296311849,1.0168459640526228,2000
diverse,voting,"LogisticRegression,XGBoost,MLP",raw,models/predictive_sensitivity/h10_CV17_diverse.joblib,raw_fixed,16,0.5,fixed 0.5,10,CV17,PostIsch_DCM,single variable,cardiovascular,1,0.7519248355968413,0.7322068612391193,0.019717974357722046,0.851460221550856,0.8546544561933535,-0.003194234642497462,0.7808383535993896,0.7914990031939224,-0.010660649594532834,0.16285424871514578,0.1644203391222845,0.0015660904071387038,0.005913780050409087,0.034635836323275375,1.0269295132312106,1.0079909271877467,1.0477530447975123,2000
diverse,voting,"LogisticRegression,XGBoost,MLP",raw,models/predictive_sensitivity/h10_CV17_diverse.joblib,raw_threshold,16,0.41999999999999993,saved voting threshold (also applied to raw),10,CV17,PostIsch_DCM,single variable,cardiovascular,1,0.7297436957420422,0.717591181083851,0.012152514658191227,0.851460221550856,0.8546544561933535,-0.003194234642497462,0.7808383535993896,0.7914990031939224,-0.010660649594532834,0.16285424871514578,0.1644203391222845,0.0015660904071387038,-0.002463435829078925,0.027090475043253775,1.0169351505126303,0.9965981550225128,1.0384950634780261,2000
diverse,voting,"LogisticRegression,XGBoost,MLP",sigmoid,models/predictive_sensitivity/h10_CV17_diverse.joblib,sigmoid,17,0.41999999999999993,saved voting threshold (also applied to raw),10,CV17,PostIsch_DCM,single variable,cardiovascular,1,0.7637361795963371,0.74756864608076,0.016167533515577093,0.851460221550856,0.8546544561933535,-0.003194234642497462,0.7808383535993896,0.7914990031939224,-0.010660649594532834,0.15192518816747258,0.14918560025133534,-0.002739587916137237,0.0018244635104252033,0.031517898101021354,1.0216268212963957,1.002414384818348,1.043084389697868,2000
paper,voting,"LogisticRegression,RandomForest,AdaBoost",raw,models/final_h10_CV17_paper.joblib,raw_fixed,18,0.5,fixed 0.5,10,CV17,PostIsch_DCM,single variable,cardiovascular,1,0.7519248355968413,0.7483338069527328,0.0035910286441085404,0.854607250755287,0.8569989929506546,-0.002391742195367641,0.7846424063474804,0.7885998530724859,-0.003957446725005531,0.16999859899443961,0.17105809358101773,0.0010594945865781136,-0.0077610743198126605,0.014793979481817739,1.0047986989372182,0.9896676885925516,1.0198539097318016,2000
paper,voting,"LogisticRegression,RandomForest,AdaBoost",raw,models/final_h10_CV17_paper.joblib,raw_threshold,18,0.37999999999999995,saved voting threshold (also applied to raw),10,CV17,PostIsch_DCM,single variable,cardiovascular,1,0.6995935360896781,0.6939820368040724,0.00561149928560567,0.854607250755287,0.8569989929506546,-0.002391742195367641,0.7846424063474804,0.7885998530724859,-0.003957446725005531,0.16999859899443961,0.17105809358101773,0.0010594945865781136,-0.003837510530360894,0.016628934986674074,1.0080859431339861,0.9945541410829802,1.023858667201253,2000
paper,voting,"LogisticRegression,RandomForest,AdaBoost",sigmoid,models/final_h10_CV17_paper.joblib,sigmoid,19,0.37999999999999995,saved voting threshold (also applied to raw),10,CV17,PostIsch_DCM,single variable,cardiovascular,1,0.7533623828117632,0.7476173241645554,0.005745058647207757,0.854607250755287,0.8569989929506546,-0.002391742195367641,0.7846424063474804,0.7885998530724859,-0.003957446725005531,0.1495675138032824,0.1473279845613913,-0.0022395292418911084,-0.004361103158590285,0.016206648862356707,1.0076844910644998,0.9941683028532956,1.0218711230692528,2000
own,stacking,"KNeighbors,AdaBoost,MLP,GradientBoosting",raw,models/stacking_sensitivity/h10_CV17_own.joblib,raw_fixed,20,0.5,fixed 0.5,10,CV17,PostIsch_DCM,single variable,cardiovascular,1,0.7759907263689412,0.7690657919636662,0.006924934405274974,0.8577070745216515,0.859673967774421,-0.0019668932527694416,0.7904569354382537,0.7974996066180369,-0.007042671179783189,0.14760090704816692,0.1461965610027321,-0.0014043460454348233,-0.00800557293245378,0.022549142181133484,1.009004345892948,0.9895154515306607,1.0298540548261748,2000
own,stacking,"KNeighbors,AdaBoost,MLP,GradientBoosting",raw,models/stacking_sensitivity/h10_CV17_own.joblib,raw_threshold,20,0.49999999999999994,saved stacking threshold,10,CV17,PostIsch_DCM,single variable,cardiovascular,1,0.7759907263689412,0.7690657919636662,0.006924934405274974,0.8577070745216515,0.859673967774421,-0.0019668932527694416,0.7904569354382537,0.7974996066180369,-0.007042671179783189,0.14760090704816692,0.1461965610027321,-0.0014043460454348233,-0.00800557293245378,0.022549142181133484,1.009004345892948,0.9895154515306607,1.0298540548261748,2000
own,stacking,"KNeighbors,AdaBoost,MLP,GradientBoosting",sigmoid,models/stacking_sensitivity/h10_CV17_own.joblib,sigmoid,21,0.5199999999999999,saved stacking threshold,10,CV17,PostIsch_DCM,single variable,cardiovascular,1,0.7759907263689412,0.7690657919636662,0.006924934405274974,0.8577070745216515,0.859673967774421,-0.0019668932527694416,0.7904569354382537,0.7974996066180369,-0.007042671179783189,0.14958529410436117,0.14688729967319497,-0.002697994431166195,-0.00800557293245378,0.022549142181133484,1.009004345892948,0.9895154515306607,1.0298540548261748,2000
own,stacking,"KNeighbors,AdaBoost,MLP,GradientBoosting",isotonic,models/stacking_sensitivity/h10_CV17_own.joblib,isotonic,22,0.38999999999999996,saved stacking threshold,10,CV17,PostIsch_DCM,single variable,cardiovascular,1,0.7741796200345423,0.7713809765721915,0.002798643462350814,0.8558896651560927,0.8567550981873112,-0.0008654330312185543,0.7534450788009935,0.7622206201525404,-0.0087755413515469,0.149993585678844,0.1464882428094444,-0.0035053428693996025,-0.012562715538708333,0.01879498309730081,1.003628094997607,0.983768774717375,1.0245234266884193,2000
paper,stacking,"LogisticRegression,RandomForest,AdaBoost",raw,models/stacking_sensitivity/h10_CV17_paper.joblib,raw_fixed,23,0.5,fixed 0.5,10,CV17,PostIsch_DCM,single variable,cardiovascular,1,0.7651549169286036,0.7646660640991028,0.000488852829500841,0.8525931520644512,0.8558817975830816,-0.0032886455186303953,0.7815738730148766,0.7886590736664149,-0.0070852006515382815,0.15167901735688322,0.14826293639646923,-0.0034160809604139863,-0.013581020762595436,0.014644005340976665,1.0006393023732219,0.9823095412992648,1.0193827173690366,2000
paper,stacking,"LogisticRegression,RandomForest,AdaBoost",raw,models/stacking_sensitivity/h10_CV17_paper.joblib,raw_threshold,23,0.36999999999999994,saved stacking threshold,10,CV17,PostIsch_DCM,single variable,cardiovascular,1,0.7487032419896108,0.749759822777466,-0.0010565807878551992,0.8525931520644512,0.8558817975830816,-0.0032886455186303953,0.7815738730148766,0.7886590736664149,-0.0070852006515382815,0.15167901735688322,0.14826293639646923,-0.0034160809604139863,-0.014675200069370214,0.013052739219786376,0.9985907743309836,0.980531809727519,1.017717253805109,2000
paper,stacking,"LogisticRegression,RandomForest,AdaBoost",sigmoid,models/stacking_sensitivity/h10_CV17_paper.joblib,sigmoid,24,0.36999999999999994,saved stacking threshold,10,CV17,PostIsch_DCM,single variable,cardiovascular,1,0.7504997728305316,0.749759822777466,0.0007399500530655967,0.8525931520644512,0.8558817975830816,-0.0032886455186303953,0.7815738730148766,0.7886590736664149,-0.0070852006515382815,0.1504017806918913,0.14761389951383805,-0.0027878811780532586,-0.012982023185493897,0.015403109439079195,1.0009869161171165,0.9826634890919694,1.020691354488966,2000
paper,stacking,"LogisticRegression,RandomForest,AdaBoost",isotonic,models/stacking_sensitivity/h10_CV17_paper.joblib,isotonic,25,0.5099999999999999,saved stacking threshold,10,CV17,PostIsch_DCM,single variable,cardiovascular,1,0.7679066363551431,0.7701724707849658,-0.002265834429822644,0.8518850704934542,0.8554805513595166,-0.0035954808660624282,0.7644245964899069,0.7691820908375672,-0.004757494347660263,0.15143233036566903,0.1482202755700863,-0.0032120547955827305,-0.01671804406658601,0.01165622327613011,0.9970580168523638,0.9784511521366307,1.015442950995606,2000
LogisticRegression,individual,LogisticRegression,raw,Cached fitted individual; sigmoid fitted to cached training OOF,raw_fixed,0,0.5,fixed 0.5,10,CV17,Smoke,single variable,cardiovascular,1,0.7415237771867278,0.7440212644197464,-0.0024974872330185693,0.8471330563947633,0.8496821500503524,-0.0025490936555890853,0.7757131798023779,0.7791641660622673,-0.003450986259889488,0.18103363507285933,0.1810581815525439,2.454647968458401e-05,-0.015389837780793439,0.01076154421944997,0.9966432582609499,0.9794702695091587,1.014644608284475,2000
LogisticRegression,individual,LogisticRegression,raw,Cached fitted individual; sigmoid fitted to cached training OOF,raw_threshold,0,0.5299999999999999,own validation,10,CV17,Smoke,single variable,cardiovascular,1,0.7638589274068128,0.761618924013473,0.002240003393339851,0.8471330563947633,0.8496821500503524,-0.0025490936555890853,0.7757131798023779,0.7791641660622673,-0.003450986259889488,0.18103363507285933,0.1810581815525439,2.454647968458401e-05,-0.01077279876094342,0.015549814962117953,1.0029411078463437,0.9858747930718357,1.0206209687266106,2000
LogisticRegression,individual,LogisticRegression,sigmoid,Cached fitted individual; sigmoid fitted to cached training OOF,sigmoid,1,0.4599999999999999,own validation,10,CV17,Smoke,single variable,cardiovascular,1,0.7652167182662539,0.7670180087002669,-0.0018012904340130031,0.8471330563947633,0.8496821500503524,-0.0025490936555890853,0.7757131798023779,0.7791641660622673,-0.003450986259889488,0.15425405915056228,0.1528598801627684,-0.0013941789877938704,-0.016574010714689426,0.012873714791730074,0.9976515669598615,0.9786410994606051,1.0169562631226807,2000
SVC,individual,SVC,raw,Cached fitted individual; sigmoid fitted to cached training OOF,raw_fixed,2,0.5,fixed 0.5,10,CV17,Smoke,single variable,cardiovascular,1,0.7626151994158625,0.7584867681013557,0.0041284313145067975,0.8393126888217523,0.8405085599194361,-0.0011958710976838205,0.7721765117413423,0.7728708938366328,-0.0006943820952904911,0.15858315788350594,0.157422252161115,-0.0011609057223909425,-0.010646544009453288,0.018281253750046095,1.0054429839624508,0.986231499637605,1.0245540619070985,2000
SVC,individual,SVC,raw,Cached fitted individual; sigmoid fitted to cached training OOF,raw_threshold,2,0.5299999999999999,own validation,10,CV17,Smoke,single variable,cardiovascular,1,0.7496889059060017,0.7598282919037636,-0.010139385997761874,0.8393126888217523,0.8405085599194361,-0.0011958710976838205,0.7721765117413423,0.7728708938366328,-0.0006943820952904911,0.15858315788350594,0.157422252161115,-0.0011609057223909425,-0.02165886411468461,0.0005569315308327201,0.9866556877312933,0.971556632031225,1.0007380572188063,2000
SVC,individual,SVC,sigmoid,Cached fitted individual; sigmoid fitted to cached training OOF,sigmoid,3,0.5099999999999999,own validation,10,CV17,Smoke,single variable,cardiovascular,1,0.7472975940900469,0.7592399114537673,-0.011942317363720423,0.8393126888217523,0.8405085599194361,-0.0011958710976838205,0.7721765117413423,0.7728708938366328,-0.0006943820952904911,0.15664990147668506,0.15571493541812048,-0.0009349660585645791,-0.02225123597691871,-0.003556826587773088,0.9842706933822095,0.970538818731754,0.9952804330216236,2000
KNeighbors,individual,KNeighbors,raw,Cached fitted individual; sigmoid fitted to cached training OOF,raw_fixed,4,0.5,fixed 0.5,10,CV17,Smoke,single variable,cardiovascular,1,0.7465134459036898,0.7376305197456687,0.00888292615802111,0.8171576032225579,0.8139476334340383,0.0032099697885196177,0.7296944174064324,0.7284577313586995,0.00123668604773286,0.16746745459592483,0.1692021606018903,0.0017347060059654806,-0.011215172017319922,0.029157692636164377,1.0120425144028529,0.9851781103428435,1.040294951167975,2000
KNeighbors,individual,KNeighbors,raw,Cached fitted individual; sigmoid fitted to cached training OOF,raw_threshold,4,0.5299999999999999,own validation,10,CV17,Smoke,single variable,cardiovascular,1,0.7305899970050913,0.7401990159591245,-0.00960901895403321,0.8171576032225579,0.8139476334340383,0.0032099697885196177,0.7296944174064324,0.7284577313586995,0.00123668604773286,0.16746745459592483,0.1692021606018903,0.0017347060059654806,-0.033724172430536103,0.013183519767094146,0.987018330547789,0.9549742167238957,1.0183361762134002,2000
KNeighbors,individual,KNeighbors,sigmoid,Cached fitted individual; sigmoid fitted to cached training OOF,sigmoid,5,0.4799999999999999,own validation,10,CV17,Smoke,single variable,cardiovascular,1,0.7305899970050913,0.737844611528822,-0.0072546145237306625,0.8171576032225579,0.8139476334340383,0.0032099697885196177,0.7296944174064324,0.7284577313586995,0.00123668604773286,0.16492534254057886,0.16554346961485597,0.0006181270742771083,-0.03132575047184853,0.01646125062528936,0.9901678288214384,0.9582733740730488,1.0224743592237187,2000
RandomForest,individual,RandomForest,raw,Cached fitted individual; sigmoid fitted to cached training OOF,raw_fixed,6,0.5,fixed 0.5,10,CV17,Smoke,single variable,cardiovascular,1,0.7497493620123952,0.7382302978826669,0.011519064129728251,0.8513500755287009,0.8508622860020141,0.0004877895266868215,0.7772464964925739,0.776836803816459,0.00040969267611490334,0.15518350287581242,0.1559141273097746,0.0007306244339621848,0.0035918157768421556,0.021310299552507846,1.0156036187660766,1.004801501596896,1.0294767952665838,2000
RandomForest,individual,RandomForest,raw,Cached fitted individual; sigmoid fitted to cached training OOF,raw_threshold,6,0.5399999999999999,own validation,10,CV17,Smoke,single variable,cardiovascular,1,0.7534066687708716,0.748049728049728,0.005356940721143566,0.8513500755287009,0.8508622860020141,0.0004877895266868215,0.7772464964925739,0.776836803816459,0.00040969267611490334,0.15518350287581242,0.1559141273097746,0.0007306244339621848,-0.004488115518661881,0.01573750812626607,1.0071612093692084,0.9940352283274501,1.0209794573694095,2000
RandomForest,individual,RandomForest,sigmoid,Cached fitted individual; sigmoid fitted to cached training OOF,sigmoid,7,0.4799999999999999,own validation,10,CV17,Smoke,single variable,cardiovascular,1,0.7534066687708716,0.748049728049728,0.005356940721143566,0.8513500755287009,0.8508622860020141,0.0004877895266868215,0.7772464964925739,0.776836803816459,0.00040969267611490334,0.15088959421792228,0.15123879795844045,0.00034920374051816694,-0.004488115518661881,0.01573750812626607,1.0071612093692084,0.9940352283274501,1.0209794573694095,2000
AdaBoost,individual,AdaBoost,raw,Cached fitted individual; sigmoid fitted to cached training OOF,raw_fixed,8,0.5,fixed 0.5,10,CV17,Smoke,single variable,cardiovascular,1,0.7278999276149114,0.7278999276149114,0.0,0.850547583081571,0.850547583081571,0.0,0.783316089867566,0.783316089867566,0.0,0.19056556716525275,0.19056556716525275,0.0,0.0,0.0,1.0,1.0,1.0,2000
AdaBoost,individual,AdaBoost,raw,Cached fitted individual; sigmoid fitted to cached training OOF,raw_threshold,8,0.5299999999999999,own validation,10,CV17,Smoke,single variable,cardiovascular,1,0.7667436307303692,0.7667436307303692,0.0,0.850547583081571,0.850547583081571,0.0,0.783316089867566,0.783316089867566,0.0,0.19056556716525275,0.19056556716525275,0.0,0.0,0.0,1.0,1.0,1.0,2000
AdaBoost,individual,AdaBoost,sigmoid,Cached fitted individual; sigmoid fitted to cached training OOF,sigmoid,9,0.4699999999999999,own validation,10,CV17,Smoke,single variable,cardiovascular,1,0.7618621447636992,0.7618621447636992,0.0,0.850547583081571,0.850547583081571,0.0,0.783316089867566,0.783316089867566,0.0,0.14988257243690048,0.14988257243690048,0.0,0.0,0.0,1.0,1.0,1.0,2000
MLP,individual,MLP,raw,Cached fitted individual; sigmoid fitted to cached training OOF,raw_fixed,10,0.5,fixed 0.5,10,CV17,Smoke,single variable,cardiovascular,1,0.7439864303359403,0.756260301221938,-0.01227387088599774,0.8505633182275931,0.8528449144008057,-0.0022815961732125523,0.7746309573457957,0.7763576230515109,-0.0017266657057152246,0.16257933993386675,0.1617998013200399,-0.0007795386138268467,-0.025608231623163284,0.0004198748065019871,0.9837703091565615,0.9663592268939417,1.0005418304727096,2000
MLP,individual,MLP,raw,Cached fitted individual; sigmoid fitted to cached training OOF,raw_threshold,10,0.63,own validation,10,CV17,Smoke,single variable,cardiovascular,1,0.7579402910681863,0.7651306507699951,-0.007190359701808813,0.8505633182275931,0.8528449144008057,-0.0022815961732125523,0.7746309573457957,0.7763576230515109,-0.0017266657057152246,0.16257933993386675,0.1617998013200399,-0.0007795386138268467,-0.019529281830367888,0.004041554612549226,0.9906024419560597,0.9749485890676893,1.0052875344990364,2000
MLP,individual,MLP,sigmoid,Cached fitted individual; sigmoid fitted to cached training OOF,sigmoid,11,0.5199999999999999,own validation,10,CV17,Smoke,single variable,cardiovascular,1,0.7602813339655445,0.7656782164281778,-0.005396882462633257,0.8505633182275931,0.8528449144008057,-0.0022815961732125523,0.7746309573457957,0.7763576230515109,-0.0017266657057152246,0.15285191720214764,0.15141739678761473,-0.0014345204145329027,-0.015229200837825618,0.003260775754069738,0.9929515005823083,0.980025507814027,1.0042801298262938,2000
GradientBoosting,individual,GradientBoosting,raw,Cached fitted individual; sigmoid fitted to cached training OOF,raw_fixed,12,0.5,fixed 0.5,10,CV17,Smoke,single variable,cardiovascular,1,0.7407624369142034,0.7410891089108911,-0.00032667199668767744,0.8645675981873112,0.8647406847935549,-0.00017308660624371086,0.7999174922847669,0.8004766531244366,-0.0005591608396696701,0.15560823441899102,0.15592468789105246,0.0003164534720614398,-0.0050417991233519584,0.005397630347648171,0.9995592001113499,0.9930344968045708,1.0073003824166618,2000
GradientBoosting,individual,GradientBoosting,raw,Cached fitted individual; sigmoid fitted to cached training OOF,raw_threshold,12,0.5099999999999999,own validation,10,CV17,Smoke,single variable,cardiovascular,1,0.7443600541434803,0.7407624369142034,0.0035976172292768727,0.8645675981873112,0.8647406847935549,-0.00017308660624371086,0.7999174922847669,0.8004766531244366,-0.0005591608396696701,0.15560823441899102,0.15592468789105246,0.0003164534720614398,0.0,0.009091909744079989,1.004856641009314,1.0,1.0123895247657022,2000
GradientBoosting,individual,GradientBoosting,sigmoid,Cached fitted individual; sigmoid fitted to cached training OOF,sigmoid,13,0.38999999999999996,own validation,10,CV17,Smoke,single variable,cardiovascular,1,0.7425610503019167,0.7389641727304455,0.003596877571471202,0.8645675981873112,0.8647406847935549,-0.00017308660624371086,0.7999174922847669,0.8004766531244366,-0.0005591608396696701,0.14465563933665498,0.14474189260239717,8.625326574218661e-05,0.0,0.009085797857459907,1.004867458672835,1.0,1.0124099558356976,2000
XGBoost,individual,XGBoost,raw,Cached fitted individual; sigmoid fitted to cached training OOF,raw_fixed,14,0.5,fixed 0.5,10,CV17,Smoke,single variable,cardiovascular,1,0.7547437407784424,0.7547437407784424,0.0,0.85024861530715,0.85024861530715,0.0,0.783435842859641,0.783435842859641,0.0,0.1583200271760983,0.1583200271760983,0.0,0.0,0.0,1.0,1.0,1.0,2000
XGBoost,individual,XGBoost,raw,Cached fitted individual; sigmoid fitted to cached training OOF,raw_threshold,14,0.5299999999999999,own validation,10,CV17,Smoke,single variable,cardiovascular,1,0.7656592812335836,0.7656592812335836,0.0,0.85024861530715,0.85024861530715,0.0,0.783435842859641,0.783435842859641,0.0,0.1583200271760983,0.1583200271760983,0.0,0.0,0.0,1.0,1.0,1.0,2000
XGBoost,individual,XGBoost,sigmoid,Cached fitted individual; sigmoid fitted to cached training OOF,sigmoid,15,0.4599999999999999,own validation,10,CV17,Smoke,single variable,cardiovascular,1,0.7602627068045684,0.7602627068045684,0.0,0.85024861530715,0.85024861530715,0.0,0.783435842859641,0.783435842859641,0.0,0.15047228134058788,0.15047228134058788,0.0,0.0,0.0,1.0,1.0,1.0,2000
diverse,voting,"LogisticRegression,XGBoost,MLP",raw,models/predictive_sensitivity/h10_CV17_diverse.joblib,raw_fixed,16,0.5,fixed 0.5,10,CV17,Smoke,single variable,cardiovascular,1,0.7519248355968413,0.7483338069527328,0.0035910286441085404,0.851460221550856,0.8529235901309165,-0.0014633685800604646,0.7808383535993896,0.7821106913204532,-0.00127233772106361,0.16285424871514578,0.16271321669484443,-0.00014103202030135709,-0.007302197717708969,0.01611823073217422,1.0047986989372182,0.990238522628232,1.0218746424736047,2000
diverse,voting,"LogisticRegression,XGBoost,MLP",raw,models/predictive_sensitivity/h10_CV17_diverse.joblib,raw_threshold,16,0.41999999999999993,saved voting threshold (also applied to raw),10,CV17,Smoke,single variable,cardiovascular,1,0.7297436957420422,0.7242547700248871,0.005488925717155091,0.851460221550856,0.8529235901309165,-0.0014633685800604646,0.7808383535993896,0.7821106913204532,-0.00127233772106361,0.16285424871514578,0.16271321669484443,-0.00014103202030135709,-0.004418350668426033,0.01683259757515717,1.0075787222181036,0.9939120573034478,1.0233781159265205,2000
diverse,voting,"LogisticRegression,XGBoost,MLP",sigmoid,models/predictive_sensitivity/h10_CV17_diverse.joblib,sigmoid,17,0.41999999999999993,saved voting threshold (also applied to raw),10,CV17,Smoke,single variable,cardiovascular,1,0.7637361795963371,0.769546142498611,-0.005809962902273869,0.851460221550856,0.8529235901309165,-0.0014633685800604646,0.7808383535993896,0.7821106913204532,-0.00127233772106361,0.15192518816747258,0.15096528870154036,-0.0009598994659322235,-0.014492349355134276,0.0018185100270222104,0.9924501435568117,0.9814093574872238,1.0023931597608957,2000
paper,voting,"LogisticRegression,RandomForest,AdaBoost",raw,models/final_h10_CV17_paper.joblib,raw_fixed,18,0.5,fixed 0.5,10,CV17,Smoke,single variable,cardiovascular,1,0.7519248355968413,0.7544600938967136,-0.002535258299872334,0.854607250755287,0.8548747482376636,-0.00026749748237664406,0.7846424063474804,0.7854324632114108,-0.0007900568639304106,0.16999859899443961,0.17036664158875933,0.0003680425943197174,-0.013845000565572965,0.008601044409861024,0.9966396389678108,0.981869998316728,1.0114506212953818,2000
paper,voting,"LogisticRegression,RandomForest,AdaBoost",raw,models/final_h10_CV17_paper.joblib,raw_threshold,18,0.37999999999999995,saved voting threshold (also applied to raw),10,CV17,Smoke,single variable,cardiovascular,1,0.6995935360896781,0.6977630500936329,0.0018304859960451836,0.854607250755287,0.8548747482376636,-0.00026749748237664406,0.7846424063474804,0.7854324632114108,-0.0007900568639304106,0.16999859899443961,0.17036664158875933,0.0003680425943197174,-0.009533642939176138,0.013193509112008683,1.0026233633262747,0.9862826944801818,1.019498430997157,2000
paper,voting,"LogisticRegression,RandomForest,AdaBoost",sigmoid,models/final_h10_CV17_paper.joblib,sigmoid,19,0.37999999999999995,saved voting threshold (also applied to raw),10,CV17,Smoke,single variable,cardiovascular,1,0.7533623828117632,0.7482929763874266,0.005069406424336509,0.854607250755287,0.8548747482376636,-0.00026749748237664406,0.7846424063474804,0.7854324632114108,-0.0007900568639304106,0.1495675138032824,0.14938494239072017,-0.00018257141256222686,-0.004695812086115328,0.015691999063330145,1.0067746278320162,0.9937817863019686,1.0212657789312511,2000
own,stacking,"KNeighbors,AdaBoost,MLP,GradientBoosting",raw,models/stacking_sensitivity/h10_CV17_own.joblib,raw_fixed,20,0.5,fixed 0.5,10,CV17,Smoke,single variable,cardiovascular,1,0.7759907263689412,0.7710444027517198,0.00494632361722136,0.8577070745216515,0.8572507552870091,0.00045631923464239943,0.7904569354382537,0.7894924034628663,0.0009645319753873727,0.14760090704816692,0.148017642625124,0.0004167355769570946,-0.006339150621928022,0.016325088103400387,1.0064150956800526,0.9917215090056289,1.021305792991137,2000
own,stacking,"KNeighbors,AdaBoost,MLP,GradientBoosting",raw,models/stacking_sensitivity/h10_CV17_own.joblib,raw_threshold,20,0.49999999999999994,saved stacking threshold,10,CV17,Smoke,single variable,cardiovascular,1,0.7759907263689412,0.7710444027517198,0.00494632361722136,0.8577070745216515,0.8572507552870091,0.00045631923464239943,0.7904569354382537,0.7894924034628663,0.0009645319753873727,0.14760090704816692,0.148017642625124,0.0004167355769570946,-0.006339150621928022,0.016325088103400387,1.0064150956800526,0.9917215090056289,1.021305792991137,2000
own,stacking,"KNeighbors,AdaBoost,MLP,GradientBoosting",sigmoid,models/stacking_sensitivity/h10_CV17_own.joblib,sigmoid,21,0.5199999999999999,saved stacking threshold,10,CV17,Smoke,single variable,cardiovascular,1,0.7759907263689412,0.7710444027517198,0.00494632361722136,0.8577070745216515,0.8572507552870091,0.00045631923464239943,0.7904569354382537,0.7894924034628663,0.0009645319753873727,0.14958529410436117,0.1500761287281972,0.0004908346238360339,-0.006339150621928022,0.016325088103400387,1.0064150956800526,0.9917215090056289,1.021305792991137,2000
own,stacking,"KNeighbors,AdaBoost,MLP,GradientBoosting",isotonic,models/stacking_sensitivity/h10_CV17_own.joblib,isotonic,22,0.38999999999999996,saved stacking threshold,10,CV17,Smoke,single variable,cardiovascular,1,0.7741796200345423,0.7710444027517198,0.003135217282822511,0.8558896651560927,0.8558660624370594,2.36027190332333e-05,0.7534450788009935,0.7600170270641916,-0.006571948263198069,0.149993585678844,0.1511152449929156,0.0011216593140715991,-0.007732469881315839,0.014269393019444762,1.004066195502663,0.9900693488638207,1.0187522556550173,2000
paper,stacking,"LogisticRegression,RandomForest,AdaBoost",raw,models/stacking_sensitivity/h10_CV17_paper.joblib,raw_fixed,23,0.5,fixed 0.5,10,CV17,Smoke,single variable,cardiovascular,1,0.7651549169286036,0.7746607965405947,-0.00950587961199112,0.8525931520644512,0.8539149043303121,-0.0013217522658609537,0.7815738730148766,0.7832867236336506,-0.00171285061877402,0.15167901735688322,0.15105132585525374,-0.0006276915016294737,-0.022301318759633506,0.002949989870706576,0.9877289780837735,0.9712781358045134,1.0038884501502288,2000
paper,stacking,"LogisticRegression,RandomForest,AdaBoost",raw,models/stacking_sensitivity/h10_CV17_paper.joblib,raw_threshold,23,0.36999999999999994,saved stacking threshold,10,CV17,Smoke,single variable,cardiovascular,1,0.7487032419896108,0.749759822777466,-0.0010565807878551992,0.8525931520644512,0.8539149043303121,-0.0013217522658609537,0.7815738730148766,0.7832867236336506,-0.00171285061877402,0.15167901735688322,0.15105132585525374,-0.0006276915016294737,-0.01348765653688747,0.01078213241618814,0.9985907743309836,0.9821518237267475,1.0144622245861588,2000
paper,stacking,"LogisticRegression,RandomForest,AdaBoost",sigmoid,models/stacking_sensitivity/h10_CV17_paper.joblib,sigmoid,24,0.36999999999999994,saved stacking threshold,10,CV17,Smoke,single variable,cardiovascular,1,0.7504997728305316,0.7476173241645554,0.0028824486659762005,0.8525931520644512,0.8539149043303121,-0.0013217522658609537,0.7815738730148766,0.7832867236336506,-0.00171285061877402,0.1504017806918913,0.14983540954264596,-0.0005663711492453483,-0.010077797339699013,0.01515126439299628,1.0038555134730154,0.9867178228494632,1.0204242373467998,2000
paper,stacking,"LogisticRegression,RandomForest,AdaBoost",isotonic,models/stacking_sensitivity/h10_CV17_paper.joblib,isotonic,25,0.5099999999999999,saved stacking threshold,10,CV17,Smoke,single variable,cardiovascular,1,0.7679066363551431,0.7764957264957265,-0.0085890901405834,0.8518850704934542,0.8516490433031219,0.000236027190332333,0.7644245964899069,0.7623075245610487,0.0021170719288582385,0.15143233036566903,0.1514156049976113,-1.6725368057718404e-05,-0.020715894883050628,0.0014626027212467992,0.9889386511122922,0.9736287252622187,1.0018738672452399,2000
LogisticRegression,individual,LogisticRegression,raw,Cached fitted individual; sigmoid fitted to cached training OOF,raw_fixed,0,0.5,fixed 0.5,10,CV17,Diabetes,single variable,cardiovascular,1,0.7415237771867278,0.7405753968253967,0.0009483803613310471,0.8471330563947633,0.8418775176233635,0.005255538771399837,0.7757131798023779,0.767483259152789,0.008229920649588829,0.18103363507285933,0.18386393196348363,0.0028302968906243064,-0.02303347663981888,0.026589083359941784,1.0012805993358629,0.9694146907185948,1.0362187417082107,2000
LogisticRegression,individual,LogisticRegression,raw,Cached fitted individual; sigmoid fitted to cached training OOF,raw_threshold,0,0.5299999999999999,own validation,10,CV17,Diabetes,single variable,cardiovascular,1,0.7638589274068128,0.7424249530956848,0.021433974311128035,0.8471330563947633,0.8418775176233635,0.005255538771399837,0.7757131798023779,0.767483259152789,0.008229920649588829,0.18103363507285933,0.18386393196348363,0.0028302968906243064,-0.006986852946771474,0.04870494272844405,1.0288702234774774,0.990731205569732,1.0674884801022002,2000
LogisticRegression,individual,LogisticRegression,sigmoid,Cached fitted individual; sigmoid fitted to cached training OOF,sigmoid,1,0.4599999999999999,own validation,10,CV17,Diabetes,single variable,cardiovascular,1,0.7652167182662539,0.7436606243113637,0.02155609395489022,0.8471330563947633,0.8418775176233635,0.005255538771399837,0.7757131798023779,0.767483259152789,0.008229920649588829,0.15425405915056228,0.1564816462228806,0.002227587072318321,-0.004927052180369582,0.04796704300101894,1.0289864667432826,0.9934114714461809,1.0657036977212206,2000
SVC,individual,SVC,raw,Cached fitted individual; sigmoid fitted to cached training OOF,raw_fixed,2,0.5,fixed 0.5,10,CV17,Diabetes,single variable,cardiovascular,1,0.7626151994158625,0.7378008021390374,0.024814397276825106,0.8393126888217523,0.8328770140986909,0.006435674723061391,0.7721765117413423,0.7610160840513961,0.011160427689946184,0.15858315788350594,0.16092967467671468,0.0023465167932087416,-0.003820930534034883,0.05410466567373287,1.0336329226057805,0.9948127317676302,1.0743694973328353,2000
SVC,individual,SVC,raw,Cached fitted individual; sigmoid fitted to cached training OOF,raw_threshold,2,0.5299999999999999,own validation,10,CV17,Diabetes,single variable,cardiovascular,1,0.7496889059060017,0.7373987690314221,0.012290136874579582,0.8393126888217523,0.8328770140986909,0.006435674723061391,0.7721765117413423,0.7610160840513961,0.011160427689946184,0.15858315788350594,0.16092967467671468,0.0023465167932087416,-0.013574184383858079,0.03883998290538711,1.0166668801071133,0.9819059043820936,1.0536373469289744,2000
SVC,individual,SVC,sigmoid,Cached fitted individual; sigmoid fitted to cached training OOF,sigmoid,3,0.5099999999999999,own validation,10,CV17,Diabetes,single variable,cardiovascular,1,0.7472975940900469,0.739533326801868,0.0077642672881789165,0.8393126888217523,0.8328770140986909,0.006435674723061391,0.7721765117413423,0.7610160840513961,0.011160427689946184,0.15664990147668506,0.1596136132559167,0.0029637117792316314,-0.01625615062461133,0.03422125494770371,1.0104988740963923,0.9782960086466702,1.047667327461497,2000
KNeighbors,individual,KNeighbors,raw,Cached fitted individual; sigmoid fitted to cached training OOF,raw_fixed,4,0.5,fixed 0.5,10,CV17,Diabetes,single variable,cardiovascular,1,0.7465134459036898,0.7400763114018212,0.006437134501868669,0.8171576032225579,0.8092113544813696,0.007946248741188322,0.7296944174064324,0.7239197578366613,0.005774659569771079,0.16746745459592483,0.16834976123972456,0.0008823066437997351,-0.022031773137584792,0.03465141701865871,1.0086979334464519,0.9707811942123938,1.048437130189263,2000
KNeighbors,individual,KNeighbors,raw,Cached fitted individual; sigmoid fitted to cached training OOF,raw_threshold,4,0.5299999999999999,own validation,10,CV17,Diabetes,single variable,cardiovascular,1,0.7305899970050913,0.7362971161532312,-0.0057071191481399275,0.8171576032225579,0.8092113544813696,0.007946248741188322,0.7296944174064324,0.7239197578366613,0.005774659569771079,0.16746745459592483,0.16834976123972456,0.0008823066437997351,-0.031095423974254507,0.019612055925161402,0.9922488910754443,0.9582683267637828,1.0268602121760362,2000
KNeighbors,individual,KNeighbors,sigmoid,Cached fitted individual; sigmoid fitted to cached training OOF,sigmoid,5,0.4799999999999999,own validation,10,CV17,Diabetes,single variable,cardiovascular,1,0.7305899970050913,0.735546940839373,-0.004956943834281691,0.8171576032225579,0.8092113544813696,0.007946248741188322,0.7296944174064324,0.7239197578366613,0.005774659569771079,0.16492534254057886,0.1676346654251669,0.002709322884588028,-0.030562940714625647,0.020142576339580182,0.9932608735635212,0.9589634222425548,1.0280494071363349,2000
RandomForest,individual,RandomForest,raw,Cached fitted individual; sigmoid fitted to cached training OOF,raw_fixed,6,0.5,fixed 0.5,10,CV17,Diabetes,single variable,cardiovascular,1,0.7497493620123952,0.7354577642893272,0.014291597723067984,0.8513500755287009,0.8447727844914401,0.006577291037260791,0.7772464964925739,0.7721828163996997,0.005063680092874279,0.15518350287581242,0.15464494269048426,-0.000538560185328163,-0.009104875093667985,0.03671849975866624,1.0194322480732498,0.9877226018988952,1.0506706761249145,2000
RandomForest,individual,RandomForest,raw,Cached fitted individual; sigmoid fitted to cached training OOF,raw_threshold,6,0.5399999999999999,own validation,10,CV17,Diabetes,single variable,cardiovascular,1,0.7534066687708716,0.7334555946595611,0.019951074111310474,0.8513500755287009,0.8447727844914401,0.006577291037260791,0.7772464964925739,0.7721828163996997,0.005063680092874279,0.15518350287581242,0.15464494269048426,-0.000538560185328163,-0.0007655899997629247,0.040668984798242776,1.0272014751221181,0.9989982942880268,1.0570699286940615,2000
RandomForest,individual,RandomForest,sigmoid,Cached fitted individual; sigmoid fitted to cached training OOF,sigmoid,7,0.4799999999999999,own validation,10,CV17,Diabetes,single variable,cardiovascular,1,0.7534066687708716,0.7334555946595611,0.019951074111310474,0.8513500755287009,0.8447727844914401,0.006577291037260791,0.7772464964925739,0.7721828163996997,0.005063680092874279,0.15088959421792228,0.15457041938726193,0.003680825169339652,-0.0007655899997629247,0.040668984798242776,1.0272014751221181,0.9989982942880268,1.0570699286940615,2000
AdaBoost,individual,AdaBoost,raw,Cached fitted individual; sigmoid fitted to cached training OOF,raw_fixed,8,0.5,fixed 0.5,10,CV17,Diabetes,single variable,cardiovascular,1,0.7278999276149114,0.7376305197456687,-0.009730592130757332,0.850547583081571,0.8424125125881168,0.008135070493454188,0.783316089867566,0.7753351391894451,0.00798095067812088,0.19056556716525275,0.1905238665131308,-4.17006521219454e-05,-0.032074746552109214,0.0121863850488946,0.9868083113831673,0.9569101256828415,1.0165954905826589,2000
AdaBoost,individual,AdaBoost,raw,Cached fitted individual; sigmoid fitted to cached training OOF,raw_threshold,8,0.5299999999999999,own validation,10,CV17,Diabetes,single variable,cardiovascular,1,0.7667436307303692,0.7530206806709006,0.013722950059468664,0.850547583081571,0.8424125125881168,0.008135070493454188,0.783316089867566,0.7753351391894451,0.00798095067812088,0.19056556716525275,0.1905238665131308,-4.17006521219454e-05,-0.007274400799594341,0.03470378395945835,1.018223868761801,0.990557889175637,1.0471303405175603,2000
AdaBoost,individual,AdaBoost,sigmoid,Cached fitted individual; sigmoid fitted to cached training OOF,sigmoid,9,0.4699999999999999,own validation,10,CV17,Diabetes,single variable,cardiovascular,1,0.7618621447636992,0.7518945153324981,0.009967629431201108,0.850547583081571,0.8424125125881168,0.008135070493454188,0.783316089867566,0.7753351391894451,0.00798095067812088,0.14988257243690048,0.1539235871814172,0.004041014744516708,-0.011817607173101163,0.031686635756088245,1.013256685915302,0.9844912558628379,1.0432450567107712,2000
MLP,individual,MLP,raw,Cached fitted individual; sigmoid fitted to cached training OOF,raw_fixed,10,0.5,fixed 0.5,10,CV17,Diabetes,single variable,cardiovascular,1,0.7439864303359403,0.7533394188346265,-0.009352988498686265,0.8505633182275931,0.8444266112789527,0.006136706948640436,0.7746309573457957,0.7676240568814306,0.007006900464365029,0.16257933993386675,0.1633301092806057,0.0007507693467389553,-0.034493179589016126,0.015446194046241759,0.9875846288341651,0.954947332386897,1.0212782235261524,2000
MLP,individual,MLP,raw,Cached fitted individual; sigmoid fitted to cached training OOF,raw_threshold,10,0.63,own validation,10,CV17,Diabetes,single variable,cardiovascular,1,0.7579402910681863,0.7349300377483954,0.023010253319790896,0.8505633182275931,0.8444266112789527,0.006136706948640436,0.7746309573457957,0.7676240568814306,0.007006900464365029,0.16257933993386675,0.1633301092806057,0.0007507693467389553,-0.005558576171000587,0.05059938619627582,1.0313094473458826,0.9926575527356971,1.0711249303111008,2000
MLP,individual,MLP,sigmoid,Cached fitted individual; sigmoid fitted to cached training OOF,sigmoid,11,0.5199999999999999,own validation,10,CV17,Diabetes,single variable,cardiovascular,1,0.7602813339655445,0.7380860069141546,0.022195327051389935,0.8505633182275931,0.8444266112789527,0.006136706948640436,0.7746309573457957,0.7676240568814306,0.007006900464365029,0.15285191720214764,0.15539210913222104,0.0025401919300734044,-0.006628424208876665,0.04949794743207205,1.0300714643598052,0.9914139134818916,1.069483445459223,2000
GradientBoosting,individual,GradientBoosting,raw,Cached fitted individual; sigmoid fitted to cached training OOF,raw_fixed,12,0.5,fixed 0.5,10,CV17,Diabetes,single variable,cardiovascular,1,0.7407624369142034,0.7432735082067802,-0.002511071292576772,0.8645675981873112,0.8563223816717019,0.008245216515609277,0.7999174922847669,0.7911034764350657,0.008814015849701207,0.15560823441899102,0.15325071566694262,-0.0023575187520483987,-0.02218385994028317,0.017110529111229362,0.9966216052841235,0.9706143323252994,1.0233934324875584,2000
GradientBoosting,individual,GradientBoosting,raw,Cached fitted individual; sigmoid fitted to cached training OOF,raw_threshold,12,0.5099999999999999,own validation,10,CV17,Diabetes,single variable,cardiovascular,1,0.7443600541434803,0.7410424015383847,0.0033176526050955335,0.8645675981873112,0.8563223816717019,0.008245216515609277,0.7999174922847669,0.7911034764350657,0.008814015849701207,0.15560823441899102,0.15325071566694262,-0.0023575187520483987,-0.016581452791316266,0.022655714505704656,1.0044770077909282,0.9780521580038097,1.031315114852234,2000
GradientBoosting,individual,GradientBoosting,sigmoid,Cached fitted individual; sigmoid fitted to cached training OOF,sigmoid,13,0.38999999999999996,own validation,10,CV17,Diabetes,single variable,cardiovascular,1,0.7425610503019167,0.7432735082067802,-0.0007124579048635171,0.8645675981873112,0.8563223816717019,0.008245216515609277,0.7999174922847669,0.7911034764350657,0.008814015849701207,0.14465563933665498,0.14914916738364573,0.004493528046990741,-0.020522501348478318,0.017951783259537456,0.9990414593053607,0.9728812902250887,1.024668496510668,2000
XGBoost,individual,XGBoost,raw,Cached fitted individual; sigmoid fitted to cached training OOF,raw_fixed,14,0.5,fixed 0.5,10,CV17,Diabetes,single variable,cardiovascular,1,0.7547437407784424,0.7503269901767105,0.004416750601731967,0.85024861530715,0.8432936807653575,0.0069549345417925235,0.783435842859641,0.7761277240674659,0.007308118792175078,0.1583200271760983,0.1606623971308875,0.002342369954789203,-0.021800580475503754,0.030802898968569588,1.0058864343940124,0.970880315571661,1.0420652835717847,2000
XGBoost,individual,XGBoost,raw,Cached fitted individual; sigmoid fitted to cached training OOF,raw_threshold,14,0.5299999999999999,own validation,10,CV17,Diabetes,single variable,cardiovascular,1,0.7656592812335836,0.7425461447885039,0.02311313644507973,0.85024861530715,0.8432936807653575,0.0069549345417925235,0.783435842859641,0.7761277240674659,0.007308118792175078,0.1583200271760983,0.1606623971308875,0.002342369954789203,-0.006331399806779614,0.05072878739914513,1.0311268688246478,0.9918060135875654,1.0693136235573106,2000
XGBoost,individual,XGBoost,sigmoid,Cached fitted individual; sigmoid fitted to cached training OOF,sigmoid,15,0.4599999999999999,own validation,10,CV17,Diabetes,single variable,cardiovascular,1,0.7602627068045684,0.7448860775427997,0.015376629261768748,0.85024861530715,0.8432936807653575,0.0069549345417925235,0.783435842859641,0.7761277240674659,0.007308118792175078,0.15047228134058788,0.15380715028298583,0.003334868942397956,-0.013091351681757887,0.04315258760040899,1.0206429274560918,0.9828578485193327,1.0591786876152423,2000
diverse,voting,"LogisticRegression,XGBoost,MLP",raw,models/predictive_sensitivity/h10_CV17_diverse.joblib,raw_fixed,16,0.5,fixed 0.5,10,CV17,Diabetes,single variable,cardiovascular,1,0.7519248355968413,0.7414908902810506,0.010433945315790671,0.851460221550856,0.8456382175226587,0.005822004028197325,0.7808383535993896,0.7734912041370917,0.007347149462297864,0.16285424871514578,0.1649760100254797,0.002121761310333925,-0.01469670941288645,0.03545274241294169,1.0140715758649925,0.9805332904293778,1.048583841745431,2000
diverse,voting,"LogisticRegression,XGBoost,MLP",raw,models/predictive_sensitivity/h10_CV17_diverse.joblib,raw_threshold,16,0.41999999999999993,saved voting threshold (also applied to raw),10,CV17,Diabetes,single variable,cardiovascular,1,0.7297436957420422,0.7425314159865268,-0.012787720244484602,0.851460221550856,0.8456382175226587,0.005822004028197325,0.7808383535993896,0.7734912041370917,0.007347149462297864,0.16285424871514578,0.1649760100254797,0.002121761310333925,-0.03500106951686999,0.009716421065509486,0.9827782098249744,0.9532315311952703,1.013265709659636,2000
diverse,voting,"LogisticRegression,XGBoost,MLP",sigmoid,models/predictive_sensitivity/h10_CV17_diverse.joblib,sigmoid,17,0.41999999999999993,saved voting threshold (also applied to raw),10,CV17,Diabetes,single variable,cardiovascular,1,0.7637361795963371,0.7485420931819592,0.015194086414377916,0.851460221550856,0.8456382175226587,0.005822004028197325,0.7808383535993896,0.7734912041370917,0.007347149462297864,0.15192518816747258,0.1545822951760647,0.002657107008592119,-0.010807451869093185,0.04156847697803136,1.0202982391408206,0.9856591348476073,1.056881267085096,2000
paper,voting,"LogisticRegression,RandomForest,AdaBoost",raw,models/final_h10_CV17_paper.joblib,raw_fixed,18,0.5,fixed 0.5,10,CV17,Diabetes,single variable,cardiovascular,1,0.7519248355968413,0.7439860139860139,0.007938821610827373,0.854607250755287,0.8483603977844915,0.0062468529707955245,0.7846424063474804,0.7804836900665396,0.004158716280940777,0.16999859899443961,0.1699316127932213,-6.698620121831089e-05,-0.014997901409936962,0.03054522811001634,1.010670659745731,0.9801652723753461,1.0420647078482563,2000
paper,voting,"LogisticRegression,RandomForest,AdaBoost",raw,models/final_h10_CV17_paper.joblib,raw_threshold,18,0.37999999999999995,saved voting threshold (also applied to raw),10,CV17,Diabetes,single variable,cardiovascular,1,0.6995935360896781,0.7084726867335562,-0.00887915064387812,0.854607250755287,0.8483603977844915,0.0062468529707955245,0.7846424063474804,0.7804836900665396,0.004158716280940777,0.16999859899443961,0.1699316127932213,-6.698620121831089e-05,-0.029574490655983204,0.01162948429551975,0.9874671941344474,0.9584919118999929,1.016977594125121,2000
paper,voting,"LogisticRegression,RandomForest,AdaBoost",sigmoid,models/final_h10_CV17_paper.joblib,sigmoid,19,0.37999999999999995,saved voting threshold (also applied to raw),10,CV17,Diabetes,single variable,cardiovascular,1,0.7533623828117632,0.7539943246661114,-0.000631941854348228,0.854607250755287,0.8483603977844915,0.0062468529707955245,0.7846424063474804,0.7804836900665396,0.004158716280940777,0.1495675138032824,0.15320106733031136,0.00363355352702896,-0.02262202443900805,0.020881786875513668,0.9991618745212332,0.9703670928049183,1.0279274900962365,2000
own,stacking,"KNeighbors,AdaBoost,MLP,GradientBoosting",raw,models/stacking_sensitivity/h10_CV17_own.joblib,raw_fixed,20,0.5,fixed 0.5,10,CV17,Diabetes,single variable,cardiovascular,1,0.7759907263689412,0.7465348454007947,0.029455880968146442,0.8577070745216515,0.8511927240684793,0.0065143504531721685,0.7904569354382537,0.7833934633460133,0.0070634720922403416,0.14760090704816692,0.15119144639459536,0.003590539346428445,0.0038805011351792707,0.0551960960723584,1.039456806537051,1.0051006783839675,1.0757294751938509,2000
own,stacking,"KNeighbors,AdaBoost,MLP,GradientBoosting",raw,models/stacking_sensitivity/h10_CV17_own.joblib,raw_threshold,20,0.49999999999999994,saved stacking threshold,10,CV17,Diabetes,single variable,cardiovascular,1,0.7759907263689412,0.7465348454007947,0.029455880968146442,0.8577070745216515,0.8511927240684793,0.0065143504531721685,0.7904569354382537,0.7833934633460133,0.0070634720922403416,0.14760090704816692,0.15119144639459536,0.003590539346428445,0.0038805011351792707,0.0551960960723584,1.039456806537051,1.0051006783839675,1.0757294751938509,2000
own,stacking,"KNeighbors,AdaBoost,MLP,GradientBoosting",sigmoid,models/stacking_sensitivity/h10_CV17_own.joblib,sigmoid,21,0.5199999999999999,saved stacking threshold,10,CV17,Diabetes,single variable,cardiovascular,1,0.7759907263689412,0.7465348454007947,0.029455880968146442,0.8577070745216515,0.8511927240684793,0.0065143504531721685,0.7904569354382537,0.7833934633460133,0.0070634720922403416,0.14958529410436117,0.15313185874846114,0.00354656464409997,0.0038805011351792707,0.0551960960723584,1.039456806537051,1.0051006783839675,1.0757294751938509,2000
own,stacking,"KNeighbors,AdaBoost,MLP,GradientBoosting",isotonic,models/stacking_sensitivity/h10_CV17_own.joblib,isotonic,22,0.38999999999999996,saved stacking threshold,10,CV17,Diabetes,single variable,cardiovascular,1,0.7741796200345423,0.7465348454007947,0.027644774633747593,0.8558896651560927,0.8516018378650554,0.004287827291037272,0.7534450788009935,0.7543385998404143,-0.0008935210394207527,0.149993585678844,0.15259289317557537,0.0025993074967313734,0.0017559807174727354,0.053865321024882874,1.0370307893918949,1.0022897601675622,1.073832208269352,2000
paper,stacking,"LogisticRegression,RandomForest,AdaBoost",raw,models/stacking_sensitivity/h10_CV17_paper.joblib,raw_fixed,23,0.5,fixed 0.5,10,CV17,Diabetes,single variable,cardiovascular,1,0.7651549169286036,0.7490804413881337,0.016074475540469924,0.8525931520644512,0.8464092396777442,0.006183912386707013,0.7815738730148766,0.7752568423887801,0.006317030626096454,0.15167901735688322,0.15509249739110628,0.0034134800342230653,-0.008898588840318754,0.041626157630179864,1.0214589443967887,0.988258680261821,1.0576471075771858,2000
paper,stacking,"LogisticRegression,RandomForest,AdaBoost",raw,models/stacking_sensitivity/h10_CV17_paper.joblib,raw_threshold,23,0.36999999999999994,saved stacking threshold,10,CV17,Diabetes,single variable,cardiovascular,1,0.7487032419896108,0.7459285648190987,0.002774677170512052,0.8525931520644512,0.8464092396777442,0.006183912386707013,0.7815738730148766,0.7752568423887801,0.006317030626096454,0.15167901735688322,0.15509249739110628,0.0034134800342230653,-0.020773689680658226,0.027107644725555526,1.0037197625903829,0.9727119273401628,1.0365943854134265,2000
paper,stacking,"LogisticRegression,RandomForest,AdaBoost",sigmoid,models/stacking_sensitivity/h10_CV17_paper.joblib,sigmoid,24,0.36999999999999994,saved stacking threshold,10,CV17,Diabetes,single variable,cardiovascular,1,0.7504997728305316,0.749497852353141,0.001001920477390561,0.8525931520644512,0.8464092396777442,0.006183912386707013,0.7815738730148766,0.7752568423887801,0.006317030626096454,0.1504017806918913,0.15394709421917716,0.0035453135272858483,-0.02218366700855381,0.02568750405902431,1.0013367889904485,0.9706129464412222,1.0344911578331273,2000
paper,stacking,"LogisticRegression,RandomForest,AdaBoost",isotonic,models/stacking_sensitivity/h10_CV17_paper.joblib,isotonic,25,0.5099999999999999,saved stacking threshold,10,CV17,Diabetes,single variable,cardiovascular,1,0.7679066363551431,0.7562393189631477,0.011667317391995446,0.8518850704934542,0.8462754909365559,0.005609579556898336,0.7644245964899069,0.7584117862109657,0.006012810278941183,0.15143233036566903,0.15334737167036303,0.0019150413046939985,-0.012476347325843332,0.03494472001783147,1.0154280756097052,0.9840258350099649,1.0479764341478706,2000
LogisticRegression,individual,LogisticRegression,raw,Cached fitted individual; sigmoid fitted to cached training OOF,raw_fixed,0,0.5,fixed 0.5,10,CV17,Hypertension,single variable,cardiovascular,1,0.7415237771867278,0.7354198127453941,0.006103964441333654,0.8471330563947633,0.8450245468277946,0.0021085095669687304,0.7757131798023779,0.7748762173603665,0.0008369624420113686,0.18103363507285933,0.18133187282504482,0.0002982377521854873,-0.005007134541876165,0.017680646748972143,1.0082999727985937,0.9933693307176449,1.0243927216599542,2000
LogisticRegression,individual,LogisticRegression,raw,Cached fitted individual; sigmoid fitted to cached training OOF,raw_threshold,0,0.5299999999999999,own validation,10,CV17,Hypertension,single variable,cardiovascular,1,0.7638589274068128,0.7499614447426051,0.013897482664207761,0.8471330563947633,0.8450245468277946,0.0021085095669687304,0.7757131798023779,0.7748762173603665,0.0008369624420113686,0.18103363507285933,0.18133187282504482,0.0002982377521854873,-0.0018198263160320222,0.0295347154816309,1.0185309295052862,0.9975918462457466,1.0405718244023376,2000
LogisticRegression,individual,LogisticRegression,sigmoid,Cached fitted individual; sigmoid fitted to cached training OOF,sigmoid,1,0.4599999999999999,own validation,10,CV17,Hypertension,single variable,cardiovascular,1,0.7652167182662539,0.7553287324324847,0.009887985833769264,0.8471330563947633,0.8450245468277946,0.0021085095669687304,0.7757131798023779,0.7748762173603665,0.0008369624420113686,0.15425405915056228,0.15548661767001073,0.0012325585194484512,-0.004812230734217798,0.024302607316921583,1.0130909700759372,0.9935814524102907,1.033005332488362,2000
SVC,individual,SVC,raw,Cached fitted individual; sigmoid fitted to cached training OOF,raw_fixed,2,0.5,fixed 0.5,10,CV17,Hypertension,single variable,cardiovascular,1,0.7626151994158625,0.7566943165331483,0.005920882882714196,0.8393126888217523,0.8385337990936556,0.0007788897280966989,0.7721765117413423,0.7726514987961862,-0.000474987054843945,0.15858315788350594,0.15920266516616075,0.0006195072826548076,-0.0018131638508532637,0.014802568376696539,1.0078246694250872,0.9976080592154243,1.0195587346344306,2000
SVC,individual,SVC,raw,Cached fitted individual; sigmoid fitted to cached training OOF,raw_threshold,2,0.5299999999999999,own validation,10,CV17,Hypertension,single variable,cardiovascular,1,0.7496889059060017,0.7520724697146545,-0.002383563808652789,0.8393126888217523,0.8385337990936556,0.0007788897280966989,0.7721765117413423,0.7726514987961862,-0.000474987054843945,0.15858315788350594,0.15920266516616075,0.0006195072826548076,-0.010282223170656501,0.004875649246981656,0.9968306727015853,0.9860829853130368,1.0066268041640651,2000
SVC,individual,SVC,sigmoid,Cached fitted individual; sigmoid fitted to cached training OOF,sigmoid,3,0.5099999999999999,own validation,10,CV17,Hypertension,single variable,cardiovascular,1,0.7472975940900469,0.7520724697146545,-0.004774875624607544,0.8393126888217523,0.8385337990936556,0.0007788897280966989,0.7721765117413423,0.7726514987961862,-0.000474987054843945,0.15664990147668506,0.15733770621514595,0.0006878047384608899,-0.012196043552992275,0.0,0.9936510431947879,0.983542977981995,1.0,2000
KNeighbors,individual,KNeighbors,raw,Cached fitted individual; sigmoid fitted to cached training OOF,raw_fixed,4,0.5,fixed 0.5,10,CV17,Hypertension,single variable,cardiovascular,1,0.7465134459036898,0.7294950319858445,0.01701841391784531,0.8171576032225579,0.8116030966767371,0.005554506545820792,0.7296944174064324,0.724981689716266,0.004712727690166396,0.16746745459592483,0.17043161491552233,0.0029641603195975086,-0.003990227194604007,0.03739388466599699,1.023329033333534,0.994808540457451,1.0520491705532182,2000
KNeighbors,individual,KNeighbors,raw,Cached fitted individual; sigmoid fitted to cached training OOF,raw_threshold,4,0.5299999999999999,own validation,10,CV17,Hypertension,single variable,cardiovascular,1,0.7305899970050913,0.7419626941685765,-0.011372697163485213,0.8171576032225579,0.8116030966767371,0.005554506545820792,0.7296944174064324,0.724981689716266,0.004712727690166396,0.16746745459592483,0.17043161491552233,0.0029641603195975086,-0.03654245643658905,0.01425980601291899,0.9846721442292605,0.951194149532624,1.0197579052335415,2000
KNeighbors,individual,KNeighbors,sigmoid,Cached fitted individual; sigmoid fitted to cached training OOF,sigmoid,5,0.4799999999999999,own validation,10,CV17,Hypertension,single variable,cardiovascular,1,0.7305899970050913,0.7413452027695351,-0.010755205764443776,0.8171576032225579,0.8116030966767371,0.005554506545820792,0.7296944174064324,0.724981689716266,0.004712727690166396,0.16492534254057886,0.16680093101131063,0.0018755884707317705,-0.03612262472605993,0.013833361439661785,0.9854923108367543,0.9523480837450593,1.0191081971468823,2000
RandomForest,individual,RandomForest,raw,Cached fitted individual; sigmoid fitted to cached training OOF,raw_fixed,6,0.5,fixed 0.5,10,CV17,Hypertension,single variable,cardiovascular,1,0.7497493620123952,0.7439864303359403,0.005762931676454919,0.8513500755287009,0.8498080312185297,0.0015420443101712422,0.7772464964925739,0.7760866222121542,0.0011598742804197482,0.15518350287581242,0.15689836937035367,0.0017148664945412506,-0.0025428035563314134,0.01448436526381864,1.0077460171872392,0.996600837130883,1.0196632431770274,2000
RandomForest,individual,RandomForest,raw,Cached fitted individual; sigmoid fitted to cached training OOF,raw_threshold,6,0.5399999999999999,own validation,10,CV17,Hypertension,single variable,cardiovascular,1,0.7534066687708716,0.7508105658272419,0.0025961029436296634,0.8513500755287009,0.8498080312185297,0.0015420443101712422,0.7772464964925739,0.7760866222121542,0.0011598742804197482,0.15518350287581242,0.15689836937035367,0.0017148664945412506,-0.009335970952336538,0.014741585314710953,1.0034577336305455,0.9878223858881129,1.0200136588810702,2000
RandomForest,individual,RandomForest,sigmoid,Cached fitted individual; sigmoid fitted to cached training OOF,sigmoid,7,0.4799999999999999,own validation,10,CV17,Hypertension,single variable,cardiovascular,1,0.7534066687708716,0.7508105658272419,0.0025961029436296634,0.8513500755287009,0.8498080312185297,0.0015420443101712422,0.7772464964925739,0.7760866222121542,0.0011598742804197482,0.15088959421792228,0.15219837011340762,0.0013087758954853368,-0.009335970952336538,0.014741585314710953,1.0034577336305455,0.9878223858881129,1.0200136588810702,2000
AdaBoost,individual,AdaBoost,raw,Cached fitted individual; sigmoid fitted to cached training OOF,raw_fixed,8,0.5,fixed 0.5,10,CV17,Hypertension,single variable,cardiovascular,1,0.7278999276149114,0.7278999276149114,0.0,0.850547583081571,0.850547583081571,0.0,0.783316089867566,0.783316089867566,0.0,0.19056556716525275,0.19056556716525275,0.0,0.0,0.0,1.0,1.0,1.0,2000
AdaBoost,individual,AdaBoost,raw,Cached fitted individual; sigmoid fitted to cached training OOF,raw_threshold,8,0.5299999999999999,own validation,10,CV17,Hypertension,single variable,cardiovascular,1,0.7667436307303692,0.7667436307303692,0.0,0.850547583081571,0.850547583081571,0.0,0.783316089867566,0.783316089867566,0.0,0.19056556716525275,0.19056556716525275,0.0,0.0,0.0,1.0,1.0,1.0,2000
AdaBoost,individual,AdaBoost,sigmoid,Cached fitted individual; sigmoid fitted to cached training OOF,sigmoid,9,0.4699999999999999,own validation,10,CV17,Hypertension,single variable,cardiovascular,1,0.7618621447636992,0.7618621447636992,0.0,0.850547583081571,0.850547583081571,0.0,0.783316089867566,0.783316089867566,0.0,0.14988257243690048,0.14988257243690048,0.0,0.0,0.0,1.0,1.0,1.0,2000
MLP,individual,MLP,raw,Cached fitted individual; sigmoid fitted to cached training OOF,raw_fixed,10,0.5,fixed 0.5,10,CV17,Hypertension,single variable,cardiovascular,1,0.7439864303359403,0.7411605142561383,0.0028259160798019822,0.8505633182275931,0.8463305639476334,0.004232754279959727,0.7746309573457957,0.7701740997781265,0.004456857567669226,0.16257933993386675,0.16411691427002773,0.001537574336160974,-0.010588129086320074,0.01586934150444623,1.0038128260011776,0.9857173388234237,1.021629535002576,2000
MLP,individual,MLP,raw,Cached fitted individual; sigmoid fitted to cached training OOF,raw_threshold,10,0.63,own validation,10,CV17,Hypertension,single variable,cardiovascular,1,0.7579402910681863,0.7615309282233668,-0.003590637155180487,0.8505633182275931,0.8463305639476334,0.004232754279959727,0.7746309573457957,0.7701740997781265,0.004456857567669226,0.16257933993386675,0.16411691427002773,0.001537574336160974,-0.013610118548560701,0.005926304766374705,0.9952849752753216,0.982125868121552,1.007942079113172,2000
MLP,individual,MLP,sigmoid,Cached fitted individual; sigmoid fitted to cached training OOF,sigmoid,11,0.5199999999999999,own validation,10,CV17,Hypertension,single variable,cardiovascular,1,0.7602813339655445,0.7579402910681863,0.0023410428973582587,0.8505633182275931,0.8463305639476334,0.004232754279959727,0.7746309573457957,0.7701740997781265,0.004456857567669226,0.15285191720214764,0.1550498797999347,0.0021979625977870676,-0.008240654884075651,0.013277037106061965,1.003088690395465,0.989142164750998,1.017728998106145,2000
GradientBoosting,individual,GradientBoosting,raw,Cached fitted individual; sigmoid fitted to cached training OOF,raw_fixed,12,0.5,fixed 0.5,10,CV17,Hypertension,single variable,cardiovascular,1,0.7407624369142034,0.7378034180359762,0.0029590188782272486,0.8645675981873112,0.8620657099697885,0.0025018882175227297,0.7999174922847669,0.7980021831840518,0.0019153091007151346,0.15560823441899102,0.15849926722560684,0.0028910328066158175,-0.006428641212359032,0.012552894430003188,1.0040105789779399,0.9913348464533421,1.0170758848083425,2000
GradientBoosting,individual,GradientBoosting,raw,Cached fitted individual; sigmoid fitted to cached training OOF,raw_threshold,12,0.5099999999999999,own validation,10,CV17,Hypertension,single variable,cardiovascular,1,0.7443600541434803,0.74501200120012,-0.0006519470566397345,0.8645675981873112,0.8620657099697885,0.0025018882175227297,0.7999174922847669,0.7980021831840518,0.0019153091007151346,0.15560823441899102,0.15849926722560684,0.0028910328066158175,-0.008787218958697288,0.007198758791555611,0.9991249173763784,0.9883203909791463,1.009685853299699,2000
GradientBoosting,individual,GradientBoosting,sigmoid,Cached fitted individual; sigmoid fitted to cached training OOF,sigmoid,13,0.38999999999999996,own validation,10,CV17,Hypertension,single variable,cardiovascular,1,0.7425610503019167,0.7414072098528662,0.001153840449050425,0.8645675981873112,0.8620657099697885,0.0025018882175227297,0.7999174922847669,0.7980021831840518,0.0019153091007151346,0.14465563933665498,0.1463870076237631,0.001731368287108126,-0.007190070003954302,0.009706153928641145,1.0015562843653483,0.9903633365965987,1.013218800472928,2000
XGBoost,individual,XGBoost,raw,Cached fitted individual; sigmoid fitted to cached training OOF,raw_fixed,14,0.5,fixed 0.5,10,CV17,Hypertension,single variable,cardiovascular,1,0.7547437407784424,0.7547437407784424,0.0,0.85024861530715,0.8494775931520645,0.0007710221550855101,0.783435842859641,0.7829487235400915,0.0004871193195494783,0.1583200271760983,0.1584553235803465,0.00013529640424819744,-0.005375501403783711,0.005399432825096376,1.0,0.9928671286679457,1.0071460283048608,2000
XGBoost,individual,XGBoost,raw,Cached fitted individual; sigmoid fitted to cached training OOF,raw_threshold,14,0.5299999999999999,own validation,10,CV17,Hypertension,single variable,cardiovascular,1,0.7656592812335836,0.7620600845131242,0.0035991967204593855,0.85024861530715,0.8494775931520645,0.0007710221550855101,0.783435842859641,0.7829487235400915,0.0004871193195494783,0.1583200271760983,0.1584553235803465,0.00013529640424819744,-0.0035398118561589783,0.01087494013244249,1.0047229828639548,0.9953706741055656,1.014449479026222,2000
XGBoost,individual,XGBoost,sigmoid,Cached fitted individual; sigmoid fitted to cached training OOF,sigmoid,15,0.4599999999999999,own validation,10,CV17,Hypertension,single variable,cardiovascular,1,0.7602627068045684,0.7620600845131242,-0.001797377708555814,0.85024861530715,0.8494775931520645,0.0007710221550855101,0.783435842859641,0.7829487235400915,0.0004871193195494783,0.15047228134058788,0.15076862928537318,0.0002963479447853079,-0.009172542373445228,0.005458027945564785,0.9976414225792916,0.987965992497044,1.007206109812909,2000
diverse,voting,"LogisticRegression,XGBoost,MLP",raw,models/predictive_sensitivity/h10_CV17_diverse.joblib,raw_fixed,16,0.5,fixed 0.5,10,CV17,Hypertension,single variable,cardiovascular,1,0.7519248355968413,0.7497493620123952,0.0021754735844461415,0.851460221550856,0.8494933282980867,0.0019668932527693306,0.7808383535993896,0.7797903187979441,0.001048034801445441,0.16285424871514578,0.1635234919116441,0.0006692431964983037,-0.00542492431888725,0.010394238372946531,1.002901601114547,0.9927777057630885,1.0142072926128713,2000
diverse,voting,"LogisticRegression,XGBoost,MLP",raw,models/predictive_sensitivity/h10_CV17_diverse.joblib,raw_threshold,16,0.41999999999999993,saved voting threshold (also applied to raw),10,CV17,Hypertension,single variable,cardiovascular,1,0.7297436957420422,0.7252256918750924,0.004518003866949782,0.851460221550856,0.8494933282980867,0.0019668932527693306,0.7808383535993896,0.7797903187979441,0.001048034801445441,0.16285424871514578,0.1635234919116441,0.0006692431964983037,-0.00969476243350089,0.019022330090702543,1.006229790143353,0.9865309153404607,1.0262073154622464,2000
diverse,voting,"LogisticRegression,XGBoost,MLP",sigmoid,models/predictive_sensitivity/h10_CV17_diverse.joblib,sigmoid,17,0.41999999999999993,saved voting threshold (also applied to raw),10,CV17,Hypertension,single variable,cardiovascular,1,0.7637361795963371,0.7503484619937755,0.013387717602561633,0.851460221550856,0.8494933282980867,0.0019668932527693306,0.7808383535993896,0.7797903187979441,0.001048034801445441,0.15192518816747258,0.15336036299814032,0.0014351748306677403,0.005275524406179034,0.02393189960420559,1.0178420004580122,1.0068941690152835,1.0321719304600794,2000
paper,voting,"LogisticRegression,RandomForest,AdaBoost",raw,models/final_h10_CV17_paper.joblib,raw_fixed,18,0.5,fixed 0.5,10,CV17,Hypertension,single variable,cardiovascular,1,0.7519248355968413,0.7526606712496169,-0.0007358356527755738,0.854607250755287,0.8530337361530715,0.0015735146022154423,0.7846424063474804,0.7835074155409186,0.0011349908065617642,0.16999859899443961,0.1708617415276308,0.0008631425331911968,-0.01260891465753657,0.011476763817484583,0.9990223540555747,0.9838120731892752,1.0153708321434916,2000
paper,voting,"LogisticRegression,RandomForest,AdaBoost",raw,models/final_h10_CV17_paper.joblib,raw_threshold,18,0.37999999999999995,saved voting threshold (also applied to raw),10,CV17,Hypertension,single variable,cardiovascular,1,0.6995935360896781,0.6958735174396278,0.0037200186500503385,0.854607250755287,0.8530337361530715,0.0015735146022154423,0.7846424063474804,0.7835074155409186,0.0011349908065617642,0.16999859899443961,0.1708617415276308,0.0008631425331911968,-0.00952670815115626,0.017134624225009235,1.0053458258675192,0.9865572146285291,1.0249230280166208,2000
paper,voting,"LogisticRegression,RandomForest,AdaBoost",sigmoid,models/final_h10_CV17_paper.joblib,sigmoid,19,0.37999999999999995,saved voting threshold (also applied to raw),10,CV17,Hypertension,single variable,cardiovascular,1,0.7533623828117632,0.745819032584985,0.0075433502267781005,0.854607250755287,0.8530337361530715,0.0015735146022154423,0.7846424063474804,0.7835074155409186,0.0011349908065617642,0.1495675138032824,0.1507014267660552,0.0011339129627727929,-0.000978256626843052,0.017267229341192812,1.0101141830621205,0.9986971221643681,1.0233443678730534,2000
own,stacking,"KNeighbors,AdaBoost,MLP,GradientBoosting",raw,models/stacking_sensitivity/h10_CV17_own.joblib,raw_fixed,20,0.5,fixed 0.5,10,CV17,Hypertension,single variable,cardiovascular,1,0.7759907263689412,0.7618621447636992,0.014128581605241997,0.8577070745216515,0.8541981369587109,0.003508937562940573,0.7904569354382537,0.7858499723927905,0.004606963045463153,0.14760090704816692,0.1495651629276588,0.001964255879491894,0.0022304717226420967,0.026939732693353712,1.0185448006602613,1.0028318673550665,1.0362681521628292,2000
own,stacking,"KNeighbors,AdaBoost,MLP,GradientBoosting",raw,models/stacking_sensitivity/h10_CV17_own.joblib,raw_threshold,20,0.49999999999999994,saved stacking threshold,10,CV17,Hypertension,single variable,cardiovascular,1,0.7759907263689412,0.7618621447636992,0.014128581605241997,0.8577070745216515,0.8541981369587109,0.003508937562940573,0.7904569354382537,0.7858499723927905,0.004606963045463153,0.14760090704816692,0.1495651629276588,0.001964255879491894,0.0022304717226420967,0.026939732693353712,1.0185448006602613,1.0028318673550665,1.0362681521628292,2000
own,stacking,"KNeighbors,AdaBoost,MLP,GradientBoosting",sigmoid,models/stacking_sensitivity/h10_CV17_own.joblib,sigmoid,21,0.5199999999999999,saved stacking threshold,10,CV17,Hypertension,single variable,cardiovascular,1,0.7759907263689412,0.7618621447636992,0.014128581605241997,0.8577070745216515,0.8541981369587109,0.003508937562940573,0.7904569354382537,0.7858499723927905,0.004606963045463153,0.14958529410436117,0.15193247453972292,0.002347180435361751,0.0022304717226420967,0.026939732693353712,1.0185448006602613,1.0028318673550665,1.0362681521628292,2000
own,stacking,"KNeighbors,AdaBoost,MLP,GradientBoosting",isotonic,models/stacking_sensitivity/h10_CV17_own.joblib,isotonic,22,0.38999999999999996,saved stacking threshold,10,CV17,Hypertension,single variable,cardiovascular,1,0.7741796200345423,0.7623695672609908,0.011810052773551516,0.8558896651560927,0.8490999496475328,0.00678971550855989,0.7534450788009935,0.7520638519872161,0.001381226813777392,0.149993585678844,0.15442014952083818,0.004426563841994191,0.0003844805535987068,0.023915742328653986,1.015491243723149,1.0004949088091653,1.0319025005247968,2000
paper,stacking,"LogisticRegression,RandomForest,AdaBoost",raw,models/stacking_sensitivity/h10_CV17_paper.joblib,raw_fixed,23,0.5,fixed 0.5,10,CV17,Hypertension,single variable,cardiovascular,1,0.7651549169286036,0.7669559099437149,-0.001800993015111274,0.8525931520644512,0.8511140483383686,0.00147910372608262,0.7815738730148766,0.7810287808678958,0.0005450921469807302,0.15167901735688322,0.15314898248034756,0.0014699651234643396,-0.014728573314963748,0.0102694873828402,0.9976517646037261,0.9807487464635232,1.0135815983104575,2000
paper,stacking,"LogisticRegression,RandomForest,AdaBoost",raw,models/stacking_sensitivity/h10_CV17_paper.joblib,raw_threshold,23,0.36999999999999994,saved stacking threshold,10,CV17,Hypertension,single variable,cardiovascular,1,0.7487032419896108,0.7508619907449414,-0.0021587487553306195,0.8525931520644512,0.8511140483383686,0.00147910372608262,0.7815738730148766,0.7810287808678958,0.0005450921469807302,0.15167901735688322,0.15314898248034756,0.0014699651234643396,-0.01243799606006891,0.007188504825590466,0.997124972655509,0.9835102676172595,1.0094798170776607,2000
paper,stacking,"LogisticRegression,RandomForest,AdaBoost",sigmoid,models/stacking_sensitivity/h10_CV17_paper.joblib,sigmoid,24,0.36999999999999994,saved stacking threshold,10,CV17,Hypertension,single variable,cardiovascular,1,0.7504997728305316,0.7526606712496169,-0.0021608984190852887,0.8525931520644512,0.8511140483383686,0.00147910372608262,0.7815738730148766,0.7810287808678958,0.0005450921469807302,0.1504017806918913,0.15177295595121362,0.0013711752593223159,-0.012254736911895636,0.007174784890102388,0.9971289872028286,0.9837984055452457,1.0095479094332906,2000
paper,stacking,"LogisticRegression,RandomForest,AdaBoost",isotonic,models/stacking_sensitivity/h10_CV17_paper.joblib,isotonic,25,0.5099999999999999,saved stacking threshold,10,CV17,Hypertension,single variable,cardiovascular,1,0.7679066363551431,0.7620369830251414,0.005869653330001667,0.8518850704934542,0.8470307779456193,0.004854292547834871,0.7644245964899069,0.7546380737818472,0.009786522708059686,0.15143233036566903,0.15541819040136662,0.0039858600356975915,-0.007071098030944098,0.019131365765697822,1.007702583287625,0.9906130531838169,1.025638760562218,2000
LogisticRegression,individual,LogisticRegression,raw,Cached fitted individual; sigmoid fitted to cached training OOF,raw_fixed,0,0.5,fixed 0.5,10,CV17,Dyslipidemia,single variable,cardiovascular,1,0.7415237771867278,0.7425791306981675,-0.001055353511439705,0.8471330563947633,0.8462518882175226,0.0008811681772407098,0.7757131798023779,0.772923862386853,0.0027893174155249056,0.18103363507285933,0.1823207321214339,0.0012870970485745759,-0.019798632499504108,0.01770099944468031,0.9985787999314666,0.9735214213251397,1.0241780127846514,2000
LogisticRegression,individual,LogisticRegression,raw,Cached fitted individual; sigmoid fitted to cached training OOF,raw_threshold,0,0.5299999999999999,own validation,10,CV17,Dyslipidemia,single variable,cardiovascular,1,0.7638589274068128,0.7521134421134421,0.011745485293370717,0.8471330563947633,0.8462518882175226,0.0008811681772407098,0.7757131798023779,0.772923862386853,0.0027893174155249056,0.18103363507285933,0.1823207321214339,0.0012870970485745759,-0.008914094226829539,0.032917945834089676,1.015616640570026,0.9883169415324177,1.0449681252751315,2000
LogisticRegression,individual,LogisticRegression,sigmoid,Cached fitted individual; sigmoid fitted to cached training OOF,sigmoid,1,0.4599999999999999,own validation,10,CV17,Dyslipidemia,single variable,cardiovascular,1,0.7652167182662539,0.7556911961633085,0.009525522102945438,0.8471330563947633,0.8462518882175226,0.0008811681772407098,0.7757131798023779,0.772923862386853,0.0027893174155249056,0.15425405915056228,0.1542068083699666,-4.7250780595670117e-05,-0.011854040095598317,0.031043674204145496,1.0126050457532219,0.985314069107998,1.0419537213160788,2000
SVC,individual,SVC,raw,Cached fitted individual; sigmoid fitted to cached training OOF,raw_fixed,2,0.5,fixed 0.5,10,CV17,Dyslipidemia,single variable,cardiovascular,1,0.7626151994158625,0.7511155838482182,0.011499615567644339,0.8393126888217523,0.8365118328298087,0.002800855991943574,0.7721765117413423,0.7657899507933866,0.006386560947955644,0.15858315788350594,0.15859942440071778,1.626651721184369e-05,-0.010943119066282637,0.036262278914563614,1.0153100479006545,0.9856601877364913,1.049392805737873,2000
SVC,individual,SVC,raw,Cached fitted individual; sigmoid fitted to cached training OOF,raw_threshold,2,0.5299999999999999,own validation,10,CV17,Dyslipidemia,single variable,cardiovascular,1,0.7496889059060017,0.7496889059060017,0.0,0.8393126888217523,0.8365118328298087,0.002800855991943574,0.7721765117413423,0.7657899507933866,0.006386560947955644,0.15858315788350594,0.15859942440071778,1.626651721184369e-05,-0.020729199600363013,0.021718276254966622,1.0,0.9731199201122904,1.0292134138602478,2000
SVC,individual,SVC,sigmoid,Cached fitted individual; sigmoid fitted to cached training OOF,sigmoid,3,0.5099999999999999,own validation,10,CV17,Dyslipidemia,single variable,cardiovascular,1,0.7472975940900469,0.7496889059060017,-0.0023913118159547553,0.8393126888217523,0.8365118328298087,0.002800855991943574,0.7721765117413423,0.7657899507933866,0.006386560947955644,0.15664990147668506,0.1569688302411374,0.00031892876445233087,-0.022678458509633216,0.019410487759726727,0.9968102611668438,0.9700077234515311,1.0263287265826562,2000
KNeighbors,individual,KNeighbors,raw,Cached fitted individual; sigmoid fitted to cached training OOF,raw_fixed,4,0.5,fixed 0.5,10,CV17,Dyslipidemia,single variable,cardiovascular,1,0.7465134459036898,0.7260690980549682,0.020444347848721622,0.8171576032225579,0.8157729103726082,0.0013846928499496869,0.7296944174064324,0.7273163948324884,0.0023780225739439276,0.16746745459592483,0.16778443209214042,0.00031697749621559246,-0.005371410206193643,0.047576046444374076,1.0281575788082553,0.9925913364809477,1.0670700194271028,2000
KNeighbors,individual,KNeighbors,raw,Cached fitted individual; sigmoid fitted to cached training OOF,raw_threshold,4,0.5299999999999999,own validation,10,CV17,Dyslipidemia,single variable,cardiovascular,1,0.7305899970050913,0.727877739191462,0.0027122578136292708,0.8171576032225579,0.8157729103726082,0.0013846928499496869,0.7296944174064324,0.7273163948324884,0.0023780225739439276,0.16746745459592483,0.16778443209214042,0.00031697749621559246,-0.022851908156158285,0.02842993401683951,1.0037262546545827,0.9689831710597907,1.039446435278194,2000
KNeighbors,individual,KNeighbors,sigmoid,Cached fitted individual; sigmoid fitted to cached training OOF,sigmoid,5,0.4799999999999999,own validation,10,CV17,Dyslipidemia,single variable,cardiovascular,1,0.7305899970050913,0.7296371684275145,0.0009528285775768364,0.8171576032225579,0.8157729103726082,0.0013846928499496869,0.7296944174064324,0.7273163948324884,0.0023780225739439276,0.16492534254057886,0.16527806441339266,0.00035272187281379375,-0.024846350492440352,0.026428205574509516,1.0013058936945747,0.9663944186898277,1.037184243464085,2000
RandomForest,individual,RandomForest,raw,Cached fitted individual; sigmoid fitted to cached training OOF,raw_fixed,6,0.5,fixed 0.5,10,CV17,Dyslipidemia,single variable,cardiovascular,1,0.7497493620123952,0.7561380174891457,-0.006388655476750493,0.8513500755287009,0.8490999496475328,0.00225012588116813,0.7772464964925739,0.7751517505549064,0.0020947459376675637,0.15518350287581242,0.15436196450418763,-0.000821538371624797,-0.01644521633956128,0.00333979814365236,0.9915509400017144,0.978139931750438,1.0044242952155702,2000
RandomForest,individual,RandomForest,raw,Cached fitted individual; sigmoid fitted to cached training OOF,raw_threshold,6,0.5399999999999999,own validation,10,CV17,Dyslipidemia,single variable,cardiovascular,1,0.7534066687708716,0.7490008182275931,0.004405850543278467,0.8513500755287009,0.8490999496475328,0.00225012588116813,0.7772464964925739,0.7751517505549064,0.0020947459376675637,0.15518350287581242,0.15436196450418763,-0.000821538371624797,-0.009056589106696183,0.018918174080810084,1.0058823040456808,0.9878192565576827,1.0253038536297585,2000
RandomForest,individual,RandomForest,sigmoid,Cached fitted individual; sigmoid fitted to cached training OOF,sigmoid,7,0.4799999999999999,own validation,10,CV17,Dyslipidemia,single variable,cardiovascular,1,0.7534066687708716,0.7490008182275931,0.004405850543278467,0.8513500755287009,0.8490999496475328,0.00225012588116813,0.7772464964925739,0.7751517505549064,0.0020947459376675637,0.15088959421792228,0.15227913667475074,0.0013895424568284576,-0.009056589106696183,0.018918174080810084,1.0058823040456808,0.9878192565576827,1.0253038536297585,2000
AdaBoost,individual,AdaBoost,raw,Cached fitted individual; sigmoid fitted to cached training OOF,raw_fixed,8,0.5,fixed 0.5,10,CV17,Dyslipidemia,single variable,cardiovascular,1,0.7278999276149114,0.7306981674996214,-0.002798239884709952,0.850547583081571,0.8494067849949648,0.001140798086606165,0.783316089867566,0.7822275333031045,0.0010885565644614958,0.19056556716525275,0.19010229392426456,-0.0004632732409881879,-0.011919444725438308,0.0065914896340314,0.9961704572295764,0.9837485716706326,1.0088859966126893,2000
AdaBoost,individual,AdaBoost,raw,Cached fitted individual; sigmoid fitted to cached training OOF,raw_threshold,8,0.5299999999999999,own validation,10,CV17,Dyslipidemia,single variable,cardiovascular,1,0.7667436307303692,0.7638770078889839,0.00286662284138528,0.850547583081571,0.8494067849949648,0.001140798086606165,0.783316089867566,0.7822275333031045,0.0010885565644614958,0.19056556716525275,0.19010229392426456,-0.0004632732409881879,-0.003609983060565347,0.010114086302655725,1.0037527282687921,0.9952561934905605,1.0134745104273528,2000
AdaBoost,individual,AdaBoost,sigmoid,Cached fitted individual; sigmoid fitted to cached training OOF,sigmoid,9,0.4699999999999999,own validation,10,CV17,Dyslipidemia,single variable,cardiovascular,1,0.7618621447636992,0.7667436307303692,-0.0048814859666700405,0.850547583081571,0.8494067849949648,0.001140798086606165,0.783316089867566,0.7822275333031045,0.0010885565644614958,0.14988257243690048,0.14979366068943525,-8.891174746522568e-05,-0.01406722076683895,0.003358828622015026,0.9936334835125789,0.981691808197567,1.0043820808984234,2000
MLP,individual,MLP,raw,Cached fitted individual; sigmoid fitted to cached training OOF,raw_fixed,10,0.5,fixed 0.5,10,CV17,Dyslipidemia,single variable,cardiovascular,1,0.7439864303359403,0.7508619907449414,-0.006875560409001169,0.8505633182275931,0.8503902316213494,0.00017308660624371086,0.7746309573457957,0.7693518789633962,0.0052790783823994936,0.16257933993386675,0.1616112689288693,-0.0009680710049974617,-0.029468886604320236,0.016178833205464354,0.990843110326866,0.9612283420540492,1.0218400593264747,2000
MLP,individual,MLP,raw,Cached fitted individual; sigmoid fitted to cached training OOF,raw_threshold,10,0.63,own validation,10,CV17,Dyslipidemia,single variable,cardiovascular,1,0.7579402910681863,0.7526532640759267,0.00528702699225958,0.8505633182275931,0.8503902316213494,0.00017308660624371086,0.7746309573457957,0.7693518789633962,0.0052790783823994936,0.16257933993386675,0.1616112689288693,-0.0009680710049974617,-0.01552638625443382,0.026603454843731122,1.0070245187852214,0.9794921706016456,1.0361155511740274,2000
MLP,individual,MLP,sigmoid,Cached fitted individual; sigmoid fitted to cached training OOF,sigmoid,11,0.5199999999999999,own validation,10,CV17,Dyslipidemia,single variable,cardiovascular,1,0.7602813339655445,0.7526532640759267,0.007628069889617839,0.8505633182275931,0.8503902316213494,0.00017308660624371086,0.7746309573457957,0.7693518789633962,0.0052790783823994936,0.15285191720214764,0.15157136201088117,-0.0012805551912664637,-0.012985135832538717,0.028449749333808113,1.0101349057443911,0.9829519406554518,1.038575890988281,2000
GradientBoosting,individual,GradientBoosting,raw,Cached fitted individual; sigmoid fitted to cached training OOF,raw_fixed,12,0.5,fixed 0.5,10,CV17,Dyslipidemia,single variable,cardiovascular,1,0.7407624369142034,0.7454699790617396,-0.0047075421475362145,0.8645675981873112,0.8643158358509567,0.0002517623363544885,0.7999174922847669,0.8013715891534057,-0.0014540968686387323,0.15560823441899102,0.15244211274560907,-0.0031661216733819553,-0.014420644429630581,0.004722243188536861,0.9936851351767898,0.980534646293027,1.0063475798262163,2000
GradientBoosting,individual,GradientBoosting,raw,Cached fitted individual; sigmoid fitted to cached training OOF,raw_threshold,12,0.5099999999999999,own validation,10,CV17,Dyslipidemia,single variable,cardiovascular,1,0.7443600541434803,0.7508619907449414,-0.006501936601461145,0.8645675981873112,0.8643158358509567,0.0002517623363544885,0.7999174922847669,0.8013715891534057,-0.0014540968686387323,0.15560823441899102,0.15244211274560907,-0.0031661216733819553,-0.01738379602778444,0.0034100841645622764,0.9913407035092954,0.9768803673290073,1.004517556583277,2000
GradientBoosting,individual,GradientBoosting,sigmoid,Cached fitted individual; sigmoid fitted to cached training OOF,sigmoid,13,0.38999999999999996,own validation,10,CV17,Dyslipidemia,single variable,cardiovascular,1,0.7425610503019167,0.7490640100040424,-0.006502959702125777,0.8645675981873112,0.8643158358509567,0.0002517623363544885,0.7999174922847669,0.8013715891534057,-0.0014540968686387323,0.14465563933665498,0.14381600057995111,-0.0008396387567038699,-0.017386391568342874,0.003405018082053992,0.991318552733443,0.9767981209564888,1.0045218574608605,2000
XGBoost,individual,XGBoost,raw,Cached fitted individual; sigmoid fitted to cached training OOF,raw_fixed,14,0.5,fixed 0.5,10,CV17,Dyslipidemia,single variable,cardiovascular,1,0.7547437407784424,0.7529485264986439,0.0017952142797985626,0.85024861530715,0.8499024420946626,0.0003461732124874217,0.783435842859641,0.7826896601327747,0.000746182726866218,0.1583200271760983,0.1591279031043197,0.0008078759282214021,-0.013069158011692544,0.016629274203857777,1.0023842456909327,0.9828472105538014,1.0217228261315645,2000
XGBoost,individual,XGBoost,raw,Cached fitted individual; sigmoid fitted to cached training OOF,raw_threshold,14,0.5299999999999999,own validation,10,CV17,Dyslipidemia,single variable,cardiovascular,1,0.7656592812335836,0.7535382095732518,0.012121071660331828,0.85024861530715,0.8499024420946626,0.0003461732124874217,0.783435842859641,0.7826896601327747,0.000746182726866218,0.1583200271760983,0.1591279031043197,0.0008078759282214021,-0.004029477180343913,0.029215633328657918,1.0160855435150347,0.9947550711880725,1.039174846483731,2000
XGBoost,individual,XGBoost,sigmoid,Cached fitted individual; sigmoid fitted to cached training OOF,sigmoid,15,0.4599999999999999,own validation,10,CV17,Dyslipidemia,single variable,cardiovascular,1,0.7602627068045684,0.7539943246661114,0.00626838213845704,0.85024861530715,0.8499024420946626,0.0003461732124874217,0.783435842859641,0.7826896601327747,0.000746182726866218,0.15047228134058788,0.15083269966777085,0.0003604183271829764,-0.00869824360039589,0.02174189317655735,1.008313566738361,0.9886500934640816,1.029697396904497,2000
diverse,voting,"LogisticRegression,XGBoost,MLP",raw,models/predictive_sensitivity/h10_CV17_diverse.joblib,raw_fixed,16,0.5,fixed 0.5,10,CV17,Dyslipidemia,single variable,cardiovascular,1,0.7519248355968413,0.7457771296633855,0.006147705933455816,0.851460221550856,0.8512713997985901,0.0001888217522658664,0.7808383535993896,0.7800654852856111,0.0007728683137784298,0.16285424871514578,0.1635246272806175,0.0006703785654717243,-0.013714020854159662,0.02642756977592803,1.008243355405965,0.9820988097319245,1.0362486822379369,2000
diverse,voting,"LogisticRegression,XGBoost,MLP",raw,models/predictive_sensitivity/h10_CV17_diverse.joblib,raw_threshold,16,0.41999999999999993,saved voting threshold (also applied to raw),10,CV17,Dyslipidemia,single variable,cardiovascular,1,0.7297436957420422,0.7238475030000923,0.005896192741949968,0.851460221550856,0.8512713997985901,0.0001888217522658664,0.7808383535993896,0.7800654852856111,0.0007728683137784298,0.16285424871514578,0.1635246272806175,0.0006703785654717243,-0.013216599904643954,0.02650543672370217,1.0081456283506018,0.9815162999908844,1.0370991943866728,2000
diverse,voting,"LogisticRegression,XGBoost,MLP",sigmoid,models/predictive_sensitivity/h10_CV17_diverse.joblib,sigmoid,17,0.41999999999999993,saved voting threshold (also applied to raw),10,CV17,Dyslipidemia,single variable,cardiovascular,1,0.7637361795963371,0.7579342766104755,0.0058019029858615845,0.851460221550856,0.8512713997985901,0.0001888217522658664,0.7808383535993896,0.7800654852856111,0.0007728683137784298,0.15192518816747258,0.1514051423103616,-0.00052004585711099,-0.013995573434303882,0.026422418432309504,1.0076548893022863,0.9816226649161265,1.0352275791123158,2000
paper,voting,"LogisticRegression,RandomForest,AdaBoost",raw,models/final_h10_CV17_paper.joblib,raw_fixed,18,0.5,fixed 0.5,10,CV17,Dyslipidemia,single variable,cardiovascular,1,0.7519248355968413,0.7547437407784424,-0.0028189051816011057,0.854607250755287,0.8529865307150051,0.0016207200402819089,0.7846424063474804,0.7842015451513334,0.00044086119614694663,0.16999859899443961,0.16957613770002156,-0.00042246129441805835,-0.01621140901446544,0.010821178991250863,0.9962650830615783,0.978693379601359,1.0145496938643916,2000
paper,voting,"LogisticRegression,RandomForest,AdaBoost",raw,models/final_h10_CV17_paper.joblib,raw_threshold,18,0.37999999999999995,saved voting threshold (also applied to raw),10,CV17,Dyslipidemia,single variable,cardiovascular,1,0.6995935360896781,0.7088996953363018,-0.009306159246623702,0.854607250755287,0.8529865307150051,0.0016207200402819089,0.7846424063474804,0.7842015451513334,0.00044086119614694663,0.16999859899443961,0.16957613770002156,-0.00042246129441805835,-0.024521382657786514,0.005776600456428116,0.9868723892705175,0.9659392064772248,1.0082597907109119,2000
paper,voting,"LogisticRegression,RandomForest,AdaBoost",sigmoid,models/final_h10_CV17_paper.joblib,sigmoid,19,0.37999999999999995,saved voting threshold (also applied to raw),10,CV17,Dyslipidemia,single variable,cardiovascular,1,0.7533623828117632,0.7508619907449414,0.0025003920668217328,0.854607250755287,0.8529865307150051,0.0016207200402819089,0.7846424063474804,0.7842015451513334,0.00044086119614694663,0.1495675138032824,0.1504814722139107,0.0009139584106283016,-0.010439902886072194,0.01575334432231633,1.0033300288170681,0.986320525655624,1.0213014032764853,2000
own,stacking,"KNeighbors,AdaBoost,MLP,GradientBoosting",raw,models/stacking_sensitivity/h10_CV17_own.joblib,raw_fixed,20,0.5,fixed 0.5,10,CV17,Dyslipidemia,single variable,cardiovascular,1,0.7759907263689412,0.7716338520165131,0.004356874352428042,0.8577070745216515,0.8573294310171199,0.00037764350453162177,0.7904569354382537,0.7892523377982616,0.0012045976399920333,0.14760090704816692,0.14752660572974605,-7.430131842087184e-05,-0.0152781630832698,0.023853179205289923,1.0056462975814788,0.9807824257575135,1.0313192258556683,2000
own,stacking,"KNeighbors,AdaBoost,MLP,GradientBoosting",raw,models/stacking_sensitivity/h10_CV17_own.joblib,raw_threshold,20,0.49999999999999994,saved stacking threshold,10,CV17,Dyslipidemia,single variable,cardiovascular,1,0.7759907263689412,0.7716338520165131,0.004356874352428042,0.8577070745216515,0.8573294310171199,0.00037764350453162177,0.7904569354382537,0.7892523377982616,0.0012045976399920333,0.14760090704816692,0.14752660572974605,-7.430131842087184e-05,-0.0152781630832698,0.023853179205289923,1.0056462975814788,0.9807824257575135,1.0313192258556683,2000
own,stacking,"KNeighbors,AdaBoost,MLP,GradientBoosting",sigmoid,models/stacking_sensitivity/h10_CV17_own.joblib,sigmoid,21,0.5199999999999999,saved stacking threshold,10,CV17,Dyslipidemia,single variable,cardiovascular,1,0.7759907263689412,0.7716338520165131,0.004356874352428042,0.8577070745216515,0.8573294310171199,0.00037764350453162177,0.7904569354382537,0.7892523377982616,0.0012045976399920333,0.14958529410436117,0.14911517198714336,-0.0004701221172178083,-0.0152781630832698,0.023853179205289923,1.0056462975814788,0.9807824257575135,1.0313192258556683,2000
own,stacking,"KNeighbors,AdaBoost,MLP,GradientBoosting",isotonic,models/stacking_sensitivity/h10_CV17_own.joblib,isotonic,22,0.38999999999999996,saved stacking threshold,10,CV17,Dyslipidemia,single variable,cardiovascular,1,0.7741796200345423,0.7716338520165131,0.002545768018029193,0.8558896651560927,0.856125692346425,-0.000236027190332333,0.7534450788009935,0.7594760118836007,-0.0060309330826071594,0.149993585678844,0.1483871031783531,-0.0016064825004908911,-0.01705897429635468,0.02192327012824159,1.0032991917233496,0.978198244466645,1.028625082693537,2000
paper,stacking,"LogisticRegression,RandomForest,AdaBoost",raw,models/stacking_sensitivity/h10_CV17_paper.joblib,raw_fixed,23,0.5,fixed 0.5,10,CV17,Dyslipidemia,single variable,cardiovascular,1,0.7651549169286036,0.7602813339655445,0.004873582963059064,0.8525931520644512,0.8511927240684793,0.0014004279959718424,0.7815738730148766,0.779166318284218,0.0024075547306585676,0.15167901735688322,0.1526544125008081,0.0009753951439248898,-0.011420807833950525,0.022907530103771917,1.0064102362445742,0.9851827929691176,1.0304196326559416,2000
paper,stacking,"LogisticRegression,RandomForest,AdaBoost",raw,models/stacking_sensitivity/h10_CV17_paper.joblib,raw_threshold,23,0.36999999999999994,saved stacking threshold,10,CV17,Dyslipidemia,single variable,cardiovascular,1,0.7487032419896108,0.7526606712496169,-0.0039574292600060845,0.8525931520644512,0.8511927240684793,0.0014004279959718424,0.7815738730148766,0.779166318284218,0.0024075547306585676,0.15167901735688322,0.1526544125008081,0.0009753951439248898,-0.019008495035417277,0.01158560790660245,0.9947420804471746,0.9749340862898659,1.0158116687589038,2000
paper,stacking,"LogisticRegression,RandomForest,AdaBoost",sigmoid,models/stacking_sensitivity/h10_CV17_paper.joblib,sigmoid,24,0.36999999999999994,saved stacking threshold,10,CV17,Dyslipidemia,single variable,cardiovascular,1,0.7504997728305316,0.7544600938967136,-0.003960321066182049,0.8525931520644512,0.8511927240684793,0.0014004279959718424,0.7815738730148766,0.779166318284218,0.0024075547306585676,0.1504017806918913,0.15147714686845695,0.0010753661765656453,-0.01915618991848248,0.011893349226282903,0.9947507878836541,0.9748491209903278,1.015855080360132,2000
paper,stacking,"LogisticRegression,RandomForest,AdaBoost",isotonic,models/stacking_sensitivity/h10_CV17_paper.joblib,isotonic,25,0.5099999999999999,saved stacking threshold,10,CV17,Dyslipidemia,single variable,cardiovascular,1,0.7679066363551431,0.7641677743664546,0.0037388619886885577,0.8518850704934542,0.8496821500503524,0.0022029204431017746,0.7644245964899069,0.7644289688330166,-4.372343109682042e-06,0.15143233036566903,0.15265488154317172,0.0012225511775026954,-0.014238529264254712,0.021736919176181573,1.0048927239725443,0.9812172112845183,1.0291132416397029,2000
LogisticRegression,individual,LogisticRegression,raw,Cached fitted individual; sigmoid fitted to cached training OOF,raw_fixed,0,0.5,fixed 0.5,10,CV17,AFib,single variable,cardiovascular,1,0.7415237771867278,0.7407883834695985,0.0007353937171292735,0.8471330563947633,0.8466295317220544,0.000503524672708977,0.7757131798023779,0.773395760337143,0.0023174194652348934,0.18103363507285933,0.18281390161933783,0.001780266546478504,-0.015998757211571814,0.017455046551471624,1.0009927176688231,0.9787632208045554,1.0240359118557807,2000
LogisticRegression,individual,LogisticRegression,raw,Cached fitted individual; sigmoid fitted to cached training OOF,raw_threshold,0,0.5299999999999999,own validation,10,CV17,AFib,single variable,cardiovascular,1,0.7638589274068128,0.7481751121896727,0.01568381521714013,0.8471330563947633,0.8466295317220544,0.000503524672708977,0.7757131798023779,0.773395760337143,0.0023174194652348934,0.18103363507285933,0.18281390161933783,0.001780266546478504,-0.0014283797274628,0.03349669770807877,1.0209627598694624,0.9981673730041395,1.0457077536057917,2000
LogisticRegression,individual,LogisticRegression,sigmoid,Cached fitted individual; sigmoid fitted to cached training OOF,sigmoid,1,0.4599999999999999,own validation,10,CV17,AFib,single variable,cardiovascular,1,0.7652167182662539,0.7512845792495506,0.013932139016703315,0.8471330563947633,0.8466295317220544,0.000503524672708977,0.7757131798023779,0.773395760337143,0.0023174194652348934,0.15425405915056228,0.15491888246334137,0.0006648233127790892,-0.003158781657240955,0.03081544978448666,1.0185444229809961,0.9958090496950988,1.0417118195263229,2000
SVC,individual,SVC,raw,Cached fitted individual; sigmoid fitted to cached training OOF,raw_fixed,2,0.5,fixed 0.5,10,CV17,AFib,single variable,cardiovascular,1,0.7626151994158625,0.752902129985748,0.009713069430114518,0.8393126888217523,0.8377234390735147,0.0015892497482375978,0.7721765117413423,0.765608737743349,0.006567773997993243,0.15858315788350594,0.15876757437831676,0.000184416494810824,-0.009828542623726521,0.030315981368747486,1.0129008393565022,0.9869568152478837,1.0404714994554927,2000
SVC,individual,SVC,raw,Cached fitted individual; sigmoid fitted to cached training OOF,raw_threshold,2,0.5299999999999999,own validation,10,CV17,AFib,single variable,cardiovascular,1,0.7496889059060017,0.7610378991919968,-0.011348993285995146,0.8393126888217523,0.8377234390735147,0.0015892497482375978,0.7721765117413423,0.765608737743349,0.006567773997993243,0.15858315788350594,0.15876757437831676,0.000184416494810824,-0.029488310619489668,0.006751049216814736,0.985087479482895,0.9612748291153687,1.009009125280003,2000
SVC,individual,SVC,sigmoid,Cached fitted individual; sigmoid fitted to cached training OOF,sigmoid,3,0.5099999999999999,own validation,10,CV17,AFib,single variable,cardiovascular,1,0.7472975940900469,0.7562359369977499,-0.008938342907703012,0.8393126888217523,0.8377234390735147,0.0015892497482375978,0.7721765117413423,0.765608737743349,0.006567773997993243,0.15664990147668506,0.15716139777345914,0.0005114962967740777,-0.02827966270088111,0.011182351177183518,0.9881804838008781,0.9629204368000058,1.01495002093894,2000
KNeighbors,individual,KNeighbors,raw,Cached fitted individual; sigmoid fitted to cached training OOF,raw_fixed,4,0.5,fixed 0.5,10,CV17,AFib,single variable,cardiovascular,1,0.7465134459036898,0.7312603157796393,0.015253130124050496,0.8171576032225579,0.816764224572004,0.0003933786505538883,0.7296944174064324,0.7340505267238516,-0.0043561093174192544,0.16746745459592483,0.16794199696319626,0.00047454236727142995,-0.005643540200962013,0.03678438471654109,1.0208586871117,0.9922948554640914,1.0514786526162334,2000
KNeighbors,individual,KNeighbors,raw,Cached fitted individual; sigmoid fitted to cached training OOF,raw_threshold,4,0.5299999999999999,own validation,10,CV17,AFib,single variable,cardiovascular,1,0.7305899970050913,0.7384169577643696,-0.007826960759278245,0.8171576032225579,0.816764224572004,0.0003933786505538883,0.7296944174064324,0.7340505267238516,-0.0043561093174192544,0.16746745459592483,0.16794199696319626,0.00047454236727142995,-0.029152933666913676,0.011447271263327065,0.9894003507408942,0.9613300925468593,1.015969249711753,2000
KNeighbors,individual,KNeighbors,sigmoid,Cached fitted individual; sigmoid fitted to cached training OOF,sigmoid,5,0.4799999999999999,own validation,10,CV17,AFib,single variable,cardiovascular,1,0.7305899970050913,0.7384169577643696,-0.007826960759278245,0.8171576032225579,0.816764224572004,0.0003933786505538883,0.7296944174064324,0.7340505267238516,-0.0043561093174192544,0.16492534254057886,0.16468793428808773,-0.00023740825249113362,-0.029152933666913676,0.011447271263327065,0.9894003507408942,0.9613300925468593,1.015969249711753,2000
RandomForest,individual,RandomForest,raw,Cached fitted individual; sigmoid fitted to cached training OOF,raw_fixed,6,0.5,fixed 0.5,10,CV17,AFib,single variable,cardiovascular,1,0.7497493620123952,0.75254884004884,-0.002799478036444869,0.8513500755287009,0.8471173212487412,0.004232754279959727,0.7772464964925739,0.7634592898885897,0.013787206603984248,0.15518350287581242,0.15605464303763547,0.0008711401618230474,-0.012312374375647972,0.006752149074788925,0.9962800048482392,0.9837175507232271,1.00889938304969,2000
RandomForest,individual,RandomForest,raw,Cached fitted individual; sigmoid fitted to cached training OOF,raw_threshold,6,0.5399999999999999,own validation,10,CV17,AFib,single variable,cardiovascular,1,0.7534066687708716,0.7459812615548522,0.007425407216019364,0.8513500755287009,0.8471173212487412,0.004232754279959727,0.7772464964925739,0.7634592898885897,0.013787206603984248,0.15518350287581242,0.15605464303763547,0.0008711401618230474,-0.003010854299522825,0.01911764567437984,1.009953879002996,0.995962304858212,1.0262903710401305,2000
RandomForest,individual,RandomForest,sigmoid,Cached fitted individual; sigmoid fitted to cached training OOF,sigmoid,7,0.4799999999999999,own validation,10,CV17,AFib,single variable,cardiovascular,1,0.7534066687708716,0.7459812615548522,0.007425407216019364,0.8513500755287009,0.8471173212487412,0.004232754279959727,0.7772464964925739,0.7634592898885897,0.013787206603984248,0.15088959421792228,0.15296835052694968,0.002078756309027402,-0.003010854299522825,0.01911764567437984,1.009953879002996,0.995962304858212,1.0262903710401305,2000
AdaBoost,individual,AdaBoost,raw,Cached fitted individual; sigmoid fitted to cached training OOF,raw_fixed,8,0.5,fixed 0.5,10,CV17,AFib,single variable,cardiovascular,1,0.7278999276149114,0.7360480250750392,-0.00814809746012779,0.850547583081571,0.8504610397784491,8.654330312185543e-05,0.783316089867566,0.7809006481870026,0.0024154416805634016,0.19056556716525275,0.19034986320446293,-0.00021570396078982035,-0.01924282031927495,0.003019565824145329,0.9889299377451667,0.9741255527548042,1.0041199058362233,2000
AdaBoost,individual,AdaBoost,raw,Cached fitted individual; sigmoid fitted to cached training OOF,raw_threshold,8,0.5299999999999999,own validation,10,CV17,AFib,single variable,cardiovascular,1,0.7667436307303692,0.7645730174601342,0.0021706132702350445,0.850547583081571,0.8504610397784491,8.654330312185543e-05,0.783316089867566,0.7809006481870026,0.0024154416805634016,0.19056556716525275,0.19034986320446293,-0.00021570396078982035,-0.0086208562315705,0.014077974752145778,1.0028389875403212,0.9889313988181135,1.0185075344974266,2000
AdaBoost,individual,AdaBoost,sigmoid,Cached fitted individual; sigmoid fitted to cached training OOF,sigmoid,9,0.4699999999999999,own validation,10,CV17,AFib,single variable,cardiovascular,1,0.7618621447636992,0.7579402910681863,0.0039218536955129,0.850547583081571,0.8504610397784491,8.654330312185543e-05,0.783316089867566,0.7809006481870026,0.0024154416805634016,0.14988257243690048,0.14999119879772363,0.00010862636082314969,-0.006240293650463774,0.015346041503232577,1.0051743570591631,0.9918928374450557,1.0202965652970193,2000
MLP,individual,MLP,raw,Cached fitted individual; sigmoid fitted to cached training OOF,raw_fixed,10,0.5,fixed 0.5,10,CV17,AFib,single variable,cardiovascular,1,0.7439864303359403,0.7429528475939873,0.0010335827419529764,0.8505633182275931,0.8499496475327291,0.0006136706948640658,0.7746309573457957,0.7701990284355724,0.0044319289102232595,0.16257933993386675,0.16340842693668678,0.0008290870028200281,-0.012617313886528125,0.014273521530419539,1.0013911821528112,0.9832085724021349,1.0192310304307255,2000
MLP,individual,MLP,raw,Cached fitted individual; sigmoid fitted to cached training OOF,raw_threshold,10,0.63,own validation,10,CV17,AFib,single variable,cardiovascular,1,0.7579402910681863,0.7555919906219307,0.002348300446255558,0.8505633182275931,0.8499496475327291,0.0006136706948640658,0.7746309573457957,0.7701990284355724,0.0044319289102232595,0.16257933993386675,0.16340842693668678,0.0008290870028200281,-0.010429499103586395,0.015923143132950426,1.0031078948366337,0.9863857020771917,1.0211289075314707,2000
MLP,individual,MLP,sigmoid,Cached fitted individual; sigmoid fitted to cached training OOF,sigmoid,11,0.5199999999999999,own validation,10,CV17,AFib,single variable,cardiovascular,1,0.7602813339655445,0.7555919906219307,0.0046893433436138166,0.8505633182275931,0.8499496475327291,0.0006136706948640658,0.7746309573457957,0.7701990284355724,0.0044319289102232595,0.15285191720214764,0.15334776867888444,0.0004958514767368083,-0.007040053818416173,0.017501513196286542,1.0062061845570305,0.9906284578021908,1.023250277960935,2000
GradientBoosting,individual,GradientBoosting,raw,Cached fitted individual; sigmoid fitted to cached training OOF,raw_fixed,12,0.5,fixed 0.5,10,CV17,AFib,single variable,cardiovascular,1,0.7407624369142034,0.7443600541434803,-0.0035976172292768727,0.8645675981873112,0.8624118831822759,0.002155715005035308,0.7999174922847669,0.7942300852158374,0.005687407068929562,0.15560823441899102,0.1550222329817366,-0.0005860014372544298,-0.009074377493300983,0.0,0.9951668319528288,0.9876479080305144,1.0,2000
GradientBoosting,individual,GradientBoosting,raw,Cached fitted individual; sigmoid fitted to cached training OOF,raw_threshold,12,0.5099999999999999,own validation,10,CV17,AFib,single variable,cardiovascular,1,0.7443600541434803,0.7461594898131949,-0.001799435669714633,0.8645675981873112,0.8624118831822759,0.002155715005035308,0.7999174922847669,0.7942300852158374,0.005687407068929562,0.15560823441899102,0.1550222329817366,-0.0005860014372544298,-0.005504675361091502,0.0,0.9975884034254323,0.9925154560993044,1.0,2000
GradientBoosting,individual,GradientBoosting,sigmoid,Cached fitted individual; sigmoid fitted to cached training OOF,sigmoid,13,0.38999999999999996,own validation,10,CV17,AFib,single variable,cardiovascular,1,0.7425610503019167,0.7443600541434803,-0.0017990038415636178,0.8645675981873112,0.8624118831822759,0.002155715005035308,0.7999174922847669,0.7942300852158374,0.005687407068929562,0.14465563933665498,0.14524828215369517,0.0005926428170401898,-0.0055045054647371,0.0,0.9975831537015595,0.9924772107933572,1.0,2000
XGBoost,individual,XGBoost,raw,Cached fitted individual; sigmoid fitted to cached training OOF,raw_fixed,14,0.5,fixed 0.5,10,CV17,AFib,single variable,cardiovascular,1,0.7547437407784424,0.7533394188346265,0.0014043219438159005,0.85024861530715,0.8503902316213494,-0.0001416163141993998,0.783435842859641,0.7824134374169313,0.0010224054427097062,0.1583200271760983,0.1593424936997713,0.0010224665236729935,-0.012003426048873844,0.016028223625729865,1.0018641291145873,0.9841578770896813,1.02131621696517,2000
XGBoost,individual,XGBoost,raw,Cached fitted individual; sigmoid fitted to cached training OOF,raw_threshold,14,0.5299999999999999,own validation,10,CV17,AFib,single variable,cardiovascular,1,0.7656592812335836,0.7575785667933623,0.008080714440221293,0.85024861530715,0.8503902316213494,-0.0001416163141993998,0.783435842859641,0.7824134374169313,0.0010224054427097062,0.1583200271760983,0.1593424936997713,0.0010224665236729935,-0.010269855436309904,0.02688155482774168,1.0106665035079132,0.9869113904203478,1.0359864039152482,2000
XGBoost,individual,XGBoost,sigmoid,Cached fitted individual; sigmoid fitted to cached training OOF,sigmoid,15,0.4599999999999999,own validation,10,CV17,AFib,single variable,cardiovascular,1,0.7602627068045684,0.7557857283437979,0.004476978460770553,0.85024861530715,0.8503902316213494,-0.0001416163141993998,0.783435842859641,0.7824134374169313,0.0010224054427097062,0.15047228134058788,0.1509712140099297,0.0004989326693418117,-0.011799430215877779,0.02197289171151564,1.0059236080980005,0.9845810149863603,1.0297679494435696,2000
diverse,voting,"LogisticRegression,XGBoost,MLP",raw,models/predictive_sensitivity/h10_CV17_diverse.joblib,raw_fixed,16,0.5,fixed 0.5,10,CV17,AFib,single variable,cardiovascular,1,0.7519248355968413,0.7447458127296047,0.007179022867236595,0.851460221550856,0.851963746223565,-0.000503524672708977,0.7808383535993896,0.7789122235749418,0.0019261300244477475,0.16285424871514578,0.1640699332334242,0.0012156845182784148,-0.008037216987359505,0.022518726766412304,1.009639561236235,0.9892960954980546,1.0301898783166024,2000
diverse,voting,"LogisticRegression,XGBoost,MLP",raw,models/predictive_sensitivity/h10_CV17_diverse.joblib,raw_threshold,16,0.41999999999999993,saved voting threshold (also applied to raw),10,CV17,AFib,single variable,cardiovascular,1,0.7297436957420422,0.7376589655070667,-0.007915269765024435,0.851460221550856,0.851963746223565,-0.000503524672708977,0.7808383535993896,0.7789122235749418,0.0019261300244477475,0.16285424871514578,0.1640699332334242,0.0012156845182784148,-0.022905875620411405,0.006902804259935589,0.9892697436957423,0.9693882034466801,1.0095477111250333,2000
diverse,voting,"LogisticRegression,XGBoost,MLP",sigmoid,models/predictive_sensitivity/h10_CV17_diverse.joblib,sigmoid,17,0.41999999999999993,saved voting threshold (also applied to raw),10,CV17,AFib,single variable,cardiovascular,1,0.7637361795963371,0.7521402800709349,0.011595899525402187,0.851460221550856,0.851963746223565,-0.000503524672708977,0.7808383535993896,0.7789122235749418,0.0019261300244477475,0.15192518816747258,0.15236451014942354,0.0004393219819509575,-0.00107216951427343,0.02537147797593075,1.0154172031902196,0.9985951844444754,1.034136289879684,2000
paper,voting,"LogisticRegression,RandomForest,AdaBoost",raw,models/final_h10_CV17_paper.joblib,raw_fixed,18,0.5,fixed 0.5,10,CV17,AFib,single variable,cardiovascular,1,0.7519248355968413,0.756260301221938,-0.004335465625096679,0.854607250755287,0.852372860020141,0.0022343907351459746,0.7846424063474804,0.7786198720041236,0.006022534343356756,0.16999859899443961,0.17073109342092407,0.0007324944264844591,-0.014550760403251452,0.005422990613557565,0.9942672309810635,0.9805041570781677,1.007235894932243,2000
paper,voting,"LogisticRegression,RandomForest,AdaBoost",raw,models/final_h10_CV17_paper.joblib,raw_threshold,18,0.37999999999999995,saved voting threshold (also applied to raw),10,CV17,AFib,single variable,cardiovascular,1,0.6995935360896781,0.6995935360896781,0.0,0.854607250755287,0.852372860020141,0.0022343907351459746,0.7846424063474804,0.7786198720041236,0.006022534343356756,0.16999859899443961,0.17073109342092407,0.0007324944264844591,-0.01145603560574646,0.01137550813301102,1.0,0.9837619107319564,1.016428153381429,2000
paper,voting,"LogisticRegression,RandomForest,AdaBoost",sigmoid,models/final_h10_CV17_paper.joblib,sigmoid,19,0.37999999999999995,saved voting threshold (also applied to raw),10,CV17,AFib,single variable,cardiovascular,1,0.7533623828117632,0.7551646028390214,-0.0018022200272582722,0.854607250755287,0.852372860020141,0.0022343907351459746,0.7846424063474804,0.7786198720041236,0.006022534343356756,0.1495675138032824,0.15075627039689188,0.0011887565936094802,-0.011407907249340456,0.00819050237192253,0.9976134739095518,0.9849161093895119,1.0110385340019843,2000
own,stacking,"KNeighbors,AdaBoost,MLP,GradientBoosting",raw,models/stacking_sensitivity/h10_CV17_own.joblib,raw_fixed,20,0.5,fixed 0.5,10,CV17,AFib,single variable,cardiovascular,1,0.7759907263689412,0.7695745216515609,0.006416204717380247,0.8577070745216515,0.8568416414904331,0.0008654330312184433,0.7904569354382537,0.787051430109853,0.003405505328400671,0.14760090704816692,0.14786711094045624,0.0002662038922893184,-0.006258646344018737,0.01977458733262367,1.0083373403573843,0.9920590152010234,1.0259589818146209,2000
own,stacking,"KNeighbors,AdaBoost,MLP,GradientBoosting",raw,models/stacking_sensitivity/h10_CV17_own.joblib,raw_threshold,20,0.49999999999999994,saved stacking threshold,10,CV17,AFib,single variable,cardiovascular,1,0.7759907263689412,0.7695745216515609,0.006416204717380247,0.8577070745216515,0.8568416414904331,0.0008654330312184433,0.7904569354382537,0.787051430109853,0.003405505328400671,0.14760090704816692,0.14786711094045624,0.0002662038922893184,-0.006258646344018737,0.01977458733262367,1.0083373403573843,0.9920590152010234,1.0259589818146209,2000
own,stacking,"KNeighbors,AdaBoost,MLP,GradientBoosting",sigmoid,models/stacking_sensitivity/h10_CV17_own.joblib,sigmoid,21,0.5199999999999999,saved stacking threshold,10,CV17,AFib,single variable,cardiovascular,1,0.7759907263689412,0.7695745216515609,0.006416204717380247,0.8577070745216515,0.8568416414904331,0.0008654330312184433,0.7904569354382537,0.787051430109853,0.003405505328400671,0.14958529410436117,0.14962659961101935,4.1305506658179114e-05,-0.006258646344018737,0.01977458733262367,1.0083373403573843,0.9920590152010234,1.0259589818146209,2000
own,stacking,"KNeighbors,AdaBoost,MLP,GradientBoosting",isotonic,models/stacking_sensitivity/h10_CV17_own.joblib,isotonic,22,0.38999999999999996,saved stacking threshold,10,CV17,AFib,single variable,cardiovascular,1,0.7741796200345423,0.771880464467454,0.0022991555670883734,0.8558896651560927,0.8561178247734139,-0.00022815961732125523,0.7534450788009935,0.7586404577388532,-0.005195378937859707,0.149993585678844,0.14929740920191464,-0.0006961764769293499,-0.009550754873017115,0.013792542525321897,1.002978641995655,0.9877797570926292,1.0182792571239563,2000
paper,stacking,"LogisticRegression,RandomForest,AdaBoost",raw,models/stacking_sensitivity/h10_CV17_paper.joblib,raw_fixed,23,0.5,fixed 0.5,10,CV17,AFib,single variable,cardiovascular,1,0.7651549169286036,0.7623695672609908,0.002785349667612791,0.8525931520644512,0.850343026183283,0.002250125881168241,0.7815738730148766,0.7746731874257873,0.006900685589089295,0.15167901735688322,0.1529119488638303,0.001232931506947088,-0.011215675215190304,0.016826849106594426,1.0036535425694126,0.9853792038858471,1.0222720115729584,2000
paper,stacking,"LogisticRegression,RandomForest,AdaBoost",raw,models/stacking_sensitivity/h10_CV17_paper.joblib,raw_threshold,23,0.36999999999999994,saved stacking threshold,10,CV17,AFib,single variable,cardiovascular,1,0.7487032419896108,0.7551646028390214,-0.0064613608494106245,0.8525931520644512,0.850343026183283,0.002250125881168241,0.7815738730148766,0.7746731874257873,0.006900685589089295,0.15167901735688322,0.1529119488638303,0.001232931506947088,-0.02126335744612219,0.008022088733903551,0.9914437715630218,0.9718589225437478,1.0108452682581897,2000
paper,stacking,"LogisticRegression,RandomForest,AdaBoost",sigmoid,models/stacking_sensitivity/h10_CV17_paper.joblib,sigmoid,24,0.36999999999999994,saved stacking threshold,10,CV17,AFib,single variable,cardiovascular,1,0.7504997728305316,0.7551646028390214,-0.004664830008489829,0.8525931520644512,0.850343026183283,0.002250125881168241,0.7815738730148766,0.7746731874257873,0.006900685589089295,0.1504017806918913,0.1517733621391649,0.0013715814472735899,-0.019553450212536152,0.010590458420566905,0.9938227639498031,0.9739746586836658,1.0140510784485048,2000
paper,stacking,"LogisticRegression,RandomForest,AdaBoost",isotonic,models/stacking_sensitivity/h10_CV17_paper.joblib,isotonic,25,0.5099999999999999,saved stacking threshold,10,CV17,AFib,single variable,cardiovascular,1,0.7679066363551431,0.7674358734319415,0.0004707629232015842,0.8518850704934542,0.8502407477341389,0.0016443227593152532,0.7644245964899069,0.7531664463449611,0.0112581501449458,0.15143233036566903,0.15274004045214437,0.0013077100864753444,-0.012254170053295427,0.012909337411891491,1.000613423139964,0.9843832124346902,1.016979483967236,2000
LogisticRegression,individual,LogisticRegression,raw,Cached fitted individual; sigmoid fitted to cached training OOF,raw_fixed,0,0.5,fixed 0.5,10,CV17,LVEF,single variable,cardiovascular,1,0.7415237771867278,0.7261150816225808,0.015408695564147035,0.8471330563947633,0.832279078549849,0.014853977844914379,0.7757131798023779,0.7685919619638693,0.007121217838508609,0.18103363507285933,0.19107608881416493,0.010042453741305607,-0.011096762875680136,0.04489242790999258,1.0212207347762488,0.9849007964417978,1.0632385914806777,2000
LogisticRegression,individual,LogisticRegression,raw,Cached fitted individual; sigmoid fitted to cached training OOF,raw_threshold,0,0.5299999999999999,own validation,10,CV17,LVEF,single variable,cardiovascular,1,0.7638589274068128,0.7399222999222999,0.023936627484512973,0.8471330563947633,0.832279078549849,0.014853977844914379,0.7757131798023779,0.7685919619638693,0.007121217838508609,0.18103363507285933,0.19107608881416493,0.010042453741305607,-0.005554816833742959,0.05293304646533251,1.0323501906714079,0.9925660298863678,1.0737662719090681,2000
LogisticRegression,individual,LogisticRegression,sigmoid,Cached fitted individual; sigmoid fitted to cached training OOF,sigmoid,1,0.4599999999999999,own validation,10,CV17,LVEF,single variable,cardiovascular,1,0.7652167182662539,0.7447336053571778,0.020483112909076118,0.8471330563947633,0.832279078549849,0.014853977844914379,0.7757131798023779,0.7685919619638693,0.007121217838508609,0.15425405915056228,0.1564443502445333,0.0021902910939710085,-0.009405175164494833,0.050202855281450805,1.0275039460576676,0.9875493282932601,1.0693227708087893,2000
SVC,individual,SVC,raw,Cached fitted individual; sigmoid fitted to cached training OOF,raw_fixed,2,0.5,fixed 0.5,10,CV17,LVEF,single variable,cardiovascular,1,0.7626151994158625,0.7413891998591733,0.021225999556689246,0.8393126888217523,0.8225862286002014,0.016726460221550887,0.7721765117413423,0.762935179443902,0.009241332297440286,0.15858315788350594,0.16066892503749175,0.0020857671539858125,-0.004171361825395247,0.047626316781712606,1.02863003610077,0.9943893930810235,1.065640358841226,2000
SVC,individual,SVC,raw,Cached fitted individual; sigmoid fitted to cached training OOF,raw_threshold,2,0.5299999999999999,own validation,10,CV17,LVEF,single variable,cardiovascular,1,0.7496889059060017,0.7394246223079395,0.010264283598062196,0.8393126888217523,0.8225862286002014,0.016726460221550887,0.7721765117413423,0.762935179443902,0.009241332297440286,0.15858315788350594,0.16066892503749175,0.0020857671539858125,-0.015897741392148997,0.0366397977939076,1.0138814468552921,0.9787325427696283,1.0513280566443552,2000
SVC,individual,SVC,sigmoid,Cached fitted individual; sigmoid fitted to cached training OOF,sigmoid,3,0.5099999999999999,own validation,10,CV17,LVEF,single variable,cardiovascular,1,0.7472975940900469,0.7416342727567218,0.005663321333325144,0.8393126888217523,0.8225862286002014,0.016726460221550887,0.7721765117413423,0.762935179443902,0.009241332297440286,0.15664990147668506,0.15978786191982955,0.0031379604431444885,-0.02319674534122786,0.03392095680205471,1.0076362724072527,0.9697390036308677,1.0464511061812496,2000
KNeighbors,individual,KNeighbors,raw,Cached fitted individual; sigmoid fitted to cached training OOF,raw_fixed,4,0.5,fixed 0.5,10,CV17,LVEF,single variable,cardiovascular,1,0.7465134459036898,0.7265944301872446,0.019919015716445276,0.8171576032225579,0.797284113796576,0.019873489425981883,0.7296944174064324,0.7122901930377675,0.017404224368664845,0.16746745459592483,0.1732826491717364,0.005815194575811589,-0.004618714926195172,0.045127633600477494,1.027414214710278,0.9937003011005026,1.0638994375481317,2000
KNeighbors,individual,KNeighbors,raw,Cached fitted individual; sigmoid fitted to cached training OOF,raw_threshold,4,0.5299999999999999,own validation,10,CV17,LVEF,single variable,cardiovascular,1,0.7305899970050913,0.7179655601642927,0.012624436840798614,0.8171576032225579,0.797284113796576,0.019873489425981883,0.7296944174064324,0.7122901930377675,0.017404224368664845,0.16746745459592483,0.1732826491717364,0.005815194575811589,-0.013580550465340166,0.03872885333849691,1.0175836245375192,0.9809920957948406,1.0550476863147231,2000
KNeighbors,individual,KNeighbors,sigmoid,Cached fitted individual; sigmoid fitted to cached training OOF,sigmoid,5,0.4799999999999999,own validation,10,CV17,LVEF,single variable,cardiovascular,1,0.7305899970050913,0.7197122255424191,0.010877771462672214,0.8171576032225579,0.797284113796576,0.019873489425981883,0.7296944174064324,0.7122901930377675,0.017404224368664845,0.16492534254057886,0.17088259072410078,0.005957248183521918,-0.015442081484083983,0.03679873020352338,1.0151140568085724,0.9793188627909709,1.0518045033044674,2000
RandomForest,individual,RandomForest,raw,Cached fitted individual; sigmoid fitted to cached training OOF,raw_fixed,6,0.5,fixed 0.5,10,CV17,LVEF,single variable,cardiovascular,1,0.7497493620123952,0.7347952942644949,0.014954067747900313,0.8513500755287009,0.8278024295065458,0.02354764602215509,0.7772464964925739,0.7524852593628181,0.024761237129755864,0.15518350287581242,0.16477218271970592,0.0095886798438935,-0.01765224979301774,0.04472365456788698,1.0203513384811056,0.9770190974878386,1.0620187053677748,2000
RandomForest,individual,RandomForest,raw,Cached fitted individual; sigmoid fitted to cached training OOF,raw_threshold,6,0.5399999999999999,own validation,10,CV17,LVEF,single variable,cardiovascular,1,0.7534066687708716,0.7411984792710157,0.012208189499855915,0.8513500755287009,0.8278024295065458,0.02354764602215509,0.7772464964925739,0.7524852593628181,0.024761237129755864,0.15518350287581242,0.16477218271970592,0.0095886798438935,-0.021106527166235615,0.04465803307998013,1.016470877695085,0.9728977440870922,1.0622260872091522,2000
RandomForest,individual,RandomForest,sigmoid,Cached fitted individual; sigmoid fitted to cached training OOF,sigmoid,7,0.4799999999999999,own validation,10,CV17,LVEF,single variable,cardiovascular,1,0.7534066687708716,0.7411984792710157,0.012208189499855915,0.8513500755287009,0.8278024295065458,0.02354764602215509,0.7772464964925739,0.7524852593628181,0.024761237129755864,0.15088959421792228,0.1589228590016099,0.008033264783687627,-0.021106527166235615,0.04465803307998013,1.016470877695085,0.9728977440870922,1.0622260872091522,2000
AdaBoost,individual,AdaBoost,raw,Cached fitted individual; sigmoid fitted to cached training OOF,raw_fixed,8,0.5,fixed 0.5,10,CV17,LVEF,single variable,cardiovascular,1,0.7278999276149114,0.7317948717948718,-0.0038949441799603912,0.850547583081571,0.8119492698892246,0.03859831319234641,0.783316089867566,0.7355197353247117,0.04779635454285425,0.19056556716525275,0.2057123950436652,0.015146827878412455,-0.03541022001541896,0.02724699292883542,0.9946775464954991,0.953028190046486,1.0388042745115145,2000
AdaBoost,individual,AdaBoost,raw,Cached fitted individual; sigmoid fitted to cached training OOF,raw_threshold,8,0.5299999999999999,own validation,10,CV17,LVEF,single variable,cardiovascular,1,0.7667436307303692,0.7104380394072627,0.05630559132310653,0.850547583081571,0.8119492698892246,0.03859831319234641,0.783316089867566,0.7355197353247117,0.04779635454285425,0.19056556716525275,0.2057123950436652,0.015146827878412455,0.01976145979197173,0.09377082848761698,1.079254752983221,1.0270595052271652,1.1363157167680629,2000
AdaBoost,individual,AdaBoost,sigmoid,Cached fitted individual; sigmoid fitted to cached training OOF,sigmoid,9,0.4699999999999999,own validation,10,CV17,LVEF,single variable,cardiovascular,1,0.7618621447636992,0.7104380394072627,0.05142410535643649,0.850547583081571,0.8119492698892246,0.03859831319234641,0.783316089867566,0.7355197353247117,0.04779635454285425,0.14988257243690048,0.1659540354515231,0.016071463014622617,0.014479982110159717,0.08917957147455598,1.0723836598042258,1.0196491241038081,1.1294552471354602,2000
MLP,individual,MLP,raw,Cached fitted individual; sigmoid fitted to cached training OOF,raw_fixed,10,0.5,fixed 0.5,10,CV17,LVEF,single variable,cardiovascular,1,0.7439864303359403,0.7517227649995406,-0.007736334663600353,0.8505633182275931,0.8302177744209466,0.02034554380664655,0.7746309573457957,0.7498343196410149,0.0247966377047808,0.16257933993386675,0.16784360951145263,0.005264269577585884,-0.03455632909797759,0.02099409472734304,0.989708526834883,0.954319303465879,1.0284245539345946,2000
MLP,individual,MLP,raw,Cached fitted individual; sigmoid fitted to cached training OOF,raw_threshold,10,0.63,own validation,10,CV17,LVEF,single variable,cardiovascular,1,0.7579402910681863,0.7388082918522401,0.019131999215946216,0.8505633182275931,0.8302177744209466,0.02034554380664655,0.7746309573457957,0.7498343196410149,0.0247966377047808,0.16257933993386675,0.16784360951145263,0.005264269577585884,-0.00889844289091797,0.046389395768127395,1.0258957559449977,0.9878747269185641,1.0644565595775337,2000
MLP,individual,MLP,sigmoid,Cached fitted individual; sigmoid fitted to cached training OOF,sigmoid,11,0.5199999999999999,own validation,10,CV17,LVEF,single variable,cardiovascular,1,0.7602813339655445,0.7388082918522401,0.021473042113304475,0.8505633182275931,0.8302177744209466,0.02034554380664655,0.7746309573457957,0.7498343196410149,0.0247966377047808,0.15285191720214764,0.15880875062746902,0.005956833425321384,-0.007026062189570012,0.049305049947972086,1.0290644303131333,0.9908211802820449,1.068934514616096,2000
GradientBoosting,individual,GradientBoosting,raw,Cached fitted individual; sigmoid fitted to cached training OOF,raw_fixed,12,0.5,fixed 0.5,10,CV17,LVEF,single variable,cardiovascular,1,0.7407624369142034,0.7423645320197045,-0.0016020951055011334,0.8645675981873112,0.8295175604229608,0.03505003776435045,0.7999174922847669,0.7566973527713047,0.04322013951346226,0.15560823441899102,0.16320335922211157,0.007595124803120551,-0.03469246930103344,0.030884031732129162,0.9978419024126295,0.9543554737235616,1.0422582867716026,2000
GradientBoosting,individual,GradientBoosting,raw,Cached fitted individual; sigmoid fitted to cached training OOF,raw_threshold,12,0.5099999999999999,own validation,10,CV17,LVEF,single variable,cardiovascular,1,0.7443600541434803,0.7444863204913457,-0.00012626634786538915,0.8645675981873112,0.8295175604229608,0.03505003776435045,0.7999174922847669,0.7566973527713047,0.04322013951346226,0.15560823441899102,0.16320335922211157,0.007595124803120551,-0.03347956757282073,0.032762234913701706,0.9998303980282914,0.9555361949746569,1.0452393940628881,2000
GradientBoosting,individual,GradientBoosting,sigmoid,Cached fitted individual; sigmoid fitted to cached training OOF,sigmoid,13,0.38999999999999996,own validation,10,CV17,LVEF,single variable,cardiovascular,1,0.7425610503019167,0.7472404260666163,-0.004679375764699678,0.8645675981873112,0.8295175604229608,0.03505003776435045,0.7999174922847669,0.7566973527713047,0.04322013951346226,0.14465563933665498,0.15786515555083577,0.013209516214180789,-0.038491061658363517,0.027010879861907703,0.9937377909418909,0.948827338281138,1.0368087181321533,2000
XGBoost,individual,XGBoost,raw,Cached fitted individual; sigmoid fitted to cached training OOF,raw_fixed,14,0.5,fixed 0.5,10,CV17,LVEF,single variable,cardiovascular,1,0.7547437407784424,0.7463900862068966,0.008353654571545799,0.85024861530715,0.8337739174219537,0.016474697885196288,0.783435842859641,0.7689987110589219,0.014437131800719039,0.1583200271760983,0.16661220173797014,0.00829217456187184,-0.020467402741028005,0.03744211947328168,1.0111920760014357,0.9728271130499687,1.0522234756439597,2000
XGBoost,individual,XGBoost,raw,Cached fitted individual; sigmoid fitted to cached training OOF,raw_threshold,14,0.5299999999999999,own validation,10,CV17,LVEF,single variable,cardiovascular,1,0.7656592812335836,0.7555919906219307,0.010067290611652902,0.85024861530715,0.8337739174219537,0.016474697885196288,0.783435842859641,0.7689987110589219,0.014437131800719039,0.1583200271760983,0.16661220173797014,0.00829217456187184,-0.019814926566761433,0.04157561280662421,1.0133237127134798,0.974298219889869,1.0559672888336828,2000
XGBoost,individual,XGBoost,sigmoid,Cached fitted individual; sigmoid fitted to cached training OOF,sigmoid,15,0.4599999999999999,own validation,10,CV17,LVEF,single variable,cardiovascular,1,0.7602627068045684,0.7555919906219307,0.004670716182637702,0.85024861530715,0.8337739174219537,0.016474697885196288,0.783435842859641,0.7689987110589219,0.014437131800719039,0.15047228134058788,0.15554770277528707,0.00507542143469919,-0.026287713733438172,0.03531255110992788,1.006181532150431,0.9659378771606183,1.0481672140442297,2000
diverse,voting,"LogisticRegression,XGBoost,MLP",raw,models/predictive_sensitivity/h10_CV17_diverse.joblib,raw_fixed,16,0.5,fixed 0.5,10,CV17,LVEF,single variable,cardiovascular,1,0.7519248355968413,0.7499321039364416,0.0019927316603997047,0.851460221550856,0.8343246475327291,0.01713557401812693,0.7808383535993896,0.7625517275216085,0.018286626077781087,0.16285424871514578,0.17089078737577432,0.008036538660628534,-0.026479661975530804,0.030551999217555185,1.002657216099884,0.9658574520437853,1.0416038144902937,2000
diverse,voting,"LogisticRegression,XGBoost,MLP",raw,models/predictive_sensitivity/h10_CV17_diverse.joblib,raw_threshold,16,0.41999999999999993,saved voting threshold (also applied to raw),10,CV17,LVEF,single variable,cardiovascular,1,0.7297436957420422,0.7199852303147789,0.00975846542726333,0.851460221550856,0.8343246475327291,0.01713557401812693,0.7808383535993896,0.7625517275216085,0.018286626077781087,0.16285424871514578,0.17089078737577432,0.008036538660628534,-0.015235359904259813,0.03676654946252703,1.0135537022377485,0.9791869886341156,1.0523762332936095,2000
diverse,voting,"LogisticRegression,XGBoost,MLP",sigmoid,models/predictive_sensitivity/h10_CV17_diverse.joblib,sigmoid,17,0.41999999999999993,saved voting threshold (also applied to raw),10,CV17,LVEF,single variable,cardiovascular,1,0.7637361795963371,0.7508105658272419,0.012925613769095179,0.851460221550856,0.8343246475327291,0.01713557401812693,0.7808383535993896,0.7625517275216085,0.018286626077781087,0.15192518816747258,0.15581301658864483,0.003887828421172246,-0.01603059133095397,0.04331213638020537,1.017215545914506,0.9791989322449555,1.05942452200618,2000
paper,voting,"LogisticRegression,RandomForest,AdaBoost",raw,models/final_h10_CV17_paper.joblib,raw_fixed,18,0.5,fixed 0.5,10,CV17,LVEF,single variable,cardiovascular,1,0.7519248355968413,0.7418956848955924,0.010029150701248879,0.854607250755287,0.8314451158106747,0.023162134944612278,0.7846424063474804,0.7625728809690627,0.022069525378417665,0.16999859899443961,0.18244818630664625,0.012449587312206634,-0.02093683545271612,0.04052774300823828,1.0135182760938424,0.9723719926698825,1.05533387808155,2000
paper,voting,"LogisticRegression,RandomForest,AdaBoost",raw,models/final_h10_CV17_paper.joblib,raw_threshold,18,0.37999999999999995,saved voting threshold (also applied to raw),10,CV17,LVEF,single variable,cardiovascular,1,0.6995935360896781,0.6500495442296512,0.04954399186002689,0.854607250755287,0.8314451158106747,0.023162134944612278,0.7846424063474804,0.7625728809690627,0.022069525378417665,0.16999859899443961,0.18244818630664625,0.012449587312206634,0.02074631498378104,0.07979358878546815,1.0762157166323985,1.0307015634583454,1.1267828553198493,2000
paper,voting,"LogisticRegression,RandomForest,AdaBoost",sigmoid,models/final_h10_CV17_paper.joblib,sigmoid,19,0.37999999999999995,saved voting threshold (also applied to raw),10,CV17,LVEF,single variable,cardiovascular,1,0.7533623828117632,0.7397093504027442,0.01365303240901894,0.854607250755287,0.8314451158106747,0.023162134944612278,0.7846424063474804,0.7625728809690627,0.022069525378417665,0.1495675138032824,0.1564392804941835,0.0068717666909011155,-0.01628043472551635,0.04436796146046649,1.018457293261989,0.9783294413965937,1.0615904113386128,2000
own,stacking,"KNeighbors,AdaBoost,MLP,GradientBoosting",raw,models/stacking_sensitivity/h10_CV17_own.joblib,raw_fixed,20,0.5,fixed 0.5,10,CV17,LVEF,single variable,cardiovascular,1,0.7759907263689412,0.7320092643833651,0.043981461985576065,0.8577070745216515,0.8340728851963746,0.023634189325276944,0.7904569354382537,0.7652994197554973,0.02515751568275637,0.14760090704816692,0.1561039066453076,0.008502999597140681,0.012040304822111774,0.07665329934299589,1.060083204032432,1.0161168710962802,1.1076497522054634,2000
own,stacking,"KNeighbors,AdaBoost,MLP,GradientBoosting",raw,models/stacking_sensitivity/h10_CV17_own.joblib,raw_threshold,20,0.49999999999999994,saved stacking threshold,10,CV17,LVEF,single variable,cardiovascular,1,0.7759907263689412,0.7320092643833651,0.043981461985576065,0.8577070745216515,0.8340728851963746,0.023634189325276944,0.7904569354382537,0.7652994197554973,0.02515751568275637,0.14760090704816692,0.1561039066453076,0.008502999597140681,0.012040304822111774,0.07665329934299589,1.060083204032432,1.0161168710962802,1.1076497522054634,2000
own,stacking,"KNeighbors,AdaBoost,MLP,GradientBoosting",sigmoid,models/stacking_sensitivity/h10_CV17_own.joblib,sigmoid,21,0.5199999999999999,saved stacking threshold,10,CV17,LVEF,single variable,cardiovascular,1,0.7759907263689412,0.7320092643833651,0.043981461985576065,0.8577070745216515,0.8340728851963746,0.023634189325276944,0.7904569354382537,0.7652994197554973,0.02515751568275637,0.14958529410436117,0.15640501920401803,0.006819725099656865,0.012040304822111774,0.07665329934299589,1.060083204032432,1.0161168710962802,1.1076497522054634,2000
own,stacking,"KNeighbors,AdaBoost,MLP,GradientBoosting",isotonic,models/stacking_sensitivity/h10_CV17_own.joblib,isotonic,22,0.38999999999999996,saved stacking threshold,10,CV17,LVEF,single variable,cardiovascular,1,0.7741796200345423,0.7345264605711291,0.03965315946341319,0.8558896651560927,0.8293995468277946,0.026490118328298062,0.7534450788009935,0.7359435504397432,0.017501528361250296,0.149993585678844,0.15821020784841644,0.008216622169572446,0.008066796508651709,0.07121396996711575,1.0539846575882112,1.0107279268654759,1.09950290631671,2000
paper,stacking,"LogisticRegression,RandomForest,AdaBoost",raw,models/stacking_sensitivity/h10_CV17_paper.joblib,raw_fixed,23,0.5,fixed 0.5,10,CV17,LVEF,single variable,cardiovascular,1,0.7651549169286036,0.7455170543377684,0.01963786259083522,0.8525931520644512,0.8346550855991943,0.017938066465256863,0.7815738730148766,0.7691502201461375,0.012423652868739032,0.15167901735688322,0.1552918574417844,0.0036128400849011755,-0.009637330583394065,0.049047548314889076,1.0263412654030821,0.9870697092763662,1.06849520474131,2000
paper,stacking,"LogisticRegression,RandomForest,AdaBoost",raw,models/stacking_sensitivity/h10_CV17_paper.joblib,raw_threshold,23,0.36999999999999994,saved stacking threshold,10,CV17,LVEF,single variable,cardiovascular,1,0.7487032419896108,0.735228176755623,0.013475065233987782,0.8525931520644512,0.8346550855991943,0.017938066465256863,0.7815738730148766,0.7691502201461375,0.012423652868739032,0.15167901735688322,0.1552918574417844,0.0036128400849011755,-0.01690626917257671,0.04393903231951901,1.0183277323421551,0.9772526070293638,1.0614973097081415,2000
paper,stacking,"LogisticRegression,RandomForest,AdaBoost",sigmoid,models/stacking_sensitivity/h10_CV17_paper.joblib,sigmoid,24,0.36999999999999994,saved stacking threshold,10,CV17,LVEF,single variable,cardiovascular,1,0.7504997728305316,0.7370097217566209,0.013490051073910658,0.8525931520644512,0.8346550855991943,0.017938066465256863,0.7815738730148766,0.7691502201461375,0.012423652868739032,0.1504017806918913,0.15499101779716784,0.0045892371052765335,-0.016740853513942503,0.04381433798991089,1.0183037627261657,0.9774155075247694,1.0611935531695038,2000
paper,stacking,"LogisticRegression,RandomForest,AdaBoost",isotonic,models/stacking_sensitivity/h10_CV17_paper.joblib,isotonic,25,0.5099999999999999,saved stacking threshold,10,CV17,LVEF,single variable,cardiovascular,1,0.7679066363551431,0.7508732931089235,0.017033343246219634,0.8518850704934542,0.8325072381671702,0.019377832326283984,0.7644245964899069,0.7466669133943099,0.017757683095597,0.15143233036566903,0.1543665306018291,0.0029342002361600616,-0.011686054778519094,0.046085221500540986,1.0226847104598629,0.9847346715669693,1.0626705775305736,2000
LogisticRegression,individual,LogisticRegression,raw,Cached fitted individual; sigmoid fitted to cached training OOF,raw_fixed,0,0.5,fixed 0.5,10,CV17,cluster 1: Diabetes,cluster,cardiovascular,1,0.7415237771867278,0.7405753968253967,0.0009483803613310471,0.8471330563947633,0.8418775176233635,0.005255538771399837,0.7757131798023779,0.767483259152789,0.008229920649588829,0.18103363507285933,0.18386393196348363,0.0028302968906243064,-0.02303347663981888,0.026589083359941784,1.0012805993358629,0.9694146907185948,1.0362187417082107,2000
LogisticRegression,individual,LogisticRegression,raw,Cached fitted individual; sigmoid fitted to cached training OOF,raw_threshold,0,0.5299999999999999,own validation,10,CV17,cluster 1: Diabetes,cluster,cardiovascular,1,0.7638589274068128,0.7424249530956848,0.021433974311128035,0.8471330563947633,0.8418775176233635,0.005255538771399837,0.7757131798023779,0.767483259152789,0.008229920649588829,0.18103363507285933,0.18386393196348363,0.0028302968906243064,-0.006986852946771474,0.04870494272844405,1.0288702234774774,0.990731205569732,1.0674884801022002,2000
LogisticRegression,individual,LogisticRegression,sigmoid,Cached fitted individual; sigmoid fitted to cached training OOF,sigmoid,1,0.4599999999999999,own validation,10,CV17,cluster 1: Diabetes,cluster,cardiovascular,1,0.7652167182662539,0.7436606243113637,0.02155609395489022,0.8471330563947633,0.8418775176233635,0.005255538771399837,0.7757131798023779,0.767483259152789,0.008229920649588829,0.15425405915056228,0.1564816462228806,0.002227587072318321,-0.004927052180369582,0.04796704300101894,1.0289864667432826,0.9934114714461809,1.0657036977212206,2000
SVC,individual,SVC,raw,Cached fitted individual; sigmoid fitted to cached training OOF,raw_fixed,2,0.5,fixed 0.5,10,CV17,cluster 1: Diabetes,cluster,cardiovascular,1,0.7626151994158625,0.7378008021390374,0.024814397276825106,0.8393126888217523,0.8328770140986909,0.006435674723061391,0.7721765117413423,0.7610160840513961,0.011160427689946184,0.15858315788350594,0.16092967467671468,0.0023465167932087416,-0.003820930534034883,0.05410466567373287,1.0336329226057805,0.9948127317676302,1.0743694973328353,2000
SVC,individual,SVC,raw,Cached fitted individual; sigmoid fitted to cached training OOF,raw_threshold,2,0.5299999999999999,own validation,10,CV17,cluster 1: Diabetes,cluster,cardiovascular,1,0.7496889059060017,0.7373987690314221,0.012290136874579582,0.8393126888217523,0.8328770140986909,0.006435674723061391,0.7721765117413423,0.7610160840513961,0.011160427689946184,0.15858315788350594,0.16092967467671468,0.0023465167932087416,-0.013574184383858079,0.03883998290538711,1.0166668801071133,0.9819059043820936,1.0536373469289744,2000
SVC,individual,SVC,sigmoid,Cached fitted individual; sigmoid fitted to cached training OOF,sigmoid,3,0.5099999999999999,own validation,10,CV17,cluster 1: Diabetes,cluster,cardiovascular,1,0.7472975940900469,0.739533326801868,0.0077642672881789165,0.8393126888217523,0.8328770140986909,0.006435674723061391,0.7721765117413423,0.7610160840513961,0.011160427689946184,0.15664990147668506,0.1596136132559167,0.0029637117792316314,-0.01625615062461133,0.03422125494770371,1.0104988740963923,0.9782960086466702,1.047667327461497,2000
KNeighbors,individual,KNeighbors,raw,Cached fitted individual; sigmoid fitted to cached training OOF,raw_fixed,4,0.5,fixed 0.5,10,CV17,cluster 1: Diabetes,cluster,cardiovascular,1,0.7465134459036898,0.7400763114018212,0.006437134501868669,0.8171576032225579,0.8092113544813696,0.007946248741188322,0.7296944174064324,0.7239197578366613,0.005774659569771079,0.16746745459592483,0.16834976123972456,0.0008823066437997351,-0.022031773137584792,0.03465141701865871,1.0086979334464519,0.9707811942123938,1.048437130189263,2000
KNeighbors,individual,KNeighbors,raw,Cached fitted individual; sigmoid fitted to cached training OOF,raw_threshold,4,0.5299999999999999,own validation,10,CV17,cluster 1: Diabetes,cluster,cardiovascular,1,0.7305899970050913,0.7362971161532312,-0.0057071191481399275,0.8171576032225579,0.8092113544813696,0.007946248741188322,0.7296944174064324,0.7239197578366613,0.005774659569771079,0.16746745459592483,0.16834976123972456,0.0008823066437997351,-0.031095423974254507,0.019612055925161402,0.9922488910754443,0.9582683267637828,1.0268602121760362,2000
KNeighbors,individual,KNeighbors,sigmoid,Cached fitted individual; sigmoid fitted to cached training OOF,sigmoid,5,0.4799999999999999,own validation,10,CV17,cluster 1: Diabetes,cluster,cardiovascular,1,0.7305899970050913,0.735546940839373,-0.004956943834281691,0.8171576032225579,0.8092113544813696,0.007946248741188322,0.7296944174064324,0.7239197578366613,0.005774659569771079,0.16492534254057886,0.1676346654251669,0.002709322884588028,-0.030562940714625647,0.020142576339580182,0.9932608735635212,0.9589634222425548,1.0280494071363349,2000
RandomForest,individual,RandomForest,raw,Cached fitted individual; sigmoid fitted to cached training OOF,raw_fixed,6,0.5,fixed 0.5,10,CV17,cluster 1: Diabetes,cluster,cardiovascular,1,0.7497493620123952,0.7354577642893272,0.014291597723067984,0.8513500755287009,0.8447727844914401,0.006577291037260791,0.7772464964925739,0.7721828163996997,0.005063680092874279,0.15518350287581242,0.15464494269048426,-0.000538560185328163,-0.009104875093667985,0.03671849975866624,1.0194322480732498,0.9877226018988952,1.0506706761249145,2000
RandomForest,individual,RandomForest,raw,Cached fitted individual; sigmoid fitted to cached training OOF,raw_threshold,6,0.5399999999999999,own validation,10,CV17,cluster 1: Diabetes,cluster,cardiovascular,1,0.7534066687708716,0.7334555946595611,0.019951074111310474,0.8513500755287009,0.8447727844914401,0.006577291037260791,0.7772464964925739,0.7721828163996997,0.005063680092874279,0.15518350287581242,0.15464494269048426,-0.000538560185328163,-0.0007655899997629247,0.040668984798242776,1.0272014751221181,0.9989982942880268,1.0570699286940615,2000
RandomForest,individual,RandomForest,sigmoid,Cached fitted individual; sigmoid fitted to cached training OOF,sigmoid,7,0.4799999999999999,own validation,10,CV17,cluster 1: Diabetes,cluster,cardiovascular,1,0.7534066687708716,0.7334555946595611,0.019951074111310474,0.8513500755287009,0.8447727844914401,0.006577291037260791,0.7772464964925739,0.7721828163996997,0.005063680092874279,0.15088959421792228,0.15457041938726193,0.003680825169339652,-0.0007655899997629247,0.040668984798242776,1.0272014751221181,0.9989982942880268,1.0570699286940615,2000
AdaBoost,individual,AdaBoost,raw,Cached fitted individual; sigmoid fitted to cached training OOF,raw_fixed,8,0.5,fixed 0.5,10,CV17,cluster 1: Diabetes,cluster,cardiovascular,1,0.7278999276149114,0.7376305197456687,-0.009730592130757332,0.850547583081571,0.8424125125881168,0.008135070493454188,0.783316089867566,0.7753351391894451,0.00798095067812088,0.19056556716525275,0.1905238665131308,-4.17006521219454e-05,-0.032074746552109214,0.0121863850488946,0.9868083113831673,0.9569101256828415,1.0165954905826589,2000
AdaBoost,individual,AdaBoost,raw,Cached fitted individual; sigmoid fitted to cached training OOF,raw_threshold,8,0.5299999999999999,own validation,10,CV17,cluster 1: Diabetes,cluster,cardiovascular,1,0.7667436307303692,0.7530206806709006,0.013722950059468664,0.850547583081571,0.8424125125881168,0.008135070493454188,0.783316089867566,0.7753351391894451,0.00798095067812088,0.19056556716525275,0.1905238665131308,-4.17006521219454e-05,-0.007274400799594341,0.03470378395945835,1.018223868761801,0.990557889175637,1.0471303405175603,2000
AdaBoost,individual,AdaBoost,sigmoid,Cached fitted individual; sigmoid fitted to cached training OOF,sigmoid,9,0.4699999999999999,own validation,10,CV17,cluster 1: Diabetes,cluster,cardiovascular,1,0.7618621447636992,0.7518945153324981,0.009967629431201108,0.850547583081571,0.8424125125881168,0.008135070493454188,0.783316089867566,0.7753351391894451,0.00798095067812088,0.14988257243690048,0.1539235871814172,0.004041014744516708,-0.011817607173101163,0.031686635756088245,1.013256685915302,0.9844912558628379,1.0432450567107712,2000
MLP,individual,MLP,raw,Cached fitted individual; sigmoid fitted to cached training OOF,raw_fixed,10,0.5,fixed 0.5,10,CV17,cluster 1: Diabetes,cluster,cardiovascular,1,0.7439864303359403,0.7533394188346265,-0.009352988498686265,0.8505633182275931,0.8444266112789527,0.006136706948640436,0.7746309573457957,0.7676240568814306,0.007006900464365029,0.16257933993386675,0.1633301092806057,0.0007507693467389553,-0.034493179589016126,0.015446194046241759,0.9875846288341651,0.954947332386897,1.0212782235261524,2000
MLP,individual,MLP,raw,Cached fitted individual; sigmoid fitted to cached training OOF,raw_threshold,10,0.63,own validation,10,CV17,cluster 1: Diabetes,cluster,cardiovascular,1,0.7579402910681863,0.7349300377483954,0.023010253319790896,0.8505633182275931,0.8444266112789527,0.006136706948640436,0.7746309573457957,0.7676240568814306,0.007006900464365029,0.16257933993386675,0.1633301092806057,0.0007507693467389553,-0.005558576171000587,0.05059938619627582,1.0313094473458826,0.9926575527356971,1.0711249303111008,2000
MLP,individual,MLP,sigmoid,Cached fitted individual; sigmoid fitted to cached training OOF,sigmoid,11,0.5199999999999999,own validation,10,CV17,cluster 1: Diabetes,cluster,cardiovascular,1,0.7602813339655445,0.7380860069141546,0.022195327051389935,0.8505633182275931,0.8444266112789527,0.006136706948640436,0.7746309573457957,0.7676240568814306,0.007006900464365029,0.15285191720214764,0.15539210913222104,0.0025401919300734044,-0.006628424208876665,0.04949794743207205,1.0300714643598052,0.9914139134818916,1.069483445459223,2000
GradientBoosting,individual,GradientBoosting,raw,Cached fitted individual; sigmoid fitted to cached training OOF,raw_fixed,12,0.5,fixed 0.5,10,CV17,cluster 1: Diabetes,cluster,cardiovascular,1,0.7407624369142034,0.7432735082067802,-0.002511071292576772,0.8645675981873112,0.8563223816717019,0.008245216515609277,0.7999174922847669,0.7911034764350657,0.008814015849701207,0.15560823441899102,0.15325071566694262,-0.0023575187520483987,-0.02218385994028317,0.017110529111229362,0.9966216052841235,0.9706143323252994,1.0233934324875584,2000
GradientBoosting,individual,GradientBoosting,raw,Cached fitted individual; sigmoid fitted to cached training OOF,raw_threshold,12,0.5099999999999999,own validation,10,CV17,cluster 1: Diabetes,cluster,cardiovascular,1,0.7443600541434803,0.7410424015383847,0.0033176526050955335,0.8645675981873112,0.8563223816717019,0.008245216515609277,0.7999174922847669,0.7911034764350657,0.008814015849701207,0.15560823441899102,0.15325071566694262,-0.0023575187520483987,-0.016581452791316266,0.022655714505704656,1.0044770077909282,0.9780521580038097,1.031315114852234,2000
GradientBoosting,individual,GradientBoosting,sigmoid,Cached fitted individual; sigmoid fitted to cached training OOF,sigmoid,13,0.38999999999999996,own validation,10,CV17,cluster 1: Diabetes,cluster,cardiovascular,1,0.7425610503019167,0.7432735082067802,-0.0007124579048635171,0.8645675981873112,0.8563223816717019,0.008245216515609277,0.7999174922847669,0.7911034764350657,0.008814015849701207,0.14465563933665498,0.14914916738364573,0.004493528046990741,-0.020522501348478318,0.017951783259537456,0.9990414593053607,0.9728812902250887,1.024668496510668,2000
XGBoost,individual,XGBoost,raw,Cached fitted individual; sigmoid fitted to cached training OOF,raw_fixed,14,0.5,fixed 0.5,10,CV17,cluster 1: Diabetes,cluster,cardiovascular,1,0.7547437407784424,0.7503269901767105,0.004416750601731967,0.85024861530715,0.8432936807653575,0.0069549345417925235,0.783435842859641,0.7761277240674659,0.007308118792175078,0.1583200271760983,0.1606623971308875,0.002342369954789203,-0.021800580475503754,0.030802898968569588,1.0058864343940124,0.970880315571661,1.0420652835717847,2000
XGBoost,individual,XGBoost,raw,Cached fitted individual; sigmoid fitted to cached training OOF,raw_threshold,14,0.5299999999999999,own validation,10,CV17,cluster 1: Diabetes,cluster,cardiovascular,1,0.7656592812335836,0.7425461447885039,0.02311313644507973,0.85024861530715,0.8432936807653575,0.0069549345417925235,0.783435842859641,0.7761277240674659,0.007308118792175078,0.1583200271760983,0.1606623971308875,0.002342369954789203,-0.006331399806779614,0.05072878739914513,1.0311268688246478,0.9918060135875654,1.0693136235573106,2000
XGBoost,individual,XGBoost,sigmoid,Cached fitted individual; sigmoid fitted to cached training OOF,sigmoid,15,0.4599999999999999,own validation,10,CV17,cluster 1: Diabetes,cluster,cardiovascular,1,0.7602627068045684,0.7448860775427997,0.015376629261768748,0.85024861530715,0.8432936807653575,0.0069549345417925235,0.783435842859641,0.7761277240674659,0.007308118792175078,0.15047228134058788,0.15380715028298583,0.003334868942397956,-0.013091351681757887,0.04315258760040899,1.0206429274560918,0.9828578485193327,1.0591786876152423,2000
diverse,voting,"LogisticRegression,XGBoost,MLP",raw,models/predictive_sensitivity/h10_CV17_diverse.joblib,raw_fixed,16,0.5,fixed 0.5,10,CV17,cluster 1: Diabetes,cluster,cardiovascular,1,0.7519248355968413,0.7414908902810506,0.010433945315790671,0.851460221550856,0.8456382175226587,0.005822004028197325,0.7808383535993896,0.7734912041370917,0.007347149462297864,0.16285424871514578,0.1649760100254797,0.002121761310333925,-0.01469670941288645,0.03545274241294169,1.0140715758649925,0.9805332904293778,1.048583841745431,2000
diverse,voting,"LogisticRegression,XGBoost,MLP",raw,models/predictive_sensitivity/h10_CV17_diverse.joblib,raw_threshold,16,0.41999999999999993,saved voting threshold (also applied to raw),10,CV17,cluster 1: Diabetes,cluster,cardiovascular,1,0.7297436957420422,0.7425314159865268,-0.012787720244484602,0.851460221550856,0.8456382175226587,0.005822004028197325,0.7808383535993896,0.7734912041370917,0.007347149462297864,0.16285424871514578,0.1649760100254797,0.002121761310333925,-0.03500106951686999,0.009716421065509486,0.9827782098249744,0.9532315311952703,1.013265709659636,2000
diverse,voting,"LogisticRegression,XGBoost,MLP",sigmoid,models/predictive_sensitivity/h10_CV17_diverse.joblib,sigmoid,17,0.41999999999999993,saved voting threshold (also applied to raw),10,CV17,cluster 1: Diabetes,cluster,cardiovascular,1,0.7637361795963371,0.7485420931819592,0.015194086414377916,0.851460221550856,0.8456382175226587,0.005822004028197325,0.7808383535993896,0.7734912041370917,0.007347149462297864,0.15192518816747258,0.1545822951760647,0.002657107008592119,-0.010807451869093185,0.04156847697803136,1.0202982391408206,0.9856591348476073,1.056881267085096,2000
paper,voting,"LogisticRegression,RandomForest,AdaBoost",raw,models/final_h10_CV17_paper.joblib,raw_fixed,18,0.5,fixed 0.5,10,CV17,cluster 1: Diabetes,cluster,cardiovascular,1,0.7519248355968413,0.7439860139860139,0.007938821610827373,0.854607250755287,0.8483603977844915,0.0062468529707955245,0.7846424063474804,0.7804836900665396,0.004158716280940777,0.16999859899443961,0.1699316127932213,-6.698620121831089e-05,-0.014997901409936962,0.03054522811001634,1.010670659745731,0.9801652723753461,1.0420647078482563,2000
paper,voting,"LogisticRegression,RandomForest,AdaBoost",raw,models/final_h10_CV17_paper.joblib,raw_threshold,18,0.37999999999999995,saved voting threshold (also applied to raw),10,CV17,cluster 1: Diabetes,cluster,cardiovascular,1,0.6995935360896781,0.7084726867335562,-0.00887915064387812,0.854607250755287,0.8483603977844915,0.0062468529707955245,0.7846424063474804,0.7804836900665396,0.004158716280940777,0.16999859899443961,0.1699316127932213,-6.698620121831089e-05,-0.029574490655983204,0.01162948429551975,0.9874671941344474,0.9584919118999929,1.016977594125121,2000
paper,voting,"LogisticRegression,RandomForest,AdaBoost",sigmoid,models/final_h10_CV17_paper.joblib,sigmoid,19,0.37999999999999995,saved voting threshold (also applied to raw),10,CV17,cluster 1: Diabetes,cluster,cardiovascular,1,0.7533623828117632,0.7539943246661114,-0.000631941854348228,0.854607250755287,0.8483603977844915,0.0062468529707955245,0.7846424063474804,0.7804836900665396,0.004158716280940777,0.1495675138032824,0.15320106733031136,0.00363355352702896,-0.02262202443900805,0.020881786875513668,0.9991618745212332,0.9703670928049183,1.0279274900962365,2000
own,stacking,"KNeighbors,AdaBoost,MLP,GradientBoosting",raw,models/stacking_sensitivity/h10_CV17_own.joblib,raw_fixed,20,0.5,fixed 0.5,10,CV17,cluster 1: Diabetes,cluster,cardiovascular,1,0.7759907263689412,0.7465348454007947,0.029455880968146442,0.8577070745216515,0.8511927240684793,0.0065143504531721685,0.7904569354382537,0.7833934633460133,0.0070634720922403416,0.14760090704816692,0.15119144639459536,0.003590539346428445,0.0038805011351792707,0.0551960960723584,1.039456806537051,1.0051006783839675,1.0757294751938509,2000
own,stacking,"KNeighbors,AdaBoost,MLP,GradientBoosting",raw,models/stacking_sensitivity/h10_CV17_own.joblib,raw_threshold,20,0.49999999999999994,saved stacking threshold,10,CV17,cluster 1: Diabetes,cluster,cardiovascular,1,0.7759907263689412,0.7465348454007947,0.029455880968146442,0.8577070745216515,0.8511927240684793,0.0065143504531721685,0.7904569354382537,0.7833934633460133,0.0070634720922403416,0.14760090704816692,0.15119144639459536,0.003590539346428445,0.0038805011351792707,0.0551960960723584,1.039456806537051,1.0051006783839675,1.0757294751938509,2000
own,stacking,"KNeighbors,AdaBoost,MLP,GradientBoosting",sigmoid,models/stacking_sensitivity/h10_CV17_own.joblib,sigmoid,21,0.5199999999999999,saved stacking threshold,10,CV17,cluster 1: Diabetes,cluster,cardiovascular,1,0.7759907263689412,0.7465348454007947,0.029455880968146442,0.8577070745216515,0.8511927240684793,0.0065143504531721685,0.7904569354382537,0.7833934633460133,0.0070634720922403416,0.14958529410436117,0.15313185874846114,0.00354656464409997,0.0038805011351792707,0.0551960960723584,1.039456806537051,1.0051006783839675,1.0757294751938509,2000
own,stacking,"KNeighbors,AdaBoost,MLP,GradientBoosting",isotonic,models/stacking_sensitivity/h10_CV17_own.joblib,isotonic,22,0.38999999999999996,saved stacking threshold,10,CV17,cluster 1: Diabetes,cluster,cardiovascular,1,0.7741796200345423,0.7465348454007947,0.027644774633747593,0.8558896651560927,0.8516018378650554,0.004287827291037272,0.7534450788009935,0.7543385998404143,-0.0008935210394207527,0.149993585678844,0.15259289317557537,0.0025993074967313734,0.0017559807174727354,0.053865321024882874,1.0370307893918949,1.0022897601675622,1.073832208269352,2000
paper,stacking,"LogisticRegression,RandomForest,AdaBoost",raw,models/stacking_sensitivity/h10_CV17_paper.joblib,raw_fixed,23,0.5,fixed 0.5,10,CV17,cluster 1: Diabetes,cluster,cardiovascular,1,0.7651549169286036,0.7490804413881337,0.016074475540469924,0.8525931520644512,0.8464092396777442,0.006183912386707013,0.7815738730148766,0.7752568423887801,0.006317030626096454,0.15167901735688322,0.15509249739110628,0.0034134800342230653,-0.008898588840318754,0.041626157630179864,1.0214589443967887,0.988258680261821,1.0576471075771858,2000
paper,stacking,"LogisticRegression,RandomForest,AdaBoost",raw,models/stacking_sensitivity/h10_CV17_paper.joblib,raw_threshold,23,0.36999999999999994,saved stacking threshold,10,CV17,cluster 1: Diabetes,cluster,cardiovascular,1,0.7487032419896108,0.7459285648190987,0.002774677170512052,0.8525931520644512,0.8464092396777442,0.006183912386707013,0.7815738730148766,0.7752568423887801,0.006317030626096454,0.15167901735688322,0.15509249739110628,0.0034134800342230653,-0.020773689680658226,0.027107644725555526,1.0037197625903829,0.9727119273401628,1.0365943854134265,2000
paper,stacking,"LogisticRegression,RandomForest,AdaBoost",sigmoid,models/stacking_sensitivity/h10_CV17_paper.joblib,sigmoid,24,0.36999999999999994,saved stacking threshold,10,CV17,cluster 1: Diabetes,cluster,cardiovascular,1,0.7504997728305316,0.749497852353141,0.001001920477390561,0.8525931520644512,0.8464092396777442,0.006183912386707013,0.7815738730148766,0.7752568423887801,0.006317030626096454,0.1504017806918913,0.15394709421917716,0.0035453135272858483,-0.02218366700855381,0.02568750405902431,1.0013367889904485,0.9706129464412222,1.0344911578331273,2000
paper,stacking,"LogisticRegression,RandomForest,AdaBoost",isotonic,models/stacking_sensitivity/h10_CV17_paper.joblib,isotonic,25,0.5099999999999999,saved stacking threshold,10,CV17,cluster 1: Diabetes,cluster,cardiovascular,1,0.7679066363551431,0.7562393189631477,0.011667317391995446,0.8518850704934542,0.8462754909365559,0.005609579556898336,0.7644245964899069,0.7584117862109657,0.006012810278941183,0.15143233036566903,0.15334737167036303,0.0019150413046939985,-0.012476347325843332,0.03494472001783147,1.0154280756097052,0.9840258350099649,1.0479764341478706,2000
LogisticRegression,individual,LogisticRegression,raw,Cached fitted individual; sigmoid fitted to cached training OOF,raw_fixed,0,0.5,fixed 0.5,10,CV17,cluster 2: Hypertension,cluster,cardiovascular,1,0.7415237771867278,0.7354198127453941,0.006103964441333654,0.8471330563947633,0.8450245468277946,0.0021085095669687304,0.7757131798023779,0.7748762173603665,0.0008369624420113686,0.18103363507285933,0.18133187282504482,0.0002982377521854873,-0.005007134541876165,0.017680646748972143,1.0082999727985937,0.9933693307176449,1.0243927216599542,2000
LogisticRegression,individual,LogisticRegression,raw,Cached fitted individual; sigmoid fitted to cached training OOF,raw_threshold,0,0.5299999999999999,own validation,10,CV17,cluster 2: Hypertension,cluster,cardiovascular,1,0.7638589274068128,0.7499614447426051,0.013897482664207761,0.8471330563947633,0.8450245468277946,0.0021085095669687304,0.7757131798023779,0.7748762173603665,0.0008369624420113686,0.18103363507285933,0.18133187282504482,0.0002982377521854873,-0.0018198263160320222,0.0295347154816309,1.0185309295052862,0.9975918462457466,1.0405718244023376,2000
LogisticRegression,individual,LogisticRegression,sigmoid,Cached fitted individual; sigmoid fitted to cached training OOF,sigmoid,1,0.4599999999999999,own validation,10,CV17,cluster 2: Hypertension,cluster,cardiovascular,1,0.7652167182662539,0.7553287324324847,0.009887985833769264,0.8471330563947633,0.8450245468277946,0.0021085095669687304,0.7757131798023779,0.7748762173603665,0.0008369624420113686,0.15425405915056228,0.15548661767001073,0.0012325585194484512,-0.004812230734217798,0.024302607316921583,1.0130909700759372,0.9935814524102907,1.033005332488362,2000
SVC,individual,SVC,raw,Cached fitted individual; sigmoid fitted to cached training OOF,raw_fixed,2,0.5,fixed 0.5,10,CV17,cluster 2: Hypertension,cluster,cardiovascular,1,0.7626151994158625,0.7566943165331483,0.005920882882714196,0.8393126888217523,0.8385337990936556,0.0007788897280966989,0.7721765117413423,0.7726514987961862,-0.000474987054843945,0.15858315788350594,0.15920266516616075,0.0006195072826548076,-0.0018131638508532637,0.014802568376696539,1.0078246694250872,0.9976080592154243,1.0195587346344306,2000
SVC,individual,SVC,raw,Cached fitted individual; sigmoid fitted to cached training OOF,raw_threshold,2,0.5299999999999999,own validation,10,CV17,cluster 2: Hypertension,cluster,cardiovascular,1,0.7496889059060017,0.7520724697146545,-0.002383563808652789,0.8393126888217523,0.8385337990936556,0.0007788897280966989,0.7721765117413423,0.7726514987961862,-0.000474987054843945,0.15858315788350594,0.15920266516616075,0.0006195072826548076,-0.010282223170656501,0.004875649246981656,0.9968306727015853,0.9860829853130368,1.0066268041640651,2000
SVC,individual,SVC,sigmoid,Cached fitted individual; sigmoid fitted to cached training OOF,sigmoid,3,0.5099999999999999,own validation,10,CV17,cluster 2: Hypertension,cluster,cardiovascular,1,0.7472975940900469,0.7520724697146545,-0.004774875624607544,0.8393126888217523,0.8385337990936556,0.0007788897280966989,0.7721765117413423,0.7726514987961862,-0.000474987054843945,0.15664990147668506,0.15733770621514595,0.0006878047384608899,-0.012196043552992275,0.0,0.9936510431947879,0.983542977981995,1.0,2000
KNeighbors,individual,KNeighbors,raw,Cached fitted individual; sigmoid fitted to cached training OOF,raw_fixed,4,0.5,fixed 0.5,10,CV17,cluster 2: Hypertension,cluster,cardiovascular,1,0.7465134459036898,0.7294950319858445,0.01701841391784531,0.8171576032225579,0.8116030966767371,0.005554506545820792,0.7296944174064324,0.724981689716266,0.004712727690166396,0.16746745459592483,0.17043161491552233,0.0029641603195975086,-0.003990227194604007,0.03739388466599699,1.023329033333534,0.994808540457451,1.0520491705532182,2000
KNeighbors,individual,KNeighbors,raw,Cached fitted individual; sigmoid fitted to cached training OOF,raw_threshold,4,0.5299999999999999,own validation,10,CV17,cluster 2: Hypertension,cluster,cardiovascular,1,0.7305899970050913,0.7419626941685765,-0.011372697163485213,0.8171576032225579,0.8116030966767371,0.005554506545820792,0.7296944174064324,0.724981689716266,0.004712727690166396,0.16746745459592483,0.17043161491552233,0.0029641603195975086,-0.03654245643658905,0.01425980601291899,0.9846721442292605,0.951194149532624,1.0197579052335415,2000
KNeighbors,individual,KNeighbors,sigmoid,Cached fitted individual; sigmoid fitted to cached training OOF,sigmoid,5,0.4799999999999999,own validation,10,CV17,cluster 2: Hypertension,cluster,cardiovascular,1,0.7305899970050913,0.7413452027695351,-0.010755205764443776,0.8171576032225579,0.8116030966767371,0.005554506545820792,0.7296944174064324,0.724981689716266,0.004712727690166396,0.16492534254057886,0.16680093101131063,0.0018755884707317705,-0.03612262472605993,0.013833361439661785,0.9854923108367543,0.9523480837450593,1.0191081971468823,2000
RandomForest,individual,RandomForest,raw,Cached fitted individual; sigmoid fitted to cached training OOF,raw_fixed,6,0.5,fixed 0.5,10,CV17,cluster 2: Hypertension,cluster,cardiovascular,1,0.7497493620123952,0.7439864303359403,0.005762931676454919,0.8513500755287009,0.8498080312185297,0.0015420443101712422,0.7772464964925739,0.7760866222121542,0.0011598742804197482,0.15518350287581242,0.15689836937035367,0.0017148664945412506,-0.0025428035563314134,0.01448436526381864,1.0077460171872392,0.996600837130883,1.0196632431770274,2000
RandomForest,individual,RandomForest,raw,Cached fitted individual; sigmoid fitted to cached training OOF,raw_threshold,6,0.5399999999999999,own validation,10,CV17,cluster 2: Hypertension,cluster,cardiovascular,1,0.7534066687708716,0.7508105658272419,0.0025961029436296634,0.8513500755287009,0.8498080312185297,0.0015420443101712422,0.7772464964925739,0.7760866222121542,0.0011598742804197482,0.15518350287581242,0.15689836937035367,0.0017148664945412506,-0.009335970952336538,0.014741585314710953,1.0034577336305455,0.9878223858881129,1.0200136588810702,2000
RandomForest,individual,RandomForest,sigmoid,Cached fitted individual; sigmoid fitted to cached training OOF,sigmoid,7,0.4799999999999999,own validation,10,CV17,cluster 2: Hypertension,cluster,cardiovascular,1,0.7534066687708716,0.7508105658272419,0.0025961029436296634,0.8513500755287009,0.8498080312185297,0.0015420443101712422,0.7772464964925739,0.7760866222121542,0.0011598742804197482,0.15088959421792228,0.15219837011340762,0.0013087758954853368,-0.009335970952336538,0.014741585314710953,1.0034577336305455,0.9878223858881129,1.0200136588810702,2000
AdaBoost,individual,AdaBoost,raw,Cached fitted individual; sigmoid fitted to cached training OOF,raw_fixed,8,0.5,fixed 0.5,10,CV17,cluster 2: Hypertension,cluster,cardiovascular,1,0.7278999276149114,0.7278999276149114,0.0,0.850547583081571,0.850547583081571,0.0,0.783316089867566,0.783316089867566,0.0,0.19056556716525275,0.19056556716525275,0.0,0.0,0.0,1.0,1.0,1.0,2000
AdaBoost,individual,AdaBoost,raw,Cached fitted individual; sigmoid fitted to cached training OOF,raw_threshold,8,0.5299999999999999,own validation,10,CV17,cluster 2: Hypertension,cluster,cardiovascular,1,0.7667436307303692,0.7667436307303692,0.0,0.850547583081571,0.850547583081571,0.0,0.783316089867566,0.783316089867566,0.0,0.19056556716525275,0.19056556716525275,0.0,0.0,0.0,1.0,1.0,1.0,2000
AdaBoost,individual,AdaBoost,sigmoid,Cached fitted individual; sigmoid fitted to cached training OOF,sigmoid,9,0.4699999999999999,own validation,10,CV17,cluster 2: Hypertension,cluster,cardiovascular,1,0.7618621447636992,0.7618621447636992,0.0,0.850547583081571,0.850547583081571,0.0,0.783316089867566,0.783316089867566,0.0,0.14988257243690048,0.14988257243690048,0.0,0.0,0.0,1.0,1.0,1.0,2000
MLP,individual,MLP,raw,Cached fitted individual; sigmoid fitted to cached training OOF,raw_fixed,10,0.5,fixed 0.5,10,CV17,cluster 2: Hypertension,cluster,cardiovascular,1,0.7439864303359403,0.7411605142561383,0.0028259160798019822,0.8505633182275931,0.8463305639476334,0.004232754279959727,0.7746309573457957,0.7701740997781265,0.004456857567669226,0.16257933993386675,0.16411691427002773,0.001537574336160974,-0.010588129086320074,0.01586934150444623,1.0038128260011776,0.9857173388234237,1.021629535002576,2000
MLP,individual,MLP,raw,Cached fitted individual; sigmoid fitted to cached training OOF,raw_threshold,10,0.63,own validation,10,CV17,cluster 2: Hypertension,cluster,cardiovascular,1,0.7579402910681863,0.7615309282233668,-0.003590637155180487,0.8505633182275931,0.8463305639476334,0.004232754279959727,0.7746309573457957,0.7701740997781265,0.004456857567669226,0.16257933993386675,0.16411691427002773,0.001537574336160974,-0.013610118548560701,0.005926304766374705,0.9952849752753216,0.982125868121552,1.007942079113172,2000
MLP,individual,MLP,sigmoid,Cached fitted individual; sigmoid fitted to cached training OOF,sigmoid,11,0.5199999999999999,own validation,10,CV17,cluster 2: Hypertension,cluster,cardiovascular,1,0.7602813339655445,0.7579402910681863,0.0023410428973582587,0.8505633182275931,0.8463305639476334,0.004232754279959727,0.7746309573457957,0.7701740997781265,0.004456857567669226,0.15285191720214764,0.1550498797999347,0.0021979625977870676,-0.008240654884075651,0.013277037106061965,1.003088690395465,0.989142164750998,1.017728998106145,2000
GradientBoosting,individual,GradientBoosting,raw,Cached fitted individual; sigmoid fitted to cached training OOF,raw_fixed,12,0.5,fixed 0.5,10,CV17,cluster 2: Hypertension,cluster,cardiovascular,1,0.7407624369142034,0.7378034180359762,0.0029590188782272486,0.8645675981873112,0.8620657099697885,0.0025018882175227297,0.7999174922847669,0.7980021831840518,0.0019153091007151346,0.15560823441899102,0.15849926722560684,0.0028910328066158175,-0.006428641212359032,0.012552894430003188,1.0040105789779399,0.9913348464533421,1.0170758848083425,2000
GradientBoosting,individual,GradientBoosting,raw,Cached fitted individual; sigmoid fitted to cached training OOF,raw_threshold,12,0.5099999999999999,own validation,10,CV17,cluster 2: Hypertension,cluster,cardiovascular,1,0.7443600541434803,0.74501200120012,-0.0006519470566397345,0.8645675981873112,0.8620657099697885,0.0025018882175227297,0.7999174922847669,0.7980021831840518,0.0019153091007151346,0.15560823441899102,0.15849926722560684,0.0028910328066158175,-0.008787218958697288,0.007198758791555611,0.9991249173763784,0.9883203909791463,1.009685853299699,2000
GradientBoosting,individual,GradientBoosting,sigmoid,Cached fitted individual; sigmoid fitted to cached training OOF,sigmoid,13,0.38999999999999996,own validation,10,CV17,cluster 2: Hypertension,cluster,cardiovascular,1,0.7425610503019167,0.7414072098528662,0.001153840449050425,0.8645675981873112,0.8620657099697885,0.0025018882175227297,0.7999174922847669,0.7980021831840518,0.0019153091007151346,0.14465563933665498,0.1463870076237631,0.001731368287108126,-0.007190070003954302,0.009706153928641145,1.0015562843653483,0.9903633365965987,1.013218800472928,2000
XGBoost,individual,XGBoost,raw,Cached fitted individual; sigmoid fitted to cached training OOF,raw_fixed,14,0.5,fixed 0.5,10,CV17,cluster 2: Hypertension,cluster,cardiovascular,1,0.7547437407784424,0.7547437407784424,0.0,0.85024861530715,0.8494775931520645,0.0007710221550855101,0.783435842859641,0.7829487235400915,0.0004871193195494783,0.1583200271760983,0.1584553235803465,0.00013529640424819744,-0.005375501403783711,0.005399432825096376,1.0,0.9928671286679457,1.0071460283048608,2000
XGBoost,individual,XGBoost,raw,Cached fitted individual; sigmoid fitted to cached training OOF,raw_threshold,14,0.5299999999999999,own validation,10,CV17,cluster 2: Hypertension,cluster,cardiovascular,1,0.7656592812335836,0.7620600845131242,0.0035991967204593855,0.85024861530715,0.8494775931520645,0.0007710221550855101,0.783435842859641,0.7829487235400915,0.0004871193195494783,0.1583200271760983,0.1584553235803465,0.00013529640424819744,-0.0035398118561589783,0.01087494013244249,1.0047229828639548,0.9953706741055656,1.014449479026222,2000
XGBoost,individual,XGBoost,sigmoid,Cached fitted individual; sigmoid fitted to cached training OOF,sigmoid,15,0.4599999999999999,own validation,10,CV17,cluster 2: Hypertension,cluster,cardiovascular,1,0.7602627068045684,0.7620600845131242,-0.001797377708555814,0.85024861530715,0.8494775931520645,0.0007710221550855101,0.783435842859641,0.7829487235400915,0.0004871193195494783,0.15047228134058788,0.15076862928537318,0.0002963479447853079,-0.009172542373445228,0.005458027945564785,0.9976414225792916,0.987965992497044,1.007206109812909,2000
diverse,voting,"LogisticRegression,XGBoost,MLP",raw,models/predictive_sensitivity/h10_CV17_diverse.joblib,raw_fixed,16,0.5,fixed 0.5,10,CV17,cluster 2: Hypertension,cluster,cardiovascular,1,0.7519248355968413,0.7497493620123952,0.0021754735844461415,0.851460221550856,0.8494933282980867,0.0019668932527693306,0.7808383535993896,0.7797903187979441,0.001048034801445441,0.16285424871514578,0.1635234919116441,0.0006692431964983037,-0.00542492431888725,0.010394238372946531,1.002901601114547,0.9927777057630885,1.0142072926128713,2000
diverse,voting,"LogisticRegression,XGBoost,MLP",raw,models/predictive_sensitivity/h10_CV17_diverse.joblib,raw_threshold,16,0.41999999999999993,saved voting threshold (also applied to raw),10,CV17,cluster 2: Hypertension,cluster,cardiovascular,1,0.7297436957420422,0.7252256918750924,0.004518003866949782,0.851460221550856,0.8494933282980867,0.0019668932527693306,0.7808383535993896,0.7797903187979441,0.001048034801445441,0.16285424871514578,0.1635234919116441,0.0006692431964983037,-0.00969476243350089,0.019022330090702543,1.006229790143353,0.9865309153404607,1.0262073154622464,2000
diverse,voting,"LogisticRegression,XGBoost,MLP",sigmoid,models/predictive_sensitivity/h10_CV17_diverse.joblib,sigmoid,17,0.41999999999999993,saved voting threshold (also applied to raw),10,CV17,cluster 2: Hypertension,cluster,cardiovascular,1,0.7637361795963371,0.7503484619937755,0.013387717602561633,0.851460221550856,0.8494933282980867,0.0019668932527693306,0.7808383535993896,0.7797903187979441,0.001048034801445441,0.15192518816747258,0.15336036299814032,0.0014351748306677403,0.005275524406179034,0.02393189960420559,1.0178420004580122,1.0068941690152835,1.0321719304600794,2000
paper,voting,"LogisticRegression,RandomForest,AdaBoost",raw,models/final_h10_CV17_paper.joblib,raw_fixed,18,0.5,fixed 0.5,10,CV17,cluster 2: Hypertension,cluster,cardiovascular,1,0.7519248355968413,0.7526606712496169,-0.0007358356527755738,0.854607250755287,0.8530337361530715,0.0015735146022154423,0.7846424063474804,0.7835074155409186,0.0011349908065617642,0.16999859899443961,0.1708617415276308,0.0008631425331911968,-0.01260891465753657,0.011476763817484583,0.9990223540555747,0.9838120731892752,1.0153708321434916,2000
paper,voting,"LogisticRegression,RandomForest,AdaBoost",raw,models/final_h10_CV17_paper.joblib,raw_threshold,18,0.37999999999999995,saved voting threshold (also applied to raw),10,CV17,cluster 2: Hypertension,cluster,cardiovascular,1,0.6995935360896781,0.6958735174396278,0.0037200186500503385,0.854607250755287,0.8530337361530715,0.0015735146022154423,0.7846424063474804,0.7835074155409186,0.0011349908065617642,0.16999859899443961,0.1708617415276308,0.0008631425331911968,-0.00952670815115626,0.017134624225009235,1.0053458258675192,0.9865572146285291,1.0249230280166208,2000
paper,voting,"LogisticRegression,RandomForest,AdaBoost",sigmoid,models/final_h10_CV17_paper.joblib,sigmoid,19,0.37999999999999995,saved voting threshold (also applied to raw),10,CV17,cluster 2: Hypertension,cluster,cardiovascular,1,0.7533623828117632,0.745819032584985,0.0075433502267781005,0.854607250755287,0.8530337361530715,0.0015735146022154423,0.7846424063474804,0.7835074155409186,0.0011349908065617642,0.1495675138032824,0.1507014267660552,0.0011339129627727929,-0.000978256626843052,0.017267229341192812,1.0101141830621205,0.9986971221643681,1.0233443678730534,2000
own,stacking,"KNeighbors,AdaBoost,MLP,GradientBoosting",raw,models/stacking_sensitivity/h10_CV17_own.joblib,raw_fixed,20,0.5,fixed 0.5,10,CV17,cluster 2: Hypertension,cluster,cardiovascular,1,0.7759907263689412,0.7618621447636992,0.014128581605241997,0.8577070745216515,0.8541981369587109,0.003508937562940573,0.7904569354382537,0.7858499723927905,0.004606963045463153,0.14760090704816692,0.1495651629276588,0.001964255879491894,0.0022304717226420967,0.026939732693353712,1.0185448006602613,1.0028318673550665,1.0362681521628292,2000
own,stacking,"KNeighbors,AdaBoost,MLP,GradientBoosting",raw,models/stacking_sensitivity/h10_CV17_own.joblib,raw_threshold,20,0.49999999999999994,saved stacking threshold,10,CV17,cluster 2: Hypertension,cluster,cardiovascular,1,0.7759907263689412,0.7618621447636992,0.014128581605241997,0.8577070745216515,0.8541981369587109,0.003508937562940573,0.7904569354382537,0.7858499723927905,0.004606963045463153,0.14760090704816692,0.1495651629276588,0.001964255879491894,0.0022304717226420967,0.026939732693353712,1.0185448006602613,1.0028318673550665,1.0362681521628292,2000
own,stacking,"KNeighbors,AdaBoost,MLP,GradientBoosting",sigmoid,models/stacking_sensitivity/h10_CV17_own.joblib,sigmoid,21,0.5199999999999999,saved stacking threshold,10,CV17,cluster 2: Hypertension,cluster,cardiovascular,1,0.7759907263689412,0.7618621447636992,0.014128581605241997,0.8577070745216515,0.8541981369587109,0.003508937562940573,0.7904569354382537,0.7858499723927905,0.004606963045463153,0.14958529410436117,0.15193247453972292,0.002347180435361751,0.0022304717226420967,0.026939732693353712,1.0185448006602613,1.0028318673550665,1.0362681521628292,2000
own,stacking,"KNeighbors,AdaBoost,MLP,GradientBoosting",isotonic,models/stacking_sensitivity/h10_CV17_own.joblib,isotonic,22,0.38999999999999996,saved stacking threshold,10,CV17,cluster 2: Hypertension,cluster,cardiovascular,1,0.7741796200345423,0.7623695672609908,0.011810052773551516,0.8558896651560927,0.8490999496475328,0.00678971550855989,0.7534450788009935,0.7520638519872161,0.001381226813777392,0.149993585678844,0.15442014952083818,0.004426563841994191,0.0003844805535987068,0.023915742328653986,1.015491243723149,1.0004949088091653,1.0319025005247968,2000
paper,stacking,"LogisticRegression,RandomForest,AdaBoost",raw,models/stacking_sensitivity/h10_CV17_paper.joblib,raw_fixed,23,0.5,fixed 0.5,10,CV17,cluster 2: Hypertension,cluster,cardiovascular,1,0.7651549169286036,0.7669559099437149,-0.001800993015111274,0.8525931520644512,0.8511140483383686,0.00147910372608262,0.7815738730148766,0.7810287808678958,0.0005450921469807302,0.15167901735688322,0.15314898248034756,0.0014699651234643396,-0.014728573314963748,0.0102694873828402,0.9976517646037261,0.9807487464635232,1.0135815983104575,2000
paper,stacking,"LogisticRegression,RandomForest,AdaBoost",raw,models/stacking_sensitivity/h10_CV17_paper.joblib,raw_threshold,23,0.36999999999999994,saved stacking threshold,10,CV17,cluster 2: Hypertension,cluster,cardiovascular,1,0.7487032419896108,0.7508619907449414,-0.0021587487553306195,0.8525931520644512,0.8511140483383686,0.00147910372608262,0.7815738730148766,0.7810287808678958,0.0005450921469807302,0.15167901735688322,0.15314898248034756,0.0014699651234643396,-0.01243799606006891,0.007188504825590466,0.997124972655509,0.9835102676172595,1.0094798170776607,2000
paper,stacking,"LogisticRegression,RandomForest,AdaBoost",sigmoid,models/stacking_sensitivity/h10_CV17_paper.joblib,sigmoid,24,0.36999999999999994,saved stacking threshold,10,CV17,cluster 2: Hypertension,cluster,cardiovascular,1,0.7504997728305316,0.7526606712496169,-0.0021608984190852887,0.8525931520644512,0.8511140483383686,0.00147910372608262,0.7815738730148766,0.7810287808678958,0.0005450921469807302,0.1504017806918913,0.15177295595121362,0.0013711752593223159,-0.012254736911895636,0.007174784890102388,0.9971289872028286,0.9837984055452457,1.0095479094332906,2000
paper,stacking,"LogisticRegression,RandomForest,AdaBoost",isotonic,models/stacking_sensitivity/h10_CV17_paper.joblib,isotonic,25,0.5099999999999999,saved stacking threshold,10,CV17,cluster 2: Hypertension,cluster,cardiovascular,1,0.7679066363551431,0.7620369830251414,0.005869653330001667,0.8518850704934542,0.8470307779456193,0.004854292547834871,0.7644245964899069,0.7546380737818472,0.009786522708059686,0.15143233036566903,0.15541819040136662,0.0039858600356975915,-0.007071098030944098,0.019131365765697822,1.007702583287625,0.9906130531838169,1.025638760562218,2000
LogisticRegression,individual,LogisticRegression,raw,Cached fitted individual; sigmoid fitted to cached training OOF,raw_fixed,0,0.5,fixed 0.5,10,CV17,"cluster 3: Gender, Smoke",cluster,cardiovascular,2,0.7415237771867278,0.7397303655446978,0.0017934116420299517,0.8471330563947633,0.8485649546827795,-0.0014318982880161535,0.7757131798023779,0.776638203998544,-0.0009250241961661354,0.18103363507285933,0.18144569609206393,0.0004120610192046015,-0.009776782595752232,0.014377227050427639,1.0024244126313637,0.9867561963795992,1.0193484977732448,2000
LogisticRegression,individual,LogisticRegression,raw,Cached fitted individual; sigmoid fitted to cached training OOF,raw_threshold,0,0.5299999999999999,own validation,10,CV17,"cluster 3: Gender, Smoke",cluster,cardiovascular,2,0.7638589274068128,0.768321103214499,-0.004462175807686153,0.8471330563947633,0.8485649546827795,-0.0014318982880161535,0.7757131798023779,0.776638203998544,-0.0009250241961661354,0.18103363507285933,0.18144569609206393,0.0004120610192046015,-0.017864771223990942,0.007642418477661645,0.9941923034665879,0.9771796929921698,1.0100442675789563,2000
LogisticRegression,individual,LogisticRegression,sigmoid,Cached fitted individual; sigmoid fitted to cached training OOF,sigmoid,1,0.4599999999999999,own validation,10,CV17,"cluster 3: Gender, Smoke",cluster,cardiovascular,2,0.7652167182662539,0.7678955269383203,-0.0026788086720663795,0.8471330563947633,0.8485649546827795,-0.0014318982880161535,0.7757131798023779,0.776638203998544,-0.0009250241961661354,0.15425405915056228,0.15361867038136412,-0.0006353887691981641,-0.016568404524760345,0.010616749756199289,0.9965114933241673,0.9786856847749942,1.0140628285668358,2000
SVC,individual,SVC,raw,Cached fitted individual; sigmoid fitted to cached training OOF,raw_fixed,2,0.5,fixed 0.5,10,CV17,"cluster 3: Gender, Smoke",cluster,cardiovascular,2,0.7626151994158625,0.7561482535166746,0.006466945899187948,0.8393126888217523,0.8404770896273918,-0.0011644008056395094,0.7721765117413423,0.7726157540972122,-0.00043924235586989546,0.15858315788350594,0.1573105746750253,-0.0012725832084806432,-0.007722767294255498,0.020337161309501296,1.0085524840785014,0.9902402071998077,1.0271130727617772,2000
SVC,individual,SVC,raw,Cached fitted individual; sigmoid fitted to cached training OOF,raw_threshold,2,0.5299999999999999,own validation,10,CV17,"cluster 3: Gender, Smoke",cluster,cardiovascular,2,0.7496889059060017,0.7592399114537673,-0.009551005547765667,0.8393126888217523,0.8404770896273918,-0.0011644008056395094,0.7721765117413423,0.7726157540972122,-0.00043924235586989546,0.15858315788350594,0.1573105746750253,-0.0012725832084806432,-0.020184329463326392,0.0005556277064309539,0.9874203062777908,0.9734301131049024,1.0007385994332445,2000
SVC,individual,SVC,sigmoid,Cached fitted individual; sigmoid fitted to cached training OOF,sigmoid,3,0.5099999999999999,own validation,10,CV17,"cluster 3: Gender, Smoke",cluster,cardiovascular,2,0.7472975940900469,0.7586408928019648,-0.01134329871191786,0.8393126888217523,0.8404770896273918,-0.0011644008056395094,0.7721765117413423,0.7726157540972122,-0.00043924235586989546,0.15664990147668506,0.1556677536654681,-0.0009821478112169713,-0.02084884854622606,-0.003568001762480774,0.9850478680762613,0.9727046408903924,0.9953000852985456,2000
KNeighbors,individual,KNeighbors,raw,Cached fitted individual; sigmoid fitted to cached training OOF,raw_fixed,4,0.5,fixed 0.5,10,CV17,"cluster 3: Gender, Smoke",cluster,cardiovascular,2,0.7465134459036898,0.7381478189658184,0.008365626937871462,0.8171576032225579,0.8155211480362538,0.0016364551863041754,0.7296944174064324,0.7329538848414288,-0.003259467434996388,0.16746745459592483,0.16960329111015157,0.0021358365142267466,-0.017593024285154257,0.03405167173034151,1.011333267840027,0.9767173693980395,1.0471957127104332,2000
KNeighbors,individual,KNeighbors,raw,Cached fitted individual; sigmoid fitted to cached training OOF,raw_threshold,4,0.5299999999999999,own validation,10,CV17,"cluster 3: Gender, Smoke",cluster,cardiovascular,2,0.7305899970050913,0.7520151730678046,-0.021425176062713325,0.8171576032225579,0.8155211480362538,0.0016364551863041754,0.7296944174064324,0.7329538848414288,-0.003259467434996388,0.16746745459592483,0.16960329111015157,0.0021358365142267466,-0.04942056896066764,0.006376742706563135,0.9715096492331259,0.9349170642158383,1.0087480175303696,2000
KNeighbors,individual,KNeighbors,sigmoid,Cached fitted individual; sigmoid fitted to cached training OOF,sigmoid,5,0.4799999999999999,own validation,10,CV17,"cluster 3: Gender, Smoke",cluster,cardiovascular,2,0.7305899970050913,0.7520151730678046,-0.021425176062713325,0.8171576032225579,0.8155211480362538,0.0016364551863041754,0.7296944174064324,0.7329538848414288,-0.003259467434996388,0.16492534254057886,0.16511492543724932,0.0001895828966704538,-0.04942056896066764,0.006376742706563135,0.9715096492331259,0.9349170642158383,1.0087480175303696,2000
RandomForest,individual,RandomForest,raw,Cached fitted individual; sigmoid fitted to cached training OOF,raw_fixed,6,0.5,fixed 0.5,10,CV17,"cluster 3: Gender, Smoke",cluster,cardiovascular,2,0.7497493620123952,0.7382302978826669,0.011519064129728251,0.8513500755287009,0.8513658106747231,-1.5735146022155533e-05,0.7772464964925739,0.7773762306593343,-0.00012973416676032024,0.15518350287581242,0.15619666682276315,0.0010131639469507236,0.0018115908809919617,0.022350117830513834,1.0156036187660766,1.002438940374809,1.0306102869330986,2000
RandomForest,individual,RandomForest,raw,Cached fitted individual; sigmoid fitted to cached training OOF,raw_threshold,6,0.5399999999999999,own validation,10,CV17,"cluster 3: Gender, Smoke",cluster,cardiovascular,2,0.7534066687708716,0.7561771561771562,-0.002770487406284605,0.8513500755287009,0.8513658106747231,-1.5735146022155533e-05,0.7772464964925739,0.7773762306593343,-0.00012973416676032024,0.15518350287581242,0.15619666682276315,0.0010131639469507236,-0.015977856361432553,0.010850511633509557,0.9963361926717137,0.9789040113232037,1.0145541127092998,2000
RandomForest,individual,RandomForest,sigmoid,Cached fitted individual; sigmoid fitted to cached training OOF,sigmoid,7,0.4799999999999999,own validation,10,CV17,"cluster 3: Gender, Smoke",cluster,cardiovascular,2,0.7534066687708716,0.7561771561771562,-0.002770487406284605,0.8513500755287009,0.8513658106747231,-1.5735146022155533e-05,0.7772464964925739,0.7773762306593343,-0.00012973416676032024,0.15088959421792228,0.15155042220957363,0.0006608279916513471,-0.015977856361432553,0.010850511633509557,0.9963361926717137,0.9789040113232037,1.0145541127092998,2000
AdaBoost,individual,AdaBoost,raw,Cached fitted individual; sigmoid fitted to cached training OOF,raw_fixed,8,0.5,fixed 0.5,10,CV17,"cluster 3: Gender, Smoke",cluster,cardiovascular,2,0.7278999276149114,0.7278999276149114,0.0,0.850547583081571,0.850547583081571,0.0,0.783316089867566,0.783316089867566,0.0,0.19056556716525275,0.19056556716525275,0.0,0.0,0.0,1.0,1.0,1.0,2000
AdaBoost,individual,AdaBoost,raw,Cached fitted individual; sigmoid fitted to cached training OOF,raw_threshold,8,0.5299999999999999,own validation,10,CV17,"cluster 3: Gender, Smoke",cluster,cardiovascular,2,0.7667436307303692,0.7667436307303692,0.0,0.850547583081571,0.850547583081571,0.0,0.783316089867566,0.783316089867566,0.0,0.19056556716525275,0.19056556716525275,0.0,0.0,0.0,1.0,1.0,1.0,2000
AdaBoost,individual,AdaBoost,sigmoid,Cached fitted individual; sigmoid fitted to cached training OOF,sigmoid,9,0.4699999999999999,own validation,10,CV17,"cluster 3: Gender, Smoke",cluster,cardiovascular,2,0.7618621447636992,0.7618621447636992,0.0,0.850547583081571,0.850547583081571,0.0,0.783316089867566,0.783316089867566,0.0,0.14988257243690048,0.14988257243690048,0.0,0.0,0.0,1.0,1.0,1.0,2000
MLP,individual,MLP,raw,Cached fitted individual; sigmoid fitted to cached training OOF,raw_fixed,10,0.5,fixed 0.5,10,CV17,"cluster 3: Gender, Smoke",cluster,cardiovascular,2,0.7439864303359403,0.7494161809367513,-0.0054297506008110785,0.8505633182275931,0.8503902316213494,0.00017308660624371086,0.7746309573457957,0.7737074887784955,0.0009234685673001897,0.16257933993386675,0.16408281102141956,0.0015034710875528046,-0.0206903617236811,0.009539978564901769,0.9927546926008136,0.9723245259448594,1.012930599546783,2000
MLP,individual,MLP,raw,Cached fitted individual; sigmoid fitted to cached training OOF,raw_threshold,10,0.63,own validation,10,CV17,"cluster 3: Gender, Smoke",cluster,cardiovascular,2,0.7579402910681863,0.7656782164281778,-0.007737925359991515,0.8505633182275931,0.8503902316213494,0.00017308660624371086,0.7746309573457957,0.7737074887784955,0.0009234685673001897,0.16257933993386675,0.16408281102141956,0.0015034710875528046,-0.021286107072212693,0.005270031725550072,0.9898940244165646,0.9722339651068658,1.006972229879525,2000
MLP,individual,MLP,sigmoid,Cached fitted individual; sigmoid fitted to cached training OOF,sigmoid,11,0.5199999999999999,own validation,10,CV17,"cluster 3: Gender, Smoke",cluster,cardiovascular,2,0.7602813339655445,0.7638770078889839,-0.003595673923439402,0.8505633182275931,0.8503902316213494,0.00017308660624371086,0.7746309573457957,0.7737074887784955,0.0009234685673001897,0.15285191720214764,0.15304288711183953,0.00019096990969189043,-0.01634903740472355,0.00921738324397128,0.9952928627432102,0.9784839884183505,1.0121936922637484,2000
GradientBoosting,individual,GradientBoosting,raw,Cached fitted individual; sigmoid fitted to cached training OOF,raw_fixed,12,0.5,fixed 0.5,10,CV17,"cluster 3: Gender, Smoke",cluster,cardiovascular,2,0.7407624369142034,0.7414072098528662,-0.0006447729386628298,0.8645675981873112,0.8641270140986909,0.0004405840886203549,0.7999174922847669,0.799249774239728,0.0006677180450389564,0.15560823441899102,0.156544824202136,0.000936589783144981,-0.008577500412755268,0.007187715475845827,0.9991303389957716,0.9885348076621832,1.0096756004797893,2000
GradientBoosting,individual,GradientBoosting,raw,Cached fitted individual; sigmoid fitted to cached training OOF,raw_threshold,12,0.5099999999999999,own validation,10,CV17,"cluster 3: Gender, Smoke",cluster,cardiovascular,2,0.7443600541434803,0.7389641727304455,0.00539588141303482,0.8645675981873112,0.8641270140986909,0.0004405840886203549,0.7999174922847669,0.799249774239728,0.0006677180450389564,0.15560823441899102,0.156544824202136,0.000936589783144981,0.0,0.012626960751256671,1.0073019526685538,1.0,1.0171417153064635,2000
GradientBoosting,individual,GradientBoosting,sigmoid,Cached fitted individual; sigmoid fitted to cached training OOF,sigmoid,13,0.38999999999999996,own validation,10,CV17,"cluster 3: Gender, Smoke",cluster,cardiovascular,2,0.7425610503019167,0.7392889938344483,0.0032720564674683095,0.8645675981873112,0.8641270140986909,0.0004405840886203549,0.7999174922847669,0.799249774239728,0.0006677180450389564,0.14465563933665498,0.14521070196345912,0.0005550626268041314,-0.004297431401854515,0.010829738875120894,1.0044259504669442,0.994281437377482,1.0148694106933556,2000
XGBoost,individual,XGBoost,raw,Cached fitted individual; sigmoid fitted to cached training OOF,raw_fixed,14,0.5,fixed 0.5,10,CV17,"cluster 3: Gender, Smoke",cluster,cardiovascular,2,0.7547437407784424,0.7547437407784424,0.0,0.85024861530715,0.85024861530715,0.0,0.783435842859641,0.783435842859641,0.0,0.1583200271760983,0.1583200271760983,0.0,0.0,0.0,1.0,1.0,1.0,2000
XGBoost,individual,XGBoost,raw,Cached fitted individual; sigmoid fitted to cached training OOF,raw_threshold,14,0.5299999999999999,own validation,10,CV17,"cluster 3: Gender, Smoke",cluster,cardiovascular,2,0.7656592812335836,0.7656592812335836,0.0,0.85024861530715,0.85024861530715,0.0,0.783435842859641,0.783435842859641,0.0,0.1583200271760983,0.1583200271760983,0.0,0.0,0.0,1.0,1.0,1.0,2000
XGBoost,individual,XGBoost,sigmoid,Cached fitted individual; sigmoid fitted to cached training OOF,sigmoid,15,0.4599999999999999,own validation,10,CV17,"cluster 3: Gender, Smoke",cluster,cardiovascular,2,0.7602627068045684,0.7602627068045684,0.0,0.85024861530715,0.85024861530715,0.0,0.783435842859641,0.783435842859641,0.0,0.15047228134058788,0.15047228134058788,0.0,0.0,0.0,1.0,1.0,1.0,2000
diverse,voting,"LogisticRegression,XGBoost,MLP",raw,models/predictive_sensitivity/h10_CV17_diverse.joblib,raw_fixed,16,0.5,fixed 0.5,10,CV17,"cluster 3: Gender, Smoke",cluster,cardiovascular,2,0.7519248355968413,0.7487032419896108,0.0032215936072305107,0.851460221550856,0.8511455186304129,0.00031470292044311066,0.7808383535993896,0.7791063149430951,0.0017320386562944545,0.16285424871514578,0.16361714740075692,0.0007628986856111353,-0.008892893403728081,0.015963815212122374,1.0043028978993993,0.9881454356048216,1.0214305117138718,2000
diverse,voting,"LogisticRegression,XGBoost,MLP",raw,models/predictive_sensitivity/h10_CV17_diverse.joblib,raw_threshold,16,0.41999999999999993,saved voting threshold (also applied to raw),10,CV17,"cluster 3: Gender, Smoke",cluster,cardiovascular,2,0.7297436957420422,0.7238475030000923,0.005896192741949968,0.851460221550856,0.8511455186304129,0.00031470292044311066,0.7808383535993896,0.7791063149430951,0.0017320386562944545,0.16285424871514578,0.16361714740075692,0.0007628986856111353,-0.006807067592856575,0.020518114654033408,1.0081456283506018,0.9906795136714761,1.0280368779688596,2000
diverse,voting,"LogisticRegression,XGBoost,MLP",sigmoid,models/predictive_sensitivity/h10_CV17_diverse.joblib,sigmoid,17,0.41999999999999993,saved voting threshold (also applied to raw),10,CV17,"cluster 3: Gender, Smoke",cluster,cardiovascular,2,0.7637361795963371,0.7641334923255672,-0.00039731272923004823,0.851460221550856,0.8511455186304129,0.00031470292044311066,0.7808383535993896,0.7791063149430951,0.0017320386562944545,0.15192518816747258,0.15196605886606862,4.087069859604053e-05,-0.00945397242224423,0.008921008272568576,0.9994800480109557,0.9875475934058522,1.0118264883234385,2000
paper,voting,"LogisticRegression,RandomForest,AdaBoost",raw,models/final_h10_CV17_paper.joblib,raw_fixed,18,0.5,fixed 0.5,10,CV17,"cluster 3: Gender, Smoke",cluster,cardiovascular,2,0.7519248355968413,0.7469074191694643,0.005017416427376964,0.854607250755287,0.8540879909365559,0.0005192598187311326,0.7846424063474804,0.7841330283731526,0.0005093779743278182,0.16999859899443961,0.17069999757283721,0.0007013985783975996,-0.005872977716515787,0.016144869623833026,1.0067175881489518,0.9922162956435131,1.021868078562078,2000
paper,voting,"LogisticRegression,RandomForest,AdaBoost",raw,models/final_h10_CV17_paper.joblib,raw_threshold,18,0.37999999999999995,saved voting threshold (also applied to raw),10,CV17,"cluster 3: Gender, Smoke",cluster,cardiovascular,2,0.6995935360896781,0.6958245697459626,0.0037689663437154852,0.854607250755287,0.8540879909365559,0.0005192598187311326,0.7846424063474804,0.7841330283731526,0.0005093779743278182,0.16999859899443961,0.17069999757283721,0.0007013985783975996,-0.005969189880597486,0.015067931104969878,1.0054165467958274,0.9911403090269592,1.0219181290406025,2000
paper,voting,"LogisticRegression,RandomForest,AdaBoost",sigmoid,models/final_h10_CV17_paper.joblib,sigmoid,19,0.37999999999999995,saved voting threshold (also applied to raw),10,CV17,"cluster 3: Gender, Smoke",cluster,cardiovascular,2,0.7533623828117632,0.7464914159461622,0.006870966865600958,0.854607250755287,0.8540879909365559,0.0005192598187311326,0.7846424063474804,0.7841330283731526,0.0005093779743278182,0.1495675138032824,0.1498894109222941,0.0003218971190117048,-0.003153050681203262,0.01834587870508887,1.0092043481262167,0.9957453965818799,1.0250572685388408,2000
own,stacking,"KNeighbors,AdaBoost,MLP,GradientBoosting",raw,models/stacking_sensitivity/h10_CV17_own.joblib,raw_fixed,20,0.5,fixed 0.5,10,CV17,"cluster 3: Gender, Smoke",cluster,cardiovascular,2,0.7759907263689412,0.7733234415571738,0.0026672848117673675,0.8577070745216515,0.8561492950654582,0.0015577794561932867,0.7904569354382537,0.7893036802740211,0.0011532551642325917,0.14760090704816692,0.1487861659704151,0.001185258922248189,-0.010474749385348517,0.015900317297389787,1.0034491193056252,0.9866702821854367,1.020841148859983,2000
own,stacking,"KNeighbors,AdaBoost,MLP,GradientBoosting",raw,models/stacking_sensitivity/h10_CV17_own.joblib,raw_threshold,20,0.49999999999999994,saved stacking threshold,10,CV17,"cluster 3: Gender, Smoke",cluster,cardiovascular,2,0.7759907263689412,0.7733234415571738,0.0026672848117673675,0.8577070745216515,0.8561492950654582,0.0015577794561932867,0.7904569354382537,0.7893036802740211,0.0011532551642325917,0.14760090704816692,0.1487861659704151,0.001185258922248189,-0.010474749385348517,0.015900317297389787,1.0034491193056252,0.9866702821854367,1.020841148859983,2000
own,stacking,"KNeighbors,AdaBoost,MLP,GradientBoosting",sigmoid,models/stacking_sensitivity/h10_CV17_own.joblib,sigmoid,21,0.5199999999999999,saved stacking threshold,10,CV17,"cluster 3: Gender, Smoke",cluster,cardiovascular,2,0.7759907263689412,0.7733234415571738,0.0026672848117673675,0.8577070745216515,0.8561492950654582,0.0015577794561932867,0.7904569354382537,0.7893036802740211,0.0011532551642325917,0.14958529410436117,0.15104517360340858,0.0014598794990474118,-0.010474749385348517,0.015900317297389787,1.0034491193056252,0.9866702821854367,1.020841148859983,2000
own,stacking,"KNeighbors,AdaBoost,MLP,GradientBoosting",isotonic,models/stacking_sensitivity/h10_CV17_own.joblib,isotonic,22,0.38999999999999996,saved stacking threshold,10,CV17,"cluster 3: Gender, Smoke",cluster,cardiovascular,2,0.7741796200345423,0.7697103600918057,0.004469259942736614,0.8558896651560927,0.8541430639476334,0.0017466012084592641,0.7534450788009935,0.760130494525851,-0.00668541572485748,0.149993585678844,0.15185210889708564,0.0018585232182416478,-0.008181323519595635,0.0174955391121854,1.005806417809166,0.9894669279918402,1.0232350960884988,2000
paper,stacking,"LogisticRegression,RandomForest,AdaBoost",raw,models/stacking_sensitivity/h10_CV17_paper.joblib,raw_fixed,23,0.5,fixed 0.5,10,CV17,"cluster 3: Gender, Smoke",cluster,cardiovascular,2,0.7651549169286036,0.7633558010360108,0.0017991158925928508,0.8525931520644512,0.8527032980866063,-0.00011014602215508873,0.7815738730148766,0.7815450039972113,2.886901766530059e-05,0.15167901735688322,0.15181051771444165,0.00013150035755843392,-0.012955337330104644,0.015874633536447223,1.0023568510125307,0.9831938482664271,1.0211901867907243,2000
paper,stacking,"LogisticRegression,RandomForest,AdaBoost",raw,models/stacking_sensitivity/h10_CV17_paper.joblib,raw_threshold,23,0.36999999999999994,saved stacking threshold,10,CV17,"cluster 3: Gender, Smoke",cluster,cardiovascular,2,0.7487032419896108,0.7476173241645554,0.0010859178250554047,0.8525931520644512,0.8527032980866063,-0.00011014602215508873,0.7815738730148766,0.7815450039972113,2.886901766530059e-05,0.15167901735688322,0.15181051771444165,0.00013150035755843392,-0.012016084103639593,0.014278331162419671,1.001452504897835,0.9838593850132941,1.0191459458683383,2000
paper,stacking,"LogisticRegression,RandomForest,AdaBoost",sigmoid,models/stacking_sensitivity/h10_CV17_paper.joblib,sigmoid,24,0.36999999999999994,saved stacking threshold,10,CV17,"cluster 3: Gender, Smoke",cluster,cardiovascular,2,0.7504997728305316,0.7476173241645554,0.0028824486659762005,0.8525931520644512,0.8527032980866063,-0.00011014602215508873,0.7815738730148766,0.7815450039972113,2.886901766530059e-05,0.1504017806918913,0.15056492855881007,0.00016314786691876138,-0.010077797339699013,0.01515126439299628,1.0038555134730154,0.9867178228494632,1.0204242373467998,2000
paper,stacking,"LogisticRegression,RandomForest,AdaBoost",isotonic,models/stacking_sensitivity/h10_CV17_paper.joblib,isotonic,25,0.5099999999999999,saved stacking threshold,10,CV17,"cluster 3: Gender, Smoke",cluster,cardiovascular,2,0.7679066363551431,0.7643045843045844,0.003602052050558746,0.8518850704934542,0.8507914778449144,0.0010935926485398095,0.7644245964899069,0.7622422029282966,0.0021823935616103185,0.15143233036566903,0.1517325815183376,0.0003002511526685736,-0.008152474159355685,0.015102502499183379,1.004712848940761,0.9893828021659888,1.0199406632209929,2000
LogisticRegression,individual,LogisticRegression,raw,Cached fitted individual; sigmoid fitted to cached training OOF,raw_fixed,0,0.5,fixed 0.5,10,CV17,cluster 4: Age,cluster,cardiovascular,1,0.7415237771867278,0.702757621998692,0.038766155188035833,0.8471330563947633,0.7840036505538771,0.06312940584088622,0.7757131798023779,0.7020459453293281,0.07366723447304979,0.18103363507285933,0.20207327632221708,0.021039641249357754,0.006984579124788217,0.07081853731666611,1.0551629096213602,1.0097072770987463,1.1039088472234047,2000
LogisticRegression,individual,LogisticRegression,raw,Cached fitted individual; sigmoid fitted to cached training OOF,raw_threshold,0,0.5299999999999999,own validation,10,CV17,cluster 4: Age,cluster,cardiovascular,1,0.7638589274068128,0.7044513015656191,0.059407625841193745,0.8471330563947633,0.7840036505538771,0.06312940584088622,0.7757131798023779,0.7020459453293281,0.07366723447304979,0.18103363507285933,0.20207327632221708,0.021039641249357754,0.025115671048044682,0.09656649267825061,1.0843317709956137,1.0343499946409662,1.1421242316530005,2000
LogisticRegression,individual,LogisticRegression,sigmoid,Cached fitted individual; sigmoid fitted to cached training OOF,sigmoid,1,0.4599999999999999,own validation,10,CV17,cluster 4: Age,cluster,cardiovascular,1,0.7652167182662539,0.7045536416033533,0.060663076662900606,0.8471330563947633,0.7840036505538771,0.06312940584088622,0.7757131798023779,0.7020459453293281,0.07366723447304979,0.15425405915056228,0.17872954911227792,0.02447548996171564,0.0252959277066835,0.09899865494595747,1.086101430864582,1.0345732642102534,1.1452124048469927,2000
SVC,individual,SVC,raw,Cached fitted individual; sigmoid fitted to cached training OOF,raw_fixed,2,0.5,fixed 0.5,10,CV17,cluster 4: Age,cluster,cardiovascular,1,0.7626151994158625,0.701994301994302,0.060620897421560516,0.8393126888217523,0.7818951409869084,0.057417547834843874,0.7721765117413423,0.7056843839142387,0.06649212782710356,0.15858315788350594,0.17926258611432175,0.02067942823081581,0.02874543065405324,0.09374166578588086,1.0863552556613951,1.0402833719741338,1.1369362655470974,2000
SVC,individual,SVC,raw,Cached fitted individual; sigmoid fitted to cached training OOF,raw_threshold,2,0.5299999999999999,own validation,10,CV17,cluster 4: Age,cluster,cardiovascular,1,0.7496889059060017,0.7141224408666269,0.03556646503937477,0.8393126888217523,0.7818951409869084,0.057417547834843874,0.7721765117413423,0.7056843839142387,0.06649212782710356,0.15858315788350594,0.17926258611432175,0.02067942823081581,0.006656529490614777,0.06742771863121963,1.0498044354917806,1.0089345265374217,1.0970612143970029,2000
SVC,individual,SVC,sigmoid,Cached fitted individual; sigmoid fitted to cached training OOF,sigmoid,3,0.5099999999999999,own validation,10,CV17,cluster 4: Age,cluster,cardiovascular,1,0.7472975940900469,0.7141224408666269,0.03317515322342002,0.8393126888217523,0.7818951409869084,0.057417547834843874,0.7721765117413423,0.7056843839142387,0.06649212782710356,0.15664990147668506,0.1779794397654953,0.021329538288810235,0.004325520151705143,0.06541652164957054,1.0464558335166727,1.0059775776306592,1.09416528083515,2000
KNeighbors,individual,KNeighbors,raw,Cached fitted individual; sigmoid fitted to cached training OOF,raw_fixed,4,0.5,fixed 0.5,10,CV17,cluster 4: Age,cluster,cardiovascular,1,0.7465134459036898,0.7082702965171573,0.038243149386532505,0.8171576032225579,0.7579934541792548,0.05916414904330314,0.7296944174064324,0.6709204869293949,0.058773930477037495,0.16746745459592483,0.18763375835951698,0.020166303763592158,0.012997563355783651,0.06502871398949744,1.0539951337428508,1.0178444410514877,1.0943150284360423,2000
KNeighbors,individual,KNeighbors,raw,Cached fitted individual; sigmoid fitted to cached training OOF,raw_threshold,4,0.5299999999999999,own validation,10,CV17,cluster 4: Age,cluster,cardiovascular,1,0.7305899970050913,0.7045536416033533,0.026036355401737987,0.8171576032225579,0.7579934541792548,0.05916414904330314,0.7296944174064324,0.6709204869293949,0.058773930477037495,0.16746745459592483,0.18763375835951698,0.020166303763592158,-0.00106457509801878,0.056069173013673534,1.036954397599148,0.9985704687045991,1.0811826218003564,2000
KNeighbors,individual,KNeighbors,sigmoid,Cached fitted individual; sigmoid fitted to cached training OOF,sigmoid,5,0.4799999999999999,own validation,10,CV17,cluster 4: Age,cluster,cardiovascular,1,0.7305899970050913,0.701994301994302,0.02859569501078929,0.8171576032225579,0.7579934541792548,0.05916414904330314,0.7296944174064324,0.6709204869293949,0.058773930477037495,0.16492534254057886,0.18625916838387568,0.021333825843296822,0.0014905593791788435,0.058834659803107765,1.0407349389155318,1.002114219026903,1.086999474300534,2000
RandomForest,individual,RandomForest,raw,Cached fitted individual; sigmoid fitted to cached training OOF,raw_fixed,6,0.5,fixed 0.5,10,CV17,cluster 4: Age,cluster,cardiovascular,1,0.7497493620123952,0.702870269736192,0.04687909227620313,0.8513500755287009,0.7785907603222558,0.07275931520644507,0.7772464964925739,0.7015599543493093,0.07568654214326465,0.15518350287581242,0.1787961335694962,0.023612630693683773,0.01147686677162063,0.08489474840923807,1.0666966498580146,1.0154830459138091,1.1253930544477306,2000
RandomForest,individual,RandomForest,raw,Cached fitted individual; sigmoid fitted to cached training OOF,raw_threshold,6,0.5399999999999999,own validation,10,CV17,cluster 4: Age,cluster,cardiovascular,1,0.7534066687708716,0.6966161778923622,0.0567904908785094,0.8513500755287009,0.7785907603222558,0.07275931520644507,0.7772464964925739,0.7015599543493093,0.07568654214326465,0.15518350287581242,0.1787961335694962,0.023612630693683773,0.014457722480493146,0.0996017933648619,1.0815233591765427,1.01970266366449,1.150539850843466,2000
RandomForest,individual,RandomForest,sigmoid,Cached fitted individual; sigmoid fitted to cached training OOF,sigmoid,7,0.4799999999999999,own validation,10,CV17,cluster 4: Age,cluster,cardiovascular,1,0.7534066687708716,0.6966161778923622,0.0567904908785094,0.8513500755287009,0.7785907603222558,0.07275931520644507,0.7772464964925739,0.7015599543493093,0.07568654214326465,0.15088959421792228,0.18296014590755014,0.03207055168962786,0.014457722480493146,0.0996017933648619,1.0815233591765427,1.01970266366449,1.150539850843466,2000
AdaBoost,individual,AdaBoost,raw,Cached fitted individual; sigmoid fitted to cached training OOF,raw_fixed,8,0.5,fixed 0.5,10,CV17,cluster 4: Age,cluster,cardiovascular,1,0.7278999276149114,0.6863505517351671,0.04154937587974428,0.850547583081571,0.7578046324269889,0.09274295065458205,0.783316089867566,0.6722714460950181,0.11104464377254786,0.19056556716525275,0.21552324431087133,0.024957677145618584,0.004020710820880219,0.0828684701544437,1.0605366685794935,1.0054062053406476,1.1240778535073037,2000
AdaBoost,individual,AdaBoost,raw,Cached fitted individual; sigmoid fitted to cached training OOF,raw_threshold,8,0.5299999999999999,own validation,10,CV17,cluster 4: Age,cluster,cardiovascular,1,0.7667436307303692,0.6775126879476355,0.08923094278273369,0.850547583081571,0.7578046324269889,0.09274295065458205,0.783316089867566,0.6722714460950181,0.11104464377254786,0.19056556716525275,0.21552324431087133,0.024957677145618584,0.049740342253898145,0.12970711045738528,1.13170372211484,1.0714386238887634,1.2009158993359434,2000
AdaBoost,individual,AdaBoost,sigmoid,Cached fitted individual; sigmoid fitted to cached training OOF,sigmoid,9,0.4699999999999999,own validation,10,CV17,cluster 4: Age,cluster,cardiovascular,1,0.7618621447636992,0.6758264462809918,0.08603569848270742,0.850547583081571,0.7578046324269889,0.09274295065458205,0.783316089867566,0.6722714460950181,0.11104464377254786,0.14988257243690048,0.18608981247464682,0.036207240037746335,0.047506639265950626,0.12705316648574058,1.1273044269814443,1.0679089937152033,1.196030731425956,2000
MLP,individual,MLP,raw,Cached fitted individual; sigmoid fitted to cached training OOF,raw_fixed,10,0.5,fixed 0.5,10,CV17,cluster 4: Age,cluster,cardiovascular,1,0.7439864303359403,0.7030845896675708,0.04090184066836944,0.8505633182275931,0.7852624622356495,0.06530085599194357,0.7746309573457957,0.6928222234010443,0.08180873394475141,0.16257933993386675,0.1827190054395673,0.020139665505700538,0.0066041985088872105,0.07727810901518911,1.0581748501808417,1.009139894901011,1.1130513320218858,2000
MLP,individual,MLP,raw,Cached fitted individual; sigmoid fitted to cached training OOF,raw_threshold,10,0.63,own validation,10,CV17,cluster 4: Age,cluster,cardiovascular,1,0.7579402910681863,0.7110979792659584,0.046842311802227865,0.8505633182275931,0.7852624622356495,0.06530085599194357,0.7746309573457957,0.6928222234010443,0.08180873394475141,0.16257933993386675,0.1827190054395673,0.020139665505700538,0.013580087074603795,0.08252523689225272,1.065873217430011,1.0186010928843812,1.121302163764692,2000
MLP,individual,MLP,sigmoid,Cached fitted individual; sigmoid fitted to cached training OOF,sigmoid,11,0.5199999999999999,own validation,10,CV17,cluster 4: Age,cluster,cardiovascular,1,0.7602813339655445,0.7120793769337459,0.04820195703179864,0.8505633182275931,0.7852624622356495,0.06530085599194357,0.7746309573457957,0.6928222234010443,0.08180873394475141,0.15285191720214764,0.17849717155752146,0.02564525435537382,0.014866389560141047,0.0839325569473229,1.0676918312665633,1.019729656927315,1.1233955298120946,2000
GradientBoosting,individual,GradientBoosting,raw,Cached fitted individual; sigmoid fitted to cached training OOF,raw_fixed,12,0.5,fixed 0.5,10,CV17,cluster 4: Age,cluster,cardiovascular,1,0.7407624369142034,0.7017894332450412,0.03897300366916223,0.8645675981873112,0.7776073136958711,0.08696028449144011,0.7999174922847669,0.6935819901667221,0.10633550211804488,0.15560823441899102,0.18295307344178846,0.02734483902279744,0.0014091662010294467,0.07889857192585764,1.0555337567408971,1.0020048179062506,1.1182342075695888,2000
GradientBoosting,individual,GradientBoosting,raw,Cached fitted individual; sigmoid fitted to cached training OOF,raw_threshold,12,0.5099999999999999,own validation,10,CV17,cluster 4: Age,cluster,cardiovascular,1,0.7443600541434803,0.7027250876965051,0.041634966446975175,0.8645675981873112,0.7776073136958711,0.08696028449144011,0.7999174922847669,0.6935819901667221,0.10633550211804488,0.15560823441899102,0.18295307344178846,0.02734483902279744,0.003853755062684322,0.08145418981975541,1.0592478725691328,1.005309052561538,1.1217332253824106,2000
GradientBoosting,individual,GradientBoosting,sigmoid,Cached fitted individual; sigmoid fitted to cached training OOF,sigmoid,13,0.38999999999999996,own validation,10,CV17,cluster 4: Age,cluster,cardiovascular,1,0.7425610503019167,0.70100108258019,0.041559967721726654,0.8645675981873112,0.7776073136958711,0.08696028449144011,0.7999174922847669,0.6935819901667221,0.10633550211804488,0.14465563933665498,0.18244133763737747,0.03778569830072248,0.004137065584921384,0.08094198656057905,1.0592865956337127,1.0056032034042515,1.120586427033214,2000
XGBoost,individual,XGBoost,raw,Cached fitted individual; sigmoid fitted to cached training OOF,raw_fixed,14,0.5,fixed 0.5,10,CV17,cluster 4: Age,cluster,cardiovascular,1,0.7547437407784424,0.7166653958979586,0.03807834488048378,0.85024861530715,0.7778905463242699,0.07235806898288011,0.783435842859641,0.701615726057129,0.081820116802512,0.1583200271760983,0.18397594429414582,0.025655917118047517,0.0015475346984484717,0.07645432165213668,1.0531326684648599,1.002065831217883,1.1128100621343378,2000
XGBoost,individual,XGBoost,raw,Cached fitted individual; sigmoid fitted to cached training OOF,raw_threshold,14,0.5299999999999999,own validation,10,CV17,cluster 4: Age,cluster,cardiovascular,1,0.7656592812335836,0.7106440957886044,0.05501518544497919,0.85024861530715,0.7778905463242699,0.07235806898288011,0.783435842859641,0.701615726057129,0.081820116802512,0.1583200271760983,0.18397594429414582,0.025655917118047517,0.017860775917005935,0.09486427093481614,1.077415946703854,1.0242775385987384,1.138793464721056,2000
XGBoost,individual,XGBoost,sigmoid,Cached fitted individual; sigmoid fitted to cached training OOF,sigmoid,15,0.4599999999999999,own validation,10,CV17,cluster 4: Age,cluster,cardiovascular,1,0.7602627068045684,0.7089089807176163,0.0513537260869521,0.85024861530715,0.7778905463242699,0.07235806898288011,0.783435842859641,0.701615726057129,0.081820116802512,0.15047228134058788,0.17832863525939774,0.027856353918809862,0.013142937902688886,0.09004165893663292,1.0724405071508158,1.018095488594249,1.133373367460644,2000
diverse,voting,"LogisticRegression,XGBoost,MLP",raw,models/predictive_sensitivity/h10_CV17_diverse.joblib,raw_fixed,16,0.5,fixed 0.5,10,CV17,cluster 4: Age,cluster,cardiovascular,1,0.7519248355968413,0.7061162740436568,0.04580856155318447,0.851460221550856,0.7866943605236657,0.06476586102719029,0.7808383535993896,0.7050299889830153,0.0758083646163743,0.16285424871514578,0.18579106728522335,0.022936818570077566,0.010036223975600809,0.08304551505169712,1.0648739637324267,1.0133278253020848,1.122554575902822,2000
diverse,voting,"LogisticRegression,XGBoost,MLP",raw,models/predictive_sensitivity/h10_CV17_diverse.joblib,raw_threshold,16,0.41999999999999993,saved voting threshold (also applied to raw),10,CV17,cluster 4: Age,cluster,cardiovascular,1,0.7297436957420422,0.6883229324787767,0.04142076326326549,0.851460221550856,0.7866943605236657,0.06476586102719029,0.7808383535993896,0.7050299889830153,0.0758083646163743,0.16285424871514578,0.18579106728522335,0.022936818570077566,0.0065036889566747694,0.0783165865813786,1.0601763522742178,1.0091874181301632,1.1177945354647727,2000
diverse,voting,"LogisticRegression,XGBoost,MLP",sigmoid,models/predictive_sensitivity/h10_CV17_diverse.joblib,sigmoid,17,0.41999999999999993,saved voting threshold (also applied to raw),10,CV17,cluster 4: Age,cluster,cardiovascular,1,0.7637361795963371,0.7089943277571623,0.05474185183917479,0.851460221550856,0.7866943605236657,0.06476586102719029,0.7808383535993896,0.7050299889830153,0.0758083646163743,0.15192518816747258,0.17763332640131974,0.025708138233847155,0.018484449794881196,0.09242470020045344,1.0772105638875076,1.0254724316546455,1.1356873264560527,2000
paper,voting,"LogisticRegression,RandomForest,AdaBoost",raw,models/final_h10_CV17_paper.joblib,raw_fixed,18,0.5,fixed 0.5,10,CV17,cluster 4: Age,cluster,cardiovascular,1,0.7519248355968413,0.6984783032350266,0.053446532361814736,0.854607250755287,0.781659113796576,0.07294813695871094,0.7846424063474804,0.7025205886471458,0.08212181770033455,0.16999859899443961,0.1919774929190931,0.021978893924653492,0.017729859550138692,0.0909266991525607,1.076518529085693,1.0248039202579562,1.1357859722905632,2000
paper,voting,"LogisticRegression,RandomForest,AdaBoost",raw,models/final_h10_CV17_paper.joblib,raw_threshold,18,0.37999999999999995,saved voting threshold (also applied to raw),10,CV17,cluster 4: Age,cluster,cardiovascular,1,0.6995935360896781,0.6582954044927323,0.04129813159694584,0.854607250755287,0.781659113796576,0.07294813695871094,0.7846424063474804,0.7025205886471458,0.08212181770033455,0.16999859899443961,0.1919774929190931,0.021978893924653492,0.009996547954520789,0.07653402823623216,1.0627349535103763,1.0141479127949053,1.1208504600295692,2000
paper,voting,"LogisticRegression,RandomForest,AdaBoost",sigmoid,models/final_h10_CV17_paper.joblib,sigmoid,19,0.37999999999999995,saved voting threshold (also applied to raw),10,CV17,cluster 4: Age,cluster,cardiovascular,1,0.7533623828117632,0.705528601377658,0.047833781434105105,0.854607250755287,0.781659113796576,0.07294813695871094,0.7846424063474804,0.7025205886471458,0.08212181770033455,0.1495675138032824,0.17975551899538353,0.03018800519210113,0.012018834063111924,0.08405487200200981,1.0677985007846627,1.0166661394424856,1.124720609798404,2000
own,stacking,"KNeighbors,AdaBoost,MLP,GradientBoosting",raw,models/stacking_sensitivity/h10_CV17_own.joblib,raw_fixed,20,0.5,fixed 0.5,10,CV17,cluster 4: Age,cluster,cardiovascular,1,0.7759907263689412,0.6959406313053589,0.0800500950635823,0.8577070745216515,0.7826976334340383,0.0750094410876132,0.7904569354382537,0.7007263238427205,0.0897306115955332,0.14760090704816692,0.17755412217197483,0.029953215123807914,0.04288666203825777,0.11984062185475818,1.1150243159584379,1.059499191760329,1.180741159960433,2000
own,stacking,"KNeighbors,AdaBoost,MLP,GradientBoosting",raw,models/stacking_sensitivity/h10_CV17_own.joblib,raw_threshold,20,0.49999999999999994,saved stacking threshold,10,CV17,cluster 4: Age,cluster,cardiovascular,1,0.7759907263689412,0.6959406313053589,0.0800500950635823,0.8577070745216515,0.7826976334340383,0.0750094410876132,0.7904569354382537,0.7007263238427205,0.0897306115955332,0.14760090704816692,0.17755412217197483,0.029953215123807914,0.04288666203825777,0.11984062185475818,1.1150243159584379,1.059499191760329,1.180741159960433,2000
own,stacking,"KNeighbors,AdaBoost,MLP,GradientBoosting",sigmoid,models/stacking_sensitivity/h10_CV17_own.joblib,sigmoid,21,0.5199999999999999,saved stacking threshold,10,CV17,cluster 4: Age,cluster,cardiovascular,1,0.7759907263689412,0.6959406313053589,0.0800500950635823,0.8577070745216515,0.7826976334340383,0.0750094410876132,0.7904569354382537,0.7007263238427205,0.0897306115955332,0.14958529410436117,0.1797999529366831,0.03021465883232194,0.04288666203825777,0.11984062185475818,1.1150243159584379,1.059499191760329,1.180741159960433,2000
own,stacking,"KNeighbors,AdaBoost,MLP,GradientBoosting",isotonic,models/stacking_sensitivity/h10_CV17_own.joblib,isotonic,22,0.38999999999999996,saved stacking threshold,10,CV17,cluster 4: Age,cluster,cardiovascular,1,0.7741796200345423,0.6986877200469434,0.07549189998759898,0.8558896651560927,0.7755302744209466,0.08035939073514609,0.7534450788009935,0.6676939254598913,0.08575115334110228,0.149993585678844,0.18129735600344896,0.03130377032460496,0.037513269932623536,0.11382579616014406,1.1080481276850362,1.0514163409440476,1.1732778885168462,2000
paper,stacking,"LogisticRegression,RandomForest,AdaBoost",raw,models/stacking_sensitivity/h10_CV17_paper.joblib,raw_fixed,23,0.5,fixed 0.5,10,CV17,cluster 4: Age,cluster,cardiovascular,1,0.7651549169286036,0.703870834906146,0.06128408202245761,0.8525931520644512,0.7843183534743202,0.06827479859013097,0.7815738730148766,0.7052821294487591,0.07629174356611745,0.15167901735688322,0.1791588837791388,0.027479866422255583,0.02199326731685559,0.100151211370152,1.0870672273708133,1.030843383885918,1.1470900789514697,2000
paper,stacking,"LogisticRegression,RandomForest,AdaBoost",raw,models/stacking_sensitivity/h10_CV17_paper.joblib,raw_threshold,23,0.36999999999999994,saved stacking threshold,10,CV17,cluster 4: Age,cluster,cardiovascular,1,0.7487032419896108,0.7110899155489319,0.03761332644067894,0.8525931520644512,0.7843183534743202,0.06827479859013097,0.7815738730148766,0.7052821294487591,0.07629174356611745,0.15167901735688322,0.1791588837791388,0.027479866422255583,0.0036823396907660873,0.07356337497881467,1.0528953169187374,1.0049714467194137,1.1077620818304037,2000
paper,stacking,"LogisticRegression,RandomForest,AdaBoost",sigmoid,models/stacking_sensitivity/h10_CV17_paper.joblib,sigmoid,24,0.36999999999999994,saved stacking threshold,10,CV17,cluster 4: Age,cluster,cardiovascular,1,0.7504997728305316,0.7110899155489319,0.039409857281599736,0.8525931520644512,0.7843183534743202,0.06827479859013097,0.7815738730148766,0.7052821294487591,0.07629174356611745,0.1504017806918913,0.17826568433083434,0.027863903638943033,0.0058759924907280155,0.07548542452353152,1.0554217637177106,1.008107677721431,1.1105259179207325,2000
paper,stacking,"LogisticRegression,RandomForest,AdaBoost",isotonic,models/stacking_sensitivity/h10_CV17_paper.joblib,isotonic,25,0.5099999999999999,saved stacking threshold,10,CV17,cluster 4: Age,cluster,cardiovascular,1,0.7679066363551431,0.6979754059379033,0.06993123041723981,0.8518850704934542,0.7802822885196374,0.07160278197381675,0.7644245964899069,0.6857866296432221,0.07863796684668478,0.15143233036566903,0.18108655076052776,0.029654220394858738,0.03285558012215926,0.10843145703598397,1.100191539447253,1.0455488876296621,1.1630702463080431,2000
LogisticRegression,individual,LogisticRegression,raw,Cached fitted individual; sigmoid fitted to cached training OOF,raw_fixed,0,0.5,fixed 0.5,10,CV17,"cluster 5: Angina, Angiography, Vessels, Ischemia, Dyslipidemia, AFib",cluster,cardiovascular,6,0.7415237771867278,0.7465394517643495,-0.005015674577621754,0.8471330563947633,0.8381954934541792,0.00893756294058412,0.7757131798023779,0.7616358876583987,0.014077292143979125,0.18103363507285933,0.18732178830672053,0.006288153233861199,-0.02667714319166128,0.016884081943726724,0.9932814340008852,0.9647607512641377,1.0231752220581385,2000
LogisticRegression,individual,LogisticRegression,raw,Cached fitted individual; sigmoid fitted to cached training OOF,raw_threshold,0,0.5299999999999999,own validation,10,CV17,"cluster 5: Angina, Angiography, Vessels, Ischemia, Dyslipidemia, AFib",cluster,cardiovascular,6,0.7638589274068128,0.7406493430428925,0.023209584363920288,0.8471330563947633,0.8381954934541792,0.00893756294058412,0.7757131798023779,0.7616358876583987,0.014077292143979125,0.18103363507285933,0.18732178830672053,0.006288153233861199,-0.0001459748791708459,0.04843334507212822,1.0313368054423242,0.9998137060583432,1.0671484854590487,2000
LogisticRegression,individual,LogisticRegression,sigmoid,Cached fitted individual; sigmoid fitted to cached training OOF,sigmoid,1,0.4599999999999999,own validation,10,CV17,"cluster 5: Angina, Angiography, Vessels, Ischemia, Dyslipidemia, AFib",cluster,cardiovascular,6,0.7652167182662539,0.7383364602876799,0.026880257978574074,0.8471330563947633,0.8381954934541792,0.00893756294058412,0.7757131798023779,0.7616358876583987,0.014077292143979125,0.15425405915056228,0.15732130329145913,0.0030672441408968465,0.003262153772357082,0.052494083438914124,1.036406515761257,1.0042294206902467,1.0730286245234397,2000
SVC,individual,SVC,raw,Cached fitted individual; sigmoid fitted to cached training OOF,raw_fixed,2,0.5,fixed 0.5,10,CV17,"cluster 5: Angina, Angiography, Vessels, Ischemia, Dyslipidemia, AFib",cluster,cardiovascular,6,0.7626151994158625,0.7310189649630343,0.03159623445282822,0.8393126888217523,0.8275664023162135,0.011746286505538772,0.7721765117413423,0.7489007204162018,0.02327579132514046,0.15858315788350594,0.16294828296912472,0.004365125085618787,0.003647254330098826,0.062291046978211626,1.043222181594736,1.0049645383453893,1.0880645058262695,2000
SVC,individual,SVC,raw,Cached fitted individual; sigmoid fitted to cached training OOF,raw_threshold,2,0.5299999999999999,own validation,10,CV17,"cluster 5: Angina, Angiography, Vessels, Ischemia, Dyslipidemia, AFib",cluster,cardiovascular,6,0.7496889059060017,0.7334950367909338,0.016193869115067927,0.8393126888217523,0.8275664023162135,0.011746286505538772,0.7721765117413423,0.7489007204162018,0.02327579132514046,0.15858315788350594,0.16294828296912472,0.004365125085618787,-0.011899875852845193,0.04699630556794298,1.0220776805606167,0.9840567801106107,1.0656871930401917,2000
SVC,individual,SVC,sigmoid,Cached fitted individual; sigmoid fitted to cached training OOF,sigmoid,3,0.5099999999999999,own validation,10,CV17,"cluster 5: Angina, Angiography, Vessels, Ischemia, Dyslipidemia, AFib",cluster,cardiovascular,6,0.7472975940900469,0.7309934358773391,0.01630415821270781,0.8393126888217523,0.8275664023162135,0.011746286505538772,0.7721765117413423,0.7489007204162018,0.02327579132514046,0.15664990147668506,0.16205386045137696,0.005403958974691897,-0.012702102311065066,0.048534549699819955,1.0223041102867627,0.9830623178146026,1.0676145132544126,2000
KNeighbors,individual,KNeighbors,raw,Cached fitted individual; sigmoid fitted to cached training OOF,raw_fixed,4,0.5,fixed 0.5,10,CV17,"cluster 5: Angina, Angiography, Vessels, Ischemia, Dyslipidemia, AFib",cluster,cardiovascular,6,0.7465134459036898,0.7253571502408568,0.021156295662833058,0.8171576032225579,0.7958994209466264,0.02125818227593157,0.7296944174064324,0.6856573580197307,0.04403705938670166,0.16746745459592483,0.17508789223414828,0.007620437638223454,-0.013232118123785554,0.05597959451634526,1.0291667293219733,0.9823005071263642,1.0788631778579885,2000
KNeighbors,individual,KNeighbors,raw,Cached fitted individual; sigmoid fitted to cached training OOF,raw_threshold,4,0.5299999999999999,own validation,10,CV17,"cluster 5: Angina, Angiography, Vessels, Ischemia, Dyslipidemia, AFib",cluster,cardiovascular,6,0.7305899970050913,0.7035707538258076,0.027019243179283725,0.8171576032225579,0.7958994209466264,0.02125818227593157,0.7296944174064324,0.6856573580197307,0.04403705938670166,0.16746745459592483,0.17508789223414828,0.007620437638223454,-0.005613734992673233,0.060043906586221635,1.0384030220590625,0.9921504598441248,1.0887569415393508,2000
KNeighbors,individual,KNeighbors,sigmoid,Cached fitted individual; sigmoid fitted to cached training OOF,sigmoid,5,0.4799999999999999,own validation,10,CV17,"cluster 5: Angina, Angiography, Vessels, Ischemia, Dyslipidemia, AFib",cluster,cardiovascular,6,0.7305899970050913,0.7035707538258076,0.027019243179283725,0.8171576032225579,0.7958994209466264,0.02125818227593157,0.7296944174064324,0.6856573580197307,0.04403705938670166,0.16492534254057886,0.1762804031752145,0.01135506063463565,-0.005613734992673233,0.060043906586221635,1.0384030220590625,0.9921504598441248,1.0887569415393508,2000
RandomForest,individual,RandomForest,raw,Cached fitted individual; sigmoid fitted to cached training OOF,raw_fixed,6,0.5,fixed 0.5,10,CV17,"cluster 5: Angina, Angiography, Vessels, Ischemia, Dyslipidemia, AFib",cluster,cardiovascular,6,0.7497493620123952,0.7568166915052161,-0.007067329492820962,0.8513500755287009,0.8433566213494461,0.007993454179254789,0.7772464964925739,0.7564345688547472,0.020811927637826688,0.15518350287581242,0.15581732650437843,0.0006338236285660104,-0.035345142145960226,0.017739278691575065,0.9906617684676524,0.9543113341645795,1.024169279402002,2000
RandomForest,individual,RandomForest,raw,Cached fitted individual; sigmoid fitted to cached training OOF,raw_threshold,6,0.5399999999999999,own validation,10,CV17,"cluster 5: Angina, Angiography, Vessels, Ischemia, Dyslipidemia, AFib",cluster,cardiovascular,6,0.7534066687708716,0.7430901231333508,0.010316545637520824,0.8513500755287009,0.8433566213494461,0.007993454179254789,0.7772464964925739,0.7564345688547472,0.020811927637826688,0.15518350287581242,0.15581732650437843,0.0006338236285660104,-0.01644734982036525,0.03805187337234967,1.0138833034060788,0.9777449559133218,1.0527400968958152,2000
RandomForest,individual,RandomForest,sigmoid,Cached fitted individual; sigmoid fitted to cached training OOF,sigmoid,7,0.4799999999999999,own validation,10,CV17,"cluster 5: Angina, Angiography, Vessels, Ischemia, Dyslipidemia, AFib",cluster,cardiovascular,6,0.7534066687708716,0.7430901231333508,0.010316545637520824,0.8513500755287009,0.8433566213494461,0.007993454179254789,0.7772464964925739,0.7564345688547472,0.020811927637826688,0.15088959421792228,0.1561472190453621,0.005257624827439827,-0.01644734982036525,0.03805187337234967,1.0138833034060788,0.9777449559133218,1.0527400968958152,2000
AdaBoost,individual,AdaBoost,raw,Cached fitted individual; sigmoid fitted to cached training OOF,raw_fixed,8,0.5,fixed 0.5,10,CV17,"cluster 5: Angina, Angiography, Vessels, Ischemia, Dyslipidemia, AFib",cluster,cardiovascular,6,0.7278999276149114,0.7409944229421266,-0.013094495327215183,0.850547583081571,0.8488796576032226,0.0016679254783483755,0.783316089867566,0.7790956777249084,0.004220412142657559,0.19056556716525275,0.18993247506316388,-0.0006330921020888669,-0.026599723628590248,0.0006586262685919116,0.9823284832897617,0.9641488370947846,1.0009055124486594,2000
AdaBoost,individual,AdaBoost,raw,Cached fitted individual; sigmoid fitted to cached training OOF,raw_threshold,8,0.5299999999999999,own validation,10,CV17,"cluster 5: Angina, Angiography, Vessels, Ischemia, Dyslipidemia, AFib",cluster,cardiovascular,6,0.7667436307303692,0.7640051911750025,0.0027384395553666785,0.850547583081571,0.8488796576032226,0.0016679254783483755,0.783316089867566,0.7790956777249084,0.004220412142657559,0.19056556716525275,0.18993247506316388,-0.0006330921020888669,-0.00941815199541281,0.015994636438375377,1.0035843206132606,0.9877711957692195,1.0211176868901148,2000
AdaBoost,individual,AdaBoost,sigmoid,Cached fitted individual; sigmoid fitted to cached training OOF,sigmoid,9,0.4699999999999999,own validation,10,CV17,"cluster 5: Angina, Angiography, Vessels, Ischemia, Dyslipidemia, AFib",cluster,cardiovascular,6,0.7618621447636992,0.7651306507699951,-0.0032685060062959126,0.850547583081571,0.8488796576032226,0.0016679254783483755,0.783316089867566,0.7790956777249084,0.004220412142657559,0.14988257243690048,0.15014578887554786,0.000263216438647379,-0.016297364280635347,0.009785300442358008,0.9957281726944194,0.9788257408078004,1.013074982667783,2000
MLP,individual,MLP,raw,Cached fitted individual; sigmoid fitted to cached training OOF,raw_fixed,10,0.5,fixed 0.5,10,CV17,"cluster 5: Angina, Angiography, Vessels, Ischemia, Dyslipidemia, AFib",cluster,cardiovascular,6,0.7439864303359403,0.7510503926088341,-0.007063962272893853,0.8505633182275931,0.8435611782477341,0.00700213997985899,0.7746309573457957,0.7661240339551733,0.008506923390622423,0.16257933993386675,0.1664395813201588,0.0038602413862920404,-0.03321428629563167,0.01826054231970997,0.9905945561810352,0.9559989325573297,1.0249211069333821,2000
MLP,individual,MLP,raw,Cached fitted individual; sigmoid fitted to cached training OOF,raw_threshold,10,0.63,own validation,10,CV17,"cluster 5: Angina, Angiography, Vessels, Ischemia, Dyslipidemia, AFib",cluster,cardiovascular,6,0.7579402910681863,0.7471882955753923,0.010751995492793931,0.8505633182275931,0.8435611782477341,0.00700213997985899,0.7746309573457957,0.7661240339551733,0.008506923390622423,0.16257933993386675,0.1664395813201588,0.0038602413862920404,-0.014731912125836999,0.03576905966937331,1.0143899410047825,0.9805687389359478,1.048668278975367,2000
MLP,individual,MLP,sigmoid,Cached fitted individual; sigmoid fitted to cached training OOF,sigmoid,11,0.5199999999999999,own validation,10,CV17,"cluster 5: Angina, Angiography, Vessels, Ischemia, Dyslipidemia, AFib",cluster,cardiovascular,6,0.7602813339655445,0.7496147888882183,0.010666545077326228,0.8505633182275931,0.8435611782477341,0.00700213997985899,0.7746309573457957,0.7661240339551733,0.008506923390622423,0.15285191720214764,0.15441220153117255,0.0015602843290249135,-0.014412834186680809,0.03529437902572845,1.0142293685175905,0.9813531168976112,1.0480535156424322,2000
GradientBoosting,individual,GradientBoosting,raw,Cached fitted individual; sigmoid fitted to cached training OOF,raw_fixed,12,0.5,fixed 0.5,10,CV17,"cluster 5: Angina, Angiography, Vessels, Ischemia, Dyslipidemia, AFib",cluster,cardiovascular,6,0.7407624369142034,0.7529485264986439,-0.012186089584440452,0.8645675981873112,0.8583443479355488,0.006223250251762402,0.7999174922847669,0.792745970358617,0.007171521926149893,0.15560823441899102,0.15114776923887005,-0.0044604651801209705,-0.031158588584482817,0.00887330914538802,0.9838155077597295,0.9590318997288428,1.011542169226711,2000
GradientBoosting,individual,GradientBoosting,raw,Cached fitted individual; sigmoid fitted to cached training OOF,raw_threshold,12,0.5099999999999999,own validation,10,CV17,"cluster 5: Angina, Angiography, Vessels, Ischemia, Dyslipidemia, AFib",cluster,cardiovascular,6,0.7443600541434803,0.7583373112099746,-0.01397725706649433,0.8645675981873112,0.8583443479355488,0.006223250251762402,0.7999174922847669,0.792745970358617,0.007171521926149893,0.15560823441899102,0.15114776923887005,-0.0044604651801209705,-0.03369071558598068,0.007778875580321187,0.9815685489031355,0.9564996161912692,1.0103953756551,2000
GradientBoosting,individual,GradientBoosting,sigmoid,Cached fitted individual; sigmoid fitted to cached training OOF,sigmoid,13,0.38999999999999996,own validation,10,CV17,"cluster 5: Angina, Angiography, Vessels, Ischemia, Dyslipidemia, AFib",cluster,cardiovascular,6,0.7425610503019167,0.7547437407784424,-0.01218269047652576,0.8645675981873112,0.8583443479355488,0.006223250251762402,0.7999174922847669,0.792745970358617,0.007171521926149893,0.14465563933665498,0.14654806032623754,0.0018924209895825606,-0.030842188700397087,0.008712901537526001,0.9838585074399417,0.9594600748111848,1.0114742849502711,2000
XGBoost,individual,XGBoost,raw,Cached fitted individual; sigmoid fitted to cached training OOF,raw_fixed,14,0.5,fixed 0.5,10,CV17,"cluster 5: Angina, Angiography, Vessels, Ischemia, Dyslipidemia, AFib",cluster,cardiovascular,6,0.7547437407784424,0.7481425426527243,0.006601198125718133,0.85024861530715,0.8438444108761329,0.00640420443101708,0.783435842859641,0.7731007260171975,0.010335116842443481,0.1583200271760983,0.16235878381730975,0.0040387566412114495,-0.011250097939250293,0.024403937504079456,1.0088234497430288,0.9851432095231593,1.0333815236442776,2000
XGBoost,individual,XGBoost,raw,Cached fitted individual; sigmoid fitted to cached training OOF,raw_threshold,14,0.5299999999999999,own validation,10,CV17,"cluster 5: Angina, Angiography, Vessels, Ischemia, Dyslipidemia, AFib",cluster,cardiovascular,6,0.7656592812335836,0.7485420931819592,0.017117188051624432,0.85024861530715,0.8438444108761329,0.00640420443101708,0.783435842859641,0.7731007260171975,0.010335116842443481,0.1583200271760983,0.16235878381730975,0.0040387566412114495,-0.0035651488955268204,0.037827466457123836,1.0228673687258674,0.9953347008665979,1.051991673864572,2000
XGBoost,individual,XGBoost,sigmoid,Cached fitted individual; sigmoid fitted to cached training OOF,sigmoid,15,0.4599999999999999,own validation,10,CV17,"cluster 5: Angina, Angiography, Vessels, Ischemia, Dyslipidemia, AFib",cluster,cardiovascular,6,0.7602627068045684,0.7485420931819592,0.011720613622609233,0.85024861530715,0.8438444108761329,0.00640420443101708,0.783435842859641,0.7731007260171975,0.010335116842443481,0.15047228134058788,0.15315384792098943,0.0026815665804015565,-0.008280003680449682,0.03207822662943748,1.0156579218849089,0.988901855089136,1.0435154700934892,2000
diverse,voting,"LogisticRegression,XGBoost,MLP",raw,models/predictive_sensitivity/h10_CV17_diverse.joblib,raw_fixed,16,0.5,fixed 0.5,10,CV17,"cluster 5: Angina, Angiography, Vessels, Ischemia, Dyslipidemia, AFib",cluster,cardiovascular,6,0.7519248355968413,0.7483338069527328,0.0035910286441085404,0.851460221550856,0.8443007301107754,0.007159491440080545,0.7808383535993896,0.7701863384715649,0.010652015127824654,0.16285424871514578,0.16814591804118995,0.005291669326044163,-0.0185847693479234,0.026486714708259584,1.0047986989372182,0.9755671426902608,1.0355930946453642,2000
diverse,voting,"LogisticRegression,XGBoost,MLP",raw,models/predictive_sensitivity/h10_CV17_diverse.joblib,raw_threshold,16,0.41999999999999993,saved voting threshold (also applied to raw),10,CV17,"cluster 5: Angina, Angiography, Vessels, Ischemia, Dyslipidemia, AFib",cluster,cardiovascular,6,0.7297436957420422,0.7158860666568786,0.013857629085163636,0.851460221550856,0.8443007301107754,0.007159491440080545,0.7808383535993896,0.7701863384715649,0.010652015127824654,0.16285424871514578,0.16814591804118995,0.005291669326044163,-0.006875953118826261,0.03467844168538593,1.0193573107937097,0.9905965319469733,1.0491787001020885,2000
diverse,voting,"LogisticRegression,XGBoost,MLP",sigmoid,models/predictive_sensitivity/h10_CV17_diverse.joblib,sigmoid,17,0.41999999999999993,saved voting threshold (also applied to raw),10,CV17,"cluster 5: Angina, Angiography, Vessels, Ischemia, Dyslipidemia, AFib",cluster,cardiovascular,6,0.7637361795963371,0.7535145698028622,0.010221609793474862,0.851460221550856,0.8443007301107754,0.007159491440080545,0.7808383535993896,0.7701863384715649,0.010652015127824654,0.15192518816747258,0.15408347977568754,0.0021582916082149572,-0.010428496454570679,0.03149102961430382,1.0135652450571049,0.9863508979827359,1.042324444903022,2000
paper,voting,"LogisticRegression,RandomForest,AdaBoost",raw,models/final_h10_CV17_paper.joblib,raw_fixed,18,0.5,fixed 0.5,10,CV17,"cluster 5: Angina, Angiography, Vessels, Ischemia, Dyslipidemia, AFib",cluster,cardiovascular,6,0.7519248355968413,0.7625061613876027,-0.010581325790761431,0.854607250755287,0.8475106998992951,0.007096550855991923,0.7846424063474804,0.7733172185835554,0.011325187763924993,0.16999859899443961,0.17172353080243852,0.0017249318079989029,-0.0336592744142099,0.012346235823756133,0.9861229635554608,0.9565021401038433,1.0163664302849533,2000
paper,voting,"LogisticRegression,RandomForest,AdaBoost",raw,models/final_h10_CV17_paper.joblib,raw_threshold,18,0.37999999999999995,saved voting threshold (also applied to raw),10,CV17,"cluster 5: Angina, Angiography, Vessels, Ischemia, Dyslipidemia, AFib",cluster,cardiovascular,6,0.6995935360896781,0.7050694281696743,-0.005475892079996214,0.854607250755287,0.8475106998992951,0.007096550855991923,0.7846424063474804,0.7733172185835554,0.011325187763924993,0.16999859899443961,0.17172353080243852,0.0017249318079989029,-0.02457111854731787,0.01336161893396258,0.9922335420297383,0.9654450738087235,1.0190387299001178,2000
paper,voting,"LogisticRegression,RandomForest,AdaBoost",sigmoid,models/final_h10_CV17_paper.joblib,sigmoid,19,0.37999999999999995,saved voting threshold (also applied to raw),10,CV17,"cluster 5: Angina, Angiography, Vessels, Ischemia, Dyslipidemia, AFib",cluster,cardiovascular,6,0.7533623828117632,0.7575224629767994,-0.004160080165036217,0.854607250755287,0.8475106998992951,0.007096550855991923,0.7846424063474804,0.7733172185835554,0.011325187763924993,0.1495675138032824,0.15277562933933078,0.0032081155360483837,-0.024699606813361842,0.017223720331935248,0.9945083078478114,0.9675765124520416,1.0230873108969205,2000
own,stacking,"KNeighbors,AdaBoost,MLP,GradientBoosting",raw,models/stacking_sensitivity/h10_CV17_own.joblib,raw_fixed,20,0.5,fixed 0.5,10,CV17,"cluster 5: Angina, Angiography, Vessels, Ischemia, Dyslipidemia, AFib",cluster,cardiovascular,6,0.7759907263689412,0.7640424092036995,0.011948317165241695,0.8577070745216515,0.8496821500503524,0.0080249244712991,0.7904569354382537,0.779020481179709,0.01143645425854467,0.14760090704816692,0.15055857661234556,0.0029576695641786444,-0.0126437654918047,0.036508070593804884,1.015638290520672,0.9834998715333987,1.0483882853807307,2000
own,stacking,"KNeighbors,AdaBoost,MLP,GradientBoosting",raw,models/stacking_sensitivity/h10_CV17_own.joblib,raw_threshold,20,0.49999999999999994,saved stacking threshold,10,CV17,"cluster 5: Angina, Angiography, Vessels, Ischemia, Dyslipidemia, AFib",cluster,cardiovascular,6,0.7759907263689412,0.7640424092036995,0.011948317165241695,0.8577070745216515,0.8496821500503524,0.0080249244712991,0.7904569354382537,0.779020481179709,0.01143645425854467,0.14760090704816692,0.15055857661234556,0.0029576695641786444,-0.0126437654918047,0.036508070593804884,1.015638290520672,0.9834998715333987,1.0483882853807307,2000
own,stacking,"KNeighbors,AdaBoost,MLP,GradientBoosting",sigmoid,models/stacking_sensitivity/h10_CV17_own.joblib,sigmoid,21,0.5199999999999999,saved stacking threshold,10,CV17,"cluster 5: Angina, Angiography, Vessels, Ischemia, Dyslipidemia, AFib",cluster,cardiovascular,6,0.7759907263689412,0.7640424092036995,0.011948317165241695,0.8577070745216515,0.8496821500503524,0.0080249244712991,0.7904569354382537,0.779020481179709,0.01143645425854467,0.14958529410436117,0.15156050288447512,0.0019752087801139517,-0.0126437654918047,0.036508070593804884,1.015638290520672,0.9834998715333987,1.0483882853807307,2000
own,stacking,"KNeighbors,AdaBoost,MLP,GradientBoosting",isotonic,models/stacking_sensitivity/h10_CV17_own.joblib,isotonic,22,0.38999999999999996,saved stacking threshold,10,CV17,"cluster 5: Angina, Angiography, Vessels, Ischemia, Dyslipidemia, AFib",cluster,cardiovascular,6,0.7741796200345423,0.7604387656702025,0.013740854364339805,0.8558896651560927,0.846495782980866,0.009393882175226631,0.7534450788009935,0.7469065832891412,0.006538495511852371,0.149993585678844,0.15373903027514588,0.0037454445963018834,-0.009553355782434844,0.03793225721795302,1.0180696395090136,0.9876341954815422,1.0508194430641513,2000
paper,stacking,"LogisticRegression,RandomForest,AdaBoost",raw,models/stacking_sensitivity/h10_CV17_paper.joblib,raw_fixed,23,0.5,fixed 0.5,10,CV17,"cluster 5: Angina, Angiography, Vessels, Ischemia, Dyslipidemia, AFib",cluster,cardiovascular,6,0.7651549169286036,0.748318741533049,0.016836175395554598,0.8525931520644512,0.8443164652567976,0.008276686807653588,0.7815738730148766,0.7671442958186164,0.014429577196260146,0.15167901735688322,0.15487901001695775,0.0031999926600745354,-0.00956554980647441,0.04423966221135553,1.0224986686302457,0.9873574087417787,1.06069069789944,2000
paper,stacking,"LogisticRegression,RandomForest,AdaBoost",raw,models/stacking_sensitivity/h10_CV17_paper.joblib,raw_threshold,23,0.36999999999999994,saved stacking threshold,10,CV17,"cluster 5: Angina, Angiography, Vessels, Ischemia, Dyslipidemia, AFib",cluster,cardiovascular,6,0.7487032419896108,0.7449791241276323,0.00372411786197846,0.8525931520644512,0.8443164652567976,0.008276686807653588,0.7815738730148766,0.7671442958186164,0.014429577196260146,0.15167901735688322,0.15487901001695775,0.0031999926600745354,-0.017574159229268103,0.02536706479651803,1.0049989559993904,0.9766265745433638,1.034240339093377,2000
paper,stacking,"LogisticRegression,RandomForest,AdaBoost",sigmoid,models/stacking_sensitivity/h10_CV17_paper.joblib,sigmoid,24,0.36999999999999994,saved stacking threshold,10,CV17,"cluster 5: Angina, Angiography, Vessels, Ischemia, Dyslipidemia, AFib",cluster,cardiovascular,6,0.7504997728305316,0.7405753968253967,0.00992437600513485,0.8525931520644512,0.8443164652567976,0.008276686807653588,0.7815738730148766,0.7671442958186164,0.014429577196260146,0.1504017806918913,0.1542531350330781,0.0038513543411868023,-0.01100699561476321,0.03181717754241419,1.0134008988790033,0.9852500155675347,1.0441805944001652,2000
paper,stacking,"LogisticRegression,RandomForest,AdaBoost",isotonic,models/stacking_sensitivity/h10_CV17_paper.joblib,isotonic,25,0.5099999999999999,saved stacking threshold,10,CV17,"cluster 5: Angina, Angiography, Vessels, Ischemia, Dyslipidemia, AFib",cluster,cardiovascular,6,0.7679066363551431,0.7465348454007947,0.02137179095434838,0.8518850704934542,0.8456067472306144,0.0062783232628398356,0.7644245964899069,0.7483334796361826,0.01609111685372433,0.15143233036566903,0.1547722205112718,0.003339890145602764,-0.004464022018206942,0.048972274151803524,1.0286279884803964,0.9939830222078916,1.0673298993820648,2000
LogisticRegression,individual,LogisticRegression,raw,Cached fitted individual; sigmoid fitted to cached training OOF,raw_fixed,0,0.5,fixed 0.5,10,CV17,"cluster 6: Previous_CABG, Previous_PCI, Previous_MI, PostIsch_DCM, LVEF",cluster,cardiovascular,5,0.7415237771867278,0.7166278298759117,0.024895947310816124,0.8471330563947633,0.8077007804632427,0.039432275931520655,0.7757131798023779,0.7337079305883848,0.04200524921399307,0.18103363507285933,0.19976268346381443,0.0187290483909551,-0.008731043438883717,0.06241359300326656,1.0347404137446448,0.9882679575497026,1.0897915523250241,2000
LogisticRegression,individual,LogisticRegression,raw,Cached fitted individual; sigmoid fitted to cached training OOF,raw_threshold,0,0.5299999999999999,own validation,10,CV17,"cluster 6: Previous_CABG, Previous_PCI, Previous_MI, PostIsch_DCM, LVEF",cluster,cardiovascular,5,0.7638589274068128,0.7108491842232182,0.05300974318359464,0.8471330563947633,0.8077007804632427,0.039432275931520655,0.7757131798023779,0.7337079305883848,0.04200524921399307,0.18103363507285933,0.19976268346381443,0.0187290483909551,0.015663824302979395,0.09067748373872402,1.0745724189604595,1.0213665200084128,1.1321014314985172,2000
LogisticRegression,individual,LogisticRegression,sigmoid,Cached fitted individual; sigmoid fitted to cached training OOF,sigmoid,1,0.4599999999999999,own validation,10,CV17,"cluster 6: Previous_CABG, Previous_PCI, Previous_MI, PostIsch_DCM, LVEF",cluster,cardiovascular,5,0.7652167182662539,0.7089455923272749,0.05627112593897898,0.8471330563947633,0.8077007804632427,0.039432275931520655,0.7757131798023779,0.7337079305883848,0.04200524921399307,0.15425405915056228,0.16834789785514562,0.014093838704583334,0.01579628644654313,0.094552975128719,1.079372982282401,1.0215206641006898,1.1383851666714435,2000
SVC,individual,SVC,raw,Cached fitted individual; sigmoid fitted to cached training OOF,raw_fixed,2,0.5,fixed 0.5,10,CV17,"cluster 6: Previous_CABG, Previous_PCI, Previous_MI, PostIsch_DCM, LVEF",cluster,cardiovascular,5,0.7626151994158625,0.6882939812546944,0.0743212181611681,0.8393126888217523,0.7947507552870091,0.04456193353474314,0.7721765117413423,0.7178889759913648,0.05428753574997747,0.15858315788350594,0.17394213973603326,0.01535898185252732,0.03328542823723075,0.11776508248133076,1.107978887198298,1.0469888623972088,1.1772084870967845,2000
SVC,individual,SVC,raw,Cached fitted individual; sigmoid fitted to cached training OOF,raw_threshold,2,0.5299999999999999,own validation,10,CV17,"cluster 6: Previous_CABG, Previous_PCI, Previous_MI, PostIsch_DCM, LVEF",cluster,cardiovascular,5,0.7496889059060017,0.6915453880914407,0.05814351781456095,0.8393126888217523,0.7947507552870091,0.04456193353474314,0.7721765117413423,0.7178889759913648,0.05428753574997747,0.15858315788350594,0.17394213973603326,0.01535898185252732,0.01820111740166963,0.09932418948968656,1.0840776597108517,1.0253847070378352,1.150869149264148,2000
SVC,individual,SVC,sigmoid,Cached fitted individual; sigmoid fitted to cached training OOF,sigmoid,3,0.5099999999999999,own validation,10,CV17,"cluster 6: Previous_CABG, Previous_PCI, Previous_MI, PostIsch_DCM, LVEF",cluster,cardiovascular,5,0.7472975940900469,0.6896583425266607,0.05763925156338623,0.8393126888217523,0.7947507552870091,0.04456193353474314,0.7721765117413423,0.7178889759913648,0.05428753574997747,0.15664990147668506,0.1735209953529821,0.01687109387629704,0.01686551297711132,0.09839068411357234,1.0835765305937093,1.0240824330179836,1.1502764998949617,2000
KNeighbors,individual,KNeighbors,raw,Cached fitted individual; sigmoid fitted to cached training OOF,raw_fixed,4,0.5,fixed 0.5,10,CV17,"cluster 6: Previous_CABG, Previous_PCI, Previous_MI, PostIsch_DCM, LVEF",cluster,cardiovascular,5,0.7465134459036898,0.692563926716959,0.053949519186730854,0.8171576032225579,0.7871664149043303,0.02999118831822767,0.7296944174064324,0.6854054345161829,0.04428898289024952,0.16746745459592483,0.1776558580659472,0.010188403470022367,0.018184671506977654,0.09142993377299743,1.0778982518516003,1.0257723376890187,1.138324463610933,2000
KNeighbors,individual,KNeighbors,raw,Cached fitted individual; sigmoid fitted to cached training OOF,raw_threshold,4,0.5299999999999999,own validation,10,CV17,"cluster 6: Previous_CABG, Previous_PCI, Previous_MI, PostIsch_DCM, LVEF",cluster,cardiovascular,5,0.7305899970050913,0.678054786088027,0.05253521091706426,0.8171576032225579,0.7871664149043303,0.02999118831822767,0.7296944174064324,0.6854054345161829,0.04428898289024952,0.16746745459592483,0.1776558580659472,0.010188403470022367,0.012357171946579837,0.09413637887915655,1.0774793010755976,1.01764043192607,1.1444249284108146,2000
KNeighbors,individual,KNeighbors,sigmoid,Cached fitted individual; sigmoid fitted to cached training OOF,sigmoid,5,0.4799999999999999,own validation,10,CV17,"cluster 6: Previous_CABG, Previous_PCI, Previous_MI, PostIsch_DCM, LVEF",cluster,cardiovascular,5,0.7305899970050913,0.678054786088027,0.05253521091706426,0.8171576032225579,0.7871664149043303,0.02999118831822767,0.7296944174064324,0.6854054345161829,0.04428898289024952,0.16492534254057886,0.1787873472543664,0.01386200471378754,0.012357171946579837,0.09413637887915655,1.0774793010755976,1.01764043192607,1.1444249284108146,2000
RandomForest,individual,RandomForest,raw,Cached fitted individual; sigmoid fitted to cached training OOF,raw_fixed,6,0.5,fixed 0.5,10,CV17,"cluster 6: Previous_CABG, Previous_PCI, Previous_MI, PostIsch_DCM, LVEF",cluster,cardiovascular,5,0.7497493620123952,0.7285740148452116,0.02117534716718361,0.8513500755287009,0.8157021022155085,0.03564797331319236,0.7772464964925739,0.728188613376371,0.04905788311620296,0.15518350287581242,0.16814925389049895,0.012965751014686527,-0.01655134400570664,0.05725132055365256,1.0290640988227975,0.9776591850238987,1.081107257036346,2000
RandomForest,individual,RandomForest,raw,Cached fitted individual; sigmoid fitted to cached training OOF,raw_threshold,6,0.5399999999999999,own validation,10,CV17,"cluster 6: Previous_CABG, Previous_PCI, Previous_MI, PostIsch_DCM, LVEF",cluster,cardiovascular,5,0.7534066687708716,0.7097909626979395,0.04361570607293208,0.8513500755287009,0.8157021022155085,0.03564797331319236,0.7772464964925739,0.728188613376371,0.04905788311620296,0.15518350287581242,0.16814925389049895,0.012965751014686527,0.004393756579486444,0.08160741625921047,1.0614486635715215,1.006197052041647,1.1194890766923389,2000
RandomForest,individual,RandomForest,sigmoid,Cached fitted individual; sigmoid fitted to cached training OOF,sigmoid,7,0.4799999999999999,own validation,10,CV17,"cluster 6: Previous_CABG, Previous_PCI, Previous_MI, PostIsch_DCM, LVEF",cluster,cardiovascular,5,0.7534066687708716,0.7097909626979395,0.04361570607293208,0.8513500755287009,0.8157021022155085,0.03564797331319236,0.7772464964925739,0.728188613376371,0.04905788311620296,0.15088959421792228,0.16550840514260348,0.014618810924681203,0.004393756579486444,0.08160741625921047,1.0614486635715215,1.006197052041647,1.1194890766923389,2000
AdaBoost,individual,AdaBoost,raw,Cached fitted individual; sigmoid fitted to cached training OOF,raw_fixed,8,0.5,fixed 0.5,10,CV17,"cluster 6: Previous_CABG, Previous_PCI, Previous_MI, PostIsch_DCM, LVEF",cluster,cardiovascular,5,0.7278999276149114,0.7106843685791053,0.01721555903580607,0.850547583081571,0.8023665659617322,0.0481810171198388,0.783316089867566,0.7195491619382435,0.06376692792932248,0.19056556716525275,0.20689828132672392,0.016332714161471168,-0.01740434010767893,0.0527014988492241,1.0242239168285434,0.9758016052180155,1.0760047620997708,2000
AdaBoost,individual,AdaBoost,raw,Cached fitted individual; sigmoid fitted to cached training OOF,raw_threshold,8,0.5299999999999999,own validation,10,CV17,"cluster 6: Previous_CABG, Previous_PCI, Previous_MI, PostIsch_DCM, LVEF",cluster,cardiovascular,5,0.7667436307303692,0.6985640417613543,0.06817958896901488,0.850547583081571,0.8023665659617322,0.0481810171198388,0.783316089867566,0.7195491619382435,0.06376692792932248,0.19056556716525275,0.20689828132672392,0.016332714161471168,0.02939919428640994,0.10712206996432876,1.0975996256507956,1.0406875645543259,1.159827487627302,2000
AdaBoost,individual,AdaBoost,sigmoid,Cached fitted individual; sigmoid fitted to cached training OOF,sigmoid,9,0.4699999999999999,own validation,10,CV17,"cluster 6: Previous_CABG, Previous_PCI, Previous_MI, PostIsch_DCM, LVEF",cluster,cardiovascular,5,0.7618621447636992,0.6985640417613543,0.06329810300234484,0.850547583081571,0.8023665659617322,0.0481810171198388,0.783316089867566,0.7195491619382435,0.06376692792932248,0.14988257243690048,0.17005840766287184,0.020175835225971356,0.02418757785893842,0.10417526016307423,1.0906117395375026,1.033921814356582,1.1562619362209368,2000
MLP,individual,MLP,raw,Cached fitted individual; sigmoid fitted to cached training OOF,raw_fixed,10,0.5,fixed 0.5,10,CV17,"cluster 6: Previous_CABG, Previous_PCI, Previous_MI, PostIsch_DCM, LVEF",cluster,cardiovascular,5,0.7439864303359403,0.7182335012376191,0.025752929098321165,0.8505633182275931,0.8118863293051359,0.03867698892245719,0.7746309573457957,0.7335572975026903,0.0410736598431054,0.16257933993386675,0.1808337460634423,0.018254406129575546,-0.00765909938764463,0.06244947299818844,1.0358559285440532,0.9892854336716572,1.0905495627861612,2000
MLP,individual,MLP,raw,Cached fitted individual; sigmoid fitted to cached training OOF,raw_threshold,10,0.63,own validation,10,CV17,"cluster 6: Previous_CABG, Previous_PCI, Previous_MI, PostIsch_DCM, LVEF",cluster,cardiovascular,5,0.7579402910681863,0.7197122255424191,0.038228065525767185,0.8505633182275931,0.8118863293051359,0.03867698892245719,0.7746309573457957,0.7335572975026903,0.0410736598431054,0.16257933993386675,0.1808337460634423,0.018254406129575546,0.0027577711900599075,0.07650671252388276,1.0531157651198104,1.003622745954038,1.110545910129762,2000
MLP,individual,MLP,sigmoid,Cached fitted individual; sigmoid fitted to cached training OOF,sigmoid,11,0.5199999999999999,own validation,10,CV17,"cluster 6: Previous_CABG, Previous_PCI, Previous_MI, PostIsch_DCM, LVEF",cluster,cardiovascular,5,0.7602813339655445,0.7179655601642927,0.042315773801251844,0.8505633182275931,0.8118863293051359,0.03867698892245719,0.7746309573457957,0.7335572975026903,0.0410736598431054,0.15285191720214764,0.167178303392538,0.014326386190390367,0.005936104485155533,0.08131369935314436,1.0589384451693877,1.0078904885811937,1.11699661998687,2000
GradientBoosting,individual,GradientBoosting,raw,Cached fitted individual; sigmoid fitted to cached training OOF,raw_fixed,12,0.5,fixed 0.5,10,CV17,"cluster 6: Previous_CABG, Previous_PCI, Previous_MI, PostIsch_DCM, LVEF",cluster,cardiovascular,5,0.7407624369142034,0.7454574951330305,-0.004695058218827097,0.8645675981873112,0.8238450402819738,0.04072255790533741,0.7999174922847669,0.7406142504850336,0.05930324179973334,0.15560823441899102,0.1649243901962247,0.009316155777233687,-0.03866131581234375,0.0280083032117588,0.9937017760912187,0.9494458229794511,1.0383609757457857,2000
GradientBoosting,individual,GradientBoosting,raw,Cached fitted individual; sigmoid fitted to cached training OOF,raw_threshold,12,0.5099999999999999,own validation,10,CV17,"cluster 6: Previous_CABG, Previous_PCI, Previous_MI, PostIsch_DCM, LVEF",cluster,cardiovascular,5,0.7443600541434803,0.7475475693687521,-0.003187515225271831,0.8645675981873112,0.8238450402819738,0.04072255790533741,0.7999174922847669,0.7406142504850336,0.05930324179973334,0.15560823441899102,0.1649243901962247,0.009316155777233687,-0.038756195466882776,0.030816858725309832,0.9957360369347954,0.9498728056074709,1.0420824574590046,2000
GradientBoosting,individual,GradientBoosting,sigmoid,Cached fitted individual; sigmoid fitted to cached training OOF,sigmoid,13,0.38999999999999996,own validation,10,CV17,"cluster 6: Previous_CABG, Previous_PCI, Previous_MI, PostIsch_DCM, LVEF",cluster,cardiovascular,5,0.7425610503019167,0.7503269901767105,-0.0077659398747937924,0.8645675981873112,0.8238450402819738,0.04072255790533741,0.7999174922847669,0.7406142504850336,0.05930324179973334,0.14465563933665498,0.16121147195492008,0.0165558326182651,-0.041466595410880755,0.025630059738549857,0.9896499259969779,0.9453248111001659,1.035332063290385,2000
XGBoost,individual,XGBoost,raw,Cached fitted individual; sigmoid fitted to cached training OOF,raw_fixed,14,0.5,fixed 0.5,10,CV17,"cluster 6: Previous_CABG, Previous_PCI, Previous_MI, PostIsch_DCM, LVEF",cluster,cardiovascular,5,0.7547437407784424,0.7143438193629359,0.04039992141550652,0.85024861530715,0.8122325025176234,0.03801611278952666,0.783435842859641,0.7394655964119576,0.043970246447683325,0.1583200271760983,0.17519826510986114,0.016878237933762835,0.002842355935500585,0.07808199982774548,1.0565552893724703,1.003860400728396,1.1125691880272162,2000
XGBoost,individual,XGBoost,raw,Cached fitted individual; sigmoid fitted to cached training OOF,raw_threshold,14,0.5299999999999999,own validation,10,CV17,"cluster 6: Previous_CABG, Previous_PCI, Previous_MI, PostIsch_DCM, LVEF",cluster,cardiovascular,5,0.7656592812335836,0.7152468951813215,0.05041238605226217,0.85024861530715,0.8122325025176234,0.03801611278952666,0.783435842859641,0.7394655964119576,0.043970246447683325,0.1583200271760983,0.17519826510986114,0.016878237933762835,0.01321082864363173,0.08779678322462878,1.0704824954737933,1.0178886619429142,1.1268148371295559,2000
XGBoost,individual,XGBoost,sigmoid,Cached fitted individual; sigmoid fitted to cached training OOF,sigmoid,15,0.4599999999999999,own validation,10,CV17,"cluster 6: Previous_CABG, Previous_PCI, Previous_MI, PostIsch_DCM, LVEF",cluster,cardiovascular,5,0.7602627068045684,0.7135042870752619,0.0467584197293065,0.85024861530715,0.8122325025176234,0.03801611278952666,0.783435842859641,0.7394655964119576,0.043970246447683325,0.15047228134058788,0.16573796738452515,0.015265686043937271,0.01023826002018351,0.08465822938049396,1.065533481124514,1.0138430368983624,1.1236906516910716,2000
diverse,voting,"LogisticRegression,XGBoost,MLP",raw,models/predictive_sensitivity/h10_CV17_diverse.joblib,raw_fixed,16,0.5,fixed 0.5,10,CV17,"cluster 6: Previous_CABG, Previous_PCI, Previous_MI, PostIsch_DCM, LVEF",cluster,cardiovascular,5,0.7519248355968413,0.7254906435417617,0.026434192055079575,0.851460221550856,0.8135857250755287,0.03787449647532726,0.7808383535993896,0.7391110692678655,0.04172728433152406,0.16285424871514578,0.1811557890016902,0.018301540286544404,-0.00618780415809455,0.062326686932336554,1.036436296305671,0.9917100889201373,1.0886490286019046,2000
diverse,voting,"LogisticRegression,XGBoost,MLP",raw,models/predictive_sensitivity/h10_CV17_diverse.joblib,raw_threshold,16,0.41999999999999993,saved voting threshold (also applied to raw),10,CV17,"cluster 6: Previous_CABG, Previous_PCI, Previous_MI, PostIsch_DCM, LVEF",cluster,cardiovascular,5,0.7297436957420422,0.6958406949352178,0.0339030008068244,0.851460221550856,0.8135857250755287,0.03787449647532726,0.7808383535993896,0.7391110692678655,0.04172728433152406,0.16285424871514578,0.1811557890016902,0.018301540286544404,0.0025963115757215048,0.06683647669581179,1.048722359950478,1.0037728803122368,1.0994873280502935,2000
diverse,voting,"LogisticRegression,XGBoost,MLP",sigmoid,models/predictive_sensitivity/h10_CV17_diverse.joblib,sigmoid,17,0.41999999999999993,saved voting threshold (also applied to raw),10,CV17,"cluster 6: Previous_CABG, Previous_PCI, Previous_MI, PostIsch_DCM, LVEF",cluster,cardiovascular,5,0.7637361795963371,0.726262315270936,0.03747386432540112,0.851460221550856,0.8135857250755287,0.03787449647532726,0.7808383535993896,0.7391110692678655,0.04172728433152406,0.15192518816747258,0.16599371319989192,0.014068525032419343,0.00258858534179951,0.0743082718760801,1.0515982497472987,1.0035197693249378,1.1056355397209177,2000
paper,voting,"LogisticRegression,RandomForest,AdaBoost",raw,models/final_h10_CV17_paper.joblib,raw_fixed,18,0.5,fixed 0.5,10,CV17,"cluster 6: Previous_CABG, Previous_PCI, Previous_MI, PostIsch_DCM, LVEF",cluster,cardiovascular,5,0.7519248355968413,0.7307778454525806,0.02114699014426069,0.854607250755287,0.8159145266868076,0.038692724068479345,0.7846424063474804,0.7369527596464535,0.04768964670102693,0.16999859899443961,0.18664317769034708,0.016644578695907464,-0.013991577316510694,0.05762336418166592,1.0289376453813595,0.9815697006078145,1.081134333503474,2000
paper,voting,"LogisticRegression,RandomForest,AdaBoost",raw,models/final_h10_CV17_paper.joblib,raw_threshold,18,0.37999999999999995,saved voting threshold (also applied to raw),10,CV17,"cluster 6: Previous_CABG, Previous_PCI, Previous_MI, PostIsch_DCM, LVEF",cluster,cardiovascular,5,0.6995935360896781,0.6539196940726577,0.045673842017020405,0.854607250755287,0.8159145266868076,0.038692724068479345,0.7846424063474804,0.7369527596464535,0.04768964670102693,0.16999859899443961,0.18664317769034708,0.016644578695907464,0.013340442838825248,0.07902855871483035,1.0698462554821686,1.0195002967943667,1.1246755187853752,2000
paper,voting,"LogisticRegression,RandomForest,AdaBoost",sigmoid,models/final_h10_CV17_paper.joblib,sigmoid,19,0.37999999999999995,saved voting threshold (also applied to raw),10,CV17,"cluster 6: Previous_CABG, Previous_PCI, Previous_MI, PostIsch_DCM, LVEF",cluster,cardiovascular,5,0.7533623828117632,0.732319002419505,0.02104338039225817,0.854607250755287,0.8159145266868076,0.038692724068479345,0.7846424063474804,0.7369527596464535,0.04768964670102693,0.1495675138032824,0.16455187585596462,0.01498436205268222,-0.015807977075506026,0.056553234718360566,1.0287352647176067,0.9790642136526347,1.0799258980167579,2000
own,stacking,"KNeighbors,AdaBoost,MLP,GradientBoosting",raw,models/stacking_sensitivity/h10_CV17_own.joblib,raw_fixed,20,0.5,fixed 0.5,10,CV17,"cluster 6: Previous_CABG, Previous_PCI, Previous_MI, PostIsch_DCM, LVEF",cluster,cardiovascular,5,0.7759907263689412,0.7211131478086985,0.05487757856024267,0.8577070745216515,0.8203361027190332,0.03737097180261828,0.7904569354382537,0.7418298981133457,0.04862703732490803,0.14760090704816692,0.1625785372266774,0.014977630178510476,0.01599265181206027,0.09271621137889648,1.0761012037112392,1.0211518780885211,1.134852318325299,2000
own,stacking,"KNeighbors,AdaBoost,MLP,GradientBoosting",raw,models/stacking_sensitivity/h10_CV17_own.joblib,raw_threshold,20,0.49999999999999994,saved stacking threshold,10,CV17,"cluster 6: Previous_CABG, Previous_PCI, Previous_MI, PostIsch_DCM, LVEF",cluster,cardiovascular,5,0.7759907263689412,0.7211131478086985,0.05487757856024267,0.8577070745216515,0.8203361027190332,0.03737097180261828,0.7904569354382537,0.7418298981133457,0.04862703732490803,0.14760090704816692,0.1625785372266774,0.014977630178510476,0.01599265181206027,0.09271621137889648,1.0761012037112392,1.0211518780885211,1.134852318325299,2000
own,stacking,"KNeighbors,AdaBoost,MLP,GradientBoosting",sigmoid,models/stacking_sensitivity/h10_CV17_own.joblib,sigmoid,21,0.5199999999999999,saved stacking threshold,10,CV17,"cluster 6: Previous_CABG, Previous_PCI, Previous_MI, PostIsch_DCM, LVEF",cluster,cardiovascular,5,0.7759907263689412,0.7211131478086985,0.05487757856024267,0.8577070745216515,0.8203361027190332,0.03737097180261828,0.7904569354382537,0.7418298981133457,0.04862703732490803,0.14958529410436117,0.1628629589031801,0.013277664798818922,0.01599265181206027,0.09271621137889648,1.0761012037112392,1.0211518780885211,1.134852318325299,2000
own,stacking,"KNeighbors,AdaBoost,MLP,GradientBoosting",isotonic,models/stacking_sensitivity/h10_CV17_own.joblib,isotonic,22,0.38999999999999996,saved stacking threshold,10,CV17,"cluster 6: Previous_CABG, Previous_PCI, Previous_MI, PostIsch_DCM, LVEF",cluster,cardiovascular,5,0.7741796200345423,0.7263008373205742,0.04787878271396817,0.8558896651560927,0.8164809919436052,0.03940867321248742,0.7534450788009935,0.7098555222719866,0.04358955652900698,0.149993585678844,0.16453094921000988,0.014537363531165887,0.00935729592703623,0.08506697676621404,1.0659214202348983,1.0124801997384798,1.1222220541196934,2000
paper,stacking,"LogisticRegression,RandomForest,AdaBoost",raw,models/stacking_sensitivity/h10_CV17_paper.joblib,raw_fixed,23,0.5,fixed 0.5,10,CV17,"cluster 6: Previous_CABG, Previous_PCI, Previous_MI, PostIsch_DCM, LVEF",cluster,cardiovascular,5,0.7651549169286036,0.7216809667277968,0.0434739502008068,0.8525931520644512,0.8163393756294058,0.03625377643504535,0.7815738730148766,0.7362746866133826,0.045299186401493996,0.15167901735688322,0.16480294072258245,0.01312392336569923,0.00401708581390533,0.08220899197802128,1.0602398458669677,1.0054219877937451,1.1180482044582625,2000
paper,stacking,"LogisticRegression,RandomForest,AdaBoost",raw,models/stacking_sensitivity/h10_CV17_paper.joblib,raw_threshold,23,0.36999999999999994,saved stacking threshold,10,CV17,"cluster 6: Previous_CABG, Previous_PCI, Previous_MI, PostIsch_DCM, LVEF",cluster,cardiovascular,5,0.7487032419896108,0.7388053967668573,0.009897845222753499,0.8525931520644512,0.8163393756294058,0.03625377643504535,0.7815738730148766,0.7362746866133826,0.045299186401493996,0.15167901735688322,0.16480294072258245,0.01312392336569923,-0.02451326873203817,0.04441971448309383,1.0133970938302133,0.9676106883882494,1.0617569528104776,2000
paper,stacking,"LogisticRegression,RandomForest,AdaBoost",sigmoid,models/stacking_sensitivity/h10_CV17_paper.joblib,sigmoid,24,0.36999999999999994,saved stacking threshold,10,CV17,"cluster 6: Previous_CABG, Previous_PCI, Previous_MI, PostIsch_DCM, LVEF",cluster,cardiovascular,5,0.7504997728305316,0.7388053967668573,0.011694376063674294,0.8525931520644512,0.8163393756294058,0.03625377643504535,0.7815738730148766,0.7362746866133826,0.045299186401493996,0.1504017806918913,0.16447029273013475,0.014068512038243441,-0.022770560672889403,0.04638840036960399,1.0158287637243189,0.969704398934858,1.0647391530540227,2000
paper,stacking,"LogisticRegression,RandomForest,AdaBoost",isotonic,models/stacking_sensitivity/h10_CV17_paper.joblib,isotonic,25,0.5099999999999999,saved stacking threshold,10,CV17,"cluster 6: Previous_CABG, Previous_PCI, Previous_MI, PostIsch_DCM, LVEF",cluster,cardiovascular,5,0.7679066363551431,0.7154654410809407,0.052441195274202435,0.8518850704934542,0.8132867573011078,0.03859831319234641,0.7644245964899069,0.7139672467410311,0.050457349748875835,0.15143233036566903,0.1657694286775165,0.014337098311847485,0.012876048418625531,0.09111381884609461,1.073296615410205,1.017350236337731,1.1309511656591678,2000
LogisticRegression,individual,LogisticRegression,raw,Cached fitted individual; sigmoid fitted to cached training OOF,raw_fixed,0,0.5,fixed 0.5,10,CV17,cluster 7: Acute_MI,cluster,cardiovascular,1,0.7415237771867278,0.735043704443033,0.006480072743694776,0.8471330563947633,0.8468655589123867,0.00026749748237664406,0.7757131798023779,0.7732333797668819,0.0024798000354959715,0.18103363507285933,0.18136480450484718,0.0003311694319878544,-0.0031134667788355413,0.016834560567564324,1.008815901292026,0.9957891874462925,1.023311971090865,2000
LogisticRegression,individual,LogisticRegression,raw,Cached fitted individual; sigmoid fitted to cached training OOF,raw_threshold,0,0.5299999999999999,own validation,10,CV17,cluster 7: Acute_MI,cluster,cardiovascular,1,0.7638589274068128,0.7575785667933623,0.0062803606134504975,0.8471330563947633,0.8468655589123867,0.00026749748237664406,0.7757131798023779,0.7732333797668819,0.0024798000354959715,0.18103363507285933,0.18136480450484718,0.0003311694319878544,-0.003245077104368349,0.0164728137064781,1.0082900452688803,0.9957191291280556,1.0220651244118903,2000
LogisticRegression,individual,LogisticRegression,sigmoid,Cached fitted individual; sigmoid fitted to cached training OOF,sigmoid,1,0.4599999999999999,own validation,10,CV17,cluster 7: Acute_MI,cluster,cardiovascular,1,0.7652167182662539,0.7629661479820107,0.0022505702842432473,0.8471330563947633,0.8468655589123867,0.00026749748237664406,0.7757131798023779,0.7732333797668819,0.0024798000354959715,0.15425405915056228,0.1545889637814541,0.000334904630891808,-0.005449129929868379,0.010523829775557426,1.0029497642722365,0.9928949060952295,1.0139999274479272,2000
SVC,individual,SVC,raw,Cached fitted individual; sigmoid fitted to cached training OOF,raw_fixed,2,0.5,fixed 0.5,10,CV17,cluster 7: Acute_MI,cluster,cardiovascular,1,0.7626151994158625,0.7584867681013557,0.0041284313145067975,0.8393126888217523,0.8416965634441088,-0.0023838746223565632,0.7721765117413423,0.7698317456274063,0.00234476611393597,0.15858315788350594,0.15738509969941034,-0.0011980581840956017,-0.010225868963145531,0.019124761074969555,1.0054429839624508,0.9866289515034675,1.0254715800398004,2000
SVC,individual,SVC,raw,Cached fitted individual; sigmoid fitted to cached training OOF,raw_threshold,2,0.5299999999999999,own validation,10,CV17,cluster 7: Acute_MI,cluster,cardiovascular,1,0.7496889059060017,0.7586408928019648,-0.008951986895963104,0.8393126888217523,0.8416965634441088,-0.0023838746223565632,0.7721765117413423,0.7698317456274063,0.00234476611393597,0.15858315788350594,0.15738509969941034,-0.0011980581840956017,-0.022960258170764018,0.0046810759081584346,0.9881999678887599,0.9699249428433295,1.0062523205215703,2000
SVC,individual,SVC,sigmoid,Cached fitted individual; sigmoid fitted to cached training OOF,sigmoid,3,0.5099999999999999,own validation,10,CV17,cluster 7: Acute_MI,cluster,cardiovascular,1,0.7472975940900469,0.7538229436968198,-0.006525349606772868,0.8393126888217523,0.8416965634441088,-0.0023838746223565632,0.7721765117413423,0.7698317456274063,0.00234476611393597,0.15664990147668506,0.1557820941924816,-0.0008678072842034645,-0.020190855829705586,0.006639051787339391,0.991343657471114,0.9736246553767678,1.0089602944915785,2000
KNeighbors,individual,KNeighbors,raw,Cached fitted individual; sigmoid fitted to cached training OOF,raw_fixed,4,0.5,fixed 0.5,10,CV17,cluster 7: Acute_MI,cluster,cardiovascular,1,0.7465134459036898,0.7455269726614265,0.0009864732422633082,0.8171576032225579,0.819502139979859,-0.0023445367573010634,0.7296944174064324,0.7272600974414538,0.0024343199649785596,0.16746745459592483,0.1658367223049304,-0.0016307322909944189,-0.015266408478342186,0.017043257487280368,1.0013231892050019,0.979627682803662,1.023406428335191,2000
KNeighbors,individual,KNeighbors,raw,Cached fitted individual; sigmoid fitted to cached training OOF,raw_threshold,4,0.5299999999999999,own validation,10,CV17,cluster 7: Acute_MI,cluster,cardiovascular,1,0.7305899970050913,0.734547710354162,-0.003957713349070691,0.8171576032225579,0.819502139979859,-0.0023445367573010634,0.7296944174064324,0.7272600974414538,0.0024343199649785596,0.16746745459592483,0.1658367223049304,-0.0016307322909944189,-0.018473539963501324,0.01102909907822745,0.9946120404525358,0.9747001260596753,1.0154937688296324,2000
KNeighbors,individual,KNeighbors,sigmoid,Cached fitted individual; sigmoid fitted to cached training OOF,sigmoid,5,0.4799999999999999,own validation,10,CV17,cluster 7: Acute_MI,cluster,cardiovascular,1,0.7305899970050913,0.7363156387514167,-0.005725641746325394,0.8171576032225579,0.819502139979859,-0.0023445367573010634,0.7296944174064324,0.7272600974414538,0.0024343199649785596,0.16492534254057886,0.1641646190180163,-0.0007607235225625675,-0.02040438436113925,0.00853661501560429,0.99222393027529,0.972346795945254,1.011869958764094,2000
RandomForest,individual,RandomForest,raw,Cached fitted individual; sigmoid fitted to cached training OOF,raw_fixed,6,0.5,fixed 0.5,10,CV17,cluster 7: Acute_MI,cluster,cardiovascular,1,0.7497493620123952,0.7471727702854446,0.0025765917269505723,0.8513500755287009,0.8512871349446123,6.294058408862213e-05,0.7772464964925739,0.7760390949731847,0.0012074015193892507,0.15518350287581242,0.15497511750241152,-0.0002083853734008989,-0.003641111775518649,0.010481257596877661,1.0034484550687872,0.9951044981790538,1.0140048120697829,2000
RandomForest,individual,RandomForest,raw,Cached fitted individual; sigmoid fitted to cached training OOF,raw_threshold,6,0.5399999999999999,own validation,10,CV17,cluster 7: Acute_MI,cluster,cardiovascular,1,0.7534066687708716,0.7551956562441491,-0.0017889874732774924,0.8513500755287009,0.8512871349446123,6.294058408862213e-05,0.7772464964925739,0.7760390949731847,0.0012074015193892507,0.15518350287581242,0.15497511750241152,-0.0002083853734008989,-0.005449114526214885,0.0,0.9976310940635242,0.9927932130563402,1.0,2000
RandomForest,individual,RandomForest,sigmoid,Cached fitted individual; sigmoid fitted to cached training OOF,sigmoid,7,0.4799999999999999,own validation,10,CV17,cluster 7: Acute_MI,cluster,cardiovascular,1,0.7534066687708716,0.7551956562441491,-0.0017889874732774924,0.8513500755287009,0.8512871349446123,6.294058408862213e-05,0.7772464964925739,0.7760390949731847,0.0012074015193892507,0.15088959421792228,0.15092291522182852,3.3321003906239266e-05,-0.005449114526214885,0.0,0.9976310940635242,0.9927932130563402,1.0,2000
AdaBoost,individual,AdaBoost,raw,Cached fitted individual; sigmoid fitted to cached training OOF,raw_fixed,8,0.5,fixed 0.5,10,CV17,cluster 7: Acute_MI,cluster,cardiovascular,1,0.7278999276149114,0.7278999276149114,0.0,0.850547583081571,0.850547583081571,0.0,0.783316089867566,0.783316089867566,0.0,0.19056556716525275,0.19056556716525275,0.0,0.0,0.0,1.0,1.0,1.0,2000
AdaBoost,individual,AdaBoost,raw,Cached fitted individual; sigmoid fitted to cached training OOF,raw_threshold,8,0.5299999999999999,own validation,10,CV17,cluster 7: Acute_MI,cluster,cardiovascular,1,0.7667436307303692,0.7667436307303692,0.0,0.850547583081571,0.850547583081571,0.0,0.783316089867566,0.783316089867566,0.0,0.19056556716525275,0.19056556716525275,0.0,0.0,0.0,1.0,1.0,1.0,2000
AdaBoost,individual,AdaBoost,sigmoid,Cached fitted individual; sigmoid fitted to cached training OOF,sigmoid,9,0.4699999999999999,own validation,10,CV17,cluster 7: Acute_MI,cluster,cardiovascular,1,0.7618621447636992,0.7618621447636992,0.0,0.850547583081571,0.850547583081571,0.0,0.783316089867566,0.783316089867566,0.0,0.14988257243690048,0.14988257243690048,0.0,0.0,0.0,1.0,1.0,1.0,2000
MLP,individual,MLP,raw,Cached fitted individual; sigmoid fitted to cached training OOF,raw_fixed,10,0.5,fixed 0.5,10,CV17,cluster 7: Acute_MI,cluster,cardiovascular,1,0.7439864303359403,0.7407883834695985,0.0031980468663417305,0.8505633182275931,0.849320241691843,0.001243076535750176,0.7746309573457957,0.769533686496323,0.005097270849472646,0.16257933993386675,0.1635352008874649,0.0009558609535981477,-0.007239944707906532,0.014285564852376673,1.0043170856046137,0.9902883532599263,1.0192544495338671,2000
MLP,individual,MLP,raw,Cached fitted individual; sigmoid fitted to cached training OOF,raw_threshold,10,0.63,own validation,10,CV17,cluster 7: Acute_MI,cluster,cardiovascular,1,0.7579402910681863,0.7620780638704394,-0.004137772802253137,0.8505633182275931,0.849320241691843,0.001243076535750176,0.7746309573457957,0.769533686496323,0.005097270849472646,0.16257933993386675,0.1635352008874649,0.0009558609535981477,-0.013608273796620347,0.00459515047234093,0.9945704082056395,0.9821513637897313,1.0059621295246384,2000
MLP,individual,MLP,sigmoid,Cached fitted individual; sigmoid fitted to cached training OOF,sigmoid,11,0.5199999999999999,own validation,10,CV17,cluster 7: Acute_MI,cluster,cardiovascular,1,0.7602813339655445,0.7644144144144144,-0.004133080448869841,0.8505633182275931,0.849320241691843,0.001243076535750176,0.7746309573457957,0.769533686496323,0.005097270849472646,0.15285191720214764,0.15371681036215473,0.0008648931600070964,-0.013719344910443418,0.004493767796356209,0.9945931416638237,0.9818855206916207,1.0057668504051056,2000
GradientBoosting,individual,GradientBoosting,raw,Cached fitted individual; sigmoid fitted to cached training OOF,raw_fixed,12,0.5,fixed 0.5,10,CV17,cluster 7: Acute_MI,cluster,cardiovascular,1,0.7407624369142034,0.7407624369142034,0.0,0.8645675981873112,0.8645675981873112,0.0,0.7999174922847669,0.7999178515052393,-3.59220472367916e-07,0.15560823441899102,0.1555966931835014,-1.1541235489631596e-05,0.0,0.0,1.0,1.0,1.0,2000
GradientBoosting,individual,GradientBoosting,raw,Cached fitted individual; sigmoid fitted to cached training OOF,raw_threshold,12,0.5099999999999999,own validation,10,CV17,cluster 7: Acute_MI,cluster,cardiovascular,1,0.7443600541434803,0.7443600541434803,0.0,0.8645675981873112,0.8645675981873112,0.0,0.7999174922847669,0.7999178515052393,-3.59220472367916e-07,0.15560823441899102,0.1555966931835014,-1.1541235489631596e-05,0.0,0.0,1.0,1.0,1.0,2000
GradientBoosting,individual,GradientBoosting,sigmoid,Cached fitted individual; sigmoid fitted to cached training OOF,sigmoid,13,0.38999999999999996,own validation,10,CV17,cluster 7: Acute_MI,cluster,cardiovascular,1,0.7425610503019167,0.7425610503019167,0.0,0.8645675981873112,0.8645675981873112,0.0,0.7999174922847669,0.7999178515052393,-3.59220472367916e-07,0.14465563933665498,0.1446610929615729,5.45362491791157e-06,0.0,0.0,1.0,1.0,1.0,2000
XGBoost,individual,XGBoost,raw,Cached fitted individual; sigmoid fitted to cached training OOF,raw_fixed,14,0.5,fixed 0.5,10,CV17,cluster 7: Acute_MI,cluster,cardiovascular,1,0.7547437407784424,0.7517227649995406,0.0030209757789018132,0.85024861530715,0.8501384692849949,0.00011014602215508873,0.783435842859641,0.782104945675666,0.001330897183974944,0.1583200271760983,0.15855350258246867,0.0002334754063703648,-0.008198934020591303,0.014700118707501248,1.00401873658689,0.9892482173310151,1.0197857327218416,2000
XGBoost,individual,XGBoost,raw,Cached fitted individual; sigmoid fitted to cached training OOF,raw_threshold,14,0.5299999999999999,own validation,10,CV17,cluster 7: Acute_MI,cluster,cardiovascular,1,0.7656592812335836,0.7553287324324847,0.01033054880109896,0.85024861530715,0.8501384692849949,0.00011014602215508873,0.783435842859641,0.782104945675666,0.001330897183974944,0.1583200271760983,0.15855350258246867,0.0002334754063703648,-0.002361602587472672,0.02506654984432564,1.0136768910773857,0.9968213987508417,1.0335617669206945,2000
XGBoost,individual,XGBoost,sigmoid,Cached fitted individual; sigmoid fitted to cached training OOF,sigmoid,15,0.4599999999999999,own validation,10,CV17,cluster 7: Acute_MI,cluster,cardiovascular,1,0.7602627068045684,0.7575785667933623,0.002684140011206093,0.85024861530715,0.8501384692849949,0.00011014602215508873,0.783435842859641,0.782104945675666,0.001330897183974944,0.15047228134058788,0.15083079437798494,0.0003585130373970624,-0.00867162769210946,0.014702421602557594,1.003543051676564,0.9886717389500893,1.0196567788336555,2000
diverse,voting,"LogisticRegression,XGBoost,MLP",raw,models/predictive_sensitivity/h10_CV17_diverse.joblib,raw_fixed,16,0.5,fixed 0.5,10,CV17,cluster 7: Acute_MI,cluster,cardiovascular,1,0.7519248355968413,0.7483338069527328,0.0035910286441085404,0.851460221550856,0.8509409617321249,0.0005192598187311326,0.7808383535993896,0.7789836622503464,0.0018546913490431471,0.16285424871514578,0.1633538247828472,0.0004995760677014294,-0.006098323034007416,0.014785104017524572,1.0047986989372182,0.9919904525720452,1.0200168599440584,2000
diverse,voting,"LogisticRegression,XGBoost,MLP",raw,models/predictive_sensitivity/h10_CV17_diverse.joblib,raw_threshold,16,0.41999999999999993,saved voting threshold (also applied to raw),10,CV17,cluster 7: Acute_MI,cluster,cardiovascular,1,0.7297436957420422,0.7297436957420422,0.0,0.851460221550856,0.8509409617321249,0.0005192598187311326,0.7808383535993896,0.7789836622503464,0.0018546913490431471,0.16285424871514578,0.1633538247828472,0.0004995760677014294,-0.005460978361621752,0.0054909455806693925,1.0,0.9925556121421203,1.007540192757896,2000
diverse,voting,"LogisticRegression,XGBoost,MLP",sigmoid,models/predictive_sensitivity/h10_CV17_diverse.joblib,sigmoid,17,0.41999999999999993,saved voting threshold (also applied to raw),10,CV17,cluster 7: Acute_MI,cluster,cardiovascular,1,0.7637361795963371,0.7611166339772697,0.0026195456190674093,0.851460221550856,0.8509409617321249,0.0005192598187311326,0.7808383535993896,0.7789836622503464,0.0018546913490431471,0.15192518816747258,0.1525925564639416,0.0006673682964690175,-0.008037115806353887,0.013275450020992676,1.0034417137953993,0.9894812400622799,1.017592474315756,2000
paper,voting,"LogisticRegression,RandomForest,AdaBoost",raw,models/final_h10_CV17_paper.joblib,raw_fixed,18,0.5,fixed 0.5,10,CV17,cluster 7: Acute_MI,cluster,cardiovascular,1,0.7519248355968413,0.7537215943614048,-0.001796758764563533,0.854607250755287,0.8543712235649547,0.000236027190332333,0.7846424063474804,0.7833981042671082,0.0012443020803721838,0.16999859899443961,0.17002764985492863,2.905086048901606e-05,-0.008494626366296007,0.0046330913573604,0.9976161506078569,0.9886893608399482,1.006230124692086,2000
paper,voting,"LogisticRegression,RandomForest,AdaBoost",raw,models/final_h10_CV17_paper.joblib,raw_threshold,18,0.37999999999999995,saved voting threshold (also applied to raw),10,CV17,cluster 7: Acute_MI,cluster,cardiovascular,1,0.6995935360896781,0.6977099795141937,0.0018835565754844463,0.854607250755287,0.8543712235649547,0.000236027190332333,0.7846424063474804,0.7833981042671082,0.0012443020803721838,0.16999859899443961,0.17002764985492863,2.905086048901606e-05,-0.005816516434703592,0.009632429670550965,1.0026996268231623,0.9914204472696517,1.0143707505655337,2000
paper,voting,"LogisticRegression,RandomForest,AdaBoost",sigmoid,models/final_h10_CV17_paper.joblib,sigmoid,19,0.37999999999999995,saved voting threshold (also applied to raw),10,CV17,cluster 7: Acute_MI,cluster,cardiovascular,1,0.7533623828117632,0.7494161809367513,0.003946201875011823,0.854607250755287,0.8543712235649547,0.000236027190332333,0.7846424063474804,0.7833981042671082,0.0012443020803721838,0.1495675138032824,0.14967119319463973,0.00010367939135733084,0.0,0.010114819279783527,1.0052657014558708,1.0,1.0137124789292626,2000
own,stacking,"KNeighbors,AdaBoost,MLP,GradientBoosting",raw,models/stacking_sensitivity/h10_CV17_own.joblib,raw_fixed,20,0.5,fixed 0.5,10,CV17,cluster 7: Acute_MI,cluster,cardiovascular,1,0.7759907263689412,0.7700737949442613,0.005916931424679861,0.8577070745216515,0.8570776686807654,0.0006294058408861103,0.7904569354382537,0.7875456269944773,0.002911308443776406,0.14760090704816692,0.1479361005044839,0.00033519345631696784,-0.0018185556820209281,0.014673306896729207,1.0076835901487962,0.9976446958935701,1.0194099520139932,2000
own,stacking,"KNeighbors,AdaBoost,MLP,GradientBoosting",raw,models/stacking_sensitivity/h10_CV17_own.joblib,raw_threshold,20,0.49999999999999994,saved stacking threshold,10,CV17,cluster 7: Acute_MI,cluster,cardiovascular,1,0.7759907263689412,0.7700737949442613,0.005916931424679861,0.8577070745216515,0.8570776686807654,0.0006294058408861103,0.7904569354382537,0.7875456269944773,0.002911308443776406,0.14760090704816692,0.1479361005044839,0.00033519345631696784,-0.0018185556820209281,0.014673306896729207,1.0076835901487962,0.9976446958935701,1.0194099520139932,2000
own,stacking,"KNeighbors,AdaBoost,MLP,GradientBoosting",sigmoid,models/stacking_sensitivity/h10_CV17_own.joblib,sigmoid,21,0.5199999999999999,saved stacking threshold,10,CV17,cluster 7: Acute_MI,cluster,cardiovascular,1,0.7759907263689412,0.7700737949442613,0.005916931424679861,0.8577070745216515,0.8570776686807654,0.0006294058408861103,0.7904569354382537,0.7875456269944773,0.002911308443776406,0.14958529410436117,0.14995951645453223,0.0003742223501710662,-0.0018185556820209281,0.014673306896729207,1.0076835901487962,0.9976446958935701,1.0194099520139932,2000
own,stacking,"KNeighbors,AdaBoost,MLP,GradientBoosting",isotonic,models/stacking_sensitivity/h10_CV17_own.joblib,isotonic,22,0.38999999999999996,saved stacking threshold,10,CV17,cluster 7: Acute_MI,cluster,cardiovascular,1,0.7741796200345423,0.7723706343884909,0.0018089856460514753,0.8558896651560927,0.8569753902316214,-0.0010857250755287318,0.7534450788009935,0.7524857145125221,0.0009593642884714315,0.149993585678844,0.15010347366052368,0.00010988798167968494,-0.007669907510627352,0.010574884405018227,1.002342121211643,0.990040368172807,1.0138211476144372,2000
paper,stacking,"LogisticRegression,RandomForest,AdaBoost",raw,models/stacking_sensitivity/h10_CV17_paper.joblib,raw_fixed,23,0.5,fixed 0.5,10,CV17,cluster 7: Acute_MI,cluster,cardiovascular,1,0.7651549169286036,0.7733234415571738,-0.008168524628570206,0.8525931520644512,0.8522155085599195,0.0003776435045317328,0.7815738730148766,0.7795603506357193,0.0020135223791573065,0.15167901735688322,0.151837906404168,0.0001588890472847826,-0.017542221070601022,-0.0017894977882348007,0.9894371175246907,0.9775190924803959,0.9976819472145037,2000
paper,stacking,"LogisticRegression,RandomForest,AdaBoost",raw,models/stacking_sensitivity/h10_CV17_paper.joblib,raw_threshold,23,0.36999999999999994,saved stacking threshold,10,CV17,cluster 7: Acute_MI,cluster,cardiovascular,1,0.7487032419896108,0.7508619907449414,-0.0021587487553306195,0.8525931520644512,0.8522155085599195,0.0003776435045317328,0.7815738730148766,0.7795603506357193,0.0020135223791573065,0.15167901735688322,0.151837906404168,0.0001588890472847826,-0.009093718425661187,0.0044965405738625576,0.997124972655509,0.9876993211497261,1.0061454978444775,2000
paper,stacking,"LogisticRegression,RandomForest,AdaBoost",sigmoid,models/stacking_sensitivity/h10_CV17_paper.joblib,sigmoid,24,0.36999999999999994,saved stacking threshold,10,CV17,cluster 7: Acute_MI,cluster,cardiovascular,1,0.7504997728305316,0.7487032419896108,0.0017965308409207958,0.8525931520644512,0.8522155085599195,0.0003776435045317328,0.7815738730148766,0.7795603506357193,0.0020135223791573065,0.1504017806918913,0.1505866255234484,0.00018484483155709053,-0.004540279255536175,0.009660623835399102,1.0023995232558987,0.9939436891525729,1.012688024003783,2000
paper,stacking,"LogisticRegression,RandomForest,AdaBoost",isotonic,models/stacking_sensitivity/h10_CV17_paper.joblib,isotonic,25,0.5099999999999999,saved stacking threshold,10,CV17,cluster 7: Acute_MI,cluster,cardiovascular,1,0.7679066363551431,0.7661047269050536,0.0018019094500895116,0.8518850704934542,0.8523964627391742,-0.0005113922457200548,0.7644245964899069,0.7638994124454301,0.0005251840444767675,0.15143233036566903,0.15177822796255913,0.0003458975968901046,-0.003650573335518226,0.007304716248217684,1.0023520406372755,0.9952321131234346,1.0097068817624066,2000
LogisticRegression,individual,LogisticRegression,raw,Cached fitted individual; sigmoid fitted to cached training OOF,raw_fixed,0,0.5,fixed 0.5,10,CV17,all cardiovascular variables,block,cardiovascular,17,0.7415237771867278,0.3875878220140515,0.3539359551726763,0.8471330563947633,0.5,0.34713305639476333,0.7757131798023779,0.36711281070745533,0.40860036909492253,0.18103363507285933,0.2436294507593737,0.06259581568651437,0.31111018463597195,0.39696631486068706,1.9131761502038234,1.7847370159754348,2.0500188539072326,2000
LogisticRegression,individual,LogisticRegression,raw,Cached fitted individual; sigmoid fitted to cached training OOF,raw_threshold,0,0.5299999999999999,own validation,10,CV17,all cardiovascular variables,block,cardiovascular,17,0.7638589274068128,0.3875878220140515,0.3762711053927613,0.8471330563947633,0.5,0.34713305639476333,0.7757131798023779,0.36711281070745533,0.40860036909492253,0.18103363507285933,0.2436294507593737,0.06259581568651437,0.33385455973991435,0.4176077766238736,1.9708021873275474,1.8411838757644798,2.1071541409964105,2000
LogisticRegression,individual,LogisticRegression,sigmoid,Cached fitted individual; sigmoid fitted to cached training OOF,sigmoid,1,0.4599999999999999,own validation,10,CV17,all cardiovascular variables,block,cardiovascular,17,0.7652167182662539,0.3875878220140515,0.3776288962522024,0.8471330563947633,0.5,0.34713305639476333,0.7757131798023779,0.36711281070745533,0.40860036909492253,0.15425405915056228,0.23703534286232206,0.08278128371175977,0.33528648926650717,0.41936259609322846,1.9743053697866493,1.8450675859189072,2.1068680356986538,2000
SVC,individual,SVC,raw,Cached fitted individual; sigmoid fitted to cached training OOF,raw_fixed,2,0.5,fixed 0.5,10,CV17,all cardiovascular variables,block,cardiovascular,17,0.7626151994158625,0.3875878220140515,0.375027377401811,0.8393126888217523,0.5,0.33931268882175225,0.7721765117413423,0.36711281070745533,0.40506370103388695,0.15858315788350594,0.25879477443995763,0.1002116165564517,0.3332153728980341,0.4160058308325659,1.967593293961168,1.8458939583552492,2.1019798018077576,2000
SVC,individual,SVC,raw,Cached fitted individual; sigmoid fitted to cached training OOF,raw_threshold,2,0.5299999999999999,own validation,10,CV17,all cardiovascular variables,block,cardiovascular,17,0.7496889059060017,0.3875878220140515,0.36210108389195017,0.8393126888217523,0.5,0.33931268882175225,0.7721765117413423,0.36711281070745533,0.40506370103388695,0.15858315788350594,0.25879477443995763,0.1002116165564517,0.31966680500522426,0.4045222563524905,1.934242675660802,1.807418374816707,2.0671405831013225,2000
SVC,individual,SVC,sigmoid,Cached fitted individual; sigmoid fitted to cached training OOF,sigmoid,3,0.5099999999999999,own validation,10,CV17,all cardiovascular variables,block,cardiovascular,17,0.7472975940900469,0.3875878220140515,0.3597097720759954,0.8393126888217523,0.5,0.33931268882175225,0.7721765117413423,0.36711281070745533,0.40506370103388695,0.15664990147668506,0.2591754577514858,0.10252555627480076,0.31638435025040285,0.4017440918090884,1.9280729466854987,1.801538120379642,2.060343973346828,2000
KNeighbors,individual,KNeighbors,raw,Cached fitted individual; sigmoid fitted to cached training OOF,raw_fixed,4,0.5,fixed 0.5,10,CV17,all cardiovascular variables,block,cardiovascular,17,0.7465134459036898,0.3875878220140515,0.35892562388963833,0.8171576032225579,0.5,0.3171576032225579,0.7296944174064324,0.36711281070745533,0.36258160669897704,0.16746745459592483,0.2905070994132927,0.1230396448173679,0.31658830740673305,0.4000729652150443,1.9260497969841424,1.7987175055067808,2.0541486304318974,2000
KNeighbors,individual,KNeighbors,raw,Cached fitted individual; sigmoid fitted to cached training OOF,raw_threshold,4,0.5299999999999999,own validation,10,CV17,all cardiovascular variables,block,cardiovascular,17,0.7305899970050913,0.3875878220140515,0.3430021749910398,0.8171576032225579,0.5,0.3171576032225579,0.7296944174064324,0.36711281070745533,0.36258160669897704,0.16746745459592483,0.2905070994132927,0.1230396448173679,0.30122981782101793,0.3846723881366043,1.8849663366838307,1.761712398501512,2.013545185871078,2000
KNeighbors,individual,KNeighbors,sigmoid,Cached fitted individual; sigmoid fitted to cached training OOF,sigmoid,5,0.4799999999999999,own validation,10,CV17,all cardiovascular variables,block,cardiovascular,17,0.7305899970050913,0.3875878220140515,0.3430021749910398,0.8171576032225579,0.5,0.3171576032225579,0.7296944174064324,0.36711281070745533,0.36258160669897704,0.16492534254057886,0.3196770453963941,0.15475170285581522,0.30122981782101793,0.3846723881366043,1.8849663366838307,1.761712398501512,2.013545185871078,2000
RandomForest,individual,RandomForest,raw,Cached fitted individual; sigmoid fitted to cached training OOF,raw_fixed,6,0.5,fixed 0.5,10,CV17,all cardiovascular variables,block,cardiovascular,17,0.7497493620123952,0.3875878220140515,0.36216153999834366,0.8513500755287009,0.5,0.3513500755287009,0.7772464964925739,0.36711281070745533,0.4101336857851186,0.15518350287581242,0.24300372999192743,0.08782022711611501,0.3189815968019524,0.40575533767156097,1.9343986560682342,1.8051431201380002,2.070305110043642,2000
RandomForest,individual,RandomForest,raw,Cached fitted individual; sigmoid fitted to cached training OOF,raw_threshold,6,0.5399999999999999,own validation,10,CV17,all cardiovascular variables,block,cardiovascular,17,0.7534066687708716,0.3875878220140515,0.3658188467568201,0.8513500755287009,0.5,0.3513500755287009,0.7772464964925739,0.36711281070745533,0.4101336857851186,0.15518350287581242,0.24300372999192743,0.08782022711611501,0.3208860694292517,0.4061057664186247,1.9438347284904058,1.8136457964819428,2.0725707949473233,2000
RandomForest,individual,RandomForest,sigmoid,Cached fitted individual; sigmoid fitted to cached training OOF,sigmoid,7,0.4799999999999999,own validation,10,CV17,all cardiovascular variables,block,cardiovascular,17,0.7534066687708716,0.3875878220140515,0.3658188467568201,0.8513500755287009,0.5,0.3513500755287009,0.7772464964925739,0.36711281070745533,0.4101336857851186,0.15088959421792228,0.2705573258573625,0.1196677316394402,0.3208860694292517,0.4061057664186247,1.9438347284904058,1.8136457964819428,2.0725707949473233,2000
AdaBoost,individual,AdaBoost,raw,Cached fitted individual; sigmoid fitted to cached training OOF,raw_fixed,8,0.5,fixed 0.5,10,CV17,all cardiovascular variables,block,cardiovascular,17,0.7278999276149114,0.3875878220140515,0.3403121056008599,0.850547583081571,0.5,0.35054758308157097,0.783316089867566,0.36711281070745533,0.41620327916011063,0.19056556716525275,0.23790386191113091,0.04733829474587817,0.2948389417510584,0.3836058263174106,1.8780257951152095,1.7466971011247268,2.014252282902093,2000
AdaBoost,individual,AdaBoost,raw,Cached fitted individual; sigmoid fitted to cached training OOF,raw_threshold,8,0.5299999999999999,own validation,10,CV17,all cardiovascular variables,block,cardiovascular,17,0.7667436307303692,0.3875878220140515,0.3791558087163177,0.850547583081571,0.5,0.35054758308157097,0.783316089867566,0.36711281070745533,0.41620327916011063,0.19056556716525275,0.23790386191113091,0.04733829474587817,0.33716096255319533,0.41843234916875877,1.9782448962046384,1.8498249725796976,2.1093944365364417,2000
AdaBoost,individual,AdaBoost,sigmoid,Cached fitted individual; sigmoid fitted to cached training OOF,sigmoid,9,0.4699999999999999,own validation,10,CV17,all cardiovascular variables,block,cardiovascular,17,0.7618621447636992,0.3875878220140515,0.37427432274964767,0.850547583081571,0.5,0.35054758308157097,0.783316089867566,0.36711281070745533,0.41620327916011063,0.14988257243690048,0.2516202279765275,0.10173765553962702,0.3320575002455547,0.4141537479410182,1.965650367456795,1.8369030655658756,2.098984022581812,2000
MLP,individual,MLP,raw,Cached fitted individual; sigmoid fitted to cached training OOF,raw_fixed,10,0.5,fixed 0.5,10,CV17,all cardiovascular variables,block,cardiovascular,17,0.7439864303359403,0.3875878220140515,0.35639860832188874,0.8505633182275931,0.5,0.3505633182275931,0.7746309573457957,0.36711281070745533,0.40751814663834035,0.16257933993386675,0.2461680728950244,0.08358873296115765,0.31305205012042187,0.39905083982699185,1.919529944129586,1.7889359913039518,2.055274074163842,2000
MLP,individual,MLP,raw,Cached fitted individual; sigmoid fitted to cached training OOF,raw_threshold,10,0.63,own validation,10,CV17,all cardiovascular variables,block,cardiovascular,17,0.7579402910681863,0.3875878220140515,0.37035246905413477,0.8505633182275931,0.5,0.3505633182275931,0.7746309573457957,0.36711281070745533,0.40751814663834035,0.16257933993386675,0.2461680728950244,0.08358873296115765,0.32828982231776876,0.4102790780526156,1.9555317479523597,1.8281966247603116,2.0816171940279027,2000
MLP,individual,MLP,sigmoid,Cached fitted individual; sigmoid fitted to cached training OOF,sigmoid,11,0.5199999999999999,own validation,10,CV17,all cardiovascular variables,block,cardiovascular,17,0.7602813339655445,0.3875878220140515,0.37269351195149303,0.8505633182275931,0.5,0.3505633182275931,0.7746309573457957,0.36711281070745533,0.40751814663834035,0.15285191720214764,0.23264781963328904,0.0797959024311414,0.3297975549900925,0.41253386873460557,1.9615717800802872,1.832523382531519,2.088134067605837,2000
GradientBoosting,individual,GradientBoosting,raw,Cached fitted individual; sigmoid fitted to cached training OOF,raw_fixed,12,0.5,fixed 0.5,10,CV17,all cardiovascular variables,block,cardiovascular,17,0.7407624369142034,0.3875878220140515,0.3531746149001519,0.8645675981873112,0.5,0.3645675981873112,0.7999174922847669,0.36711281070745533,0.4328046815773116,0.15560823441899102,0.2450718290145451,0.08946359459555409,0.3075069391621091,0.3961180275127049,1.9112118462982772,1.7788786262872514,2.0465994570333783,2000
GradientBoosting,individual,GradientBoosting,raw,Cached fitted individual; sigmoid fitted to cached training OOF,raw_threshold,12,0.5099999999999999,own validation,10,CV17,all cardiovascular variables,block,cardiovascular,17,0.7443600541434803,0.3875878220140515,0.35677223212942877,0.8645675981873112,0.5,0.3645675981873112,0.7999174922847669,0.36711281070745533,0.4328046815773116,0.15560823441899102,0.2450718290145451,0.08946359459555409,0.31126811557123935,0.39935978870557837,1.920493916128496,1.7866950318149164,2.056408379539121,2000
GradientBoosting,individual,GradientBoosting,sigmoid,Cached fitted individual; sigmoid fitted to cached training OOF,sigmoid,13,0.38999999999999996,own validation,10,CV17,all cardiovascular variables,block,cardiovascular,17,0.7425610503019167,0.3875878220140515,0.35497322828786515,0.8645675981873112,0.5,0.3645675981873112,0.7999174922847669,0.36711281070745533,0.4328046815773116,0.14465563933665498,0.2678509977925202,0.12319535845586521,0.30927239739970547,0.39746566757595503,1.9158523775161234,1.7822375848847452,2.0516650309437345,2000
XGBoost,individual,XGBoost,raw,Cached fitted individual; sigmoid fitted to cached training OOF,raw_fixed,14,0.5,fixed 0.5,10,CV17,all cardiovascular variables,block,cardiovascular,17,0.7547437407784424,0.3875878220140515,0.3671559187643909,0.85024861530715,0.5,0.35024861530715,0.783435842859641,0.36711281070745533,0.41632303215218563,0.1583200271760983,0.23412685179297565,0.07580682461687735,0.32409265408380755,0.4091866048290591,1.947284455059788,1.8169467036541669,2.0864205660255464,2000
XGBoost,individual,XGBoost,raw,Cached fitted individual; sigmoid fitted to cached training OOF,raw_threshold,14,0.5299999999999999,own validation,10,CV17,all cardiovascular variables,block,cardiovascular,17,0.7656592812335836,0.3875878220140515,0.3780714592195321,0.85024861530715,0.5,0.35024861530715,0.783435842859641,0.36711281070745533,0.41632303215218563,0.1583200271760983,0.23412685179297565,0.07580682461687735,0.336016306162275,0.41990066041808555,1.9754472089833246,1.850792965027444,2.112182231844279,2000
XGBoost,individual,XGBoost,sigmoid,Cached fitted individual; sigmoid fitted to cached training OOF,sigmoid,15,0.4599999999999999,own validation,10,CV17,all cardiovascular variables,block,cardiovascular,17,0.7602627068045684,0.3875878220140515,0.3726748847905169,0.85024861530715,0.5,0.35024861530715,0.783435842859641,0.36711281070745533,0.41632303215218563,0.15047228134058788,0.23738181334379732,0.08690953200320944,0.33038079696564854,0.415419902745482,1.9615237208794607,1.8338384729301942,2.0965185203413914,2000
diverse,voting,"LogisticRegression,XGBoost,MLP",raw,models/predictive_sensitivity/h10_CV17_diverse.joblib,raw_fixed,16,0.5,fixed 0.5,10,CV17,all cardiovascular variables,block,cardiovascular,17,0.7519248355968413,0.3875878220140515,0.3643370135827898,0.851460221550856,0.5,0.351460221550856,0.7808383535993896,0.36711281070745533,0.41372554289193425,0.16285424871514578,0.24020839760430182,0.07735414888915604,0.3215763122165825,0.4069983984746764,1.9400115093646602,1.809294992767437,2.0797183810354123,2000
diverse,voting,"LogisticRegression,XGBoost,MLP",raw,models/predictive_sensitivity/h10_CV17_diverse.joblib,raw_threshold,16,0.41999999999999993,saved voting threshold (also applied to raw),10,CV17,all cardiovascular variables,block,cardiovascular,17,0.7297436957420422,0.26853146853146853,0.4612122272105737,0.851460221550856,0.5,0.351460221550856,0.7808383535993896,0.36711281070745533,0.41372554289193425,0.16285424871514578,0.24020839760430182,0.07735414888915604,0.42458640726786584,0.49817307137423306,2.717535116956043,2.5161789610396617,2.9547642923119963,2000
diverse,voting,"LogisticRegression,XGBoost,MLP",sigmoid,models/predictive_sensitivity/h10_CV17_diverse.joblib,sigmoid,17,0.41999999999999993,saved voting threshold (also applied to raw),10,CV17,all cardiovascular variables,block,cardiovascular,17,0.7637361795963371,0.3875878220140515,0.3761483575822856,0.851460221550856,0.5,0.351460221550856,0.7808383535993896,0.36711281070745533,0.41372554289193425,0.15192518816747258,0.23506682312592925,0.08314163495845667,0.33314579318420884,0.4177099308179585,1.9704854905597338,1.841235138795534,2.1043781786966838,2000
paper,voting,"LogisticRegression,RandomForest,AdaBoost",raw,models/final_h10_CV17_paper.joblib,raw_fixed,18,0.5,fixed 0.5,10,CV17,all cardiovascular variables,block,cardiovascular,17,0.7519248355968413,0.3875878220140515,0.3643370135827898,0.854607250755287,0.5,0.354607250755287,0.7846424063474804,0.36711281070745533,0.41752959564002506,0.16999859899443961,0.23300958375639202,0.06301098476195241,0.3197760329835046,0.4058423100274587,1.9400115093646602,1.8088944871490178,2.079970421836498,2000
paper,voting,"LogisticRegression,RandomForest,AdaBoost",raw,models/final_h10_CV17_paper.joblib,raw_threshold,18,0.37999999999999995,saved voting threshold (also applied to raw),10,CV17,all cardiovascular variables,block,cardiovascular,17,0.6995935360896781,0.26853146853146853,0.4310620675582096,0.854607250755287,0.5,0.354607250755287,0.7846424063474804,0.36711281070745533,0.41752959564002506,0.16999859899443961,0.23300958375639202,0.06301098476195241,0.39398071428770765,0.4676355325746359,2.6052571786672907,2.4118859796138077,2.833831948094712,2000
paper,voting,"LogisticRegression,RandomForest,AdaBoost",sigmoid,models/final_h10_CV17_paper.joblib,sigmoid,19,0.37999999999999995,saved voting threshold (also applied to raw),10,CV17,all cardiovascular variables,block,cardiovascular,17,0.7533623828117632,0.3875878220140515,0.36577456079771165,0.854607250755287,0.5,0.354607250755287,0.7846424063474804,0.36711281070745533,0.41752959564002506,0.1495675138032824,0.2605505904454567,0.1109830766421743,0.3222756102457462,0.40747605740413667,1.9437204680400173,1.8107947848256585,2.082157325435635,2000
own,stacking,"KNeighbors,AdaBoost,MLP,GradientBoosting",raw,models/stacking_sensitivity/h10_CV17_own.joblib,raw_fixed,20,0.5,fixed 0.5,10,CV17,all cardiovascular variables,block,cardiovascular,17,0.7759907263689412,0.3875878220140515,0.38840290435488967,0.8577070745216515,0.5,0.3577070745216515,0.7904569354382537,0.36711281070745533,0.42334412473079835,0.14760090704816692,0.26684075933788237,0.11923985228971545,0.347806852355336,0.42658717136047425,2.002102961689051,1.8739640079842639,2.129162051295005,2000
own,stacking,"KNeighbors,AdaBoost,MLP,GradientBoosting",raw,models/stacking_sensitivity/h10_CV17_own.joblib,raw_threshold,20,0.49999999999999994,saved stacking threshold,10,CV17,all cardiovascular variables,block,cardiovascular,17,0.7759907263689412,0.3875878220140515,0.38840290435488967,0.8577070745216515,0.5,0.3577070745216515,0.7904569354382537,0.36711281070745533,0.42334412473079835,0.14760090704816692,0.26684075933788237,0.11923985228971545,0.347806852355336,0.42658717136047425,2.002102961689051,1.8739640079842639,2.129162051295005,2000
own,stacking,"KNeighbors,AdaBoost,MLP,GradientBoosting",sigmoid,models/stacking_sensitivity/h10_CV17_own.joblib,sigmoid,21,0.5199999999999999,saved stacking threshold,10,CV17,all cardiovascular variables,block,cardiovascular,17,0.7759907263689412,0.3875878220140515,0.38840290435488967,0.8577070745216515,0.5,0.3577070745216515,0.7904569354382537,0.36711281070745533,0.42334412473079835,0.14958529410436117,0.2802239542574237,0.13063866015306252,0.347806852355336,0.42658717136047425,2.002102961689051,1.8739640079842639,2.129162051295005,2000
own,stacking,"KNeighbors,AdaBoost,MLP,GradientBoosting",isotonic,models/stacking_sensitivity/h10_CV17_own.joblib,isotonic,22,0.38999999999999996,saved stacking threshold,10,CV17,all cardiovascular variables,block,cardiovascular,17,0.7741796200345423,0.3875878220140515,0.3865917980204908,0.8558896651560927,0.5,0.35588966515609266,0.7534450788009935,0.36711281070745533,0.3863322680935382,0.149993585678844,0.2501223045038683,0.1001287188250243,0.34551385192074563,0.4247537879591011,1.9974301979138949,1.87087943940581,2.124375122071965,2000
paper,stacking,"LogisticRegression,RandomForest,AdaBoost",raw,models/stacking_sensitivity/h10_CV17_paper.joblib,raw_fixed,23,0.5,fixed 0.5,10,CV17,all cardiovascular variables,block,cardiovascular,17,0.7651549169286036,0.3875878220140515,0.3775670949145521,0.8525931520644512,0.5,0.3525931520644512,0.7815738730148766,0.36711281070745533,0.41446106230742125,0.15167901735688322,0.25774847654370076,0.10606945918681754,0.3355300370454687,0.4189864316335199,1.9741459186012915,1.8482057685742885,2.103131554513908,2000
paper,stacking,"LogisticRegression,RandomForest,AdaBoost",raw,models/stacking_sensitivity/h10_CV17_paper.joblib,raw_threshold,23,0.36999999999999994,saved stacking threshold,10,CV17,all cardiovascular variables,block,cardiovascular,17,0.7487032419896108,0.3875878220140515,0.3611154199755593,0.8525931520644512,0.5,0.3525931520644512,0.7815738730148766,0.36711281070745533,0.41446106230742125,0.15167901735688322,0.25774847654370076,0.10606945918681754,0.31655624988286646,0.40451451481480133,1.9316996031997815,1.7992484755121738,2.071703010204198,2000
paper,stacking,"LogisticRegression,RandomForest,AdaBoost",sigmoid,models/stacking_sensitivity/h10_CV17_paper.joblib,sigmoid,24,0.36999999999999994,saved stacking threshold,10,CV17,all cardiovascular variables,block,cardiovascular,17,0.7504997728305316,0.3875878220140515,0.3629119508164801,0.8525931520644512,0.5,0.3525931520644512,0.7815738730148766,0.36711281070745533,0.41446106230742125,0.1504017806918913,0.2549828555708782,0.10458107487898688,0.31875809947210076,0.40593886401221857,1.9363347613210695,1.8040423811215656,2.074429116966843,2000
paper,stacking,"LogisticRegression,RandomForest,AdaBoost",isotonic,models/stacking_sensitivity/h10_CV17_paper.joblib,isotonic,25,0.5099999999999999,saved stacking threshold,10,CV17,all cardiovascular variables,block,cardiovascular,17,0.7679066363551431,0.3875878220140515,0.3803188143410916,0.8518850704934542,0.5,0.3518850704934542,0.7644245964899069,0.36711281070745533,0.3973117857824516,0.15143233036566903,0.26826743658425667,0.11683510621858764,0.3379851615815239,0.420972613353789,1.9812455209887982,1.8520842412127503,2.1112368445460494,2000
