horizon,rep,fold,n_train,n_valid,n_test,arm,probabilities,n,n_events,prevalence,threshold,f1_macro,roc_auc,auprc,brier,precision_event,recall_event,precision_free,recall_free,elapsed_s
7,0,0,2634,878,878,base,calibrated,878,168,0.19134396355353075,0.38999999999999996,0.7524269889224572,0.8616448692152918,0.6793449937237701,0.10083666349619852,0.6073619631901841,0.5892857142857143,0.9034965034965035,0.9098591549295775,200.2
7,0,0,2634,878,878,base,uncalibrated,878,168,0.19134396355353075,0.38999999999999996,0.6464070499245818,0.8616448692152918,0.6793449937237701,0.15454924574943207,0.3702770780856423,0.875,0.9563409563409564,0.647887323943662,200.2
7,0,0,2634,878,878,thy_locked,calibrated,878,168,0.19134396355353075,0.38999999999999996,0.7452030111662639,0.8639587525150907,0.6882253735233974,0.10029742126031536,0.6103896103896104,0.5595238095238095,0.8977900552486188,0.9154929577464789,200.2
7,0,0,2634,878,878,thy_locked,uncalibrated,878,168,0.19134396355353075,0.38999999999999996,0.6428244796151676,0.8639587525150907,0.6882253735233974,0.1536001860558246,0.36683417085427134,0.8690476190476191,0.9541666666666667,0.6450704225352113,200.2
7,0,0,2634,878,878,thy_own,calibrated,878,168,0.19134396355353075,0.27999999999999997,0.7579008821756402,0.8635731052984574,0.6868214863628288,0.10018033715784606,0.5534883720930233,0.7083333333333334,0.9260935143288085,0.8647887323943662,200.2
7,0,0,2634,878,878,thy_own,uncalibrated,878,168,0.19134396355353075,0.27999999999999997,0.5052127359819667,0.8635731052984574,0.6868214863628288,0.14622362816918397,0.2770034843205575,0.9464285714285714,0.9703947368421053,0.4154929577464789,200.2
7,0,1,2634,878,878,base,calibrated,878,168,0.19134396355353075,0.37999999999999995,0.7028568917018284,0.8206321260898726,0.5553822163330456,0.11907785719776666,0.5472972972972973,0.48214285714285715,0.8808219178082192,0.9056338028169014,199.8
7,0,1,2634,878,878,base,uncalibrated,878,168,0.19134396355353075,0.37999999999999995,0.6174280788629604,0.8206321260898726,0.5553822163330456,0.16462946220502495,0.3436754176610978,0.8571428571428571,0.9477124183006536,0.6126760563380281,199.8
7,0,1,2634,878,878,thy_locked,calibrated,878,168,0.19134396355353075,0.37999999999999995,0.7069521796323323,0.8233065057008718,0.5594497552119965,0.11853964247084046,0.5496688741721855,0.49404761904761907,0.8830811554332875,0.9042253521126761,199.8
7,0,1,2634,878,878,thy_locked,uncalibrated,878,168,0.19134396355353075,0.37999999999999995,0.6243102266350609,0.8233065057008718,0.5594497552119965,0.16252723905783095,0.3491271820448878,0.8333333333333334,0.9412997903563941,0.6323943661971831,199.8
7,0,1,2634,878,878,thy_own,calibrated,878,168,0.19134396355353075,0.43999999999999995,0.6890139920012197,0.8221076458752515,0.5531868000410207,0.11854110248675313,0.5691056910569106,0.4166666666666667,0.8701986754966887,0.9253521126760563,199.8
7,0,1,2634,878,878,thy_own,uncalibrated,878,168,0.19134396355353075,0.43999999999999995,0.69313616374396,0.8221076458752515,0.5531868000410207,0.1561585695412734,0.43309859154929575,0.7321428571428571,0.9242424242424242,0.7732394366197183,199.8
7,0,2,2634,878,878,base,calibrated,878,169,0.19248291571753987,0.26999999999999996,0.7189693408628455,0.8466462473189175,0.605953037290864,0.11142207331436702,0.5023474178403756,0.6331360946745562,0.9067669172932331,0.8504936530324401,200.4
7,0,2,2634,878,878,base,uncalibrated,878,169,0.19248291571753987,0.26999999999999996,0.4625080446418761,0.8466462473189175,0.605953037290864,0.1579612543377472,0.26232114467408585,0.9763313609467456,0.9839357429718876,0.3455571227080395,200.4
7,0,2,2634,878,878,thy_locked,calibrated,878,169,0.19248291571753987,0.26999999999999996,0.7179008567931456,0.8485574315019905,0.6166841127008783,0.11026812978317514,0.5023696682464455,0.6272189349112426,0.9055472263868066,0.8519040902679831,200.4
7,0,2,2634,878,878,thy_locked,uncalibrated,878,169,0.19248291571753987,0.26999999999999996,0.44771226476652837,0.8485574315019905,0.6166841127008783,0.15749957472064466,0.25585023400936036,0.9704142011834319,0.9789029535864979,0.32722143864598024,200.4
7,0,2,2634,878,878,thy_own,calibrated,878,169,0.19248291571753987,0.32999999999999996,0.7312585379882702,0.8491499820565677,0.6187676273112525,0.10995697416878877,0.5568181818181818,0.5798816568047337,0.8988603988603988,0.8899858956276445,200.4
7,0,2,2634,878,878,thy_own,uncalibrated,878,169,0.19248291571753987,0.32999999999999996,0.6062585322723254,0.8491499820565677,0.6187676273112525,0.14987243588457394,0.33771929824561403,0.9112426035502958,0.9644549763033176,0.5740479548660085,200.4
7,0,3,2634,878,878,base,calibrated,878,169,0.19248291571753987,0.37999999999999995,0.7272661181058128,0.8400196960466028,0.6142068874667506,0.11094710692347388,0.5958904109589042,0.514792899408284,0.8879781420765027,0.9167842031029619,199.7
7,0,3,2634,878,878,base,uncalibrated,878,169,0.19248291571753987,0.37999999999999995,0.5965096281259692,0.8400196960466028,0.6142068874667506,0.16601109142350534,0.3297180043383948,0.8994082840236687,0.9592326139088729,0.5641748942172073,199.7
7,0,3,2634,878,878,thy_locked,calibrated,878,169,0.19248291571753987,0.37999999999999995,0.7325034818941505,0.8419225344472171,0.6150050747565019,0.11073147912842543,0.5960264900662252,0.5325443786982249,0.8913342503438789,0.9139633286318759,199.7
7,0,3,2634,878,878,thy_locked,uncalibrated,878,169,0.19248291571753987,0.37999999999999995,0.5974653080973871,0.8419225344472171,0.6150050747565019,0.1649503127325904,0.33043478260869563,0.8994082840236687,0.9593301435406698,0.5655853314527504,199.7
7,0,3,2634,878,878,thy_own,calibrated,878,169,0.19248291571753987,0.36999999999999994,0.7300349406009783,0.8425484681316298,0.616779093294968,0.1107193414659874,0.5833333333333334,0.5384615384615384,0.8919667590027701,0.9083215796897038,199.7
7,0,3,2634,878,878,thy_own,uncalibrated,878,169,0.19248291571753987,0.36999999999999994,0.6064533847114888,0.8425484681316298,0.616779093294968,0.15798774706900343,0.33705357142857145,0.893491124260355,0.958139534883721,0.5811001410437235,199.7
7,0,4,2634,878,878,base,calibrated,878,169,0.19248291571753987,0.35999999999999993,0.7325616813889735,0.8361722903330802,0.6085970354089197,0.11074732800393493,0.572289156626506,0.5621301775147929,0.8960674157303371,0.8998589562764457,199.5
7,0,4,2634,878,878,base,uncalibrated,878,169,0.19248291571753987,0.35999999999999993,0.5920648249581204,0.8361722903330802,0.6085970354089197,0.1595252328647995,0.3244444444444444,0.863905325443787,0.9462616822429907,0.5712270803949224,199.5
7,0,4,2634,878,878,thy_locked,calibrated,878,169,0.19248291571753987,0.35999999999999993,0.7362504857836083,0.8403952562572503,0.6109428386846079,0.1098953764056771,0.5783132530120482,0.5680473372781065,0.8974719101123596,0.9012693935119888,199.5
7,0,4,2634,878,878,thy_locked,uncalibrated,878,169,0.19248291571753987,0.35999999999999993,0.5930122112830662,0.8403952562572503,0.6109428386846079,0.15904036328179336,0.32516703786191536,0.863905325443787,0.9463869463869464,0.5726375176304654,199.5
7,0,4,2634,878,878,thy_own,calibrated,878,169,0.19248291571753987,0.3499999999999999,0.7458166869318511,0.8400447333939793,0.611505568707201,0.10966697427878885,0.5838150289017341,0.5976331360946746,0.9035460992907801,0.8984485190409027,199.5
7,0,4,2634,878,878,thy_own,uncalibrated,878,169,0.19248291571753987,0.3499999999999999,0.6225460978748272,0.8400447333939793,0.611505568707201,0.15004793018651527,0.3492822966507177,0.863905325443787,0.95,0.616361071932299,199.5
7,1,0,2634,878,878,base,calibrated,878,168,0.19134396355353075,0.30999999999999994,0.7299031878637995,0.8443745808182427,0.6108016311560786,0.11121942534976369,0.5401069518716578,0.6011904761904762,0.9030390738060782,0.8788732394366198,199.8
7,1,0,2634,878,878,base,uncalibrated,878,168,0.19134396355353075,0.30999999999999994,0.5250459807421832,0.8443745808182427,0.6108016311560786,0.16065070723846778,0.2887700534759358,0.9642857142857143,0.9810725552050473,0.43802816901408453,199.8
7,1,0,2634,878,878,thy_locked,calibrated,878,168,0.19134396355353075,0.30999999999999994,0.7157031054306853,0.8471076458752514,0.6177551822369165,0.10984604198018223,0.5248618784530387,0.5654761904761905,0.8952654232424677,0.8788732394366198,199.8
7,1,0,2634,878,878,thy_locked,uncalibrated,878,168,0.19134396355353075,0.30999999999999994,0.5289768888591592,0.8471076458752514,0.6177551822369165,0.15898948199031165,0.29084380610412924,0.9642857142857143,0.9813084112149533,0.44366197183098594,199.8
7,1,0,2634,878,878,thy_own,calibrated,878,168,0.19134396355353075,0.33999999999999997,0.7288564369838906,0.8473340040241449,0.6151748937485475,0.10986520650185348,0.5670731707317073,0.5535714285714286,0.8949579831932774,0.9,199.8
7,1,0,2634,878,878,thy_own,uncalibrated,878,168,0.19134396355353075,0.33999999999999997,0.6043385700744333,0.8473340040241449,0.6151748937485475,0.1517119990289957,0.3355119825708061,0.9166666666666666,0.9665871121718377,0.5704225352112676,199.8
7,1,1,2634,878,878,base,calibrated,878,168,0.19134396355353075,0.4599999999999999,0.6947806502154328,0.8443913480885311,0.5830540916981131,0.11168334240639735,0.6203703703703703,0.39880952380952384,0.8688311688311688,0.9422535211267605,200.2
7,1,1,2634,878,878,base,uncalibrated,878,168,0.19134396355353075,0.4599999999999999,0.7062700308449922,0.8443913480885311,0.5830540916981131,0.1558628919134633,0.445578231292517,0.7797619047619048,0.9366438356164384,0.7704225352112676,200.2
7,1,1,2634,878,878,thy_locked,calibrated,878,168,0.19134396355353075,0.4599999999999999,0.6965664275075204,0.8463028169014086,0.5943240065637891,0.10975834388508149,0.6181818181818182,0.40476190476190477,0.8697916666666666,0.9408450704225352,200.2
7,1,1,2634,878,878,thy_locked,uncalibrated,878,168,0.19134396355353075,0.4599999999999999,0.7082524627540927,0.8463028169014086,0.5943240065637891,0.1553962110712478,0.45195729537366547,0.7559523809523809,0.931323283082077,0.7830985915492957,200.2
7,1,1,2634,878,878,thy_own,calibrated,878,168,0.19134396355353075,0.43999999999999995,0.7230237925251954,0.8436452045606975,0.5981677941077044,0.11004192434802208,0.6470588235294118,0.4583333333333333,0.8801054018445322,0.9408450704225352,200.2
7,1,1,2634,878,878,thy_own,uncalibrated,878,168,0.19134396355353075,0.43999999999999995,0.7007577512325867,0.8436452045606975,0.5981677941077044,0.1500613923557847,0.4370860927152318,0.7857142857142857,0.9375,0.7605633802816901,200.2
7,1,2,2634,878,878,base,calibrated,878,169,0.19248291571753987,0.3999999999999999,0.7287424464037644,0.8327087906126639,0.5875754310417463,0.11281146322379368,0.5844155844155844,0.5325443786982249,0.8908839779005525,0.9097320169252469,199.3
7,1,2,2634,878,878,base,uncalibrated,878,169,0.19248291571753987,0.3999999999999999,0.6366427703685904,0.8327087906126639,0.5875754310417463,0.16478300723604405,0.36180904522613067,0.8520710059171598,0.9479166666666666,0.6417489421720733,199.3
7,1,2,2634,878,878,thy_locked,calibrated,878,169,0.19248291571753987,0.3999999999999999,0.7439176941574,0.8333931447742884,0.5991235029529106,0.11220870098201045,0.6103896103896104,0.5562130177514792,0.8964088397790055,0.9153737658674189,199.3
7,1,2,2634,878,878,thy_locked,uncalibrated,878,169,0.19248291571753987,0.3999999999999999,0.6476972531119713,0.8333931447742884,0.5991235029529106,0.1624119556398153,0.37244897959183676,0.863905325443787,0.9526748971193416,0.6530324400564175,199.3
7,1,2,2634,878,878,thy_own,calibrated,878,169,0.19248291571753987,0.41999999999999993,0.741446905766526,0.8384173058145066,0.6002269921464707,0.11133108480933207,0.6190476190476191,0.5384615384615384,0.893296853625171,0.921015514809591,199.3
7,1,2,2634,878,878,thy_own,uncalibrated,878,169,0.19248291571753987,0.41999999999999993,0.6871342835708927,0.8384173058145066,0.6002269921464707,0.15492903836981656,0.414985590778098,0.8520710059171598,0.9529190207156308,0.7136812411847673,199.3
7,1,3,2634,878,878,base,calibrated,878,169,0.19248291571753987,0.38999999999999996,0.7425219941348973,0.84161374049624,0.5944413371578764,0.11086881779422739,0.5962732919254659,0.5680473372781065,0.898186889818689,0.9083215796897038,200.0
7,1,3,2634,878,878,base,uncalibrated,878,169,0.19248291571753987,0.38999999999999996,0.6209310546659944,0.84161374049624,0.5944413371578764,0.1637600252681896,0.34823529411764703,0.8757396449704142,0.9536423841059603,0.609308885754584,200.0
7,1,3,2634,878,878,thy_locked,calibrated,878,169,0.19248291571753987,0.38999999999999996,0.7325140151083387,0.846571135276788,0.6033201619427743,0.1099579672483078,0.563953488372093,0.5739644970414202,0.8980169971671388,0.8942172073342737,200.0
7,1,3,2634,878,878,thy_locked,uncalibrated,878,169,0.19248291571753987,0.38999999999999996,0.6324897404825047,0.846571135276788,0.6033201619427743,0.1604172634372632,0.3583535108958838,0.8757396449704142,0.9548387096774194,0.6262341325811002,200.0
7,1,3,2634,878,878,thy_own,calibrated,878,169,0.19248291571753987,0.3999999999999999,0.7438585953923378,0.8449854366096091,0.5964674096221335,0.11025430012197537,0.6050955414012739,0.5621301775147929,0.897364771151179,0.9125528913963329,200.0
7,1,3,2634,878,878,thy_own,uncalibrated,878,169,0.19248291571753987,0.3999999999999999,0.6620585259730875,0.8449854366096091,0.5964674096221335,0.15416742591653076,0.3870967741935484,0.8520710059171598,0.950592885375494,0.6784203102961918,200.0
7,1,4,2634,878,878,base,calibrated,878,169,0.19248291571753987,0.4499999999999999,0.7400639478214927,0.8397109020956259,0.6453193461022566,0.1079117944036361,0.6466165413533834,0.5088757396449705,0.8885906040268456,0.9337094499294781,200.0
7,1,4,2634,878,878,base,uncalibrated,878,169,0.19248291571753987,0.4499999999999999,0.683750128640527,0.8397109020956259,0.6453193461022566,0.1609929249044086,0.4148606811145511,0.7928994082840237,0.9369369369369369,0.7334273624823695,200.0
7,1,4,2634,878,878,thy_locked,calibrated,878,169,0.19248291571753987,0.4499999999999999,0.7440724881653128,0.8390933141936723,0.6468330545378236,0.10813476273613847,0.6470588235294118,0.5207100591715976,0.8908355795148248,0.9322990126939351,200.0
7,1,4,2634,878,878,thy_locked,uncalibrated,878,169,0.19248291571753987,0.4499999999999999,0.6781028095091077,0.8390933141936723,0.6468330545378236,0.16067978885055065,0.4086687306501548,0.7810650887573964,0.9333333333333333,0.7306064880112835,200.0
7,1,4,2634,878,878,thy_own,calibrated,878,169,0.19248291571753987,0.3999999999999999,0.741446905766526,0.8379666335617296,0.6454982016117935,0.10772254294216778,0.6190476190476191,0.5384615384615384,0.893296853625171,0.921015514809591,200.0
7,1,4,2634,878,878,thy_own,uncalibrated,878,169,0.19248291571753987,0.3999999999999999,0.6457787322849932,0.8379666335617296,0.6454982016117935,0.15439134684853906,0.37066666666666664,0.8224852071005917,0.9403578528827038,0.6671368124118476,200.0
7,2,0,2634,878,878,base,calibrated,878,168,0.19134396355353075,0.30999999999999994,0.7350393260442452,0.8508886653252851,0.6042968012484824,0.11001108911031675,0.5757575757575758,0.5654761904761905,0.8976157082748948,0.9014084507042254,117.7
7,2,0,2634,878,878,base,uncalibrated,878,168,0.19134396355353075,0.30999999999999994,0.5679675816488976,0.8508886653252851,0.6042968012484824,0.14991685858537773,0.30985915492957744,0.9166666666666666,0.963254593175853,0.5169014084507042,117.7
7,2,0,2634,878,878,thy_locked,calibrated,878,168,0.19134396355353075,0.30999999999999994,0.7362850277514552,0.8574782025486251,0.624472382026798,0.10776226801076876,0.5792682926829268,0.5654761904761905,0.8977591036414566,0.9028169014084507,117.7
7,2,0,2634,878,878,thy_locked,uncalibrated,878,168,0.19134396355353075,0.30999999999999994,0.5713851565518844,0.8574782025486251,0.624472382026798,0.1479584966578806,0.313373253493014,0.9345238095238095,0.9708222811671088,0.5154929577464789,117.7
7,2,0,2634,878,878,thy_own,calibrated,878,168,0.19134396355353075,0.37999999999999995,0.7374401913875598,0.8569081153588196,0.6252387717565068,0.1082574717274117,0.6323529411764706,0.5119047619047619,0.889487870619946,0.9295774647887324,117.7
7,2,0,2634,878,878,thy_own,uncalibrated,878,168,0.19134396355353075,0.37999999999999995,0.6947652576518555,0.8569081153588196,0.6252387717565068,0.14076326123526142,0.42507645259938837,0.8273809523809523,0.9473684210526315,0.7352112676056338,117.7
7,2,1,2634,878,878,base,calibrated,878,168,0.19134396355353075,0.25999999999999995,0.710056788356001,0.8300217974513748,0.5910639018173057,0.11208908639077753,0.48826291079812206,0.6190476190476191,0.9037593984962407,0.8464788732394366,118.6
7,2,1,2634,878,878,base,uncalibrated,878,168,0.19134396355353075,0.25999999999999995,0.4425090931895146,0.8300217974513748,0.5910639018173057,0.15829810694887766,0.25,0.9464285714285714,0.9628099173553719,0.32816901408450705,118.6
7,2,1,2634,878,878,thy_locked,calibrated,878,168,0.19134396355353075,0.25999999999999995,0.719825806209408,0.8331656606304494,0.5988765240078225,0.11168825808451219,0.4954954954954955,0.6547619047619048,0.9115853658536586,0.8422535211267606,118.6
7,2,1,2634,878,878,thy_locked,uncalibrated,878,168,0.19134396355353075,0.25999999999999995,0.4324291917986039,0.8331656606304494,0.5988765240078225,0.15755907969570196,0.24769230769230768,0.9583333333333334,0.9692982456140351,0.3112676056338028,118.6
7,2,1,2634,878,878,thy_own,calibrated,878,168,0.19134396355353075,0.38999999999999996,0.7286101678566652,0.8330231388329981,0.5883430560168627,0.11199983159561343,0.5906040268456376,0.5238095238095238,0.8902606310013718,0.9140845070422535,118.6
7,2,1,2634,878,878,thy_own,uncalibrated,878,168,0.19134396355353075,0.38999999999999996,0.6516319641559996,0.8330231388329981,0.5883430560168627,0.15247834848749064,0.37567567567567567,0.8273809523809523,0.9429133858267716,0.6746478873239437,118.6
7,2,2,2634,878,878,base,calibrated,878,169,0.19248291571753987,0.37999999999999995,0.7249486344653555,0.8145900968945343,0.6081838579853056,0.11408804521193515,0.577922077922078,0.5266272189349113,0.8895027624309392,0.9083215796897038,119.1
7,2,2,2634,878,878,base,uncalibrated,878,169,0.19248291571753987,0.37999999999999995,0.6091604691593961,0.8145900968945343,0.6081838579853056,0.16447057908353876,0.33726415094339623,0.8461538461538461,0.9427312775330396,0.6036671368124118,119.1
7,2,2,2634,878,878,thy_locked,calibrated,878,169,0.19248291571753987,0.37999999999999995,0.7173610105885377,0.8160088799125362,0.6039339028754319,0.11484466327365224,0.564935064935065,0.514792899408284,0.8867403314917127,0.9055007052186178,119.1
7,2,2,2634,878,878,thy_locked,uncalibrated,878,169,0.19248291571753987,0.37999999999999995,0.5986924323073363,0.8160088799125362,0.6039339028754319,0.16344077405102478,0.32786885245901637,0.8284023668639053,0.9356984478935698,0.5952045133991537,119.1
7,2,2,2634,878,878,thy_own,calibrated,878,169,0.19248291571753987,0.41999999999999993,0.7213366670091677,0.8167516545513724,0.6063480493331165,0.1141235961299426,0.6136363636363636,0.47928994082840237,0.8820375335120644,0.9280677009873061,119.1
7,2,2,2634,878,878,thy_own,uncalibrated,878,169,0.19248291571753987,0.41999999999999993,0.6578794602030997,0.8167516545513724,0.6063480493331165,0.15683305884422943,0.3855421686746988,0.757396449704142,0.924908424908425,0.7122708039492243,119.1
7,2,3,2634,878,878,base,calibrated,878,169,0.19248291571753987,0.3999999999999999,0.7466528162511542,0.8646397543001645,0.6470531986857754,0.10453210372038421,0.6363636363636364,0.5384615384615384,0.8938775510204081,0.926657263751763,118.2
7,2,3,2634,878,878,base,uncalibrated,878,169,0.19248291571753987,0.3999999999999999,0.623005507248458,0.8646397543001645,0.6470531986857754,0.16387227177872504,0.35091743119266056,0.9053254437869822,0.9638009049773756,0.6008462623413258,118.2
7,2,3,2634,878,878,thy_locked,calibrated,878,169,0.19248291571753987,0.3999999999999999,0.7530239099859353,0.8691715141753116,0.6418911349214603,0.10369793960903267,0.6394557823129252,0.5562130177514792,0.8974008207934336,0.92524682651622,118.2
7,2,3,2634,878,878,thy_locked,uncalibrated,878,169,0.19248291571753987,0.3999999999999999,0.6381420079873688,0.8691715141753116,0.6418911349214603,0.16233305552739177,0.3640661938534279,0.9112426035502958,0.967032967032967,0.6205923836389281,118.2
7,2,3,2634,878,878,thy_own,calibrated,878,169,0.19248291571753987,0.32999999999999996,0.7415801202539629,0.8663172565743902,0.6422258747116515,0.10400364900826659,0.5585106382978723,0.621301775147929,0.9072463768115943,0.8829337094499294,118.2
7,2,3,2634,878,878,thy_own,uncalibrated,878,169,0.19248291571753987,0.32999999999999996,0.5524254450311336,0.8663172565743902,0.6422258747116515,0.15529200553961553,0.30451127819548873,0.9585798816568047,0.9797687861271677,0.4781382228490832,118.2
7,2,4,2634,878,878,base,calibrated,878,169,0.19248291571753987,0.42999999999999994,0.7185824302433361,0.8330008929987232,0.5900756471838123,0.11412200121886151,0.5686274509803921,0.514792899408284,0.886896551724138,0.9069111424541608,120.1
7,2,4,2634,878,878,base,uncalibrated,878,169,0.19248291571753987,0.42999999999999994,0.6409258077124484,0.8330008929987232,0.5900756471838123,0.1707853112811555,0.36578947368421055,0.8224852071005917,0.9397590361445783,0.6600846262341326,120.1
7,2,4,2634,878,878,thy_locked,calibrated,878,169,0.19248291571753987,0.42999999999999994,0.733810675697468,0.8343946386693484,0.607607483317623,0.11209095243830929,0.5897435897435898,0.5443786982248521,0.8933518005540166,0.9097320169252469,120.1
7,2,4,2634,878,878,thy_locked,uncalibrated,878,169,0.19248291571753987,0.42999999999999994,0.6612045044006303,0.8343946386693484,0.607607483317623,0.16758798866917105,0.3867403314917127,0.8284023668639053,0.9437984496124031,0.68688293370945,120.1
7,2,4,2634,878,878,thy_own,calibrated,878,169,0.19248291571753987,0.4599999999999999,0.726923597025017,0.834469750711478,0.6043624296023162,0.1118850756886889,0.6131386861313869,0.4970414201183432,0.8852901484480432,0.92524682651622,120.1
7,2,4,2634,878,878,thy_own,uncalibrated,878,169,0.19248291571753987,0.4599999999999999,0.6842033634684553,0.834469750711478,0.6043624296023162,0.16063089469648534,0.416403785488959,0.7810650887573964,0.9340463458110517,0.7390691114245416,120.1
7,3,0,2634,878,878,base,calibrated,878,168,0.19134396355353075,0.41999999999999993,0.7341810475325462,0.8568494299128102,0.6313668058191316,0.1063840639623341,0.6666666666666666,0.47619047619047616,0.8839050131926122,0.9436619718309859,119.1
7,3,0,2634,878,878,base,uncalibrated,878,168,0.19134396355353075,0.41999999999999993,0.6764258012511389,0.8568494299128102,0.6313668058191316,0.15305134014287342,0.4028985507246377,0.8273809523809523,0.9455909943714822,0.7098591549295775,119.1
7,3,0,2634,878,878,thy_locked,calibrated,878,168,0.19134396355353075,0.41999999999999993,0.7385372753752664,0.8580985915492958,0.6294710166150932,0.10630266828791742,0.6587301587301587,0.49404761904761907,0.886968085106383,0.9394366197183098,119.1
7,3,0,2634,878,878,thy_locked,uncalibrated,878,168,0.19134396355353075,0.41999999999999993,0.681740548155535,0.8580985915492958,0.6294710166150932,0.15256796553488916,0.4094955489614243,0.8214285714285714,0.944547134935305,0.719718309859155,119.1
7,3,0,2634,878,878,thy_own,calibrated,878,168,0.19134396355353075,0.4499999999999999,0.7254058527478661,0.8573692152917505,0.6290733133845114,0.10643595160900282,0.6666666666666666,0.4523809523809524,0.8795811518324608,0.9464788732394366,119.1
7,3,0,2634,878,878,thy_own,uncalibrated,878,168,0.19134396355353075,0.4499999999999999,0.7188165044732329,0.8573692152917505,0.6290733133845114,0.14634841540230617,0.46715328467153283,0.7619047619047619,0.9337748344370861,0.7943661971830986,119.1
7,3,1,2634,878,878,base,calibrated,878,168,0.19134396355353075,0.4099999999999999,0.6945981389580844,0.7962441314553991,0.5364634456510835,0.12314707936732258,0.5225806451612903,0.48214285714285715,0.8796680497925311,0.895774647887324,117.6
7,3,1,2634,878,878,base,uncalibrated,878,168,0.19134396355353075,0.4099999999999999,0.6246578885313738,0.7962441314553991,0.5364634456510835,0.17042224325496,0.3485254691689008,0.7738095238095238,0.9247524752475248,0.6577464788732394,117.6
7,3,1,2634,878,878,thy_locked,calibrated,878,168,0.19134396355353075,0.4099999999999999,0.6942896935933147,0.8021042924211937,0.5475226806597785,0.12122088104750066,0.5263157894736842,0.47619047619047616,0.8787878787878788,0.8985915492957747,117.6
7,3,1,2634,878,878,thy_locked,uncalibrated,878,168,0.19134396355353075,0.4099999999999999,0.6345921949866075,0.8021042924211937,0.5475226806597785,0.16776965882572845,0.3584905660377358,0.7916666666666666,0.9309664694280079,0.6647887323943662,117.6
7,3,1,2634,878,878,thy_own,calibrated,878,168,0.19134396355353075,0.27999999999999997,0.7020470717022441,0.8012323943661972,0.5411133310931634,0.12178519065261828,0.46218487394957986,0.6547619047619048,0.909375,0.819718309859155,117.6
7,3,1,2634,878,878,thy_own,uncalibrated,878,168,0.19134396355353075,0.27999999999999997,0.5107508157546468,0.8012323943661972,0.5411133310931634,0.16105142243764628,0.27617328519855594,0.9107142857142857,0.9537037037037037,0.4352112676056338,117.6
7,3,2,2634,878,878,base,calibrated,878,169,0.19248291571753987,0.3499999999999999,0.7439176941574,0.8570868211749194,0.6281221513564923,0.10649158040651541,0.6103896103896104,0.5562130177514792,0.8964088397790055,0.9153737658674189,117.4
7,3,2,2634,878,878,base,uncalibrated,878,169,0.19248291571753987,0.3499999999999999,0.5937943371784591,0.8570868211749194,0.6281221513564923,0.15672921941726994,0.3283582089552239,0.9112426035502958,0.9633251833740831,0.5557122708039492,117.4
7,3,2,2634,878,878,thy_locked,calibrated,878,169,0.19248291571753987,0.3499999999999999,0.7447903923647489,0.857454035603108,0.6278403371212256,0.10661517725233277,0.5892857142857143,0.5857988165680473,0.9014084507042254,0.9026798307475318,117.4
7,3,2,2634,878,878,thy_locked,uncalibrated,878,169,0.19248291571753987,0.3499999999999999,0.5812400635930048,0.857454035603108,0.6278403371212256,0.15651446891576415,0.31865828092243187,0.8994082840236687,0.9576059850374065,0.5416078984485191,117.4
7,3,2,2634,878,878,thy_own,calibrated,878,169,0.19248291571753987,0.3999999999999999,0.7294838335508192,0.8567362983116481,0.6259510558477052,0.10697576917321368,0.6222222222222222,0.4970414201183432,0.8855989232839838,0.9280677009873061,117.4
7,3,2,2634,878,878,thy_own,uncalibrated,878,169,0.19248291571753987,0.3999999999999999,0.6763968745392894,0.8567362983116481,0.6259510558477052,0.1498530709285647,0.4022038567493113,0.863905325443787,0.9553398058252427,0.693935119887165,117.4
7,3,3,2634,878,878,base,calibrated,878,169,0.19248291571753987,0.37999999999999995,0.736324860724234,0.8522713046961716,0.6284019729875674,0.10757598240413224,0.6026490066225165,0.5384615384615384,0.8927097661623109,0.9153737658674189,120.0
7,3,3,2634,878,878,base,uncalibrated,878,169,0.19248291571753987,0.37999999999999995,0.6470275270764867,0.8522713046961716,0.6284019729875674,0.15511241336410936,0.3717948717948718,0.8579881656804734,0.9508196721311475,0.6544428772919605,120.0
7,3,3,2634,878,878,thy_locked,calibrated,878,169,0.19248291571753987,0.37999999999999995,0.7524269889224572,0.8526134817769839,0.6267042807873061,0.10699623287185812,0.6111111111111112,0.5857988165680473,0.9022346368715084,0.9111424541607899,120.0
7,3,3,2634,878,878,thy_locked,uncalibrated,878,169,0.19248291571753987,0.37999999999999995,0.6444569043391584,0.8526134817769839,0.6267042807873061,0.15428010326804129,0.3693467336683417,0.8698224852071006,0.9541666666666667,0.6459802538787024,120.0
7,3,3,2634,878,878,thy_own,calibrated,878,169,0.19248291571753987,0.4699999999999999,0.7302041917361576,0.8507523722886638,0.6277942067339671,0.10724123614229518,0.6557377049180327,0.47337278106508873,0.8822751322751323,0.9407616361071932,120.0
7,3,3,2634,878,878,thy_own,uncalibrated,878,169,0.19248291571753987,0.4699999999999999,0.7250380024771985,0.8507523722886638,0.6277942067339671,0.1490595676647402,0.4826254826254826,0.7396449704142012,0.9289176090468497,0.8110014104372355,120.0
7,3,4,2634,878,878,base,calibrated,878,169,0.19248291571753987,0.3999999999999999,0.7425219941348973,0.8345114796237721,0.6261098233101258,0.1102297092767685,0.5962732919254659,0.5680473372781065,0.898186889818689,0.9083215796897038,120.9
7,3,4,2634,878,878,base,uncalibrated,878,169,0.19248291571753987,0.3999999999999999,0.627181756094664,0.8345114796237721,0.6261098233101258,0.16426309439580328,0.3526448362720403,0.8284023668639053,0.9397089397089398,0.6375176304654443,120.9
7,3,4,2634,878,878,thy_locked,calibrated,878,169,0.19248291571753987,0.3999999999999999,0.733810675697468,0.8367648408876573,0.6362426229115549,0.10927899535151864,0.5897435897435898,0.5443786982248521,0.8933518005540166,0.9097320169252469,120.9
7,3,4,2634,878,878,thy_locked,uncalibrated,878,169,0.19248291571753987,0.3999999999999999,0.6207567823437177,0.8367648408876573,0.6362426229115549,0.1627406151143986,0.34663341645885287,0.8224852071005917,0.9371069182389937,0.6304654442877292,120.9
7,3,4,2634,878,878,thy_own,calibrated,878,169,0.19248291571753987,0.3499999999999999,0.7287601032994857,0.838242044382871,0.6366107181262588,0.10912639532470247,0.5434782608695652,0.591715976331361,0.9005763688760807,0.8815232722143864,120.9
7,3,4,2634,878,878,thy_own,uncalibrated,878,169,0.19248291571753987,0.3499999999999999,0.6015507005495883,0.838242044382871,0.6366107181262588,0.15442615857315778,0.33181818181818185,0.863905325443787,0.9474885844748858,0.5853314527503526,120.9
7,4,0,2634,878,878,base,calibrated,878,168,0.19134396355353075,0.27999999999999997,0.6976326644326984,0.8335764587525151,0.568405083149084,0.11737140047590522,0.47572815533980584,0.5833333333333334,0.8958333333333334,0.847887323943662,161.5
7,4,0,2634,878,878,base,uncalibrated,878,168,0.19134396355353075,0.27999999999999997,0.4794441311295244,0.8335764587525151,0.568405083149084,0.16151279785221997,0.2676518883415435,0.9702380952380952,0.9814126394052045,0.37183098591549296,161.5
7,4,0,2634,878,878,thy_locked,calibrated,878,168,0.19134396355353075,0.27999999999999997,0.7033350995615146,0.8364185110663984,0.5702471223920086,0.1167318019017205,0.48095238095238096,0.6011904761904762,0.8997005988023952,0.8464788732394366,161.5
7,4,0,2634,878,878,thy_locked,uncalibrated,878,168,0.19134396355353075,0.27999999999999997,0.46410683599480285,0.8364185110663984,0.5702471223920086,0.1605289076610723,0.26121794871794873,0.9702380952380952,0.9803149606299213,0.35070422535211265,161.5
7,4,0,2634,878,878,thy_own,calibrated,878,168,0.19134396355353075,0.37999999999999995,0.7161442168425409,0.8365191146881289,0.5690408322302392,0.11732844274030113,0.5576923076923077,0.5178571428571429,0.8878116343490304,0.9028169014084507,161.5
7,4,0,2634,878,878,thy_own,uncalibrated,878,168,0.19134396355353075,0.37999999999999995,0.6634307835665422,0.8365191146881289,0.5690408322302392,0.1540113304653477,0.38726790450928383,0.8690476190476191,0.9560878243512974,0.6746478873239437,161.5
7,4,1,2634,878,878,base,calibrated,878,168,0.19134396355353075,0.38999999999999996,0.7272661181058128,0.84079476861167,0.6317911280629276,0.10825142130221163,0.5918367346938775,0.5178571428571429,0.8891928864569083,0.9154929577464789,162.3
7,4,1,2634,878,878,base,uncalibrated,878,168,0.19134396355353075,0.38999999999999996,0.6260449650748146,0.84079476861167,0.6317911280629276,0.16096703739191306,0.35121951219512193,0.8571428571428571,0.9487179487179487,0.6253521126760564,162.3
7,4,1,2634,878,878,thy_locked,calibrated,878,168,0.19134396355353075,0.38999999999999996,0.7440603478009324,0.8429242119382965,0.6343535282223322,0.1075042781000066,0.6293706293706294,0.5357142857142857,0.8938775510204081,0.9253521126760563,162.3
7,4,1,2634,878,878,thy_locked,uncalibrated,878,168,0.19134396355353075,0.38999999999999996,0.623080906206158,0.8429242119382965,0.6343535282223322,0.1601436299115634,0.34814814814814815,0.8392857142857143,0.9429175475687104,0.6281690140845071,162.3
7,4,1,2634,878,878,thy_own,calibrated,878,168,0.19134396355353075,0.36999999999999994,0.7401462395543175,0.8434942991281018,0.6362662088616828,0.1071126498293055,0.6052631578947368,0.5476190476190477,0.8953168044077136,0.9154929577464789,162.3
7,4,1,2634,878,878,thy_own,uncalibrated,878,168,0.19134396355353075,0.36999999999999994,0.6204903969704614,0.8434942991281018,0.6362662088616828,0.15224391766691617,0.345679012345679,0.8333333333333334,0.9408033826638478,0.6267605633802817,162.3
7,4,2,2634,878,878,base,calibrated,878,169,0.19248291571753987,0.32999999999999996,0.7605907058770448,0.8556346550270821,0.6645316630261111,0.10338053198724975,0.5757575757575758,0.6745562130177515,0.9191176470588235,0.8815232722143864,162.0
7,4,2,2634,878,878,base,uncalibrated,878,169,0.19248291571753987,0.32999999999999996,0.5482821766923367,0.8556346550270821,0.6645316630261111,0.1596771844261629,0.29961832061068705,0.9289940828402367,0.9661016949152542,0.4823695345557123,162.0
7,4,2,2634,878,878,thy_locked,calibrated,878,169,0.19248291571753987,0.32999999999999996,0.7765395940358351,0.8597992004740403,0.6648539835208259,0.10273645386764202,0.5979899497487438,0.7041420118343196,0.9263622974963182,0.8871650211565585,162.0
7,4,2,2634,878,878,thy_locked,uncalibrated,878,169,0.19248291571753987,0.32999999999999996,0.5453860333983951,0.8597992004740403,0.6648539835208259,0.15808901834704162,0.29791271347248577,0.9289940828402367,0.9658119658119658,0.4781382228490832,162.0
7,4,2,2634,878,878,thy_own,calibrated,878,169,0.19248291571753987,0.3499999999999999,0.7800722136350584,0.8627118785521737,0.667457757789423,0.10174652207145729,0.6277777777777778,0.6686390532544378,0.9197707736389685,0.9055007052186178,162.0
7,4,2,2634,878,878,thy_own,uncalibrated,878,169,0.19248291571753987,0.3499999999999999,0.6118302081610067,0.8627118785521737,0.667457757789423,0.14946053366193154,0.3415730337078652,0.8994082840236687,0.9607390300230947,0.5867418899858956,162.0
7,4,3,2634,878,878,base,calibrated,878,169,0.19248291571753987,0.3999999999999999,0.7161442168425409,0.8198479398436002,0.5759418972859478,0.11544059832705393,0.5612903225806452,0.514792899408284,0.8865836791147994,0.9040902679830748,161.2
7,4,3,2634,878,878,base,uncalibrated,878,169,0.19248291571753987,0.3999999999999999,0.631433347721545,0.8198479398436002,0.5759418972859478,0.16614720240958275,0.35678391959798994,0.8402366863905325,0.94375,0.6389280677009873,161.2
7,4,3,2634,878,878,thy_locked,calibrated,878,169,0.19248291571753987,0.3999999999999999,0.7172179665738161,0.8219677685881441,0.5874817613228209,0.11408855532644405,0.5695364238410596,0.5088757396449705,0.8858321870701513,0.9083215796897038,161.2
7,4,3,2634,878,878,thy_locked,uncalibrated,878,169,0.19248291571753987,0.3999999999999999,0.6367985611510791,0.8219677685881441,0.5874817613228209,0.16433760858578997,0.36175710594315247,0.8284023668639053,0.9409368635437881,0.6516220028208745,161.2
7,4,3,2634,878,878,thy_own,calibrated,878,169,0.19248291571753987,0.42999999999999994,0.726923597025017,0.8231278323499218,0.5782758033733176,0.11436008201366173,0.6131386861313869,0.4970414201183432,0.8852901484480432,0.92524682651622,161.2
7,4,3,2634,878,878,thy_own,uncalibrated,878,169,0.19248291571753987,0.42999999999999994,0.6690507431352435,0.8231278323499218,0.5782758033733176,0.15824392009502336,0.39759036144578314,0.7810650887573964,0.9322344322344323,0.7179125528913963,161.2
7,4,4,2634,878,878,base,calibrated,878,169,0.19248291571753987,0.37999999999999995,0.7200368941305376,0.8474808255648008,0.6073792392202692,0.11109870852336784,0.5632911392405063,0.5266272189349113,0.8888888888888888,0.9026798307475318,161.9
7,4,4,2634,878,878,base,uncalibrated,878,169,0.19248291571753987,0.37999999999999995,0.6417945804617619,0.8474808255648008,0.6073792392202692,0.1582512821617975,0.3671497584541063,0.8994082840236687,0.9633620689655172,0.6304654442877292,161.9
7,4,4,2634,878,878,thy_locked,calibrated,878,169,0.19248291571753987,0.37999999999999995,0.7325696564092843,0.8496340374391802,0.6130472554427638,0.1100815689788267,0.58125,0.5502958579881657,0.8941504178272981,0.9055007052186178,161.9
7,4,4,2634,878,878,thy_locked,uncalibrated,878,169,0.19248291571753987,0.37999999999999995,0.6473728973728974,0.8496340374391802,0.6130472554427638,0.15639799076919675,0.37220843672456577,0.8875739644970414,0.96,0.6431593794076164,161.9
7,4,4,2634,878,878,thy_own,calibrated,878,169,0.19248291571753987,0.36999999999999994,0.7276601236981199,0.8499678687375336,0.61101924737663,0.10986723497047572,0.5588235294117647,0.5621301775147929,0.8954802259887006,0.8942172073342737,161.9
7,4,4,2634,878,878,thy_own,uncalibrated,878,169,0.19248291571753987,0.36999999999999994,0.6545717913410469,0.8499678687375336,0.61101924737663,0.1502898883353955,0.3791348600508906,0.8816568047337278,0.9587628865979382,0.6558533145275035,161.9
7,5,0,2634,878,878,base,calibrated,878,168,0.19134396355353075,0.27999999999999997,0.7245079004067629,0.8338615023474178,0.6219832583175957,0.11016839233289896,0.5069767441860465,0.6488095238095238,0.9110105580693816,0.8507042253521127,161.1
7,5,0,2634,878,878,base,uncalibrated,878,168,0.19134396355353075,0.27999999999999997,0.4590080547048706,0.8338615023474178,0.6219832583175957,0.16165497489625497,0.2564516129032258,0.9464285714285714,0.9651162790697675,0.35070422535211265,161.1
7,5,0,2634,878,878,thy_locked,calibrated,878,168,0.19134396355353075,0.27999999999999997,0.715558839410043,0.8342219986586183,0.6255714249488993,0.10950076829538972,0.4930875576036866,0.6369047619047619,0.9077155824508321,0.8450704225352113,161.1
7,5,0,2634,878,878,thy_locked,uncalibrated,878,168,0.19134396355353075,0.27999999999999997,0.4623336126398664,0.8342219986586183,0.6255714249488993,0.15937957544741702,0.25848142164781907,0.9523809523809523,0.9691119691119691,0.35352112676056335,161.1
7,5,0,2634,878,878,thy_own,calibrated,878,168,0.19134396355353075,0.26999999999999996,0.7255392310096905,0.8333920187793427,0.6205961129859652,0.10985704028422764,0.5069124423963134,0.6547619047619048,0.9122541603630863,0.8492957746478873,161.1
7,5,0,2634,878,878,thy_own,uncalibrated,878,168,0.19134396355353075,0.26999999999999996,0.4896558663981495,0.8333920187793427,0.6205961129859652,0.1534082584117182,0.26837606837606837,0.9345238095238095,0.962457337883959,0.3971830985915493,161.1
7,5,1,2634,878,878,base,calibrated,878,168,0.19134396355353075,0.3499999999999999,0.7047119727478495,0.8135060362173039,0.5524635365182364,0.11963823002994793,0.5142857142857142,0.5357142857142857,0.8890469416785206,0.8802816901408451,161.2
7,5,1,2634,878,878,base,uncalibrated,878,168,0.19134396355353075,0.3499999999999999,0.5885056692415414,0.8135060362173039,0.5524635365182364,0.16599960663902075,0.3217391304347826,0.8809523809523809,0.9521531100478469,0.5605633802816902,161.2
7,5,1,2634,878,878,thy_locked,calibrated,878,168,0.19134396355353075,0.3499999999999999,0.7106784245049377,0.8118460764587525,0.5486938766440022,0.11972065055568337,0.5260115606936416,0.5416666666666666,0.8907801418439716,0.8845070422535212,161.2
7,5,1,2634,878,878,thy_locked,uncalibrated,878,168,0.19134396355353075,0.3499999999999999,0.5924071542492595,0.8118460764587525,0.5486938766440022,0.1641390056640659,0.3236607142857143,0.8630952380952381,0.9465116279069767,0.5732394366197183,161.2
7,5,1,2634,878,878,thy_own,calibrated,878,168,0.19134396355353075,0.29,0.701109241126071,0.8109657947686116,0.5472329688699128,0.12048290475670366,0.47641509433962265,0.6011904761904762,0.8993993993993994,0.8436619718309859,161.2
7,5,1,2634,878,878,thy_own,uncalibrated,878,168,0.19134396355353075,0.29,0.5179599523734736,0.8109657947686116,0.5472329688699128,0.1601326233883618,0.28051001821493626,0.9166666666666666,0.9574468085106383,0.44366197183098594,161.2
7,5,2,2634,878,878,base,calibrated,878,169,0.19248291571753987,0.35999999999999993,0.743431810410039,0.8431243271212893,0.6546758947914261,0.10694633248918929,0.5813953488372093,0.591715976331361,0.9022662889518414,0.8984485190409027,161.6
7,5,2,2634,878,878,base,uncalibrated,878,169,0.19248291571753987,0.35999999999999993,0.5882775455154642,0.8431243271212893,0.6546758947914261,0.15899852494652641,0.32158590308370044,0.863905325443787,0.9457547169811321,0.5655853314527504,161.6
7,5,2,2634,878,878,thy_locked,calibrated,878,169,0.19248291571753987,0.35999999999999993,0.7409436325333895,0.8504018494253929,0.6727511016530551,0.10429605486001689,0.5747126436781609,0.591715976331361,0.9019886363636364,0.8956276445698167,161.6
7,5,2,2634,878,878,thy_locked,uncalibrated,878,169,0.19248291571753987,0.35999999999999993,0.5970548576803452,0.8504018494253929,0.6727511016530551,0.15636945642109948,0.3288888888888889,0.8757396449704142,0.9509345794392523,0.5740479548660085,161.6
7,5,2,2634,878,878,thy_own,calibrated,878,169,0.19248291571753987,0.32999999999999996,0.744929958611907,0.8509359795027582,0.6764594858317505,0.10373428055235266,0.5602094240837696,0.6331360946745562,0.9097525473071325,0.8815232722143864,161.6
7,5,2,2634,878,878,thy_own,uncalibrated,878,169,0.19248291571753987,0.32999999999999996,0.5843334480602949,0.8509359795027582,0.6764594858317505,0.14963059560036077,0.3197424892703863,0.8816568047337278,0.9514563106796117,0.5528913963328632,161.6
7,5,3,2634,878,878,base,calibrated,878,169,0.19248291571753987,0.33999999999999997,0.7491346656217346,0.8663089107919314,0.6453641536210674,0.1048765682986305,0.5810055865921788,0.6153846153846154,0.9070100143061517,0.8942172073342737,160.0
7,5,3,2634,878,878,base,uncalibrated,878,169,0.19248291571753987,0.33999999999999997,0.5781420584473603,0.8663089107919314,0.6453641536210674,0.15757982626796987,0.3192771084337349,0.9408284023668639,0.9736842105263158,0.5218617771509168,160.0
7,5,3,2634,878,878,thy_locked,calibrated,878,169,0.19248291571753987,0.33999999999999997,0.7508891393131449,0.8695637659508768,0.6402968287514074,0.10473355663997408,0.5714285714285714,0.6390532544378699,0.9114658925979681,0.8857545839210155,160.0
7,5,3,2634,878,878,thy_locked,uncalibrated,878,169,0.19248291571753987,0.33999999999999997,0.575733614479002,0.8695637659508768,0.6402968287514074,0.1567173237999102,0.31809145129224653,0.9467455621301775,0.976,0.5162200282087447,160.0
7,5,3,2634,878,878,thy_own,calibrated,878,169,0.19248291571753987,0.38999999999999996,0.7437905099865171,0.869547074385959,0.6448492783461067,0.10409909666239478,0.6,0.5680473372781065,0.8983286908077994,0.9097320169252469,160.0
7,5,3,2634,878,878,thy_own,uncalibrated,878,169,0.19248291571753987,0.38999999999999996,0.679093567251462,0.869547074385959,0.6448492783461067,0.14849361055538265,0.40431266846361186,0.8875739644970414,0.9625246548323472,0.688293370944993,160.0
7,5,4,2634,878,878,base,calibrated,878,169,0.19248291571753987,0.26999999999999996,0.7270422399227613,0.8343529097570543,0.578719367495254,0.11311730623525221,0.5194174757281553,0.6331360946745562,0.9077380952380952,0.8603667136812412,161.7
7,5,4,2634,878,878,base,uncalibrated,878,169,0.19248291571753987,0.26999999999999996,0.4926419153631835,0.8343529097570543,0.578719367495254,0.15566094841949737,0.272108843537415,0.9467455621301775,0.9689655172413794,0.39633286318758815,161.7
7,5,4,2634,878,878,thy_locked,calibrated,878,169,0.19248291571753987,0.26999999999999996,0.7346924724602204,0.8370986721860108,0.5851266240910914,0.11214372537280372,0.5260663507109005,0.6568047337278107,0.9130434782608695,0.8589562764456982,161.7
7,5,4,2634,878,878,thy_locked,uncalibrated,878,169,0.19248291571753987,0.26999999999999996,0.47279600253848797,0.8370986721860108,0.5851266240910914,0.15498527174403404,0.2639344262295082,0.9526627218934911,0.9701492537313433,0.36671368124118475,161.7
7,5,4,2634,878,878,thy_own,calibrated,878,169,0.19248291571753987,0.31999999999999995,0.7240440020953378,0.8395189490990729,0.5950639960511714,0.11180263915508619,0.5454545454545454,0.5680473372781065,0.896011396011396,0.8871650211565585,161.7
7,5,4,2634,878,878,thy_own,uncalibrated,878,169,0.19248291571753987,0.31999999999999995,0.5852831525498069,0.8395189490990729,0.5950639960511714,0.1486578466944944,0.3204301075268817,0.8816568047337278,0.9515738498789347,0.5543018335684062,161.7
7,6,0,2634,878,878,base,calibrated,878,168,0.19134396355353075,0.38999999999999996,0.7283220922723685,0.8335429242119384,0.5804655474058686,0.11400080235568655,0.6071428571428571,0.5059523809523809,0.8875338753387534,0.9225352112676056,210.0
7,6,0,2634,878,878,base,uncalibrated,878,168,0.19134396355353075,0.38999999999999996,0.6418521930156357,0.8335429242119384,0.5804655474058686,0.15986319918068612,0.3659147869674185,0.8690476190476191,0.954070981210856,0.643661971830986,210.0
7,6,0,2634,878,878,thy_locked,calibrated,878,168,0.19134396355353075,0.38999999999999996,0.7158352358709248,0.834289067739772,0.5777287600264576,0.11445452372274785,0.5666666666666667,0.5059523809523809,0.885989010989011,0.9084507042253521,210.0
7,6,0,2634,878,878,thy_locked,uncalibrated,878,168,0.19134396355353075,0.38999999999999996,0.6428244796151676,0.834289067739772,0.5777287600264576,0.1603625957400653,0.36683417085427134,0.8690476190476191,0.9541666666666667,0.6450704225352113,210.0
7,6,0,2634,878,878,thy_own,calibrated,878,168,0.19134396355353075,0.35999999999999993,0.7252354849072049,0.83336686787391,0.5843535249216275,0.11398479011602203,0.5491329479768786,0.5654761904761905,0.8964539007092198,0.8901408450704226,210.0
7,6,0,2634,878,878,thy_own,uncalibrated,878,168,0.19134396355353075,0.35999999999999993,0.6292751583391978,0.83336686787391,0.5843535249216275,0.15364518029114368,0.35436893203883496,0.8690476190476191,0.9527896995708155,0.6253521126760564,210.0
7,6,1,2634,878,878,base,calibrated,878,168,0.19134396355353075,0.33999999999999997,0.7087191241668426,0.8260228034875923,0.5995034784964521,0.11527792125955014,0.5080213903743316,0.5654761904761905,0.894356005788712,0.8704225352112676,210.2
7,6,1,2634,878,878,base,uncalibrated,878,168,0.19134396355353075,0.33999999999999997,0.5727780667460863,0.8260228034875923,0.5995034784964521,0.16213187323772632,0.310126582278481,0.875,0.948019801980198,0.5394366197183098,210.2
7,6,1,2634,878,878,thy_locked,calibrated,878,168,0.19134396355353075,0.33999999999999997,0.7036956739609305,0.824538900067069,0.6052094714502643,0.11437147792770377,0.5083798882681564,0.5416666666666666,0.8898426323319027,0.8760563380281691,210.2
7,6,1,2634,878,878,thy_locked,uncalibrated,878,168,0.19134396355353075,0.33999999999999997,0.5708867688457929,0.824538900067069,0.6052094714502643,0.16043220182075751,0.3088235294117647,0.875,0.9477611940298507,0.5366197183098591,210.2
7,6,1,2634,878,878,thy_own,calibrated,878,168,0.19134396355353075,0.43999999999999995,0.7068407460154136,0.825972501676727,0.5979526287643032,0.11499048133934796,0.5777777777777777,0.4642857142857143,0.8788694481830417,0.9197183098591549,210.2
7,6,1,2634,878,878,thy_own,uncalibrated,878,168,0.19134396355353075,0.43999999999999995,0.6888109480063764,0.825972501676727,0.5979526287643032,0.15339027781126008,0.4261168384879725,0.7380952380952381,0.9250425894378195,0.7647887323943662,210.2
7,6,2,2634,878,878,base,calibrated,878,169,0.19248291571753987,0.38999999999999996,0.7375971309025702,0.8301800185276371,0.5901481631653154,0.11211644739351805,0.6013071895424836,0.5443786982248521,0.8937931034482759,0.9139633286318759,212.9
7,6,2,2634,878,878,base,uncalibrated,878,169,0.19248291571753987,0.38999999999999996,0.6113596123380859,0.8301800185276371,0.5901481631653154,0.16352163874839784,0.33890214797136037,0.8402366863905325,0.9411764705882353,0.609308885754584,212.9
7,6,2,2634,878,878,thy_locked,calibrated,878,169,0.19248291571753987,0.38999999999999996,0.7438585953923378,0.8332429206900293,0.5970554295301891,0.11075067285856631,0.6050955414012739,0.5621301775147929,0.897364771151179,0.9125528913963329,212.9
7,6,2,2634,878,878,thy_locked,uncalibrated,878,169,0.19248291571753987,0.38999999999999996,0.6167757851788594,0.8332429206900293,0.5970554295301891,0.16155844977113437,0.34375,0.8461538461538461,0.9437229437229437,0.614950634696756,212.9
7,6,2,2634,878,878,thy_own,calibrated,878,169,0.19248291571753987,0.35999999999999993,0.7448899669016398,0.8371988215755167,0.597572129645402,0.11007188687540134,0.593939393939394,0.5798816568047337,0.9004207573632539,0.9055007052186178,212.9
7,6,2,2634,878,878,thy_own,uncalibrated,878,169,0.19248291571753987,0.35999999999999993,0.6104096379933165,0.8371988215755167,0.597572129645402,0.1539312185979977,0.3380952380952381,0.8402366863905325,0.9410480349344978,0.607898448519041,212.9
7,6,3,2634,878,878,base,calibrated,878,169,0.19248291571753987,0.3499999999999999,0.7444430779321937,0.8661753782725898,0.640317437885699,0.10536607648044378,0.576271186440678,0.6035502958579881,0.9044222539229672,0.8942172073342737,213.4
7,6,3,2634,878,878,base,uncalibrated,878,169,0.19248291571753987,0.3499999999999999,0.5969675893726527,0.8661753782725898,0.640317437885699,0.15614323157906143,0.33264033264033266,0.9467455621301775,0.9773299748110831,0.5472496473906912,213.4
7,6,3,2634,878,878,thy_locked,calibrated,878,169,0.19248291571753987,0.3499999999999999,0.7455508751306166,0.8707238297126546,0.6501432437762199,0.10364262056378287,0.5754189944134078,0.6094674556213018,0.9055793991416309,0.8928067700987306,213.4
7,6,3,2634,878,878,thy_locked,uncalibrated,878,169,0.19248291571753987,0.3499999999999999,0.6022416483498045,0.8707238297126546,0.6501432437762199,0.15362248978734033,0.3361522198731501,0.9408284023668639,0.9753086419753086,0.5571227080394923,213.4
7,6,3,2634,878,878,thy_own,calibrated,878,169,0.19248291571753987,0.33999999999999997,0.7470710755106059,0.8689378322664641,0.6453741139143255,0.10348264422045518,0.5872093023255814,0.5976331360946746,0.9036827195467422,0.8998589562764457,213.4
7,6,3,2634,878,878,thy_own,uncalibrated,878,169,0.19248291571753987,0.33999999999999997,0.6208802719052606,0.8689378322664641,0.6453741139143255,0.14543139985509515,0.34977578475336324,0.9230769230769231,0.9699074074074074,0.5909732016925247,213.4
7,6,4,2634,878,878,base,calibrated,878,169,0.19248291571753987,0.38999999999999996,0.7504775123095734,0.845302576343045,0.635953953730314,0.1076792048351104,0.636986301369863,0.5502958579881657,0.8961748633879781,0.92524682651622,212.7
7,6,4,2634,878,878,base,uncalibrated,878,169,0.19248291571753987,0.38999999999999996,0.6340993262894379,0.845302576343045,0.635953953730314,0.15900516618262683,0.35960591133004927,0.863905325443787,0.951271186440678,0.6332863187588152,212.7
7,6,4,2634,878,878,thy_locked,calibrated,878,169,0.19248291571753987,0.38999999999999996,0.741446905766526,0.8475893207367655,0.642622699322822,0.10705345535757062,0.6190476190476191,0.5384615384615384,0.893296853625171,0.921015514809591,212.7
7,6,4,2634,878,878,thy_locked,uncalibrated,878,169,0.19248291571753987,0.38999999999999996,0.633073694693413,0.8475893207367655,0.642622699322822,0.15826719720910196,0.3583959899749373,0.8461538461538461,0.9457202505219207,0.6389280677009873,212.7
7,6,4,2634,878,878,thy_own,calibrated,878,169,0.19248291571753987,0.32999999999999996,0.7491346656217346,0.8460370051994225,0.6408338970996401,0.10712481570383567,0.5810055865921788,0.6153846153846154,0.9070100143061517,0.8942172073342737,212.7
7,6,4,2634,878,878,thy_own,uncalibrated,878,169,0.19248291571753987,0.32999999999999996,0.5829140369756372,0.8460370051994225,0.6408338970996401,0.15240673894697507,0.32172131147540983,0.9289940828402367,0.9692307692307692,0.5331452750352609,212.7
7,7,0,2634,878,878,base,calibrated,878,168,0.19134396355353075,0.25999999999999995,0.7111449639181525,0.8403336686787392,0.6201254832069546,0.11046988851685005,0.468,0.6964285714285714,0.9187898089171974,0.8126760563380282,211.5
7,7,0,2634,878,878,base,uncalibrated,878,168,0.19134396355353075,0.25999999999999995,0.4070526140802926,0.8403336686787392,0.6201254832069546,0.16499696278791234,0.2411764705882353,0.9761904761904762,0.9797979797979798,0.27323943661971833,211.5
7,7,0,2634,878,878,thy_locked,calibrated,878,168,0.19134396355353075,0.25999999999999995,0.714121006698871,0.8422954393024815,0.6235686563301848,0.10989908017226963,0.47035573122529645,0.7083333333333334,0.9216,0.8112676056338028,211.5
7,7,0,2634,878,878,thy_locked,uncalibrated,878,168,0.19134396355353075,0.25999999999999995,0.3960419684250419,0.8422954393024815,0.6235686563301848,0.16263568102302883,0.23768115942028986,0.9761904761904762,0.9787234042553191,0.2591549295774648,211.5
7,7,0,2634,878,878,thy_own,calibrated,878,168,0.19134396355353075,0.3999999999999999,0.7193692733858938,0.8432260228034875,0.6319750384055648,0.10915667505763305,0.5833333333333334,0.5,0.885558583106267,0.9154929577464789,211.5
7,7,0,2634,878,878,thy_own,uncalibrated,878,168,0.19134396355353075,0.3999999999999999,0.6477260983482982,0.8432260228034875,0.6319750384055648,0.15583195655462556,0.3716577540106952,0.8273809523809523,0.9424603174603174,0.6690140845070423,211.5
7,7,1,2634,878,878,base,calibrated,878,168,0.19134396355353075,0.27999999999999997,0.7179634648565159,0.8363011401743796,0.5930362527036364,0.1123949952363456,0.5023923444976076,0.625,0.905829596412556,0.8535211267605634,212.9
7,7,1,2634,878,878,base,uncalibrated,878,168,0.19134396355353075,0.27999999999999997,0.494960901259112,0.8363011401743796,0.5930362527036364,0.15634329868732283,0.27147766323024053,0.9404761904761905,0.9662162162162162,0.4028169014084507,212.9
7,7,1,2634,878,878,thy_locked,calibrated,878,168,0.19134396355353075,0.27999999999999997,0.7248961242422178,0.8400989268947016,0.5995527406037952,0.11090091306106233,0.5172413793103449,0.625,0.9066666666666666,0.8619718309859155,212.9
7,7,1,2634,878,878,thy_locked,uncalibrated,878,168,0.19134396355353075,0.27999999999999997,0.48864163128388327,0.8400989268947016,0.5995527406037952,0.15454926564692545,0.26981450252951095,0.9523809523809523,0.9719298245614035,0.3901408450704225,212.9
7,7,1,2634,878,878,thy_own,calibrated,878,168,0.19134396355353075,0.29,0.722698587382764,0.837583836351442,0.6046106091050032,0.11117863746799633,0.5175879396984925,0.6130952380952381,0.9042709867452136,0.8647887323943662,212.9
7,7,1,2634,878,878,thy_own,uncalibrated,878,168,0.19134396355353075,0.29,0.5435447696193711,0.837583836351442,0.6046106091050032,0.14825335800385184,0.29423076923076924,0.9107142857142857,0.9581005586592178,0.4830985915492958,212.9
7,7,2,2634,878,878,base,calibrated,878,169,0.19248291571753987,0.38999999999999996,0.7117918553033057,0.8403368357800386,0.58292378806732,0.11339882039379337,0.5684931506849316,0.4911242603550296,0.8825136612021858,0.9111424541607899,212.1
7,7,2,2634,878,878,base,uncalibrated,878,169,0.19248291571753987,0.38999999999999996,0.6209310546659944,0.8403368357800386,0.58292378806732,0.16186290428993078,0.34823529411764703,0.8757396449704142,0.9536423841059603,0.609308885754584,212.1
7,7,2,2634,878,878,thy_locked,calibrated,878,169,0.19248291571753987,0.38999999999999996,0.7185824302433361,0.8429657572545715,0.5842747006329063,0.11265519103362555,0.5686274509803921,0.514792899408284,0.886896551724138,0.9069111424541608,212.1
7,7,2,2634,878,878,thy_locked,uncalibrated,878,169,0.19248291571753987,0.38999999999999996,0.6260669175344944,0.8429657572545715,0.5842747006329063,0.16054543280312988,0.35251798561151076,0.8698224852071006,0.9522776572668112,0.6191819464033851,212.1
7,7,2,2634,878,878,thy_own,calibrated,878,169,0.19248291571753987,0.32999999999999996,0.7193003755503755,0.8450355113043624,0.5895628143382439,0.11276016894407037,0.5300546448087432,0.5739644970414202,0.8964028776978418,0.8787023977433004,212.1
7,7,2,2634,878,878,thy_own,uncalibrated,878,169,0.19248291571753987,0.32999999999999996,0.5789144441895865,0.8450355113043624,0.5895628143382439,0.15295631597806011,0.31742738589211617,0.9053254437869822,0.9595959595959596,0.535966149506347,212.1
7,7,3,2634,878,878,base,calibrated,878,169,0.19248291571753987,0.35999999999999993,0.7212578832210734,0.8258652489964196,0.6081028663425805,0.1128488454245813,0.5668789808917197,0.5266272189349113,0.8890429958391124,0.9040902679830748,211.2
7,7,3,2634,878,878,base,uncalibrated,878,169,0.19248291571753987,0.35999999999999993,0.595246760549711,0.8258652489964196,0.6081028663425805,0.16020390618313604,0.32657657657657657,0.8579881656804734,0.9447004608294931,0.5782792665726375,211.2
7,7,3,2634,878,878,thy_locked,calibrated,878,169,0.19248291571753987,0.35999999999999993,0.7325582393067056,0.8285108620358702,0.612280402714414,0.11213381886624706,0.5859872611464968,0.5443786982248521,0.8932038834951457,0.9083215796897038,211.2
7,7,3,2634,878,878,thy_locked,uncalibrated,878,169,0.19248291571753987,0.35999999999999993,0.5958558674105584,0.8285108620358702,0.612280402714414,0.15897410732283135,0.3273542600896861,0.863905325443787,0.9467592592592593,0.5768688293370945,211.2
7,7,3,2634,878,878,thy_own,calibrated,878,169,0.19248291571753987,0.41999999999999993,0.7105494505494505,0.8308560269068027,0.6130676889131841,0.111807089456481,0.5954198473282443,0.46153846153846156,0.8781793842034806,0.92524682651622,211.2
7,7,3,2634,878,878,thy_own,uncalibrated,878,169,0.19248291571753987,0.41999999999999993,0.6659767224425315,0.8308560269068027,0.6130676889131841,0.15309374357336464,0.3956386292834891,0.7514792899408284,0.9245960502692998,0.7263751763046544,211.2
7,7,4,2634,878,878,base,calibrated,878,169,0.19248291571753987,0.37999999999999995,0.7374954731886438,0.8421562163560645,0.6270903823338634,0.1078617667110671,0.5818181818181818,0.5680473372781065,0.8976157082748948,0.9026798307475318,214.6
7,7,4,2634,878,878,base,uncalibrated,878,169,0.19248291571753987,0.37999999999999995,0.6273497368528893,0.8421562163560645,0.6270903823338634,0.158066484080412,0.35351089588377727,0.863905325443787,0.9505376344086022,0.6234132581100141,214.6
7,7,4,2634,878,878,thy_locked,calibrated,878,169,0.19248291571753987,0.37999999999999995,0.7397925453094722,0.8406039008187212,0.6151030391528479,0.10870958486534339,0.5755813953488372,0.5857988165680473,0.9008498583569405,0.8970380818053597,214.6
7,7,4,2634,878,878,thy_locked,uncalibrated,878,169,0.19248291571753987,0.37999999999999995,0.6337819657974045,0.8406039008187212,0.6151030391528479,0.15800673288243441,0.3594132029339853,0.8698224852071006,0.9530916844349681,0.6304654442877292,214.6
7,7,4,2634,878,878,thy_own,calibrated,878,169,0.19248291571753987,0.37999999999999995,0.742450813427623,0.8422647115280294,0.6162157853850542,0.108048052864552,0.5914634146341463,0.5739644970414202,0.8991596638655462,0.9055007052186178,214.6
7,7,4,2634,878,878,thy_own,uncalibrated,878,169,0.19248291571753987,0.37999999999999995,0.652896090094234,0.8422647115280294,0.6162157853850542,0.15074316283836214,0.3776041666666667,0.8579881656804734,0.951417004048583,0.6629055007052186,214.6
7,8,0,2634,878,878,base,calibrated,878,168,0.19134396355353075,0.3999999999999999,0.7310622203281483,0.8560697518443996,0.6017150375360657,0.10976400072556551,0.6041666666666666,0.5178571428571429,0.8896457765667575,0.9197183098591549,208.7
7,8,0,2634,878,878,base,uncalibrated,878,168,0.19134396355353075,0.3999999999999999,0.6286239653156779,0.8560697518443996,0.6017150375360657,0.16220210435115942,0.35365853658536583,0.8630952380952381,0.9508547008547008,0.6267605633802817,208.7
7,8,0,2634,878,878,thy_locked,calibrated,878,168,0.19134396355353075,0.3999999999999999,0.7299363224062669,0.861779007377599,0.6132779355882942,0.10784526465098848,0.5894039735099338,0.5297619047619048,0.8913342503438789,0.9126760563380282,208.7
7,8,0,2634,878,878,thy_locked,uncalibrated,878,168,0.19134396355353075,0.3999999999999999,0.639247481692113,0.861779007377599,0.6132779355882942,0.15952484411482035,0.3634085213032581,0.8630952380952381,0.9519832985386222,0.6422535211267606,208.7
7,8,0,2634,878,878,thy_own,calibrated,878,168,0.19134396355353075,0.43999999999999995,0.7316794934901636,0.8608148893360161,0.6155506537138598,0.10768778251205821,0.648,0.48214285714285715,0.8844621513944223,0.9380281690140845,208.7
7,8,0,2634,878,878,thy_own,uncalibrated,878,168,0.19134396355353075,0.43999999999999995,0.7012734519296199,0.8608148893360161,0.6155506537138598,0.1523699204981636,0.4339622641509434,0.8214285714285714,0.9464285714285714,0.7464788732394366,208.7
7,8,1,2634,878,878,base,calibrated,878,168,0.19134396355353075,0.3499999999999999,0.7264509686191735,0.817270288397049,0.5952228080388797,0.11349749669769461,0.5485714285714286,0.5714285714285714,0.8975817923186344,0.8887323943661972,208.7
7,8,1,2634,878,878,base,uncalibrated,878,168,0.19134396355353075,0.3499999999999999,0.5644713473875127,0.817270288397049,0.5952228080388797,0.1657168301968938,0.3031578947368421,0.8571428571428571,0.9404466501240695,0.5338028169014084,208.7
7,8,1,2634,878,878,thy_locked,calibrated,878,168,0.19134396355353075,0.3499999999999999,0.7312919261850997,0.817354124748491,0.5972904520036875,0.11319793372358772,0.5574712643678161,0.5773809523809523,0.8991477272727273,0.8915492957746479,208.7
7,8,1,2634,878,878,thy_locked,uncalibrated,878,168,0.19134396355353075,0.3499999999999999,0.5654121713451568,0.817354124748491,0.5972904520036875,0.164281712668061,0.3037974683544304,0.8571428571428571,0.9405940594059405,0.5352112676056338,208.7
7,8,1,2634,878,878,thy_own,calibrated,878,168,0.19134396355353075,0.3499999999999999,0.7325140151083387,0.8183769282360831,0.5917125827381505,0.1129167118644565,0.5606936416184971,0.5773809523809523,0.8992907801418439,0.8929577464788733,208.7
7,8,1,2634,878,878,thy_own,uncalibrated,878,168,0.19134396355353075,0.3499999999999999,0.5927450797366286,0.8183769282360831,0.5917125827381505,0.15755486959823292,0.32265446224256294,0.8392857142857143,0.9387755102040817,0.5830985915492958,208.7
7,8,2,2634,878,878,base,calibrated,878,169,0.19248291571753987,0.4099999999999999,0.7556737369364912,0.8447183715709267,0.6480862101076497,0.10585129211964996,0.6482758620689655,0.5562130177514792,0.897680763983629,0.9280677009873061,207.4
7,8,2,2634,878,878,base,uncalibrated,878,169,0.19248291571753987,0.4099999999999999,0.6661596958174905,0.8447183715709267,0.6480862101076497,0.15402321654484175,0.39215686274509803,0.8284023668639053,0.944337811900192,0.693935119887165,207.4
7,8,2,2634,878,878,thy_locked,calibrated,878,169,0.19248291571753987,0.4099999999999999,0.7503958152920286,0.8437168776758665,0.644292097595011,0.10575038935283845,0.6308724832214765,0.5562130177514792,0.897119341563786,0.922425952045134,207.4
7,8,2,2634,878,878,thy_locked,uncalibrated,878,169,0.19248291571753987,0.4099999999999999,0.6637001266943626,0.8437168776758665,0.644292097595011,0.15372661378374664,0.3898305084745763,0.8165680473372781,0.9408396946564885,0.6953455571227081,207.4
7,8,2,2634,878,878,thy_own,calibrated,878,169,0.19248291571753987,0.37999999999999995,0.7653458859231671,0.8437168776758666,0.6457677129383258,0.10522571756133628,0.6451612903225806,0.591715976331361,0.9045643153526971,0.922425952045134,207.4
7,8,2,2634,878,878,thy_own,uncalibrated,878,169,0.19248291571753987,0.37999999999999995,0.6567155777671284,0.8437168776758666,0.6457677129383258,0.14648787106341832,0.3817204301075269,0.8402366863905325,0.9466403162055336,0.6755994358251057,207.4
7,8,3,2634,878,878,base,calibrated,878,169,0.19248291571753987,0.5099999999999999,0.68100116061967,0.8460036220695871,0.5982292584030193,0.1112867942904369,0.6288659793814433,0.3609467455621302,0.8617157490396927,0.9492242595204513,207.1
7,8,3,2634,878,878,base,uncalibrated,878,169,0.19248291571753987,0.5099999999999999,0.7347397608628363,0.8460036220695871,0.5982292584030193,0.1615645006658851,0.5131578947368421,0.6923076923076923,0.92,0.843441466854725,207.1
7,8,3,2634,878,878,thy_locked,calibrated,878,169,0.19248291571753987,0.5099999999999999,0.6822342862204674,0.8472137605261181,0.6021528819316152,0.11127196348165805,0.6354166666666666,0.3609467455621302,0.8618925831202046,0.9506346967559943,207.1
7,8,3,2634,878,878,thy_locked,uncalibrated,878,169,0.19248291571753987,0.5099999999999999,0.7335204008589835,0.8472137605261181,0.6021528819316152,0.16039515752564792,0.5235849056603774,0.6568047337278107,0.9129129129129129,0.8575458392101551,207.1
7,8,3,2634,878,878,thy_own,calibrated,878,169,0.19248291571753987,0.35999999999999993,0.7387904288325046,0.845561295599269,0.6046031320307453,0.11074931050459712,0.5900621118012422,0.5621301775147929,0.8967921896792189,0.9069111424541608,207.1
7,8,3,2634,878,878,thy_own,uncalibrated,878,169,0.19248291571753987,0.35999999999999993,0.6167513019426497,0.845561295599269,0.6046031320307453,0.1533657849716301,0.3449074074074074,0.8816568047337278,0.9551569506726457,0.6008462623413258,207.1
7,8,4,2634,878,878,base,calibrated,878,169,0.19248291571753987,0.35999999999999993,0.7095752089136491,0.837791372130094,0.6133197336127647,0.1112961633557888,0.5562913907284768,0.4970414201183432,0.8830811554332875,0.9055007052186178,207.0
7,8,4,2634,878,878,base,uncalibrated,878,169,0.19248291571753987,0.35999999999999993,0.6037815029433407,0.837791372130094,0.6133197336127647,0.15775481291476232,0.3333333333333333,0.8579881656804734,0.945823927765237,0.5909732016925247,207.0
7,8,4,2634,878,878,thy_locked,calibrated,878,169,0.19248291571753987,0.35999999999999993,0.731283191944272,0.84283222473523,0.6367158558884124,0.1087764762880732,0.5870967741935483,0.5384615384615384,0.8921161825726142,0.9097320169252469,207.0
7,8,4,2634,878,878,thy_locked,uncalibrated,878,169,0.19248291571753987,0.35999999999999993,0.6084870018051655,0.84283222473523,0.6367158558884124,0.15592922062760323,0.3378995433789954,0.8757396449704142,0.9522727272727273,0.5909732016925247,207.0
7,8,4,2634,878,878,thy_own,calibrated,878,169,0.19248291571753987,0.32999999999999996,0.7264509686191735,0.845202426953539,0.6369731265660598,0.1086990060528695,0.5517241379310345,0.5680473372781065,0.8963068181818182,0.8899858956276445,207.0
7,8,4,2634,878,878,thy_own,uncalibrated,878,169,0.19248291571753987,0.32999999999999996,0.6058656292084393,0.845202426953539,0.6369731265660598,0.14875366787691185,0.336322869955157,0.8875739644970414,0.9560185185185185,0.5825105782792666,207.0
7,9,0,2634,878,878,base,calibrated,878,168,0.19134396355353075,0.33999999999999997,0.7374462309939502,0.8453722334004025,0.6127338072499899,0.10865751330073758,0.5739644970414202,0.5773809523809523,0.8998589562764457,0.8985915492957747,206.9
7,9,0,2634,878,878,base,uncalibrated,878,168,0.19134396355353075,0.33999999999999997,0.5708368082979394,0.8453722334004025,0.6127338072499899,0.15860379877003195,0.3117408906882591,0.9166666666666666,0.9635416666666666,0.5211267605633803,206.9
7,9,0,2634,878,878,thy_locked,calibrated,878,168,0.19134396355353075,0.33999999999999997,0.7423708920187794,0.84864185110664,0.6194058584251458,0.10806719553242966,0.5833333333333334,0.5833333333333334,0.9014084507042254,0.9014084507042254,206.9
7,9,0,2634,878,878,thy_locked,uncalibrated,878,168,0.19134396355353075,0.33999999999999997,0.5640804978154376,0.84864185110664,0.6194058584251458,0.15671353023597043,0.3064516129032258,0.9047619047619048,0.9581151832460733,0.5154929577464789,206.9
7,9,0,2634,878,878,thy_own,calibrated,878,168,0.19134396355353075,0.33999999999999997,0.7350588635301119,0.8499748490945673,0.6085771031518706,0.10862829344111045,0.5802469135802469,0.5595238095238095,0.8966480446927374,0.9042253521126761,206.9
7,9,0,2634,878,878,thy_own,uncalibrated,878,168,0.19134396355353075,0.33999999999999997,0.6087344028520499,0.8499748490945673,0.6085771031518706,0.1493396855712135,0.33783783783783783,0.8928571428571429,0.9585253456221198,0.5859154929577465,206.9
7,9,1,2634,878,878,base,calibrated,878,168,0.19134396355353075,0.32999999999999996,0.7373878364905284,0.8451039570757881,0.6120945053970734,0.10919679167538084,0.5697674418604651,0.5833333333333334,0.9008498583569405,0.895774647887324,206.6
7,9,1,2634,878,878,base,uncalibrated,878,168,0.19134396355353075,0.32999999999999996,0.5406256777271741,0.8451039570757881,0.6120945053970734,0.16127592891391943,0.2935606060606061,0.9226190476190477,0.9628571428571429,0.47464788732394364,206.6
7,9,1,2634,878,878,thy_locked,calibrated,878,168,0.19134396355353075,0.32999999999999996,0.740843684663633,0.8486753856472167,0.6165547407873048,0.10790436746214888,0.5674157303370787,0.6011904761904762,0.9042857142857142,0.8915492957746479,206.6
7,9,1,2634,878,878,thy_locked,uncalibrated,878,168,0.19134396355353075,0.32999999999999996,0.5329080971310058,0.8486753856472167,0.6165547407873048,0.15982373104912054,0.2891791044776119,0.9226190476190477,0.9619883040935673,0.46338028169014084,206.6
7,9,1,2634,878,878,thy_own,calibrated,878,168,0.19134396355353075,0.32999999999999996,0.7240295458117241,0.8494466800804829,0.6141817031568714,0.10817397338723324,0.5459770114942529,0.5654761904761905,0.8963068181818182,0.8887323943661972,206.6
7,9,1,2634,878,878,thy_own,uncalibrated,878,168,0.19134396355353075,0.32999999999999996,0.566502272827574,0.8494466800804829,0.6141817031568714,0.15239585624696078,0.3084677419354839,0.9107142857142857,0.9607329842931938,0.5169014084507042,206.6
7,9,2,2634,878,878,base,calibrated,878,169,0.19248291571753987,0.31999999999999995,0.7484240687679082,0.8522462673487953,0.6473376407594343,0.10569190555394856,0.5654450261780105,0.6390532544378699,0.9112081513828238,0.8829337094499294,206.4
7,9,2,2634,878,878,base,uncalibrated,878,169,0.19248291571753987,0.31999999999999995,0.5357129367327668,0.8522462673487953,0.6473376407594343,0.1583745279072192,0.29236499068901306,0.9289940828402367,0.9648093841642229,0.46403385049365303,206.4
7,9,2,2634,878,878,thy_locked,calibrated,878,169,0.19248291571753987,0.31999999999999995,0.7556437871789173,0.8512614650186529,0.6517578669292547,0.10535331644210078,0.5797872340425532,0.6449704142011834,0.9130434782608695,0.8885754583921015,206.4
7,9,2,2634,878,878,thy_locked,uncalibrated,878,169,0.19248291571753987,0.31999999999999995,0.5298925911576047,0.8512614650186529,0.6517578669292547,0.15699220141913398,0.289134438305709,0.9289940828402367,0.9641791044776119,0.45557122708039494,206.4
7,9,2,2634,878,878,thy_own,calibrated,878,169,0.19248291571753987,0.25999999999999995,0.7384334335740985,0.8494587760075446,0.6473930097001103,0.10581585544535259,0.5225225225225225,0.6863905325443787,0.9192073170731707,0.8504936530324401,206.4
7,9,2,2634,878,878,thy_own,uncalibrated,878,169,0.19248291571753987,0.25999999999999995,0.4584781951106449,0.8494587760075446,0.6473930097001103,0.15025912153989743,0.25801282051282054,0.9526627218934911,0.968503937007874,0.3469675599435825,206.4
7,9,3,2634,878,878,base,calibrated,878,169,0.19248291571753987,0.36999999999999994,0.700523004623664,0.8213418349037314,0.5495922637147628,0.121223394497366,0.5212121212121212,0.5088757396449705,0.8835904628330996,0.8885754583921015,206.4
7,9,3,2634,878,878,base,uncalibrated,878,169,0.19248291571753987,0.36999999999999994,0.6193391578532483,0.8213418349037314,0.5495922637147628,0.1627255029980757,0.34615384615384615,0.8520710059171598,0.9458874458874459,0.616361071932299,206.4
7,9,3,2634,878,878,thy_locked,calibrated,878,169,0.19248291571753987,0.36999999999999994,0.7095047850649727,0.8243045876766176,0.5630077178351881,0.11981099702118415,0.5260115606936416,0.5384615384615384,0.8893617021276595,0.8843441466854725,206.4
7,9,3,2634,878,878,thy_locked,uncalibrated,878,169,0.19248291571753987,0.36999999999999994,0.6263417148326769,0.8243045876766176,0.5630077178351881,0.16009285985220342,0.3522167487684729,0.8461538461538461,0.9449152542372882,0.6290550070521862,206.4
7,9,3,2634,878,878,thy_own,calibrated,878,169,0.19248291571753987,0.3499999999999999,0.7145776250406353,0.82478864305923,0.5629786583837264,0.11930827052727978,0.5217391304347826,0.5680473372781065,0.8948126801152738,0.8758815232722144,206.4
7,9,3,2634,878,878,thy_own,uncalibrated,878,169,0.19248291571753987,0.3499999999999999,0.6190301463050973,0.82478864305923,0.5629786583837264,0.1564769814816347,0.3460620525059666,0.8579881656804734,0.9477124183006536,0.613540197461213,206.4
7,9,4,2634,878,878,base,calibrated,878,169,0.19248291571753987,0.32999999999999996,0.7235622518641387,0.8320828569282512,0.6184843532739943,0.11200583949036683,0.5119617224880383,0.6331360946745562,0.9073243647234679,0.8561354019746121,203.4
7,9,4,2634,878,878,base,uncalibrated,878,169,0.19248291571753987,0.32999999999999996,0.5363635006156173,0.8320828569282512,0.6184843532739943,0.16588528723970328,0.2900763358778626,0.8994082840236687,0.9519774011299436,0.47531734837799716,203.4
7,9,4,2634,878,878,thy_locked,calibrated,878,169,0.19248291571753987,0.32999999999999996,0.716819867763264,0.8328923978267581,0.6287894842995996,0.11105666008622529,0.5023923444976076,0.621301775147929,0.9043348281016442,0.8533145275035261,203.4
7,9,4,2634,878,878,thy_locked,uncalibrated,878,169,0.19248291571753987,0.32999999999999996,0.5382454998915637,0.8328923978267581,0.6287894842995996,0.16437986025510348,0.2922201138519924,0.9112426035502958,0.9572649572649573,0.47390691114245415,203.4
7,9,4,2634,878,878,thy_own,calibrated,878,169,0.19248291571753987,0.29,0.7207228489848305,0.8336351724655945,0.6234876968200989,0.11122901424579648,0.49557522123893805,0.6627218934911243,0.9125766871165644,0.8392101551480959,203.4
7,9,4,2634,878,878,thy_own,uncalibrated,878,169,0.19248291571753987,0.29,0.507435021021141,0.8336351724655945,0.6234876968200989,0.15786674742414514,0.2773851590106007,0.9289940828402367,0.9615384615384616,0.4231311706629055,203.4
10,0,0,1568,523,523,base,calibrated,523,192,0.367112810707457,0.5199999999999999,0.7656472890365176,0.84762084592145,0.7914742889401354,0.1496151310555937,0.7643312101910829,0.625,0.8032786885245902,0.8882175226586103,90.2
10,0,0,1568,523,523,base,uncalibrated,523,192,0.367112810707457,0.5199999999999999,0.7622044606107017,0.84762084592145,0.7914742889401354,0.16911129012756093,0.7166666666666667,0.671875,0.8163265306122449,0.8459214501510574,90.2
10,0,0,1568,523,523,thy_locked,calibrated,523,192,0.367112810707457,0.5199999999999999,0.7577363750025621,0.8487695115810675,0.7917647710745487,0.14884546451033787,0.7484276729559748,0.6197916666666666,0.7994505494505495,0.879154078549849,90.2
10,0,0,1568,523,523,thy_locked,uncalibrated,523,192,0.367112810707457,0.5199999999999999,0.7681820904462414,0.8487695115810675,0.7917647710745487,0.1704664248634149,0.7262569832402235,0.6770833333333334,0.8197674418604651,0.851963746223565,90.2
10,0,0,1568,523,523,thy_own,calibrated,523,192,0.367112810707457,0.48999999999999994,0.7572789447972643,0.8476680513595165,0.7907683026012462,0.14913368520422607,0.7378048780487805,0.6302083333333334,0.8022284122562674,0.8700906344410876,90.2
10,0,0,1568,523,523,thy_own,uncalibrated,523,192,0.367112810707457,0.48999999999999994,0.7610706546143183,0.8476680513595165,0.7907683026012462,0.16419277132594473,0.6884422110552764,0.7135416666666666,0.8302469135802469,0.8126888217522659,90.2
10,0,1,1568,523,523,base,calibrated,523,192,0.367112810707457,0.5599999999999999,0.7692834143465552,0.8501069989929506,0.7797743096822737,0.14907550153195384,0.7741935483870968,0.625,0.8043478260869565,0.8942598187311178,89.7
10,0,1,1568,523,523,base,uncalibrated,523,192,0.367112810707457,0.5599999999999999,0.7639862911783001,0.8501069989929506,0.7797743096822737,0.17628150987674385,0.7454545454545455,0.640625,0.8072625698324022,0.8731117824773413,89.7
10,0,1,1568,523,523,thy_locked,calibrated,523,192,0.367112810707457,0.5599999999999999,0.7520335761668584,0.8459057150050352,0.7787554800768959,0.15110349348268068,0.7483870967741936,0.6041666666666666,0.7934782608695652,0.8821752265861027,89.7
10,0,1,1568,523,523,thy_locked,uncalibrated,523,192,0.367112810707457,0.5599999999999999,0.7552463054187192,0.8459057150050352,0.7787554800768959,0.17819141146542872,0.7468354430379747,0.6145833333333334,0.7972602739726027,0.879154078549849,89.7
10,0,1,1568,523,523,thy_own,calibrated,523,192,0.367112810707457,0.41999999999999993,0.7652167182662539,0.8492887713997986,0.7831124143955508,0.14936566516365601,0.6826923076923077,0.7395833333333334,0.8412698412698413,0.8006042296072508,89.7
10,0,1,1568,523,523,thy_own,uncalibrated,523,192,0.367112810707457,0.41999999999999993,0.7017091972844185,0.8492887713997986,0.7831124143955508,0.1710693293822333,0.5640138408304498,0.8489583333333334,0.8760683760683761,0.6193353474320241,89.7
10,0,2,1568,523,523,base,calibrated,523,193,0.3690248565965583,0.5199999999999999,0.7772500803600129,0.8645313235986811,0.824216036704986,0.13884228102859666,0.7514450867052023,0.6735751295336787,0.82,0.8696969696969697,90.4
10,0,2,1568,523,523,base,uncalibrated,523,193,0.3690248565965583,0.5199999999999999,0.7574825916011051,0.8645313235986811,0.824216036704986,0.16696228423308798,0.685,0.7098445595854922,0.826625386996904,0.8090909090909091,90.4
10,0,2,1568,523,523,thy_locked,calibrated,523,193,0.3690248565965583,0.5199999999999999,0.7966958211856171,0.8700894959962318,0.8268952058569974,0.136320908171776,0.7904191616766467,0.6839378238341969,0.8286516853932584,0.8939393939393939,90.4
10,0,2,1568,523,523,thy_locked,uncalibrated,523,193,0.3690248565965583,0.5199999999999999,0.7910491022467333,0.8700894959962318,0.8268952058569974,0.1675112873468706,0.7333333333333333,0.7409326424870466,0.8475609756097561,0.8424242424242424,90.4
10,0,2,1568,523,523,thy_own,calibrated,523,193,0.3690248565965583,0.5099999999999999,0.7895741129510934,0.8721777359083059,0.8287393116155615,0.13561474468328802,0.7555555555555555,0.7046632124352331,0.8338192419825073,0.8666666666666667,90.4
10,0,2,1568,523,523,thy_own,uncalibrated,523,193,0.3690248565965583,0.5099999999999999,0.7745689655172414,0.8721777359083059,0.8287393116155615,0.16050917104511725,0.6901408450704225,0.7616580310880829,0.8516129032258064,0.8,90.4
10,0,3,1568,523,523,base,calibrated,523,193,0.3690248565965583,0.3999999999999999,0.7449791241276323,0.8461767938451876,0.7749950783195436,0.15104085250947955,0.6444444444444445,0.7512953367875648,0.8389261744966443,0.7575757575757576,90.8
10,0,3,1568,523,523,base,uncalibrated,523,193,0.3690248565965583,0.3999999999999999,0.6935786266697914,0.8461767938451876,0.7749950783195436,0.17383266196750127,0.5533980582524272,0.8860103626943006,0.897196261682243,0.5818181818181818,90.8
10,0,3,1568,523,523,thy_locked,calibrated,523,193,0.3690248565965583,0.3999999999999999,0.7533394188346265,0.8433663055424714,0.7656738678870736,0.1529523747818761,0.6519823788546255,0.7668393782383419,0.847972972972973,0.7606060606060606,90.8
10,0,3,1568,523,523,thy_locked,uncalibrated,523,193,0.3690248565965583,0.3999999999999999,0.6935786266697914,0.8433663055424714,0.7656738678870736,0.17603198769216147,0.5533980582524272,0.8860103626943006,0.897196261682243,0.5818181818181818,90.8
10,0,3,1568,523,523,thy_own,calibrated,523,193,0.3690248565965583,0.36999999999999994,0.7490640100040424,0.8440728528811431,0.7694700413350561,0.15161874336206138,0.6398305084745762,0.7823834196891192,0.8536585365853658,0.7424242424242424,90.8
10,0,3,1568,523,523,thy_own,uncalibrated,523,193,0.3690248565965583,0.36999999999999994,0.6749415033635566,0.8440728528811431,0.7694700413350561,0.17024110160378716,0.5351681957186545,0.9067357512953368,0.9081632653061225,0.5393939393939394,90.8
10,0,4,1569,523,522,base,calibrated,522,192,0.367816091954023,0.4799999999999999,0.7921709771945471,0.8657670454545454,0.793312586492242,0.13977187991055764,0.75,0.71875,0.8402366863905325,0.8606060606060606,90.4
10,0,4,1569,523,522,base,uncalibrated,522,192,0.367816091954023,0.4799999999999999,0.7874984638072999,0.8657670454545454,0.793312586492242,0.16517044655249458,0.6954545454545454,0.796875,0.8708609271523179,0.796969696969697,90.4
10,0,4,1569,523,522,thy_locked,calibrated,522,192,0.367816091954023,0.4799999999999999,0.7894528716723873,0.8687026515151517,0.7992299244372023,0.1380821025596283,0.7368421052631579,0.7291666666666666,0.8433734939759037,0.8484848484848485,90.4
10,0,4,1569,523,522,thy_locked,uncalibrated,522,192,0.367816091954023,0.4799999999999999,0.7874984638072999,0.8687026515151517,0.7992299244372023,0.16664127135060494,0.6954545454545454,0.796875,0.8708609271523179,0.796969696969697,90.4
10,0,4,1569,523,522,thy_own,calibrated,522,192,0.367816091954023,0.49999999999999994,0.7972068582963197,0.8703914141414142,0.8027327478337385,0.13706116971063212,0.7653631284916201,0.7135416666666666,0.8396501457725948,0.8727272727272727,90.4
10,0,4,1569,523,522,thy_own,uncalibrated,522,192,0.367816091954023,0.49999999999999994,0.7951390103164888,0.8703914141414142,0.8027327478337385,0.15929974310268763,0.7198067632850241,0.7760416666666666,0.8634920634920635,0.8242424242424242,90.4
10,1,0,1568,523,523,base,calibrated,523,192,0.367112810707457,0.59,0.7516163972671221,0.8558345921450151,0.7926281024476662,0.145643166284058,0.7635135135135135,0.5885416666666666,0.7893333333333333,0.8942598187311178,89.6
10,1,0,1568,523,523,base,uncalibrated,523,192,0.367112810707457,0.59,0.7492851375899885,0.8558345921450151,0.7926281024476662,0.16946110922421417,0.7746478873239436,0.5729166666666666,0.7847769028871391,0.9033232628398792,89.6
10,1,0,1568,523,523,thy_locked,calibrated,523,192,0.367112810707457,0.59,0.7595944906896668,0.8573451661631419,0.7933994624789762,0.14391686537117218,0.7808219178082192,0.59375,0.7931034482758621,0.9033232628398792,89.6
10,1,0,1568,523,523,thy_locked,uncalibrated,523,192,0.367112810707457,0.59,0.7451267056530214,0.8573451661631419,0.7933994624789762,0.17054838417752904,0.7954545454545454,0.546875,0.7774936061381074,0.918429003021148,89.6
10,1,0,1568,523,523,thy_own,calibrated,523,192,0.367112810707457,0.6599999999999999,0.7433626033057852,0.858871475327291,0.795795767851804,0.143174037383503,0.8046875,0.5364583333333334,0.7746835443037975,0.9244712990936556,89.6
10,1,0,1568,523,523,thy_own,uncalibrated,523,192,0.367112810707457,0.6599999999999999,0.6954704461847481,0.858871475327291,0.795795767851804,0.16270253383569724,0.8058252427184466,0.4322916666666667,0.7404761904761905,0.9395770392749244,89.6
10,1,1,1568,523,523,base,calibrated,523,192,0.367112810707457,0.57,0.7362971161532312,0.8316968781470293,0.7539690998731423,0.15942229123693114,0.7169811320754716,0.59375,0.7857142857142857,0.8640483383685801,90.0
10,1,1,1568,523,523,base,uncalibrated,523,192,0.367112810707457,0.57,0.7327585854498035,0.8316968781470293,0.7539690998731423,0.17807197003724928,0.7080745341614907,0.59375,0.7845303867403315,0.8580060422960725,90.0
10,1,1,1568,523,523,thy_locked,calibrated,523,192,0.367112810707457,0.57,0.7487624165445367,0.8349697885196374,0.759549853906917,0.15761311212382956,0.725609756097561,0.6197916666666666,0.7966573816155988,0.8640483383685801,90.0
10,1,1,1568,523,523,thy_locked,uncalibrated,523,192,0.367112810707457,0.57,0.7430901231333508,0.8349697885196374,0.759549853906917,0.1783037877217323,0.725,0.6041666666666666,0.790633608815427,0.8670694864048338,90.0
10,1,1,1568,523,523,thy_own,calibrated,523,192,0.367112810707457,0.4799999999999999,0.7376305197456687,0.8355519889224572,0.7632351570529327,0.15794042792299376,0.6551724137931034,0.6927083333333334,0.815625,0.7885196374622356,90.0
10,1,1,1568,523,523,thy_own,uncalibrated,523,192,0.367112810707457,0.4799999999999999,0.7318434069248402,0.8355519889224572,0.7632351570529327,0.17305999650194479,0.6166666666666667,0.7708333333333334,0.8445229681978799,0.7220543806646526,90.0
10,1,2,1568,523,523,base,calibrated,523,193,0.3690248565965583,0.37999999999999995,0.7611687306501548,0.8482336316533208,0.7985269140852072,0.14796618663538288,0.6811594202898551,0.7305699481865285,0.8354430379746836,0.8,90.8
10,1,2,1568,523,523,base,uncalibrated,523,193,0.3690248565965583,0.37999999999999995,0.6761823464112869,0.8482336316533208,0.7985269140852072,0.16873727909870848,0.5392156862745098,0.8549222797927462,0.8709677419354839,0.5727272727272728,90.8
10,1,2,1568,523,523,thy_locked,calibrated,523,193,0.3690248565965583,0.37999999999999995,0.7737399956738049,0.8500549536818967,0.7989577316028511,0.14755715667189467,0.69377990430622,0.7512953367875648,0.8471337579617835,0.806060606060606,90.8
10,1,2,1568,523,523,thy_locked,uncalibrated,523,193,0.3690248565965583,0.37999999999999995,0.6803096575831336,0.8500549536818967,0.7989577316028511,0.17072936758641466,0.5416666666666666,0.8756476683937824,0.8862559241706162,0.5666666666666667,90.8
10,1,2,1568,523,523,thy_own,calibrated,523,193,0.3690248565965583,0.3499999999999999,0.7601357549073564,0.8499136442141623,0.8004266576957945,0.14735219964257118,0.665158371040724,0.7616580310880829,0.847682119205298,0.7757575757575758,90.8
10,1,2,1568,523,523,thy_own,uncalibrated,523,193,0.3690248565965583,0.3499999999999999,0.663478693223363,0.8499136442141623,0.8004266576957945,0.16391826358579303,0.5258358662613982,0.8963730569948186,0.8969072164948454,0.5272727272727272,90.8
10,1,3,1568,523,523,base,calibrated,523,193,0.3690248565965583,0.5599999999999999,0.7868061688973436,0.8753493484063433,0.8261560141988258,0.13388052930536665,0.8592592592592593,0.6010362694300518,0.8015463917525774,0.9424242424242424,91.6
10,1,3,1568,523,523,base,uncalibrated,523,193,0.3690248565965583,0.5599999999999999,0.7901915555109819,0.8753493484063433,0.8261560141988258,0.16318476939869106,0.8344827586206897,0.6269430051813472,0.8095238095238095,0.9272727272727272,91.6
10,1,3,1568,523,523,thy_locked,calibrated,523,193,0.3690248565965583,0.5599999999999999,0.7805064160445626,0.8771392683309782,0.8234342562204482,0.13444261273557326,0.8455882352941176,0.5958549222797928,0.7984496124031008,0.9363636363636364,91.6
10,1,3,1568,523,523,thy_locked,uncalibrated,523,193,0.3690248565965583,0.5599999999999999,0.7812224029746688,0.8771392683309782,0.8234342562204482,0.16614860017971134,0.8405797101449275,0.6010362694300518,0.8,0.9333333333333333,91.6
10,1,3,1568,523,523,thy_own,calibrated,523,193,0.3690248565965583,0.5399999999999999,0.7800746820964812,0.8760087925891035,0.8264477487046584,0.1344451117549683,0.8297872340425532,0.6062176165803109,0.8010471204188482,0.9272727272727272,91.6
10,1,3,1568,523,523,thy_own,uncalibrated,523,193,0.3690248565965583,0.5399999999999999,0.7944720985066807,0.8760087925891035,0.8264477487046584,0.15844413626101908,0.8050314465408805,0.6632124352331606,0.8214285714285714,0.906060606060606,91.6
10,1,4,1569,523,522,base,calibrated,522,192,0.367816091954023,0.3999999999999999,0.7758454106280193,0.8600852272727272,0.7844946969598958,0.14464541235800782,0.6801801801801802,0.7864583333333334,0.8633333333333333,0.7848484848484848,90.0
10,1,4,1569,523,522,base,uncalibrated,522,192,0.367816091954023,0.3999999999999999,0.702749866823417,0.8600852272727272,0.7844946969598958,0.17273680031347638,0.5591054313099042,0.9114583333333334,0.9186602870813397,0.5818181818181818,90.0
10,1,4,1569,523,522,thy_locked,calibrated,522,192,0.367816091954023,0.3999999999999999,0.7704037726756394,0.8584911616161617,0.777861554580243,0.146169894121478,0.6711111111111111,0.7864583333333334,0.8619528619528619,0.7757575757575758,90.0
10,1,4,1569,523,522,thy_locked,uncalibrated,522,192,0.367816091954023,0.3999999999999999,0.6931983484432167,0.8584911616161617,0.777861554580243,0.1741636387340718,0.5509554140127388,0.9010416666666666,0.9086538461538461,0.5727272727272728,90.0
10,1,4,1569,523,522,thy_own,calibrated,522,192,0.367816091954023,0.4799999999999999,0.7701033586605035,0.86010101010101,0.7827479705942416,0.14445448912639777,0.7165775401069518,0.6979166666666666,0.826865671641791,0.8393939393939394,90.0
10,1,4,1569,523,522,thy_own,uncalibrated,522,192,0.367816091954023,0.4799999999999999,0.7673339880637606,0.86010101010101,0.7827479705942416,0.1674327294161758,0.6528925619834711,0.8229166666666666,0.8785714285714286,0.7454545454545455,90.0
10,2,0,1568,523,523,base,calibrated,523,192,0.367112810707457,0.4699999999999999,0.7861918045402078,0.8531438821752265,0.7958010894144164,0.1442259269540248,0.7556818181818182,0.6927083333333334,0.829971181556196,0.8700906344410876,90.8
10,2,0,1568,523,523,base,uncalibrated,523,192,0.367112810707457,0.4699999999999999,0.7605755297696293,0.8531438821752265,0.7958010894144164,0.17271018694082374,0.6510638297872341,0.796875,0.8645833333333334,0.7522658610271903,90.8
10,2,0,1568,523,523,thy_locked,calibrated,523,192,0.367112810707457,0.4699999999999999,0.7794197224344284,0.8537575528700906,0.7919769772084846,0.1451786710019164,0.7362637362637363,0.6979166666666666,0.8299120234604106,0.8549848942598187,90.8
10,2,0,1568,523,523,thy_locked,uncalibrated,523,192,0.367112810707457,0.4699999999999999,0.7548165623204186,0.8537575528700906,0.7919769772084846,0.17468568673650817,0.6440677966101694,0.7916666666666666,0.8606271777003485,0.7462235649546828,90.8
10,2,0,1568,523,523,thy_own,calibrated,523,192,0.367112810707457,0.4599999999999999,0.7794197224344284,0.8556772406847936,0.7972392278888097,0.14397326728881887,0.7362637362637363,0.6979166666666666,0.8299120234604106,0.8549848942598187,90.8
10,2,0,1568,523,523,thy_own,uncalibrated,523,192,0.367112810707457,0.4599999999999999,0.7468148743024621,0.8556772406847936,0.7972392278888097,0.1682297930985834,0.6275303643724697,0.8072916666666666,0.8659420289855072,0.7220543806646526,90.8
10,2,1,1568,523,523,base,calibrated,523,192,0.367112810707457,0.4599999999999999,0.7608181416766543,0.8512241943605237,0.7794247648359868,0.1484695410230466,0.7,0.6927083333333334,0.8228228228228228,0.8277945619335347,91.0
10,2,1,1568,523,523,base,uncalibrated,523,192,0.367112810707457,0.4599999999999999,0.74501200120012,0.8512241943605237,0.7794247648359868,0.1713999007308949,0.625,0.8072916666666666,0.8654545454545455,0.7190332326283988,91.0
10,2,1,1568,523,523,thy_locked,calibrated,523,192,0.367112810707457,0.4599999999999999,0.7631424532054236,0.8535529959718027,0.7821254168166453,0.14782174634834588,0.7015706806282722,0.6979166666666666,0.8253012048192772,0.8277945619335347,91.0
10,2,1,1568,523,523,thy_locked,uncalibrated,523,192,0.367112810707457,0.4599999999999999,0.757308584686775,0.8535529959718027,0.7821254168166453,0.17236131023480647,0.6443514644351465,0.8020833333333334,0.8661971830985915,0.743202416918429,91.0
10,2,1,1568,523,523,thy_own,calibrated,523,192,0.367112810707457,0.4699999999999999,0.760406168211641,0.8553940080563947,0.786447974255876,0.14666632787567904,0.712707182320442,0.671875,0.8157894736842105,0.8429003021148036,91.0
10,2,1,1568,523,523,thy_own,uncalibrated,523,192,0.367112810707457,0.4699999999999999,0.7678016461186434,0.8553940080563947,0.786447974255876,0.1648909125459471,0.6623376623376623,0.796875,0.8664383561643836,0.7643504531722054,91.0
10,2,2,1568,523,523,base,calibrated,523,193,0.3690248565965583,0.4599999999999999,0.8051820744766364,0.8824776260009422,0.8225870404798276,0.1323121583400652,0.7525773195876289,0.7564766839378239,0.8571428571428571,0.8545454545454545,91.0
10,2,2,1568,523,523,base,uncalibrated,523,193,0.3690248565965583,0.4599999999999999,0.7831086379539148,0.8824776260009422,0.8225870404798276,0.16263740281636166,0.6736401673640168,0.8341968911917098,0.8873239436619719,0.7636363636363637,91.0
10,2,2,1568,523,523,thy_locked,calibrated,523,193,0.3690248565965583,0.4599999999999999,0.8037523452157598,0.8867797142408541,0.8293749908370903,0.12977315714291537,0.7461928934010152,0.7616580310880829,0.8588957055214724,0.8484848484848485,91.0
10,2,2,1568,523,523,thy_locked,uncalibrated,523,193,0.3690248565965583,0.4599999999999999,0.792824401561881,0.8867797142408541,0.8293749908370903,0.1632774915203959,0.6848739495798319,0.844559585492228,0.8947368421052632,0.7727272727272727,91.0
10,2,2,1568,523,523,thy_own,calibrated,523,193,0.3690248565965583,0.42999999999999994,0.8023177427336738,0.8853666195635107,0.8285381416600489,0.1296932295547293,0.74,0.7668393782383419,0.8606811145510835,0.8424242424242424,91.0
10,2,2,1568,523,523,thy_own,uncalibrated,523,193,0.3690248565965583,0.42999999999999994,0.7735457477305303,0.8853666195635107,0.8285381416600489,0.15435787544532234,0.6509803921568628,0.8601036269430051,0.8992537313432836,0.7303030303030303,91.0
10,2,3,1568,523,523,base,calibrated,523,193,0.3690248565965583,0.42999999999999994,0.7646660640991028,0.8485005495368189,0.7880970361490571,0.14964930239407442,0.6989795918367347,0.7098445595854922,0.8287461773700305,0.8212121212121212,91.9
10,2,3,1568,523,523,base,uncalibrated,523,193,0.3690248565965583,0.42999999999999994,0.7313617601519513,0.8485005495368189,0.7880970361490571,0.17404802882067005,0.5978260869565217,0.8549222797927462,0.8866396761133604,0.6636363636363637,91.9
10,2,3,1568,523,523,thy_locked,calibrated,523,193,0.3690248565965583,0.42999999999999994,0.7661047269050536,0.8500235515779558,0.7943154500160056,0.14840084151264135,0.693069306930693,0.7253886010362695,0.8348909657320872,0.8121212121212121,91.9
10,2,3,1568,523,523,thy_locked,uncalibrated,523,193,0.3690248565965583,0.42999999999999994,0.7313617601519513,0.8500235515779558,0.7943154500160056,0.17461673321187982,0.5978260869565217,0.8549222797927462,0.8866396761133604,0.6636363636363637,91.9
10,2,3,1568,523,523,thy_own,calibrated,523,193,0.3690248565965583,0.4599999999999999,0.7654597809667674,0.8490343853038154,0.7918841361341683,0.1490001872090435,0.7068062827225131,0.6994818652849741,0.8253012048192772,0.8303030303030303,91.9
10,2,3,1568,523,523,thy_own,uncalibrated,523,193,0.3690248565965583,0.4599999999999999,0.7443600541434803,0.8490343853038154,0.7918841361341683,0.1686154744436691,0.6296296296296297,0.7927461139896373,0.8571428571428571,0.7272727272727273,91.9
10,2,4,1569,523,522,base,calibrated,522,192,0.367816091954023,0.42999999999999994,0.7544107268877911,0.835195707070707,0.7641218490824742,0.15451616378856045,0.6818181818181818,0.703125,0.8240740740740741,0.8090909090909091,90.6
10,2,4,1569,523,522,base,uncalibrated,522,192,0.367816091954023,0.42999999999999994,0.7217390656045091,0.835195707070707,0.7641218490824742,0.17451028313872757,0.5924528301886792,0.8177083333333334,0.8638132295719845,0.6727272727272727,90.6
10,2,4,1569,523,522,thy_locked,calibrated,522,192,0.367816091954023,0.42999999999999994,0.7554080437329168,0.8360795454545454,0.7620226877611805,0.15458176678268104,0.6782178217821783,0.7135416666666666,0.828125,0.803030303030303,90.6
10,2,4,1569,523,522,thy_locked,uncalibrated,522,192,0.367816091954023,0.42999999999999994,0.7240768314472901,0.8360795454545454,0.7620226877611805,0.1761915100077397,0.5932835820895522,0.828125,0.8700787401574803,0.6696969696969697,90.6
10,2,4,1569,523,522,thy_own,calibrated,522,192,0.367816091954023,0.4099999999999999,0.7576875816738506,0.8389362373737375,0.7638960981317872,0.1531438544890133,0.6798029556650246,0.71875,0.8307210031347962,0.803030303030303,90.6
10,2,4,1569,523,522,thy_own,uncalibrated,522,192,0.367816091954023,0.4099999999999999,0.7101932045303131,0.8389362373737375,0.7638960981317872,0.1693282591285479,0.574468085106383,0.84375,0.875,0.6363636363636364,90.6
10,3,0,1568,523,523,base,calibrated,523,192,0.367112810707457,0.5399999999999999,0.7370344480826068,0.845779833836858,0.7837029048240546,0.15284648468183612,0.7142857142857143,0.5989583333333334,0.787292817679558,0.8610271903323263,93.7
10,3,0,1568,523,523,base,uncalibrated,523,192,0.367112810707457,0.5399999999999999,0.7562359369977499,0.845779833836858,0.7837029048240546,0.1729019961863185,0.7183908045977011,0.6510416666666666,0.8080229226361032,0.851963746223565,93.7
10,3,0,1568,523,523,thy_locked,calibrated,523,192,0.367112810707457,0.5399999999999999,0.7523431631886615,0.8487380412890232,0.7856930291810252,0.150766433385225,0.7345679012345679,0.6197916666666666,0.7977839335180056,0.8700906344410876,93.7
10,3,0,1568,523,523,thy_locked,uncalibrated,523,192,0.367112810707457,0.5399999999999999,0.7586408928019648,0.8487380412890232,0.7856930291810252,0.173531531456266,0.72,0.65625,0.8103448275862069,0.851963746223565,93.7
10,3,0,1568,523,523,thy_own,calibrated,523,192,0.367112810707457,0.5499999999999999,0.7570471895516191,0.8488481873111783,0.7860624340654383,0.1503559465294599,0.7515923566878981,0.6145833333333334,0.7978142076502732,0.8821752265861027,93.7
10,3,0,1568,523,523,thy_own,uncalibrated,523,192,0.367112810707457,0.5499999999999999,0.7622392533140225,0.8488481873111783,0.7860624340654383,0.16713695232660528,0.7283236994219653,0.65625,0.8114285714285714,0.8580060422960725,93.7
10,3,1,1568,523,523,base,calibrated,523,192,0.367112810707457,0.43999999999999995,0.783756163015665,0.8712078298086606,0.8210635933398438,0.1375253735063579,0.715,0.7447916666666666,0.848297213622291,0.8277945619335347,91.4
10,3,1,1568,523,523,base,uncalibrated,523,192,0.367112810707457,0.43999999999999995,0.7553025577043044,0.8712078298086606,0.8210635933398438,0.16695940997665182,0.6240601503759399,0.8645833333333334,0.8988326848249028,0.6978851963746223,91.4
10,3,1,1568,523,523,thy_locked,calibrated,523,192,0.367112810707457,0.43999999999999995,0.7719784497524214,0.873080312185297,0.8232418238395792,0.13672346447966663,0.698019801980198,0.734375,0.8411214953271028,0.8157099697885196,91.4
10,3,1,1568,523,523,thy_locked,uncalibrated,523,192,0.367112810707457,0.43999999999999995,0.7589503419565864,0.873080312185297,0.8232418238395792,0.16756731025016997,0.6287878787878788,0.8645833333333334,0.8996138996138996,0.7039274924471299,91.4
10,3,1,1568,523,523,thy_own,calibrated,523,192,0.367112810707457,0.5599999999999999,0.7646892184635894,0.8765892497482376,0.8256710022569705,0.13527183116782682,0.7837837837837838,0.6041666666666666,0.7973333333333333,0.9033232628398792,91.4
10,3,1,1568,523,523,thy_own,uncalibrated,523,192,0.367112810707457,0.5599999999999999,0.7953809356710994,0.8765892497482376,0.8256710022569705,0.15911363399244932,0.7777777777777778,0.6927083333333334,0.8323863636363636,0.8851963746223565,91.4
10,3,2,1568,523,523,base,calibrated,523,193,0.3690248565965583,0.4099999999999999,0.8174863645096909,0.8778301146176795,0.8250243346654118,0.13028002723008253,0.7680412371134021,0.772020725388601,0.8662613981762918,0.8636363636363636,91.3
10,3,2,1568,523,523,base,uncalibrated,523,193,0.3690248565965583,0.4099999999999999,0.7461814032578937,0.8778301146176795,0.8250243346654118,0.1622511575624586,0.6148148148148148,0.8601036269430051,0.8932806324110671,0.6848484848484848,91.3
10,3,2,1568,523,523,thy_locked,calibrated,523,193,0.3690248565965583,0.4099999999999999,0.821964761535843,0.8796200345423144,0.8260663630639004,0.1296284658054205,0.7704081632653061,0.7823834196891192,0.8715596330275229,0.8636363636363636,91.3
10,3,2,1568,523,523,thy_locked,uncalibrated,523,193,0.3690248565965583,0.4099999999999999,0.7500564963379259,0.8796200345423144,0.8260663630639004,0.16464675999177947,0.6185185185185185,0.8652849740932642,0.8972332015810277,0.6878787878787879,91.3
10,3,2,1568,523,523,thy_own,calibrated,523,193,0.3690248565965583,0.38999999999999996,0.8264188516428809,0.8826189354686764,0.8279360810066614,0.12810059942470745,0.7727272727272727,0.7927461139896373,0.8769230769230769,0.8636363636363636,91.3
10,3,2,1568,523,523,thy_own,uncalibrated,523,193,0.3690248565965583,0.38999999999999996,0.7356334561984141,0.8826189354686764,0.8279360810066614,0.15551298188188745,0.6,0.8704663212435233,0.897119341563786,0.6606060606060606,91.3
10,3,3,1568,523,523,base,calibrated,523,193,0.3690248565965583,0.4499999999999999,0.7625061613876027,0.8440257497252316,0.7739708472425528,0.15136817055162702,0.6862745098039216,0.7253886010362695,0.8338557993730408,0.806060606060606,92.0
10,3,3,1568,523,523,base,uncalibrated,523,193,0.3690248565965583,0.4499999999999999,0.7286218347862183,0.8440257497252316,0.7739708472425528,0.17371284167910783,0.5985130111524164,0.8341968911917098,0.8740157480314961,0.6727272727272727,92.0
10,3,3,1568,523,523,thy_locked,calibrated,523,193,0.3690248565965583,0.4499999999999999,0.7625061613876027,0.8454545454545455,0.7717074499034177,0.15146173124265747,0.6862745098039216,0.7253886010362695,0.8338557993730408,0.806060606060606,92.0
10,3,3,1568,523,523,thy_locked,uncalibrated,523,193,0.3690248565965583,0.4499999999999999,0.7436502985473665,0.8454545454545455,0.7717074499034177,0.1749335816379643,0.6150943396226415,0.844559585492228,0.8837209302325582,0.6909090909090909,92.0
10,3,3,1568,523,523,thy_own,calibrated,523,193,0.3690248565965583,0.43999999999999995,0.7652167182662539,0.8447636991678442,0.7730707395684642,0.15141283249402496,0.6859903381642513,0.7357512953367875,0.8386075949367089,0.803030303030303,92.0
10,3,3,1568,523,523,thy_own,uncalibrated,523,193,0.3690248565965583,0.43999999999999995,0.7386597079562489,0.8447636991678442,0.7730707395684642,0.16914943117531786,0.6066176470588235,0.8549222797927462,0.8884462151394422,0.6757575757575758,92.0
10,3,4,1569,523,522,base,calibrated,522,192,0.367816091954023,0.4699999999999999,0.7565924877797787,0.8340277777777778,0.7641132129119221,0.15600556225491383,0.7159090909090909,0.65625,0.8092485549132948,0.8484848484848485,91.7
10,3,4,1569,523,522,base,uncalibrated,522,192,0.367816091954023,0.4699999999999999,0.7282582067613915,0.8340277777777778,0.7641132129119221,0.176104079810923,0.625,0.7291666666666666,0.825503355704698,0.7454545454545455,91.7
10,3,4,1569,523,522,thy_locked,calibrated,522,192,0.367816091954023,0.4699999999999999,0.7487166417883278,0.834848484848485,0.7663461444499963,0.1557920868178397,0.7134502923976608,0.6354166666666666,0.8005698005698005,0.8515151515151516,91.7
10,3,4,1569,523,522,thy_locked,uncalibrated,522,192,0.367816091954023,0.4699999999999999,0.7335151856875086,0.834848484848485,0.7663461444499963,0.17776620119512218,0.6260869565217392,0.75,0.8356164383561644,0.7393939393939394,91.7
10,3,4,1569,523,522,thy_own,calibrated,522,192,0.367816091954023,0.42999999999999994,0.7451533143298108,0.8352588383838383,0.7683266224600976,0.1550884591700016,0.6752577319587629,0.6822916666666666,0.8140243902439024,0.8090909090909091,91.7
10,3,4,1569,523,522,thy_own,uncalibrated,522,192,0.367816091954023,0.42999999999999994,0.7292561428384858,0.8352588383838383,0.7683266224600976,0.1715962609025326,0.6007604562737643,0.8229166666666666,0.8687258687258688,0.6818181818181818,91.7
10,4,0,1568,523,523,base,calibrated,523,192,0.367112810707457,0.5499999999999999,0.7667877786952932,0.8552051863041288,0.8000514310278803,0.14381624014305794,0.7727272727272727,0.6197916666666666,0.8021680216802168,0.8942598187311178,92.0
10,4,0,1568,523,523,base,uncalibrated,523,192,0.367112810707457,0.5499999999999999,0.7579332856957256,0.8552051863041288,0.8000514310278803,0.16752742828967535,0.7349397590361446,0.6354166666666666,0.803921568627451,0.8670694864048338,92.0
10,4,0,1568,523,523,thy_locked,calibrated,523,192,0.367112810707457,0.5499999999999999,0.7556327399780851,0.8534743202416918,0.7970462406876467,0.14436298554746274,0.7581699346405228,0.6041666666666666,0.7945945945945946,0.8882175226586103,92.0
10,4,0,1568,523,523,thy_locked,uncalibrated,523,192,0.367112810707457,0.5499999999999999,0.7572789447972643,0.8534743202416918,0.7970462406876467,0.17022146688161774,0.7378048780487805,0.6302083333333334,0.8022284122562674,0.8700906344410876,92.0
10,4,0,1568,523,523,thy_own,calibrated,523,192,0.367112810707457,0.5599999999999999,0.7599578242262606,0.8580689828801611,0.8020889646487497,0.14258241875276603,0.7647058823529411,0.609375,0.7972972972972973,0.8912386706948641,92.0
10,4,0,1568,523,523,thy_own,uncalibrated,523,192,0.367112810707457,0.5599999999999999,0.7597337919202514,0.8580689828801611,0.8020889646487497,0.161515150790547,0.7393939393939394,0.6354166666666666,0.8044692737430168,0.8700906344410876,92.0
10,4,1,1568,523,523,base,calibrated,523,192,0.367112810707457,0.4799999999999999,0.7747200153154016,0.8519480110775428,0.7786474164171255,0.14958532282296114,0.7333333333333333,0.6875,0.8250728862973761,0.8549848942598187,91.7
10,4,1,1568,523,523,base,uncalibrated,523,192,0.367112810707457,0.4799999999999999,0.7548165623204186,0.8519480110775428,0.7786474164171255,0.17408377635652267,0.6440677966101694,0.7916666666666666,0.8606271777003485,0.7462235649546828,91.7
10,4,1,1568,523,523,thy_locked,calibrated,523,192,0.367112810707457,0.4799999999999999,0.7799380755795491,0.8558503272910373,0.7755572651446422,0.14824366935867214,0.7336956521739131,0.703125,0.831858407079646,0.851963746223565,91.7
10,4,1,1568,523,523,thy_locked,uncalibrated,523,192,0.367112810707457,0.4799999999999999,0.7649026300551611,0.8558503272910373,0.7755572651446422,0.17473409159021894,0.6637168141592921,0.78125,0.8585858585858586,0.770392749244713,91.7
10,4,1,1568,523,523,thy_own,calibrated,523,192,0.367112810707457,0.5499999999999999,0.7530206806709006,0.8569989929506546,0.778787019602863,0.1475740217152631,0.7317073170731707,0.625,0.7994428969359332,0.8670694864048338,91.7
10,4,1,1568,523,523,thy_own,uncalibrated,523,192,0.367112810707457,0.5499999999999999,0.7754310915635672,0.8569989929506546,0.778787019602863,0.16781926508293718,0.7428571428571429,0.6770833333333334,0.8218390804597702,0.8640483383685801,91.7
10,4,2,1568,523,523,base,calibrated,523,193,0.3690248565965583,0.42999999999999994,0.7670804261684805,0.8609985869053227,0.7860212636168467,0.1467480432448726,0.668141592920354,0.7823834196891192,0.8585858585858586,0.7727272727272727,92.9
10,4,2,1568,523,523,base,uncalibrated,523,193,0.3690248565965583,0.42999999999999994,0.7163691261395948,0.8609985869053227,0.7860212636168467,0.17442827946636216,0.5737704918032787,0.9067357512953368,0.9174311926605505,0.6060606060606061,92.9
10,4,2,1568,523,523,thy_locked,calibrated,523,193,0.3690248565965583,0.42999999999999994,0.7851665905979005,0.8615795258282304,0.7874081894173778,0.14659909128607806,0.6872246696035242,0.8082901554404145,0.875,0.7848484848484848,92.9
10,4,2,1568,523,523,thy_locked,uncalibrated,523,193,0.3690248565965583,0.42999999999999994,0.7161444581353048,0.8615795258282304,0.7874081894173778,0.17580997833236883,0.574750830564784,0.8963730569948186,0.9099099099099099,0.6121212121212121,92.9
10,4,2,1568,523,523,thy_own,calibrated,523,193,0.3690248565965583,0.43999999999999995,0.779754065725399,0.8622860731669023,0.7884803379279002,0.1457090093777432,0.6894977168949772,0.7823834196891192,0.8618421052631579,0.793939393939394,92.9
10,4,2,1568,523,523,thy_own,uncalibrated,523,193,0.3690248565965583,0.43999999999999995,0.7306583090550602,0.8622860731669023,0.7884803379279002,0.16898262872379186,0.5916955017301038,0.8860103626943006,0.905982905982906,0.6424242424242425,92.9
10,4,3,1568,523,523,base,calibrated,523,193,0.3690248565965583,0.5599999999999999,0.7939484674178552,0.8678128434605119,0.8380876785242326,0.1342935503554152,0.8266666666666667,0.6424870466321243,0.8150134048257373,0.9212121212121213,91.7
10,4,3,1568,523,523,base,uncalibrated,523,193,0.3690248565965583,0.5599999999999999,0.7981855500821018,0.8678128434605119,0.8380876785242326,0.16434299281735712,0.8152866242038217,0.6632124352331606,0.8224043715846995,0.9121212121212121,91.7
10,4,3,1568,523,523,thy_locked,calibrated,523,193,0.3690248565965583,0.5599999999999999,0.7982863944195845,0.868472287643272,0.8410379558996853,0.1345914737320277,0.8333333333333334,0.6476683937823834,0.8176943699731903,0.9242424242424242,91.7
10,4,3,1568,523,523,thy_locked,uncalibrated,523,193,0.3690248565965583,0.5599999999999999,0.8037830907059488,0.868472287643272,0.8410379558996853,0.16587472314531235,0.8311688311688312,0.6632124352331606,0.8238482384823849,0.9212121212121213,91.7
10,4,3,1568,523,523,thy_own,calibrated,523,193,0.3690248565965583,0.4499999999999999,0.7878580233057272,0.871110064374313,0.844846993897285,0.13274626554563515,0.7368421052631579,0.7253886010362695,0.8408408408408409,0.8484848484848485,91.7
10,4,3,1568,523,523,thy_own,uncalibrated,523,193,0.3690248565965583,0.4499999999999999,0.7585909266604871,0.871110064374313,0.844846993897285,0.15704604995248483,0.6422764227642277,0.8186528497409327,0.8736462093862816,0.7333333333333333,91.7
10,4,4,1569,523,522,base,calibrated,522,192,0.367816091954023,0.5399999999999999,0.7482055616251984,0.8312184343434342,0.7460036898537917,0.158687567297441,0.7388535031847133,0.6041666666666666,0.7917808219178082,0.8757575757575757,92.3
10,4,4,1569,523,522,base,uncalibrated,522,192,0.367816091954023,0.5399999999999999,0.7480643892230383,0.8312184343434342,0.7460036898537917,0.17585302242462425,0.7159763313609467,0.6302083333333334,0.7988668555240793,0.8545454545454545,92.3
10,4,4,1569,523,522,thy_locked,calibrated,522,192,0.367816091954023,0.5399999999999999,0.7532097532097533,0.8377051767676769,0.7535698547972948,0.1552245991015776,0.7421383647798742,0.6145833333333334,0.7961432506887053,0.8757575757575757,92.3
10,4,4,1569,523,522,thy_locked,uncalibrated,522,192,0.367816091954023,0.5399999999999999,0.7547350172550672,0.8377051767676769,0.7535698547972948,0.1751154144153078,0.7235294117647059,0.640625,0.8039772727272727,0.8575757575757575,92.3
10,4,4,1569,523,522,thy_own,calibrated,522,192,0.367816091954023,0.61,0.7199380024526503,0.8347380050505051,0.7494199839844171,0.15685311826664564,0.7426470588235294,0.5260416666666666,0.7642487046632125,0.8939393939393939,92.3
10,4,4,1569,523,522,thy_own,uncalibrated,522,192,0.367816091954023,0.61,0.7196319975050678,0.8347380050505051,0.7494199839844171,0.17059956107680946,0.7698412698412699,0.5052083333333334,0.76010101010101,0.9121212121212121,92.3
10,5,0,1568,523,523,base,calibrated,523,192,0.367112810707457,0.5399999999999999,0.7603316113981003,0.852781973816717,0.7907230164452629,0.14865172559746564,0.777027027027027,0.5989583333333334,0.7946666666666666,0.9003021148036254,93.9
10,5,0,1568,523,523,base,uncalibrated,523,192,0.367112810707457,0.5399999999999999,0.7664268546186827,0.852781973816717,0.7907230164452629,0.1724224481773375,0.7469879518072289,0.6458333333333334,0.8095238095238095,0.8731117824773413,93.9
10,5,0,1568,523,523,thy_locked,calibrated,523,192,0.367112810707457,0.5399999999999999,0.7545450054342456,0.8519480110775428,0.7892763999599511,0.14831289241627182,0.75,0.609375,0.7956403269754768,0.8821752265861027,93.9
10,5,0,1568,523,523,thy_locked,uncalibrated,523,192,0.367112810707457,0.5399999999999999,0.7694229450377192,0.8519480110775428,0.7892763999599511,0.17409270191963183,0.7592592592592593,0.640625,0.8088642659279779,0.8821752265861027,93.9
10,5,0,1568,523,523,thy_own,calibrated,523,192,0.367112810707457,0.5299999999999999,0.7669654865122287,0.8542768126888217,0.7930682423755828,0.1473435288413995,0.7577639751552795,0.6354166666666666,0.8066298342541437,0.8821752265861027,93.9
10,5,0,1568,523,523,thy_own,uncalibrated,523,192,0.367112810707457,0.5299999999999999,0.766376312178935,0.8542768126888217,0.7930682423755828,0.16637786355977774,0.7222222222222222,0.6770833333333334,0.8192419825072886,0.8489425981873112,93.9
10,5,1,1568,523,523,base,calibrated,523,192,0.367112810707457,0.4499999999999999,0.7710698694185232,0.8585253021148036,0.7868480533074892,0.14556387020833134,0.6908212560386473,0.7447916666666666,0.8449367088607594,0.8066465256797583,94.3
10,5,1,1568,523,523,base,uncalibrated,523,192,0.367112810707457,0.4499999999999999,0.75066297190191,0.8585253021148036,0.7868480533074892,0.17087565505417984,0.6230769230769231,0.84375,0.8859315589353612,0.7039274924471299,94.3
10,5,1,1568,523,523,thy_locked,calibrated,523,192,0.367112810707457,0.4499999999999999,0.7638589274068128,0.8546544561933535,0.7729197568235823,0.14879761887112058,0.6777251184834123,0.7447916666666666,0.842948717948718,0.7945619335347432,94.3
10,5,1,1568,523,523,thy_locked,uncalibrated,523,192,0.367112810707457,0.4499999999999999,0.7566346150266725,0.8546544561933535,0.7729197568235823,0.1735644733127854,0.6283524904214559,0.8541666666666666,0.8931297709923665,0.7069486404833837,94.3
10,5,1,1568,523,523,thy_own,calibrated,523,192,0.367112810707457,0.4699999999999999,0.7701724707849658,0.8559919436052366,0.7795541822315623,0.14741400331613874,0.6945812807881774,0.734375,0.840625,0.8126888217522659,94.3
10,5,1,1568,523,523,thy_own,uncalibrated,523,192,0.367112810707457,0.4699999999999999,0.7543521472346534,0.8559919436052366,0.7795541822315623,0.16772808588683483,0.636734693877551,0.8125,0.8705035971223022,0.7311178247734139,94.3
10,5,2,1568,523,523,base,calibrated,523,193,0.3690248565965583,0.4799999999999999,0.784889687531197,0.8488459726801696,0.7931502662059537,0.14662891990896215,0.7528089887640449,0.694300518134715,0.8289855072463768,0.8666666666666667,92.4
10,5,2,1568,523,523,base,uncalibrated,523,193,0.3690248565965583,0.4799999999999999,0.7670114768951979,0.8488459726801696,0.7931502662059537,0.17330060572910813,0.6582278481012658,0.8082901554404145,0.8706293706293706,0.7545454545454545,92.4
10,5,2,1568,523,523,thy_locked,calibrated,523,193,0.3690248565965583,0.4799999999999999,0.7830637184518682,0.8525200188412624,0.7972371705336991,0.14507268083467656,0.7486033519553073,0.694300518134715,0.8284883720930233,0.8636363636363636,92.4
10,5,2,1568,523,523,thy_locked,uncalibrated,523,193,0.3690248565965583,0.4799999999999999,0.7703013781614417,0.8525200188412624,0.7972371705336991,0.1734618075532497,0.6652360515021459,0.8031088082901554,0.8689655172413793,0.7636363636363637,92.4
10,5,2,1568,523,523,thy_own,calibrated,523,193,0.3690248565965583,0.5299999999999999,0.764282908474436,0.8555189197676245,0.8022629475960845,0.14377590870339627,0.7763157894736842,0.6113989637305699,0.7978436657681941,0.896969696969697,92.4
10,5,2,1568,523,523,thy_own,uncalibrated,523,193,0.3690248565965583,0.5299999999999999,0.7887320596901435,0.8555189197676245,0.8022629475960845,0.1665706572570531,0.745945945945946,0.7150259067357513,0.8372781065088757,0.8575757575757575,92.4
10,5,3,1568,523,523,base,calibrated,523,193,0.3690248565965583,0.37999999999999995,0.777360681114551,0.8558015387030931,0.7851939253951223,0.14504641098571344,0.7004830917874396,0.7512953367875648,0.8481012658227848,0.8121212121212121,92.2
10,5,3,1568,523,523,base,uncalibrated,523,193,0.3690248565965583,0.37999999999999995,0.6992766760057867,0.8558015387030931,0.7851939253951223,0.16917713120341746,0.5584415584415584,0.8911917098445595,0.9023255813953488,0.5878787878787879,92.2
10,5,3,1568,523,523,thy_locked,calibrated,523,193,0.3690248565965583,0.37999999999999995,0.7781916042071497,0.852802637776731,0.7858075841263609,0.14665271420436923,0.6966824644549763,0.7616580310880829,0.8525641025641025,0.806060606060606,92.2
10,5,3,1568,523,523,thy_locked,uncalibrated,523,193,0.3690248565965583,0.37999999999999995,0.6974975106893926,0.852802637776731,0.7858075841263609,0.1721479553425834,0.5562700964630225,0.8963730569948186,0.9056603773584906,0.5818181818181818,92.2
10,5,3,1568,523,523,thy_own,calibrated,523,193,0.3690248565965583,0.48999999999999994,0.7670472951085197,0.8549693829486577,0.7882992959701133,0.14568426042503158,0.7485029940119761,0.6476683937823834,0.8089887640449438,0.8727272727272727,92.2
10,5,3,1568,523,523,thy_own,uncalibrated,523,193,0.3690248565965583,0.48999999999999994,0.7795936515300895,0.8549693829486577,0.7882992959701133,0.16504149536108725,0.7019230769230769,0.7564766839378239,0.8507936507936508,0.8121212121212121,92.2
10,5,4,1569,523,522,base,calibrated,522,192,0.367816091954023,0.38999999999999996,0.7662337662337663,0.860653409090909,0.7947224934730474,0.14342556732760509,0.677570093457944,0.7552083333333334,0.8474025974025974,0.7909090909090909,92.7
10,5,4,1569,523,522,base,uncalibrated,522,192,0.367816091954023,0.38999999999999996,0.7300531914893618,0.860653409090909,0.7947224934730474,0.1660242850192023,0.5902777777777778,0.8854166666666666,0.905982905982906,0.6424242424242425,92.7
10,5,4,1569,523,522,thy_locked,calibrated,522,192,0.367816091954023,0.38999999999999996,0.7671839064857298,0.8616635101010099,0.7955232007745063,0.14259194301955827,0.6842105263157895,0.7447916666666666,0.8434504792332268,0.8,92.7
10,5,4,1569,523,522,thy_locked,uncalibrated,522,192,0.367816091954023,0.38999999999999996,0.7229626135157448,0.8616635101010099,0.7955232007745063,0.16781287230031816,0.581081081081081,0.8958333333333334,0.911504424778761,0.6242424242424243,92.7
10,5,4,1569,523,522,thy_own,calibrated,522,192,0.367816091954023,0.38999999999999996,0.7707990907501312,0.8636205808080807,0.8027003183612506,0.1408633647506902,0.6908212560386473,0.7447916666666666,0.8444444444444444,0.806060606060606,92.7
10,5,4,1569,523,522,thy_own,uncalibrated,522,192,0.367816091954023,0.38999999999999996,0.7300531914893618,0.8636205808080807,0.8027003183612506,0.1605214083783234,0.5902777777777778,0.8854166666666666,0.905982905982906,0.6424242424242425,92.7
10,6,0,1568,523,523,base,calibrated,523,192,0.367112810707457,0.38999999999999996,0.7485420931819592,0.8440332326283988,0.7876293728338343,0.1505784587293955,0.6650485436893204,0.7135416666666666,0.8264984227129337,0.7915407854984894,171.3
10,6,0,1568,523,523,base,uncalibrated,523,192,0.367112810707457,0.38999999999999996,0.6933720282590214,0.8440332326283988,0.7876293728338343,0.17400432618171524,0.5522875816993464,0.8802083333333334,0.8940092165898618,0.5861027190332326,171.3
10,6,0,1568,523,523,thy_locked,calibrated,523,192,0.367112810707457,0.38999999999999996,0.7449767801857585,0.8446154330312183,0.7853818863789247,0.1507111402252147,0.6586538461538461,0.7135416666666666,0.8253968253968254,0.7854984894259819,171.3
10,6,0,1568,523,523,thy_locked,uncalibrated,523,192,0.367112810707457,0.38999999999999996,0.6763910093765217,0.8446154330312183,0.7853818863789247,0.17542619739845286,0.5369774919614148,0.8697916666666666,0.8820754716981132,0.5649546827794562,171.3
10,6,0,1568,523,523,thy_own,calibrated,523,192,0.367112810707457,0.5499999999999999,0.7500754527162978,0.8443007301107754,0.7873383492818651,0.15062386242841863,0.7708333333333334,0.578125,0.7862796833773087,0.9003021148036254,171.3
10,6,0,1568,523,523,thy_own,uncalibrated,523,192,0.367112810707457,0.5499999999999999,0.760217448257794,0.8443007301107754,0.7873383492818651,0.16951350401278584,0.75,0.625,0.8016528925619835,0.879154078549849,171.3
10,6,1,1568,523,523,base,calibrated,523,192,0.367112810707457,0.43999999999999995,0.7532363518137447,0.8500755287009063,0.7894045522258872,0.15003545359679146,0.6972972972972973,0.671875,0.8136094674556213,0.8308157099697885,170.0
10,6,1,1568,523,523,base,uncalibrated,523,192,0.367112810707457,0.43999999999999995,0.7347949291573452,0.8500755287009063,0.7894045522258872,0.17040761382477032,0.6085271317829457,0.8177083333333334,0.8679245283018868,0.6948640483383686,170.0
10,6,1,1568,523,523,thy_locked,calibrated,523,192,0.367112810707457,0.43999999999999995,0.7573836400185558,0.8522312437059416,0.7949216242376032,0.148235991440895,0.7027027027027027,0.6770833333333334,0.8165680473372781,0.8338368580060423,170.0
10,6,1,1568,523,523,thy_locked,uncalibrated,523,192,0.367112810707457,0.43999999999999995,0.7410592303883796,0.8522312437059416,0.7949216242376032,0.17112409649793578,0.6130268199233716,0.8333333333333334,0.8778625954198473,0.6948640483383686,170.0
10,6,1,1568,523,523,thy_own,calibrated,523,192,0.367112810707457,0.4699999999999999,0.754443343111564,0.8510353726082578,0.7953023174617662,0.1481977616668914,0.7142857142857143,0.6510416666666666,0.8074712643678161,0.8489425981873112,170.0
10,6,1,1568,523,523,thy_own,uncalibrated,523,192,0.367112810707457,0.4699999999999999,0.7529485264986439,0.8510353726082578,0.7953023174617662,0.16467208820423215,0.6504424778761062,0.765625,0.8484848484848485,0.7613293051359517,170.0
10,6,2,1568,523,523,base,calibrated,523,193,0.3690248565965583,0.36999999999999994,0.7701258443601369,0.8576699638875804,0.7987188276777333,0.14353190368681348,0.6872037914691943,0.7512953367875648,0.8461538461538461,0.8,170.0
10,6,2,1568,523,523,base,uncalibrated,523,193,0.3690248565965583,0.36999999999999994,0.6973113553113554,0.8576699638875804,0.7987188276777333,0.16673146200980357,0.5570032573289903,0.8860103626943006,0.8981481481481481,0.5878787878787879,170.0
10,6,2,1568,523,523,thy_locked,calibrated,523,193,0.3690248565965583,0.36999999999999994,0.7737399956738049,0.8582666038624588,0.7973673818480109,0.1434046269913958,0.69377990430622,0.7512953367875648,0.8471337579617835,0.806060606060606,170.0
10,6,2,1568,523,523,thy_locked,uncalibrated,523,193,0.3690248565965583,0.36999999999999994,0.6918722303337688,0.8582666038624588,0.7973673818480109,0.16821870678793466,0.5509554140127388,0.8963730569948186,0.9043062200956937,0.5727272727272728,170.0
10,6,2,1568,523,523,thy_own,calibrated,523,193,0.3690248565965583,0.4799999999999999,0.7736148518661023,0.8616266289841419,0.8001522389661838,0.14172059770879275,0.7428571428571429,0.6735751295336787,0.8189655172413793,0.8636363636363636,170.0
10,6,2,1568,523,523,thy_own,uncalibrated,523,193,0.3690248565965583,0.4799999999999999,0.768321103214499,0.8616266289841419,0.8001522389661838,0.16037676726393302,0.6839622641509434,0.7512953367875648,0.8456591639871383,0.796969696969697,170.0
10,6,3,1568,523,523,base,calibrated,523,193,0.3690248565965583,0.4599999999999999,0.7882657033415341,0.865536190924792,0.7914887546995616,0.14103187000479453,0.7213930348258707,0.7512953367875648,0.8509316770186336,0.8303030303030303,168.9
10,6,3,1568,523,523,base,uncalibrated,523,193,0.3690248565965583,0.4599999999999999,0.7782176805905289,0.865536190924792,0.7914887546995616,0.168787243366073,0.6626016260162602,0.844559585492228,0.8916967509025271,0.7484848484848485,168.9
10,6,3,1568,523,523,thy_locked,calibrated,523,193,0.3690248565965583,0.4599999999999999,0.7868645038093871,0.8699795886324383,0.7980330821118407,0.13926187147386634,0.7156862745098039,0.7564766839378239,0.8526645768025078,0.8242424242424242,168.9
10,6,3,1568,523,523,thy_locked,uncalibrated,523,193,0.3690248565965583,0.4599999999999999,0.7855146076716143,0.8699795886324383,0.7980330821118407,0.1696968784113853,0.6735537190082644,0.844559585492228,0.8932384341637011,0.7606060606060606,168.9
10,6,3,1568,523,523,thy_own,calibrated,523,193,0.3690248565965583,0.5099999999999999,0.7887320596901435,0.8714397864656933,0.8018574707308204,0.13826397790628886,0.745945945945946,0.7150259067357513,0.8372781065088757,0.8575757575757575,168.9
10,6,3,1568,523,523,thy_own,uncalibrated,523,193,0.3690248565965583,0.5099999999999999,0.7968916419620645,0.8714397864656933,0.8018574707308204,0.16135703677894317,0.7149532710280374,0.7927461139896373,0.8705501618122977,0.8151515151515152,168.9
10,6,4,1569,523,522,base,calibrated,522,192,0.367816091954023,0.42999999999999994,0.7783251231527093,0.8580808080808081,0.7888292772413339,0.1448654300497402,0.6915887850467289,0.7708333333333334,0.8571428571428571,0.8,170.7
10,6,4,1569,523,522,base,uncalibrated,522,192,0.367816091954023,0.42999999999999994,0.7298815736948712,0.8580808080808081,0.7888292772413339,0.17128299607512176,0.5909090909090909,0.8802083333333334,0.902542372881356,0.6454545454545455,170.7
10,6,4,1569,523,522,thy_locked,calibrated,522,192,0.367816091954023,0.42999999999999994,0.77207442183968,0.8570549242424242,0.788295029565467,0.1452955201051245,0.6854460093896714,0.7604166666666666,0.8511326860841424,0.796969696969697,170.7
10,6,4,1569,523,522,thy_locked,uncalibrated,522,192,0.367816091954023,0.42999999999999994,0.7288995726495726,0.8570549242424242,0.788295029565467,0.17383304785984313,0.5942028985507246,0.8541666666666666,0.8861788617886179,0.6606060606060606,170.7
10,6,4,1569,523,522,thy_own,calibrated,522,192,0.367816091954023,0.4799999999999999,0.7762345679012346,0.8580334595959598,0.7911408119559941,0.14487143265633057,0.7009803921568627,0.7447916666666666,0.8459119496855346,0.8151515151515152,170.7
10,6,4,1569,523,522,thy_own,uncalibrated,522,192,0.367816091954023,0.4799999999999999,0.76603309175441,0.8580334595959598,0.7911408119559941,0.1669927472184626,0.6581196581196581,0.8020833333333334,0.8680555555555556,0.7575757575757576,170.7
10,7,0,1568,523,523,base,calibrated,523,192,0.367112810707457,0.5099999999999999,0.7639862911783001,0.8485334843907352,0.785335631423146,0.14816242901321564,0.7454545454545455,0.640625,0.8072625698324022,0.8731117824773413,171.2
10,7,0,1568,523,523,base,uncalibrated,523,192,0.367112810707457,0.5099999999999999,0.7778622057522728,0.8485334843907352,0.785335631423146,0.1711295887514222,0.7064676616915423,0.7395833333333334,0.84472049689441,0.8217522658610272,171.2
10,7,0,1568,523,523,thy_locked,calibrated,523,192,0.367112810707457,0.5099999999999999,0.7700672369912354,0.8491471550855991,0.7827050396959634,0.14815600024953343,0.7426900584795322,0.6614583333333334,0.8153409090909091,0.8670694864048338,171.2
10,7,0,1568,523,523,thy_locked,uncalibrated,523,192,0.367112810707457,0.5099999999999999,0.7796194999389594,0.8491471550855991,0.7827050396959634,0.17251982168512595,0.7225130890052356,0.71875,0.8373493975903614,0.8398791540785498,171.2
10,7,0,1568,523,523,thy_own,calibrated,523,192,0.367112810707457,0.5599999999999999,0.7495127993393889,0.8477467270896275,0.7825338993968575,0.14806222131663468,0.7467532467532467,0.5989583333333334,0.7913279132791328,0.8821752265861027,171.2
10,7,0,1568,523,523,thy_own,uncalibrated,523,192,0.367112810707457,0.5599999999999999,0.7579332856957256,0.8477467270896275,0.7825338993968575,0.16698911984740858,0.7349397590361446,0.6354166666666666,0.803921568627451,0.8670694864048338,171.2
10,7,1,1568,523,523,base,calibrated,523,192,0.367112810707457,0.37999999999999995,0.7489638253131381,0.8322633434038268,0.7612051765437025,0.15724247441829692,0.6460176991150443,0.7604166666666666,0.8451178451178452,0.7583081570996979,172.9
10,7,1,1568,523,523,base,uncalibrated,523,192,0.367112810707457,0.37999999999999995,0.6899935602845184,0.8322633434038268,0.7612051765437025,0.17646369321300323,0.5474683544303798,0.9010416666666666,0.9082125603864735,0.56797583081571,172.9
10,7,1,1568,523,523,thy_locked,calibrated,523,192,0.367112810707457,0.37999999999999995,0.7427800208164153,0.8323892245720039,0.7591225656654513,0.15706578360142193,0.64,0.75,0.8389261744966443,0.7552870090634441,172.9
10,7,1,1568,523,523,thy_locked,uncalibrated,523,192,0.367112810707457,0.37999999999999995,0.6861663202880309,0.8323892245720039,0.7591225656654513,0.17798692613659733,0.5443037974683544,0.8958333333333334,0.9033816425120773,0.5649546827794562,172.9
10,7,1,1568,523,523,thy_own,calibrated,523,192,0.367112810707457,0.41999999999999993,0.7508105658272419,0.8350956696878146,0.765432747309552,0.155536452862668,0.6666666666666666,0.71875,0.8291139240506329,0.7915407854984894,172.9
10,7,1,1568,523,523,thy_own,uncalibrated,523,192,0.367112810707457,0.41999999999999993,0.7179447399527187,0.8350956696878146,0.765432747309552,0.17121376073230682,0.5827338129496403,0.84375,0.8775510204081632,0.649546827794562,172.9
10,7,2,1568,523,523,base,calibrated,523,193,0.3690248565965583,0.36999999999999994,0.7656592812335836,0.8606217616580311,0.7903426589534613,0.143781157409924,0.6842105263157895,0.7409326424870466,0.8407643312101911,0.8,172.7
10,7,2,1568,523,523,base,uncalibrated,523,193,0.3690248565965583,0.36999999999999994,0.6806836669408647,0.8606217616580311,0.7903426589534613,0.16881960269949678,0.5396341463414634,0.917098445595855,0.9179487179487179,0.5424242424242425,172.7
10,7,2,1568,523,523,thy_locked,calibrated,523,193,0.3690248565965583,0.36999999999999994,0.7789891818796484,0.8610142879572931,0.7922301143433842,0.14392208964213385,0.6930232558139535,0.772020725388601,0.8571428571428571,0.8,172.7
10,7,2,1568,523,523,thy_locked,uncalibrated,523,193,0.3690248565965583,0.36999999999999994,0.6710691823899371,0.8610142879572931,0.7922301143433842,0.17121830592007473,0.5311572700296736,0.927461139896373,0.9247311827956989,0.5212121212121212,172.7
10,7,2,1568,523,523,thy_own,calibrated,523,193,0.3690248565965583,0.49999999999999994,0.780712788259958,0.8610456900612341,0.7930157115435071,0.14381955861828719,0.7471910112359551,0.689119170984456,0.8260869565217391,0.8636363636363636,172.7
10,7,2,1568,523,523,thy_own,uncalibrated,523,193,0.3690248565965583,0.49999999999999994,0.7683682983682985,0.8610456900612341,0.7930157115435071,0.16497444149028137,0.6945812807881774,0.7305699481865285,0.8375,0.8121212121212121,172.7
10,7,3,1568,523,523,base,calibrated,523,193,0.3690248565965583,0.38999999999999996,0.7706256088615309,0.8517506672947087,0.7963487460176457,0.14685229301268532,0.696078431372549,0.7357512953367875,0.8401253918495298,0.8121212121212121,172.2
10,7,3,1568,523,523,base,uncalibrated,523,193,0.3690248565965583,0.38999999999999996,0.7067953143902511,0.8517506672947087,0.7963487460176457,0.16905896583064428,0.5729537366548043,0.8341968911917098,0.8677685950413223,0.6363636363636364,172.2
10,7,3,1568,523,523,thy_locked,calibrated,523,193,0.3690248565965583,0.38999999999999996,0.7643045843045844,0.8548594755848642,0.8015163624167693,0.146294547821155,0.6896551724137931,0.7253886010362695,0.834375,0.8090909090909091,172.2
10,7,3,1568,523,523,thy_locked,uncalibrated,523,193,0.3690248565965583,0.38999999999999996,0.7053716406534778,0.8548594755848642,0.8015163624167693,0.16979799157828246,0.5699300699300699,0.844559585492228,0.8734177215189873,0.6272727272727273,172.2
10,7,3,1568,523,523,thy_own,calibrated,523,193,0.3690248565965583,0.3999999999999999,0.7692391792428886,0.8572460354843774,0.804881479660891,0.14462906164738715,0.702020202020202,0.7202072538860104,0.8338461538461538,0.8212121212121212,172.2
10,7,3,1568,523,523,thy_own,uncalibrated,523,193,0.3690248565965583,0.3999999999999999,0.7281139530047827,0.8572460354843774,0.804881479660891,0.16264558061362075,0.6,0.8238341968911918,0.8682170542635659,0.6787878787878788,172.2
10,7,4,1569,523,522,base,calibrated,522,192,0.367816091954023,0.48999999999999994,0.7820320608926306,0.8741950757575757,0.8050212449019192,0.13689605898901558,0.7351351351351352,0.7083333333333334,0.8338278931750742,0.8515151515151516,173.4
10,7,4,1569,523,522,base,uncalibrated,522,192,0.367816091954023,0.48999999999999994,0.7794795379132358,0.8741950757575757,0.8050212449019192,0.16532447861740343,0.6863636363636364,0.7864583333333334,0.8642384105960265,0.7909090909090909,173.4
10,7,4,1569,523,522,thy_locked,calibrated,522,192,0.367816091954023,0.48999999999999994,0.7893504552846178,0.87728851010101,0.8120306040325207,0.1350228752398299,0.7513812154696132,0.7083333333333334,0.8357771260997068,0.8636363636363636,173.4
10,7,4,1569,523,522,thy_locked,uncalibrated,522,192,0.367816091954023,0.48999999999999994,0.7896800881033603,0.87728851010101,0.8120306040325207,0.1654178442868784,0.6968325791855203,0.8020833333333334,0.8737541528239202,0.796969696969697,173.4
10,7,4,1569,523,522,thy_own,calibrated,522,192,0.367816091954023,0.42999999999999994,0.7929119280613595,0.8769886363636363,0.8109777364448645,0.13525537530069803,0.7184466019417476,0.7708333333333334,0.8607594936708861,0.8242424242424242,173.4
10,7,4,1569,523,522,thy_own,uncalibrated,522,192,0.367816091954023,0.42999999999999994,0.7531087648734707,0.8769886363636363,0.8109777364448645,0.15847061374226792,0.6217228464419475,0.8645833333333334,0.8980392156862745,0.693939393939394,173.4
10,8,0,1568,523,523,base,calibrated,523,192,0.367112810707457,0.4699999999999999,0.7801755713273528,0.8515546324269889,0.8026716984569414,0.14308923512014912,0.7457627118644068,0.6875,0.8265895953757225,0.8640483383685801,160.1
10,8,0,1568,523,523,base,uncalibrated,523,192,0.367112810707457,0.4699999999999999,0.7609192536258986,0.8515546324269889,0.8026716984569414,0.1705188143413138,0.6497890295358649,0.8020833333333334,0.8671328671328671,0.7492447129909365,160.1
10,8,0,1568,523,523,thy_locked,calibrated,523,192,0.367112810707457,0.4699999999999999,0.7716338520165131,0.8470386455186304,0.7956614596939999,0.14701187392817175,0.7228260869565217,0.6927083333333334,0.8259587020648967,0.8459214501510574,160.1
10,8,0,1568,523,523,thy_locked,uncalibrated,523,192,0.367112810707457,0.4699999999999999,0.7555042827844131,0.8470386455186304,0.7956614596939999,0.17450381532337336,0.6416666666666667,0.8020833333333334,0.8657243816254417,0.7401812688821753,160.1
10,8,0,1568,523,523,thy_own,calibrated,523,192,0.367112810707457,0.38999999999999996,0.7669340463458111,0.8496978851963746,0.7987875657952727,0.14522241911341272,0.6759259259259259,0.7604166666666666,0.8501628664495114,0.7885196374622356,160.1
10,8,0,1568,523,523,thy_own,uncalibrated,523,192,0.367112810707457,0.38999999999999996,0.6744272908366533,0.8496978851963746,0.7987875657952727,0.16760208376089328,0.535483870967742,0.8645833333333334,0.8779342723004695,0.5649546827794562,160.1
10,8,1,1568,523,523,base,calibrated,523,192,0.367112810707457,0.42999999999999994,0.7983777064451159,0.8653228851963746,0.7892454173297033,0.14127477920498907,0.7447916666666666,0.7447916666666666,0.851963746223565,0.851963746223565,160.2
10,8,1,1568,523,523,base,uncalibrated,523,192,0.367112810707457,0.42999999999999994,0.7480059894443456,0.8653228851963746,0.7892454173297033,0.16797929413999732,0.6148148148148148,0.8645833333333334,0.8972332015810277,0.6858006042296072,160.2
10,8,1,1568,523,523,thy_locked,calibrated,523,192,0.367112810707457,0.42999999999999994,0.7823912702151044,0.86222306143001,0.7885321362132868,0.1426829233911266,0.7216494845360825,0.7291666666666666,0.8419452887537994,0.8368580060422961,160.2
10,8,1,1568,523,523,thy_locked,uncalibrated,523,192,0.367112810707457,0.42999999999999994,0.7452148528290661,0.86222306143001,0.7885321362132868,0.170154856878909,0.6159695817490495,0.84375,0.8846153846153846,0.6948640483383686,160.2
10,8,1,1568,523,523,thy_own,calibrated,523,192,0.367112810707457,0.3999999999999999,0.7943231239011752,0.8635605488418934,0.7862105233786606,0.14168682905606114,0.7122641509433962,0.7864583333333334,0.8681672025723473,0.8157099697885196,160.2
10,8,1,1568,523,523,thy_own,uncalibrated,523,192,0.367112810707457,0.3999999999999999,0.7256722813238771,0.8635605488418934,0.7862105233786606,0.16269733695097735,0.5899280575539568,0.8541666666666666,0.8857142857142857,0.6555891238670695,160.2
10,8,2,1568,523,523,base,calibrated,523,193,0.3690248565965583,0.35999999999999993,0.7508605323006945,0.8531951640759932,0.7995000610366728,0.14746585752801383,0.6604651162790698,0.7357512953367875,0.8344155844155844,0.7787878787878788,160.2
10,8,2,1568,523,523,base,uncalibrated,523,193,0.3690248565965583,0.35999999999999993,0.6918722303337688,0.8531951640759932,0.7995000610366728,0.1679980246757449,0.5509554140127388,0.8963730569948186,0.9043062200956937,0.5727272727272728,160.2
10,8,2,1568,523,523,thy_locked,calibrated,523,193,0.3690248565965583,0.35999999999999993,0.7530869410017157,0.855409012403831,0.8039293985811392,0.1471211292907158,0.6620370370370371,0.7409326424870466,0.8371335504885994,0.7787878787878788,160.2
10,8,2,1568,523,523,thy_locked,uncalibrated,523,193,0.3690248565965583,0.35999999999999993,0.6787469287469288,0.855409012403831,0.8039293985811392,0.1699184166042559,0.5384615384615384,0.9067357512953368,0.9090909090909091,0.5454545454545454,160.2
10,8,2,1568,523,523,thy_own,calibrated,523,193,0.3690248565965583,0.43999999999999995,0.7613450402819738,0.8573716439001413,0.8071773221584801,0.145795519787496,0.7015706806282722,0.694300518134715,0.822289156626506,0.8272727272727273,160.2
10,8,2,1568,523,523,thy_own,uncalibrated,523,193,0.3690248565965583,0.43999999999999995,0.742223978027353,0.8573716439001413,0.8071773221584801,0.16267472775944394,0.628099173553719,0.7875647668393783,0.8540925266903915,0.7272727272727273,160.2
10,8,3,1568,523,523,base,calibrated,523,193,0.3690248565965583,0.5199999999999999,0.7664474081226238,0.8482964358612027,0.7832390207844351,0.14996556556362456,0.7383720930232558,0.6580310880829016,0.811965811965812,0.8636363636363636,160.1
10,8,3,1568,523,523,base,uncalibrated,523,193,0.3690248565965583,0.5199999999999999,0.75927572864008,0.8482964358612027,0.7832390207844351,0.17613670924579067,0.6884422110552764,0.7098445595854922,0.8271604938271605,0.8121212121212121,160.1
10,8,3,1568,523,523,thy_locked,calibrated,523,193,0.3690248565965583,0.5199999999999999,0.7574103876513034,0.8501805620976605,0.7844011807162609,0.14918534631466737,0.7294117647058823,0.6424870466321243,0.8045325779036827,0.8606060606060606,160.1
10,8,3,1568,523,523,thy_locked,uncalibrated,523,193,0.3690248565965583,0.5199999999999999,0.7708720620448759,0.8501805620976605,0.7844011807162609,0.17625213656293293,0.7180851063829787,0.6994818652849741,0.826865671641791,0.8393939393939394,160.1
10,8,3,1568,523,523,thy_own,calibrated,523,193,0.3690248565965583,0.4799999999999999,0.7692876304023845,0.8528340398806719,0.7877472122421253,0.14781580570924646,0.7252747252747253,0.6839378238341969,0.8211143695014663,0.8484848484848485,160.1
10,8,3,1568,523,523,thy_own,uncalibrated,523,193,0.3690248565965583,0.4799999999999999,0.7544600938967136,0.8528340398806719,0.7877472122421253,0.16952666048480955,0.648068669527897,0.7823834196891192,0.8551724137931035,0.7515151515151515,160.1
10,8,4,1569,523,522,base,calibrated,522,192,0.367816091954023,0.33999999999999997,0.7638772213247172,0.8669665404040404,0.8025707413108288,0.13992567205402245,0.6566523605150214,0.796875,0.8650519031141869,0.7575757575757576,159.3
10,8,4,1569,523,522,base,uncalibrated,522,192,0.367816091954023,0.33999999999999997,0.6704932472108045,0.8669665404040404,0.8025707413108288,0.16503238283269275,0.5301204819277109,0.9166666666666666,0.9157894736842105,0.5272727272727272,159.3
10,8,4,1569,523,522,thy_locked,calibrated,522,192,0.367816091954023,0.33999999999999997,0.7714736012608353,0.8713699494949494,0.8060867038520935,0.1382369660407936,0.6666666666666666,0.8020833333333334,0.8694158075601375,0.7666666666666667,159.3
10,8,4,1569,523,522,thy_locked,uncalibrated,522,192,0.367816091954023,0.33999999999999997,0.6606393177085055,0.8713699494949494,0.8060867038520935,0.16634123974098453,0.5217391304347826,0.9375,0.9322033898305084,0.5,159.3
10,8,4,1569,523,522,thy_own,calibrated,522,192,0.367816091954023,0.32999999999999996,0.7681840438170645,0.8689709595959596,0.8059378213074566,0.13855111289775515,0.6595744680851063,0.8072916666666666,0.8710801393728222,0.7575757575757576,159.3
10,8,4,1569,523,522,thy_own,uncalibrated,522,192,0.367816091954023,0.32999999999999996,0.6666617733411626,0.8689709595959596,0.8059378213074566,0.15989569549426985,0.5271084337349398,0.9114583333333334,0.9105263157894737,0.5242424242424243,159.3
10,9,0,1568,523,523,base,calibrated,523,192,0.367112810707457,0.5099999999999999,0.7736983642355986,0.8643001007049345,0.8099478093366848,0.1396210332593318,0.7514792899408284,0.6614583333333334,0.8163841807909604,0.8731117824773413,157.8
10,9,0,1568,523,523,base,uncalibrated,523,192,0.367112810707457,0.5099999999999999,0.7860334843907351,0.8643001007049345,0.8099478093366848,0.16576502924762562,0.7291666666666666,0.7291666666666666,0.8429003021148036,0.8429003021148036,157.8
10,9,0,1568,523,523,thy_locked,calibrated,523,192,0.367112810707457,0.5099999999999999,0.7749204235416396,0.8655903826787512,0.8098931064733188,0.1401744807517271,0.7590361445783133,0.65625,0.8151260504201681,0.879154078549849,157.8
10,9,0,1568,523,523,thy_locked,uncalibrated,523,192,0.367112810707457,0.5099999999999999,0.7726805753121542,0.8655903826787512,0.8098931064733188,0.16759774737447303,0.7180851063829787,0.703125,0.8298507462686567,0.8398791540785498,157.8
10,9,0,1568,523,523,thy_own,calibrated,523,192,0.367112810707457,0.43999999999999995,0.7763045337895638,0.8671324269889225,0.8102435380316246,0.13854672852811653,0.7258064516129032,0.703125,0.8308605341246291,0.8459214501510574,157.8
10,9,0,1568,523,523,thy_own,uncalibrated,523,192,0.367112810707457,0.43999999999999995,0.7694637737398702,0.8671324269889225,0.8102435380316246,0.15972303374366648,0.6556016597510373,0.8229166666666666,0.8794326241134752,0.7492447129909365,157.8
10,9,1,1568,523,523,base,calibrated,523,192,0.367112810707457,0.4799999999999999,0.7622392533140225,0.8360869838872105,0.7645085333017201,0.15468324718221182,0.7283236994219653,0.65625,0.8114285714285714,0.8580060422960725,157.1
10,9,1,1568,523,523,base,uncalibrated,523,192,0.367112810707457,0.4799999999999999,0.7557272365318061,0.8360869838872105,0.7645085333017201,0.1740891829310809,0.6590909090909091,0.7552083333333334,0.8448844884488449,0.7734138972809668,157.1
10,9,1,1568,523,523,thy_locked,calibrated,523,192,0.367112810707457,0.4799999999999999,0.7586408928019648,0.8359768378650554,0.762868859984765,0.15515600593081694,0.72,0.65625,0.8103448275862069,0.851963746223565,157.1
10,9,1,1568,523,523,thy_locked,uncalibrated,523,192,0.367112810707457,0.4799999999999999,0.7535382095732518,0.8359768378650554,0.762868859984765,0.1759897311367674,0.6666666666666666,0.7291666666666666,0.8338658146964856,0.7885196374622356,157.1
10,9,1,1568,523,523,thy_own,calibrated,523,192,0.367112810707457,0.5599999999999999,0.7556327399780851,0.8388563695871097,0.7692525464219452,0.15310176817667523,0.7581699346405228,0.6041666666666666,0.7945945945945946,0.8882175226586103,157.1
10,9,1,1568,523,523,thy_own,uncalibrated,523,192,0.367112810707457,0.5599999999999999,0.7626896238794256,0.8388563695871097,0.7692525464219452,0.16876191457930054,0.7515527950310559,0.6302083333333334,0.8038674033149171,0.879154078549849,157.1
10,9,2,1568,523,523,base,calibrated,523,193,0.3690248565965583,0.43999999999999995,0.7626151994158625,0.8440571518291726,0.7692564672843137,0.1528936364870647,0.7074468085106383,0.689119170984456,0.8208955223880597,0.8333333333333334,156.5
10,9,2,1568,523,523,base,uncalibrated,523,193,0.3690248565965583,0.43999999999999995,0.748618120644076,0.8440571518291726,0.7692564672843137,0.17135771995436555,0.6326530612244898,0.8031088082901554,0.8633093525179856,0.7272727272727273,156.5
10,9,2,1568,523,523,thy_locked,calibrated,523,193,0.3690248565965583,0.43999999999999995,0.7654597809667674,0.8442298634008478,0.7705144094495735,0.1523438509380533,0.7068062827225131,0.6994818652849741,0.8253012048192772,0.8303030303030303,156.5
10,9,2,1568,523,523,thy_locked,uncalibrated,523,193,0.3690248565965583,0.43999999999999995,0.7432094600925769,0.8442298634008478,0.7705144094495735,0.1732336205376746,0.625,0.8031088082901554,0.8618181818181818,0.7181818181818181,156.5
10,9,2,1568,523,523,thy_own,calibrated,523,193,0.3690248565965583,0.5299999999999999,0.7559356169766833,0.8468676401318889,0.7762814064992861,0.1515535775639435,0.7484276729559748,0.616580310880829,0.7967032967032966,0.8787878787878788,156.5
10,9,2,1568,523,523,thy_own,uncalibrated,523,193,0.3690248565965583,0.5299999999999999,0.762772154316272,0.8468676401318889,0.7762814064992861,0.16649139738225313,0.7182320441988951,0.6735751295336787,0.8157894736842105,0.8454545454545455,156.5
10,9,3,1568,523,523,base,calibrated,523,193,0.3690248565965583,0.5499999999999999,0.7930034570773158,0.8680012560841577,0.7972224682744051,0.13822242862124207,0.7810650887573964,0.6839378238341969,0.827683615819209,0.8878787878787879,156.3
10,9,3,1568,523,523,base,uncalibrated,523,193,0.3690248565965583,0.5499999999999999,0.7974203853449137,0.8680012560841577,0.7972224682744051,0.16571591373248257,0.7696629213483146,0.7098445595854922,0.8376811594202899,0.8757575757575757,156.3
10,9,3,1568,523,523,thy_locked,calibrated,523,193,0.3690248565965583,0.5499999999999999,0.7895012867265919,0.874721306327524,0.8000877661891032,0.13474816988354188,0.7865853658536586,0.6683937823834197,0.8217270194986073,0.8939393939393939,156.3
10,9,3,1568,523,523,thy_locked,uncalibrated,523,193,0.3690248565965583,0.5499999999999999,0.7966958211856171,0.874721306327524,0.8000877661891032,0.16537956814171834,0.7904191616766467,0.6839378238341969,0.8286516853932584,0.8939393939393939,156.3
10,9,3,1568,523,523,thy_own,calibrated,523,193,0.3690248565965583,0.5099999999999999,0.7970170769571967,0.873716439001413,0.7994638045569642,0.1355029163536367,0.7567567567567568,0.7253886010362695,0.8431952662721893,0.8636363636363636,156.3
10,9,3,1568,523,523,thy_own,uncalibrated,523,193,0.3690248565965583,0.5099999999999999,0.8027478448275862,0.873716439001413,0.7994638045569642,0.15887061362103216,0.7230046948356808,0.7979274611398963,0.8741935483870967,0.8212121212121212,156.3
10,9,4,1569,523,522,base,calibrated,522,192,0.367816091954023,0.5399999999999999,0.7583333333333333,0.8566445707070707,0.8068643652416477,0.14712723064783123,0.7321428571428571,0.640625,0.8050847457627118,0.8636363636363636,154.9
10,9,4,1569,523,522,base,uncalibrated,522,192,0.367816091954023,0.5399999999999999,0.7605542462156563,0.8566445707070707,0.8068643652416477,0.17368889824810244,0.7,0.6927083333333334,0.822289156626506,0.8272727272727273,154.9
10,9,4,1569,523,522,thy_locked,calibrated,522,192,0.367816091954023,0.5399999999999999,0.7765219624967892,0.859201388888889,0.8119440396370149,0.14554865704906442,0.7636363636363637,0.65625,0.8151260504201681,0.8818181818181818,154.9
10,9,4,1569,523,522,thy_locked,uncalibrated,522,192,0.367816091954023,0.5399999999999999,0.7713880749140019,0.859201388888889,0.8119440396370149,0.17463191197547512,0.7228260869565217,0.6927083333333334,0.8254437869822485,0.8454545454545455,154.9
10,9,4,1569,523,522,thy_own,calibrated,522,192,0.367816091954023,0.4099999999999999,0.7400665209541005,0.8584753787878787,0.8123357503068305,0.1453103611260021,0.630901287553648,0.765625,0.8442906574394463,0.7393939393939394,154.9
10,9,4,1569,523,522,thy_own,uncalibrated,522,192,0.367816091954023,0.4099999999999999,0.6971579643093193,0.8584753787878787,0.8123357503068305,0.16914386302781292,0.5534591194968553,0.9166666666666666,0.9215686274509803,0.5696969696969697,154.9
