draw,horizon,n_oob,c_base,c_thy,delta
0,,2996,0.7986757168718365,0.8030688067394937,0.004393089867657185
1,,2984,0.7708800527770735,0.7698498659649416,-0.0010301868121318503
2,,2950,0.7966205322144044,0.7979061993067506,0.001285667092346121
3,,2968,0.7903067092490946,0.7919501090985964,0.001643399849501792
4,,2982,0.8031437041869987,0.7990509619251702,-0.00409274226182843
5,,3024,0.7650254306584922,0.7654671634920222,0.00044173283352999526
6,,2975,0.7921725426863416,0.7940922884567797,0.001919745770438075
7,,2987,0.7793155837177849,0.7810670767482507,0.001751493030465845
8,,2960,0.7777480934894786,0.7774288389688212,-0.0003192545206573971
9,,2933,0.782218269951701,0.7872520497932435,0.005033779841542518
10,,2990,0.7951660197630468,0.7988088455215017,0.0036428257584548707
11,,2928,0.8036200693281563,0.8044051352852987,0.0007850659571423391
12,,3002,0.7947533318301033,0.797138720434829,0.0023853886047257022
13,,2986,0.788381278044483,0.7905924836430515,0.0022112055985684664
14,,2974,0.7937029388403495,0.795459253375695,0.0017563145353455267
15,,2953,0.7866086588764056,0.7899457334369365,0.003337074560530895
16,,2960,0.7923962253859161,0.7957138614641478,0.003317636078231656
17,,2998,0.7796052590758769,0.7800743319124646,0.0004690728365877028
18,,2973,0.7907489042943503,0.7941080484328669,0.0033591441385165677
19,,2944,0.806614480578714,0.808229229450324,0.001614748871610061
20,,2983,0.7810280089951426,0.7855715259325058,0.004543516937363212
21,,2977,0.796201566055327,0.7977845728554757,0.0015830068001486675
22,,2937,0.781017277151701,0.7827478806726006,0.0017306035208995985
23,,2921,0.8118500941220139,0.8148977914468277,0.003047697324813803
24,,2966,0.7911362431706438,0.7914327113490842,0.0002964681784404233
25,,3018,0.8007341321562607,0.8043661281451002,0.0036319959888395648
26,,2957,0.7784886973782195,0.7793103268389828,0.0008216294607633623
27,,2981,0.7730014360938248,0.7725303973192915,-0.00047103877453325005
28,,2953,0.7952753015688264,0.7958192592476082,0.0005439576787817924
29,,2985,0.7828531901252898,0.7857407979401299,0.0028876078148400985
30,,3008,0.8006935752766633,0.8028170930192291,0.002123517742565806
31,,2913,0.7914289962263795,0.7919906733281257,0.0005616771017461497
32,,3007,0.8012037928519329,0.8024344274252371,0.0012306345733041901
33,,2943,0.776917823509908,0.78084904302017,0.003931219510261985
34,,2965,0.7829053534091786,0.7850280229077025,0.0021226694985239103
35,,2971,0.8007145038089263,0.8041749387724603,0.003460434963533987
36,,2971,0.7781444502716235,0.7809299518103286,0.0027855015387051596
37,,2990,0.8012159289432957,0.8029679233010265,0.0017519943577307684
38,,2939,0.7921367521367522,0.7946119153499227,0.0024751632131705392
39,,2980,0.7980426032085399,0.8037498828399099,0.005707279631369966
40,,3008,0.7772269951597849,0.777043587060433,-0.0001834080993519116
41,,2993,0.7920071258907363,0.7919501187648456,-5.7007125890740085e-05
42,,2933,0.7823704027093902,0.7848330093864005,0.0024626066770103705
43,,3007,0.7758260974510607,0.7758068388556286,-1.925859543205899e-05
44,,2948,0.7765247390650153,0.779155995183124,0.0026312561181086602
45,,2967,0.7914693853895522,0.7932949983999114,0.0018256130103591062
46,,2940,0.7822231045452956,0.7855630303302719,0.0033399257849762165
47,,2919,0.7960509672692192,0.7995310130406686,0.003480045771449447
48,,2964,0.7738214625905357,0.7750699424285449,0.001248479838009131
49,,2979,0.7814034531918264,0.7847261207033106,0.0033226675114842452
50,,2981,0.7913600921428517,0.7925219811723461,0.001161889029494323
51,,2952,0.777870715450979,0.7813812438917938,0.0035105284408147863
52,,2969,0.7988306223456493,0.7987148552586224,-0.00011576708702687455
53,,2990,0.7998579013591987,0.8051237541561206,0.005265852796921933
54,,2959,0.7910445837543563,0.7942112779164003,0.0031666941620440703
55,,2983,0.7776871084839683,0.7794543096886233,0.0017672012046550112
56,,2946,0.7971771889663071,0.7982348991862133,0.0010577102199061938
57,,3016,0.7982868756901554,0.7995302326554781,0.0012433569653226284
58,,2965,0.7675637964912729,0.7699409238410384,0.0023771273497654732
59,,2969,0.7832757852528403,0.7840580003645274,0.00078221511168719
60,,2968,0.7869456530200936,0.787928028341837,0.0009823753217433895
61,,2968,0.7868039525701611,0.7920236421973602,0.005219689627199098
62,,2983,0.807968973218777,0.8093372100042254,0.0013682367854483957
63,,2970,0.7955932274532643,0.7992646634451422,0.003671435991877914
64,,2957,0.7824541979015377,0.7808924000755498,-0.001561797825987865
65,,3011,0.7869653166798244,0.7880826689333196,0.0011173522534951852
66,,3011,0.793753259635739,0.7955070714921206,0.0017538118563816818
67,,2994,0.7873567142702841,0.7896175032993118,0.00226078902902771
68,,2962,0.7979367832812748,0.7994916752210883,0.0015548919398135075
69,,2976,0.7892344342626512,0.7917474915263767,0.0025130572637255266
70,,2947,0.7864344892043025,0.7874588791906263,0.0010243899863238148
71,,2962,0.7908193083901399,0.7890763191377117,-0.0017429892524282176
72,,2969,0.7985453963127799,0.8008193822605075,0.0022739859477276525
73,,2936,0.7902553384558376,0.7922193863512124,0.001964047895374743
74,,2936,0.793314984781727,0.7971264435703289,0.003811458788601896
75,,3016,0.7866365129574843,0.791053560201003,0.004417047243518768
76,,2924,0.7888701316859216,0.7908702766802512,0.0020001449943296556
77,,2934,0.7793933167656589,0.7814057345985332,0.0020124178328743136
78,,3004,0.7923298855049317,0.7927155377848278,0.0003856522798961759
79,,3028,0.7768220861751903,0.7804103913033358,0.0035883051281454525
80,,3043,0.7814889584364382,0.7820574443767958,0.0005684859403576326
81,,2969,0.7877097361979511,0.7904863887875105,0.002776652589559392
82,,2951,0.796422938046991,0.7976618152687697,0.0012388772217786226
83,,2976,0.7880293296419045,0.7898634735992958,0.0018341439573912321
84,,2983,0.7806372622859353,0.7825364441675474,0.0018991818816120887
85,,3016,0.7938163583675323,0.7967764694968177,0.002960111129285403
86,,2969,0.8047521534457024,0.8061829473091865,0.0014307938634841033
87,,2973,0.7721303320325108,0.7719961570252641,-0.00013417500724666187
88,,2974,0.7882488168549211,0.7892646841628727,0.0010158673079515568
89,,2940,0.8048666490625825,0.8068365460786903,0.0019698970161077245
90,,2992,0.7977706709025746,0.7983346010349923,0.0005639301324177337
91,,2974,0.786718272806991,0.788213238184512,0.0014949653775210292
92,,2981,0.7803730690071207,0.7834851316505406,0.0031120626434198995
93,,3010,0.7905084893888709,0.7931618785898438,0.002653389200972911
94,,2965,0.7883356285811723,0.7892454839154759,0.0009098553343035443
95,,2971,0.7885934087185268,0.7917723556128944,0.003178946894367596
96,,2951,0.776875838127107,0.7809038613377448,0.004028023210637777
97,,2963,0.7746802375789211,0.7771594158398741,0.0024791782609530078
98,,2975,0.7934190379170911,0.7958126831951102,0.0023936452780191075
99,,2942,0.7975077590771533,0.7933264600869336,-0.004181298990219684
100,,2967,0.7999355994534656,0.8018812916412318,0.0019456921877661904
101,,2927,0.789430978957459,0.792866862216414,0.0034358832589550525
102,,2953,0.7931427364163856,0.793722474993272,0.0005797385768864238
103,,2989,0.7722752578007633,0.7745003595170006,0.0022251017162372433
104,,2957,0.7675006204168228,0.7694579746675295,0.0019573542507067554
105,,2970,0.7907421853104389,0.7939652192597298,0.00322303394929091
106,,2940,0.790170264055108,0.7927989428504324,0.0026286787953243573
107,,2966,0.7945885160816151,0.7969830009751943,0.002394484893579185
108,,2978,0.7842495639660839,0.7862365848627576,0.0019870208966736858
109,,2946,0.7901660445359763,0.7911908745992927,0.0010248300633164398
110,,2953,0.797795046596083,0.8003304581328867,0.0025354115368037
111,,2949,0.7797417446967051,0.7853549744717475,0.0056132297750424165
112,,2973,0.8033320975719636,0.8052185889795114,0.001886491407547819
113,,2985,0.7972009237646137,0.7986867857506084,0.001485861985994652
114,,2951,0.7810955096709522,0.7829383190439667,0.001842809373014509
115,,2994,0.7968775204654325,0.7963230927507381,-0.0005544277146943832
116,,2981,0.7874093339986794,0.7868750409540659,-0.0005342930446134986
117,,2971,0.7943245847828346,0.7942835218166256,-4.106296620898231e-05
118,,2919,0.7865191469908762,0.7885531661310643,0.0020340191401880814
119,,3022,0.7874783429099966,0.7909138396677621,0.003435496757765444
120,,2963,0.8073661744700182,0.8096436910952773,0.0022775166252591017
121,,2989,0.7765894112635434,0.7760930764551013,-0.0004963348084421337
122,,2920,0.7890768655120803,0.7931058905281163,0.00402902501603597
123,,2980,0.786655519829625,0.7896966300753971,0.0030411102457721384
124,,2943,0.7865661459388618,0.7870188226302439,0.00045267669138215894
125,,2990,0.7670912027910859,0.7718959007179477,0.0048046979268617784
126,,2953,0.7886263110418928,0.7837013641848868,-0.004924946857006063
127,,3006,0.7828634573841499,0.7847307234561928,0.0018672660720429057
128,,2982,0.7830084906189947,0.7834420388951326,0.00043354827613795166
129,,2963,0.7944530884343415,0.7941861788926416,-0.0002669095416998335
130,,2942,0.7854989695785977,0.787089588212347,0.0015906186337493189
131,,2939,0.768850605499629,0.7722638741072761,0.003413268607647124
132,,2948,0.7849109078267509,0.7858025112132078,0.0008916033864568851
133,,3015,0.8054316742265318,0.8094825090286631,0.004050834802131309
134,,3017,0.7669676109633617,0.7660023335829454,-0.0009652773804162962
135,,2967,0.8068509570604324,0.8121196392988965,0.005268682238464106
136,,2965,0.789105548268256,0.7923278819432963,0.003222333675040323
137,,2977,0.7879688510194826,0.7880279549555634,5.910393608088427e-05
138,,2942,0.7888283259165635,0.7921248073708773,0.0032964814543138266
139,,2950,0.7903427595397268,0.7899327275893456,-0.00041003195038114004
140,,2944,0.7955706829925334,0.7965815337421721,0.001010850749638692
141,,2955,0.7742388357957647,0.77507956259078,0.0008407267950153452
142,,2962,0.793506259448021,0.7965271741329276,0.003020914684906617
143,,2976,0.7902647784939442,0.7927609891365226,0.0024962106425784336
144,,2970,0.7940753935976661,0.7944912888951048,0.00041589529743868425
145,,2961,0.7622825510954888,0.7658331522450499,0.0035506011495610723
146,,2963,0.7757612519412731,0.7778278084577485,0.0020665565164753597
147,,2969,0.7847737204266744,0.786792048825049,0.0020183283983746803
148,,2992,0.7997153614684044,0.8042590636218439,0.004543702153439466
149,,2960,0.8013846503161451,0.8026328111069634,0.0012481607908182424
150,,2972,0.787086094856293,0.7883805890530535,0.0012944941967605317
151,,2936,0.7857521938362934,0.7876725867800772,0.0019203929437838774
152,,2961,0.7955419581512923,0.7967539671719415,0.0012120090206492184
153,,2990,0.7717507271619831,0.7722374751199439,0.00048674795796077586
154,,3026,0.7889062009008065,0.7889280227645683,2.182186376176176e-05
155,,2992,0.8041668732953137,0.804480535581453,0.0003136622861393823
156,,2988,0.781464420320201,0.784710813316296,0.003246392996094971
157,,3018,0.7999706101912101,0.7972914352219225,-0.002679174969287601
158,,2973,0.7719184143053517,0.7742712000114012,0.002352785706049465
159,,2935,0.7702160730116535,0.7733221305959539,0.0031060575843003813
160,,2985,0.7779078700971457,0.7802994049661753,0.0023915348690296545
161,,2995,0.7923681391211188,0.7943326605574793,0.0019645214363605
162,,2973,0.7805596311045903,0.7812696499685601,0.0007100188639698191
163,,2954,0.7889702259091994,0.7920220575161672,0.0030518316069677587
164,,2940,0.7849682585094544,0.7883018397083085,0.0033335811988540742
165,,2997,0.7836548691396553,0.7855970872638721,0.001942218124216799
166,,2921,0.7859942443439799,0.7876617708544729,0.001667526510492956
167,,2959,0.78042043864974,0.7810512285887725,0.0006307899390325389
168,,2943,0.7752715089592608,0.7766534389037193,0.0013819299444585154
169,,2967,0.7849530915178112,0.7876854780442528,0.002732386526441588
170,,2913,0.7993067107451938,0.8022125244783223,0.0029058137331284817
171,,3001,0.7802051975489104,0.7820496840451289,0.0018444864962184893
172,,2980,0.7800689837890572,0.7813862621730636,0.001317278384006415
173,,2975,0.7931184691508668,0.7954477299401785,0.0023292607893117268
174,,2958,0.7881967145995479,0.7876951658117733,-0.0005015487877745306
175,,2985,0.7970016123634814,0.8002689300599313,0.003267317696449834
176,,2954,0.8074748267749204,0.8097940180516806,0.0023191912767601686
177,,2956,0.7818013599486662,0.7851166700657093,0.003315310117043113
178,,2932,0.7781325979773607,0.7793328860464973,0.0012002880691366347
179,,2960,0.7856385734305134,0.7843983584758367,-0.0012402149546766328
180,,2915,0.7859074611158021,0.7901403624704774,0.004232901354675245
181,,2984,0.7763814752681613,0.7796070357378883,0.0032255604697269957
182,,2911,0.7719755322525342,0.7769363820721108,0.004960849819576563
183,,2967,0.7900198869999966,0.792802247719931,0.002782360719934429
184,,3034,0.7925561166422785,0.7948861408391434,0.0023300241968648994
185,,2952,0.778955648786335,0.7820802289894909,0.003124580203155869
186,,2957,0.7947988051309085,0.7948703931483759,7.158801746742771e-05
187,,3016,0.7997823223052141,0.8010044993955406,0.0012221770903265705
188,,2934,0.7926027648548528,0.7908830108688452,-0.001719753986007655
189,,3014,0.7724927958587203,0.7743157122110044,0.001822916352284043
190,,2978,0.767938768013169,0.7700777954996721,0.0021390274865031866
191,,2936,0.7990559284981912,0.8001470275289703,0.0010910990307790858
192,,2998,0.782176756936044,0.7838022398251844,0.0016254828891403283
193,,3010,0.78947323979001,0.7924817127306415,0.003008472940631446
194,,3001,0.7959209046375222,0.7966598964481916,0.0007389918106693871
195,,2923,0.7730472237608537,0.7774316910866448,0.004384467325791119
196,,2974,0.7771247798239629,0.777550215701178,0.0004254358772151079
197,,2985,0.7886497040890069,0.7893457516284487,0.0006960475394417465
198,,2935,0.7915382242178078,0.7945175790861272,0.0029793548683193505
199,,2968,0.7859693953057016,0.7864614678808568,0.0004920725751551558
200,,2947,0.7873885805039809,0.7884038365036912,0.0010152559997103072
201,,2953,0.8020871442861931,0.8048860359864815,0.002798891700288353
202,,2954,0.7831471646895399,0.7844331352599124,0.0012859705703724966
203,,2982,0.776747391518063,0.7785678813400426,0.0018204898219795762
204,,3000,0.7914987230770406,0.7906355588033844,-0.0008631642736561806
205,,3021,0.7600365660252487,0.7617885036151005,0.0017519375898518152
206,,2987,0.7692771529128005,0.7714639068691393,0.002186753956338827
207,,2967,0.7878139400543528,0.7905197652588324,0.002705825204479595
208,,2972,0.7706550627898943,0.7745438082516735,0.0038887454617791972
209,,2972,0.7859207352574232,0.7864210783498294,0.000500343092406208
210,,2933,0.7867594023048327,0.7890849513857923,0.00232554908095961
211,,2963,0.8020612086649602,0.8053042150005576,0.003243006335597376
212,,2965,0.7751627321154443,0.7773156290732957,0.002152896957851369
213,,2962,0.7777149622388472,0.7798343528886839,0.0021193906498366832
214,,2979,0.7895545867564556,0.7926549368640188,0.0031003501075631545
215,,2944,0.7934680607760588,0.7958820271676982,0.002413966391639377
216,,2980,0.7968035088216611,0.7980945778964336,0.0012910690747724995
217,,2987,0.7915234896300068,0.7977512877874554,0.006227798157448561
218,,2994,0.7874173428246054,0.7910785617622341,0.0036612189376287185
219,,2988,0.771326934943091,0.7715673082403436,0.00024037329725257184
220,,2961,0.7889719230640725,0.7924838603095405,0.0035119372454680553
221,,2969,0.7853339353133241,0.7873034568046641,0.0019695214913399983
222,,2927,0.7881694233768186,0.7892428806733847,0.0010734572965660494
223,,2932,0.7923359448098649,0.7927018308265952,0.00036588601673026577
224,,2964,0.7862754350341477,0.7850719221318367,-0.0012035129023109103
225,,2974,0.7995116488101246,0.8020218988978453,0.0025102500877206557
226,,2924,0.8047632704617431,0.8076788362145241,0.0029155657527809575
227,,2989,0.7942164517886326,0.7962581116856059,0.002041659896973247
228,,2953,0.7890289427625679,0.7905838683313907,0.0015549255688228625
229,,2964,0.7919171680812508,0.7948089230590593,0.0028917549778084695
230,,2944,0.7856720618900546,0.7881220121317957,0.0024499502417411056
231,,2928,0.7949955934674515,0.7977591965966336,0.002763603129182113
232,,2977,0.7855730534862996,0.7881570866619514,0.002584033175651812
233,,2960,0.7847559480482135,0.7837289284462605,-0.0010270196019529498
234,,2955,0.7769739230975041,0.77901043458319,0.0020365114856858435
235,,2979,0.7824835181655508,0.7818639688330241,-0.0006195493325267254
236,,2994,0.7867885967923489,0.7876893682358983,0.0009007714435493863
237,,2957,0.7778832682878014,0.7805263684579206,0.0026431001701191503
238,,2946,0.7855138124202375,0.7853468567431754,-0.00016695567706215275
239,,2973,0.7902998198855817,0.7901548284038312,-0.00014499148175051157
240,,2975,0.7883540568083957,0.7908796146642748,0.002525557855879157
241,,2976,0.7783110392298067,0.7829165998760685,0.00460556064626183
242,,2944,0.7832293706475081,0.7853198635732904,0.002090492925782339
243,,2968,0.7964545497765523,0.7972651421508035,0.0008105923742511845
244,,2971,0.7658969968286633,0.7666469577948588,0.0007499609661955065
245,,2987,0.7752105674966632,0.7787455955978991,0.0035350281012359597
246,,2927,0.7807336891026814,0.785296689679366,0.004563000576684573
247,,2978,0.7973829553903808,0.7982334202863232,0.0008504648959423156
248,,2952,0.7709136018483032,0.774771907633595,0.0038583057852918934
249,,2948,0.776057022151434,0.780077139052367,0.004020116900932957
250,,2953,0.8078885749097775,0.8125394441625216,0.00465086925274405
251,,2971,0.7979523866686759,0.8024731245961346,0.004520737927458773
252,,2979,0.7742039828121305,0.7752858824956473,0.001081899683516796
253,,2949,0.8035047536440086,0.8056325429793116,0.0021277893353029986
254,,2980,0.7819076792322538,0.7805608182682036,-0.0013468609640502338
255,,2941,0.7738575014300005,0.7735845606960119,-0.00027294073398864693
256,,2961,0.7949935865338652,0.7971995161837543,0.0022059296498890824
257,,2978,0.8045924891862012,0.8057146277964305,0.0011221386102293618
258,,2948,0.7860999794827519,0.7873298284022756,0.0012298489195237128
259,,2992,0.7672367264302364,0.7683468345420391,0.0011101081118026768
260,,2956,0.7816902959091272,0.7838275244205537,0.0021372285114265033
261,,2979,0.796679232830328,0.8002398451408642,0.003560612310536171
262,,2953,0.7858466138260009,0.7900206424199722,0.004174028593971313
263,,2963,0.7979381794345742,0.7977034670545299,-0.00023471238004435513
264,,2924,0.7788632373781171,0.7820530785338099,0.003189841155692763
265,,2963,0.7668441193249226,0.7694958123192027,0.0026516929942801415
266,,2952,0.7891643716623727,0.7928659914912098,0.0037016198288370994
267,,2959,0.7825652530017462,0.7835248029860139,0.0009595499842677269
268,,2991,0.7847255687990757,0.7895363102101234,0.004810741411047648
269,,2986,0.7916128935629538,0.7921221258952129,0.0005092323322590797
270,,2975,0.7741092572261308,0.7741584899343728,4.923270824197523e-05
271,,2980,0.7929433540866745,0.7942563726015104,0.0013130185148358953
272,,2933,0.8083115854833752,0.8083871169383194,7.553145494421099e-05
273,,2970,0.7787714704726859,0.7823768261645115,0.003605355691825629
274,,2962,0.7839326944071505,0.7842044625726458,0.0002717681654952342
275,,2953,0.788575715583496,0.7907433313511867,0.002167615767690645
276,,2966,0.7865567975554164,0.7889389117538959,0.002382114198479446
277,,2913,0.7841295488459049,0.7851327631178571,0.0010032142719521575
278,,2926,0.7781024565086504,0.780283921535928,0.0021814650272775626
279,,2992,0.7842922975130421,0.7865297439237404,0.0022374464106983405
280,,2962,0.7942483271453032,0.7947073759492334,0.0004590488039301066
281,,2984,0.7797513681080568,0.7830879701388669,0.0033366020308100985
282,,3000,0.7870581958621732,0.7910442299883854,0.0039860341262122345
283,,2986,0.7944800990157012,0.7967548177295939,0.0022747187138927316
284,,2949,0.8005343750716705,0.8014861589976071,0.0009517839259366445
285,,2967,0.7981318436202234,0.802590456713358,0.004458613093134667
286,,2992,0.7877558294150708,0.7883826683398988,0.0006268389248279549
287,,2995,0.7636283291502904,0.7654783870646117,0.0018500579143212459
288,,2946,0.8086247407383065,0.8102324476199745,0.001607706881668003
289,,2975,0.7907073343615044,0.7943505974067042,0.003643263045199796
290,,2965,0.7896680373055579,0.7905813585226011,0.0009133212170432392
291,,2973,0.781697657715175,0.7859485355732014,0.0042508778580264694
292,,3025,0.8069038945365778,0.8072654463669028,0.00036155183032493543
293,,2970,0.7950829487339404,0.7990969190470251,0.004013970313084703
294,,3010,0.7909743807101818,0.7955378167090515,0.004563435998869769
295,,2997,0.7890397325736397,0.7886062907184117,-0.0004334418552279784
296,,2967,0.7826009729592964,0.7833536299406691,0.0007526569813727235
297,,2965,0.7822725364611846,0.7838326160976652,0.001560079636480638
298,,2915,0.771729521425513,0.7729033958038273,0.001173874378314288
299,,2978,0.7969389042033764,0.8009464095891856,0.004007505385809185
300,,2995,0.7963310000987635,0.7980074785189482,0.0016764784201847016
301,,2959,0.7822450922902286,0.7851824554419226,0.002937363151693906
302,,2982,0.8036941952119802,0.8055698600581118,0.0018756648461316638
303,,3000,0.7884715063663472,0.792684055047011,0.004212548680663786
304,,2951,0.8072633412354023,0.8107563838600924,0.003493042624690079
305,,2939,0.7933598258248875,0.7956504099868461,0.0022905841619585976
306,,2963,0.8101745548114534,0.810562857076291,0.00038830226483765884
307,,3011,0.7950920652672082,0.7969993731672163,0.0019073079000080373
308,,2998,0.8085100238475269,0.8128363450971506,0.0043263212496237324
309,,2993,0.7789544345251165,0.7796520637151264,0.0006976291900099296
310,,2940,0.7737433852170269,0.7768186450234589,0.0030752598064319736
311,,2922,0.7907125636356112,0.791943886842432,0.0012313232068208446
312,,2953,0.792593419266038,0.7937850690375661,0.0011916497715280805
313,,2984,0.7841739904777807,0.7873944435168461,0.003220453039065374
314,,2971,0.8033195804783966,0.7955944010019114,-0.007725179476485211
315,,2985,0.7858078195746224,0.7866023177690591,0.0007944981944366658
316,,2986,0.7856181539036896,0.787431477526597,0.0018133236229074257
317,,2927,0.77982180008205,0.7816141550904874,0.0017923550084373296
318,,2962,0.7864755339057684,0.7865833241596947,0.0001077902539262654
319,,2971,0.800096431771358,0.802840054872462,0.002743623101103987
320,,2894,0.7930309895729825,0.7968361222624111,0.003805132689428614
321,,2927,0.7724238925342871,0.7752375198093185,0.0028136272750314273
322,,2901,0.8006454822685711,0.8039399165306875,0.003294434262116397
323,,3005,0.7789505424389971,0.7808653323782709,0.0019147899392738532
324,,2988,0.7850878797704314,0.7872755694112037,0.0021876896407723168
325,,2970,0.7887274292091015,0.7925529457814775,0.0038255165723759532
326,,2988,0.7976580256477563,0.8007196225182946,0.003061596870538308
327,,2961,0.8075011410200469,0.811608813188687,0.004107672168640164
328,,3012,0.7885450321224098,0.7891909516713324,0.0006459195489225689
329,,2918,0.79817153962759,0.8027910297360309,0.004619490108440871
330,,2972,0.7836663144750744,0.7818533282105465,-0.0018129862645278605
331,,2971,0.795859036523888,0.7968654292251698,0.0010063927012817775
332,,3030,0.7902453764343548,0.7918877094322256,0.0016423329978708656
333,,2950,0.7966909185830877,0.7995387970868009,0.0028478785037131527
334,,2973,0.7753521011296749,0.7787577558281432,0.003405654698468319
335,,2971,0.7914993868198541,0.7948350868133996,0.003335699993545549
336,,3017,0.783133311709374,0.7848584231328312,0.0017251114234572151
337,,2991,0.8047982457973252,0.807574832009774,0.002776586212448806
338,,2961,0.8004464251490426,0.8019553779281478,0.0015089527791051216
339,,2977,0.7887126092753727,0.7909637648090597,0.0022511555336870437
340,,2985,0.7949258612085064,0.7963209494258184,0.001395088217312046
341,,2953,0.7857632766938561,0.7876193982136284,0.0018561215197722136
342,,3021,0.7896784324485214,0.7922482291308134,0.0025697966822919582
343,,2986,0.7835806854614146,0.7846895053459166,0.0011088198845020658
344,,2988,0.7882995631487394,0.7920839955665896,0.003784432417850203
345,,2944,0.8043687505059994,0.8082239839211065,0.0038552334151070733
346,,2994,0.7867314940332866,0.7884102698725918,0.0016787758393052021
347,,2985,0.7879766945533313,0.7913192222103276,0.0033425276569962747
348,,2954,0.7922858454483727,0.7935198339678038,0.0012339885194311284
349,,2933,0.7890915192409175,0.7899548116383087,0.0008632923973912465
350,,2974,0.7824713877870696,0.7845351105461286,0.0020637227590589724
351,,2940,0.7905544016206375,0.796230479267636,0.005676077646998512
352,,2989,0.8045282749131069,0.8054115667836305,0.0008832918705236059
353,,2962,0.7959702709691107,0.7969846647527995,0.0010143937836888384
354,,2984,0.7796557167108438,0.7793219068608472,-0.00033380984999653585
355,,2916,0.809958643231627,0.8119342231767159,0.001975579945088901
356,,2965,0.7836645256054467,0.7880542027607048,0.004389677155258065
357,,2949,0.8043675059040888,0.8067727530432324,0.002405247139143585
358,,2928,0.7967157039246953,0.7965022375392212,-0.00021346638547403707
359,,3003,0.7991688273521451,0.7973095318225125,-0.0018592955296325986
360,,2973,0.7807302218746344,0.7813866702793908,0.0006564484047564267
361,,2948,0.7806089593942179,0.7834770618503566,0.002868102456138666
362,,3006,0.7946368413960383,0.7973007032096103,0.0026638618135720327
363,,2963,0.7801619910747636,0.7825161696188099,0.0023541785440462926
364,,2942,0.7934423836828839,0.794358779877088,0.0009163961942041388
365,,2966,0.7955908051110413,0.7970085192676701,0.0014177141566288354
366,,2934,0.7797986231569818,0.7808976582827407,0.0010990351257589293
367,,2995,0.7947257062702962,0.7958684162633755,0.001142709993079305
368,,3019,0.7881925332276507,0.7899520758566533,0.001759542629002575
369,,2964,0.7963010609861049,0.7989665176562739,0.002665456670169042
370,,2966,0.7848788596054695,0.7862214958205238,0.0013426362150542603
371,,2926,0.7930213373586278,0.7952287425277798,0.002207405169151966
372,,2974,0.7890698872818055,0.7909985541252458,0.0019286668434402854
373,,2942,0.786083796046744,0.7896149840645165,0.003531188017772413
374,,2982,0.7874431706293826,0.7899652510644232,0.0025220804350405412
375,,3047,0.7825356753425307,0.7829943583179254,0.000458682975394753
376,,2973,0.7882619924054327,0.7926595339578705,0.004397541552437767
377,,2960,0.7980885352641603,0.7995258486768342,0.0014373134126738352
378,,2936,0.7877102129106327,0.7909129879920571,0.003202775081424414
379,,2931,0.7918989194903636,0.7931614056699657,0.001262486179602118
380,,2964,0.8036210746446597,0.8044920185866522,0.0008709439419924969
381,,2926,0.7978515207963657,0.7991989220789739,0.0013474012826082404
382,,2883,0.7840557015826856,0.7863206755774286,0.0022649739947430136
383,,2984,0.782823836518993,0.7844777519519763,0.0016539154329833217
384,,2999,0.7885887065292226,0.7896935900196135,0.00110488349039084
385,,2957,0.7884134209377296,0.7917299602329029,0.003316539295173282
386,,2978,0.7964782372158216,0.7978852271417737,0.001406989925952118
387,,2980,0.7858778885254811,0.7871432106913051,0.0012653221658239788
388,,2984,0.7996250467774324,0.8013053655243597,0.0016803187469273118
389,,2961,0.7765520222335813,0.7801252763717205,0.003573254138139137
390,,2943,0.7928706975487293,0.7939854050526168,0.0011147075038875354
391,,2968,0.7791797421908946,0.7809250229324579,0.0017452807415633265
392,,2979,0.775751669178083,0.7789501827810066,0.0031985136029235584
393,,2996,0.7943853421910761,0.7945397788264841,0.0001544366354079285
394,,2986,0.7841470965320992,0.7845648706963945,0.00041777416429522596
395,,2933,0.8012653076614041,0.7997350290778934,-0.0015302785835107358
396,,2981,0.7860428363079415,0.7854721407910717,-0.0005706955168697236
397,,2916,0.7915006586115493,0.7932759284254577,0.0017752698139084089
398,,2936,0.7754761486871008,0.7769467447438823,0.001470596056781459
399,,2987,0.7854151323218933,0.7877976628860411,0.0023825305641478334
400,,2943,0.7864426575039984,0.7848888969994956,-0.0015537605045028435
401,,2969,0.7829691748911328,0.7843028378369813,0.0013336629458484683
402,,2951,0.774805906114329,0.7779915548796077,0.0031856487652787147
403,,2939,0.7778605042104006,0.778817767216466,0.0009572630060653564
404,,2961,0.7841580641698331,0.7853018240518257,0.0011437598819925565
405,,2922,0.7680915178276156,0.772587775576021,0.004496257748405341
406,,2965,0.8014472558951756,0.8051957682716057,0.0037485123764300354
407,,2943,0.8036094953623644,0.8046206571293821,0.0010111617670177653
408,,2983,0.7879538043774605,0.7904293488336587,0.002475544456198131
409,,2949,0.7989006792902362,0.8001154187885476,0.0012147394983114124
410,,2961,0.7888687720733161,0.7910856480253239,0.002216875952007813
411,,2941,0.7978030810789499,0.7977687422976206,-3.433878132930168e-05
412,,2960,0.7942683908744047,0.7948782164542713,0.000609825579866552
413,,3007,0.7758425263188652,0.778568463138979,0.0027259368201137946
414,,2987,0.7757349127581239,0.7780822794941572,0.0023473667360333073
415,,2962,0.7849778525454201,0.7837222972358108,-0.001255555309609302
416,,2972,0.7908889477763553,0.7949646239765711,0.004075676200215761
417,,2996,0.7859476779990112,0.7889425692127165,0.0029948912137053307
418,,2955,0.7945042212399318,0.7952430658350093,0.000738844595077448
419,,2953,0.7835481640615354,0.7838691754944811,0.000321011432945717
420,,2961,0.7894716684099866,0.791953257895126,0.002481589485139435
421,,2935,0.7910837834274156,0.7939721808271116,0.002888397399696041
422,,2990,0.7841216094966889,0.7850250424180321,0.0009034329213432057
423,,2985,0.800924902579743,0.8049210579256253,0.0039961553458822685
424,,2978,0.7928805193074392,0.7961859116609062,0.0033053923534670515
425,,2987,0.7730770888749705,0.7768692803330941,0.003792191458123595
426,,2963,0.8020337089508873,0.8002996821833382,-0.0017340267675490795
427,,2956,0.7920134863303507,0.7944808605091312,0.0024673741787805126
428,,2963,0.781852984473851,0.7827732212439404,0.0009202367700894554
429,,2985,0.8034629779752057,0.8048898882559292,0.0014269102807235035
430,,2971,0.793375452743979,0.7963597928952597,0.0029843401512806844
431,,2965,0.7941990185301094,0.7970274506503684,0.0028284321202589613
432,,2975,0.7767762020881176,0.7796787329245484,0.0029025308364307723
433,,2994,0.7845040090851338,0.7857414416027511,0.0012374325176172096
434,,2935,0.77779304537249,0.7804088465766411,0.002615801204151058
435,,3018,0.7811466180397784,0.7834272489935828,0.0022806309538044856
436,,2944,0.7975970515849939,0.8002900321685426,0.00269298058354861
437,,2991,0.7753626446082839,0.7787430817798557,0.0033804371715718817
438,,3006,0.7967149547761113,0.7987978729670555,0.002082918190944194
439,,2965,0.7938014844983335,0.7941265396800358,0.00032505518170222736
440,,2941,0.7860698125805886,0.7860710559920621,1.2434114734505286e-06
441,,2975,0.7995740537596564,0.8012002538207994,0.0016262000611430016
442,,2947,0.7783269571147068,0.7801270062525384,0.0018000491378316053
443,,2977,0.7907172918404959,0.793059319580688,0.0023420277401920986
444,,2982,0.8032219320059723,0.8053112436372916,0.0020893116313193127
445,,2957,0.7901601838938584,0.7934340153011841,0.0032738314073256225
446,,2987,0.7851239669421488,0.7876284681344269,0.0025045011922780747
447,,2965,0.7713127231190158,0.7721416711691375,0.0008289480501216806
448,,2959,0.7821531000297026,0.7842298496852008,0.0020767496554982
449,,3003,0.7708215832247731,0.7698940819320168,-0.0009275012927563164
450,,2999,0.7805414840533516,0.7824624812643481,0.001920997210996589
451,,2958,0.7806879809927173,0.7819082175507464,0.001220236558029053
452,,2995,0.7969192610138801,0.8002698530730271,0.003350592059147006
453,,2959,0.7900215167251055,0.789674692142179,-0.0003468245829264527
454,,2970,0.7897518525631593,0.7900486617398006,0.00029680917664132167
455,,2944,0.7826493226697396,0.7841223515854476,0.0014730289157079968
456,,2943,0.796589555009229,0.7992544113562081,0.0026648563469791053
457,,2965,0.7684062307489219,0.7681811895751877,-0.0002250411737342306
458,,2899,0.7882028984419842,0.790086172938621,0.001883274496636833
459,,2956,0.8005050717151441,0.8031872153022172,0.0026821435870730825
460,,2943,0.7821802336890975,0.7882079080805592,0.006027674391461679
461,,2939,0.7979805901626283,0.8001391752063975,0.002158585043769201
462,,2989,0.7897139723656706,0.7925073387179945,0.002793366352323856
463,,2972,0.7858854071171586,0.787956904119802,0.0020714970026434187
464,,2994,0.7821553628286916,0.7856808952181029,0.0035255323894113344
465,,2994,0.7917200997731149,0.7938832598187737,0.002163160045658863
466,,2939,0.7888869205359865,0.7899365748490293,0.0010496543130428249
467,,2975,0.7979225837661803,0.7999610998760682,0.0020385161098879223
468,,2995,0.7888169284725991,0.7883952670561456,-0.0004216614164535004
469,,3004,0.7778593193318771,0.7796778888230496,0.0018185694911724282
470,,2986,0.7956891928566142,0.7955736251007972,-0.00011556775581700318
471,,2966,0.7782519768109346,0.7807575749740131,0.002505598163078493
472,,2980,0.778677376984161,0.7815553055610981,0.0028779285769371388
473,,2977,0.7937634377535567,0.7937501956223922,-1.3242131164492577e-05
474,,2926,0.789951134773874,0.7898967664083064,-5.436836556760305e-05
475,,3011,0.7883537847859908,0.7902710353621019,0.0019172505761110292
476,,2962,0.7987388418097886,0.8005866780188642,0.0018478362090755818
477,,2950,0.7969251591449046,0.8011698317775597,0.004244672632655155
478,,2941,0.7833801538678329,0.7848901322653167,0.001509978397483791
479,,2943,0.7763978217341181,0.7784860849867524,0.002088263252634337
480,,2988,0.7893255146694124,0.7936688913025735,0.004343376633161089
481,,2959,0.7879808829666488,0.7914962161989745,0.003515333232325668
482,,2962,0.7997136958302433,0.8025250580747854,0.002811362244542037
483,,2999,0.7760875998098398,0.7775380562912944,0.0014504564814545873
484,,2959,0.7817378884638747,0.7846373579468321,0.002899469482957384
485,,2987,0.783953595132313,0.7862748759606083,0.0023212808282953024
486,,3005,0.7927247884756923,0.7950300342304981,0.0023052457548058403
487,,2984,0.7781232729776446,0.7822583279222688,0.0041350549446241835
488,,2986,0.7902626778407272,0.7926229603032886,0.0023602824625613694
489,,2940,0.7842290210457966,0.785742841500834,0.0015138204550373402
490,,2986,0.7864774177085991,0.7851441694309773,-0.0013332482776218235
491,,2924,0.7903000906996382,0.790642820654497,0.0003427299548587337
492,,2938,0.78868910385532,0.7919872152679018,0.00329811141258185
493,,2945,0.786641795378349,0.788953924516272,0.0023121291379230025
494,,2946,0.781564621586175,0.7834318585094893,0.0018672369233142527
495,,2949,0.7963863496442459,0.7975241390596872,0.0011377894154412926
496,,2945,0.7925701075431587,0.7945924341349607,0.002022326591802015
497,,2904,0.7941675318808303,0.7968080862519451,0.002640554371114767
498,,2958,0.7927194860813704,0.7934106741116201,0.0006911880302497009
499,,2938,0.7954299912896436,0.7966698774942585,0.001239886204614904
500,,3012,0.7985440358362373,0.8001659345108677,0.001621898674630362
501,,2998,0.8129736932906588,0.8124898370356269,-0.0004838562550318892
502,,2944,0.7972030009854931,0.7992521378842629,0.0020491368987697323
503,,2931,0.8027876128682512,0.8071061116852168,0.004318498816965666
504,,2962,0.7741299871109202,0.7774041096905139,0.003274122579593697
505,,2939,0.7733104419956519,0.7769880740218419,0.003677632026189981
506,,2955,0.7771320354989545,0.777738191026268,0.0006061555273134678
507,,2947,0.785978346147811,0.786863329672054,0.0008849835242429327
508,,2978,0.770403853259642,0.7738547089230013,0.0034508556633593424
509,,2984,0.7768977448532197,0.7782034575065638,0.0013057126533441155
510,,2995,0.7948129900682852,0.7965409018893683,0.0017279118210831168
511,,2979,0.8019365572701878,0.8059092570060996,0.0039726997359118554
512,,3005,0.7993147168047303,0.8037792522804439,0.004464535475713571
513,,3005,0.7773006703530938,0.7791319390812764,0.0018312687281826223
514,,2992,0.7803531524666656,0.7841869710326745,0.0038338185660089508
515,,2968,0.7841628066264991,0.7847561628427439,0.0005933562162447892
516,,3000,0.7938374997531742,0.7960404201962759,0.0022029204431016636
517,,3010,0.7849727111317437,0.7875733870644324,0.0026006759326886453
518,,2958,0.7883271780435596,0.7879339352027428,-0.0003932428408167654
519,,2988,0.779462632637216,0.7819287392247815,0.0024661065875654087
520,,2953,0.7830568846489915,0.7826274217622583,-0.00042946288673317845
521,,2920,0.7680280412812968,0.770544664643674,0.002516623362377235
522,,2935,0.7926926131850676,0.7961956755257049,0.003503062340637353
523,,2971,0.7856130914738426,0.7892022870083848,0.0035891955345421778
524,,3004,0.7857500725465927,0.7863719004838413,0.0006218279372486313
525,,2958,0.7765796366771172,0.7787544653986102,0.002174828721492994
526,,2943,0.8018601006041759,0.8045642447050104,0.002704144100834527
527,,2962,0.7900113214048387,0.7917661391548325,0.0017548177499938644
528,,2928,0.7786262737481972,0.7822542282795251,0.003627954531327915
529,,3023,0.7765276954718165,0.7793039654597155,0.002776269987898927
530,,2974,0.7924353566044993,0.7949896000468029,0.0025542434423035942
531,,2953,0.7943859311835556,0.7965994471406154,0.002213515957059764
532,,2992,0.7789035810809964,0.7812106850333672,0.0023071039523707704
533,,2956,0.7802227388611429,0.7824876419232919,0.002264903062148993
534,,2942,0.784699971916248,0.7874908727806035,0.0027909008643555167
535,,3013,0.7865276785382129,0.7880734639318879,0.0015457853936750032
536,,2995,0.78622491387775,0.7887856232943321,0.002560709416582152
537,,2947,0.7899908479818222,0.7935645532868368,0.0035737053050146628
538,,2928,0.7877786435124159,0.7897305489884247,0.001951905476008764
539,,2994,0.7871863660999455,0.7918630190090878,0.00467665290914232
540,,2960,0.7679151295058028,0.7721447236953347,0.004229594189531949
541,,2968,0.7855521434743638,0.7825172232959878,-0.0030349201783759217
542,,2934,0.7937486080159154,0.7954510984889372,0.0017024904730218449
543,,3013,0.7955645601562594,0.7946801412158637,-0.0008844189403957037
544,,2970,0.7876385282439621,0.7901689754186916,0.0025304471747295
545,,2937,0.7827633141621853,0.7835826472197387,0.0008193330575534397
546,,2982,0.7806228749841473,0.7836388122255974,0.0030159372414501062
547,,2952,0.7978334581584791,0.7984740951497836,0.0006406369913045662
548,,2962,0.7978910787991318,0.803447540428308,0.005556461629176224
549,,2964,0.7707077110516241,0.771271076684587,0.0005633656329629977
550,,2984,0.7874726863352747,0.7918013309959206,0.004328644660645975
551,,2983,0.7935062434859962,0.7967059885685456,0.003199745082549388
552,,3008,0.7871810490344361,0.7916152611229552,0.004434212088519129
553,,2999,0.777365231277353,0.7815495882407443,0.004184356963391256
554,,2991,0.7962654194004749,0.7981192361456972,0.0018538167452223364
555,,2999,0.7834137459739065,0.7857576086166445,0.002343862642738004
556,,2970,0.7918050980614872,0.794577275480842,0.00277217741935476
557,,2936,0.8054496444558283,0.805000792808616,-0.00044885164721231163
558,,2938,0.8056174949835129,0.8063769438129184,0.0007594488294054846
559,,3008,0.7833209506925697,0.7860034475233493,0.0026824968307795904
560,,2971,0.7893656348224557,0.7907795871018671,0.0014139522794114345
561,,2961,0.8002142389347446,0.8034530119395783,0.0032387730048336616
562,,2972,0.7941864058116245,0.7959825336112264,0.001796127799601921
563,,2950,0.8097575606520812,0.8116613650221007,0.0019038043700195795
564,,2967,0.7814434964213001,0.7832472766198602,0.0018037801985600899
565,,2958,0.786504722664364,0.7886021393903458,0.002097416725981849
566,,2919,0.7868943765502859,0.7834826141301884,-0.0034117624200975527
567,,3001,0.7822019555108232,0.7839063215839686,0.0017043660731453913
568,,2917,0.8023123643450718,0.8066005765087202,0.004288212163648386
569,,2922,0.794479157066937,0.7949055386600313,0.0004263815930943826
570,,3027,0.7899399526135652,0.791673254720514,0.0017333021069487753
571,,2979,0.7956724473436219,0.788915541739588,-0.006756905604033858
572,,2961,0.7895263808510508,0.7919667402628553,0.002440359411804538
573,,2902,0.7762858609306608,0.7771871572837817,0.0009012963531209728
574,,3003,0.7926907922510437,0.7967751770720953,0.0040843848210516676
575,,2989,0.7742153439466573,0.7748342901106705,0.0006189461640132565
576,,2997,0.7826190769416371,0.783188354072782,0.0005692771311448519
577,,2991,0.7933779186494972,0.7946884920659709,0.0013105734164736704
578,,2943,0.801753991568514,0.8024827164641308,0.0007287248956168169
579,,3000,0.7946461788079311,0.796621519452185,0.0019753406442538646
580,,2966,0.7839086891920576,0.7848433610559018,0.0009346718638442164
581,,2989,0.7769174259456475,0.7801776416992072,0.0032602157535597254
582,,2968,0.7923911841052516,0.7965794287213762,0.004188244616124659
583,,2955,0.7946383937477264,0.7971343745966181,0.002495980848891688
584,,2950,0.7776513463202328,0.7810269788416665,0.0033756325214336913
585,,2996,0.7718019615504063,0.7735501257275669,0.001748164177160616
586,,2970,0.8006209165699063,0.8035905713769345,0.0029696548070281548
587,,2938,0.7852388699896465,0.7874903449522589,0.0022514749626123542
588,,2972,0.7867813372757746,0.7861666090481859,-0.000614728227588679
589,,2976,0.7905749092707495,0.7917444146858343,0.0011695054150848705
590,,2984,0.7859900098065595,0.7857719445680714,-0.00021806523848810766
591,,2922,0.7739030105264227,0.7756559318501802,0.0017529213237574837
592,,2910,0.7863564258628665,0.7891501088464885,0.0027936829836220367
593,,2934,0.7906185196624079,0.7925434753833839,0.0019249557209759516
594,,2959,0.784436736234807,0.7865068043671597,0.002070068132352665
595,,2974,0.8112740143461431,0.8135001399960575,0.0022261256499144233
596,,3016,0.7884812109249627,0.7931320494342421,0.004650838509279387
597,,2956,0.7998330123595232,0.8008568781843446,0.0010238658248213905
598,,2978,0.8013263176761276,0.8062641625379268,0.004937844861799157
599,,2969,0.7911620100650091,0.794333247891101,0.003171237826091966
600,,2971,0.7861090723141836,0.7841946525996039,-0.0019144197145797293
601,,2974,0.7810813226094727,0.7856287501595812,0.004547427550108507
602,,2947,0.7905376392972246,0.7886167772961942,-0.0019208620010304767
603,,2981,0.7736526659377668,0.7769127634613696,0.0032600975236027896
604,,2973,0.7895817919862934,0.786110110587594,-0.0034716813986994666
605,,2980,0.8041798077188536,0.8065961399158885,0.002416332197034965
606,,2952,0.7849743226491943,0.7860563651704705,0.0010820425212761942
607,,2974,0.7960344281023273,0.7975440968006269,0.0015096686982996044
608,,2991,0.7880251115612777,0.7916040166894704,0.0035789051281927
609,,2975,0.7845745618782051,0.784981947351204,0.00040738547299890016
610,,2973,0.7981786052382455,0.7983010413379615,0.00012243609971607228
611,,2921,0.7885833531986064,0.7892373137391628,0.0006539605405564419
612,,2943,0.7854885214594164,0.7874236164271026,0.0019350949676861795
613,,2981,0.7858520162036657,0.7877556423478915,0.0019036261442257896
614,,2971,0.7869269071610095,0.7882005458111901,0.0012736386501805974
615,,2991,0.8034820291610286,0.8070904011821904,0.003608372021161821
616,,2959,0.7882093775657818,0.7887970637682292,0.0005876862024474239
617,,3015,0.7848043059110118,0.7868828005187607,0.002078494607748893
618,,2970,0.8031064515725943,0.8036987516713109,0.0005923000987165805
619,,2995,0.7844505738601956,0.7842880413386419,-0.00016253252155362663
620,,2979,0.7812474943874278,0.780302878447723,-0.0009446159397048515
621,,3026,0.7842330382008564,0.7872375999441011,0.0030045617432447047
622,,2997,0.7832753176139763,0.7844124930267545,0.0011371754127782463
623,,2943,0.8021294547382535,0.8029884758620163,0.0008590211237627932
624,,2998,0.7903766840802859,0.7918182175262186,0.0014415334459326745
625,,3026,0.8042820977359713,0.8059198291480197,0.001637731412048482
626,,2983,0.8097864465690718,0.8131094461333507,0.003322999564278839
627,,2978,0.7955183066711529,0.7987850610222372,0.0032667543510843666
628,,2990,0.7837916369495734,0.7847978157035927,0.0010061787540193157
629,,2943,0.7863831260968115,0.7873523262094971,0.000969200112685642
630,,2971,0.7713411405800346,0.7738972386902376,0.0025560981102030755
631,,3013,0.7909373242424541,0.7965874668219088,0.005650142579454731
632,,2981,0.7784772921445989,0.7824738647317726,0.003996572587173675
633,,2986,0.7975186361213628,0.8007621169522395,0.003243480830876777
634,,2964,0.8002721795492633,0.801474284019491,0.0012021044702276162
635,,2932,0.7967216927228475,0.7986062382466509,0.0018845455238033493
636,,2986,0.8007054097104341,0.8040637562740138,0.003358346563579695
637,,3000,0.7971769379233252,0.7934091955370967,-0.0037677423862285675
638,,2936,0.7844856309130124,0.7880961330277351,0.0036105021147226912
639,,2926,0.7753990931237159,0.7753355084587474,-6.358466496847459e-05
640,,2971,0.7891787222130837,0.7853347993339509,-0.0038439228791328217
641,,2965,0.7891967959216433,0.7902938681027168,0.0010970721810735773
642,,3006,0.8043321664043753,0.8068499341595129,0.0025177677551375677
643,,3035,0.7812817260398974,0.7844253660214561,0.0031436399815586435
644,,2978,0.790732586465272,0.7937257801514421,0.002993193686170126
645,,2971,0.785822654840954,0.7879815454035761,0.0021588905626220845
646,,2988,0.7961918665732265,0.7983549990708612,0.0021631324976346678
647,,2996,0.789941906448299,0.7936978184756261,0.0037559120273271684
648,,2954,0.7693195305288144,0.7764846806453031,0.007165150116488661
649,,2952,0.7990104866478375,0.8002013499061803,0.0011908632583428336
650,,2995,0.7683601500905636,0.7713449056168655,0.002984755526301952
651,,2937,0.7934505966857078,0.7942299919577444,0.0007793952720365205
652,,2939,0.7851502245339539,0.7875337590616429,0.002383534527689024
653,,2993,0.789944024961307,0.7935425969055495,0.0035985719442425124
654,,2985,0.7869612465602159,0.7875997506078308,0.0006385040476148962
655,,2956,0.7636366349227665,0.7635533273899003,-8.330753286611703e-05
656,,2939,0.7693247074731366,0.7722815384488319,0.0029568309756952127
657,,3004,0.7981536090724219,0.7981161175888063,-3.7491483615648136e-05
658,,2978,0.7997990160858741,0.8022337380859743,0.002434722000100198
659,,2957,0.7725360967783896,0.7742367524702867,0.001700655691897035
660,,2980,0.7907030978627092,0.7925012550277825,0.0017981571650732553
661,,2990,0.7848849822508625,0.7860293188574753,0.001144336606612839
662,,2952,0.7775663786039876,0.7787967659903956,0.0012303873864080161
663,,2923,0.7936385412098107,0.7959839411625789,0.002345399952768168
664,,2937,0.8003824881125281,0.8011957105624415,0.0008132224499134422
665,,2963,0.7846478314435466,0.7864136336110589,0.0017658021675123203
666,,2937,0.8019578101738715,0.8019335514068808,-2.4258766990636893e-05
667,,2947,0.784513240076395,0.785093945181438,0.0005807051050430445
668,,2933,0.7930694034137535,0.7939990050057443,0.0009296015919907363
669,,2971,0.7825707355649557,0.7838723973398863,0.0013016617749306292
670,,2985,0.7903065937632636,0.7875777095348663,-0.0027288842283973436
671,,2947,0.7906199677442804,0.7907986185976771,0.00017865085339663356
672,,2996,0.7930752159699899,0.7924993749874109,-0.0005758409825790123
673,,2938,0.8009177415554481,0.8043704611480194,0.0034527195925712073
674,,2973,0.7867354535662844,0.7883293379623352,0.0015938843960507931
675,,2962,0.7973250937647546,0.7988769748192742,0.0015518810545196438
676,,2972,0.7920296988485819,0.7948568196176959,0.0028271207691140665
677,,3001,0.7984902082777827,0.8004965484549521,0.0020063401771693856
678,,3006,0.7849965060856687,0.7886364347472388,0.0036399286615700355
679,,2946,0.7805312107335692,0.7836291513982135,0.0030979406646443053
680,,2958,0.784876018401644,0.7842214247712834,-0.0006545936303605782
681,,2956,0.7775104062459364,0.7780897827595574,0.0005793765136210549
682,,3031,0.7899465554166546,0.791546743417546,0.001600188000891456
683,,2946,0.7990427176813,0.7995101160158461,0.0004673983345461208
684,,2942,0.7864547230066132,0.7897066012885902,0.0032518782819769276
685,,2956,0.7848442255085782,0.7851493333263793,0.00030510781780102025
686,,2977,0.7955869770460848,0.796148777561417,0.000561800515332167
687,,2955,0.7938449117531754,0.7941205011327629,0.0002755893795874931
688,,2952,0.7779640272784305,0.7798769192086642,0.0019128919302336955
689,,2928,0.7910285990373113,0.7918088781291904,0.0007802790918791658
690,,2978,0.8024474771554443,0.8024626773033924,1.5200147948091214e-05
691,,2979,0.7792686481676571,0.7838801894222213,0.0046115412545642
692,,2952,0.7944521504705568,0.7980079310910021,0.003555780620445259
693,,2978,0.7725048018496605,0.7763196600969288,0.003814858247268238
694,,2975,0.7947931594883595,0.7968923782677981,0.0020992187794386385
695,,2962,0.7764448986587278,0.7774186381611938,0.0009737395024660422
696,,2992,0.7705237808549067,0.7719191919191919,0.0013954110642852013
697,,2922,0.774555462021628,0.7786362753351033,0.004080813313475318
698,,2995,0.7907038130204209,0.7924447483982434,0.0017409353778224945
699,,2980,0.7765118512764528,0.7799247354719516,0.0034128841954987887
700,,2996,0.7835024413041607,0.7842354474904377,0.0007330061862770298
701,,2950,0.7801745922897502,0.7820847145138442,0.0019101222240940352
702,,3001,0.7750320247155452,0.7760028131514832,0.0009707884359380081
703,,2990,0.7947070559725782,0.7957612636552256,0.0010542076826474123
704,,3010,0.7764498536524209,0.7780387013400327,0.0015888476876118052
705,,2943,0.778523085654928,0.7801776066737702,0.0016545210188422255
706,,2962,0.7815647007976896,0.7839405317764271,0.002375830978737503
707,,2967,0.788794710327456,0.7918463476070529,0.003051637279596897
708,,2960,0.7901288562297268,0.7912549186683809,0.0011260624386540963
709,,2968,0.7947859155635317,0.7984477213599185,0.0036618057963867523
710,,2954,0.7972192593722502,0.7994652071610787,0.002245947788828473
711,,2928,0.7940541051320785,0.794886432035913,0.0008323269038345016
712,,2998,0.791185430180842,0.792200013561263,0.0010145833804210413
713,,2974,0.7844724993378652,0.7882334245607839,0.0037609252229187096
714,,2983,0.775097021494885,0.7753934671119366,0.00029644561705155503
715,,2949,0.7739824220803702,0.7765201156131627,0.00253769353279254
716,,2962,0.782920426272238,0.7844269706361034,0.0015065443638654363
717,,2958,0.7839028282311166,0.78491991307805,0.0010170848469334137
718,,2974,0.7787777193226261,0.7806103710468325,0.0018326517242064355
719,,3001,0.7787882917190849,0.7802677652406456,0.001479473521560637
720,,2991,0.7853618730039451,0.7859900432087169,0.0006281702047717941
721,,2993,0.7875176503109194,0.7897415272281728,0.0022238769172534534
722,,2972,0.7916068199768153,0.7939075379002722,0.0023007179234569852
723,,2970,0.79210046216734,0.7936975431650826,0.0015970809977425837
724,,2980,0.7891820448877805,0.7889177057356609,-0.00026433915211965253
725,,3001,0.7941406172521174,0.7951373048773231,0.0009966876252057721
726,,2992,0.7726300984873451,0.7741982512646295,0.0015681527772843928
727,,2941,0.7869000427930817,0.7877235399108418,0.0008234971177600858
728,,2918,0.7941122615679083,0.797813019457947,0.003700757890038764
729,,2967,0.7908306959366875,0.7947099402992133,0.0038792443625257356
730,,2973,0.782969975859988,0.7844120901227117,0.0014421142627237815
731,,2940,0.7908126277765932,0.7950983958158261,0.004285768039232862
732,,2958,0.8027809012160586,0.8068660982008995,0.004085196984840889
733,,2978,0.7744183853913955,0.7772445368354003,0.0028261514440047764
734,,2980,0.775270856231807,0.7749713139999759,-0.00029954223183115136
735,,2937,0.7903675354830941,0.791132407733009,0.0007648722499148386
736,,2979,0.7950751607681263,0.7962933997642364,0.001218238996110066
737,,2983,0.7924151894713858,0.796911288881831,0.0044960994104452645
738,,2979,0.7971198950811547,0.7996305638097106,0.002510668728555987
739,,2991,0.7797134318602169,0.7824877501652706,0.0027743183050537024
740,,2967,0.8052496639749384,0.8060659138294157,0.0008162498544773689
741,,2987,0.802106740144991,0.8040449512460474,0.0019382111010564085
742,,2912,0.7820547962917469,0.7843821517694366,0.0023273554776896965
743,,3009,0.7764336584629177,0.7793449625689473,0.0029113041060295775
744,,3011,0.7860262799524816,0.7871079979524623,0.0010817179999806914
745,,3003,0.7786633118414845,0.7814637521622897,0.0028004403208051754
746,,2909,0.7957414904783325,0.7957810220968116,3.953161847902731e-05
747,,2959,0.7921245203280414,0.7983235613808205,0.006199041052779131
748,,2905,0.7800818024089745,0.7796295716334801,-0.00045223077549438884
749,,2979,0.778978076230366,0.7821716631042193,0.0031935868738532935
750,,2999,0.7977534478510554,0.7995981982095813,0.0018447503585259373
751,,2932,0.7984977622005393,0.8005703463606991,0.002072584160159874
752,,3012,0.7838466022247049,0.7857300723757711,0.0018834701510661578
753,,2948,0.7863800083618772,0.7895780368286153,0.003198028466738112
754,,2992,0.7808372255023135,0.782368293113582,0.0015310676112685329
755,,2936,0.8026580594149775,0.8016312386986706,-0.0010268207163068865
756,,2930,0.7966193163869174,0.7995243034349135,0.0029049870479961326
757,,3000,0.7820842247999641,0.7850244158530247,0.002940191053060648
758,,2984,0.7798612490783051,0.7837787025468781,0.003917453468572973
759,,2974,0.792823650105829,0.7929072768197349,8.362671390593768e-05
760,,2953,0.7852823260324985,0.7883267897245461,0.003044463692047583
761,,2996,0.7777631828416424,0.7801188881467501,0.002355705305107758
762,,2966,0.7874302524341054,0.7856393432747408,-0.0017909091593645288
763,,2949,0.7809033999857906,0.7819322634206157,0.0010288634348251113
764,,2954,0.7793147907283189,0.7767858664228146,-0.002528924305504332
765,,2977,0.8062142252842468,0.805357056591714,-0.0008571686925328281
766,,2931,0.7825486882552057,0.7821936022310807,-0.00035508602412503976
767,,2880,0.7812037135638015,0.7822174340563064,0.0010137204925049215
768,,2975,0.7930726578136099,0.7950010425293057,0.0019283847156957856
769,,2978,0.7892404780020588,0.7907833425333314,0.0015428645312726141
770,,2925,0.780991490577121,0.783898921636784,0.002907431059662957
771,,2939,0.7910384566287034,0.7920874920848379,0.0010490354561344395
772,,2993,0.7637470142022134,0.7696142997339785,0.005867285531765187
773,,2986,0.7982021831138594,0.7970639663672269,-0.0011382167466325033
774,,2939,0.7792102532929625,0.7824022242484633,0.0031919709555008335
775,,2992,0.7880760602176962,0.7892682779440979,0.0011922177264017675
776,,2940,0.7832095658272361,0.7869201040542355,0.0037105382269994047
777,,2948,0.780193679018721,0.7842182294349426,0.004024550416221517
778,,2989,0.7968488086959704,0.8008649611438471,0.004016152447876675
779,,2987,0.7830753555977154,0.784199616546712,0.001124260948996647
780,,2978,0.795422526943577,0.7976519758623118,0.0022294489187348887
781,,2932,0.7874689535013036,0.7903962830699273,0.0029273295686236267
782,,2995,0.7935472905493338,0.7932507825206656,-0.0002965080286682076
783,,2959,0.7893381454538619,0.7929986152621916,0.0036604698083296805
784,,2965,0.7925906938361279,0.7952651795044159,0.0026744856682879847
785,,2963,0.8025603750657989,0.8025001106896704,-6.026437612849378e-05
786,,3002,0.799473230358813,0.802562987007912,0.0030897566490989403
787,,2986,0.7832024341056814,0.7846198168585887,0.0014173827529073701
788,,2942,0.78607921785567,0.7900088521842831,0.003929634328613041
789,,2971,0.7871859477020248,0.7884345592106891,0.001248611508664288
790,,2894,0.7871593241587307,0.7902587710622381,0.0030994469035073857
791,,2960,0.7781027599710738,0.7792706333973128,0.00116787342623903
792,,2988,0.78476608237539,0.7858918784882772,0.0011257961128872118
793,,2994,0.7842119788083383,0.7830497801928705,-0.0011621986154677355
794,,2951,0.7760164918279615,0.7778891773551629,0.0018726855272014342
795,,2955,0.7845194297900435,0.7847905518966624,0.0002711221066188374
796,,2943,0.790979765335449,0.7919623955955348,0.000982630260085826
797,,2941,0.7834910637926856,0.7877928035932029,0.00430173980051729
798,,2977,0.7871875053191877,0.7908653436985559,0.0036778383793681924
799,,2978,0.7913091637839318,0.7915554516506913,0.0002462878667595092
800,,2982,0.7912179366390786,0.7937907359897185,0.0025727993506399205
801,,2952,0.7841814363461318,0.7865209735268149,0.0023395371806831378
802,,2935,0.7754745373425909,0.7796853137622429,0.0042107764196520625
803,,2962,0.7871919503556708,0.7871776428828777,-1.430747279307365e-05
804,,2986,0.790217931129436,0.7917975876125428,0.0015796564831068727
805,,3000,0.7838569000118357,0.7872177155558677,0.003360815544032003
806,,3011,0.7817171260392409,0.7847372976791904,0.0030201716399494982
807,,2987,0.7933102851328984,0.7933039578450777,-6.3272878206843686e-06
808,,2980,0.7977258606770333,0.8001031783137043,0.002377317636670928
809,,3034,0.8104297807151064,0.811579970735827,0.0011501900207205873
810,,2982,0.7872923772245832,0.790752207350041,0.003459830125457808
811,,2931,0.792039079088813,0.7947119651853737,0.0026728860965606893
812,,2902,0.7886211610418555,0.7932162616596818,0.004595100617826309
813,,2938,0.781069994364046,0.7799598029639103,-0.001110191400135685
814,,3013,0.8104259905102605,0.8134532772530647,0.0030272867428041694
815,,2982,0.7851666707655348,0.7869283211510657,0.0017616503855308885
816,,2951,0.7917624951279133,0.7941398153382325,0.0023773202103192226
817,,3006,0.782964512414928,0.783341873180259,0.00037736076533101404
818,,2969,0.7944368704037782,0.7988131864506238,0.00437631604684563
819,,2978,0.7783953966956813,0.7814440626776715,0.003048665981990273
820,,2935,0.7808830498657259,0.7859525564741193,0.005069506608393448
821,,2987,0.7930177421367471,0.7959030357975049,0.0028852936607577373
822,,2948,0.787657045075877,0.7907178917558527,0.0030608466799757483
823,,2904,0.7961476476568217,0.7987180445244061,0.0025703968675844235
824,,2972,0.794905731760368,0.7969859303158131,0.0020801985554450564
825,,2921,0.7964382759707997,0.7975513147299248,0.0011130387591250512
826,,2956,0.7822476597607613,0.7782908205966805,-0.003956839164080739
827,,2952,0.8026773132351195,0.8083715623006676,0.005694249065548163
828,,2957,0.7626464977863117,0.7654674699948847,0.002820972208573025
829,,2987,0.7856201059161904,0.7882111008659243,0.0025909949497339158
830,,2975,0.7741369851351927,0.7791289686387091,0.004991983503516373
831,,2947,0.7919443896667324,0.7961891145730625,0.0042447249063301
832,,2951,0.8026359151680466,0.8027043607436739,6.844557562735165e-05
833,,2930,0.7857731604043683,0.7882715748227616,0.002498414418393269
834,,2924,0.8049063095046877,0.805517230017751,0.0006109205130633288
835,,2969,0.7697750762840385,0.7707057111012309,0.0009306348171923551
836,,2915,0.7897552119826633,0.7893897586298917,-0.0003654533527716053
837,,2977,0.7859156549536743,0.7874058766241478,0.0014902216704735238
838,,3002,0.7823273150291419,0.7848818299443278,0.0025545149151858793
839,,2960,0.7704797921303617,0.7715158671809694,0.0010360750506077654
840,,2962,0.7912818315605149,0.793128543308309,0.0018467117477940498
841,,2934,0.7779449513437702,0.7833535249927388,0.005408573648968629
842,,2980,0.7706168235534256,0.7738338682551946,0.0032170447017689785
843,,2957,0.7892860506100924,0.79071206597339,0.0014260153632976724
844,,2961,0.79893738249651,0.7991951215363864,0.00025773903987635904
845,,3008,0.7877960664102662,0.7922239728113933,0.004427906401127113
846,,2947,0.7946910233367476,0.7955330776368859,0.0008420543001382841
847,,2996,0.7731944898733701,0.774967832521691,0.0017733426483208525
848,,2984,0.8013909276452941,0.8104120453168501,0.009021117671556
849,,2947,0.7994326245009513,0.8014254045999211,0.0019927800989697486
850,,2976,0.7813876359135762,0.7857073790979545,0.004319743184378333
851,,2990,0.7873223055208423,0.7894572252298196,0.0021349197089773897
852,,2970,0.7896212246764742,0.7903316773234563,0.0007104526469821071
853,,2954,0.7775430979568283,0.779394168005216,0.001851070048387693
854,,2966,0.8066495428142484,0.8094318390199563,0.0027822962057079126
855,,3011,0.7843382687786926,0.7840256495464559,-0.0003126192322366883
856,,2942,0.7898479512485486,0.7930459587713227,0.0031980075227741045
857,,2934,0.7951744692464556,0.7974343245493999,0.002259855302944258
858,,2901,0.7898125665020599,0.7924291261807973,0.002616559678737418
859,,2960,0.7748756479946272,0.7775702329399309,0.002694584945303724
860,,2991,0.7938100117041749,0.796163205881008,0.0023531941768331066
861,,2934,0.7891465401160943,0.789040633021832,-0.00010590709426228084
862,,2898,0.7853686315792355,0.7898943051256744,0.0045256735464388465
863,,2942,0.7905612632781296,0.791441424179454,0.0008801609013243672
864,,2931,0.7836232725938608,0.7847888895683013,0.0011656169744405087
865,,2968,0.7806200410807224,0.7826444062918512,0.002024365211128809
866,,2981,0.7909711625899725,0.7913346485617259,0.0003634859717533967
867,,2958,0.7903508120958394,0.7916507795966519,0.0012999675008125156
868,,2923,0.7928244394183793,0.7942188346157522,0.001394395197372833
869,,2937,0.7916389768365621,0.794131693253115,0.002492716416552798
870,,2969,0.7851477677948882,0.7837071936569915,-0.0014405741378966663
871,,2980,0.7816529700372433,0.7817383086148657,8.533857762238473e-05
872,,3007,0.7816678123279923,0.7822321879256597,0.0005643755976674214
873,,2928,0.7862074965891351,0.7842706801806687,-0.0019368164084664352
874,,2939,0.7984518284120852,0.7993888308776722,0.0009370024655870335
875,,2948,0.7809368977033647,0.7839995684307062,0.0030626707273414544
876,,2954,0.7859914549848912,0.7895450433017487,0.003553588316857481
877,,2976,0.771528223271552,0.7731146453498163,0.0015864220782643157
878,,2958,0.8071105900465413,0.8088020804318872,0.001691490385345884
879,,2950,0.7926382964703258,0.7957023993268605,0.0030641028565346895
880,,2953,0.7937379183378263,0.7933118548228023,-0.00042606351502394446
881,,2945,0.7845913090216793,0.7866211779423289,0.0020298689206496023
882,,2948,0.7902094745478733,0.792287226274465,0.0020777517265917478
883,,2905,0.7689722204328171,0.7731013253807959,0.004129104947978801
884,,3061,0.8016985438056258,0.8088530964970294,0.007154552691403637
885,,2944,0.777579348973131,0.7809823747869146,0.0034030258137836
886,,2957,0.7732909767646263,0.7762613852259359,0.0029704084613095816
887,,3015,0.7695798404642756,0.7713966636091151,0.0018168231448394412
888,,2952,0.7892305146940801,0.7905244728478685,0.0012939581537884104
889,,2977,0.7791875107446753,0.7785936232394717,-0.0005938875052036163
890,,2947,0.7863876565762005,0.7885283468162839,0.0021406902400834538
891,,2986,0.8083229727103023,0.8104757818144477,0.0021528091041453923
892,,2890,0.7785610255722073,0.7790438675776198,0.0004828420054124871
893,,2941,0.7855441999292007,0.7887479976264392,0.003203797697238553
894,,2946,0.788131120552953,0.7890668312936534,0.0009357107407004239
895,,2939,0.7951434798542862,0.8010810684810522,0.005937588626765966
896,,3000,0.7794685583300054,0.782694558390024,0.003226000060018608
897,,2985,0.7910375793395985,0.7876957083214975,-0.003341871018101017
898,,2966,0.788905362687778,0.7907103180443236,0.0018049553565455678
899,,2967,0.78434912130829,0.7862934658940828,0.0019443445857927344
900,,2946,0.7758110824355476,0.7788962340975686,0.0030851516620209463
901,,2938,0.7894917017580693,0.7924764211182267,0.0029847193601574284
902,,2980,0.7827702989767058,0.7843556159794127,0.0015853170027069208
903,,2931,0.8052138517650607,0.8083215856584032,0.0031077338933425125
904,,3019,0.783770577531477,0.7862255654754158,0.0024549879439387245
905,,2990,0.7989924226807964,0.8001125049360609,0.0011200822552644984
906,,2916,0.7904091772687032,0.7926149645383016,0.0022057872695984138
907,,2959,0.7960710458810923,0.7984258206968211,0.0023547748157287662
908,,2938,0.7782494716916882,0.7781180205714744,-0.00013145112021384353
909,,2932,0.8016334799842281,0.8005673210616971,-0.0010661589225309243
910,,2945,0.7720661218894845,0.7745856410640322,0.002519519174547624
911,,2933,0.7778464779133882,0.7785205377609814,0.000674059847593167
912,,2979,0.7930505468373834,0.795316752974933,0.0022662061375495757
913,,2969,0.7958014321464852,0.7978406303426745,0.0020391981961892514
914,,3000,0.770923254581251,0.7744964410116614,0.00357318643041038
915,,2966,0.778842479316694,0.7804306395819168,0.0015881602652227933
916,,3014,0.7928122252094435,0.795194221678349,0.0023819964689054673
917,,3013,0.7933341350106385,0.7955317942765149,0.0021976592658763394
918,,2971,0.7934298507534049,0.7959734736469671,0.0025436228935622474
919,,2979,0.7939065338507736,0.7972094185335146,0.003302884682740981
920,,2989,0.790081468951543,0.7894550605787105,-0.0006264083728324543
921,,2972,0.7817088575483713,0.7843991523229811,0.0026902947746098027
922,,2907,0.782809171135493,0.7845755613339065,0.0017663901984135144
923,,2989,0.7894682517516485,0.7919065949411664,0.0024383431895179664
924,,2967,0.7905710470914521,0.7939178822885481,0.0033468351970959986
925,,2979,0.7824439540238689,0.7849344873642234,0.0024905333403545393
926,,2960,0.7747599960058771,0.7732725742511344,-0.0014874217547427016
927,,2998,0.7907556259823905,0.7918648486320014,0.001109222649610886
928,,2994,0.7939521915669449,0.79562456534059,0.0016723737736451527
929,,2964,0.7757065212172427,0.7764747400059537,0.0007682187887110281
930,,2979,0.7928755545089453,0.7962512967712781,0.003375742262332837
931,,2935,0.7837797324754273,0.7867777006591751,0.0029979681837477568
932,,3003,0.7913254827615541,0.7938690194076828,0.002543536646128719
933,,2947,0.7923630980232728,0.7938550400024547,0.0014919419791818989
934,,3010,0.794790330264176,0.7969504187849565,0.0021600885207805343
935,,2893,0.7837396186813128,0.7852871609923449,0.0015475423110320463
936,,2938,0.785261006028078,0.7866069998904424,0.0013459938623643364
937,,2993,0.7856746535293971,0.7862805105620662,0.0006058570326690216
938,,2947,0.7866722789492067,0.7836989633056515,-0.0029733156435551855
939,,2987,0.771091570906837,0.7741348193071262,0.0030432484002892446
940,,2955,0.7769567341169623,0.7809982955549319,0.004041561437969632
941,,2952,0.7757666641481502,0.7777528771915895,0.0019862130434392666
942,,2995,0.7785671015100568,0.7816647168612794,0.003097615351222549
943,,2979,0.7848848696709476,0.7865529295539174,0.001668059882969808
944,,2943,0.7898824971826488,0.7923774283976767,0.0024949312150278624
945,,2972,0.7991872291162372,0.8016987342014371,0.0025115050851999277
946,,2960,0.7797981828319012,0.7835646070978194,0.0037664242659182223
947,,2991,0.7885032890969781,0.7883658666833824,-0.0001374224135957114
948,,2963,0.7850293527926122,0.7895877113497465,0.004558358557134268
949,,2979,0.789961871103392,0.7924756286601156,0.0025137575567235615
950,,3001,0.7825093749690799,0.7840281694321589,0.0015187944630790096
951,,2978,0.7994474566345591,0.7997730760687385,0.00032561943417941386
952,,2959,0.7858987038546409,0.7875164006122896,0.0016176967576486678
953,,2967,0.8006739987316268,0.8034914716574729,0.0028174729258461095
954,,2966,0.7887546619637997,0.7922990113130762,0.003544349349276499
955,,3001,0.7922984323308317,0.7930711482533763,0.0007727159225445757
956,,2919,0.7822736291608355,0.7836487316844736,0.0013751025236380388
957,,2977,0.7942800407756467,0.7959903947330194,0.0017103539573726234
958,,2922,0.7750126428371602,0.7809372915276851,0.005924648690524892
959,,2964,0.8038983266103428,0.8057440747975543,0.0018457481872115045
960,,2948,0.774785125940074,0.7754633900181233,0.0006782640780492732
961,,2967,0.8091741881588062,0.8097099242186426,0.000535736059836478
962,,2937,0.7783721554933036,0.7828696419663073,0.004497486473003631
963,,2966,0.7823452807099058,0.783177692413405,0.0008324117034991252
964,,3040,0.7832048014149349,0.7846851943367926,0.0014803929218577538
965,,2950,0.7834164330419093,0.7844412300630978,0.0010247970211885171
966,,2956,0.7931313063849901,0.7947740490331066,0.0016427426481164797
967,,2964,0.7824950146310441,0.7848367541096305,0.002341739478586402
968,,2955,0.793583587398374,0.7919042174796748,-0.001679369918699214
969,,2966,0.7830180308960242,0.7854727564892495,0.0024547255932253487
970,,2961,0.8076416930835552,0.8105357065809143,0.0028940134973591825
971,,2970,0.793810870324383,0.7910122904702778,-0.0027985798541052542
972,,2933,0.7684682026441105,0.7715076457361736,0.0030394430920630544
973,,3000,0.7901566701641172,0.7908680787160617,0.0007114085519445146
974,,2934,0.7953184547201839,0.7978811516284353,0.002562696908251394
975,,2996,0.7845853605961692,0.7887900063640656,0.0042046457678963645
976,,2996,0.7975223242520146,0.7982442130709151,0.0007218888189004513
977,,2996,0.7781011236913938,0.7799310692075397,0.0018299455161459033
978,,2951,0.7849043814193266,0.7878094432347099,0.002905061815383303
979,,2966,0.7979747002095516,0.7996545263268249,0.001679826117273242
980,,2967,0.7793822717961045,0.7815576069161067,0.00217533512000212
981,,2971,0.7913398202271001,0.7931104714476604,0.0017706512205603042
982,,2967,0.7869577939146408,0.7875794179316675,0.0006216240170267007
983,,2947,0.7973081986925319,0.7994568705494969,0.00214867185696499
984,,2920,0.7760598894646026,0.7771583854925046,0.0010984960279020184
985,,2960,0.7773215678761446,0.7796625131948175,0.0023409453186729046
986,,2914,0.7910688468454858,0.7915008540756436,0.00043200723015779374
987,,2960,0.7908166351947462,0.7941041315101501,0.003287496315403926
988,,2977,0.7855665177303133,0.7869146930447584,0.001348175314445088
989,,2969,0.8053598612242008,0.8059800516344574,0.0006201904102566269
990,,2963,0.7916285079135871,0.7953373487108358,0.003708840797248758
991,,2994,0.7906759317751105,0.7912608970309539,0.0005849652558433949
992,,2958,0.7831370783536262,0.7837377678073815,0.0006006894537552432
993,,2972,0.7930952196369909,0.7968987722035409,0.0038035525665499614
994,,2941,0.7662251673064063,0.770196555409881,0.003971388103474638
995,,2949,0.7910677867030143,0.7927549882202194,0.0016872015172051391
996,,2965,0.7845189951716731,0.7840383129064453,-0.0004806822652277942
997,,2943,0.7686349058224227,0.7690245884618047,0.0003896826393819941
998,,2939,0.800270279635469,0.7962584366132652,-0.004011843022203809
999,,2929,0.7795921010206724,0.781827960399389,0.0022358593787165093
1000,,2989,0.7958173942887491,0.7946838119430729,-0.0011335823456761762
1001,,2932,0.7929730811180598,0.7940586135904535,0.0010855324723937354
1002,,3004,0.7880653344434516,0.7842546868162076,-0.003810647627244035
1003,,2950,0.7782592689081078,0.7799740459565141,0.0017147770484062796
1004,,2950,0.7939264985991606,0.7954276203918363,0.001501121792675697
1005,,2944,0.7861342271184183,0.7906379843857557,0.004503757267337427
1006,,2919,0.7932898117158472,0.7967066758716099,0.0034168641557627
1007,,3033,0.7959718355984935,0.7994202884382736,0.003448452839780125
1008,,2926,0.7736774438092896,0.7771118896879546,0.003434445878665038
1009,,2960,0.7937184203269095,0.7951872695063639,0.0014688491794543346
1010,,2984,0.790763546080277,0.7933174419079035,0.002553895827626551
1011,,2950,0.7839476408605506,0.7859815447742496,0.0020339039136990644
1012,,3013,0.791903034320888,0.796324302717959,0.00442126839707091
1013,,2969,0.8063885251288692,0.8097138639161504,0.003325338787281251
1014,,2962,0.7937311098267813,0.7956167781099174,0.0018856682831360772
1015,,2956,0.7971872789734263,0.7935599171466101,-0.003627361826816222
1016,,2995,0.7983189952547101,0.7981397177553963,-0.00017927749931379022
1017,,3024,0.7820287754267786,0.7838933849622438,0.0018646095354651893
1018,,2956,0.7943624046070146,0.7956022839237957,0.0012398793167811561
1019,,2922,0.7782556133606814,0.7797851098221926,0.0015294964615112372
1020,,2988,0.776455475090973,0.7780295660751713,0.0015740909841982509
1021,,3033,0.8006901958503428,0.8046985664137807,0.004008370563437835
1022,,2974,0.7812493439422249,0.783859141771461,0.0026097978292360935
1023,,2994,0.7939453089214105,0.7947979102716476,0.0008526013502371255
1024,,3009,0.7750870921176077,0.7769260284356642,0.0018389363180564278
1025,,2929,0.7883885116982086,0.7906885945527338,0.0023000828545252094
1026,,2952,0.7966799462541445,0.7979730000023532,0.0012930537482086502
1027,,2972,0.7991366365365176,0.7988512491698428,-0.0002853873666747164
1028,,2920,0.7742196488252667,0.7786843521563606,0.004464703331093833
1029,,2925,0.7887536540273244,0.7920031341760144,0.003249480148689976
1030,,2947,0.7738068529409241,0.7757720868135627,0.001965233872638583
1031,,2940,0.7907364380240428,0.7932878167048162,0.002551378680773375
1032,,2927,0.7828653501673184,0.7839155618970226,0.001050211729704209
1033,,2977,0.7932950797451769,0.7958053053598433,0.002510225614666406
1034,,2990,0.7859653734481976,0.7875652683020086,0.001599894853810957
1035,,2974,0.7863233488234929,0.7885328276952072,0.002209478871714299
1036,,3006,0.7780873535260899,0.7803177941814158,0.0022304406553258493
1037,,2987,0.7903729546811419,0.7912831926853683,0.0009102380042264047
1038,,2985,0.7864682311735433,0.7903424072557201,0.0038741760821768834
1039,,3000,0.791982240953741,0.7929135139831686,0.0009312730294275262
1040,,2959,0.7900585130164964,0.7913133205740928,0.001254807557596327
1041,,2947,0.7839631720578409,0.7878936108914594,0.003930438833618433
1042,,2933,0.7855995629333044,0.7857677627901447,0.00016819985684035643
1043,,2932,0.8044998584909889,0.807645072348883,0.0031452138578941247
1044,,2991,0.7744001580794325,0.7735963436812748,-0.0008038143981576873
1045,,2951,0.7757567830585231,0.777943105225454,0.002186322166930821
1046,,2898,0.7857419175073108,0.7876883164663459,0.001946398959035034
1047,,2986,0.7964614321374786,0.7981621211808636,0.0017006890433850508
1048,,2955,0.7857737129026815,0.7882452190203574,0.0024715061176758812
1049,,2924,0.7833088775688024,0.7849050266066933,0.0015961490378908483
1050,,2933,0.7738469903075041,0.7795532250812935,0.005706234773789398
1051,,2964,0.7843844603289126,0.7840931348849203,-0.00029132544399235183
1052,,3020,0.7879487790765235,0.7928832674243504,0.0049344883478269486
1053,,3024,0.7951792941082481,0.7973538421592687,0.002174548051020686
1054,,3004,0.78780196766612,0.7902488689422285,0.0024469012761084707
1055,,2940,0.7802065609794381,0.7803911473865955,0.000184586407157461
1056,,2968,0.793125688494803,0.7965388612550015,0.0034131727601984796
1057,,2944,0.7687009434203462,0.7721690997877944,0.0034681563674481275
1058,,2981,0.7872747790429125,0.7931421082038685,0.005867329160956003
1059,,2997,0.7776081468133765,0.7772007091355773,-0.00040743767779927165
1060,,2985,0.806203461771192,0.8097258686821543,0.0035224069109623946
1061,,2980,0.7776089724971514,0.7810343347589017,0.0034253622617502755
1062,,2942,0.7860684556518908,0.7878238592420727,0.001755403590181892
1063,,2959,0.8130222018487363,0.8159226668683012,0.0029004650195648685
1064,,2958,0.793503679735664,0.7949534684401101,0.001449788704446009
1065,,2983,0.8035730021344508,0.8054161689545107,0.001843166820059916
1066,,2928,0.7915109284883289,0.795204089210129,0.0036931607218000373
1067,,2899,0.8107577796670695,0.811408441575771,0.0006506619087014442
1068,,2953,0.7933150963537715,0.790803944687215,-0.002511151666556466
1069,,2949,0.7856394504214794,0.785892610705694,0.00025316028421462633
1070,,2999,0.7689337452393313,0.7702531699946855,0.0013194247553541816
1071,,2972,0.7846513266944231,0.7891528211018155,0.004501494407392448
1072,,3005,0.7808156971550902,0.7831086914213571,0.0022929942662668346
1073,,2974,0.7640808956745503,0.7664195741492504,0.002338678474700151
1074,,2974,0.8009040275058877,0.8042230182941977,0.0033189907883099945
1075,,2922,0.7994608612570805,0.8046207017578068,0.005159840500726265
1076,,2984,0.7956705632076929,0.7982231389614575,0.002552575753764552
1077,,3031,0.7766982221403507,0.7790862241711634,0.002388002030812686
1078,,2989,0.7879177503688461,0.7915952014523852,0.0036774510835390073
1079,,2980,0.8012053651174169,0.8030952202198963,0.0018898551024794097
1080,,2956,0.8014333857386244,0.8019634573047344,0.0005300715661099575
1081,,2957,0.800972118911432,0.8038273830204474,0.0028552641090153763
1082,,2996,0.7854183987781518,0.7884705776065302,0.0030521788283783824
1083,,2940,0.7749282147594796,0.7749460892524505,1.7874492970859635e-05
1084,,2989,0.7821295839670218,0.7831411863567025,0.001011602389680677
1085,,2964,0.7890885241821967,0.7893788608950147,0.0002903367128180845
1086,,2968,0.7864131108521558,0.7868779907271961,0.0004648798750402916
1087,,3017,0.781337939358405,0.7852163498043628,0.003878410445957825
1088,,2944,0.7846847399811684,0.788670463464419,0.003985723483250658
1089,,2963,0.7901195347765346,0.7921688511719772,0.002049316395442591
1090,,2940,0.7930550277206474,0.79537719082536,0.00232216310471256
1091,,3006,0.7850601529154542,0.7850697687276958,9.615812241681176e-06
1092,,2974,0.7998839993456374,0.8027307248057981,0.0028467254601607372
1093,,2943,0.8017191179246357,0.8033201652987707,0.0016010473741350228
1094,,2960,0.7985494834131797,0.8018019499618585,0.003252466548678834
1095,,2965,0.8022819532329737,0.8019894269087032,-0.000292526324270459
1096,,2975,0.7783812099765873,0.7819091501940367,0.003527940217449399
1097,,2944,0.7813849227620486,0.7852513453117712,0.0038664225497225813
1098,,2986,0.7938767082382988,0.7942909421279678,0.0004142338896689912
1099,,2975,0.7785212189144819,0.7766429358845907,-0.0018782830298912367
1100,,2998,0.7802216562507114,0.7817631839185406,0.0015415276678292233
1101,,2955,0.7795255449496394,0.7823316525390461,0.0028061075894066922
1102,,2988,0.8014128143828526,0.8027521455365144,0.0013393311536618047
1103,,3003,0.804859859306162,0.8074980314576324,0.0026381721514704415
1104,,2982,0.8009424186917613,0.8033676692282467,0.002425250536485346
1105,,3013,0.7786776979807875,0.7803887130279359,0.0017110150471484342
1106,,3016,0.7857337519156512,0.7878113264977472,0.002077574582096009
1107,,2928,0.7865715324801275,0.7880744975890708,0.0015029651089433216
1108,,2937,0.7853738817273626,0.7882292233971178,0.002855341669755207
1109,,2978,0.7745996089056187,0.7796590446267527,0.005059435721133987
1110,,2966,0.7833130533757842,0.7863212811858066,0.0030082278100224125
1111,,2988,0.7904374870730269,0.7899587102902537,-0.0004787767827731937
1112,,3011,0.7929458817402156,0.7933266675346945,0.0003807857944788662
1113,,2961,0.7867147668272604,0.787169652462697,0.0004548856354366082
1114,,2966,0.7722876613182735,0.7692307692307693,-0.0030568920875042593
1115,,2937,0.7768596853519829,0.780965304103426,0.0041056187514431075
1116,,2978,0.7909029931025755,0.7954704802885528,0.004567487185977326
1117,,2991,0.7987728305009719,0.7957596374064166,-0.0030131930945552776
1118,,2993,0.7926876561470673,0.7961617341802046,0.0034740780331373733
1119,,3056,0.8059809944526721,0.8078720764473073,0.0018910819946351687
1120,,2942,0.7748183901083064,0.7796328231483608,0.004814433040054356
1121,,2965,0.7744848492138914,0.777628080980621,0.003143231766729593
1122,,2947,0.7844883758881419,0.790474327651,0.005985951762858099
1123,,2938,0.7920636219956805,0.7927701132778803,0.0007064912821997948
1124,,2995,0.7841418188095649,0.786595550899166,0.0024537320896010906
1125,,2991,0.7868325707057299,0.7863406368591195,-0.0004919338466103929
1126,,2993,0.7816851668094495,0.7838287591447819,0.002143592335332345
1127,,2934,0.7824060640237392,0.783963679366661,0.0015576153429217587
1128,,2970,0.8047463857458442,0.8067012733461626,0.001954887600318367
1129,,3010,0.7923910781273001,0.7926867649074361,0.00029568678013591754
1130,,2981,0.7879472065607381,0.7928549461814454,0.00490773962070723
1131,,2986,0.7846398678280306,0.7861134395082425,0.0014735716802118937
1132,,2982,0.7869400122126867,0.7895440800897718,0.0026040678770851144
1133,,2956,0.7882769703814637,0.7905221181258676,0.0022451477444038748
1134,,2997,0.7897419759314679,0.7883729985746962,-0.0013689773567716612
1135,,2963,0.787441338561294,0.7905799638757631,0.003138625314469179
1136,,3022,0.7954329394874182,0.7971923927594435,0.001759453272025313
1137,,2962,0.7969955385890243,0.8016301210661207,0.004634582477096472
1138,,2965,0.7923869615095533,0.796088156177064,0.003701194667510621
1139,,2975,0.8000662997547708,0.7991649958595937,-0.0009013038951771746
1140,,2994,0.7837489935985089,0.7868665951269233,0.0031176015284143377
1141,,2978,0.7987600622419349,0.8031709080216132,0.0044108457796783185
1142,,2993,0.7885082341324816,0.7893067107298126,0.0007984765973310104
1143,,2944,0.7867814088331896,0.7892585185049267,0.0024771096717370877
1144,,2985,0.8050128620282662,0.8076288472596314,0.002615985231365192
1145,,2983,0.7730763040532472,0.7739537201925124,0.0008774161392651747
1146,,2923,0.7799185453612545,0.7811448545681942,0.0012263092069396686
1147,,2988,0.7803935576447425,0.781508118001009,0.0011145603562664474
1148,,2964,0.798568019704787,0.7981425521389998,-0.00042546756578720757
1149,,2963,0.7838734602375315,0.7886974141714652,0.004823953933933756
1150,,3004,0.7821213520242278,0.7839631733700064,0.0018418213457785937
1151,,2983,0.796320055528079,0.7994725316184766,0.0031524760903975935
1152,,2976,0.7995333496636208,0.8033004500726203,0.003767100408999524
1153,,2990,0.7896380720375848,0.7919075791095975,0.0022695070720126775
1154,,2940,0.7856733944761832,0.7882488874682485,0.002575492992065276
1155,,3024,0.7926352441136807,0.7937147876410395,0.0010795435273588394
1156,,3014,0.7850353729363578,0.78683482779959,0.001799454863232186
1157,,2983,0.7865484260061498,0.7896516770580274,0.003103251051877587
1158,,2985,0.7974118164229447,0.7975502074508644,0.00013839102791968205
1159,,3002,0.8023907382036756,0.8030387183569692,0.0006479801532935925
1160,,2948,0.7998895215319324,0.8030005737925279,0.0031110522605954927
1161,,2958,0.7724222287086914,0.7755281523292532,0.0031059236205618346
1162,,2989,0.777650092851458,0.7807672489439422,0.003117156092484197
1163,,2965,0.7981713717396126,0.8020266919826574,0.003855320243044802
1164,,2980,0.7828172982420496,0.7853471900087022,0.0025298917666526366
1165,,3035,0.7741303363281458,0.7740696135755833,-6.072275256241433e-05
1166,,3017,0.7939785300536271,0.7981294977770774,0.004150967723450361
1167,,2959,0.7839707788500508,0.7838478111115155,-0.00012296773853537335
1168,,2962,0.7836313376865047,0.7852682811321677,0.0016369434456630083
1169,,2928,0.7929242177042298,0.7976659445181028,0.004741726813872971
1170,,2945,0.7921545039384559,0.7945592096525372,0.0024047057140813566
1171,,2971,0.7898668985518802,0.7919299460817046,0.0020630475298244466
1172,,2968,0.7892393701344743,0.7934448196452827,0.004205449510808368
1173,,2968,0.8014646113287687,0.8057424969182136,0.004277885589444974
1174,,2980,0.7884137986351089,0.7875462037711635,-0.0008675948639453868
1175,,2961,0.7839512711864407,0.7846607705951911,0.0007094994087504247
1176,,2962,0.7856034789524139,0.7897774113767518,0.004173932424337945
1177,,2950,0.7827978996375279,0.7869051569319307,0.004107257294402866
1178,,2943,0.7810748051293377,0.7856017189295621,0.004526913800224408
1179,,2945,0.8072026443530844,0.808812853418653,0.0016102090655686352
1180,,2974,0.7891924246536083,0.7886686838507757,-0.000523740802832573
1181,,2947,0.7755319251073588,0.7761312966587436,0.0005993715513847864
1182,,2997,0.790425851284247,0.7907629691967735,0.0003371179125264412
1183,,2962,0.782369629397186,0.7824029304967628,3.330109957677685e-05
1184,,2974,0.7932954933143299,0.7922970226341974,-0.0009984706801324794
1185,,3002,0.7937460710607221,0.7959623531394373,0.0022162820787151594
1186,,2949,0.7785206014002066,0.7800903343662726,0.0015697329660659953
1187,,2956,0.7776178477287803,0.7809879959525693,0.0033701482237890046
1188,,2968,0.7738860091650341,0.7763454281735231,0.0024594190084890055
1189,,2959,0.7935697971248152,0.793559048770657,-1.074835415826314e-05
1190,,2963,0.7767834531587801,0.7798290721325197,0.003045618973739672
1191,,2971,0.7914312129016996,0.7921565834924482,0.0007253705907486196
1192,,2933,0.7914227794995019,0.7917741052412929,0.0003513257417909754
1193,,2927,0.8021204869643512,0.8020829704503858,-3.751651396544098e-05
1194,,2941,0.7849799810962076,0.784244538609403,-0.0007354424868045717
1195,,2966,0.7682308686622225,0.7703452766521914,0.0021144079899689805
1196,,3019,0.7882407650637908,0.7903564759923607,0.0021157109285698805
1197,,2989,0.8036909768814704,0.8053676973769126,0.0016767204954422077
1198,,3008,0.7953497714214925,0.7941338131417307,-0.0012159582797618418
1199,,3011,0.7813225744645278,0.7842722325751114,0.002949658110583564
1200,,2956,0.7917364902607348,0.7953570205854114,0.003620530324676574
1201,,2956,0.7880249800585609,0.7925545355007159,0.004529555442154942
1202,,2946,0.7832659592386727,0.7873255116220313,0.0040595523833586444
1203,,3003,0.7993456979015063,0.7993456979015063,0.0
1204,,2991,0.7909651376146789,0.7959107033639143,0.004945565749235437
1205,,3008,0.7889222985029274,0.788618431978065,-0.00030386652486236176
1206,,2987,0.779319836928116,0.7792907999117274,-2.9037016388566705e-05
1207,,2946,0.7892897182291537,0.791423553152794,0.0021338349236402765
1208,,2944,0.788470608005551,0.7909140682596817,0.0024434602541306694
1209,,3021,0.7874370168117694,0.7891708754559109,0.0017338586441415504
1210,,2986,0.7812303502076363,0.7830068875849739,0.001776537377337628
1211,,2943,0.7937991541695837,0.7951965893846782,0.0013974352150945002
1212,,2958,0.7776738455617751,0.7802434953651428,0.002569649803367713
1213,,2936,0.7794055443688817,0.7837886098552487,0.0043830654863670215
1214,,2975,0.7697175933865712,0.7718000858786378,0.002082492492066601
1215,,2971,0.793711906956052,0.795755823191077,0.0020439162350249784
1216,,2941,0.7948077973689681,0.7960491009915925,0.0012413036226244234
1217,,2962,0.7913458089055536,0.7941714866996574,0.002825677794103809
1218,,2923,0.7886818146131751,0.7917545393755465,0.003072724762371415
1219,,2981,0.7969719672291706,0.8011083876991097,0.004136420469939117
1220,,2970,0.7792913691108971,0.7764285803619445,-0.002862788748952627
1221,,2947,0.8154248959160496,0.8170782432272088,0.0016533473111591812
1222,,2973,0.7827508979611221,0.785699109912441,0.002948211951318891
1223,,2949,0.7858333270961352,0.7871393963889117,0.001306069292776546
1224,,2941,0.80631754470334,0.8086768614934137,0.002359316790073618
1225,,2937,0.7986668224681917,0.8015907872946543,0.0029239648264626217
1226,,2951,0.7639971050589747,0.7663965156385497,0.0023994105795750453
1227,,3003,0.8049727634011781,0.8041789328827494,-0.0007938305184286287
1228,,2980,0.7889845508577901,0.792074637884467,0.003090087026676902
1229,,2978,0.7924212396217386,0.7956972580107445,0.0032760183890059302
1230,,2993,0.7984869584383187,0.7990292088904027,0.0005422504520840032
1231,,2976,0.7961787946404063,0.8005426448323694,0.004363850191963059
1232,,2971,0.7988306265204508,0.8035899690036453,0.00475934248319454
1233,,2952,0.8072493156601402,0.8074735726752913,0.00022425701515105256
1234,,2991,0.786653662530332,0.7869754779143404,0.00032181538400843923
1235,,2975,0.7910687919812007,0.790200573959698,-0.0008682180215027202
1236,,2965,0.7920755370843664,0.7937407470639049,0.0016652099795384512
1237,,2934,0.7748667821851242,0.7771823666159481,0.0023155844308239137
1238,,2946,0.7766975184831312,0.776879857823938,0.00018233934080680303
1239,,2928,0.7838613348228552,0.7872315570963991,0.003370222273543888
1240,,2942,0.797149334858516,0.7987005772926088,0.00155124243409277
1241,,2980,0.7646920827096619,0.7670214474955822,0.0023293647859202737
1242,,2962,0.791740622558524,0.792508231927333,0.0007676093688090413
1243,,2952,0.790172252765769,0.7917994588817532,0.0016272061159842144
1244,,2949,0.7774503038136524,0.7806276061822679,0.0031773023686154644
1245,,2951,0.8065269225028417,0.8075526145579383,0.0010256920550965054
1246,,2926,0.7899063004478559,0.7914238288979555,0.001517528450099559
1247,,2958,0.7890128883918542,0.7908481246831301,0.0018352362912759101
1248,,2960,0.7907939578451292,0.7949146711154098,0.004120713270280629
1249,,2971,0.8048751541820849,0.8071233790045671,0.0022482248224822143
1250,,2912,0.7780172413793104,0.7789624459883081,0.0009452046089977184
1251,,2958,0.7828604164360768,0.7851154327527132,0.0022550163166363824
1252,,3016,0.7857402936684279,0.78832392211622,0.002583628447792141
1253,,2965,0.7926510581787375,0.7942853378301066,0.001634279651369086
1254,,2973,0.7928617761000607,0.7940020850576834,0.0011403089576227377
1255,,2960,0.7756531322674771,0.7767880117881817,0.001134879520704568
1256,,2992,0.781664335828701,0.7845941403908756,0.0029298045621746205
1257,,2980,0.7765501391572154,0.7808628521167631,0.004312712959547715
1258,,2991,0.7869831114796619,0.7910377062853451,0.004054594805683154
1259,,2941,0.7752824530746554,0.7774562916319271,0.0021738385572717123
1260,,2948,0.7949188438903714,0.7967524751461015,0.001833631255730106
1261,,2973,0.7981345769487008,0.8001124632507992,0.001977886302098386
1262,,3018,0.7978795511087491,0.798223588100428,0.0003440369916789532
1263,,2939,0.7869589089345744,0.7904073366173036,0.003448427682729127
1264,,2951,0.7852381271950428,0.7869084103229462,0.0016702831279034047
1265,,2964,0.7871735182453958,0.7892170619207333,0.0020435436753374336
1266,,2995,0.8065101530612909,0.8089280759144399,0.0024179228531490127
1267,,2973,0.774109339372611,0.7767031096966909,0.002593770324079925
1268,,2940,0.8037578811301342,0.8061307937847891,0.0023729126546548907
1269,,2966,0.7936627606952713,0.7891178210469346,-0.004544939648336688
1270,,2959,0.7864511200762048,0.7865677332624046,0.00011661318619982097
1271,,2968,0.8021977626185862,0.8073602116844231,0.005162449065836849
1272,,2973,0.7876633293738333,0.7906741654747763,0.003010836100942993
1273,,3013,0.7937384852454158,0.7952618550952514,0.0015233698498355874
1274,,3003,0.7839207668524315,0.7842511832964348,0.00033041644400333414
1275,,3002,0.7874886243221343,0.7866583556691392,-0.0008302686529950698
1276,,2940,0.7833474565880215,0.7853283452359219,0.0019808886479003585
1277,,3002,0.7858921625237325,0.7859503798382746,5.821731454214163e-05
1278,,2958,0.7805096472606528,0.7828995460271305,0.0023898987664777716
1279,,3004,0.7883912784393408,0.7924379927124953,0.004046714273154506
1280,,3036,0.7940531394911643,0.7940206021575867,-3.253733357755362e-05
1281,,2924,0.7822241589195256,0.7844194109428183,0.0021952520232927375
1282,,2956,0.7836680063437651,0.7840854241161579,0.0004174177723927919
1283,,2934,0.803708068998613,0.8079651104536801,0.004257041455067112
1284,,2982,0.7694567195861666,0.7721212932791739,0.0026645736930073216
1285,,2952,0.8089757829735225,0.8104223660133816,0.0014465830398591173
1286,,2960,0.7936782967765299,0.7963603305452589,0.0026820337687289975
1287,,2961,0.7968096618966568,0.8004029292483558,0.003593267351698959
1288,,2949,0.7733439804080579,0.7751385009730152,0.0017945205649573248
1289,,2912,0.7828077140265919,0.7831291725437758,0.0003214585171839035
1290,,2974,0.8081010624991771,0.8103682540518479,0.0022671915526707442
1291,,2936,0.8,0.8016039124623505,0.0016039124623504764
1292,,2947,0.7978017750738736,0.8016894424339354,0.0038876673600617417
1293,,2950,0.7854079860671631,0.7872786921764489,0.0018707061092857469
1294,,2947,0.7984499242741807,0.7986108497514091,0.00016092547722834638
1295,,2975,0.7898056213726238,0.7928826110971388,0.003076989724514978
1296,,2933,0.7819626495105273,0.7842484588989888,0.002285809388461457
1297,,2957,0.7891367286321632,0.790566797871036,0.0014300692388727887
1298,,2988,0.7861065084197141,0.7827949789988825,-0.0033115294208315715
1299,,2982,0.774833911848427,0.7774908265805482,0.0026569147321212627
1300,,2958,0.7921194765093625,0.7931922661849782,0.0010727896756156374
1301,,2930,0.7864977358894507,0.7894700811295907,0.0029723452401400063
1302,,2928,0.7968149120612412,0.8010835334383939,0.00426862137715267
1303,,2894,0.7934750074827895,0.7926113551167118,-0.0008636523660777717
1304,,2950,0.7957984891246961,0.7969313197019965,0.0011328305773004033
1305,,2962,0.7954235956447182,0.7989426809522,0.003519085307481795
1306,,2954,0.7746182912804532,0.7754556391136832,0.0008373478332299733
1307,,3017,0.7776501473046847,0.779085990126982,0.0014358428222972508
1308,,2958,0.7925876777755322,0.7937551191907157,0.0011674414151835455
1309,,2989,0.7740403329543902,0.7786160068673776,0.00457567391298741
1310,,2971,0.779584220455791,0.7815205319339835,0.0019363114781925095
1311,,3033,0.7768000424971,0.7796278291764828,0.002827786679382771
1312,,2984,0.789404830345023,0.7912795505472334,0.001874720202210467
1313,,2968,0.8148337595907928,0.8170883336612237,0.002254574070430837
1314,,2965,0.7819891638414499,0.7862336427869839,0.004244478945534036
1315,,2963,0.7940592851478541,0.7945305426278705,0.0004712574800164182
1316,,2916,0.7938020115246105,0.7953813298100673,0.0015793182854567656
1317,,2987,0.7869605484220765,0.7854154353076962,-0.0015451131143803254
1318,,3034,0.7892506142506143,0.7909755302612446,0.0017249160106302952
1319,,3047,0.7772120719956069,0.7808896351911122,0.0036775631955052734
1320,,2911,0.8070588138752768,0.8078192379074115,0.0007604240321347211
1321,,2933,0.802865498389776,0.8047961814498491,0.0019306830600731573
1322,,2967,0.7813442257533436,0.7824171275828262,0.0010729018294826087
1323,,2983,0.7839358518948226,0.7871590782100107,0.0032232263151881213
1324,,2895,0.7823345195177133,0.7822853646579145,-4.915485979872791e-05
1325,,2992,0.7893011174577683,0.7926918140287486,0.003390696570980234
1326,,3020,0.7668788430105853,0.7672497665006227,0.00037092349003742253
1327,,2974,0.7722493203262434,0.7741159243563089,0.001866604030065555
1328,,2955,0.7619875209064932,0.7641908029944887,0.002203282087995473
1329,,2950,0.7913701998369248,0.7947889468965613,0.0034187470596365177
1330,,3010,0.7855738289933749,0.7871748086462679,0.0016009796528929643
1331,,2957,0.7863287681723614,0.7893984453776149,0.0030696772052535293
1332,,2990,0.7921177458378829,0.7930287166014548,0.0009109707635719388
1333,,2979,0.7779623168549231,0.7842034549963623,0.006241138141439229
1334,,2999,0.7957051142368069,0.7964583377943145,0.0007532235575076207
1335,,2951,0.803285270492047,0.7997677518432501,-0.0035175186487969023
1336,,3001,0.7871262867619052,0.7895233331132655,0.002397046351360288
1337,,2958,0.7844622852734291,0.7873532043641929,0.002890919090763777
1338,,2949,0.7881041905073293,0.7926778823051506,0.0045736917978213
1339,,2991,0.7907886470665583,0.7934805370631005,0.0026918899965422405
1340,,3046,0.782150633487375,0.7841557749353828,0.0020051414480077856
1341,,2968,0.7930724269771554,0.7939022467175588,0.0008298197404034147
1342,,2935,0.7931188284571695,0.7968285456165067,0.0037097171593372114
1343,,2978,0.778043041634152,0.7788162659796729,0.000773224345520851
1344,,2969,0.7853654364281744,0.7871432848039784,0.0017778483758040808
1345,,2998,0.8028889527166809,0.8063862658337562,0.0034973131170752403
1346,,2995,0.7813124726800272,0.7851636050134345,0.003851132333407281
1347,,2943,0.7789494022259629,0.7848583370747784,0.005908934848815495
1348,,2958,0.7905019548687006,0.7906956459276134,0.00019369105891287042
1349,,2998,0.7806815686311156,0.7829173305423299,0.002235761911214329
1350,,2956,0.801803264966512,0.8067005898028202,0.004897324836308226
1351,,3018,0.7945921398797972,0.7984407624179599,0.0038486225381627603
1352,,2964,0.7965446079765088,0.7993334086253895,0.0027888006488806516
1353,,2934,0.8051236451281233,0.8038355275941542,-0.0012881175339690687
1354,,2944,0.7880471391271435,0.7888875345620642,0.0008403954349206488
1355,,2986,0.7770743187987361,0.7760901587837881,-0.0009841600149480545
1356,,2967,0.8046247564415517,0.8087987613954568,0.004174004953905075
1357,,2952,0.7929984818564432,0.7980520812239049,0.005053599367461747
1358,,2989,0.8029285939657628,0.8040399421077037,0.0011113481419409155
1359,,2951,0.7880138201823466,0.7885101710330753,0.000496350850728744
1360,,2919,0.8010203021963758,0.8025196012254011,0.0014992990290253472
1361,,2988,0.7748383164795891,0.7794364597078158,0.004598143228226714
1362,,2984,0.777799511002445,0.7808447432762836,0.0030452322738385718
1363,,2979,0.7827689147625079,0.7837852938985324,0.0010163791360244812
1364,,2990,0.7783103866286616,0.7798401669401117,0.001529780311450124
1365,,2972,0.7950087015493246,0.7980180912440972,0.0030093896947726018
1366,,2931,0.775043522883032,0.7774867934082058,0.0024432705251737907
1367,,3019,0.7760776424032026,0.7784486857645369,0.002371043361334202
1368,,2952,0.7903471527466721,0.7928469314679762,0.0024997787213041356
1369,,2941,0.8150155114183396,0.8156255253251286,0.0006100139067889421
1370,,2952,0.780834626128743,0.7841935220922455,0.003358895963502473
1371,,2950,0.7874412538772441,0.7895302660024438,0.0020890121251997407
1372,,2905,0.7963729539024473,0.8001060355328224,0.0037330816303751124
1373,,2924,0.7995892473594474,0.8023391311087,0.0027498837492526684
1374,,2944,0.7931932311606829,0.7922502610947145,-0.0009429700659683293
1375,,2941,0.7921430301135585,0.79179196365309,-0.00035106646046845214
1376,,2989,0.7925001569150729,0.7939867819391914,0.0014866250241184487
1377,,2915,0.7915176488881978,0.7950292852329861,0.003511636344788349
1378,,2959,0.7866897930749167,0.7882293080860797,0.0015395150111630063
1379,,2991,0.7903897338045527,0.7919606041268882,0.0015708703223354936
1380,,2974,0.7941990655478356,0.7943759776301672,0.00017691208233161504
1381,,2981,0.7783563122873208,0.7805897089062908,0.0022333966189699295
1382,,2921,0.7848419462861906,0.7861951176866344,0.0013531714004437756
1383,,2987,0.7882283822728231,0.7873962966365882,-0.000832085636234936
1384,,2965,0.781346082564254,0.782701840136204,0.0013557575719500559
1385,,2942,0.7749253236185969,0.7802258701353537,0.005300546516756821
1386,,2926,0.786602471028023,0.7879121850823313,0.001309714054308242
1387,,2945,0.7901469774245838,0.7940042699561144,0.003857292531530554
1388,,2972,0.804241477565313,0.8050506858653379,0.000809208300024955
1389,,2970,0.7820087038358777,0.784842187707253,0.0028334838713752752
1390,,2939,0.7862641193017009,0.7894402004611777,0.0031760811594767624
1391,,2991,0.789410255898439,0.7913913729090982,0.0019811170106591725
1392,,2972,0.7917235681785466,0.7957741630627304,0.0040505948841838
1393,,2963,0.7780137402351567,0.7807177601250653,0.0027040198899086487
1394,,3001,0.7875831153736134,0.7888794074231428,0.0012962920495294128
1395,,2968,0.7873578969162479,0.7887593304235536,0.001401433507305705
1396,,3021,0.7946756186128917,0.7968130659782503,0.0021374473653585913
1397,,2962,0.7871890335739131,0.7872893601246007,0.00010032655068759055
1398,,2944,0.7880550965313091,0.7924366142144555,0.00438151768314643
1399,,2952,0.7821030872148585,0.7853726056425812,0.0032695184277226064
1400,,2961,0.7862819285334757,0.7870519866215242,0.0007700580880485308
1401,,2959,0.7814258106603491,0.7824828205241395,0.0010570098637904257
1402,,2955,0.7947212202118897,0.7978491493168972,0.0031279291050074765
1403,,2960,0.793058577362301,0.7925719074338181,-0.0004866699284828968
1404,,2983,0.8024325846969809,0.8077240913421437,0.005291506645162869
1405,,3005,0.7970064873239936,0.8014370280131757,0.004430540689182139
1406,,2966,0.7855622745651104,0.791166757136552,0.005604482571441638
1407,,2961,0.7836545143465112,0.785160574531408,0.0015060601848967403
1408,,2931,0.7755256313341619,0.7771912516496048,0.0016656203154429283
1409,,2962,0.7905483019671335,0.7921747892003228,0.0016264872331892555
1410,,3050,0.78673767723073,0.790476258060243,0.0037385808295130607
1411,,2975,0.8034515035901325,0.8035036375269556,5.2133936823128835e-05
1412,,3001,0.7990900999166504,0.7965986149555984,-0.002491484961052004
1413,,2941,0.7905208242448415,0.7928059307515785,0.002285106506736967
1414,,2983,0.8058070888404671,0.8079194657860279,0.0021123769455607677
1415,,2955,0.7839989624954454,0.7861814274333496,0.002182464937904194
1416,,2963,0.7708256901411272,0.7710122570717005,0.00018656693057328422
1417,,2992,0.7685779359056584,0.7720725142930167,0.003494578387358338
1418,,2963,0.7912358450647243,0.793680502036772,0.002444656972047654
1419,,2928,0.7848375212280304,0.7872372116234129,0.002399690395382459
1420,,2973,0.7924552120262153,0.7941120777622319,0.0016568657360166439
1421,,3005,0.7884846438929483,0.7912239754428122,0.0027393315498639437
1422,,2951,0.7690501429360067,0.7704678400464445,0.001417697110437821
1423,,2964,0.7636455828309954,0.7667371457686694,0.003091562937673986
1424,,2938,0.8212366146140522,0.8221139956250774,0.0008773810110251912
1425,,2968,0.7920249708868471,0.7937113196007818,0.0016863487139346933
1426,,2947,0.7806984242681932,0.7837987639135651,0.003100339645371819
1427,,3007,0.7865932364834788,0.7882152307730254,0.0016219942895465689
1428,,2964,0.7510218486051163,0.7537375878996583,0.002715739294541941
1429,,2925,0.7881941844809027,0.7900720588253344,0.0018778743444316515
1430,,2959,0.777048394944049,0.7774244635747123,0.00037606863066330654
1431,,2948,0.7890488105249729,0.7917136407543279,0.002664830229355042
1432,,2946,0.7825554821999898,0.7842986643644304,0.001743182164440582
1433,,2925,0.7955262129396353,0.7972079250524182,0.001681712112782896
1434,,2972,0.7939628446946452,0.7953457266009399,0.001382881906294764
1435,,2980,0.7894823536661382,0.7911485107683994,0.0016661571022612565
1436,,2965,0.7924104491597227,0.7953191523057147,0.0029087031459920087
1437,,2987,0.7912692078056751,0.7923853816422085,0.0011161738365333962
1438,,2939,0.7932662658717053,0.79501456521559,0.0017482993438846517
1439,,2937,0.7865539768881693,0.7922182547453112,0.005664277857141853
1440,,2917,0.775863796897988,0.7761631208801194,0.0002993239821313942
1441,,2971,0.7856186338561181,0.7883886713234048,0.002770037467286768
1442,,2907,0.7822625615776205,0.7847333756485405,0.00247081407091998
1443,,2956,0.7960111705721706,0.7995527146699826,0.003541544097811933
1444,,2976,0.7962934053525246,0.7980756721877911,0.0017822668352664994
1445,,2954,0.7868193534529052,0.7887122758028139,0.0018929223499086767
1446,,2951,0.7874633153992979,0.7904810199770385,0.003017704577740532
1447,,2968,0.7869938822833495,0.7874641961451233,0.00047031386177376344
1448,,2919,0.7891152682350482,0.7919678332281483,0.0028525649931001595
1449,,2970,0.7768843412073021,0.7773111122752904,0.00042677106798827413
1450,,2921,0.7878980589317128,0.789813389573005,0.0019153306412921234
1451,,2950,0.8017208871824757,0.8037530424051283,0.002032155222652654
1452,,2923,0.7869052677585013,0.7909832582646384,0.004077990506137108
1453,,2928,0.7786002726809113,0.7800612491283577,0.0014609764474464715
1454,,2969,0.7838335236397165,0.7871869867070482,0.0033534630673317523
1455,,2939,0.7891733723482077,0.7913558787406965,0.0021825063924887367
1456,,2958,0.7962302867218362,0.8009203113576743,0.004690024635838119
1457,,2962,0.7847943054856952,0.787696688869582,0.0029023833838868196
1458,,2957,0.7897952069716776,0.7929262371615313,0.003131030189853723
1459,,2944,0.7899338846088644,0.7901699661574588,0.00023608154859444674
1460,,3035,0.7892364198546252,0.7938755767312866,0.004639156876661388
1461,,2989,0.8086614943485204,0.8098429883413222,0.0011814939928017631
1462,,2995,0.7816724215204176,0.7813997235145218,-0.0002726980058957995
1463,,2952,0.7887349279449257,0.7889851426561982,0.0002502147112725117
1464,,2997,0.7884886976486815,0.790487359701357,0.001998662052675515
1465,,2957,0.8009083059617604,0.8027981036857321,0.0018897977239716868
1466,,3005,0.7869859957024578,0.787919844985608,0.0009338492831502121
1467,,3009,0.7830354840963687,0.7857906999718093,0.0027552158754405864
1468,,3011,0.7998787970608288,0.8027485291518319,0.002869732091003163
1469,,2956,0.7856474558275098,0.7860469333529568,0.00039947752544700066
1470,,2980,0.7896256170405815,0.787281672949589,-0.002343944090992589
1471,,2949,0.7921606529209622,0.7921151708105922,-4.5482110369921e-05
1472,,2948,0.8066768148653614,0.8071277575503075,0.0004509426849461651
1473,,2979,0.7903340890000813,0.7928810773218689,0.002546988321787569
1474,,2965,0.7787125942414468,0.7835719630516936,0.004859368810246845
1475,,2975,0.7787591153127023,0.7843645050810435,0.00560538976834124
1476,,2982,0.7993758594506141,0.801888123297199,0.0025122638465849834
1477,,2959,0.790508789232465,0.7924094024229981,0.0019006131905330292
1478,,2968,0.7870076376242565,0.7870619979392499,5.4360314993395775e-05
1479,,2937,0.7941996874067766,0.7964077276308442,0.00220804022406762
1480,,2954,0.790332921809107,0.792451175037121,0.0021182532280140665
1481,,2994,0.8007360268983952,0.8038771223932866,0.0031410954948913883
1482,,2921,0.8091717080134536,0.8094082301247514,0.00023652211129776557
1483,,2993,0.7927796370275149,0.7950944939907187,0.002314856963203882
1484,,3013,0.7745251494792473,0.7735918573002358,-0.0009332921790115023
1485,,2976,0.7908690432191581,0.7944352493130433,0.003566206093885249
1486,,2933,0.7973827955095517,0.7998777855162494,0.002494990006697728
1487,,2980,0.7831263560598124,0.7855219828418596,0.002395626782047189
1488,,2960,0.7937970799659109,0.7980245286856353,0.004227448719724469
1489,,2978,0.7911438592038114,0.7965840669518972,0.005440207748085846
1490,,2962,0.7811332406579607,0.7820414765357325,0.0009082358777717792
1491,,2926,0.7824005628983896,0.7841005375196215,0.0016999746212319478
1492,,2952,0.7989731730133518,0.8000609018410462,0.0010877288276943675
1493,,2973,0.7778505267807267,0.780287618379516,0.0024370915987892428
1494,,2948,0.7748465301240538,0.7778200888361847,0.002973558712130897
1495,,2969,0.7808726317782841,0.7850086721404197,0.004136040362135551
1496,,2929,0.7948616669667803,0.7901639201426605,-0.004697746824119831
1497,,2942,0.8009027683400384,0.8045668836283846,0.0036641152883462036
1498,,2953,0.7920754225244762,0.7911644808985007,-0.0009109416259754921
1499,,3010,0.7796323357050475,0.7843858714096286,0.004753535704581036
1500,,2970,0.7993030608021903,0.8008703169040815,0.0015672561018912345
1501,,2963,0.7820585965474288,0.7829507953674496,0.0008921988200207842
1502,,2990,0.792014114157042,0.7951785589924603,0.003164444835418223
1503,,3003,0.7707571814533751,0.7708925165878661,0.0001353351344909326
1504,,2948,0.7885257815622767,0.7911663174214804,0.002640535859203652
1505,,2966,0.7801574226615413,0.783028686488324,0.0028712638267827106
1506,,2980,0.794643775304975,0.7983147155678957,0.0036709402629206966
1507,,2937,0.793657536896242,0.7942639204177995,0.0006063835215575075
1508,,2986,0.7846142077948007,0.7866380400073122,0.002023832212511456
1509,,2963,0.7891190847982588,0.7901661201537543,0.0010470353554955514
1510,,2992,0.8027646460415295,0.8040353835268773,0.0012707374853477837
1511,,2966,0.779136251202003,0.7810134926730733,0.0018772414710702678
1512,,2968,0.7943465922401773,0.7960346113567089,0.0016880191165316027
1513,,2934,0.7945515828499949,0.7960503300212871,0.0014987471712921696
1514,,2912,0.7634230889073536,0.7658651848774408,0.0024420959700872658
1515,,2961,0.7911510235403472,0.7951824971358163,0.004031473595469182
1516,,2981,0.7912304598644876,0.7929977199249486,0.0017672600604610178
1517,,2978,0.7837838163581623,0.7843768003451842,0.0005929839870219
1518,,2962,0.8029877504400661,0.8063793616541906,0.003391611214124457
1519,,2959,0.7791153232709515,0.7806671716331972,0.0015518483622457557
1520,,2991,0.7926149484976968,0.7941447440769297,0.0015297955792329399
1521,,2985,0.7840968395407943,0.7892115016933843,0.005114662152589933
1522,,2925,0.7814497005747357,0.7824846268236807,0.0010349262489449673
1523,,2933,0.7712452337692248,0.772369936279653,0.0011247025104281771
1524,,2919,0.7905377944114287,0.7921727699132735,0.001634975501844771
1525,,2981,0.7950458171101709,0.7978994735253337,0.0028536564151628863
1526,,2998,0.7875068078495222,0.7903125017915393,0.002805693942017129
1527,,2996,0.8023513441629154,0.8027390110855176,0.00038766692260217006
1528,,2967,0.7925291792098595,0.7982794007063069,0.0057502214964473275
1529,,2958,0.7985372869751668,0.8012944691827171,0.0027571822075502794
1530,,2976,0.7827263291255171,0.7842794559858349,0.0015531268603178328
1531,,3002,0.7940584705916289,0.7917087335698695,-0.002349737021759446
1532,,2976,0.7681380060425954,0.7700964610309574,0.0019584549883620017
1533,,2902,0.7907454846227768,0.7936805854983754,0.002935100875598562
1534,,2946,0.7695991218521986,0.7712180755590511,0.0016189537068524995
1535,,2958,0.7896046722986835,0.7905058461255278,0.0009011738268442926
1536,,2932,0.7684347011469592,0.7727922667203255,0.0043575655733663066
1537,,2947,0.7854786915056197,0.7869537461551854,0.0014750546495657657
1538,,2955,0.7929628709068631,0.7894381862487339,-0.0035246846581292735
1539,,2914,0.7939498434177654,0.7956903441793131,0.0017405007615476364
1540,,3017,0.7834499241207992,0.7872118755656421,0.003761951444842926
1541,,2994,0.7860950795782664,0.7893380072297864,0.003242927651520011
1542,,2973,0.7789769613216411,0.7779872474945193,-0.0009897138271217631
1543,,2929,0.7936538544737607,0.7942879745857515,0.0006341201119908213
1544,,3001,0.7868146567622711,0.7891771445646439,0.0023624878023728035
1545,,2994,0.7781702949412486,0.7810022777931042,0.0028319828518555967
1546,,2955,0.7959541748374446,0.7988213941381853,0.002867219300740742
1547,,2925,0.7820289662588165,0.7870835669287618,0.005054600669945342
1548,,2940,0.7780088116162955,0.7716318485081795,-0.006376963108116085
1549,,2957,0.7833563075892528,0.7867468328644752,0.0033905252752224335
1550,,3000,0.8022010737306582,0.8056401742279936,0.0034391004973354233
1551,,2986,0.7945113087535313,0.7944676744934063,-4.363426012499172e-05
1552,,2964,0.7888131008660052,0.7925304911601926,0.0037173902941873838
1553,,2979,0.8047155479203111,0.8105740291865066,0.005858481266195481
1554,,2993,0.7776425757720972,0.7774545331021824,-0.00018804266991478968
1555,,2958,0.7751099825725686,0.778270889198488,0.0031609066259193908
1556,,2955,0.8036434440239725,0.804910437877857,0.0012669938538845127
1557,,2963,0.7814128576168237,0.7833741673685016,0.0019613097516779643
1558,,2969,0.7909419158379769,0.7937612796500377,0.0028193638120608266
1559,,2941,0.7877294413262799,0.7888383709823352,0.0011089296560553574
1560,,2976,0.7868743602776015,0.7909053433362299,0.004030983058628368
1561,,2926,0.7906497508129399,0.7910864261436048,0.00043667533066493736
1562,,2981,0.7966342822506315,0.7997438699048453,0.0031095876542137635
1563,,2953,0.7988905259748063,0.8020880682560333,0.0031975422812270393
1564,,2939,0.7752491741928093,0.7761191358142554,0.000869961621446147
1565,,2982,0.7885668796765292,0.791628542512578,0.0030616628360488063
1566,,2958,0.7793713223535331,0.7816396364809147,0.0022683141273815988
1567,,2960,0.783642943305187,0.7845258044534281,0.0008828611482410986
1568,,2963,0.7885577779793312,0.7927499426461723,0.004192164666841025
1569,,2972,0.7964547872813124,0.7969536290442026,0.0004988417628902786
1570,,3002,0.7992026967830943,0.8004060783356075,0.0012033815525132052
1571,,2990,0.7871918953500481,0.7886006815317348,0.0014087861816867164
1572,,2980,0.7817761260591646,0.7845589415787126,0.0027828155195480653
1573,,2957,0.8019520316729921,0.8016151128415892,-0.00033691883140296586
1574,,2950,0.7909980668365623,0.7953150853845501,0.004317018547987828
1575,,2962,0.7870042651487219,0.7889757478549221,0.0019714827062001783
1576,,2955,0.8016140592729116,0.8044073832660288,0.0027933239931171583
1577,,2979,0.7793211286503757,0.7825972324101943,0.0032761037598185716
1578,,2937,0.7847022237084099,0.7870429694031098,0.002340745694699886
1579,,2950,0.7847090284786954,0.7856218706089573,0.0009128421302618817
1580,,2975,0.7980794996668871,0.8012151860146668,0.0031356863477797203
1581,,2975,0.8062835692356239,0.8069317800816509,0.0006482108460269531
1582,,2902,0.7746237336493662,0.7780714909515342,0.003447757302167953
1583,,2948,0.7976858178643282,0.8001935998177884,0.002507781953460131
1584,,2950,0.7929752443128827,0.7949127671221767,0.0019375228092940455
1585,,2952,0.7868043244443699,0.7882814426693489,0.0014771182249789794
1586,,3010,0.7719026022033273,0.773620527443352,0.0017179252400246758
1587,,3016,0.7779947616959312,0.7775949836333284,-0.0003997780626028291
1588,,2962,0.7915857707279663,0.7942007319464534,0.002614961218487033
1589,,2962,0.7858764492618009,0.7888101436387361,0.0029336943769352475
1590,,2982,0.7869716684981708,0.7866874059380111,-0.000284262560159676
1591,,2965,0.7911873309464753,0.7940530570863122,0.0028657261398369327
1592,,2966,0.7853014939827522,0.7885331494693295,0.003231655486577334
1593,,2888,0.7734967311469235,0.7764763647125292,0.0029796335656057105
1594,,2956,0.782646033837397,0.7847444176218232,0.002098383784426283
1595,,3027,0.7964191862657656,0.7974918740310194,0.0010726877652538214
1596,,2982,0.7784331229273509,0.7810149906650867,0.0025818677377358323
1597,,2968,0.7971351809021834,0.8012684472822216,0.004133266380038192
1598,,3007,0.7877012060560648,0.7911633362830037,0.0034621302269389753
1599,,2973,0.7975956025711608,0.8014518510855013,0.003856248514340521
1600,,2959,0.7689745436740536,0.7699185039759325,0.0009439603018789322
1601,,2985,0.7869404872319261,0.792193630256862,0.005253143024935847
1602,,2987,0.7729784802007575,0.773351138099612,0.0003726578988544338
1603,,2954,0.7859065511951856,0.7885501336991535,0.0026435825039679006
1604,,2960,0.7864254142399771,0.7858876356042049,-0.0005377786357722014
1605,,2942,0.8014649429365389,0.8025628279899976,0.001097885053458647
1606,,2984,0.8015858394468717,0.805451002831769,0.0038651633848972855
1607,,2964,0.7781716945429237,0.7785128977532244,0.0003412032103007334
1608,,2995,0.7913120865904991,0.7953710162357186,0.004058929645219478
1609,,3034,0.7899773024247368,0.7926350926486504,0.0026577902239135476
1610,,2967,0.7874832881938991,0.7912017049553777,0.003718416761478549
1611,,2994,0.7910989161556125,0.7944605346461678,0.0033616184905553848
1612,,2971,0.775756823659271,0.776148706460188,0.00039188280091695393
1613,,2973,0.7796488634263538,0.7845869525041582,0.004938089077804464
1614,,2955,0.7840570721167058,0.7883911845313284,0.00433411241462256
1615,,2983,0.7835634344781514,0.7857159222596177,0.0021524877814663723
1616,,2981,0.7770099151833711,0.7796643172858678,0.002654402102496678
1617,,2966,0.7930176950032676,0.7954604692393025,0.0024427742360348947
1618,,2972,0.7627016651569313,0.7637332464273159,0.0010315812703846072
1619,,2962,0.789420638187685,0.7895547558659886,0.00013411767830351362
1620,,2953,0.7971060965903501,0.7988652812076412,0.0017591846172910763
1621,,3026,0.7802756339343283,0.7823533470913094,0.0020777131569811313
1622,,3001,0.7760411055306331,0.7764525734510354,0.0004114679204022531
1623,,2950,0.7915294176474633,0.7928982617554957,0.0013688441080323965
1624,,2982,0.7888585172896843,0.7893064397854439,0.00044792249575964505
1625,,2937,0.7638668148112364,0.7679452187145238,0.0040784039032873975
1626,,2937,0.7838007783859728,0.7838990284298784,9.825004390551229e-05
1627,,2968,0.8037353925949695,0.8045533809748002,0.0008179883798307142
1628,,2992,0.7820871580400208,0.784145831141086,0.0020586731010652226
1629,,2941,0.7963223711363464,0.79982986719821,0.003507496061863624
1630,,2956,0.7761004774883702,0.7777463266184397,0.0016458491300694877
1631,,3015,0.7844273364907673,0.7877357962148134,0.003308459724046031
1632,,2966,0.7928077955451748,0.7960985030871998,0.0032907075420249843
1633,,2938,0.7917341177266118,0.79333536193664,0.0016012442100281632
1634,,2972,0.7937879118565881,0.796635538640552,0.002847626783963886
1635,,2944,0.7945932836591054,0.797410679270986,0.0028173956118805465
1636,,2959,0.8020284372719947,0.8059752336935659,0.0039467964215712525
1637,,2982,0.7855130659444989,0.7866194041078479,0.001106338163349041
1638,,3001,0.772223682728058,0.7746585545999675,0.002434871871909494
1639,,2944,0.7799955665910571,0.7818428203172815,0.001847253726224407
1640,,3011,0.780753191661755,0.7819006086014452,0.0011474169396901157
1641,,2962,0.7763102975374158,0.7798792061693797,0.0035689086319639074
1642,,2973,0.8006637258610291,0.8022482850979871,0.0015845592369579942
1643,,2968,0.7858263773816714,0.7847061981529948,-0.0011201792286765766
1644,,2931,0.7930598454962757,0.7950303277770826,0.0019704822808068734
1645,,2939,0.7994696194176912,0.8014272574530161,0.0019576380353248934
1646,,2950,0.8084764425648548,0.8097115935075656,0.001235150942710761
1647,,2960,0.7969479466519176,0.7987693738765351,0.0018214272246175334
1648,,3011,0.7921913259560122,0.7933199640579626,0.0011286381019504077
1649,,2992,0.7962581364931348,0.7989268935057062,0.00266875701257141
1650,,2974,0.7976370421814284,0.7981645203073071,0.000527478125878722
1651,,2970,0.7936839129342174,0.7954949643347315,0.0018110514005141853
1652,,2923,0.8034330744834044,0.8057224639080408,0.002289389424636412
1653,,2982,0.7949767336883707,0.7970404483266984,0.0020637146383276628
1654,,2948,0.7808110099441521,0.7835950911142209,0.002784081170068786
1655,,2963,0.8001301929533065,0.8046213248707914,0.0044911319174849584
1656,,2982,0.7694442320214864,0.7727846795927967,0.0033404475713103565
1657,,3009,0.7923706498269266,0.791798526363162,-0.0005721234637646733
1658,,2963,0.7771558909516065,0.7794009063830959,0.002245015431489361
1659,,2993,0.794648373590299,0.7966769110015671,0.002028537411268072
1660,,2935,0.7867048102161796,0.788320995664612,0.00161618544843245
1661,,2936,0.7990468382067972,0.8000803254973338,0.0010334872905365389
1662,,2956,0.790147157785142,0.7872078111707869,-0.0029393466143551317
1663,,2958,0.784891601270618,0.7868295022486046,0.0019379009779866285
1664,,3015,0.7893175785967778,0.7920976851235516,0.002780106526773851
1665,,2911,0.7886435093001186,0.7926472550238765,0.0040037457237578344
1666,,2966,0.7956455107541087,0.7958134427827394,0.00016793202863063517
1667,,2932,0.7937214041494558,0.7945637473284379,0.0008423431789821301
1668,,2949,0.7844983309286845,0.7850733836955779,0.0005750527668934025
1669,,3011,0.7823593861213523,0.783683523232951,0.0013241371115987333
1670,,2961,0.8050286773502847,0.8051442083048785,0.00011553095459382323
1671,,2962,0.7768501290756908,0.7793468292967363,0.0024967002210454226
1672,,2968,0.7960909997730548,0.796763918869707,0.0006729190966522358
1673,,2947,0.7881619039621173,0.7912364899333317,0.0030745859712144608
1674,,2955,0.7971589896852492,0.7994071230074328,0.002248133322183543
1675,,2972,0.7774345447670485,0.7786958279525998,0.0012612831855512985
1676,,2970,0.7832207763685279,0.7847288566774648,0.0015080803089368988
1677,,2940,0.7856017969779605,0.7877154011289133,0.0021136041509527415
1678,,3003,0.7936029737789952,0.7979093653387107,0.004306391559715461
1679,,2945,0.7802652916745938,0.7843020012709359,0.0040367095963420585
1680,,2955,0.7917718596059113,0.7927096161740558,0.0009377565681444322
1681,,3003,0.7844520926912742,0.7862441958835543,0.00179210319228007
1682,,2952,0.7847112894719102,0.7858665810111841,0.0011552915392739616
1683,,2945,0.8021582882143609,0.8048509939919261,0.0026927057775651964
1684,,2981,0.7910035581750955,0.7908945771254394,-0.00010898104965606503
1685,,2967,0.7931676833958367,0.7964744770599269,0.0033067936640902573
1686,,3000,0.7746417306211658,0.77232322479696,-0.0023185058242057854
1687,,2948,0.7827331254337386,0.7833386214158493,0.000605495982110682
1688,,2903,0.8032682746944236,0.8068469035910107,0.0035786288965871105
1689,,3019,0.7992873829548373,0.8024366254207121,0.0031492424658748908
1690,,2937,0.7736950988327511,0.7749464833432734,0.0012513845105223131
1691,,2916,0.7941063813487909,0.7959168560557698,0.0018104747069789262
1692,,2970,0.8034151010800712,0.8072501814225771,0.0038350803425059032
1693,,2962,0.7849733936144675,0.7833530047211331,-0.001620388893334379
1694,,2942,0.8026452749548516,0.8087030723000136,0.006057797345161986
1695,,2957,0.7948774990187392,0.797775894097988,0.0028983950792488278
1696,,2989,0.7790711267918475,0.782578249758593,0.0035071229667454906
1697,,2966,0.7932849509530265,0.7958287789156655,0.002543827962638967
1698,,2918,0.7957853150740853,0.7958484292624234,6.311418833804261e-05
1699,,2948,0.7897550577406216,0.7897134587773182,-4.159896330335755e-05
1700,,2916,0.7906827009223005,0.7893257619884706,-0.001356938933829932
1701,,2936,0.7865498762498382,0.7889736106464873,0.002423734396649113
1702,,2947,0.7883259628295377,0.7913175202524627,0.0029915574229250064
1703,,2936,0.7734055512332406,0.7739764420170439,0.0005708907838032351
1704,,2922,0.7653415325725683,0.7711613974999482,0.0058198649273798475
1705,,2930,0.7806989023729412,0.7827555353924868,0.0020566330195456173
1706,,2962,0.7887971808176537,0.7898705184056586,0.0010733375880048746
1707,,3000,0.7938000484595011,0.7943443226591137,0.00054427419961256
1708,,3024,0.7799749476894033,0.7831212718719801,0.003146324182576765
1709,,2958,0.7851411791045553,0.786686261135785,0.0015450820312297164
1710,,2979,0.7771609593109953,0.7773997929300399,0.00023883361904464273
1711,,2965,0.806602559915105,0.8083089922317335,0.0017064323166284812
1712,,2947,0.7870546079427994,0.7885582315525632,0.00150362360976386
1713,,3012,0.7808545230498198,0.7833237282656059,0.0024692052157860855
1714,,2987,0.7745521110291353,0.7761309167513492,0.0015788057222138052
1715,,2998,0.7828591454173697,0.7826816005495768,-0.00017754486779286704
1716,,2975,0.8109714765920956,0.8113467324333359,0.0003752558412403184
1717,,2993,0.7791863618370183,0.7799373782989539,0.0007510164619356496
1718,,2981,0.7770679256578015,0.7781476495102465,0.0010797238524450359
1719,,2931,0.8002652584775359,0.8012341585517322,0.000968900074196255
1720,,2984,0.7836179151058918,0.7855516503575484,0.001933735251656521
1721,,2981,0.7933667936525758,0.7950023857700934,0.0016355921175176258
1722,,2926,0.7810262234493076,0.783532795811288,0.002506572361980375
1723,,2953,0.7804204208352471,0.7812469422735786,0.0008265214383315067
1724,,2946,0.7816907465828107,0.7819272871703927,0.00023654058758204588
1725,,2979,0.7969364570146703,0.7998948624366571,0.002958405421986776
1726,,3021,0.7879494129511241,0.7887057545848221,0.0007563416336979767
1727,,2911,0.7851321748626859,0.7873805929399672,0.0022484180772812667
1728,,3001,0.7877724987245869,0.7905590737693978,0.002786575044810946
1729,,2964,0.7810864216041962,0.7847827076466667,0.00369628604247052
1730,,2944,0.7865285141470387,0.787971416534423,0.001442902387384315
1731,,2977,0.7886622984227435,0.7909267478760145,0.002264449453270978
1732,,2978,0.7903237902513369,0.7944434628638398,0.0041196726125029
1733,,2957,0.791776250373693,0.795650805399091,0.0038745550253980188
1734,,2913,0.7929595585662055,0.7940094400250445,0.001049881458838997
1735,,2958,0.792655982858466,0.7941590065654273,0.001503023706961315
1736,,2976,0.7826921860510634,0.7879816063749927,0.005289420323929317
1737,,2900,0.7901097169283723,0.7870944887709946,-0.0030152281573776474
1738,,2946,0.7872527103917333,0.787999929909057,0.0007472195173237051
1739,,2931,0.7825704667037806,0.7843313876391474,0.0017609209353668387
1740,,2953,0.7775460847044485,0.7754382331657526,-0.0021078515386959706
1741,,2989,0.7898521512374282,0.792148946583145,0.0022967953457168067
1742,,2940,0.7987024328163339,0.8027304604629178,0.004028027646583943
1743,,2941,0.7791874360037981,0.7824315180346981,0.0032440820308999863
1744,,2894,0.777828994010206,0.7809040555740657,0.0030750615638597267
1745,,2955,0.7900694186422601,0.7879537137770745,-0.0021157048651856414
1746,,2961,0.788372648467904,0.7900675269207239,0.0016948784528199035
1747,,2932,0.7705082744627366,0.7725750982914169,0.0020668238286802865
1748,,2989,0.793362621469822,0.7957759209913721,0.0024132995215501163
1749,,2988,0.7801225116713919,0.7818806573619316,0.0017581456905396697
1750,,3015,0.7929314597685065,0.792241073256138,-0.0006903865123685238
1751,,2968,0.7826837873709741,0.7827386920278439,5.490465686974755e-05
1752,,2992,0.7768160045083122,0.7799242353088507,0.0031082308005384585
1753,,3004,0.7864432604404239,0.786549868716101,0.0001066082756771003
1754,,3009,0.7756141791637867,0.7778021284640524,0.002187949300265668
1755,,2960,0.7815176228222297,0.7795876373913699,-0.0019299854308597597
1756,,2974,0.7889769213511642,0.7912935650952506,0.0023166437440864662
1757,,3000,0.8011842224027439,0.8049306495772783,0.003746427174534439
1758,,2918,0.7791665346298133,0.781479820299874,0.0023132856700606164
1759,,2964,0.7549414102986185,0.7569996707758715,0.0020582604772529933
1760,,2963,0.7825506490952007,0.7850757277734067,0.002525078678206061
1761,,2972,0.783749925216871,0.7840335028417589,0.000283577624887843
1762,,2944,0.7889889848689863,0.7923627224505966,0.0033737375816103032
1763,,2933,0.7947400933310871,0.7968494252070638,0.0021093318759767277
1764,,2972,0.7913762160901593,0.7929566896999255,0.0015804736097662087
1765,,2982,0.7987379754116479,0.8030098565903354,0.004271881178687487
1766,,3012,0.7877433438885845,0.7888866560739708,0.0011433121853863248
1767,,2935,0.783932947338838,0.7855136342191369,0.0015806868802988872
1768,,2932,0.8115543782322197,0.813575460136186,0.0020210819039663264
1769,,2951,0.7955174730923756,0.7958733719554265,0.00035589886305087415
1770,,2964,0.7933385862361729,0.7957304894361681,0.00239190319999516
1771,,2981,0.7864923274212625,0.7904505963587503,0.003958268937487741
1772,,2992,0.7758496714070372,0.7763585067474433,0.000508835340406133
1773,,2962,0.802343806765692,0.8043627191480086,0.002018912382316662
1774,,2942,0.7944116285665526,0.795679927118875,0.0012682985523224666
1775,,2954,0.7750691006843387,0.7767845235386872,0.0017154228543485583
1776,,2981,0.7905685398970739,0.7945745543144092,0.00400601441733528
1777,,2967,0.7887073577922601,0.7919884946496097,0.0032811368573496535
1778,,2954,0.7856629285551716,0.7892462912002648,0.00358336264509318
1779,,2951,0.7900928132262525,0.7912842349895567,0.0011914217633042234
1780,,2928,0.788941124397261,0.7927543910241364,0.0038132666268753113
1781,,2922,0.7866603383844764,0.7889836855354097,0.002323347150933297
1782,,2962,0.7807796217676573,0.7840445954942363,0.003264973726579079
1783,,2987,0.7976153312980492,0.7971682389853915,-0.0004470923126577153
1784,,2962,0.7787060221778613,0.7843036948999125,0.005597672722051139
1785,,3006,0.7831223847820281,0.7833820518147016,0.0002596670326734385
1786,,2983,0.802027487582128,0.8022330754103496,0.00020558782822155397
1787,,2984,0.7864395514976612,0.7893949463884544,0.002955394890793217
1788,,2948,0.7916011410145107,0.7956728264913804,0.0040716854768696464
1789,,2979,0.7760973545415836,0.7796800998936801,0.0035827453520965724
1790,,3027,0.7832905146609529,0.7850147257254813,0.0017242110645283582
1791,,2930,0.7791034065170102,0.7804938216231975,0.001390415106187315
1792,,2967,0.7872609506606247,0.7881593185855269,0.0008983679249021659
1793,,3076,0.7841433936575882,0.7867417402691804,0.002598346611592195
1794,,2965,0.7735729884263877,0.7767412839907738,0.0031682955643861366
1795,,2892,0.7993874060448403,0.8033483605464798,0.00396095450163958
1796,,2982,0.7767896586345382,0.777046937751004,0.0002572791164657806
1797,,2980,0.7733736601258266,0.7731782849356847,-0.00019537519014189986
1798,,2961,0.7872204793390857,0.790705158009622,0.0034846786705363675
1799,,2966,0.7838490788277619,0.7876464337383333,0.0037973549105714266
1800,,2987,0.8041482675385186,0.807111680104459,0.0029634125659403487
1801,,2942,0.8088045705060032,0.81104972669107,0.002245156185066821
1802,,2936,0.7833286886907175,0.7879281516011349,0.004599462910417462
1803,,2939,0.7848770840405189,0.786107750841742,0.0012306668012230793
1804,,2953,0.7883433285169595,0.7892868706296241,0.0009435421126645638
1805,,2965,0.7987693367685378,0.8013115346886022,0.002542197920064382
1806,,3010,0.7978366124821326,0.7993654574493451,0.001528844967212506
1807,,2953,0.7788824262513967,0.781817033610727,0.0029346073593302657
1808,,2938,0.8059525257707422,0.8103040656684526,0.004351539897710421
1809,,2946,0.7768372511995274,0.778194538870058,0.0013572876705305603
1810,,2981,0.7773189342923534,0.7780235152277072,0.0007045809353537491
1811,,2951,0.7949443247742072,0.7963949931374337,0.0014506683632264927
1812,,2969,0.787437547336732,0.7888950413380941,0.0014574940013620807
1813,,2951,0.8029117177404884,0.8041729113175665,0.0012611935770781013
1814,,2943,0.7951652308087952,0.803741015500967,0.008575784692171795
1815,,2957,0.7969753042399038,0.7987919233016426,0.0018166190617388
1816,,2935,0.7666205092897074,0.7710431395922394,0.004422630302531982
1817,,3000,0.7845388469916676,0.7883635161074646,0.0038246691157969304
1818,,2991,0.794363633756139,0.7966882176321577,0.0023245838760186377
1819,,2939,0.7776375947410217,0.7806836389950051,0.003046044253983471
1820,,2961,0.8021276437147173,0.803819720521587,0.001692076806869669
1821,,2920,0.7924063971912778,0.7948201427835131,0.0024137455922352835
1822,,2962,0.7964332351042912,0.7995614715344244,0.0031282364301331578
1823,,2977,0.784965824280661,0.7866356775403428,0.0016698532596818305
1824,,3002,0.7758247605533877,0.7773374550245781,0.0015126944711904011
1825,,2949,0.7843877094623409,0.7867085678028688,0.002320858340527865
1826,,2955,0.7885916047533904,0.7889776079421125,0.00038600318872206163
1827,,2945,0.7950699156830132,0.796707737299846,0.0016378216168327908
1828,,2990,0.7817834538124825,0.780491149693541,-0.0012923041189414342
1829,,2918,0.7831393966964749,0.7849590701264315,0.001819673429956592
1830,,2990,0.7909237050267925,0.7947193161520796,0.003795611125287035
1831,,2959,0.7792975648646194,0.7814925169793422,0.002194952114722759
1832,,3021,0.7764162468440586,0.7801812702881942,0.00376502344413554
1833,,2966,0.7863446871121432,0.789319924330384,0.0029752372182407782
1834,,2955,0.7951277484847107,0.7953913277748427,0.0002635792901319878
1835,,3010,0.7927722425327897,0.7950063303630527,0.0022340878302630207
1836,,2968,0.7903326611983468,0.7907877209149552,0.00045505971660841915
1837,,2975,0.794734489181133,0.7962851751739193,0.0015506859927862937
1838,,2950,0.783279648896423,0.7829521452104733,-0.0003275036859496927
1839,,2981,0.7903061477583635,0.7924646618052402,0.002158514046876725
1840,,2974,0.785451474838456,0.7875281809831898,0.0020767061447337642
1841,,2908,0.7746793463966772,0.7757260516116457,0.001046705214968413
1842,,2956,0.790889458245861,0.7949037462671098,0.004014288021248813
1843,,2945,0.7944458948329594,0.8004580705292405,0.006012175696281097
1844,,2960,0.777353719706897,0.7773599538177072,6.234110810132698e-06
1845,,2960,0.7873668941322987,0.790339289047594,0.002972394915295329
1846,,2945,0.788523405894818,0.783673665960316,-0.004849739934501995
1847,,2975,0.795259993375965,0.797382232299814,0.002122238923848996
1848,,2951,0.7826908110181058,0.7848915246207967,0.002200713602690918
1849,,2967,0.7637017202981965,0.7665323582813913,0.002830637983194828
1850,,2949,0.7773013931851426,0.7787485312807232,0.0014471380955806135
1851,,2990,0.7909454334058088,0.7949802421141322,0.004034808708323401
1852,,2981,0.7879473822742659,0.78897696597232,0.0010295836980541706
1853,,2930,0.772379136735111,0.7753837815737302,0.003004644838619175
1854,,2924,0.7692712566173165,0.7715741424501273,0.002302885832810797
1855,,2957,0.7779140129759889,0.7786313161147487,0.0007173031387597284
1856,,2945,0.77963234478324,0.7840869640946231,0.0044546193113831345
1857,,2965,0.799696937035182,0.7994027503915092,-0.0002941866436727558
1858,,2947,0.7813915015676073,0.7839410312854379,0.002549529717830623
1859,,3012,0.7911644481710512,0.7954652647425942,0.004300816571542909
1860,,2975,0.7866814242308627,0.7858453301501318,-0.0008360940807309314
1861,,2953,0.7833001913386695,0.7834792582871682,0.00017906694849878502
1862,,2929,0.782903474657823,0.7871145786112503,0.004211103953427386
1863,,3009,0.7979345642725013,0.7985212842016864,0.000586719929185131
1864,,2988,0.7867625106481572,0.7856386185464098,-0.001123892101747348
1865,,2910,0.791565733351762,0.7933419172116459,0.001776183859883984
1866,,2931,0.7920267603198359,0.7906935144385282,-0.0013332458813076764
1867,,3007,0.7954530550889565,0.7956535665824266,0.00020051149347011243
1868,,2992,0.7936124933301897,0.7969809026269745,0.0033684092967848356
1869,,2953,0.7921903528650048,0.7956723858853998,0.003482033020394959
1870,,3000,0.8043292323578958,0.807438863478719,0.0031096311208231864
1871,,2967,0.7857745045787102,0.7882467658316779,0.0024722612529676224
1872,,2998,0.7779531556988013,0.7809296746800886,0.0029765189812872572
1873,,2939,0.8043741399772106,0.8084023651530265,0.004028225175815914
1874,,2991,0.7844705835754222,0.7871763673429476,0.0027057837675253937
1875,,2986,0.7867851480137303,0.7900870019933459,0.0033018539796155766
1876,,2975,0.7998841041526946,0.8010526606255256,0.0011685564728309839
1877,,2937,0.794129065204817,0.7978549058639,0.0037258406590829907
1878,,3007,0.7895781401145918,0.7915895434928194,0.002011403378227583
1879,,2996,0.7825313819189129,0.7833053268462301,0.0007739449273171939
1880,,2999,0.7774555763275172,0.7807897122139135,0.0033341358863963055
1881,,2957,0.8039266525324378,0.8044241211491153,0.0004974686166775433
1882,,2985,0.7851783925024518,0.7873086459967167,0.0021302534942648776
1883,,3009,0.7968775499102432,0.8001112138630498,0.0032336639528066646
1884,,2948,0.7981324226712754,0.8012441283346627,0.003111705663387365
1885,,2970,0.7932473768234276,0.7947926441376116,0.001545267314184029
1886,,2968,0.8016233679612872,0.8037856564807039,0.0021622885194166885
1887,,2919,0.7970841054843886,0.7995585907320262,0.0024744852476376034
1888,,2935,0.7808836349956538,0.7822959718867922,0.0014123368911383993
1889,,2988,0.7874914794119992,0.7884764772290631,0.0009849978170639595
1890,,3021,0.7987522268731081,0.7994426178854723,0.0006903910123642332
1891,,2937,0.7901921385156749,0.7921277691138836,0.0019356305982086708
1892,,2982,0.7895349759098311,0.7921798905902124,0.002644914680381305
1893,,2931,0.7877767871549325,0.7894880652193628,0.0017112780644302772
1894,,3011,0.7796485473011119,0.7817475174270382,0.0020989701259263027
1895,,2993,0.7955874702641003,0.7987769769638321,0.0031895066997318366
1896,,2969,0.7848611575351029,0.7854645985522518,0.0006034410171489313
1897,,2947,0.7941963361622852,0.7984294141999586,0.004233078037673366
1898,,2961,0.7893144552801165,0.7919172700867042,0.00260281480658775
1899,,2979,0.7948105930343038,0.7976827227735558,0.002872129739251994
1900,,2948,0.7754124088864088,0.7790925260698218,0.0036801171834129898
1901,,2995,0.7983270765945502,0.7996846708588128,0.0013575942642626293
1902,,2933,0.7971010952218087,0.7962846290929383,-0.00081646612887043
1903,,2952,0.7926064068890961,0.7933209252331472,0.0007145183440511182
1904,,2927,0.795064688132931,0.7951990245112223,0.00013433637829129985
1905,,2972,0.7906603691751452,0.7916082614975944,0.0009478923224492952
1906,,2994,0.7845551816974324,0.7874572851859183,0.002902103488485852
1907,,2940,0.7753723871849971,0.7767398417659699,0.00136745458097276
1908,,2940,0.8065461567315972,0.8072752391971639,0.0007290824655666883
1909,,2941,0.7884884391704031,0.7836779258591705,-0.0048105133112326115
1910,,2954,0.7784615497526678,0.7764481532040649,-0.002013396548602886
1911,,3014,0.7930544687107254,0.7943468260178795,0.0012923573071541572
1912,,2976,0.781490771918536,0.7855911445282008,0.004100372609664782
1913,,2941,0.771178599935497,0.7723316850608234,0.001153085125326414
1914,,2945,0.7904654929654595,0.792065773349186,0.0016002803837265045
1915,,2952,0.7776861014905906,0.7793016901923391,0.0016155887017484938
1916,,2949,0.8032902280349993,0.8036237882383238,0.0003335602033245344
1917,,2954,0.8037392658023386,0.8065002776618144,0.0027610118594758593
1918,,2998,0.7803410243456107,0.7832514007856871,0.002910376440076412
1919,,3015,0.7756179632244072,0.7761569929937598,0.0005390297693526058
1920,,2929,0.7892846760915954,0.7914185503618446,0.0021338742702492475
1921,,2976,0.7745446468236339,0.7798162937684262,0.005271646944792319
1922,,2940,0.779419974922499,0.7848564842598803,0.005436509337381268
1923,,2884,0.8004964827183381,0.8039490057647866,0.003452523046448497
1924,,2940,0.7898776961371458,0.7922693172163991,0.002391621079253392
1925,,3002,0.7803283870401264,0.782703778499722,0.0023753914595955328
1926,,2935,0.7892718355987715,0.7930075660055805,0.003735730406809079
1927,,2996,0.8007354054190423,0.8026691558605379,0.0019337504414955742
1928,,2947,0.7892629818049063,0.7908183103680653,0.0015553285631589864
1929,,2930,0.800103521330209,0.801953262928129,0.0018497415979199516
1930,,3017,0.773984035245092,0.7765411211663582,0.0025570859212662445
1931,,2985,0.7902787728905672,0.7928966365677402,0.0026178636771729824
1932,,2962,0.7635579681090584,0.7678660210344509,0.0043080529253924915
1933,,2953,0.791723154597728,0.796174663279988,0.004451508682259964
1934,,2930,0.7972977759538213,0.7995256084706491,0.002227832516827788
1935,,2944,0.7653946271070787,0.7670903990497612,0.0016957719426824447
1936,,2971,0.7957737909301097,0.799734293789776,0.003960502859666315
1937,,2999,0.7769608901038295,0.7823010334987891,0.0053401433949595845
1938,,2988,0.782851180627763,0.7866609354250764,0.0038097547973133805
1939,,2951,0.7869074528073862,0.7888437643596493,0.001936311552263148
1940,,2972,0.779370724507167,0.7827056390153695,0.0033349145082024467
1941,,2965,0.7953553887641371,0.7999207911655234,0.004565402401386254
1942,,2987,0.7884353468995353,0.7894580696202531,0.0010227227207177947
1943,,2947,0.7911626939346753,0.791458993966827,0.0002963000321516418
1944,,2970,0.7791533690762587,0.7817648724117245,0.0026115033354658923
1945,,2990,0.8036252250144249,0.8052259184709921,0.0016006934565672148
1946,,2942,0.7809411774078121,0.7822941381878823,0.0013529607800701893
1947,,2974,0.797198532241149,0.7979228546350345,0.0007243223938855348
1948,,2995,0.7770508389865116,0.7833153528741307,0.006264513887619061
1949,,2985,0.793306021933509,0.7963877605035731,0.0030817385700641076
1950,,2981,0.7892752287935292,0.7899944645208421,0.0007192357273129169
1951,,2980,0.7786348146217118,0.78415647010391,0.0055216554821981845
1952,,2952,0.7913065131837353,0.79402643678456,0.0027199236008246253
1953,,2956,0.7941412946374677,0.7949960161286428,0.0008547214911750478
1954,,2966,0.7693113383688887,0.7703107365145867,0.0009993981456980494
1955,,2979,0.778496517512971,0.7804856010964776,0.001989083583506579
1956,,2952,0.7682498531159185,0.769345885006231,0.0010960318903124877
1957,,2994,0.7978177540446231,0.8006595643438723,0.0028418102992492367
1958,,2949,0.7992226520451218,0.8022319943637035,0.0030093423185817425
1959,,2959,0.7789782886682455,0.77834640897596,-0.0006318796922855086
1960,,2999,0.7967772986392293,0.800222451038836,0.0034451523996067435
1961,,2954,0.7851265307783066,0.7889789047560926,0.003852373977785928
1962,,2933,0.7858539778145335,0.7873584551758874,0.0015044773613539508
1963,,2918,0.779998975108625,0.7814486569877364,0.0014496818791113197
1964,,2918,0.7807212446387705,0.7835492113842629,0.0028279667454924606
1965,,2991,0.7997860627415777,0.801427112306458,0.0016410495648803147
1966,,2956,0.795075219484281,0.7982877967241752,0.00321257723989421
1967,,2964,0.766156531010481,0.7688019272163994,0.0026453962059184155
1968,,2963,0.7671818169184725,0.7696756612667062,0.0024938443482336314
1969,,2963,0.7987036528556842,0.8015243311735472,0.0028206783178629236
1970,,2952,0.7873951953202601,0.7876572818159842,0.0002620864957240121
1971,,2958,0.7811836013374812,0.7835471087825298,0.0023635074450485405
1972,,2955,0.7778061221420157,0.7808348244207021,0.003028702278686346
1973,,2951,0.7925533961135349,0.7937379866206272,0.001184590507092298
1974,,2969,0.7899439340131491,0.7909105889588542,0.0009666549457051365
1975,,2925,0.7840232485493321,0.7808615972965042,-0.0031616512528279683
1976,,2989,0.7971216130491593,0.7983979194941278,0.0012763064449684558
1977,,2994,0.779892722767951,0.7815708485577093,0.0016781257897583446
1978,,2970,0.7721122443821714,0.7722281330944876,0.00011588871231615894
1979,,2945,0.7862387325464936,0.788263928438169,0.00202519589167538
1980,,2937,0.7905989296345955,0.7913290098177564,0.0007300801831608972
1981,,2911,0.7768103550284565,0.7806847113699953,0.003874356341538765
1982,,2952,0.7860709525924986,0.787266611664657,0.0011956590721583504
1983,,2944,0.7926711259949113,0.7942253733369367,0.001554247342025361
1984,,2992,0.7915245509716178,0.792732176791516,0.0012076258198981948
1985,,2986,0.7784213381436965,0.7826683136931956,0.0042469755494990435
1986,,2917,0.7979001187122019,0.7954023222756059,-0.002497796436595978
1987,,2948,0.7789816459443457,0.7799425202289323,0.000960874284586577
1988,,2943,0.7814633116158036,0.7830496460787074,0.0015863344629037934
1989,,2955,0.7868504002322592,0.7885677180540003,0.0017173178217411156
1990,,2952,0.7979142329812221,0.8015955843709447,0.003681351389722587
1991,,2997,0.7852839671160429,0.7896225263873734,0.004338559271330533
1992,,2932,0.7877555980919394,0.7905423388934464,0.0027867408015069817
1993,,2970,0.7938878171314394,0.7957155140901777,0.0018276969587383007
1994,,3003,0.7819287965426787,0.7818710015286191,-5.779501405955845e-05
1995,,2984,0.7900347023420721,0.7935492888842297,0.0035145865421576383
1996,,2951,0.7927255130035676,0.7949119926201587,0.0021864796165910194
1997,,2964,0.7713222938122625,0.7753050206456578,0.003982726833395289
1998,,2991,0.7988555020878501,0.7974375065501798,-0.0014179955376703024
1999,,2962,0.7967006659962804,0.7994749325203362,0.0027742665240557685
