draw,horizon,n_oob,c_base,c_thy,delta
0,7.0,2996,0.7996521210036904,0.803839896297668,0.004187775293977625
0,10.0,2996,0.79723666045271,0.8009107497338197,0.0036740892811096826
1,7.0,2984,0.7731971025180497,0.7727781544345721,-0.0004189480834776438
1,10.0,2984,0.7703094381235517,0.7694575457053943,-0.0008518924181574183
2,7.0,2950,0.798185947002949,0.7985079138127704,0.000321966809821439
2,10.0,2950,0.795107117281986,0.7943164186823679,-0.0007906985996181115
3,7.0,2968,0.7926312178203757,0.793861447704509,0.0012302298841332382
3,10.0,2968,0.7882892841079746,0.7884265011930264,0.00013721708505176622
4,7.0,2982,0.8052946584463102,0.8013019391315637,-0.00399271931474654
4,10.0,2982,0.8032884225887207,0.7989105684920306,-0.004377854096690115
5,7.0,3024,0.7635349523392323,0.7629597476555748,-0.0005752046836574598
5,10.0,3024,0.7602796001288618,0.7587449959917988,-0.001534604137062967
6,7.0,2975,0.7964495235748891,0.797092036064688,0.0006425124897989631
6,10.0,2975,0.7924354778355759,0.7919848635771921,-0.00045061425838377467
7,7.0,2987,0.7772286313754643,0.7794033567619171,0.0021747253864528027
7,10.0,2987,0.7757146810329999,0.7773475966224824,0.001632915589482531
8,7.0,2960,0.7781472568330134,0.7768300321494556,-0.0013172246835578827
8,10.0,2960,0.7729628917464155,0.7708773425450692,-0.002085549201346293
9,7.0,2933,0.7779868940117621,0.781788000745985,0.0038011067342228477
9,10.0,2933,0.7743484066891264,0.7768524230120049,0.002504016322878444
10,7.0,2990,0.7937188863794715,0.7962311075222238,0.002512221142752291
10,10.0,2990,0.791999390289573,0.7935486329477528,0.0015492426581797947
11,7.0,2928,0.8029444324199132,0.8035096619789376,0.0005652295590243828
11,10.0,2928,0.8000806047959853,0.8005031299362312,0.0004225251402458774
12,7.0,3002,0.7970876955135447,0.7988664607968667,0.0017787652833219925
12,10.0,3002,0.7939835523124845,0.7959332272269467,0.001949674914462185
13,7.0,2986,0.785424103405552,0.7867488196095502,0.0013247162039982108
13,10.0,2986,0.7844074459969157,0.7847317095855082,0.0003242635885924994
14,7.0,2974,0.7962860441727657,0.7967773941127344,0.0004913499399686883
14,10.0,2974,0.7912729019225607,0.7907643627014733,-0.0005085392210874007
15,7.0,2953,0.7874827343914892,0.7905671668906409,0.0030844324991516903
15,10.0,2953,0.7851612007372062,0.7880696306395011,0.0029084299022948956
16,7.0,2960,0.7912922721899719,0.7941158728712296,0.002823600681257754
16,10.0,2960,0.7898936267688658,0.7922698290722548,0.0023762023033890856
17,7.0,2998,0.7837910473965332,0.7851267126293968,0.0013356652328636587
17,10.0,2998,0.778967004488291,0.7791710746233154,0.0002040701350243257
18,7.0,2973,0.7899723626485863,0.7936701942731296,0.0036978316245432907
18,10.0,2973,0.7858480330168958,0.7887432956874373,0.0028952626705415208
19,7.0,2944,0.8097186762111368,0.8103383027828562,0.0006196265717194338
19,10.0,2944,0.8057465079848843,0.8058593862682314,0.00011287828334705097
20,7.0,2983,0.7808707881565425,0.784241484681182,0.003370696524639505
20,10.0,2983,0.7784576117244768,0.7812840113519118,0.002826399627435028
21,7.0,2977,0.7964901614586803,0.7972549803451262,0.0007648188864458616
21,10.0,2977,0.795746478059136,0.7960597876063413,0.00031330954720532045
22,7.0,2937,0.7816659409083769,0.7838725866408544,0.002206645732477419
22,10.0,2937,0.7819189818271889,0.7839381830588652,0.0020192012316763153
23,7.0,2921,0.8122799391742382,0.8148035612048677,0.002523622030629502
23,10.0,2921,0.8087221130536006,0.8107825966231298,0.002060483569529148
24,7.0,2966,0.7917890715805358,0.7912371449351214,-0.000551926645414369
24,10.0,2966,0.7872971447508778,0.7867003593657763,-0.0005967853851014393
25,7.0,3018,0.801604469555445,0.8049571725716708,0.003352703016225811
25,10.0,3018,0.7977572220571723,0.8006198607201663,0.002862638662994077
26,7.0,2957,0.7778583272921198,0.7771847666980533,-0.0006735605940665357
26,10.0,2957,0.7768612382463641,0.7752357284303568,-0.0016255098160072867
27,7.0,2981,0.7714466886434678,0.7710009199906239,-0.0004457686528438476
27,10.0,2981,0.7699984027040674,0.7688055833221694,-0.0011928193818979693
28,7.0,2953,0.7951353891801904,0.7958035582835982,0.0006681691034077231
28,10.0,2953,0.7928066012697199,0.7927521922840096,-5.440898571029695e-05
29,7.0,2985,0.7830369947893883,0.7854609536360767,0.0024239588466884454
29,10.0,2985,0.7820398465445677,0.7838015190987572,0.001761672554189464
30,7.0,3008,0.8030463835949906,0.805011835702713,0.0019654521077223652
30,10.0,3008,0.799499845731638,0.8011562007762134,0.0016563550445753972
31,7.0,2913,0.7908231035429965,0.79156689825064,0.0007437947076435192
31,10.0,2913,0.7893754575299493,0.7895534270402128,0.00017796951026349817
32,7.0,3007,0.8025847045750042,0.8021459238137382,-0.00043878076126602217
32,10.0,3007,0.7966984616977323,0.7952161575853972,-0.0014823041123350755
33,7.0,2943,0.7750307473616439,0.779554448540962,0.004523701179318107
33,10.0,2943,0.7728137933055474,0.776486165002311,0.003672371696763599
34,7.0,2965,0.7873388539114433,0.7888701940472868,0.0015313401358434398
34,10.0,2965,0.7834102288918311,0.7843777237685339,0.0009674948767027791
35,7.0,2971,0.8052197196666041,0.8091898849223519,0.003970165255747782
35,10.0,2971,0.8027391073567601,0.8058745585905005,0.0031354512337403717
36,7.0,2971,0.7760175230359532,0.7790080049854569,0.002990481949503687
36,10.0,2971,0.7710816059352489,0.7736650734868217,0.0025834675515727934
37,7.0,2990,0.8021033348487685,0.8042467841574626,0.0021434493086941453
37,10.0,2990,0.8005780092053318,0.8023699636697917,0.0017919544644598995
38,7.0,2939,0.7951199103153446,0.7955852299242079,0.0004653196088633127
38,10.0,2939,0.7880812154822742,0.786941764506675,-0.0011394509755991988
39,7.0,2980,0.7999192862521194,0.8048447208333559,0.00492543458123651
39,10.0,2980,0.7961441927469788,0.8001980347096661,0.004053841962687321
40,7.0,3008,0.7716954510067707,0.7717966171644801,0.00010116615770938697
40,10.0,3008,0.7689386735638305,0.7687541997895351,-0.0001844737742954239
41,7.0,2993,0.791974203704409,0.7923169694430692,0.0003427657386602112
41,10.0,2993,0.7886642771804062,0.7891565113500597,0.0004922341696534938
42,7.0,2933,0.7829297934000187,0.7856507488647341,0.002720955464715402
42,10.0,2933,0.780281693860278,0.7827085866848353,0.002426892824557325
43,7.0,3007,0.7752083025226959,0.7744783448141118,-0.0007299577085840836
43,10.0,3007,0.775879557328823,0.7743801202662668,-0.0014994370625561748
44,7.0,2948,0.7758842096419956,0.7788072387642735,0.0029230291222779314
44,10.0,2948,0.77313145453305,0.7755395465307556,0.0024080919977056414
45,7.0,2967,0.7965723700344551,0.7987334380220605,0.002161067987605403
45,10.0,2967,0.7920795350710979,0.7934469730185176,0.0013674379474197806
46,7.0,2940,0.7813238322828231,0.784039642438627,0.0027158101558039105
46,10.0,2940,0.780602399318799,0.782480488529926,0.0018780892111269765
47,7.0,2919,0.793727484397639,0.7964927809129707,0.00276529651533175
47,10.0,2919,0.792968847741774,0.7950180091790844,0.002049161437310376
48,7.0,2964,0.7747100388312432,0.7751607358838882,0.0004506970526449994
48,10.0,2964,0.7726748409111202,0.7726229575449274,-5.188336619277312e-05
49,7.0,2979,0.7783717661052688,0.7819760211943446,0.003604255089075803
49,10.0,2979,0.7732215914902322,0.7762586938733763,0.0030371023831441413
50,7.0,2981,0.7934117006406601,0.7941530494371815,0.0007413487965213239
50,10.0,2981,0.7868329060231639,0.7866966929502733,-0.0001362130728905786
51,7.0,2952,0.7794714703978463,0.78192263002657,0.002451159628723776
51,10.0,2952,0.778417532725411,0.7804260361936639,0.0020085034682528757
52,7.0,2969,0.7960743270434627,0.7964781568592381,0.00040382981577535837
52,10.0,2969,0.7927185962619334,0.792919517998635,0.00020092173670160918
53,7.0,2990,0.8025295814988904,0.8087145784148996,0.006184996916009156
53,10.0,2990,0.7984223276673273,0.8037226126360609,0.005300284968733582
54,7.0,2959,0.7914820455695083,0.7949537975050929,0.003471751935584577
54,10.0,2959,0.7885355834610929,0.7916291190250486,0.0030935355639557516
55,7.0,2983,0.7726012784561551,0.7730753793480574,0.0004741008919022516
55,10.0,2983,0.7685335537775678,0.7684616697880577,-7.188398951007979e-05
56,7.0,2946,0.7993129894651303,0.79892659583226,-0.0003863936328702966
56,10.0,2946,0.7951802833662288,0.7938405646694165,-0.0013397186968122643
57,7.0,3016,0.7985123696852838,0.7981947122454982,-0.00031765743978562355
57,10.0,3016,0.795839706635802,0.7944974364127394,-0.0013422702230625472
58,7.0,2965,0.7664443051758523,0.7667433852327863,0.0002990800569340202
58,10.0,2965,0.7637478034070236,0.7623360532623031,-0.0014117501447205028
59,7.0,2969,0.7817347793198578,0.7816956767376041,-3.910258225370278e-05
59,10.0,2969,0.7780115674833702,0.777430639786525,-0.000580927696845146
60,7.0,2968,0.7860320431719541,0.7879549243340644,0.001922881162110368
60,10.0,2968,0.7818540891903262,0.7832603666932567,0.0014062775029305419
61,7.0,2968,0.7865627538152439,0.791991728294789,0.005428974479545157
61,10.0,2968,0.7835588639272776,0.7884388666566422,0.004880002729364619
62,7.0,2983,0.810078841254238,0.8102955042429836,0.000216662988745564
62,10.0,2983,0.802259177512241,0.8012900525154121,-0.0009691249968288851
63,7.0,2970,0.7950332003409571,0.79817057883917,0.0031373784982128283
63,10.0,2970,0.7918189520824714,0.7945101906205843,0.0026912385381128168
64,7.0,2957,0.7838886658637763,0.7814951695519678,-0.0023934963118084074
64,10.0,2957,0.7806107435801775,0.7787164558691392,-0.0018942877110382783
65,7.0,3011,0.7867162851334275,0.7866348047007531,-8.148043267441896e-05
65,10.0,3011,0.7833694168439097,0.7825402368178788,-0.0008291800260309401
66,7.0,3011,0.7940135301470378,0.7961195222056076,0.002105992058569761
66,10.0,3011,0.7894435837851794,0.7912477407694294,0.0018041569842499605
67,7.0,2994,0.7870564030207147,0.7881683868759679,0.0011119838552532402
67,10.0,2994,0.7849859043393651,0.7855735878421336,0.000587683502768499
68,7.0,2962,0.7961429063067144,0.7983901568074924,0.0022472505007780086
68,10.0,2962,0.7956982709901356,0.7965895131883118,0.0008912421981762675
69,7.0,2976,0.789861091221538,0.7928039524559645,0.0029428612344264415
69,10.0,2976,0.7848622607973605,0.7876069725135761,0.0027447117162155976
70,7.0,2947,0.784394198313726,0.78454531331648,0.0001511150027539987
70,10.0,2947,0.7819049788887867,0.7813747003859841,-0.000530278502802628
71,7.0,2962,0.7929220075800824,0.7913514100568367,-0.0015705975232456204
71,10.0,2962,0.7910796348592687,0.7889147379719267,-0.002164896887342005
72,7.0,2969,0.8021182645495413,0.8044834416245534,0.0023651770750121592
72,10.0,2969,0.7969284560580285,0.798602768662673,0.0016743126046444567
73,7.0,2936,0.7874840907755869,0.7892345949756222,0.0017505042000353077
73,10.0,2936,0.7847170871661392,0.7864523253177161,0.0017352381515769455
74,7.0,2936,0.794655513116826,0.7990762011828535,0.004420688066027467
74,10.0,2936,0.7917094281705542,0.7955477534566007,0.00383832528604644
75,7.0,3016,0.7870143653695801,0.7910175545254199,0.004003189155839748
75,10.0,3016,0.7859692040431502,0.78953560698166,0.0035664029385098495
76,7.0,2924,0.7906069093790583,0.7925177742070393,0.0019108648279809737
76,10.0,2924,0.7880774349478202,0.7895241964678704,0.0014467615200501882
77,7.0,2934,0.7770824467744437,0.7776190076328273,0.0005365608583836057
77,10.0,2934,0.7716555561324956,0.7711269902767848,-0.0005285658557108164
78,7.0,3004,0.7908855724485119,0.7901527099081461,-0.0007328625403657529
78,10.0,3004,0.7895136843108481,0.787937474569872,-0.0015762097409761644
79,7.0,3028,0.7761151554767947,0.7793897246876421,0.0032745692108474556
79,10.0,3028,0.7727621429375774,0.7756242727375099,0.0028621297999325
80,7.0,3043,0.7818408870324354,0.7822474096884512,0.0004065226560158175
80,10.0,3043,0.7758201868055581,0.7762204673604066,0.0004002805548485311
81,7.0,2969,0.7898006919740753,0.7925711681290615,0.0027704761549861567
81,10.0,2969,0.7835878787878788,0.7862383838383838,0.0026505050505050143
82,7.0,2951,0.7971016717367643,0.7979863805084982,0.0008847087717339663
82,10.0,2951,0.7939178199814837,0.7940916567566535,0.0001738367751698
83,7.0,2976,0.785017783727926,0.7866812554022058,0.0016634716742798261
83,10.0,2976,0.7808353657172264,0.7823316850513503,0.0014963193341238634
84,7.0,2983,0.781590722238301,0.78324142823847,0.0016507060001690332
84,10.0,2983,0.7773489206108755,0.7784039899042452,0.001055069293369737
85,7.0,3016,0.7953988414976864,0.7980756645219574,0.00267682302427108
85,10.0,3016,0.7949507055771853,0.7978227271161163,0.002872021538931069
86,7.0,2969,0.8063708304116999,0.8073427529502858,0.000971922538585912
86,10.0,2969,0.7996772143855636,0.8003520142330665,0.0006747998475028494
87,7.0,2973,0.769538061912732,0.768277041470714,-0.0012610204420180349
87,10.0,2973,0.7683043124615938,0.7666138009990081,-0.0016905114625856976
88,7.0,2974,0.7859032341809338,0.7861341495074262,0.0002309153264924424
88,10.0,2974,0.7851627797969962,0.7848934547540402,-0.00026932504295607007
89,7.0,2940,0.8074340240006167,0.8096731964561544,0.00223917245553773
89,10.0,2940,0.8040417235978272,0.8056366847735529,0.001594961175725662
90,7.0,2992,0.7988373176908625,0.7980994818081443,-0.0007378358827182518
90,10.0,2992,0.7944107964112488,0.7928476288607976,-0.001563167550451161
91,7.0,2974,0.7859003290363464,0.7866864096940634,0.0007860806577170143
91,10.0,2974,0.7812173260455362,0.7814948079909942,0.00027748194545806903
92,7.0,2981,0.77617226730876,0.7781883737032855,0.002016106394525541
92,10.0,2981,0.7755614717077368,0.776251468776143,0.0006899970684062229
93,7.0,3010,0.7894838917384148,0.7925695253438286,0.0030856336054138067
93,10.0,3010,0.7867048803014088,0.7893326785216894,0.002627798220280586
94,7.0,2965,0.7880272597926291,0.788947902074395,0.0009206422817659154
94,10.0,2965,0.7861473187577647,0.7870257278293347,0.0008784090715699966
95,7.0,2971,0.7842875976555586,0.7882355939907757,0.003947996335217141
95,10.0,2971,0.7834390158883056,0.7869766983936074,0.0035376825053018424
96,7.0,2951,0.7775553347624885,0.7821181914887873,0.004562856726298747
96,10.0,2951,0.7765894611431399,0.7804324889189544,0.003843027775814578
97,7.0,2963,0.7736285242414636,0.7750570116682176,0.0014284874267540548
97,10.0,2963,0.7704396745297825,0.7713149189946157,0.0008752444648332247
98,7.0,2975,0.7967375680947563,0.7981243941777239,0.001386826082967585
98,10.0,2975,0.7928273116323081,0.793690520681155,0.0008632090488468469
99,7.0,2942,0.7995755449241405,0.7947618319377197,-0.004813712986420859
99,10.0,2942,0.7978284953381116,0.7933499017485788,-0.004478593589532842
100,7.0,2967,0.7998822556639656,0.8005781379196296,0.000695882255663971
100,10.0,2967,0.7978095229763894,0.7977495372979702,-5.9985678419249844e-05
101,7.0,2927,0.7897645674530689,0.7929142870355383,0.003149719582469457
101,10.0,2927,0.787016915058092,0.7895054522299754,0.0024885371718833538
102,7.0,2953,0.7938134374798824,0.7938576961867772,4.425870689472866e-05
102,10.0,2953,0.7920276087392162,0.7913541320521633,-0.0006734766870528652
103,7.0,2989,0.775456468370523,0.7773196045767393,0.0018631362062163648
103,10.0,2989,0.7724212364421298,0.7743150745953321,0.0018938381532023207
104,7.0,2957,0.76349012872848,0.7650300679661318,0.0015399392376518328
104,10.0,2957,0.7624330513863923,0.7632503421715918,0.0008172907851995426
105,7.0,2970,0.793798805467332,0.7962949831369607,0.0024961776696287297
105,10.0,2970,0.7904216786131512,0.7920830324697815,0.0016613538566303543
106,7.0,2940,0.7898133044325472,0.7931062200903889,0.003292915657841733
106,10.0,2940,0.7874051500798497,0.7897532896657209,0.0023481395858712117
107,7.0,2966,0.7978555976353737,0.8003032249453611,0.002447627309987377
107,10.0,2966,0.7931777407048716,0.7954462356220539,0.0022684949171822844
108,7.0,2978,0.7873081625769458,0.7888418079096046,0.0015336453326587618
108,10.0,2978,0.7820654112495541,0.7834245581235163,0.0013591468739622137
109,7.0,2946,0.7926512740947221,0.7921818707760275,-0.0004694033186946056
109,10.0,2946,0.7864765078702372,0.7848880083105949,-0.0015884995596422424
110,7.0,2953,0.796896778960401,0.7988976975457796,0.0020009185853785416
110,10.0,2953,0.7948870675092286,0.796607645623475,0.0017205781142464183
111,7.0,2949,0.7767799747031929,0.7809396472608778,0.004159672557684901
111,10.0,2949,0.7793947222446477,0.7819872444262727,0.002592522181624979
112,7.0,2973,0.803091526202326,0.8047892067462828,0.0016976805439568032
112,10.0,2973,0.8000957469443722,0.8009604245963261,0.0008646776519538601
113,7.0,2985,0.7965787690108679,0.7970811543522921,0.0005023853414242163
113,10.0,2985,0.7924007654947735,0.7922696020626386,-0.00013116343213481763
114,7.0,2951,0.7807558161507853,0.7818491283197546,0.0010933121689693515
114,10.0,2951,0.7776423485387043,0.7779499359937309,0.00030758745502657003
115,7.0,2994,0.79653273098364,0.7943969178692093,-0.0021358131144306736
115,10.0,2994,0.7934879083003458,0.7905662945001162,-0.0029216138002295944
116,7.0,2981,0.7928385130042092,0.7909027235796762,-0.0019357894245329854
116,10.0,2981,0.7861253934875746,0.7835685169355023,-0.0025568765520722625
117,7.0,2971,0.7924878702380281,0.7901520226816575,-0.0023358475563706182
117,10.0,2971,0.7889775799836992,0.7851236141118025,-0.0038539658718966807
118,7.0,2919,0.791948527430726,0.7931281556876286,0.001179628256902654
118,10.0,2919,0.7890906244033893,0.7894532264023701,0.00036260199898086043
119,7.0,3022,0.7898299723210755,0.7936219849742981,0.0037920126532225984
119,10.0,3022,0.7857434107312901,0.7889444987282668,0.0032010879969767148
120,7.0,2963,0.8102551621157603,0.8121851586293999,0.0019299965136395647
120,10.0,2963,0.8032233767546557,0.8045522738563534,0.0013288971016977014
121,7.0,2989,0.7761422948842805,0.7763270681757874,0.00018477329150690114
121,10.0,2989,0.7739590157490632,0.773241005214748,-0.0007180105343151943
122,7.0,2920,0.7893299617813803,0.7936512060226079,0.004321244241227595
122,10.0,2920,0.7840104157550413,0.7878691998745154,0.0038587841194741568
123,7.0,2980,0.7866920396646514,0.7895765636273133,0.0028845239626619223
123,10.0,2980,0.7857045559327717,0.7877949620688209,0.002090406136049272
124,7.0,2943,0.7835706019632044,0.7827500804028664,-0.0008205215603379612
124,10.0,2943,0.7829602989112128,0.7811387439303094,-0.001821554980903417
125,7.0,2990,0.7698346274545923,0.7746293500561298,0.00479472260153746
125,10.0,2990,0.76658548120721,0.7714426984933901,0.004857217286180049
126,7.0,2953,0.7882724472688993,0.7837875420744148,-0.004484905194484523
126,10.0,2953,0.7881422785358722,0.7829215113624881,-0.005220767173384044
127,7.0,3006,0.7836240749376797,0.7838371136886491,0.000213038750969341
127,10.0,3006,0.7812133215962441,0.7807939651799687,-0.0004193564162754404
128,7.0,2982,0.7875197992827908,0.7872004764499411,-0.0003193228328497444
128,10.0,2982,0.7794650984698522,0.7787330164188665,-0.0007320820509857384
129,7.0,2963,0.7961475873779539,0.7941747123684296,-0.0019728750095242553
129,10.0,2963,0.7914052314211213,0.7885583034550195,-0.0028469279661017532
130,7.0,2942,0.7842668173665752,0.7853718253806878,0.0011050080141126184
130,10.0,2942,0.7817086134042699,0.7820391455875275,0.0003305321832576258
131,7.0,2939,0.7686115753353225,0.7717899213744089,0.0031783460390863993
131,10.0,2939,0.7667366127997841,0.7692679303150204,0.0025313175152362755
132,7.0,2948,0.7859217279135345,0.7861980405074263,0.00027631259389171436
132,10.0,2948,0.7814607003869678,0.7812396151744101,-0.00022108521255770341
133,7.0,3015,0.8057172702323858,0.8088040215038749,0.003086751271489052
133,10.0,3015,0.8021907142428356,0.8042068303997364,0.0020161161569007824
134,7.0,3017,0.7669981387928743,0.7642555171496942,-0.0027426216431800654
134,10.0,3017,0.7633272421936631,0.7595120232073675,-0.0038152189862955543
135,7.0,2967,0.8079693471940966,0.8121791921958786,0.004209845001782009
135,10.0,2967,0.804994162431949,0.8078534058520649,0.002859243420115898
136,7.0,2965,0.7910820591240001,0.7938131978413698,0.002731138717369741
136,10.0,2965,0.7866279263522595,0.7887064742323012,0.0020785478800416923
137,7.0,2977,0.7887035100228762,0.7887227121612262,1.920213835004958e-05
137,10.0,2977,0.7865008997696735,0.7859095704101708,-0.0005913293595026792
138,7.0,2942,0.7895513186251578,0.7934005197165085,0.0038492010913506736
138,10.0,2942,0.7830921740804246,0.7864949129876478,0.0034027389072232017
139,7.0,2950,0.7899609380137572,0.7900516880828061,9.075006904890603e-05
139,10.0,2950,0.7859264984647247,0.7854373511865866,-0.0004891472781380912
140,7.0,2944,0.7935349264271794,0.7928667771451273,-0.0006681492820520551
140,10.0,2944,0.7906493723915042,0.7888588211135947,-0.0017905512779095023
141,7.0,2955,0.7747008589138499,0.7736657260101788,-0.0010351329036710766
141,10.0,2955,0.7671403869330058,0.7650281495799396,-0.002112237353066204
142,7.0,2962,0.7941839033381118,0.796340166344064,0.002156263005952175
142,10.0,2962,0.7930763880882337,0.7945231462713434,0.0014467581831096865
143,7.0,2976,0.7920984746523104,0.7943093876177658,0.0022109129654553916
143,10.0,2976,0.7896033541475183,0.7916259556660495,0.0020226015185312862
144,7.0,2970,0.7933540105605923,0.7945344739891668,0.0011804634285744742
144,10.0,2970,0.789972626778796,0.7902982630671602,0.0003256362883642394
145,7.0,2961,0.7597537903436825,0.7628882644904356,0.0031344741467530524
145,10.0,2961,0.7594301773377892,0.7622077803697223,0.0027776030319330847
146,7.0,2963,0.7755350879939876,0.776896620112315,0.0013615321183273466
146,10.0,2963,0.7715603355174057,0.7724644766083111,0.0009041410909054193
147,7.0,2969,0.7877351826527547,0.790551133581415,0.0028159509286603823
147,10.0,2969,0.7858582682399017,0.7876439437224623,0.0017856754825605892
148,7.0,2992,0.7996677731955446,0.8045211268360961,0.004853353640551505
148,10.0,2992,0.7957590382082018,0.8007513683568886,0.00499233014868683
149,7.0,2960,0.802113349941582,0.8029401479561824,0.0008267980146003939
149,10.0,2960,0.7987767908962773,0.7995437256446397,0.0007669347483624245
150,7.0,2972,0.7854730703654589,0.7864175363166377,0.0009444659511788078
150,10.0,2972,0.7830382804040572,0.7836765254511586,0.0006382450471014156
151,7.0,2936,0.787674021843897,0.7887899264482277,0.001115904604330642
151,10.0,2936,0.7854147653440513,0.7858366323169442,0.00042186697289292585
152,7.0,2961,0.7963255511472971,0.7973858478434179,0.0010602966961208438
152,10.0,2961,0.7928830612427268,0.7938257604839105,0.0009426992411837309
153,7.0,2990,0.7733166247058724,0.7748394183581077,0.001522793652235288
153,10.0,2990,0.771464418720623,0.7719087205169286,0.00044430179630561284
154,7.0,3026,0.7874543134458488,0.7872545340115826,-0.0001997794342661896
154,10.0,3026,0.7845501201003817,0.7841572837671907,-0.0003928363331909823
155,7.0,2992,0.8016391732291264,0.8010356426412188,-0.0006035305879075192
155,10.0,2992,0.798786782073168,0.797400854301375,-0.0013859277717930274
156,7.0,2988,0.7813031673747161,0.7845224996688978,0.003219332294181698
156,10.0,2988,0.7785624357147916,0.7813552792183399,0.002792843503548359
157,7.0,3018,0.7992086385070734,0.7972314889134142,-0.0019771495936591332
157,10.0,3018,0.7946843350506984,0.7922266448415728,-0.0024576902091255626
158,7.0,2973,0.7727342525485466,0.7757749393730209,0.003040686824474337
158,10.0,2973,0.7689756054121727,0.7717099783659764,0.002734372953803743
159,7.0,2935,0.7639750003810073,0.767369428807752,0.0033944284267447555
159,10.0,2935,0.7664676636265225,0.7694287251489281,0.002961061522405606
160,7.0,2985,0.7727997264585942,0.7729644044189005,0.0001646779603062809
160,10.0,2985,0.7689463225908332,0.7676531072459538,-0.0012932153448793615
161,7.0,2995,0.7937352095148721,0.7959537822840589,0.0022185727691867996
161,10.0,2995,0.7835182657122236,0.786444370276031,0.0029261045638073746
162,7.0,2973,0.7752921201045768,0.7768145293276189,0.0015224092230420316
162,10.0,2973,0.7726616954567515,0.7736270217304201,0.0009653262736686319
163,7.0,2954,0.7864583052819234,0.7888200095868498,0.0023617043049264375
163,10.0,2954,0.7864566259629568,0.7879689292738895,0.0015123033109326611
164,7.0,2940,0.7825595060835532,0.7861476856972688,0.003588179613715603
164,10.0,2940,0.7827654487509412,0.7857090338398193,0.0029435850888780424
165,7.0,2997,0.7826653902226894,0.7837929157359262,0.0011275255132368045
165,10.0,2997,0.7816291243957891,0.7825485756863644,0.0009194512905752461
166,7.0,2921,0.7881376978151172,0.7887638371509339,0.0006261393358166778
166,10.0,2921,0.7856603848153669,0.7856974361697792,3.705135441223195e-05
167,7.0,2959,0.7842461490920484,0.7832504281171002,-0.0009957209749481555
167,10.0,2959,0.7778836528965161,0.776221131396665,-0.0016625214998510218
168,7.0,2943,0.7754204253629204,0.7753977699031546,-2.2655459765874575e-05
168,10.0,2943,0.7746338021376665,0.7732149519900706,-0.001418850147595907
169,7.0,2967,0.7855394692504596,0.7882987402235793,0.0027592709731196763
169,10.0,2967,0.7802882032256773,0.7820989692031662,0.0018107659774889706
170,7.0,2913,0.7971959415236276,0.7996802682627259,0.0024843267390982637
170,10.0,2913,0.7935350428257008,0.7960846967728249,0.002549653947124142
171,7.0,3001,0.7778288415897228,0.7791900440840926,0.0013612024943698842
171,10.0,3001,0.7740083394752498,0.7748316311450351,0.000823291669785231
172,7.0,2980,0.7817586143755376,0.7813923955584771,-0.0003662188170605596
172,10.0,2980,0.7774506267528548,0.7762873614722046,-0.0011632652806502497
173,7.0,2975,0.7940690197062747,0.795002087124488,0.000933067418213307
173,10.0,2975,0.7908247009045812,0.7909250072950103,0.0001003063904290169
174,7.0,2958,0.7878326446759811,0.7852820450601388,-0.002550599615842364
174,10.0,2958,0.7880848815254445,0.7841372332953133,-0.003947648230131273
175,7.0,2985,0.7982063361771049,0.8010993841736918,0.0028930479965868505
175,10.0,2985,0.795921019720548,0.7983474661474553,0.0024264464269073693
176,7.0,2954,0.8130251256281407,0.8134793969849247,0.0004542713567839973
176,10.0,2954,0.8058704258231608,0.8054571390284254,-0.0004132867947354013
177,7.0,2956,0.7824891142220766,0.7853852996849646,0.0028961854628880568
177,10.0,2956,0.7791267131884131,0.7814197499874491,0.00229303679903603
178,7.0,2932,0.7777800908698209,0.7790395694873089,0.0012594786174879857
178,10.0,2932,0.7743389881369404,0.7751623467207637,0.0008233585838233193
179,7.0,2960,0.7842173609282923,0.7837313440392054,-0.0004860168890868932
179,10.0,2960,0.7778779241886343,0.7771983402330481,-0.0006795839555862049
180,7.0,2915,0.7841726713266859,0.7886797809668269,0.004507109640141005
180,10.0,2915,0.7829082618725796,0.7870568017588825,0.004148539886302927
181,7.0,2984,0.7745909622126996,0.7792318638272085,0.004640901614508919
181,10.0,2984,0.7716422542363752,0.7751598499090786,0.0035175956727033775
182,7.0,2911,0.7727975438305982,0.7783550071461826,0.005557463315584377
182,10.0,2911,0.7656667145849592,0.7703855967881054,0.004718882203146202
183,7.0,2967,0.7901765696765515,0.7929881115406522,0.0028115418641007084
183,10.0,2967,0.7879589273672919,0.7903825744696197,0.002423647102327786
184,7.0,3034,0.7912381676005952,0.7941064361921043,0.0028682685915091266
184,10.0,3034,0.7893231511312152,0.7918253115949103,0.0025021604636951134
185,7.0,2952,0.778895524208752,0.7818148801206556,0.0029193559119036205
185,10.0,2952,0.7755956934188821,0.7782404733284418,0.0026447799095596913
186,7.0,2957,0.7951702814074285,0.7941512767611029,-0.0010190046463256497
186,10.0,2957,0.7909902138436897,0.7890650683400354,-0.001925145503654302
187,7.0,3016,0.7994751386912495,0.799650436181402,0.00017529749015243734
187,10.0,3016,0.7932507511694963,0.7927899853767488,-0.0004607657927474529
188,7.0,2934,0.7903717302870404,0.789197944128316,-0.0011737861587244325
188,10.0,2934,0.7877284133522326,0.7860405447317225,-0.00168786862051018
189,7.0,3014,0.7706152253338716,0.771411143103468,0.0007959177695964215
189,10.0,3014,0.7690557299614147,0.7689816209701718,-7.410899124293824e-05
190,7.0,2978,0.7715943200041641,0.773113711454427,0.001519391450262919
190,10.0,2978,0.7647645596711481,0.7655437214546382,0.0007791617834901343
191,7.0,2936,0.7974439494831025,0.7970670592493218,-0.0003768902337807356
191,10.0,2936,0.7985799454203758,0.7974427619828438,-0.0011371834375319967
192,7.0,2998,0.782974533759719,0.783325236854479,0.0003507030947599299
192,10.0,2998,0.7812791473987021,0.7806556998812013,-0.0006234475175007637
193,7.0,3010,0.7866230354403231,0.7889846119112734,0.002361576470950366
193,10.0,3010,0.7807011904834102,0.7829275096882182,0.0022263192048079805
194,7.0,3001,0.7947618108780836,0.7931438992532716,-0.0016179116248120629
194,10.0,3001,0.7891489824103869,0.7862395804852742,-0.002909401925112687
195,7.0,2923,0.7736408642508162,0.7782059313399838,0.004565067089167596
195,10.0,2923,0.7701050010396774,0.7739677534165841,0.0038627523769066974
196,7.0,2974,0.7766547109907814,0.7757072538211324,-0.0009474571696490575
196,10.0,2974,0.7756525714285715,0.7737182040816326,-0.001934367346938859
197,7.0,2985,0.7876668712744684,0.7880733219076254,0.00040645063315691843
197,10.0,2985,0.7849070520661791,0.7849362637523141,2.9211686135011128e-05
198,7.0,2935,0.7901562051576401,0.7922649064545666,0.0021087012969265295
198,10.0,2935,0.7867436454589495,0.7882053087611135,0.001461663302164018
199,7.0,2968,0.7877678372022754,0.7888109407638041,0.001043103561528702
199,10.0,2968,0.7853441398182184,0.7859766721096754,0.0006325322914569886
200,7.0,2947,0.7866262061798972,0.787880923460864,0.0012547172809668217
200,10.0,2947,0.7827564507621848,0.784026758717211,0.0012703079550261398
201,7.0,2953,0.8004817718770761,0.8028403617772573,0.0023585899001811184
201,10.0,2953,0.7984127720676757,0.8005833842473363,0.002170612179660636
202,7.0,2954,0.7831612347108097,0.7844109030469086,0.0012496683360989636
202,10.0,2954,0.78273610406621,0.7833036912428489,0.0005675871766389617
203,7.0,2982,0.7770840087520703,0.7785829296646622,0.0014989209125919611
203,10.0,2982,0.7738586319059917,0.7747731845490488,0.000914552643057065
204,7.0,3000,0.7885928672653846,0.7880105781386954,-0.0005822891266892283
204,10.0,3000,0.7860258313653392,0.784995679387473,-0.001030151977866156
205,7.0,3021,0.7565291857721272,0.7575031819561325,0.000973996184005288
205,10.0,3021,0.7531628725614515,0.753632523074377,0.000469650512925468
206,7.0,2987,0.7648552110735559,0.765675552382868,0.0008203413093120782
206,10.0,2987,0.7619441359065394,0.7620519864331475,0.0001078505266081109
207,7.0,2967,0.7860386961826739,0.788550113299634,0.002511417116960124
207,10.0,2967,0.7828618681735175,0.7848775109395997,0.0020156427660821263
208,7.0,2972,0.7750907118043984,0.7784565796384325,0.003365867834034142
208,10.0,2972,0.7685595506889981,0.7718425902049698,0.003283039515971753
209,7.0,2972,0.783726850793202,0.7830699489584503,-0.0006569018347517552
209,10.0,2972,0.7795777244826171,0.7782608923074509,-0.0013168321751662049
210,7.0,2933,0.7885090692994422,0.790117637525155,0.0016085682257127587
210,10.0,2933,0.7822337032784794,0.7832006633499171,0.0009669600714377058
211,7.0,2963,0.8009018120406257,0.8033025968489009,0.0024007848082752137
211,10.0,2963,0.7975453242626127,0.7992183740772472,0.001673049814634453
212,7.0,2965,0.7780945093888071,0.7801655697717231,0.0020710603829160457
212,10.0,2965,0.77027170274118,0.771977140955609,0.0017054382144290336
213,7.0,2962,0.7794490346217652,0.780362266761052,0.0009132321392868459
213,10.0,2962,0.7773501664320694,0.7777550702386761,0.00040490380660662684
214,7.0,2979,0.7903775839549646,0.7941371466229441,0.003759562667979499
214,10.0,2979,0.7871743462017434,0.7899327521793276,0.002758405977584144
215,7.0,2944,0.7988771868386818,0.8012430559450413,0.002365869106359497
215,10.0,2944,0.7924722097331824,0.7947906492405803,0.0023184395073978514
216,7.0,2980,0.7963598858596624,0.7962828755113969,-7.701034826557152e-05
216,10.0,2980,0.7915590767456775,0.7905277682406214,-0.001031308505056061
217,7.0,2987,0.7908929109279592,0.7968983598477588,0.006005448919799594
217,10.0,2987,0.7882399676986598,0.7941277986897117,0.0058878309910519455
218,7.0,2994,0.789406665677818,0.7933788203706171,0.003972154692799101
218,10.0,2994,0.7862828744573231,0.7896706630942039,0.0033877886368807175
219,7.0,2988,0.7669601187950785,0.7671364552397115,0.00017633644463299625
219,10.0,2988,0.7667576187984351,0.7667464055219158,-1.1213276519317361e-05
220,7.0,2961,0.7926879252397737,0.7959629790107698,0.003275053770996128
220,10.0,2961,0.7866641772467016,0.7896975354742345,0.003033358227532923
221,7.0,2969,0.7864995373703493,0.7882598882752861,0.0017603509049368693
221,10.0,2969,0.7806935518119579,0.7822208271290522,0.0015272753170942899
222,7.0,2927,0.7856925211994927,0.7863937377503323,0.0007012165508395451
222,10.0,2927,0.7818418840630773,0.7823062055497113,0.00046432148663400064
223,7.0,2932,0.7908387229482076,0.7895225588733755,-0.001316164074832038
223,10.0,2932,0.7890724358856992,0.7865288491467154,-0.002543586738983805
224,7.0,2964,0.7854795854750367,0.7859598800200145,0.00048029454497777735
224,10.0,2964,0.7821264710742863,0.7814717491923204,-0.000654721881965914
225,7.0,2974,0.799972329225846,0.8026285954391903,0.0026562662133442494
225,10.0,2974,0.7978420649465243,0.8004303992010162,0.0025883342544918975
226,7.0,2924,0.8027819207658409,0.804274696796123,0.0014927760302820836
226,10.0,2924,0.7988363345397066,0.7994180445462232,0.0005817100065166336
227,7.0,2989,0.7906763797223053,0.7929909244481872,0.002314544725881884
227,10.0,2989,0.7848207512924937,0.7860641018992753,0.0012433506067816014
228,7.0,2953,0.7881499524838915,0.7888196163204779,0.0006696638365863983
228,10.0,2953,0.7858793344130756,0.7860125221613105,0.00013318774823489754
229,7.0,2964,0.7932804744373905,0.7964218018543263,0.0031413274169358463
229,10.0,2964,0.7895935594460048,0.7922760870051971,0.0026825275591922937
230,7.0,2944,0.7862502119895438,0.7886478868297475,0.0023976748402037007
230,10.0,2944,0.7812700369913687,0.7829784902041376,0.0017084532127689123
231,7.0,2928,0.7981870284303613,0.7997256058691948,0.001538577438833566
231,10.0,2928,0.7936923730322917,0.7942403858009892,0.0005480127686975367
232,7.0,2977,0.7856320564132385,0.7873057086637429,0.0016736522505044205
232,10.0,2977,0.7813978852296236,0.781997618379286,0.0005997331496624403
233,7.0,2960,0.785425247288431,0.7846009525184009,-0.0008242947700300984
233,10.0,2960,0.7833788242856884,0.7822499747272487,-0.0011288495584397262
234,7.0,2955,0.7771506514876798,0.778283061576238,0.0011324100885582444
234,10.0,2955,0.7765779303132119,0.7768532153654739,0.00027528505226204203
235,7.0,2979,0.7793072111351609,0.777990658561087,-0.001316552574073926
235,10.0,2979,0.7786783034764806,0.7769895628486851,-0.0016887406277954486
236,7.0,2994,0.7862714728642805,0.7874648407855351,0.0011933679212546844
236,10.0,2994,0.785155517955912,0.7861608027285919,0.0010052847726799152
237,7.0,2957,0.7783905333769899,0.7813698244626588,0.002979291085668856
237,10.0,2957,0.7768753106698862,0.7794275347508711,0.0025522240809848773
238,7.0,2946,0.7864236836148506,0.7856535348488968,-0.0007701487659538264
238,10.0,2946,0.782298637915085,0.780581198762321,-0.001717439152764011
239,7.0,2973,0.7872265009510102,0.7856214203358364,-0.0016050806151738373
239,10.0,2973,0.7851210749188959,0.7828307073483785,-0.002290367570517482
240,7.0,2975,0.7869177769509469,0.7898824932644073,0.0029647163134604027
240,10.0,2975,0.7852025944599074,0.7878283248807811,0.002625730420873773
241,7.0,2976,0.7737046796219819,0.7785578555321898,0.004853175910207952
241,10.0,2976,0.7726169773202269,0.7760025382693377,0.0033855609491107996
242,7.0,2944,0.7827667638565154,0.7847217000704557,0.0019549362139402726
242,10.0,2944,0.778154815304726,0.77970283738565,0.001548022080924083
243,7.0,2968,0.7965166724011549,0.7971181703492054,0.0006014979480505334
243,10.0,2968,0.7931642115376092,0.7932157219301303,5.1510392521159076e-05
244,7.0,2971,0.7651954640527678,0.7651178962523866,-7.756780038126188e-05
244,10.0,2971,0.7611052360072221,0.7605042558679391,-0.0006009801392830028
245,7.0,2987,0.7740347754287951,0.7769126217756593,0.0028778463468642768
245,10.0,2987,0.7722576314083768,0.7743551755712624,0.002097544162885656
246,7.0,2927,0.7813494973498315,0.7863488144192504,0.004999317069418918
246,10.0,2927,0.7774023343679856,0.7821349492327562,0.004732614864770612
247,7.0,2978,0.7956768970665613,0.7952762635313977,-0.0004006335351636192
247,10.0,2978,0.7937688598187455,0.7928013847534441,-0.0009674750653013708
248,7.0,2952,0.770380116874601,0.774188796099173,0.0038086792245720646
248,10.0,2952,0.7692457786116322,0.7728030018761726,0.0035572232645403323
249,7.0,2948,0.777761877504293,0.7818396289500291,0.0040777514457360775
249,10.0,2948,0.7750366325099801,0.7784745983044922,0.0034379657945120545
250,7.0,2953,0.810473395389986,0.8151071018210254,0.004633706431039442
250,10.0,2953,0.8058943392604448,0.8095436050621484,0.0036492658017035495
251,7.0,2971,0.8002670980978468,0.8041037344624753,0.0038366363646284984
251,10.0,2971,0.7943679668782692,0.7975188311613075,0.003150864283038346
252,7.0,2979,0.7763230042229874,0.7781865102577894,0.0018635060348020094
252,10.0,2979,0.7738271495267143,0.7747993840869385,0.0009722345602242166
253,7.0,2949,0.8045568528369957,0.8065610579521992,0.0020042051152034945
253,10.0,2949,0.8038614796861521,0.8052889947828945,0.0014275150967424377
254,7.0,2980,0.7805066220907805,0.7773868926421075,-0.003119729448673003
254,10.0,2980,0.7761509691148628,0.7721105578531845,-0.004040411261678312
255,7.0,2941,0.773345393038668,0.7731418330472302,-0.00020355999143784054
255,10.0,2941,0.7701914511172374,0.7696946375764987,-0.0004968135407387164
256,7.0,2961,0.7966792004854536,0.798478452696096,0.0017992522106423658
256,10.0,2961,0.7949164089666928,0.7961561547871411,0.0012397458204482792
257,7.0,2978,0.8039992961195178,0.8040347629655195,3.546684600164163e-05
257,10.0,2978,0.8008265078374415,0.8002614620815772,-0.0005650457558642463
258,7.0,2948,0.7849212552466895,0.7868112054570647,0.0018899502103751908
258,10.0,2948,0.7847555775550002,0.7856423804724447,0.0008868029174444736
259,7.0,2992,0.7659804738614466,0.765744787561797,-0.00023568629964965115
259,10.0,2992,0.7645652586166026,0.7631738017351728,-0.0013914568814298311
260,7.0,2956,0.7817753340845952,0.7837799865004621,0.002004652415866892
260,10.0,2956,0.778446763039326,0.780211332859642,0.00176456982031592
261,7.0,2979,0.7963548679653297,0.7989985928764687,0.002643724911138956
261,10.0,2979,0.7934210637199016,0.7960394919165811,0.0026184281966794565
262,7.0,2953,0.7882021647691583,0.7936041170211705,0.005401952252012232
262,10.0,2953,0.7844608819499433,0.7888680642450023,0.004407182295058987
263,7.0,2963,0.7943451697249245,0.7922144127447919,-0.002130756980132653
263,10.0,2963,0.7898846523315188,0.7863428262745319,-0.003541826056986941
264,7.0,2924,0.7815602735618726,0.784717800082811,0.0031575265209383696
264,10.0,2924,0.7786185052469926,0.781345315032847,0.0027268097858543783
265,7.0,2963,0.765865136050519,0.7680344388633231,0.0021693028128041414
265,10.0,2963,0.7650210378681627,0.7668353946194059,0.0018143567512431957
266,7.0,2952,0.7904971716678095,0.7933149944957214,0.0028178228279118755
266,10.0,2952,0.7860124129839363,0.7878807127937434,0.0018682998098070724
267,7.0,2959,0.7828772384934009,0.7835257694549638,0.0006485309615629209
267,10.0,2959,0.7799315379721911,0.7799339614068038,2.4234346127638418e-06
268,7.0,2991,0.7839116857984783,0.7886038489812075,0.004692163182729248
268,10.0,2991,0.7797495718947238,0.7842912625780266,0.00454169068330279
269,7.0,2986,0.7943618987075816,0.7941329375447821,-0.0002289611627994681
269,10.0,2986,0.7899249961309026,0.7894393143078594,-0.00048568182304320473
270,7.0,2975,0.775794467459575,0.7756875584658559,-0.00010690899371912366
270,10.0,2975,0.7719161813519906,0.7711323070501481,-0.0007838743018424577
271,7.0,2980,0.7957035165529268,0.7958627981380532,0.00015928158512634738
271,10.0,2980,0.7921613109407533,0.7915864497369399,-0.0005748612038133372
272,7.0,2933,0.8086650709495061,0.8079502659074757,-0.0007148050420304752
272,10.0,2933,0.8071142048135913,0.8058891772848829,-0.0012250275287084555
273,7.0,2970,0.778370340973662,0.7813802584972832,0.0030099175236212306
273,10.0,2970,0.775726305059205,0.7781664044360072,0.0024400993768021184
274,7.0,2962,0.7831506291145268,0.7831592202219942,8.591107467426085e-06
274,10.0,2962,0.7810411183248523,0.780903082412119,-0.00013803591273331417
275,7.0,2953,0.7902899356670835,0.7916336157131525,0.0013436800460689957
275,10.0,2953,0.7890483256915564,0.7897929660129639,0.0007446403214075303
276,7.0,2966,0.7877354368899411,0.7885769670768118,0.0008415301868707203
276,10.0,2966,0.7824789733224623,0.7827211621003727,0.0002421887779103793
277,7.0,2913,0.7842408056277381,0.7853293197175946,0.0010885140898564405
277,10.0,2913,0.7831274534903567,0.7844902073732719,0.0013627538829151797
278,7.0,2926,0.7780174474265635,0.7805307045632839,0.0025132571367203482
278,10.0,2926,0.7743321566658173,0.7762257915294781,0.001893634863660787
279,7.0,2992,0.7835995942248201,0.7870684975853028,0.003468903360482778
279,10.0,2992,0.7820754987724732,0.7850927885079483,0.003017289735475104
280,7.0,2962,0.7961896821261073,0.7953197846100399,-0.0008698975160673639
280,10.0,2962,0.7917352855881238,0.7899086553665793,-0.0018266302215445007
281,7.0,2984,0.7795309736092032,0.7822769558433431,0.00274598223413991
281,10.0,2984,0.7745466383255778,0.7768815865903245,0.0023349482647466724
282,7.0,3000,0.7880092406131025,0.7923325455508018,0.004323304937699279
282,10.0,3000,0.7863378434768963,0.7901742989582008,0.0038364554813045126
283,7.0,2986,0.7955110282696489,0.7971379524589989,0.0016269241893499542
283,10.0,2986,0.7885259852908223,0.7895343772267082,0.0010083919358858662
284,7.0,2949,0.8039724459643505,0.804902150008563,0.0009297040442125537
284,10.0,2949,0.7972137536052316,0.7975582106740562,0.0003444570688245774
285,7.0,2967,0.799010967357064,0.8028143161395335,0.0038033487824694623
285,10.0,2967,0.7935590890599772,0.7966265504703525,0.003067461410375283
286,7.0,2992,0.7902592933923045,0.7898447781135933,-0.00041451527871116944
286,10.0,2992,0.7879445860779641,0.7870246333106076,-0.0009199527673565688
287,7.0,2995,0.7642233693832582,0.7650811447732799,0.0008577753900217422
287,10.0,2995,0.7655100194211771,0.7658714587915795,0.00036143937040233887
288,7.0,2946,0.8095493234134318,0.8112550820439323,0.0017057586305004868
288,10.0,2946,0.8057466143977192,0.8069913959881886,0.0012447815904693682
289,7.0,2975,0.7932376286093247,0.7970605176869638,0.003822889077639169
289,10.0,2975,0.7909602840883765,0.794246643064675,0.0032863589762984757
290,7.0,2965,0.7925096076123488,0.7924443751152205,-6.523249712830914e-05
290,10.0,2965,0.7875814132410097,0.7869977582341783,-0.0005836550068314406
291,7.0,2973,0.7818714929413859,0.7869883023327083,0.005116809391322419
291,10.0,2973,0.7790168105360943,0.783398259990723,0.004381449454628705
292,7.0,3025,0.8069250276700229,0.8080506334554755,0.0011256057854525103
292,10.0,3025,0.8032234099425494,0.803573535058944,0.0003501251163946506
293,7.0,2970,0.7935761347240136,0.7965872803190415,0.0030111455950279087
293,10.0,2970,0.7923199583129261,0.7943247708651445,0.0020048125522184046
294,7.0,3010,0.7939171055564758,0.7977802491490996,0.003863143592623852
294,10.0,3010,0.7911831376260302,0.7941160754679342,0.00293293784190396
295,7.0,2997,0.7934702284861574,0.7923403304756871,-0.0011298980104703649
295,10.0,2997,0.7877407201945879,0.7860642895896708,-0.0016764306049170674
296,7.0,2967,0.7825358408808869,0.7817391483205693,-0.0007966925603175579
296,10.0,2967,0.7820521430084253,0.7804798200255187,-0.0015723229829065488
297,7.0,2965,0.7803356488628853,0.7816482348412086,0.0013125859783232885
297,10.0,2965,0.7793441481997023,0.7809310854601501,0.001586937260447785
298,7.0,2915,0.7700654079360131,0.7700710247617764,5.616825763277156e-06
298,10.0,2915,0.7658482707227168,0.7651230255366149,-0.0007252451861018416
299,7.0,2978,0.7972987236642918,0.8006958043414858,0.00339708067719402
299,10.0,2978,0.7901564713766656,0.7929473161613635,0.0027908447846979323
300,7.0,2995,0.7971213405576623,0.7989947411916953,0.0018734006340330733
300,10.0,2995,0.7933125975935761,0.7948879916315877,0.0015753940380116571
301,7.0,2959,0.7882243361991028,0.7907709937290898,0.002546657529986951
301,10.0,2959,0.7821076723242589,0.7833713428804638,0.00126367055620491
302,7.0,2982,0.8014231287014915,0.8016240002979818,0.00020087159649029296
302,10.0,2982,0.799071000315557,0.7977822656989587,-0.001288734616598286
303,7.0,3000,0.7879927506450982,0.7922978972828394,0.004305146637741175
303,10.0,3000,0.7866348710288379,0.7902188902795586,0.003584019250720716
304,7.0,2951,0.811693791617561,0.8139158409811067,0.0022220493635457528
304,10.0,2951,0.8052504392157187,0.8062772310295382,0.0010267918138194831
305,7.0,2939,0.7934046421061242,0.7960787210857789,0.0026740789796547704
305,10.0,2939,0.7927367532970065,0.7950140507348883,0.0022772974378817423
306,7.0,2963,0.8093419098911997,0.8095534393453026,0.0002115294541028545
306,10.0,2963,0.8039157271952794,0.8034557912727158,-0.000459935922563548
307,7.0,3011,0.7957871182620365,0.7979730474656969,0.0021859292036603417
307,10.0,3011,0.79227602476236,0.7941069900472582,0.0018309652848981228
308,7.0,2998,0.8090127743079797,0.8134493461894069,0.004436571881427209
308,10.0,2998,0.8069827850904225,0.8110539845758354,0.004071199485412902
309,7.0,2993,0.779991742317406,0.7800534068302831,6.166451287714647e-05
309,10.0,2993,0.7754451254185885,0.7751235230934479,-0.00032160232514055753
310,7.0,2940,0.7745299157138009,0.7787227558886065,0.00419284017480559
310,10.0,2940,0.7685235991812542,0.7720175430555246,0.0034939438742703777
311,7.0,2922,0.7892707368132057,0.7910429321527849,0.0017721953395791745
311,10.0,2922,0.7879030533196308,0.7885427480398345,0.0006396947202036429
312,7.0,2953,0.7923640942082655,0.7939326448991684,0.0015685506909028923
312,10.0,2953,0.7894483729494016,0.7904264395253816,0.0009780665759799856
313,7.0,2984,0.7872464112956649,0.7895595674898132,0.0023131561941482914
313,10.0,2984,0.7811480748355788,0.7826767128535853,0.0015286380180065118
314,7.0,2971,0.805882762011544,0.7984051709939255,-0.007477591017618468
314,10.0,2971,0.8014731110136739,0.7942727081353737,-0.0072004028783002605
315,7.0,2985,0.7877372409586103,0.7883366701115097,0.0005994291528993445
315,10.0,2985,0.7840248344895309,0.7843783458456081,0.0003535113560771963
316,7.0,2986,0.7857241422404591,0.7886069901739733,0.002882847933514232
316,10.0,2986,0.7833052756665759,0.785577327754809,0.002272052088233112
317,7.0,2927,0.7794429670298247,0.7806782762860656,0.001235309256240824
317,10.0,2927,0.7730759104401413,0.7735196201203629,0.0004437096802215601
318,7.0,2962,0.7850266719441651,0.7837399791078848,-0.0012866928362802454
318,10.0,2962,0.783830260699699,0.7814736662666062,-0.0023565944330927735
319,7.0,2971,0.799607202634847,0.8014935748609686,0.0018863722261216465
319,10.0,2971,0.7963710114333281,0.7975884078367185,0.0012173964033903584
320,7.0,2894,0.796830430587025,0.8002836855313294,0.0034532549443044847
320,10.0,2894,0.7925079319296221,0.7955565170015704,0.0030485850719482732
321,7.0,2927,0.768471983468927,0.7708624794694959,0.0023904960005689535
321,10.0,2927,0.7641068761751969,0.7654868055537644,0.0013799293785674571
322,7.0,2901,0.7992130011661768,0.8017908656305197,0.0025778644643429383
322,10.0,2901,0.7972881479041124,0.799786247739907,0.0024980998357946316
323,7.0,3005,0.7802764036250196,0.7820927546252473,0.0018163510002277006
323,10.0,3005,0.7771074783925433,0.7786856732139157,0.0015781948213723362
324,7.0,2988,0.7866246624173364,0.7877454096908639,0.0011207472735275115
324,10.0,2988,0.7846045906856794,0.7847444033621136,0.00013981267643414785
325,7.0,2970,0.7861973899488554,0.789801347538745,0.003603957589889628
325,10.0,2970,0.7826364346610043,0.786000920871203,0.0033644862101986917
326,7.0,2988,0.7963503599541565,0.7987770480327767,0.0024266880786202316
326,10.0,2988,0.7946961793353717,0.7963584592509295,0.001662279915557785
327,7.0,2961,0.8108225050234428,0.8144862692565304,0.003663764233087674
327,10.0,2961,0.8058967747818027,0.808785389006803,0.0028886142250003077
328,7.0,3012,0.790801740376904,0.7918208680036556,0.0010191276267516036
328,10.0,3012,0.7866499486094581,0.7879737389959924,0.001323790386534296
329,7.0,2918,0.8009019869090294,0.805374911440324,0.004472924531294664
329,10.0,2918,0.7990824416442626,0.8025794778108966,0.0034970361666339933
330,7.0,2972,0.7839600496198988,0.7822850599573777,-0.0016749896625211091
330,10.0,2972,0.7805935521291507,0.7792178210643337,-0.0013757310648170318
331,7.0,2971,0.7969984853178133,0.7978837076464453,0.0008852223286320848
331,10.0,2971,0.7930185291735925,0.7940680539572945,0.001049524783702016
332,7.0,3030,0.7927315313016939,0.7938049338520767,0.001073402550382796
332,10.0,3030,0.7887021130171029,0.7891545382713532,0.00045242525425026603
333,7.0,2950,0.7971049673963483,0.7996236699024438,0.002518702506095538
333,10.0,2950,0.7908414314889184,0.7929839797943802,0.002142548305461789
334,7.0,2973,0.7769925779292497,0.7802087254831077,0.0032161475538580175
334,10.0,2973,0.7716975750947523,0.7742372673618313,0.0025396922670789523
335,7.0,2971,0.7963347718695261,0.7995991070392494,0.0032643351697233536
335,10.0,2971,0.7889766474611958,0.7914516639267323,0.002475016465536495
336,7.0,3017,0.7816512888192566,0.7838302995689572,0.002179010749700616
336,10.0,3017,0.7788064697390984,0.7805654724420892,0.0017590027029907862
337,7.0,2991,0.8076636924253776,0.8107693557091287,0.003105663283751059
337,10.0,2991,0.8029508708238714,0.8052316294918688,0.0022807586679973735
338,7.0,2961,0.8023172087869908,0.8031012267976267,0.0007840180106359895
338,10.0,2961,0.7978746288651162,0.7979197124952501,4.508363013389083e-05
339,7.0,2977,0.7874383320388987,0.7889930209917193,0.0015546889528206265
339,10.0,2977,0.7847779186348804,0.7856727755220642,0.0008948568871837148
340,7.0,2985,0.7942675427798868,0.7947884774155113,0.0005209346356245259
340,10.0,2985,0.7906268432209392,0.7911793265627294,0.0005524833417901442
341,7.0,2953,0.7858450670217243,0.7876235745379537,0.0017785075162294328
341,10.0,2953,0.7807234505028813,0.7816656198118789,0.000942169308997598
342,7.0,3021,0.7925621537594809,0.7952962149586337,0.0027340611991527597
342,10.0,3021,0.7899237203963522,0.792364741927065,0.0024410215307127947
343,7.0,2986,0.7822832983261514,0.7837314046902406,0.0014481063640892078
343,10.0,2986,0.7798244173561548,0.7816143497757847,0.0017899324196298805
344,7.0,2988,0.7909090163463826,0.7938247910566505,0.0029157747102679377
344,10.0,2988,0.7879276019489028,0.7899555764821488,0.002027974533245991
345,7.0,2944,0.8028466237479175,0.805514990710079,0.0026683669621615502
345,10.0,2944,0.7986489674139857,0.8004667179913888,0.0018177505774030767
346,7.0,2994,0.7872786281975928,0.7888595649577991,0.0015809367602063196
346,10.0,2994,0.7836341810421483,0.7846011915347679,0.0009670104926196021
347,7.0,2985,0.7898016496726427,0.7939034468405877,0.004101797167945009
347,10.0,2985,0.7867243130927262,0.7901893046112544,0.003464991518528193
348,7.0,2954,0.7906404675698032,0.7899732855999891,-0.0006671819698140791
348,10.0,2954,0.7880928588493086,0.7855574022744612,-0.002535456574847328
349,7.0,2933,0.7887870903983336,0.7886751605919722,-0.00011192980636143268
349,10.0,2933,0.7856350387536966,0.784636398193427,-0.000998640560269548
350,7.0,2974,0.7809504098941303,0.782928347005731,0.0019779371116006583
350,10.0,2974,0.7795910876778426,0.7807189923337312,0.001127904655888634
351,7.0,2940,0.7931346588068541,0.7984712096822929,0.005336550875438828
351,10.0,2940,0.7879239864427828,0.793051279397687,0.005127292954904217
352,7.0,2989,0.801344820683767,0.8008763938761365,-0.0004684268076304843
352,10.0,2989,0.8000154490856073,0.7985297620197105,-0.0014856870658968013
353,7.0,2962,0.7954158713454875,0.7972021953663329,0.0017863240208453313
353,10.0,2962,0.7958258755643416,0.7970941415328721,0.0012682659685304687
354,7.0,2984,0.7796154051314877,0.7792526804288686,-0.0003627247026191105
354,10.0,2984,0.7752500603044343,0.7751825693313519,-6.749097308245133e-05
355,7.0,2916,0.8116759353927439,0.8151325004284693,0.003456565035725445
355,10.0,2916,0.8063211291776672,0.8090600888637138,0.002738959686046649
356,7.0,2965,0.7852282601601462,0.7895211354843994,0.004292875324253154
356,10.0,2965,0.7844627224522144,0.7887415482419251,0.004278825789710727
357,7.0,2949,0.8043043141394179,0.8064195562342795,0.00211524209486158
357,10.0,2949,0.8056903364228173,0.8072581773599238,0.0015678409371064905
358,7.0,2928,0.7993178642851273,0.7986097033120565,-0.0007081609730708038
358,10.0,2928,0.7963906042771883,0.7956756672745358,-0.0007149370026525714
359,7.0,3003,0.7976907960211572,0.7968913396010043,-0.0007994564201528886
359,10.0,3003,0.7941323313012403,0.7925903453284155,-0.0015419859728247332
360,7.0,2973,0.7805893223359514,0.7812268262709576,0.0006375039350062783
360,10.0,2973,0.7781891159182893,0.7787057378565903,0.0005166219383009318
361,7.0,2948,0.7815988295582976,0.7847423273624292,0.0031434978041315897
361,10.0,2948,0.7780367452020596,0.7804009742159463,0.002364229013886776
362,7.0,3006,0.7895103795065401,0.7922565628449393,0.002746183338399155
362,10.0,3006,0.7870523040928595,0.7896037232567403,0.002551419163880797
363,7.0,2963,0.7796548563481779,0.7817026981468019,0.0020478417986240505
363,10.0,2963,0.7776795840331187,0.7792388401018846,0.0015592560687659462
364,7.0,2942,0.7940036316248286,0.7941749346827784,0.00017130305794987866
364,10.0,2942,0.791644652199501,0.7909008741197724,-0.0007437780797285853
365,7.0,2966,0.7969989025406596,0.7984353640456917,0.0014364615050320717
365,10.0,2966,0.793668803094064,0.7948905233810405,0.0012217202869765353
366,7.0,2934,0.7841666294477238,0.785312012401832,0.001145382954108265
366,10.0,2934,0.7805851917296981,0.7813703815476296,0.0007851898179315198
367,7.0,2995,0.7939568691850348,0.7951676655185054,0.001210796333470543
367,10.0,2995,0.7911311470506122,0.7915686196306784,0.0004374725800662116
368,7.0,3019,0.7850056724823337,0.7873280302321567,0.002322357749823034
368,10.0,3019,0.7830191125108489,0.7842135672777419,0.0011944547668930605
369,7.0,2964,0.7944142756794726,0.7966012859998919,0.002187010320419236
369,10.0,2964,0.7902139615854791,0.7917513104587085,0.0015373488732294271
370,7.0,2966,0.7839847857219021,0.7857192026271355,0.0017344169052333491
370,10.0,2966,0.7839195660330562,0.7849459767117973,0.0010264106787410965
371,7.0,2926,0.792367130629894,0.7933670761134974,0.0009999454836034927
371,10.0,2926,0.787765042670994,0.7878647790435013,9.973637250726419e-05
372,7.0,2974,0.7895685998600952,0.7912210401747867,0.0016524403146914723
372,10.0,2974,0.7880176113388487,0.7896694648677569,0.001651853528908176
373,7.0,2942,0.7839872807244068,0.7884415397693724,0.004454259044965547
373,10.0,2942,0.7824754578212674,0.7860999862627202,0.003624528441452779
374,7.0,2982,0.7811327315106951,0.7835820895522388,0.002449358041543781
374,10.0,2982,0.7806474857426294,0.7824464685400108,0.0017989827973813322
375,7.0,3047,0.7819278735875234,0.7812499605497534,-0.0006779130377699838
375,10.0,3047,0.7804751424997852,0.7790728204932355,-0.0014023220065497721
376,7.0,2973,0.7852001304621546,0.7902359443462608,0.005035813884106122
376,10.0,2973,0.7858000435280696,0.7904225092736313,0.004622465745561688
377,7.0,2960,0.8024979128595343,0.804098174457452,0.001600261597917707
377,10.0,2960,0.7996782219589054,0.8010357230697733,0.0013575011108679647
378,7.0,2936,0.7879429841423659,0.7909139864227895,0.0029710022804236846
378,10.0,2936,0.7814576762086135,0.7832802674125652,0.0018225912039516734
379,7.0,2931,0.7942153156327415,0.7934766195198067,-0.0007386961129347558
379,10.0,2931,0.7898867703920985,0.7880406354806617,-0.0018461349114368142
380,7.0,2964,0.8022872060628494,0.8025131991661634,0.0002259931033139484
380,10.0,2964,0.799197487145433,0.7990342350658102,-0.00016325207962286648
381,7.0,2926,0.7980422566416242,0.79813056890138,8.831225975580725e-05
381,10.0,2926,0.795643171989108,0.7951225951128065,-0.0005205768763014706
382,7.0,2883,0.783277250267104,0.7852995559065038,0.0020223056393997574
382,10.0,2883,0.7787662346819342,0.7797963702001044,0.0010301355181702165
383,7.0,2984,0.7821757288032083,0.7847126707582396,0.002536941955031291
383,10.0,2984,0.7813971001253033,0.783098261186245,0.0017011610609417582
384,7.0,2999,0.7883119412455787,0.7889967393557872,0.0006847981102084955
384,10.0,2999,0.7860511426305842,0.7864553709301424,0.00040422829955821804
385,7.0,2957,0.7885949558547424,0.7919048132571265,0.0033098574023840976
385,10.0,2957,0.7866306380442207,0.7893842165093382,0.002753578465117479
386,7.0,2978,0.7995803655077244,0.8018211673600241,0.0022408018522996898
386,10.0,2978,0.7926282881249865,0.7954612276385922,0.002832939513605637
387,7.0,2980,0.7861573708978264,0.7878099663424616,0.001652595444635141
387,10.0,2980,0.7852901282563852,0.7866790205519268,0.0013888922955416216
388,7.0,2984,0.8017738657125958,0.8034797591462892,0.0017058934336934284
388,10.0,2984,0.796058011196225,0.7970989468543146,0.0010409356580896034
389,7.0,2961,0.7825408823296802,0.7856719637909553,0.0031310814612750537
389,10.0,2961,0.778091732750111,0.7806567856474466,0.0025650528973355513
390,7.0,2943,0.7931778291645428,0.7933691385812032,0.00019130941666034573
390,10.0,2943,0.7882183921993079,0.7875607305625798,-0.0006576616367280907
391,7.0,2968,0.7798736019551225,0.7811305775861398,0.001256975631017343
391,10.0,2968,0.778265578557202,0.7788662666957762,0.000600688138574168
392,7.0,2979,0.7779856705472356,0.7805955110742935,0.0026098405270579272
392,10.0,2979,0.7738210031853054,0.7759261554478638,0.002105152262558363
393,7.0,2996,0.7944796519431042,0.7944612571416113,-1.8394801492904733e-05
393,10.0,2996,0.7931699200260931,0.7932126016555376,4.26816294445409e-05
394,7.0,2986,0.7821102645229332,0.7805578872602829,-0.0015523772626503396
394,10.0,2986,0.7794541057238281,0.7767090677375141,-0.0027450379863139807
395,7.0,2933,0.8027126935617009,0.8016912233624038,-0.0010214701992971031
395,10.0,2933,0.7962583629846599,0.7946883170496766,-0.0015700459349833329
396,7.0,2981,0.7866629679409037,0.786612826764188,-5.0141176715756686e-05
396,10.0,2981,0.7817490531712459,0.7814704475034349,-0.00027860566781101603
397,7.0,2916,0.7914657863576017,0.7915275036779217,6.171732032000943e-05
397,10.0,2916,0.7908304179709078,0.7899602419580324,-0.0008701760128754232
398,7.0,2936,0.7766454654881375,0.7776839196302021,0.0010384541420646043
398,10.0,2936,0.7764482235223036,0.7771649503181062,0.0007167267958025914
399,7.0,2987,0.7809020518067465,0.7832833094771439,0.0023812576703973187
399,10.0,2987,0.7795432505037769,0.7812152821212756,0.001672031617498626
400,7.0,2943,0.7902675947147969,0.7884659488222822,-0.0018016458925147472
400,10.0,2943,0.7881241299608647,0.7857589367793449,-0.0023651931815197313
401,7.0,2969,0.7848493640565433,0.7849897101987112,0.0001403461421679575
401,10.0,2969,0.7794459778676857,0.7788452217568098,-0.0006007561108758441
402,7.0,2951,0.7739949755081245,0.7766371217127666,0.002642146204642093
402,10.0,2951,0.7676066912935099,0.7697510286211972,0.0021443373276872624
403,7.0,2939,0.7788041549086334,0.7790357750297063,0.0002316201210729174
403,10.0,2939,0.7755686538750891,0.775483609292102,-8.504458298708162e-05
404,7.0,2961,0.7848318545217644,0.7858798869824455,0.001048032460681081
404,10.0,2961,0.7809923005158012,0.7813991238887757,0.00040682337297459625
405,7.0,2922,0.76803030430385,0.7723688966218658,0.00433859231801581
405,10.0,2922,0.7662421061046124,0.7697900290442058,0.0035479229395933842
406,7.0,2965,0.8002158392827494,0.8032503607964342,0.0030345215136847736
406,10.0,2965,0.7964175041095528,0.7992518028520957,0.002834298742542929
407,7.0,2943,0.8080230485241197,0.809060178855056,0.0010371303309363311
407,10.0,2943,0.8001531724218516,0.8011641612095287,0.0010109887876771362
408,7.0,2983,0.7882962727684895,0.7905055622865954,0.00220928951810595
408,10.0,2983,0.7853511669069212,0.786818239877379,0.0014670729704577834
409,7.0,2949,0.7949972683380778,0.7946914267640132,-0.00030584157406465806
409,10.0,2949,0.7912290846686191,0.789659696444005,-0.0015693882246140545
410,7.0,2961,0.7894147401829918,0.7919521609402508,0.0025374207572589347
410,10.0,2961,0.7876772627616798,0.7897627453767889,0.002085482615109102
411,7.0,2941,0.7975301784286895,0.7974136646299332,-0.0001165137987562126
411,10.0,2941,0.7908132582261244,0.7899015596329099,-0.0009116985932144939
412,7.0,2960,0.792713636575943,0.791296398855,-0.001417237720942932
412,10.0,2960,0.7902964361612286,0.7875158503475101,-0.002780585813718428
413,7.0,3007,0.7737871085372475,0.776380122043984,0.0025930135067364635
413,10.0,3007,0.7736607312420284,0.7755769916427032,0.0019162604006748296
414,7.0,2987,0.7716137215745612,0.7743098412125635,0.0026961196380023145
414,10.0,2987,0.769137478504842,0.7716671191963074,0.002529640691465329
415,7.0,2962,0.7857264397905759,0.7837591623036649,-0.0019672774869109455
415,10.0,2962,0.783198130512599,0.7802188825158864,-0.002979247996712564
416,7.0,2972,0.795412835563718,0.7991750017481571,0.003762166184439142
416,10.0,2972,0.7891732593060441,0.7931744026681778,0.004001143362133752
417,7.0,2996,0.7861251532116474,0.7885593136118196,0.0024341604001721917
417,10.0,2996,0.781280213701197,0.7828712609766065,0.001591047275409485
418,7.0,2955,0.7963804896585419,0.7963411324032355,-3.935725530646028e-05
418,10.0,2955,0.7900929531691614,0.7895551545240547,-0.000537798645106724
419,7.0,2953,0.7859576881087899,0.7856489872491971,-0.00030870085959278093
419,10.0,2953,0.7812493375480862,0.780435067242766,-0.0008142703053202194
420,7.0,2961,0.7912536045182316,0.7929328692249503,0.0016792647067187527
420,10.0,2961,0.7893785346889474,0.7903277844882983,0.0009492497993509597
421,7.0,2935,0.7910267991568805,0.793217437268987,0.0021906381121065133
421,10.0,2935,0.7856530877589416,0.7872639181507767,0.001610830391835072
422,7.0,2990,0.7806703245851788,0.7801242810867984,-0.0005460434983803886
422,10.0,2990,0.7807786531485907,0.7786506538670711,-0.0021279992815196325
423,7.0,2985,0.8043634518063245,0.807087121559374,0.0027236697530494958
423,10.0,2985,0.8024129692405839,0.8041617152220958,0.0017487459815118678
424,7.0,2978,0.7925838593646014,0.7952952599170175,0.0027114005524161433
424,10.0,2978,0.7910211476698144,0.7935240472935582,0.0025028996237438372
425,7.0,2987,0.7736046332278218,0.7769283162781302,0.0033236830503083903
425,10.0,2987,0.7706040321642622,0.7736039337439717,0.0029999015797095296
426,7.0,2963,0.8033408296912349,0.8022206192274508,-0.001120210463784077
426,10.0,2963,0.7974103710582813,0.7957665010787897,-0.001643869979491619
427,7.0,2956,0.7924216262203145,0.7949434219296839,0.00252179570936939
427,10.0,2956,0.791322603044245,0.7933495186855896,0.0020269156413446066
428,7.0,2963,0.7824232276614316,0.7820324488992589,-0.00039077876217263885
428,10.0,2963,0.7791102696948669,0.7778759929123408,-0.001234276782526078
429,7.0,2985,0.8040449461458654,0.804227349051893,0.0001824029060275567
429,10.0,2985,0.7989559744546941,0.798335235862154,-0.0006207385925400821
430,7.0,2971,0.7946473522331609,0.7972999843465091,0.002652632113348208
430,10.0,2971,0.7897945990811361,0.7922314238665173,0.0024368247853812086
431,7.0,2965,0.7938873299642175,0.7951972863219873,0.0013099563577697593
431,10.0,2965,0.7915567911356108,0.7919898916718873,0.00043310053627643175
432,7.0,2975,0.7773342900139057,0.7800874981744756,0.0027532081605698977
432,10.0,2975,0.7759925061495337,0.7786894819136968,0.0026969757641630565
433,7.0,2994,0.7815192916741196,0.7830390305236687,0.001519738849549146
433,10.0,2994,0.7809961576107819,0.7816558932474916,0.0006597356367097351
434,7.0,2935,0.7771947980174926,0.779695959537126,0.0025011615196334214
434,10.0,2935,0.7761990417602465,0.7784124711298744,0.002213429369627984
435,7.0,3018,0.7805192572214581,0.7830771875991959,0.0025579303777377715
435,10.0,3018,0.7779886052441058,0.7801089112027448,0.0021203059586389905
436,7.0,2944,0.7965095619906774,0.7997692272390531,0.0032596652483757316
436,10.0,2944,0.7906168129967864,0.7933306615407831,0.0027138485439966997
437,7.0,2991,0.7742783113074392,0.777808284556384,0.0035299732489447733
437,10.0,2991,0.7730740850524404,0.7760691468898405,0.0029950618374001703
438,7.0,3006,0.7982136634028394,0.7997179751802012,0.0015043117773617665
438,10.0,3006,0.7954656701956945,0.7963929231048716,0.0009272529091771675
439,7.0,2965,0.7903967801253903,0.7897689352030861,-0.000627844922304166
439,10.0,2965,0.7887216461341245,0.787480064275784,-0.001241581858340557
440,7.0,2941,0.7855338648779767,0.7854574026028813,-7.646227509539028e-05
440,10.0,2941,0.77916678146611,0.7791216965938379,-4.508487227206093e-05
441,7.0,2975,0.7987408560865008,0.7990528369735664,0.00031198088706563265
441,10.0,2975,0.7943289112451452,0.7940468705122532,-0.00028204073289195275
442,7.0,2947,0.7783706638548956,0.7803463590759497,0.001975695221054119
442,10.0,2947,0.7766511694876079,0.7788955449715,0.0022443754838921137
443,7.0,2977,0.7895007268534764,0.7905255624063584,0.0010248355528820197
443,10.0,2977,0.784279702663747,0.7839727222182696,-0.00030698044547738945
444,7.0,2982,0.8025341079361741,0.8033529612786204,0.0008188533424463573
444,10.0,2982,0.7995724608367446,0.7995885430390661,1.6082202321521244e-05
445,7.0,2957,0.7913358618000332,0.7936511205002709,0.0023152587002376324
445,10.0,2957,0.7861349254021126,0.787602007074513,0.0014670816724003943
446,7.0,2987,0.7852712255664488,0.786859994574935,0.0015887690084862571
446,10.0,2987,0.7789411058592073,0.7795964629105996,0.0006553570513923024
447,7.0,2965,0.7732613523908428,0.7742245335045655,0.0009631811137227331
447,10.0,2965,0.7699989546934265,0.7700636641479756,6.470945454906118e-05
448,7.0,2959,0.7825860427703442,0.7827035652399874,0.00011752246964324975
448,10.0,2959,0.7789962010250968,0.7779853518995489,-0.0010108491255479413
449,7.0,3003,0.769932576887051,0.7699651787270486,3.2601839997647986e-05
449,10.0,3003,0.7654720277653656,0.7643301109054242,-0.001141916859941361
450,7.0,2999,0.780272860248665,0.7813386031879614,0.001065742939296399
450,10.0,2999,0.7764980121194471,0.7769658891394047,0.00046787701995754105
451,7.0,2958,0.7799632234967814,0.7810960960541993,0.0011328725574178966
451,10.0,2958,0.7790229514264971,0.7793461925969951,0.00032324117049797874
452,7.0,2995,0.7997409656745965,0.8033057074791129,0.0035647418045163803
452,10.0,2995,0.7962705897686708,0.7993341423507989,0.003063552582128093
453,7.0,2959,0.7844649229995545,0.7850406066514621,0.0005756836519076325
453,10.0,2959,0.784488626481009,0.7843413986778258,-0.00014722780318321416
454,7.0,2970,0.7855926022470253,0.7845446574563378,-0.0010479447906874828
454,10.0,2970,0.7814420607760072,0.7792887186986477,-0.0021533420773595102
455,7.0,2944,0.7839784146882806,0.7849210339128994,0.0009426192246188014
455,10.0,2944,0.7814964103494868,0.7814812854175489,-1.5124931937893216e-05
456,7.0,2943,0.7987969650583834,0.8014709133008029,0.0026739482424195105
456,10.0,2943,0.7934419122706908,0.7952184092354339,0.001776496964743024
457,7.0,2965,0.7721398356199637,0.7707954685581629,-0.0013443670618007442
457,10.0,2965,0.7665340601385788,0.7641856086487799,-0.0023484514897988973
458,7.0,2899,0.7880688484900027,0.789923872269122,0.0018550237791192803
458,10.0,2899,0.7833465713529256,0.7850107795302395,0.0016642081773138306
459,7.0,2956,0.7992935037091792,0.8015905737668709,0.0022970700576917524
459,10.0,2956,0.794660220206998,0.7961420027490594,0.0014817825420614383
460,7.0,2943,0.7820721625376563,0.7881480666327358,0.006075904095079521
460,10.0,2943,0.7801825634846837,0.7855140982490145,0.005331534764330792
461,7.0,2939,0.8002947075985756,0.8019660134294418,0.0016713058308662765
461,10.0,2939,0.7969338458173182,0.7980044373613324,0.0010705915440142322
462,7.0,2989,0.7885163812609621,0.7912851959458554,0.002768814684893317
462,10.0,2989,0.7839631713399042,0.7858013015537091,0.001838130213804856
463,7.0,2972,0.7866841448772506,0.7889065226918519,0.0022223778146013284
463,10.0,2972,0.784540897629238,0.7865300664887934,0.001989168859555468
464,7.0,2994,0.7809411654500077,0.7844057998166648,0.0034646343666571155
464,10.0,2994,0.7806637275424207,0.7832926908219858,0.0026289632795650775
465,7.0,2994,0.7878563513399357,0.7902794410681719,0.0024230897282362385
465,10.0,2994,0.7859731398027154,0.7883126489977512,0.0023395091950357827
466,7.0,2939,0.7882727015300065,0.789667599138046,0.0013948976080394582
466,10.0,2939,0.7862737924484416,0.7873828548999845,0.0011090624515428527
467,7.0,2975,0.7985698233249102,0.8001485041438723,0.0015786808189620638
467,10.0,2975,0.7946266481566401,0.7958427820318733,0.0012161338752332274
468,7.0,2995,0.7894490996035192,0.7904879467572149,0.0010388471536957322
468,10.0,2995,0.7857152990244525,0.7858181500063839,0.00010285098193141273
469,7.0,3004,0.7798508559351697,0.7807419262615926,0.0008910703264228825
469,10.0,3004,0.7763944509259699,0.776548092224751,0.0001536412987810376
470,7.0,2986,0.7943480558094126,0.7926395478000879,-0.0017085080093246496
470,10.0,2986,0.7906834625845988,0.7880744978265156,-0.002608964758083143
471,7.0,2966,0.7802451629342004,0.7824559775775066,0.0022108146433061915
471,10.0,2966,0.7789083807447813,0.7817328601749052,0.002824479430123872
472,7.0,2980,0.7824566623527599,0.7849916859651456,0.0025350236123856673
472,10.0,2980,0.7789149056834567,0.7812606181017089,0.0023457124182522104
473,7.0,2977,0.7916550151234892,0.7910296800080043,-0.0006253351154849041
473,10.0,2977,0.7876189610782978,0.7872191428138725,-0.0003998182644252557
474,7.0,2926,0.7917134944066931,0.7920552958833318,0.0003418014766386479
474,10.0,2926,0.7860441581597822,0.7863694410756021,0.0003252829158199022
475,7.0,3011,0.7853516553897665,0.7854810173941166,0.0001293620043500976
475,10.0,3011,0.7835769865597736,0.7827858995519924,-0.0007910870077811882
476,7.0,2962,0.7939706582100311,0.795366800867318,0.0013961426572869362
476,10.0,2962,0.7908345003242512,0.7917434777179699,0.0009089773937187573
477,7.0,2950,0.797132090913741,0.8011284866815226,0.0039963957677815465
477,10.0,2950,0.7911388765518651,0.7952523053921154,0.004113428840250344
478,7.0,2941,0.7834634358557627,0.7844388627589396,0.0009754269031768681
478,10.0,2941,0.7820878211518788,0.7824227378462381,0.0003349166943592552
479,7.0,2943,0.7800386260173817,0.7825014403609423,0.0024628143435605487
479,10.0,2943,0.7741119758259202,0.7760356088680758,0.0019236330421555925
480,7.0,2988,0.786872281005073,0.7902070015750265,0.003334720569953542
480,10.0,2988,0.7854733531064232,0.7883027760710213,0.002829422964598094
481,7.0,2959,0.7917558629831761,0.794607324674592,0.002851461691415924
481,10.0,2959,0.7887811560235871,0.7909081666506138,0.002127010627026693
482,7.0,2962,0.799945706320804,0.8023544715805662,0.002408765259762191
482,10.0,2962,0.7994090512437364,0.8008526100453486,0.001443558801612177
483,7.0,2999,0.7783411393801004,0.7797202797202797,0.0013791403401792746
483,10.0,2999,0.7749987420704416,0.775997722227063,0.0009989801566213652
484,7.0,2959,0.7840902943085912,0.7856565137416144,0.0015662194330231527
484,10.0,2959,0.7820504670092843,0.7830434815777362,0.000993014568451911
485,7.0,2987,0.7845722485058538,0.7872526646366009,0.0026804161307470986
485,10.0,2987,0.7841345958892373,0.7866317148496823,0.0024971189604450217
486,7.0,3005,0.790770224978934,0.7922591027452371,0.0014888777663031316
486,10.0,3005,0.7875592895164778,0.7888362944867696,0.0012770049702918174
487,7.0,2984,0.7762606700269499,0.780777460167112,0.004516790140162152
487,10.0,2984,0.7772425726016502,0.7816334350779149,0.004390862476264745
488,7.0,2986,0.7906555824765716,0.7927239044421509,0.0020683219655792673
488,10.0,2986,0.788326178034203,0.7903426125583594,0.002016434524156341
489,7.0,2940,0.7851326382741638,0.7859690409023931,0.0008364026282292603
489,10.0,2940,0.7823003673951018,0.7823570482663382,5.6680871236447494e-05
490,7.0,2986,0.7875818145816437,0.7859231451518842,-0.0016586694297594518
490,10.0,2986,0.7853096237589158,0.7838961980132374,-0.001413425745678376
491,7.0,2924,0.7884922228917007,0.7877795072638415,-0.0007127156278592395
491,10.0,2924,0.7884568216188991,0.786974673632325,-0.0014821479865740894
492,7.0,2938,0.7917744191688475,0.7945527561412474,0.0027783369723999307
492,10.0,2938,0.7876712328767124,0.7895461167659108,0.001874883889198431
493,7.0,2945,0.7866878770493229,0.7889827709104817,0.0022948938611588865
493,10.0,2945,0.7859214955948715,0.7874579184872144,0.0015364228923429035
494,7.0,2946,0.7796972029766487,0.7799409802412112,0.0002437772645624836
494,10.0,2946,0.7788772579019732,0.7774318602595881,-0.001445397642385049
495,7.0,2949,0.7980017794861839,0.7979507973466939,-5.098213948995234e-05
495,10.0,2949,0.7969837419787691,0.7957218354384765,-0.0012619065402925678
496,7.0,2945,0.7935861027926586,0.7958525127619954,0.0022664099693368023
496,10.0,2945,0.7889448785956029,0.7911426012239666,0.0021977226283637075
497,7.0,2904,0.7978449577132687,0.8003173472176318,0.002472389504363126
497,10.0,2904,0.79232923618025,0.794442723820335,0.00211348764008501
498,7.0,2958,0.7922231121480682,0.7912292004016274,-0.000993911746440812
498,10.0,2958,0.7904179492441343,0.7881496682399617,-0.0022682810041726453
499,7.0,2938,0.794588293239181,0.7948693582883406,0.0002810650491595901
499,10.0,2938,0.7870588176098098,0.7865179139736794,-0.0005409036361303521
500,7.0,3012,0.7988249069337161,0.7988409634923263,1.6056558610144656e-05
500,10.0,3012,0.7951457248090129,0.7937845590105408,-0.0013611657984721193
501,7.0,2998,0.8175229383940275,0.8166638171767253,-0.000859121217302139
501,10.0,2998,0.8128935296733022,0.8115284060201221,-0.0013651236531800892
502,7.0,2944,0.7977136850404047,0.799715398798133,0.002001713757728285
502,10.0,2944,0.7953203726399602,0.7969678278956629,0.0016474552557026456
503,7.0,2931,0.8037564533015632,0.8076133915785166,0.0038569382769534366
503,10.0,2931,0.8028398420759636,0.806386441199209,0.0035465991232453975
504,7.0,2962,0.7747874185840997,0.7772447877458842,0.0024573691617845173
504,10.0,2962,0.7732484709860276,0.7750683705434837,0.001819899557456095
505,7.0,2939,0.7782423737147011,0.78217576262853,0.0039333889138288836
505,10.0,2939,0.7741249672429664,0.7778636366690632,0.0037386694260967968
506,7.0,2955,0.776999936760893,0.7770631758679567,6.323910706373947e-05
506,10.0,2955,0.7714796669302245,0.7711824121443623,-0.0002972547858621777
507,7.0,2947,0.7794364237585064,0.7784029906562099,-0.0010334331022965326
507,10.0,2947,0.7770327967361397,0.7753667098896233,-0.001666086846516368
508,7.0,2978,0.7722410855229701,0.7750095090541521,0.002768423531182007
508,10.0,2978,0.7695191457668619,0.7718349487909354,0.002315803024073526
509,7.0,2984,0.7771692986924775,0.7776444875355365,0.00047518884305897124
509,10.0,2984,0.7764363197811569,0.7760416464477459,-0.00039467333341103306
510,7.0,2995,0.7954048801322715,0.7965881785665837,0.0011832984343121966
510,10.0,2995,0.7970314280481849,0.7979649092462966,0.000933481198111652
511,7.0,2979,0.8046072396628696,0.8086467017713462,0.00403946210847661
511,10.0,2979,0.7961695532043939,0.8005539456836714,0.004384392479277577
512,7.0,3005,0.799904497205488,0.8043142464051244,0.004409749199636437
512,10.0,3005,0.7972821760615209,0.8010784181198276,0.0037962420583067535
513,7.0,3005,0.7749716779145494,0.7769243593563961,0.001952681441846793
513,10.0,3005,0.775933537559604,0.7772932458267799,0.0013597082671759075
514,7.0,2992,0.7795703512495866,0.7833756439931308,0.003805292743544131
514,10.0,2992,0.7746050258309383,0.7787374710798254,0.004132445248887118
515,7.0,2968,0.7851601913390877,0.7857647640328267,0.0006045726937390361
515,10.0,2968,0.783814879939817,0.7844122849374547,0.0005974049976377183
516,7.0,3000,0.7925238602311009,0.7941429119972132,0.0016190517661123227
516,10.0,3000,0.7910363894938887,0.7923727760042167,0.0013363865103280803
517,7.0,3010,0.7846475243400843,0.7867990836674129,0.0021515593273285782
517,10.0,3010,0.7787531192833546,0.7803865340017191,0.0016334147183645342
518,7.0,2958,0.7866565837065105,0.7854993756458836,-0.001157208060626913
518,10.0,2958,0.7843060773097235,0.7824894517479318,-0.0018166255617916294
519,7.0,2988,0.7775702912655174,0.779658701060012,0.00208840979449465
519,10.0,2988,0.7756547479784855,0.7773525323511123,0.0016977843726267983
520,7.0,2953,0.7834127121807104,0.783488279792038,7.556761132754275e-05
520,10.0,2953,0.7776789784258016,0.7775284898061132,-0.00015048861968836036
521,7.0,2920,0.7660545074054135,0.7688171172520432,0.0027626098466296822
521,10.0,2920,0.765268256592257,0.7679714383701529,0.002703181777895969
522,7.0,2935,0.7916295265349951,0.7957071220437758,0.004077595508780729
522,10.0,2935,0.7900123463204749,0.7928688246748267,0.0028564783543517658
523,7.0,2971,0.7868004391567638,0.7903689331114533,0.0035684939546895
523,10.0,2971,0.7806450517206692,0.7836981258279357,0.003053074107266518
524,7.0,3004,0.7846457300610081,0.7855313732783729,0.0008856432173647288
524,10.0,3004,0.783328136964341,0.7838680815125137,0.0005399445481727438
525,7.0,2958,0.7773550202673635,0.7778378584613118,0.0004828381939483428
525,10.0,2958,0.775974565447597,0.7753657332893552,-0.0006088321582418121
526,7.0,2943,0.7989045761098373,0.8012737487094914,0.002369172599654079
526,10.0,2943,0.7914283448050975,0.7934956544948878,0.0020673096897902976
527,7.0,2962,0.7879508038951499,0.7895312281087677,0.0015804242136178148
527,10.0,2962,0.7858315967053686,0.7870819688399325,0.0012503721345639152
528,7.0,2928,0.7776994277640221,0.7812890410357458,0.0035896132717236906
528,10.0,2928,0.7733792187559857,0.777060693899963,0.0036814751439773197
529,7.0,3023,0.7784506047566665,0.7813818433854821,0.0029312386288156134
529,10.0,3023,0.7773385192561834,0.7795143521041193,0.002175832847935988
530,7.0,2974,0.7909220298354129,0.7938769449735676,0.0029549151381547123
530,10.0,2974,0.7877296727562233,0.7896787147588921,0.001949042002668766
531,7.0,2953,0.7941742791237351,0.795872995556347,0.0016987164326119908
531,10.0,2953,0.7903057517460774,0.7914813675370326,0.0011756157909551535
532,7.0,2992,0.7805604605906394,0.782215993985747,0.0016555333951076001
532,10.0,2992,0.7801171676392694,0.7810480331671434,0.0009308655278740252
533,7.0,2956,0.7767850906087654,0.7786888950675028,0.0019038044587373903
533,10.0,2956,0.7756265932785147,0.7770141736002896,0.0013875803217748839
534,7.0,2942,0.7833548115437894,0.7858168715477856,0.0024620600039961804
534,10.0,2942,0.7809957179517221,0.783055485216918,0.0020597672651959664
535,7.0,3013,0.7831889243276964,0.7835272243565196,0.00033830002882317967
535,10.0,3013,0.7803480724293795,0.7796946149692024,-0.0006534574601770871
536,7.0,2995,0.7862329197159559,0.7882450448921104,0.0020121251761545667
536,10.0,2995,0.7837998102466793,0.7852870018975332,0.0014871916508538696
537,7.0,2947,0.7924764780085097,0.7962567618542861,0.0037802838457763333
537,10.0,2947,0.791165036208868,0.7953894041417863,0.004224367932918249
538,7.0,2928,0.7899840810191586,0.7917708469155721,0.001786765896413467
538,10.0,2928,0.7864744369484024,0.7876493031181511,0.0011748661697487117
539,7.0,2994,0.7908994812077683,0.7953725997138152,0.004473118506046925
539,10.0,2994,0.7878830464630385,0.7917296786389414,0.0038466321759028643
540,7.0,2960,0.7653709469849124,0.7705673005825749,0.005196353597662573
540,10.0,2960,0.7621641069352403,0.7665913697953703,0.004427262860130066
541,7.0,2968,0.7844075001897821,0.7814580241193455,-0.0029494760704366074
541,10.0,2968,0.7822672206210777,0.7792260857631221,-0.003041134857955541
542,7.0,2934,0.796800931156478,0.7995593634524052,0.0027584322959272045
542,10.0,2934,0.7923544372823427,0.7940144505844816,0.0016600133021389407
543,7.0,3013,0.7962505604204514,0.7954368169673285,-0.000813743453122906
543,10.0,3013,0.794422360445908,0.793027216914862,-0.0013951435310459726
544,7.0,2970,0.790086310649565,0.7927063136650152,0.0026200030154501786
544,10.0,2970,0.7828013816273759,0.784739183229208,0.001937801601832101
545,7.0,2937,0.7802307271623315,0.7812886213930041,0.0010578942306725958
545,10.0,2937,0.7809728466272703,0.7820944194682425,0.0011215728409722514
546,7.0,2982,0.7847091038063252,0.7881986377469687,0.003489533940643552
546,10.0,2982,0.7814739364597324,0.7842648278280606,0.002790891368328219
547,7.0,2952,0.7954840285198449,0.7955052024296355,2.1173909790617174e-05
547,10.0,2952,0.7913543248355044,0.7910626282000053,-0.00029169663549910574
548,7.0,2962,0.7997988101360357,0.804828556735143,0.005029746599107265
548,10.0,2962,0.7970227511517013,0.8010347631940515,0.004012012042350244
549,7.0,2964,0.7703537088047285,0.7703668319748666,1.3123170138018558e-05
549,10.0,2964,0.7676596827487623,0.7671133430377236,-0.0005463397110386792
550,7.0,2984,0.7873741835434056,0.7920731637157676,0.004698980172362033
550,10.0,2984,0.785178227417946,0.7890508896413914,0.0038726622234454
551,7.0,2983,0.7943147448949335,0.7971415581078143,0.0028268132128808077
551,10.0,2983,0.7911091385226415,0.7933953447210091,0.002286206198367613
552,7.0,3008,0.7901682208194418,0.793727823001461,0.003559602182019228
552,10.0,3008,0.7855955476102487,0.7886277065152242,0.003032158904975435
553,7.0,2999,0.7775431360738772,0.7816813698538237,0.0041382337799465985
553,10.0,2999,0.7746202848482515,0.7787756971300631,0.004155412281811599
554,7.0,2991,0.798397320620053,0.8001994740211871,0.001802153401134099
554,10.0,2991,0.7909321850306743,0.791873773846826,0.000941588816151695
555,7.0,2999,0.7825751853424009,0.785111821004318,0.002536635661917086
555,10.0,2999,0.7756559772024391,0.7781363787821012,0.002480401579662117
556,7.0,2970,0.7938247814260132,0.7958695557882605,0.002044774362247259
556,10.0,2970,0.7892937697596912,0.790604047593286,0.0013102778335947196
557,7.0,2936,0.8059899652239494,0.8035611409058533,-0.002428824318096101
557,10.0,2936,0.8021217423335482,0.7989821039383614,-0.003139638395186717
558,7.0,2938,0.8078594907266113,0.8080893611550145,0.00022987042840316718
558,10.0,2938,0.8020528270930205,0.8017976886163072,-0.00025513847671332357
559,7.0,3008,0.7855220085747183,0.7883894174405003,0.002867408865781962
559,10.0,3008,0.7836718310989805,0.7862406678975676,0.002568836798587104
560,7.0,2971,0.7875751683179507,0.7879489227908029,0.00037375447285215024
560,10.0,2971,0.7859882311715113,0.7853674151622185,-0.0006208160092927573
561,7.0,2961,0.801113105516031,0.8034485505164434,0.002335445000412384
561,10.0,2961,0.7977139282769056,0.7992349465304611,0.0015210182535555505
562,7.0,2972,0.7979956265344628,0.7984245524565877,0.0004289259221249564
562,10.0,2972,0.7916062832625261,0.7910335448663672,-0.0005727383961589005
563,7.0,2950,0.8143905177454094,0.8157808115407912,0.0013902937953818029
563,10.0,2950,0.8103341122126667,0.8111603974702303,0.0008262852575635637
564,7.0,2967,0.7848297789530319,0.785745561317353,0.0009157823643211049
564,10.0,2967,0.7816242023864122,0.7816546886556616,3.048626924939679e-05
565,7.0,2958,0.7870640032547441,0.7887685815142885,0.0017045782595443981
565,10.0,2958,0.7794138882393007,0.780996540782854,0.0015826525435532757
566,7.0,2919,0.7816929028209543,0.777772273208297,-0.003920629612657267
566,10.0,2919,0.7767307724990293,0.7732428853245971,-0.0034878871744322693
567,7.0,3001,0.7843063224230508,0.7851703945084545,0.0008640720854037331
567,10.0,3001,0.7795476212976132,0.7796995386258778,0.0001519173282645836
568,7.0,2917,0.8035255582394064,0.8076511511071122,0.004125592867705752
568,10.0,2917,0.8009579415025564,0.8048902076204606,0.003932266117904204
569,7.0,2922,0.7982953050506751,0.7992609217297957,0.0009656166791205401
569,10.0,2922,0.7939668608497638,0.7947969502268498,0.0008300893770860629
570,7.0,3027,0.7930117258803937,0.7931527260671237,0.00014100018673002257
570,10.0,3027,0.7861980662454529,0.7851498181121961,-0.0010482481332567684
571,7.0,2979,0.7952121549585892,0.7883434507840213,-0.006868704174567863
571,10.0,2979,0.7929137164082998,0.7852433524538394,-0.007670363954460413
572,7.0,2961,0.7889779351920828,0.7913214760065428,0.0023435408144599768
572,10.0,2961,0.7866755217322887,0.7883234560528132,0.0016479343205244579
573,7.0,2902,0.7752033817195725,0.7748902595369337,-0.000313122182638792
573,10.0,2902,0.7725742322047602,0.7715733018794786,-0.0010009303252815904
574,7.0,3003,0.7963709677419355,0.8001898721392934,0.0038189043973578807
574,10.0,3003,0.7925477765679289,0.7954600745907312,0.002912298022802351
575,7.0,2989,0.7716219431592862,0.7716497025776603,2.7759418374073697e-05
575,10.0,2989,0.7699785456089473,0.7696597804255765,-0.00031876518337081716
576,7.0,2997,0.7806526859468248,0.7804429350694115,-0.0002097508774132617
576,10.0,2997,0.7816879559282017,0.7807483528568978,-0.0009396030713039183
577,7.0,2991,0.7899907839510042,0.7900394649623422,4.8681011338036484e-05
577,10.0,2991,0.7887634420115056,0.7876410962458731,-0.0011223457656325264
578,7.0,2943,0.8028098310620867,0.8040755267596583,0.0012656956975716227
578,10.0,2943,0.8008507976545853,0.8016028102258453,0.0007520125712600079
579,7.0,3000,0.7922063979161847,0.7941350517822474,0.0019286538660626684
579,10.0,3000,0.790164795403445,0.7914463222961476,0.0012815268927026668
580,7.0,2966,0.7848333908067997,0.7848346679949423,1.2771881425788223e-06
580,10.0,2966,0.7838995036121352,0.7834029943514484,-0.0004965092606867838
581,7.0,2989,0.779924297895302,0.7825721564545346,0.002647858559232552
581,10.0,2989,0.7748816019863278,0.7769444799994035,0.0020628780130756974
582,7.0,2968,0.7923254753931017,0.7969272424061291,0.004601767013027391
582,10.0,2968,0.7849521997942349,0.7888627723341894,0.003910572539954527
583,7.0,2955,0.7951997774780186,0.7979431485875762,0.0027433711095575797
583,10.0,2955,0.792849237841647,0.795085107288627,0.0022358694469800655
584,7.0,2950,0.7784358176698797,0.7812542645719553,0.0028184469020756664
584,10.0,2950,0.7768178631269979,0.7793780756550064,0.002560212528008532
585,7.0,2996,0.7743592431469155,0.7746522220027121,0.00029297885579659955
585,10.0,2996,0.7684910831213879,0.7679222434027233,-0.0005688397186646155
586,7.0,2970,0.8013410179119133,0.8046358227707772,0.003294804858863909
586,10.0,2970,0.7987309530475124,0.8014630159174532,0.0027320628699407656
587,7.0,2938,0.7876705346329556,0.7883719065218071,0.0007013718888515541
587,10.0,2938,0.7829818725585938,0.782690684000651,-0.00029118855794274534
588,7.0,2972,0.7857430376550417,0.784217934710593,-0.0015251029444487418
588,10.0,2972,0.7807881218056052,0.778750591856763,-0.0020375299488422094
589,7.0,2976,0.7912956317065968,0.791927216844657,0.0006315851380601645
589,10.0,2976,0.7868577824313102,0.7867783514460049,-7.943098530527326e-05
590,7.0,2984,0.7836442519223827,0.7808354276918467,-0.0028088242305360778
590,10.0,2984,0.7804378767635776,0.7761384243983013,-0.004299452365276291
591,7.0,2922,0.7743864570180597,0.7765032334308093,0.0021167764127495436
591,10.0,2922,0.77064107517033,0.7723936253226867,0.0017525501523567577
592,7.0,2910,0.787559263336671,0.7900293758056218,0.0024701124689507914
592,10.0,2910,0.7849422494319617,0.7870408356475638,0.002098586215602105
593,7.0,2934,0.7864180974842558,0.788544847525206,0.0021267500409501983
593,10.0,2934,0.7850782299756314,0.7870317651911403,0.0019535352155088948
594,7.0,2959,0.7827160857238047,0.7849813414113627,0.0022652556875579766
594,10.0,2959,0.7817437157499914,0.7830514578642681,0.0013077421142767554
595,7.0,2974,0.8083526054126348,0.8099832687834774,0.001630663370842611
595,10.0,2974,0.8047180627983072,0.8058595500838657,0.0011414872855585179
596,7.0,3016,0.7901064259182621,0.7952769986153901,0.005170572697128062
596,10.0,3016,0.7846644850055106,0.7888759450105377,0.004211460005027146
597,7.0,2956,0.800001559269794,0.8008474631330148,0.0008459038632208093
597,10.0,2956,0.7968965935859501,0.79755999759654,0.0006634040105898409
598,7.0,2978,0.8010606522401706,0.806422161265197,0.005361509025026301
598,10.0,2978,0.7962685912681011,0.8016080189433608,0.005339427675259634
599,7.0,2969,0.7907283655203861,0.7932879008917046,0.0025595353713185887
599,10.0,2969,0.7859795187528827,0.7883725389594572,0.002393020206574503
600,7.0,2971,0.786655450471788,0.7835396895400816,-0.0031157609317064017
600,10.0,2971,0.7837256029392368,0.779619994288517,-0.004105608650719739
601,7.0,2974,0.7823020427908614,0.7869197616377509,0.004617718846889551
601,10.0,2974,0.7813732690089091,0.7854175535711759,0.004044284562266798
602,7.0,2947,0.7856470193460394,0.7845726903957156,-0.0010743289503237774
602,10.0,2947,0.7844505795091665,0.7836834136970268,-0.0007671658121397584
603,7.0,2981,0.7715565667372897,0.7745280877810998,0.0029715210438101547
603,10.0,2981,0.7701036579154761,0.7728063497509744,0.0027026918354983165
604,7.0,2973,0.7885218041046556,0.7857256691847774,-0.0027961349198781793
604,10.0,2973,0.7850495267713933,0.7816199968165735,-0.003429529954819821
605,7.0,2980,0.8072854117776863,0.8106887786496018,0.0034033668719154475
605,10.0,2980,0.8015610490185818,0.8044025715447682,0.002841522526186413
606,7.0,2952,0.7843591263122248,0.7842025059261768,-0.00015662038604802309
606,10.0,2952,0.7824802541152331,0.7813017486863478,-0.0011785054288853125
607,7.0,2974,0.7979097451346967,0.8000730225605304,0.002163277425833665
607,10.0,2974,0.7960319322372419,0.7973259458451395,0.0012940136078976039
608,7.0,2991,0.7858816573650931,0.7889658296743447,0.0030841723092516204
608,10.0,2991,0.7839237123717253,0.7868253755201152,0.0029016631483899102
609,7.0,2975,0.7856127609907924,0.7835805991440798,-0.00203216184671251
609,10.0,2975,0.7790576700801223,0.7752517715207995,-0.0038058985593227845
610,7.0,2973,0.7997681413376214,0.7987517563026557,-0.0010163850349657055
610,10.0,2973,0.7958535614904195,0.7940458983717048,-0.0018076631187147196
611,7.0,2921,0.7865713355402398,0.7864614424485808,-0.00010989309165898575
611,10.0,2921,0.7836730078864799,0.7830305771340907,-0.0006424307523891226
612,7.0,2943,0.7848716416211293,0.787101548269581,0.002229906648451685
612,10.0,2943,0.7839074443169388,0.7858119761363103,0.0019045318193714467
613,7.0,2981,0.7857131298143234,0.7873232984619062,0.001610168647582788
613,10.0,2981,0.7833951522063918,0.7847041884446623,0.0013090362382705
614,7.0,2971,0.7859408532866515,0.7874808930444303,0.0015400397577787217
614,10.0,2971,0.7825863481915644,0.7839749641763435,0.001388615984779129
615,7.0,2991,0.8059893412041195,0.8093273036358865,0.003337962431766983
615,10.0,2991,0.8030505259830351,0.8060912674020979,0.0030407414190628534
616,7.0,2959,0.7876199722822658,0.7863342779426822,-0.0012856943395835874
616,10.0,2959,0.7853732964135928,0.7831006193966227,-0.0022726770169700927
617,7.0,3015,0.784531442179363,0.7851385654096773,0.0006071232303143104
617,10.0,3015,0.7846301773498263,0.7839300959421299,-0.0007000814076963957
618,7.0,2970,0.8038432712532336,0.802719731586172,-0.0011235396670615794
618,10.0,2970,0.8046915644272488,0.8022974194754096,-0.0023941449518392055
619,7.0,2995,0.7828261652812664,0.7818709378794465,-0.0009552274018198581
619,10.0,2995,0.781793245203346,0.7797821370347604,-0.002011108168585629
620,7.0,2979,0.7805684871271471,0.7799795067087291,-0.0005889804184180392
620,10.0,2979,0.7785195965425136,0.7773770218905196,-0.0011425746519939661
621,7.0,3026,0.7838351775450189,0.7859054451817692,0.0020702676367503337
621,10.0,3026,0.7782626397076711,0.7797563001589456,0.0014936604512745255
622,7.0,2997,0.7850722374230752,0.785816681762531,0.0007444443394558631
622,10.0,2997,0.7828324922261304,0.7837647193760514,0.0009322271499210277
623,7.0,2943,0.804964648533233,0.8060214996004915,0.0010568510672585019
623,10.0,2943,0.802158392933612,0.8031752727551627,0.0010168798215506314
624,7.0,2998,0.7927420579259162,0.7929830328575588,0.0002409749316425458
624,10.0,2998,0.7867235027780781,0.7861038080897845,-0.0006196946882935928
625,7.0,3026,0.8061249871781722,0.8077623345984204,0.0016373474202482363
625,10.0,3026,0.8004706951759184,0.8020094598367918,0.0015387646608734373
626,7.0,2983,0.8071907175690507,0.8099801159767188,0.00278939840766812
626,10.0,2983,0.8054372590919884,0.8073733638462433,0.0019361047542548748
627,7.0,2978,0.7967547318714353,0.7998868141025475,0.0031320822311121654
627,10.0,2978,0.7931189685234921,0.7961049578644411,0.002985989340949069
628,7.0,2990,0.7872033915745714,0.787666440287296,0.000463048712724623
628,10.0,2990,0.7803057014594428,0.780126981819063,-0.00017871964037974308
629,7.0,2943,0.7870098704059433,0.7854210838071092,-0.0015887865988341021
629,10.0,2943,0.7836216557760264,0.7804233698492645,-0.003198285926761857
630,7.0,2971,0.7754149986961891,0.7780283514386335,0.0026133527424443415
630,10.0,2971,0.7692954072459526,0.7714999993256065,0.0022045920796539553
631,7.0,3013,0.7902952064395125,0.7961502162433427,0.005855009803830247
631,10.0,3013,0.7873257719923382,0.792715498840658,0.005389726848319731
632,7.0,2981,0.7739859661586667,0.7775792551513528,0.0035932889926861833
632,10.0,2981,0.7707337700608344,0.7739935182031926,0.0032597481423581876
633,7.0,2986,0.7977156895346549,0.8016423147136468,0.003926625178991894
633,10.0,2986,0.7933087056705257,0.7957914495169042,0.0024827438463784768
634,7.0,2964,0.8002844095553749,0.7998913460040177,-0.00039306355135726445
634,10.0,2964,0.7958773213027971,0.7946827250010241,-0.0011945963017729877
635,7.0,2932,0.7960546312419574,0.7980871111515113,0.002032479909553908
635,10.0,2932,0.7922794142355021,0.7939541791837201,0.0016747649482180549
636,7.0,2986,0.801044511443135,0.8043601114665196,0.0033156000233846017
636,10.0,2986,0.7962429636521999,0.7983087653167364,0.002065801664536515
637,7.0,3000,0.7965697753774265,0.7926670484866813,-0.003902726890745112
637,10.0,3000,0.7921450660386141,0.7880964422939014,-0.004048623744712709
638,7.0,2936,0.7850635887841015,0.7880989102677556,0.003035321483654041
638,10.0,2936,0.7808489163088206,0.7834707979717744,0.002621881662953851
639,7.0,2926,0.7744592955700286,0.7722977485179072,-0.0021615470521213487
639,10.0,2926,0.7705704675133567,0.7670765693164565,-0.003493898196900158
640,7.0,2971,0.7867469334319503,0.783235262450789,-0.003511670981161341
640,10.0,2971,0.7839162815634124,0.7804525376022005,-0.0034637439612119625
641,7.0,2965,0.7872182231180216,0.7877288287423617,0.0005106056243401325
641,10.0,2965,0.7889298623534996,0.7888726617741916,-5.720057930802547e-05
642,7.0,3006,0.8060232809136753,0.8081525881571004,0.0021293072434251936
642,10.0,3006,0.8011611618095986,0.8031669942242669,0.0020058324146682294
643,7.0,3035,0.7835908262162941,0.7871938073761315,0.0036029811598374817
643,10.0,3035,0.7814260937108011,0.7848689669812231,0.003442873270422031
644,7.0,2978,0.7889385743855516,0.7928461432167426,0.003907568831191033
644,10.0,2978,0.7855102266416101,0.7886813712236942,0.0031711445820841178
645,7.0,2971,0.7891280417149479,0.7908038818076477,0.0016758400926998318
645,10.0,2971,0.7829173407864103,0.783771868353769,0.0008545275673587094
646,7.0,2988,0.796985051840007,0.7992234654983345,0.0022384136583274428
646,10.0,2988,0.7962575026768962,0.7980920361110838,0.0018345334341876018
647,7.0,2996,0.7937814581362894,0.797219447990317,0.0034379898540275455
647,10.0,2996,0.7874588942570502,0.7905802896350265,0.003121395377976288
648,7.0,2954,0.7688533842181478,0.7763420804642197,0.0074886962460719575
648,10.0,2954,0.7679535833286132,0.7748546400663939,0.006901056737780742
649,7.0,2952,0.7986883953874446,0.8003100842355914,0.0016216888481467295
649,10.0,2952,0.7974930476088657,0.7987937749867023,0.0013007273778365969
650,7.0,2995,0.7679143206979758,0.7698150036118099,0.0019006829138340509
650,10.0,2995,0.7643407249229488,0.765379372792268,0.0010386478693191759
651,7.0,2937,0.7934146918630202,0.7932780001264031,-0.00013669173661701173
651,10.0,2937,0.7890677108808751,0.7884298990617635,-0.0006378118191116
652,7.0,2939,0.7879291243609383,0.7892391919424525,0.001310067581514196
652,10.0,2939,0.7839344928467751,0.7846423121921551,0.0007078193453800008
653,7.0,2993,0.7885662431941923,0.7929109808299778,0.004344737635785467
653,10.0,2993,0.786597595041003,0.7906268424536216,0.004029247412618564
654,7.0,2985,0.7882420258810411,0.7892110310535146,0.0009690051724735582
654,10.0,2985,0.7832282527225432,0.7840036027637985,0.000775350041255396
655,7.0,2956,0.761306717786521,0.7594821569470623,-0.0018245608394586998
655,10.0,2956,0.7608174809840764,0.7580204132037647,-0.002797067780311746
656,7.0,2939,0.767739314135125,0.7699379397725935,0.002198625637468532
656,10.0,2939,0.7661856384069976,0.7674527401297104,0.0012671017227128267
657,7.0,3004,0.7996682400465125,0.7998638792217418,0.00019563917522935625
657,10.0,3004,0.7963756130610561,0.7965296534222416,0.00015404036118549236
658,7.0,2978,0.8003843472219793,0.8024966325885461,0.002112285366566824
658,10.0,2978,0.7955267995530404,0.7976853019981016,0.0021585024450612167
659,7.0,2957,0.773100350688585,0.774486823981207,0.0013864732926220924
659,10.0,2957,0.7705108833506278,0.771498789390326,0.0009879060396982275
660,7.0,2980,0.7899034892353378,0.7920334891964692,0.0021299999611313902
660,10.0,2980,0.7890238316585861,0.790930068039305,0.001906236380718851
661,7.0,2990,0.7853227328130893,0.7862790449235014,0.0009563121104121386
661,10.0,2990,0.777868005849675,0.7786945378901593,0.000826532040484329
662,7.0,2952,0.7722569630584132,0.7718722285323085,-0.0003847345261046575
662,10.0,2952,0.7723018664503285,0.7708834816210417,-0.0014183848292868007
663,7.0,2923,0.7946738218054769,0.795511776564529,0.0008379547590521286
663,10.0,2923,0.7930131325040695,0.7924963724806249,-0.0005167600234445846
664,7.0,2937,0.8014889028223139,0.801254273371148,-0.00023462945116592415
664,10.0,2937,0.7989383812069392,0.797694139899382,-0.0012442413075571812
665,7.0,2963,0.7866347725949911,0.7882114176887077,0.0015766450937165777
665,10.0,2963,0.7834676861220051,0.7845486603170418,0.0010809741950367213
666,7.0,2937,0.7991369244740634,0.7984800584487857,-0.0006568660252777025
666,10.0,2937,0.7964064533486432,0.7952929636461703,-0.0011134897024729362
667,7.0,2947,0.7825087601744346,0.7826872590265497,0.0001784988521150721
667,10.0,2947,0.7785244593896442,0.7783969277897863,-0.00012753159985789964
668,7.0,2933,0.792453035207126,0.7936795324369808,0.001226497229854795
668,10.0,2933,0.7896929059597173,0.7909900133069777,0.0012971073472604067
669,7.0,2971,0.7831566158913826,0.783434388213475,0.00027777232209236224
669,10.0,2971,0.7807238163893283,0.7802972960344954,-0.0004265203548329266
670,7.0,2985,0.7910183071685241,0.7877439947674812,-0.0032743124010428115
670,10.0,2985,0.7890398985376371,0.7858660510410094,-0.0031738474966277463
671,7.0,2947,0.7917259366170513,0.7922816534071165,0.0005557167900652749
671,10.0,2947,0.7871847511688723,0.7873085723908392,0.00012382122196685774
672,7.0,2996,0.791149981897176,0.7893246138064205,-0.001825368090755508
672,10.0,2996,0.7917414678920955,0.7890223986458296,-0.0027190692462659705
673,7.0,2938,0.8012318508413919,0.804226565563404,0.0029947147220120707
673,10.0,2938,0.7955666789637537,0.7985047096073867,0.0029380306436330716
674,7.0,2973,0.7918791338287684,0.7934022219648926,0.0015230881361242288
674,10.0,2973,0.7844752169660621,0.7859887536354557,0.0015135366693935781
675,7.0,2962,0.7991152515376018,0.7997403310110359,0.0006250794734341536
675,10.0,2962,0.7961661853124739,0.7958016769922857,-0.0003645083201881949
676,7.0,2972,0.7903952231792238,0.7925560160643412,0.0021607928851173908
676,10.0,2972,0.7869642278874653,0.788215052912865,0.0012508250253996378
677,7.0,3001,0.7964919693031596,0.7990156690696514,0.002523699766491805
677,10.0,3001,0.7935778667852726,0.7953581491740706,0.0017802823887979047
678,7.0,3006,0.7887183299400301,0.7922965543640469,0.003578224424016785
678,10.0,3006,0.7840179624445599,0.7875323537715065,0.003514391326946642
679,7.0,2946,0.7838144965320827,0.7864698089280274,0.0026553123959447422
679,10.0,2946,0.7796593081363032,0.7821015389635974,0.002442230827294112
680,7.0,2958,0.7861953698413092,0.7858696522274392,-0.0003257176138700135
680,10.0,2958,0.7811242212957167,0.7808473194987421,-0.0002769017969745935
681,7.0,2956,0.7756506221455615,0.7747990366778403,-0.0008515854677211276
681,10.0,2956,0.7715568057250408,0.7693114128523858,-0.0022453928726550165
682,7.0,3031,0.7922250563103601,0.7943514794968579,0.0021264231864978056
682,10.0,3031,0.7895118618319744,0.7913863573362381,0.0018744955042636624
683,7.0,2946,0.8002095274142965,0.8007529469016978,0.000543419487401331
683,10.0,2946,0.7959341034686678,0.796594292297967,0.0006601888292991909
684,7.0,2942,0.7844079199664382,0.7879075866648478,0.0034996666984096203
684,10.0,2942,0.7821144507523077,0.7848831438727883,0.0027686931204806697
685,7.0,2956,0.7847989320171652,0.7831691632590322,-0.0016297687581330322
685,10.0,2956,0.7817197446344596,0.7791156707700958,-0.0026040738643637873
686,7.0,2977,0.7933472371661682,0.7946307179295692,0.0012834807634010126
686,10.0,2977,0.792321281240012,0.7929636108213642,0.0006423295813522412
687,7.0,2955,0.7968141830305088,0.7955879213221729,-0.0012262617083358407
687,10.0,2955,0.7921012362056269,0.7900461161625921,-0.002055120043034764
688,7.0,2952,0.7782436119080492,0.7800043320359373,0.0017607201278880824
688,10.0,2952,0.7738279166895095,0.7751997288770827,0.001371812187573207
689,7.0,2928,0.7924969633301598,0.7930454789183984,0.0005485155882385406
689,10.0,2928,0.7876824140489735,0.7881419477459417,0.0004595336969681618
690,7.0,2978,0.8053242165980751,0.8041279151409098,-0.0011963014571653163
690,10.0,2978,0.8016463956334724,0.799826156982801,-0.0018202386506713797
691,7.0,2979,0.776883531628651,0.7813670873594951,0.004483555730844135
691,10.0,2979,0.7769085975505414,0.7810051812004895,0.004096583649948027
692,7.0,2952,0.7943704348806921,0.7984514170969743,0.00408098221628217
692,10.0,2952,0.7931925441915529,0.7963250552741611,0.003132511082608147
693,7.0,2978,0.7719746524938675,0.7752843361042973,0.0033096836104297145
693,10.0,2978,0.7674158463781451,0.7706516213747584,0.0032357749966133165
694,7.0,2975,0.7970373210698859,0.7971909527449282,0.00015363167504234276
694,10.0,2975,0.7926915157413883,0.7913550750509877,-0.0013364406904006199
695,7.0,2962,0.776510548425595,0.7764670020643697,-4.354636122527733e-05
695,10.0,2962,0.7746051218747051,0.7736639946133854,-0.0009411272613196742
696,7.0,2992,0.7721938950693586,0.7743735121091425,0.0021796170397838655
696,10.0,2992,0.7694837592638539,0.7708679435592617,0.0013841842954077643
697,7.0,2922,0.7748140941188144,0.7791468449746154,0.004332750855800982
697,10.0,2922,0.7720517452393361,0.7762086319564994,0.0041568867171632995
698,7.0,2995,0.7902384902636593,0.7908690024295907,0.0006305121659313517
698,10.0,2995,0.7869797178769735,0.7871379831924651,0.00015826531549156808
699,7.0,2980,0.777431625257652,0.7808669850838893,0.0034353598262373275
699,10.0,2980,0.7766926429797913,0.779430722493726,0.002738079513934677
700,7.0,2996,0.7815022608520251,0.7807704094101097,-0.0007318514419154543
700,10.0,2996,0.7788551767281827,0.7768356743176887,-0.0020195024104939785
701,7.0,2950,0.7799474845715425,0.7813013782460957,0.001353893674553186
701,10.0,2950,0.7770881569894403,0.7775931077806695,0.0005049507912291418
702,7.0,3001,0.774895450156875,0.7759386051718528,0.001043155014977759
702,10.0,3001,0.7715876099461186,0.7723093140272225,0.0007217040811038355
703,7.0,2990,0.7939363165354268,0.7936392439437107,-0.0002970725917161854
703,10.0,2990,0.7907598023888437,0.7890588456006503,-0.0017009567881933751
704,7.0,3010,0.7786133074588658,0.7796016639484713,0.0009883564896054908
704,10.0,3010,0.77674969709061,0.7774236400706546,0.0006739429800445285
705,7.0,2943,0.7812757249025691,0.7827638115742633,0.0014880866716941998
705,10.0,2943,0.7763958365152374,0.7774352209401496,0.0010393844249122486
706,7.0,2962,0.7804960234546527,0.7819579593921424,0.0014619359374896668
706,10.0,2962,0.7775640082540185,0.778693214326582,0.0011292060725635045
707,7.0,2967,0.7861068088798054,0.7887041147072442,0.0025973058274387784
707,10.0,2967,0.7876032239136564,0.7897000886500052,0.002096864736348736
708,7.0,2960,0.7888775980036163,0.7887903434740995,-8.725452951685586e-05
708,10.0,2960,0.784090505857484,0.783276896015086,-0.0008136098423979776
709,7.0,2968,0.7960452459109576,0.8005947052052692,0.0045494592943116086
709,10.0,2968,0.7924957248565629,0.7966729794952934,0.004177254638730421
710,7.0,2954,0.7990656730936668,0.800628088652972,0.0015624155593051414
710,10.0,2954,0.7968980078266001,0.7979614170386116,0.0010634092120114236
711,7.0,2928,0.7967841648218337,0.7950638437866253,-0.0017203210352083609
711,10.0,2928,0.7916466165119381,0.7877617767762481,-0.003884839735689982
712,7.0,2998,0.7912225894063658,0.7912179066936034,-4.682712762438257e-06
712,10.0,2998,0.7890342937470293,0.7880432034465671,-0.000991090300462183
713,7.0,2974,0.7854497262922615,0.7897531438065898,0.004303417514328278
713,10.0,2974,0.7824408177671655,0.7862818740754164,0.003841056308250934
714,7.0,2983,0.7746637411625397,0.7746177689548288,-4.597220771085375e-05
714,10.0,2983,0.7714913956444105,0.7710170579627651,-0.00047433768164539813
715,7.0,2949,0.7743618289816888,0.7775601454234508,0.003198316441761939
715,10.0,2949,0.7715309149928152,0.7739706201606484,0.002439705167833206
716,7.0,2962,0.783576874205845,0.7839223316391359,0.00034545743329095213
716,10.0,2962,0.7799701938908814,0.7791311884524633,-0.0008390054384180834
717,7.0,2958,0.7841523409915995,0.7846651059079308,0.000512764916331343
717,10.0,2958,0.7788522278662444,0.7794167823409552,0.0005645544747108211
718,7.0,2974,0.7768044849334268,0.7772751519208443,0.0004706669874174896
718,10.0,2974,0.7744125587441256,0.7741925807419258,-0.00021997800219986097
719,7.0,3001,0.779299516025457,0.7810954949122633,0.001795978886806271
719,10.0,3001,0.7788642061187524,0.780750215237729,0.0018860091189766282
720,7.0,2991,0.7875051874612912,0.7887287345621783,0.0012235471008871235
720,10.0,2991,0.7833102752284884,0.7839676681149051,0.0006573928864167522
721,7.0,2993,0.7892842649351759,0.7925655182724962,0.0032812533373203223
721,10.0,2993,0.7854667326329854,0.7882732311525102,0.002806498519524858
722,7.0,2972,0.7942790277272506,0.7968305998632327,0.0025515721359821164
722,10.0,2972,0.7900528074659324,0.7921262805870037,0.002073473121071312
723,7.0,2970,0.7917542229047119,0.7924437282793179,0.000689505374605992
723,10.0,2970,0.788669368763518,0.7886172655506886,-5.21032128294463e-05
724,7.0,2980,0.7884857058350386,0.7884816908081312,-4.015026907389085e-06
724,10.0,2980,0.786511424821666,0.7865089082025425,-2.5166191235381774e-06
725,7.0,3001,0.7902583961360925,0.7899241018180262,-0.00033429431806630827
725,10.0,3001,0.7887050728807656,0.7878150499998128,-0.0008900228809528565
726,7.0,2992,0.7718424597128759,0.7730477938359109,0.001205334123035029
726,10.0,2992,0.7698890532086703,0.7709310743832336,0.0010420211745633123
727,7.0,2941,0.7831451624190895,0.7822277417327163,-0.0009174206863732381
727,10.0,2941,0.7827697348074841,0.780424897556827,-0.00234483725065715
728,7.0,2918,0.7952168491572814,0.7989822039058462,0.0037653547485647643
728,10.0,2918,0.7918904969103496,0.7952612866670703,0.0033707897567206713
729,7.0,2967,0.7907253078770715,0.7945298151464937,0.0038045072694221638
729,10.0,2967,0.7874730170682731,0.7914909638554217,0.0040179467871486185
730,7.0,2973,0.781028373604788,0.7837469002827051,0.0027185266779170547
730,10.0,2973,0.7786610343224145,0.7799318594464879,0.0012708251240733937
731,7.0,2940,0.7906312470811123,0.7948344453220402,0.004203198240927852
731,10.0,2940,0.7897899719238127,0.7935414660773448,0.0037514941535320423
732,7.0,2958,0.8035809824225063,0.8074835315492047,0.003902549126698407
732,10.0,2958,0.7992713632892743,0.8030814603751217,0.0038100970858474525
733,7.0,2978,0.772376313490456,0.7749569287384147,0.0025806152479587174
733,10.0,2978,0.7719530391533167,0.7740350471343473,0.0020820079810306424
734,7.0,2980,0.7766084923358143,0.7751667919472497,-0.0014417003885646151
734,10.0,2980,0.7715154181693201,0.7694471494577041,-0.002068268711616028
735,7.0,2937,0.7912755974258647,0.7906735204801381,-0.0006020769457266706
735,10.0,2937,0.7876743170968883,0.7856010210396039,-0.002073296057284346
736,7.0,2979,0.7961784950347505,0.7978110205237756,0.0016325254890251495
736,10.0,2979,0.7917414906216361,0.7929065606157529,0.0011650699941168075
737,7.0,2983,0.7935039554980379,0.7976681869416381,0.00416423144360023
737,10.0,2983,0.7913043261401413,0.7950239537534197,0.0037196276132783757
738,7.0,2979,0.7951541728187129,0.7974603244956245,0.0023061516769116164
738,10.0,2979,0.7904705883880585,0.7930117475046129,0.0025411591165543923
739,7.0,2991,0.7785975027066805,0.7810540303730586,0.002456527666378161
739,10.0,2991,0.7787462618787109,0.7809638707536377,0.0022176088749268352
740,7.0,2967,0.8056886159574106,0.8060646219508042,0.0003760059933936022
740,10.0,2967,0.8038354065861919,0.804461252278532,0.0006258456923401434
741,7.0,2987,0.8027840796156298,0.8046949643936642,0.0019108847780343607
741,10.0,2987,0.797413267278165,0.7997477986961038,0.0023345314179388232
742,7.0,2912,0.7857164632878907,0.7871229778754563,0.0014065145875655771
742,10.0,2912,0.7801262813826989,0.780746331587185,0.0006200502044860778
743,7.0,3009,0.7785155195681511,0.7816399974294711,0.003124477861319974
743,10.0,3009,0.7753282594555979,0.7780458048797558,0.002717545424157919
744,7.0,3011,0.7843270925054208,0.7849758034621614,0.0006487109567406835
744,10.0,3011,0.7816673672139034,0.782046391614814,0.0003790244009106436
745,7.0,3003,0.7759436649166943,0.7777825432545198,0.001838878337825478
745,10.0,3003,0.7735056970023673,0.7743842126541852,0.0008785156518179571
746,7.0,2909,0.7974169250764995,0.7975031835214206,8.625844492105017e-05
746,10.0,2909,0.7955136786981606,0.7956017375104398,8.805881227924583e-05
747,7.0,2959,0.7906471492645614,0.796604775436249,0.005957626171687602
747,10.0,2959,0.7864571616453527,0.7922157099480719,0.0057585483027191575
748,7.0,2905,0.7792486802526345,0.7789941266077861,-0.0002545536448483876
748,10.0,2905,0.7772468746018751,0.7773414785204956,9.46039186204839e-05
749,7.0,2979,0.7779935899911187,0.7810312648826763,0.0030376748915575957
749,10.0,2979,0.7757595368549133,0.7780282400220083,0.002268703167095043
750,7.0,2999,0.7956618184197769,0.7978386550087941,0.002176836589017239
750,10.0,2999,0.7929439063092986,0.7942148844530591,0.0012709781437605372
751,7.0,2932,0.7995136568732132,0.8017883098543037,0.0022746529810905303
751,10.0,2932,0.7986059756156204,0.800802415303856,0.002196439688235574
752,7.0,3012,0.7839270674613125,0.7859008235770633,0.001973756115750791
752,10.0,3012,0.781785405442985,0.7826349189699481,0.0008495135269630527
753,7.0,2948,0.7892418964635949,0.7934675879435479,0.004225691479952998
753,10.0,2948,0.782039411392372,0.785065624624012,0.003026213231639985
754,7.0,2992,0.781384377194746,0.7825200970191923,0.0011357198244463795
754,10.0,2992,0.7748609115809859,0.7756804417657949,0.0008195301848089587
755,7.0,2936,0.8035876966289724,0.8030571076752338,-0.0005305889537386976
755,10.0,2936,0.8018616151353689,0.801057905789778,-0.0008037093455909305
756,7.0,2930,0.7956704434920586,0.7984378205405526,0.0027673770484939464
756,10.0,2930,0.7928064722140515,0.7950350719591274,0.002228599745075832
757,7.0,3000,0.7839995932674464,0.786518369341404,0.0025187760739575626
757,10.0,3000,0.7783789232250115,0.7803788351114036,0.0019999118863921472
758,7.0,2984,0.7834503012925943,0.7874476345084147,0.003997333215820409
758,10.0,2984,0.7773195903938892,0.7809645269092333,0.0036449365153441438
759,7.0,2974,0.794794688935448,0.7935156938175267,-0.0012789951179212888
759,10.0,2974,0.7906319832981429,0.7882918749066918,-0.0023401083914510457
760,7.0,2953,0.7877482320726514,0.7890043083416025,0.0012560762689510785
760,10.0,2953,0.7814350006731753,0.7815774785596924,0.00014247788651711168
761,7.0,2996,0.7749529691312527,0.7769166908362315,0.001963721704978827
761,10.0,2996,0.7735113578116991,0.7745615022065534,0.001050144394854291
762,7.0,2966,0.7878058684936353,0.7853908174451922,-0.0024150510484430843
762,10.0,2966,0.7854370713436084,0.7830454533950851,-0.0023916179485232725
763,7.0,2949,0.7811677800133016,0.782125662465648,0.0009578824523464036
763,10.0,2949,0.7790476063812102,0.7798482500881108,0.0008006437069005834
764,7.0,2954,0.7824308000249822,0.779534995666195,-0.002895804358787224
764,10.0,2954,0.7781200769672831,0.7747420366595285,-0.0033780403077546817
765,7.0,2977,0.8071883724033511,0.8070027441276065,-0.00018562827574453156
765,10.0,2977,0.802894808016123,0.8021712929668853,-0.0007235150492377329
766,7.0,2931,0.7828515088853258,0.783223498032977,0.00037198914765113056
766,10.0,2931,0.7805809420752774,0.7802087271684289,-0.00037221490684846703
767,7.0,2880,0.7830120814727609,0.7828451654167657,-0.0001669160559951699
767,10.0,2880,0.7751502207510133,0.7739061017558378,-0.0012441189951754028
768,7.0,2975,0.7922320658092572,0.7931841847763965,0.0009521189671393149
768,10.0,2975,0.790684009857035,0.7905166396816881,-0.0001673701753469592
769,7.0,2978,0.7892387158104195,0.7904766636098397,0.0012379477994202137
769,10.0,2978,0.784700020994696,0.7856479252337388,0.000947904239042785
770,7.0,2925,0.7789431550958851,0.7812589791790261,0.002315824083141016
770,10.0,2925,0.7762342137035714,0.7776452868933166,0.0014110731897452045
771,7.0,2939,0.7891256952527911,0.788909289840774,-0.0002164054120170622
771,10.0,2939,0.7853237410071943,0.7840657031896606,-0.0012580378175336415
772,7.0,2993,0.760374116793693,0.7662425246794778,0.005868407885784799
772,10.0,2993,0.7598057136888285,0.7645441160743819,0.004738402385553342
773,7.0,2986,0.796388405231165,0.7942777490123291,-0.0021106562188359934
773,10.0,2986,0.79392421292559,0.7911403675388196,-0.002783845386770456
774,7.0,2939,0.7807995927733693,0.7845318193698113,0.003732226596442012
774,10.0,2939,0.7767295881911344,0.7804011231033418,0.003671534912207397
775,7.0,2992,0.7872795004564932,0.7877459898571876,0.00046648940069438094
775,10.0,2992,0.783755299710619,0.7838162487635596,6.094905294062869e-05
776,7.0,2940,0.7857955445283218,0.7891846592408805,0.0033891147125587606
776,10.0,2940,0.7828574792783336,0.7857685962628974,0.0029111169845638107
777,7.0,2948,0.7817687160189987,0.786025030264747,0.004256314245748349
777,10.0,2948,0.7786005419434747,0.782261783416636,0.0036612414731612697
778,7.0,2989,0.7963407827378601,0.7999331768082084,0.0035923940703482815
778,10.0,2989,0.7941436278105193,0.7969214363026766,0.002777808492157363
779,7.0,2987,0.7817894963695287,0.782202897057807,0.00041340068827833143
779,10.0,2987,0.7799736695145032,0.7798991254336823,-7.454408082085973e-05
780,7.0,2978,0.7948938273339421,0.7971856215315758,0.002291794197633701
780,10.0,2978,0.7948524999173073,0.7964555562380982,0.00160305632079083
781,7.0,2932,0.7847983542340353,0.7882627441701501,0.0034643899361147534
781,10.0,2932,0.7828355677807223,0.7860484012240075,0.003212833443285268
782,7.0,2995,0.7914441901014533,0.7912734022398364,-0.000170787861616839
782,10.0,2995,0.7855910451124996,0.7855609951544442,-3.0049958055333725e-05
783,7.0,2959,0.7928942761302739,0.7965266548171115,0.003632378686837634
783,10.0,2959,0.7883939926118816,0.7915922303639557,0.0031982377520740624
784,7.0,2965,0.7935198478037422,0.7960044264026198,0.0024845785988776292
784,10.0,2965,0.7887439805529111,0.7907774214121323,0.0020334408592211917
785,7.0,2963,0.8046620354029212,0.804676257597561,1.4222194639756935e-05
785,10.0,2963,0.8000996737724421,0.7995778086115172,-0.0005218651609248948
786,7.0,3002,0.803942106663361,0.8070579615873728,0.003115854924011785
786,10.0,3002,0.8004411380358137,0.8032038606838036,0.0027627226479898237
787,7.0,2986,0.7836985828216747,0.7842772596751161,0.0005786768534413733
787,10.0,2986,0.7796861619956853,0.7792414621925537,-0.0004446998031315541
788,7.0,2942,0.7872799410734743,0.7909158624845049,0.0036359214110305293
788,10.0,2942,0.7836830797770713,0.7869255345293684,0.003242454752297119
789,7.0,2971,0.7885305336779993,0.7892939386151885,0.0007634049371891827
789,10.0,2971,0.7864154976556584,0.786626411374174,0.00021091371851555962
790,7.0,2894,0.7870679365698,0.7896986821913137,0.0026307456215136638
790,10.0,2894,0.784772370689711,0.7863995415982751,0.001627170908564124
791,7.0,2960,0.7757070934125617,0.7751248879568637,-0.0005822054556979817
791,10.0,2960,0.7761423515737792,0.775059547698097,-0.001082803875682159
792,7.0,2988,0.7886554580129391,0.7892214226848286,0.0005659646718895184
792,10.0,2988,0.7835552056334488,0.7837343253535943,0.00017911972014550415
793,7.0,2994,0.7835558314497947,0.7829722030326257,-0.0005836284171689687
793,10.0,2994,0.7797892790546628,0.7788890140166356,-0.0009002650380272037
794,7.0,2951,0.7802967682103183,0.7810376806919216,0.0007409124816032397
794,10.0,2951,0.7755241750822676,0.7754793233526431,-4.485172962442885e-05
795,7.0,2955,0.7838317225999007,0.7846314341182749,0.0007997115183741021
795,10.0,2955,0.7802561568865917,0.7808604439039222,0.000604287017330507
796,7.0,2943,0.7933432079593424,0.7935288846877184,0.00018567672837599414
796,10.0,2943,0.7922122479980619,0.7924348674432157,0.00022261944515378218
797,7.0,2941,0.7807534550165152,0.7859351221245933,0.005181667108078103
797,10.0,2941,0.7775773428339496,0.7822604337125849,0.0046830908786352765
798,7.0,2977,0.7815235626245004,0.7850707767793409,0.0035472141548404945
798,10.0,2977,0.7756641020499,0.7789509853313051,0.0032868832814051396
799,7.0,2978,0.7951934072106283,0.7945289415444896,-0.0006644656661386472
799,10.0,2978,0.7912926204870481,0.7899364210690679,-0.0013561994179801529
800,7.0,2982,0.7938940490679649,0.7958337070014733,0.0019396579335083652
800,10.0,2982,0.7918703009808555,0.7930494715659093,0.0011791705850537904
801,7.0,2952,0.7842132409342185,0.7862208056709075,0.0020075647366889493
801,10.0,2952,0.7796628042733219,0.7812998229910743,0.0016370187177523476
802,7.0,2935,0.7710156933850194,0.7751727920697534,0.0041570986847340174
802,10.0,2935,0.7682597726111395,0.7717541730539942,0.0034944004428546505
803,7.0,2962,0.7868110460997054,0.7853637665587627,-0.001447279540942703
803,10.0,2962,0.7824766012304661,0.780456393916844,-0.00202020731362218
804,7.0,2986,0.7943963976652322,0.7944654893618718,6.909169663960046e-05
804,10.0,2986,0.7899970330498386,0.7892608818173128,-0.0007361512325257946
805,7.0,3000,0.7864690962119275,0.7893358951144163,0.002866798902488754
805,10.0,3000,0.7823873128437263,0.785167283418,0.0027799705742737046
806,7.0,3011,0.7860352176600489,0.7883729162169374,0.002337698556888479
806,10.0,3011,0.7784298272357081,0.7805101587731293,0.002080331537421265
807,7.0,2987,0.7930980147113759,0.7931170321870776,1.9017475701765818e-05
807,10.0,2987,0.7881342705009685,0.7878425783538839,-0.0002916921470845768
808,7.0,2980,0.7948571814830965,0.7960288354104567,0.0011716539273601834
808,10.0,2980,0.789233536667038,0.7899145147217691,0.0006809780547311073
809,7.0,3034,0.8099516032250542,0.8111896907270522,0.001238087501997942
809,10.0,3034,0.8081926530975618,0.8091867810655716,0.0009941279680097947
810,7.0,2982,0.7886133604522296,0.7916287314899585,0.0030153710377288645
810,10.0,2982,0.7841823589622409,0.787034882529318,0.002852523567077103
811,7.0,2931,0.7912490351747712,0.7930932296835373,0.0018441945087661615
811,10.0,2931,0.7910843619300214,0.7923148525961441,0.0012304906661226855
812,7.0,2902,0.7935021311127175,0.7979806006849514,0.004478469572233856
812,10.0,2902,0.7881779788966907,0.7917497770727274,0.0035717981760367
813,7.0,2938,0.7811712054659439,0.7801591236959176,-0.0010120817700263185
813,10.0,2938,0.7778477920998251,0.7768264802402962,-0.0010213118595289172
814,7.0,3013,0.8096320870271457,0.8134621438794488,0.0038300568523030876
814,10.0,3013,0.805614293118356,0.8091902080543735,0.003575914936017499
815,7.0,2982,0.7888312316462256,0.7896327517705994,0.0008015201243738446
815,10.0,2982,0.7827560074274121,0.7827898630928973,3.385566548519403e-05
816,7.0,2951,0.7971970024997613,0.798949740547734,0.0017527380479727128
816,10.0,2951,0.7934095722151631,0.7940755221060176,0.0006659498908545558
817,7.0,3006,0.7840509950217214,0.7824380631630202,-0.0016129318587011499
817,10.0,3006,0.7820804749052445,0.7792299279542748,-0.0028505469509696457
818,7.0,2969,0.7940319950298983,0.7983445102170161,0.004312515187117838
818,10.0,2969,0.789809664708309,0.7936831111806573,0.0038734464723482187
819,7.0,2978,0.7770441667398752,0.7796988930861811,0.0026547263463059245
819,10.0,2978,0.774917181834781,0.7776390953908756,0.002721913556094635
820,7.0,2935,0.7784826790000915,0.7836751071783067,0.0051924281782151915
820,10.0,2935,0.7762960010628405,0.781052212036668,0.004756210973827502
821,7.0,2987,0.792001999022336,0.7942113010303704,0.002209302008034375
821,10.0,2987,0.7873862850796021,0.7893486009201081,0.0019623158405059904
822,7.0,2948,0.7868569936924651,0.7895419578929423,0.002684964200477258
822,10.0,2948,0.7860045209335866,0.7881187444764807,0.0021142235428940337
823,7.0,2904,0.7972089421536851,0.7996303595222503,0.0024214173685651597
823,10.0,2904,0.79339015792723,0.7954613347141178,0.0020711767868878406
824,7.0,2972,0.792901788559169,0.7946462710028251,0.0017444824436561035
824,10.0,2972,0.791401903067323,0.7925487633044486,0.0011468602371255132
825,7.0,2921,0.794545837094552,0.7957186585854198,0.001172821490867837
825,10.0,2921,0.7903880846374648,0.791090138366792,0.00070205372932719
826,7.0,2956,0.7821702729783705,0.7784325328905883,-0.00373774008778216
826,10.0,2956,0.7792858764391114,0.7755485649424355,-0.003737311496675888
827,7.0,2952,0.7992354228912669,0.8055524843553059,0.006317061464038987
827,10.0,2952,0.7969897273366301,0.8026211939967196,0.0056314666600895125
828,7.0,2957,0.7608470912565396,0.7637401029443612,0.002893011687821634
828,10.0,2957,0.7560176970933818,0.7585997923662882,0.002582095272906315
829,7.0,2987,0.7863770450790264,0.7894699221144832,0.003092877035456798
829,10.0,2987,0.781742462703299,0.7845952834394658,0.0028528207361668834
830,7.0,2975,0.7728894571349989,0.7781895084258179,0.005300051290819008
830,10.0,2975,0.7714462519784365,0.7756387523651985,0.004192500386761999
831,7.0,2947,0.7930494447936308,0.7968769641734758,0.0038275193798449347
831,10.0,2947,0.7899265199048366,0.7927928262996009,0.002866306394764262
832,7.0,2951,0.8024251888937373,0.8007257194038078,-0.0016994694899294949
832,10.0,2951,0.8005926640286356,0.797983972813483,-0.0026086912151526143
833,7.0,2930,0.782231001576498,0.7846153534140782,0.002384351837580123
833,10.0,2930,0.7804366355855803,0.7827635134173803,0.002326877831799967
834,7.0,2924,0.8082886527623742,0.808229629230202,-5.902353217213108e-05
834,10.0,2924,0.80391815339189,0.8031067096856244,-0.0008114437062656243
835,7.0,2969,0.7717423272997461,0.7714411209262967,-0.00030120637344943635
835,10.0,2969,0.7665572675104159,0.76562315757409,-0.000934109936325811
836,7.0,2915,0.7898113878654719,0.7894977111401449,-0.00031367672532700563
836,10.0,2915,0.7878199143142824,0.7873365250269837,-0.0004833892872987411
837,7.0,2977,0.7887968945290543,0.7887922654198932,-4.629109161102818e-06
837,10.0,2977,0.7870030425261898,0.785608184508649,-0.001394858017540801
838,7.0,3002,0.7815697818744405,0.784556188833195,0.0029864069587545172
838,10.0,3002,0.7776925563525018,0.7804718616216113,0.002779305269109522
839,7.0,2960,0.771184537045775,0.7716165151198972,0.0004319780741220969
839,10.0,2960,0.7693568162952396,0.7692121209044224,-0.0001446953908171844
840,7.0,2962,0.7927379639062343,0.7941829285672812,0.0014449646610469324
840,10.0,2962,0.7905889962607192,0.7915905669341282,0.0010015706734090024
841,7.0,2934,0.7752674249019857,0.78165498444527,0.0063875595432842935
841,10.0,2934,0.7745887603270949,0.7802008251138088,0.005612064786713944
842,7.0,2980,0.7678384212149244,0.771094933569293,0.0032565123543686347
842,10.0,2980,0.7691924635817528,0.7716672024608713,0.002474738879118532
843,7.0,2957,0.788716886400861,0.7903377907113432,0.0016209043104822296
843,10.0,2957,0.78478405986664,0.7862324463197929,0.0014483864531529278
844,7.0,2961,0.7973496265280164,0.7967157617741437,-0.000633864753872726
844,10.0,2961,0.7967882158853606,0.7953894334468826,-0.001398782438478019
845,7.0,3008,0.7884260502999063,0.7930947473078729,0.004668697007966571
845,10.0,3008,0.7836540421297462,0.7875864714838926,0.003932429354146394
846,7.0,2947,0.7975543909798317,0.7976593408869648,0.00010494990713305619
846,10.0,2947,0.7921372457562719,0.7913982946475832,-0.0007389511086887124
847,7.0,2996,0.7754834142811603,0.7768991426843326,0.0014157284031722783
847,10.0,2996,0.7726344225459436,0.7737395483558528,0.0011051258099091799
848,7.0,2984,0.8038444316094826,0.8134490210457321,0.009604589436249533
848,10.0,2984,0.7992473427527674,0.8078729171893453,0.008625574436577854
849,7.0,2947,0.805237798920629,0.8067702033125523,0.0015324043919233699
849,10.0,2947,0.7988648065174241,0.8007034224206234,0.0018386159031993365
850,7.0,2976,0.7788762579679845,0.782183227776753,0.003306969808768434
850,10.0,2976,0.7766470292711943,0.7795287754950606,0.002881746223866277
851,7.0,2990,0.783191601411326,0.7843838582451255,0.001192256833799421
851,10.0,2990,0.7826368065057692,0.7833876774675633,0.0007508709617941589
852,7.0,2970,0.7873476395557749,0.7870699644933323,-0.0002776750624425839
852,10.0,2970,0.7865818992707893,0.7856395585795837,-0.0009423406912055787
853,7.0,2954,0.7742026825235275,0.7753086024004339,0.001105919876906336
853,10.0,2954,0.77107764015038,0.771613362979601,0.0005357228292209859
854,7.0,2966,0.8087185106572676,0.8108726851252671,0.002154174467999481
854,10.0,2966,0.804939788089246,0.8058936929039341,0.0009539048146880447
855,7.0,3011,0.7828773904434371,0.7814431243812203,-0.0014342660622167491
855,10.0,3011,0.7801201430639572,0.7775832675006706,-0.0025368755632865225
856,7.0,2942,0.7872309507695578,0.7899165656421593,0.0026856148726014384
856,10.0,2942,0.7831486407853041,0.7846117089123842,0.0014630681270800805
857,7.0,2934,0.7921894249446688,0.7935406983992503,0.0013512734545815253
857,10.0,2934,0.7915695560449274,0.7921978307178776,0.0006282746729502353
858,7.0,2901,0.788746521038625,0.7900709160907072,0.0013243950520822612
858,10.0,2901,0.7871403302118046,0.7871207198821288,-1.9610329675789906e-05
859,7.0,2960,0.7757063556338245,0.7770385108372793,0.0013321552034547546
859,10.0,2960,0.7710822064619656,0.7713621429784543,0.0002799365164887213
860,7.0,2991,0.7930151608198862,0.7947838573891408,0.001768696569254602
860,10.0,2991,0.7843671246746996,0.7854469911503321,0.0010798664756325183
861,7.0,2934,0.792569817332172,0.7914706699430832,-0.0010991473890887837
861,10.0,2934,0.7889459150372374,0.7871404626725259,-0.001805452364711524
862,7.0,2898,0.7882582154284098,0.7919419239866885,0.003683708558278709
862,10.0,2898,0.7837318050721446,0.7868147434313256,0.0030829383591810533
863,7.0,2942,0.7908196738589146,0.7924216594779319,0.0016019856190172543
863,10.0,2942,0.7883802004402951,0.7889963641352816,0.0006161636949865157
864,7.0,2931,0.7833216769605191,0.7843043024768338,0.0009826255163146724
864,10.0,2931,0.7794303931496248,0.7803185188322431,0.0008881256826183126
865,7.0,2968,0.7814053194585424,0.782570858680144,0.0011655392216015636
865,10.0,2968,0.778424916326478,0.7789133227783273,0.0004884064518492215
866,7.0,2981,0.7929096170212766,0.7935182978723404,0.0006086808510638031
866,10.0,2981,0.7901769638689052,0.7907909360095956,0.0006139721406903664
867,7.0,2958,0.7883323393327396,0.7890254164590158,0.0006930771262761981
867,10.0,2958,0.7861817826457057,0.7867951312720362,0.0006133486263304455
868,7.0,2923,0.7923282067859407,0.7922784747174597,-4.9732068481023184e-05
868,10.0,2923,0.7911592340673107,0.7902119778213399,-0.0009472562459708067
869,7.0,2937,0.7916935304730378,0.79363585139755,0.0019423209245121864
869,10.0,2937,0.7864768501882109,0.7880136296794681,0.0015367794912571897
870,7.0,2969,0.7839308046957754,0.7827572595661205,-0.0011735451296548405
870,10.0,2969,0.7786330872905528,0.7771033266641799,-0.0015297606263728891
871,7.0,2980,0.7815799028574169,0.7809318289249234,-0.0006480739324934426
871,10.0,2980,0.7806934102215901,0.7796263282210366,-0.0010670820005534987
872,7.0,3007,0.7816261152880837,0.7806565964152381,-0.0009695188728455761
872,10.0,3007,0.7795548616425485,0.7776372005737601,-0.0019176610687884343
873,7.0,2928,0.7889554846540944,0.787023322320053,-0.0019321623340413652
873,10.0,2928,0.784770188453995,0.7826918108358184,-0.002078377618176641
874,7.0,2939,0.7979010864568501,0.7997524918992253,0.0018514054423751647
874,10.0,2939,0.7947656343816297,0.7958810893031075,0.0011154549214777987
875,7.0,2948,0.7822170176062764,0.7854721635463039,0.003255145940027515
875,10.0,2948,0.7780213181575003,0.780873582362295,0.0028522642047946745
876,7.0,2954,0.7836205289589684,0.7877653566964188,0.004144827737450396
876,10.0,2954,0.7820333974001281,0.7856939880546427,0.0036605906545146283
877,7.0,2976,0.77121893069524,0.7706037105039599,-0.0006152201912800193
877,10.0,2976,0.7700444915802271,0.7681316123024393,-0.0019128792777878267
878,7.0,2958,0.806302729528536,0.8067406612567903,0.00043793172825434823
878,10.0,2958,0.8032187597521288,0.8024768018749562,-0.0007419578771725721
879,7.0,2950,0.7922460814729201,0.7958297003737724,0.003583618900852348
879,10.0,2950,0.7896933320230591,0.7926618688509108,0.0029685368278516977
880,7.0,2953,0.7970887228339012,0.796435740507208,-0.0006529823266931967
880,10.0,2953,0.7906256712713117,0.7902490963527924,-0.00037657491851927904
881,7.0,2945,0.7816649483817053,0.7836787022700383,0.0020137538883330253
881,10.0,2945,0.7791188368032687,0.7807582046228017,0.0016393678195329997
882,7.0,2948,0.7910421405060252,0.7917965163094919,0.0007543758034667114
882,10.0,2948,0.7882926594219678,0.788413121837025,0.00012046241505725419
883,7.0,2905,0.7668416095821494,0.770958939395159,0.004117329813009607
883,10.0,2905,0.7688310465206551,0.7716144206012954,0.002783374080640222
884,7.0,3061,0.8065078250032873,0.8139679655228377,0.007460140519550351
884,10.0,3061,0.8019689397913906,0.8089131372322358,0.006944197440845179
885,7.0,2944,0.779673568369171,0.7833613180958788,0.003687749726707823
885,10.0,2944,0.7776201663028658,0.780772111303858,0.003151945000992251
886,7.0,2957,0.7767911989724688,0.7794029837923288,0.002611784819859908
886,10.0,2957,0.7721165552880063,0.7736857768999756,0.0015692216119693736
887,7.0,3015,0.7693580426840224,0.7703612569626066,0.0010032142785841858
887,10.0,3015,0.7668079195156093,0.7669518285365642,0.0001439090209548466
888,7.0,2952,0.7907758114323825,0.7918935654230825,0.0011177539907000211
888,10.0,2952,0.785127037138152,0.7861106228503542,0.0009835857122021396
889,7.0,2977,0.7772063868993007,0.774726876016746,-0.002479510882554714
889,10.0,2977,0.7760455504950268,0.7730749595603841,-0.0029705909346426917
890,7.0,2947,0.7894423130321766,0.7915503031871357,0.002107990154959105
890,10.0,2947,0.7880443922454399,0.7894895876202678,0.0014451953748279012
891,7.0,2986,0.8095034151840632,0.8114951177252414,0.0019917025411781974
891,10.0,2986,0.8026658393626804,0.8044521757971727,0.0017863364344922195
892,7.0,2890,0.777185825449505,0.7767970339150181,-0.0003887915344868986
892,10.0,2890,0.7761152471808063,0.7754748377430539,-0.0006404094377523428
893,7.0,2941,0.7807024396025309,0.7830149037438485,0.002312464141317583
893,10.0,2941,0.7759574737828843,0.7773354010780104,0.0013779272951260912
894,7.0,2946,0.7911974143705331,0.7911414877774382,-5.5926593094945964e-05
894,10.0,2946,0.7890998943816677,0.7881526337883203,-0.0009472605933473766
895,7.0,2939,0.7912248664373257,0.7968086389710439,0.005583772533718223
895,10.0,2939,0.786458000555481,0.7911639412024728,0.004705940646991813
896,7.0,3000,0.7792974144990454,0.781961871377622,0.0026644568785765266
896,10.0,3000,0.7772103288663257,0.7793567322408451,0.0021464033745194344
897,7.0,2985,0.7930398248566837,0.7897837283760013,-0.003256096480682369
897,10.0,2985,0.7859761884738758,0.7828609873013204,-0.003115201172555482
898,7.0,2966,0.7883390538878805,0.7888614770069647,0.0005224231190842366
898,10.0,2966,0.7860658200526119,0.7854219682243793,-0.0006438518282326777
899,7.0,2967,0.7874598004594233,0.7876339698974869,0.0001741694380635872
899,10.0,2967,0.783642407573022,0.7827961148414044,-0.0008462927316175151
900,7.0,2946,0.7763604318420017,0.779068930640187,0.0027084987981853548
900,10.0,2946,0.7731263889955626,0.774850787500093,0.0017243985045303223
901,7.0,2938,0.7912672583755829,0.793921787325555,0.0026545289499720903
901,10.0,2938,0.7875789510628274,0.7895646234444329,0.001985672381605519
902,7.0,2980,0.785783211713098,0.7874132184417657,0.0016300067286677544
902,10.0,2980,0.7830882308061344,0.7848827060197929,0.0017944752136584974
903,7.0,2931,0.8060073828338724,0.8084313902028548,0.002424007368982406
903,10.0,2931,0.8024746454087308,0.804099897022992,0.0016252516142611917
904,7.0,3019,0.7817811659013376,0.7840696499494783,0.0022884840481406377
904,10.0,3019,0.7781819867272624,0.7800181596911901,0.0018361729639277957
905,7.0,2990,0.7975841043144408,0.7972137147681879,-0.00037038954625290277
905,10.0,2990,0.7940013886138676,0.7924749159688088,-0.001526472645058785
906,7.0,2916,0.7908692733059136,0.7922781484261834,0.0014088751202697702
906,10.0,2916,0.7876220455102766,0.7882013081577196,0.0005792626474430129
907,7.0,2959,0.7968838268035756,0.7984678053589428,0.0015839785553671826
907,10.0,2959,0.7939776006054459,0.7952100403105012,0.001232439705055377
908,7.0,2938,0.7799949458298366,0.7775408353975699,-0.0024541104322667318
908,10.0,2938,0.7742573381126684,0.7707739867620005,-0.003483351350667907
909,7.0,2932,0.8017235845870904,0.8003365678452122,-0.0013870167418781332
909,10.0,2932,0.7979570501029728,0.7966770949603568,-0.0012799551426160294
910,7.0,2945,0.7717761210783817,0.7736645484885736,0.0018884274101919063
910,10.0,2945,0.7674684771057917,0.7690676810114347,0.001599203905643054
911,7.0,2933,0.7772675556424768,0.7778899532342871,0.0006223975918102642
911,10.0,2933,0.7739852098604265,0.7739902115985305,5.0017381040268205e-06
912,7.0,2979,0.7947396381931486,0.7960802723611072,0.0013406341679585987
912,10.0,2979,0.7882007888949768,0.7886867204331732,0.00048593153819642687
913,7.0,2969,0.7974206267603672,0.7989688875209121,0.0015482607605449283
913,10.0,2969,0.7959150339021513,0.7967429496243208,0.0008279157221694478
914,7.0,3000,0.7736179676518616,0.7775070943885186,0.003889126736656978
914,10.0,3000,0.7682447406149288,0.771524774393313,0.0032800337783842615
915,7.0,2966,0.7794891568828198,0.7799133082476831,0.00042415136486328997
915,10.0,2966,0.7763896523787283,0.7760089857362706,-0.0003806666424576166
916,7.0,3014,0.7916122320607732,0.7942335607490202,0.0026213286882469378
916,10.0,3014,0.7873149324402355,0.7896685529506872,0.002353620510451626
917,7.0,3013,0.7927861716842488,0.7939545758615202,0.001168404177271376
917,10.0,3013,0.7851387877836594,0.7854267574492068,0.0002879696655473385
918,7.0,2971,0.7919513165749155,0.7950035969204239,0.003052280345508418
918,10.0,2971,0.789148025896045,0.7919269874058933,0.0027789615098482434
919,7.0,2979,0.7939283346448642,0.7976002081926278,0.003671873547763549
919,10.0,2979,0.7904342782264409,0.7933650045910017,0.0029307263645608206
920,7.0,2989,0.7894687806702172,0.7865703853168389,-0.0028983953533783247
920,10.0,2989,0.7846917584890042,0.7807525621620581,-0.0039391963269460595
921,7.0,2972,0.7855743880519062,0.7878385473820484,0.0022641593301422347
921,10.0,2972,0.7838275463570941,0.7857015286021958,0.001873982245101713
922,7.0,2907,0.7837051768533164,0.7854064434070632,0.0017012665537468052
922,10.0,2907,0.7820507968198173,0.7829307640812503,0.0008799672614330234
923,7.0,2989,0.7920311559934531,0.7940586245042923,0.0020274685108392365
923,10.0,2989,0.7894769625354952,0.7909205825776312,0.0014436200421360512
924,7.0,2967,0.7920022642524793,0.7949880568296912,0.0029857925772118765
924,10.0,2967,0.785422849330209,0.7883277293132713,0.002904879983062325
925,7.0,2979,0.7833868242270896,0.7856368955411748,0.002250071314085167
925,10.0,2979,0.7778903244967391,0.7803230238392462,0.0024326993425071164
926,7.0,2960,0.7738603380570258,0.7729185369588086,-0.0009418010982171765
926,10.0,2960,0.7743090287604185,0.7728138208593566,-0.0014952079010619457
927,7.0,2998,0.7910974886455794,0.7912252552979451,0.00012776665236569063
927,10.0,2998,0.7861110682488003,0.7854128412054253,-0.000698227043374966
928,7.0,2994,0.7919984742113513,0.7937176726887861,0.0017191984774348468
928,10.0,2994,0.7882479484515921,0.7891000617178908,0.0008521132662987485
929,7.0,2964,0.7707599996919025,0.7703658915445188,-0.00039410814738360944
929,10.0,2964,0.7715878818966414,0.7702280915269575,-0.001359790369683922
930,7.0,2979,0.7940201961829242,0.7957893043915589,0.0017691082086347398
930,10.0,2979,0.7885303694587595,0.7889162372125221,0.0003858677537625921
931,7.0,2935,0.786105476129143,0.7885660849218615,0.002460608792718477
931,10.0,2935,0.7817837533650702,0.7829105132143962,0.0011267598493259756
932,7.0,3003,0.7915194939323522,0.7934908339788278,0.0019713400464755892
932,10.0,3003,0.7860916473729769,0.7874421036263974,0.0013504562534205622
933,7.0,2947,0.7899994232337908,0.7901848123724592,0.00018538913866839035
933,10.0,2947,0.7864871701551558,0.7859347937751828,-0.0005523763799729631
934,7.0,3010,0.7942447652126114,0.7945115231338398,0.0002667579212283222
934,10.0,3010,0.7940995447493578,0.793264070805463,-0.0008354739438948267
935,7.0,2893,0.7838210205800419,0.7854507237926591,0.0016297032126172395
935,10.0,2893,0.7817180847210708,0.782705397218891,0.0009873124978201364
936,7.0,2938,0.787071567307211,0.7871556523781954,8.408507098445206e-05
936,10.0,2938,0.7827434401483307,0.7816440643413938,-0.0010993758069369752
937,7.0,2993,0.784875213477444,0.785527313937727,0.0006521004602829672
937,10.0,2993,0.7813010939846553,0.7814896036897633,0.00018850970510797538
938,7.0,2947,0.7874001781886699,0.7847266659480906,-0.0026735122405793232
938,10.0,2947,0.7836638891542745,0.7804291243735104,-0.003234764780764121
939,7.0,2987,0.770867126491715,0.7727333529869365,0.0018662264952215013
939,10.0,2987,0.7700284964370285,0.7711788674041592,0.001150370967130665
940,7.0,2955,0.7801984481411187,0.7843962822373562,0.004197834096237529
940,10.0,2955,0.7762511804206685,0.7799014798971577,0.003650299476489205
941,7.0,2952,0.7786527380189809,0.7801684111767522,0.0015156731577712357
941,10.0,2952,0.7745256558748842,0.7753231543836007,0.0007974985087164654
942,7.0,2995,0.7777262751749542,0.7804854048385113,0.0027591296635570695
942,10.0,2995,0.779073957968217,0.7817287138195408,0.002654755851323798
943,7.0,2979,0.7850947678009789,0.7854421303461055,0.00034736254512668374
943,10.0,2979,0.7783555485780584,0.7773714662061518,-0.0009840823719066139
944,7.0,2943,0.7946835413074953,0.7967126537450472,0.002029112437551883
944,10.0,2943,0.7890358763434707,0.7906148735879174,0.001578997244446656
945,7.0,2972,0.7973381156728367,0.7990226093639915,0.0016844936911547537
945,10.0,2972,0.7947686140978104,0.7956989117568629,0.0009302976590525036
946,7.0,2960,0.7782259345530145,0.781221129787134,0.0029951952341195076
946,10.0,2960,0.7786084960479996,0.780849749319254,0.002241253271254351
947,7.0,2991,0.7843721982086648,0.782811927917065,-0.0015602702915997746
947,10.0,2991,0.7852671684267984,0.7830138674959365,-0.0022533009308619567
948,7.0,2963,0.7836009027311112,0.789361445923532,0.005760543192420808
948,10.0,2963,0.7808922217006259,0.7853664647034644,0.004474243002838496
949,7.0,2979,0.7903523950540385,0.7931043277833786,0.0027519327293400453
949,10.0,2979,0.7888536704826049,0.791791122423861,0.002937451941256053
950,7.0,3001,0.7821283343805149,0.7830766758931849,0.0009483415126699812
950,10.0,3001,0.777600172102401,0.7778428164758031,0.0002426443734021566
951,7.0,2978,0.8004732179086509,0.8010892610975109,0.0006160431888599938
951,10.0,2978,0.7946083337990885,0.7952885480125804,0.0006802142134919587
952,7.0,2959,0.7881526526579138,0.7886506501561006,0.0004979974981867974
952,10.0,2959,0.7838710484193677,0.7830169567827131,-0.0008540916366546192
953,7.0,2967,0.8060143725215405,0.8081348417652398,0.002120469243699241
953,10.0,2967,0.8002315350775643,0.8020619484963083,0.0018304134187440146
954,7.0,2966,0.7847564890397138,0.7878509090652538,0.0030944200255399457
954,10.0,2966,0.7824690206475563,0.7851683969847164,0.0026993763371601087
955,7.0,3001,0.7941680348347491,0.7936604246476472,-0.0005076101871018812
955,10.0,3001,0.7896756034479532,0.7879576154776119,-0.0017179879703412837
956,7.0,2919,0.7843604899348318,0.7854502700410999,0.0010897801062681456
956,10.0,2919,0.7810523813622187,0.7815742414244867,0.0005218600622680647
957,7.0,2977,0.7943608772451471,0.7955027133882664,0.0011418361431192459
957,10.0,2977,0.7908872926173434,0.7921257791612509,0.0012384865439075687
958,7.0,2922,0.7725054007197116,0.778366568716322,0.005861167996610406
958,10.0,2922,0.7716985298799761,0.7765989299596397,0.004900400079663636
959,7.0,2964,0.8024432216696029,0.8031765458896155,0.0007333242200125989
959,10.0,2964,0.8006924446513465,0.8003914347448301,-0.0003010099065163807
960,7.0,2948,0.7749284948027572,0.7745645483909313,-0.0003639464118259106
960,10.0,2948,0.771072638427127,0.7696516807372021,-0.0014209576899248955
961,7.0,2967,0.8100307989018666,0.808651806536227,-0.001378992365639542
961,10.0,2967,0.8035544578237758,0.8015989055173206,-0.001955552306455166
962,7.0,2937,0.7748376362720292,0.7793237474600389,0.004486111188009678
962,10.0,2937,0.7747534323556554,0.7787567731990122,0.00400334084335674
963,7.0,2966,0.7797913861500566,0.7799765793288209,0.00018519317876430907
963,10.0,2966,0.7790183843467178,0.7780221752193309,-0.000996209127386849
964,7.0,3040,0.7808435422293862,0.7809538362203169,0.0001102939909306544
964,10.0,3040,0.7760131279472962,0.775034423764727,-0.000978704182569179
965,7.0,2950,0.7818596223380702,0.7832905921376122,0.0014309697995420478
965,10.0,2950,0.7813775776568057,0.7827949102356033,0.0014173325787976143
966,7.0,2956,0.793959256270483,0.7950708980418636,0.001111641771380567
966,10.0,2956,0.7929388374296499,0.7938229065812024,0.0008840691515524801
967,7.0,2964,0.7840711943225479,0.7861163899745419,0.002045195651994014
967,10.0,2964,0.7791463957157662,0.7809595947150048,0.0018131989992385966
968,7.0,2955,0.7925949771146001,0.7910199151671229,-0.001575061947477252
968,10.0,2955,0.7901479337018843,0.7884495449575756,-0.0016983887443087209
969,7.0,2966,0.7869450489376688,0.7890831151901263,0.0021380662524574934
969,10.0,2966,0.7824896271740115,0.7847528456233066,0.0022632184492951124
970,7.0,2961,0.805741029305301,0.8087195986769689,0.0029785693716678496
970,10.0,2961,0.8020446179715459,0.8051190778663146,0.003074459894768733
971,7.0,2970,0.7975807812616517,0.7943467834673636,-0.0032339977942880127
971,10.0,2970,0.7943103686672597,0.7912794389904569,-0.0030309296768027405
972,7.0,2933,0.7668008048289738,0.7694573236520573,0.002656518823083487
972,10.0,2933,0.7651596338160871,0.7675550364062624,0.002395402590175344
973,7.0,3000,0.7889513649859429,0.7900989253527418,0.001147560366798972
973,10.0,3000,0.784962215435386,0.7857269770111801,0.0007647615757940818
974,7.0,2934,0.7945310517858654,0.795753107997632,0.0012220562117666312
974,10.0,2934,0.7910790270113235,0.7915054724949326,0.00042644548360915024
975,7.0,2996,0.7863834328712188,0.7894841098725771,0.0031006770013582985
975,10.0,2996,0.7827289937381681,0.7850422245161224,0.0023132307779543115
976,7.0,2996,0.7995684310757026,0.8000041101802314,0.00043567910452879666
976,10.0,2996,0.7927880755851053,0.7931573042959181,0.00036922871081279673
977,7.0,2996,0.7777517891249118,0.7802839597747344,0.002532170649822585
977,10.0,2996,0.778795951378219,0.7809274836865008,0.0021315323082817805
978,7.0,2951,0.7880962628761429,0.7903583112055961,0.0022620483294532034
978,10.0,2951,0.7832471952603051,0.7847495735972443,0.0015023783369392252
979,7.0,2966,0.7951629245202757,0.7969315173030764,0.0017685927828007264
979,10.0,2966,0.793431886135673,0.7946948905396183,0.0012630044039453336
980,7.0,2967,0.7772451816429803,0.7796810918951887,0.002435910252208462
980,10.0,2967,0.7759332752168532,0.7783414166614491,0.0024081414445958904
981,7.0,2971,0.7931390907800724,0.7959467283580814,0.002807637578009059
981,10.0,2971,0.7874404816449618,0.7894070716314783,0.0019665899865164427
982,7.0,2967,0.7903949335913449,0.7892876915037279,-0.001107242087617033
982,10.0,2967,0.7845770049159879,0.782747572578081,-0.0018294323379068889
983,7.0,2947,0.7919894874158022,0.792220578301523,0.00023109088572081937
983,10.0,2947,0.789044330745286,0.7883747437935423,-0.0006695869517436837
984,7.0,2920,0.7732631358921432,0.7725224048284691,-0.000740731063674116
984,10.0,2920,0.7690129754400948,0.7672406238776238,-0.0017723515624710195
985,7.0,2960,0.7739946603923591,0.7757270783643826,0.0017324179720235033
985,10.0,2960,0.771726116207026,0.7729549332909864,0.0012288170839603874
986,7.0,2914,0.7916518380617087,0.7906791761014405,-0.0009726619602682396
986,10.0,2914,0.7877950452350253,0.7861347986348488,-0.001660246600176496
987,7.0,2960,0.7921136210523422,0.795526789765306,0.003413168712963821
987,10.0,2960,0.7888328590124432,0.792333788612144,0.0035009295997008305
988,7.0,2977,0.7876265817499596,0.7878576160599464,0.00023103430998683283
988,10.0,2977,0.7850936381251814,0.7847578916684126,-0.0003357464567688151
989,7.0,2969,0.8047030678339496,0.8027664774950253,-0.0019365903389243488
989,10.0,2969,0.8000203357511749,0.7964021566460272,-0.003618179105147723
990,7.0,2963,0.7925092794708308,0.796005344543752,0.0034960650729212173
990,10.0,2963,0.7896846113687314,0.7929168074194638,0.0032321960507324388
991,7.0,2994,0.7934936807677295,0.7941141634251719,0.0006204826574424116
991,10.0,2994,0.7886469754596306,0.7888761700063284,0.00022919454669778627
992,7.0,2958,0.7835743048008389,0.7846972322939493,0.0011229274931103816
992,10.0,2958,0.7812512469863157,0.7810890583145508,-0.0001621886717648735
993,7.0,2972,0.7955056735631226,0.8000127583567237,0.004507084793601068
993,10.0,2972,0.7898911786494026,0.7931257472146771,0.003234568565274487
994,7.0,2941,0.7632864984235006,0.7668653532177095,0.003578854794208941
994,10.0,2941,0.7596016635405591,0.7623268859853478,0.0027252224447886775
995,7.0,2949,0.790086585723121,0.7909017176090188,0.0008151318858978795
995,10.0,2949,0.7891400160103745,0.7892972837793765,0.00015726776900193418
996,7.0,2965,0.7790869628071497,0.7775405211481865,-0.0015464416589632268
996,10.0,2965,0.7775924607959096,0.7750677644788088,-0.0025246963171008385
997,7.0,2943,0.7682263269703458,0.7671648334075459,-0.0010614935627998312
997,10.0,2943,0.7684570428461535,0.7664732334157662,-0.001983809430387229
998,7.0,2939,0.8008252844416913,0.7968009535884422,-0.004024330853249158
998,10.0,2939,0.7960152688383961,0.7920152377198396,-0.004000031118556513
999,7.0,2929,0.7767631761736155,0.7787523788548744,0.001989202681258906
999,10.0,2929,0.7747143702187336,0.7763773038143789,0.0016629335956452884
1000,7.0,2989,0.7934480324309292,0.7902084157833374,-0.0032396166475917587
1000,10.0,2989,0.7890936732900307,0.784400159607245,-0.004693513682785699
1001,7.0,2932,0.7945444527364919,0.7948876040090113,0.00034315127251938193
1001,10.0,2932,0.7924278101536595,0.7924498895381382,2.207938447873481e-05
1002,7.0,3004,0.7897877769986066,0.7864500398410491,-0.0033377371575574744
1002,10.0,3004,0.7836278766133208,0.7798576326426434,-0.0037702439706773783
1003,7.0,2950,0.7780757362665043,0.7776873989798274,-0.0003883372866768653
1003,10.0,2950,0.7743185250184914,0.7725979922194504,-0.0017205327990410524
1004,7.0,2950,0.7957457431154089,0.7973118562118983,0.0015661130964893522
1004,10.0,2950,0.7928630524110173,0.7934983070338757,0.0006352546228584055
1005,7.0,2944,0.7867251828631139,0.7921428073841867,0.005417624521072861
1005,10.0,2944,0.7858566747520049,0.7907691436085204,0.004912468856515417
1006,7.0,2919,0.790123334067042,0.7947790708407592,0.004655736773717112
1006,10.0,2919,0.7874429915440838,0.791428173403087,0.003985181859003206
1007,7.0,3033,0.7976123350993756,0.8005589147024968,0.00294657960312128
1007,10.0,3033,0.7930773616620058,0.7957208335698718,0.0026434719078659574
1008,7.0,2926,0.7739337062776531,0.7761568880374511,0.0022231817597979653
1008,10.0,2926,0.7693902736244308,0.7709286776302131,0.0015384040057823123
1009,7.0,2960,0.7938141497203578,0.7940639417684777,0.0002497920481199234
1009,10.0,2960,0.7940569911104415,0.7933577858972427,-0.0006992052131987725
1010,7.0,2984,0.7915030150512244,0.794830478082494,0.0033274630312695175
1010,10.0,2984,0.7911764393913502,0.7940314743294351,0.0028550349380849216
1011,7.0,2950,0.7838284413853226,0.7857456018084411,0.0019171604231185135
1011,10.0,2950,0.7797049218595544,0.7813079860226144,0.0016030641630599973
1012,7.0,3013,0.7926567089965783,0.7967810948203105,0.004124385823732202
1012,10.0,3013,0.7854696004618117,0.7892077257858336,0.003738125324021957
1013,7.0,2969,0.8056484664840822,0.8077799144054024,0.002131447921320251
1013,10.0,2969,0.8002695567769418,0.8011326330627462,0.0008630762858043983
1014,7.0,2962,0.7975807267259573,0.7995441948903977,0.001963468164440485
1014,10.0,2962,0.7943589921646239,0.7952437351069342,0.0008847429423103348
1015,7.0,2956,0.7952673997080228,0.7925376317041298,-0.0027297680038930183
1015,10.0,2956,0.7914966397293981,0.788138276565848,-0.0033583631635500932
1016,7.0,2995,0.7964619729743442,0.7949021500578266,-0.0015598229165175725
1016,10.0,2995,0.7950227871346935,0.7924050349427616,-0.0026177521919319435
1017,7.0,3024,0.7824245435679685,0.7847840932340976,0.002359549666129057
1017,10.0,3024,0.7789624181975575,0.780965047989925,0.0020026297923675385
1018,7.0,2956,0.7983221603162023,0.7991550934511934,0.0008329331349911095
1018,10.0,2956,0.7916580937115372,0.7918231872666052,0.0001650935550679966
1019,7.0,2922,0.7792260079663008,0.7815320801215004,0.0023060721551996233
1019,10.0,2922,0.777235414313107,0.7784834277492539,0.0012480134361468886
1020,7.0,2988,0.7761911384964205,0.7779874246845674,0.0017962861881468672
1020,10.0,2988,0.7725715604106793,0.7742217005973607,0.0016501401866814147
1021,7.0,3033,0.8002731223486965,0.8046520283808617,0.004378906032165175
1021,10.0,3033,0.795985917208781,0.7997935092464001,0.0038075920376191563
1022,7.0,2974,0.78270333814718,0.7848351175501973,0.002131779403017342
1022,10.0,2974,0.7771075657290307,0.7784810377579225,0.00137347202889182
1023,7.0,2994,0.7950924846729979,0.7959489936183224,0.0008565089453245189
1023,10.0,2994,0.7934537023819486,0.7941631430498196,0.0007094406678710419
1024,7.0,3009,0.774663380657657,0.7756591158814802,0.0009957352238231243
1024,10.0,3009,0.772517733632874,0.7728090192401809,0.00029128560730684594
1025,7.0,2929,0.7899489797335393,0.7923541811899915,0.0024052014564521773
1025,10.0,2929,0.786502250145391,0.7882664578066839,0.001764207661292927
1026,7.0,2952,0.797124383676348,0.7979505096935857,0.0008261260172377494
1026,10.0,2952,0.7932060006901434,0.7941783676804185,0.000972366990275142
1027,7.0,2972,0.7994973076234944,0.7975826325843929,-0.0019146750391014766
1027,10.0,2972,0.7942019584304564,0.7916570216568601,-0.0025449367735962403
1028,7.0,2920,0.7727563230545731,0.7778839391590479,0.005127616104474764
1028,10.0,2920,0.7711369157896281,0.7759598134632963,0.0048228976736682805
1029,7.0,2925,0.7872312179197836,0.7896809481420201,0.0024497302222364903
1029,10.0,2925,0.7860493586124289,0.7875690593158181,0.0015197007033892485
1030,7.0,2947,0.771277043522182,0.772997597570373,0.0017205540481910475
1030,10.0,2947,0.7720825369544496,0.7732363603139091,0.0011538233594594605
1031,7.0,2940,0.7888009243914358,0.7917302600636961,0.0029293356722602804
1031,10.0,2940,0.7871634471829982,0.7898743304874014,0.0027108833044031666
1032,7.0,2927,0.7863724749150371,0.7881157283726942,0.0017432534576570236
1032,10.0,2927,0.7818815483458141,0.7828475212165379,0.0009659728707237525
1033,7.0,2977,0.7913819446793636,0.794774646775594,0.0033927020962303267
1033,10.0,2977,0.790106115684807,0.7925531914893617,0.0024470758045546104
1034,7.0,2990,0.7875292601440441,0.7881331363456248,0.0006038762015806443
1034,10.0,2990,0.7833094512745794,0.7835767697809674,0.00026731850638794796
1035,7.0,2974,0.7878363515137947,0.7897964249040038,0.001960073390209094
1035,10.0,2974,0.7830896595428268,0.7845189760265696,0.0014293164837427819
1036,7.0,3006,0.778564647455646,0.7807225156088441,0.0021578681531980726
1036,10.0,3006,0.7742934231952803,0.7757134194036016,0.001419996208321339
1037,7.0,2987,0.788796203561178,0.7886295044061007,-0.00016669915507727673
1037,10.0,2987,0.7862834196616721,0.7849746053853897,-0.0013088142762824884
1038,7.0,2985,0.7871103269870853,0.790540664974825,0.003430337987739729
1038,10.0,2985,0.7829609321935477,0.7855992379531253,0.002638305759577575
1039,7.0,3000,0.7938686480610821,0.794671738447525,0.000803090386442884
1039,10.0,3000,0.7884799421595342,0.7890618132837464,0.0005818711242121521
1040,7.0,2959,0.787454703355441,0.7881771234498338,0.0007224200943928283
1040,10.0,2959,0.7827991946358314,0.783269606122738,0.00047041148690663004
1041,7.0,2947,0.7833405520590077,0.7868530940058015,0.0035125419467938457
1041,10.0,2947,0.782701954636449,0.7854093610890804,0.0027074064526314556
1042,7.0,2933,0.7825809378659082,0.7829225653438959,0.000341627477987716
1042,10.0,2933,0.7813073004231025,0.7814831698657551,0.00017586944265257642
1043,7.0,2932,0.8116158058455086,0.8141896172800985,0.002573811434589901
1043,10.0,2932,0.8062467119499724,0.8081826121435625,0.0019359001935900233
1044,7.0,2991,0.7752232259412041,0.7740927366717143,-0.0011304892694897761
1044,10.0,2991,0.7691553407757973,0.7688383515077959,-0.0003169892680013886
1045,7.0,2951,0.7736973693513037,0.776427639486082,0.0027302701347782232
1045,10.0,2951,0.7731730247694811,0.775827156029651,0.0026541312601698897
1046,7.0,2898,0.7855732686644527,0.7878181575399407,0.002244888875488016
1046,10.0,2898,0.7847165059945241,0.7858400131267943,0.0011235071322701629
1047,7.0,2986,0.7974989369515636,0.7979724767095752,0.0004735397580115652
1047,10.0,2986,0.7932924791665854,0.7926228453067768,-0.0006696338598085605
1048,7.0,2955,0.784414093599373,0.7866766236090624,0.0022625300096894563
1048,10.0,2955,0.7805399700993756,0.782519274177,0.0019793040776243664
1049,7.0,2924,0.780412723596454,0.7817362062656421,0.0013234826691881363
1049,10.0,2924,0.7776983496154012,0.7789083946397418,0.0012100450243406335
1050,7.0,2933,0.7699856417206606,0.7760545836793299,0.0060689419586692495
1050,10.0,2933,0.7679865472030268,0.7736428965553482,0.005656349352321399
1051,7.0,2964,0.7842462981905213,0.7830841137614046,-0.0011621844291166417
1051,10.0,2964,0.7837569693137771,0.7824874358673187,-0.0012695334464584151
1052,7.0,3020,0.7870212623592933,0.7923342786702147,0.0053130163109214035
1052,10.0,3020,0.7860466295471776,0.7908382791108707,0.004791649563693046
1053,7.0,3024,0.7974298753744224,0.7996760732096105,0.0022461978351880907
1053,10.0,3024,0.7933329890583534,0.7946164629776343,0.001283473919280964
1054,7.0,3004,0.7880671741899556,0.7903649509673172,0.0022977767773615376
1054,10.0,3004,0.785027585576249,0.7868150089919834,0.001787423415734457
1055,7.0,2940,0.7763906358533426,0.7766722360936414,0.00028160024029888486
1055,10.0,2940,0.7751975597860011,0.7751078460360422,-8.971374995891956e-05
1056,7.0,2968,0.7966820155626148,0.7994768746539213,0.002794859091306501
1056,10.0,2968,0.7892789891657342,0.7910173839478208,0.0017383947820865941
1057,7.0,2944,0.7677832682142036,0.7712868415580436,0.003503573343839994
1057,10.0,2944,0.7694329061263006,0.7724470105149754,0.0030141043886748875
1058,7.0,2981,0.7878643788821904,0.7942979562777999,0.006433577395609458
1058,10.0,2981,0.7833891179860816,0.7890218269011471,0.00563270891506551
1059,7.0,2997,0.7765944011238896,0.7753327595837234,-0.0012616415401661696
1059,10.0,2997,0.7759524013355021,0.7744096028960339,-0.0015427984394682515
1060,7.0,2985,0.8091888262938206,0.81252703337411,0.0033382070802894237
1060,10.0,2985,0.801398115032275,0.8046370307570077,0.0032389157247326716
1061,7.0,2980,0.7766313496631996,0.7783122434212653,0.0016808937580656824
1061,10.0,2980,0.7769098720564833,0.7773295721896052,0.0004197001331218697
1062,7.0,2942,0.784589433984887,0.7862189994250196,0.0016295654401325965
1062,10.0,2942,0.7796387415049011,0.7805874947006,0.0009487531956988704
1063,7.0,2959,0.8105133860796816,0.8120340467389858,0.0015206606593042293
1063,10.0,2959,0.8051216821925046,0.8060854779772664,0.0009637957847618006
1064,7.0,2958,0.7958161032702331,0.7966809493181178,0.0008648460478847264
1064,10.0,2958,0.7936513507681349,0.7935720543999085,-7.929636822634478e-05
1065,7.0,2983,0.8035571013474143,0.804847797354267,0.0012906960068527207
1065,10.0,2983,0.799928061807718,0.8008593164886278,0.000931254680909821
1066,7.0,2928,0.7943880210911155,0.7979054067430856,0.0035173856519701285
1066,10.0,2928,0.7919011734470255,0.7948995397856318,0.002998366338606284
1067,7.0,2899,0.8150150223107634,0.8142983244657159,-0.0007166978450474648
1067,10.0,2899,0.8103659943101725,0.8088922777250942,-0.001473716585078333
1068,7.0,2953,0.7921499896863401,0.7901225595042798,-0.002027430182060308
1068,10.0,2953,0.7887858970118994,0.7862832859042014,-0.002502611107698005
1069,7.0,2949,0.7848113449691991,0.7835000781180251,-0.0013112668511739978
1069,10.0,2949,0.7798419251723299,0.777555102350702,-0.002286822821627843
1070,7.0,2999,0.7703099019363961,0.7705429502873826,0.00023304835098647558
1070,10.0,2999,0.7662813118801166,0.7660215777242093,-0.00025973415590729854
1071,7.0,2972,0.7858870781782583,0.7899161073122057,0.004029029133947426
1071,10.0,2972,0.7822421425438625,0.7857008325353936,0.0034586899915310942
1072,7.0,3005,0.7815274127074681,0.7831095815183489,0.0015821688108808019
1072,10.0,3005,0.7805612205125368,0.7812866982339584,0.000725477721421508
1073,7.0,2974,0.7629170681016498,0.7658707157422565,0.0029536476406066825
1073,10.0,2974,0.7615453826513879,0.7638875653304984,0.0023421826791104605
1074,7.0,2974,0.8022919524765482,0.805685917231224,0.0033939647546757934
1074,10.0,2974,0.7964557448955633,0.7994881824857994,0.003032437590236192
1075,7.0,2922,0.7988127407021045,0.8041583769819394,0.0053456362798348644
1075,10.0,2922,0.7974064821955482,0.8020041154844796,0.004597633288931369
1076,7.0,2984,0.796088798560519,0.7980740701123035,0.0019852715517845176
1076,10.0,2984,0.789946419332937,0.7916009922613743,0.0016545729284372923
1077,7.0,3031,0.775511254604374,0.7783801222725406,0.0028688676681666303
1077,10.0,3031,0.7744451449261419,0.7770047955957936,0.002559650669651692
1078,7.0,2989,0.7889882187795038,0.792692683910522,0.0037044651310181864
1078,10.0,2989,0.7849977528643284,0.7882040768581965,0.00320632399386811
1079,7.0,2980,0.8022188474449781,0.8035070246125523,0.0012881771675742337
1079,10.0,2980,0.7990356571950543,0.8001839950412684,0.0011483378462140426
1080,7.0,2956,0.8024450113105838,0.8022256753690551,-0.00021933594152867553
1080,10.0,2956,0.8014740271888251,0.8005594183919514,-0.0009146087968736616
1081,7.0,2957,0.802562913067928,0.805350025656202,0.00278711258827391
1081,10.0,2957,0.7983778281285916,0.8004243072462952,0.0020464791177036146
1082,7.0,2996,0.7872350430253031,0.7892230366929817,0.001987993667678545
1082,10.0,2996,0.7850785057646152,0.7864760997923855,0.001397594027770288
1083,7.0,2940,0.7751849139458836,0.7755710851548892,0.0003861712090055258
1083,10.0,2940,0.7743117850184231,0.774108583958691,-0.00020320105973214986
1084,7.0,2989,0.7822005890966133,0.7819662617133338,-0.00023432738327944236
1084,10.0,2989,0.7759898565992951,0.7748552143129503,-0.0011346422863447447
1085,7.0,2964,0.7929393246636435,0.7930420395285666,0.00010271486492308135
1085,10.0,2964,0.7852741433916547,0.7852715323778764,-2.611013778297533e-06
1086,7.0,2968,0.7855254395178349,0.7860926454082348,0.0005672058903998245
1086,10.0,2968,0.787212353994661,0.7875846809064502,0.0003723269117891226
1087,7.0,3017,0.7828659498964196,0.7866299204290926,0.0037639705326730777
1087,10.0,3017,0.7797220772025528,0.7827546160648646,0.0030325388623118066
1088,7.0,2944,0.7839173960428301,0.7875198027032797,0.003602406660449642
1088,10.0,2944,0.7799949502122488,0.7827460324974883,0.002751082285239459
1089,7.0,2963,0.7912138969877671,0.7926545121634383,0.0014406151756711782
1089,10.0,2963,0.7860969523516681,0.7865213866254585,0.0004244342737903528
1090,7.0,2940,0.7912273961832607,0.7928757772853977,0.0016483811021370531
1090,10.0,2940,0.7894512194262998,0.7904330713652813,0.0009818519389814817
1091,7.0,3006,0.7856716717929159,0.7858662416196456,0.000194569826729718
1091,10.0,3006,0.7844506822385278,0.7842228249935158,-0.00022785724501195315
1092,7.0,2974,0.800345908550427,0.8029255429176159,0.0025796343671888877
1092,10.0,2974,0.7957091161899713,0.7976960069622453,0.001986890772273986
1093,7.0,2943,0.8012387212141618,0.8015259076080344,0.00028718639387259604
1093,10.0,2943,0.7940466711084389,0.793337070922101,-0.000709600186337811
1094,7.0,2960,0.7986867659796532,0.8021487327641397,0.0034619667844865143
1094,10.0,2960,0.7948930690196657,0.7971976269797438,0.002304557960078113
1095,7.0,2965,0.8044189351758205,0.8041694169124144,-0.00024951826340613437
1095,10.0,2965,0.7998707209056525,0.799337257461313,-0.0005334634443394659
1096,7.0,2975,0.7785602553386285,0.7813056008335936,0.002745345494965079
1096,10.0,2975,0.7766781318536451,0.7786376002205151,0.0019594683668699986
1097,7.0,2944,0.7858052791595499,0.7887393098740613,0.002934030714511371
1097,10.0,2944,0.7800643095894123,0.7822888906454672,0.0022245810560549417
1098,7.0,2986,0.7965543056860501,0.7980754676328647,0.0015211619468146198
1098,10.0,2986,0.7891003805315167,0.7901469700689457,0.0010465895374290879
1099,7.0,2975,0.7767462053770299,0.7761861864834632,-0.0005600188935667161
1099,10.0,2975,0.7745903488171529,0.7735143095967838,-0.0010760392203691405
1100,7.0,2998,0.7828606966855721,0.7840436966382521,0.0011829999526800083
1100,10.0,2998,0.7771477027836932,0.7776373675418574,0.0004896647581642544
1101,7.0,2955,0.7815633132957109,0.7844485685995487,0.0028852553038377637
1101,10.0,2955,0.7781450421222647,0.7803074753496613,0.0021624332273966207
1102,7.0,2988,0.8022165094020675,0.8028356683270379,0.0006191589249704421
1102,10.0,2988,0.7995501427335694,0.7995139444518644,-3.619828170497996e-05
1103,7.0,3003,0.8044600644324506,0.8070345731698814,0.002574508737430814
1103,10.0,3003,0.79908632751584,0.8013056953299001,0.0022193678140601802
1104,7.0,2982,0.7998006860845536,0.8018295588095162,0.0020288727249626604
1104,10.0,2982,0.7954741311724233,0.7968201004772986,0.001345969304875294
1105,7.0,3013,0.7777306908667937,0.7791356624810221,0.0014049716142283675
1105,10.0,3013,0.7782726610454339,0.778686199128204,0.00041353808277011517
1106,7.0,3016,0.781821002637466,0.7828832458348556,0.0010622431973895674
1106,10.0,3016,0.7778246742052344,0.7783466116274341,0.0005219374221997475
1107,7.0,2928,0.7822594148879364,0.7835251492182113,0.0012657343302748814
1107,10.0,2928,0.7780865872419235,0.7788209259139405,0.0007343386720169987
1108,7.0,2937,0.783327881282221,0.784565370092837,0.0012374888106160276
1108,10.0,2937,0.7804233884527801,0.7803711434803079,-5.224497247224846e-05
1109,7.0,2978,0.7760222480703274,0.7819439373601182,0.005921689289790866
1109,10.0,2978,0.7718918422693386,0.7769906629996978,0.005098820730359166
1110,7.0,2966,0.7816866124970795,0.7835674047921912,0.0018807922951117328
1110,10.0,2966,0.7778692436912281,0.7783701022172907,0.0005008585260626308
1111,7.0,2988,0.7928987230888906,0.7926684894630652,-0.00023023362582541562
1111,10.0,2988,0.7891618123352133,0.7886599729006706,-0.000501839434542739
1112,7.0,3011,0.7938004448974586,0.7929947770040494,-0.0008056678934091899
1112,10.0,3011,0.7898637430547892,0.7881303077157712,-0.0017334353390180413
1113,7.0,2961,0.7899313841557524,0.790173120192397,0.00024173603664467969
1113,10.0,2961,0.7857585343505696,0.7856725607644819,-8.597358608775085e-05
1114,7.0,2966,0.7740705304187574,0.7714366482014037,-0.0026338822173537224
1114,10.0,2966,0.7703405019070724,0.7678945997713822,-0.002445902135690181
1115,7.0,2937,0.7740861635887395,0.7784746727219366,0.004388509133197105
1115,10.0,2937,0.7715617715617715,0.7750524313198408,0.003490659758069281
1116,7.0,2978,0.7903087969458414,0.7950210186385672,0.004712221692725782
1116,10.0,2978,0.7893907114923984,0.7937304929497653,0.004339781457366909
1117,7.0,2991,0.8001642565922623,0.7975658652356279,-0.002598391356634422
1117,10.0,2991,0.7976088802635102,0.7946221005946907,-0.0029867796688194392
1118,7.0,2993,0.7937942343976875,0.7972108677389832,0.003416633341295716
1118,10.0,2993,0.7913325011114433,0.7946894363915394,0.003356935280096174
1119,7.0,3056,0.805853687518644,0.8073315913707249,0.0014779038520809085
1119,10.0,3056,0.8030116804457875,0.8043493231831228,0.0013376427373352762
1120,7.0,2942,0.7746126942988446,0.7796598454007165,0.005047151101871927
1120,10.0,2942,0.7708771381572876,0.7749378376483007,0.0040606994910130645
1121,7.0,2965,0.7725342063937328,0.7748603180214729,0.0023261116277401017
1121,10.0,2965,0.7685286605372972,0.7699535692995167,0.0014249087622195677
1122,7.0,2947,0.7834063671077278,0.7888799187542648,0.005473551646536956
1122,10.0,2947,0.7817147764883321,0.7869330745131994,0.005218298024867285
1123,7.0,2938,0.7904679802624412,0.7914490751885868,0.0009810949261455093
1123,10.0,2938,0.7874590853355763,0.7877079934333864,0.0002489080978100855
1124,7.0,2995,0.7888557476172495,0.7909895161515128,0.0021337685342632806
1124,10.0,2995,0.7829295587938636,0.7844136943929453,0.0014841355990816707
1125,7.0,2991,0.7871397813845644,0.7847493651319422,-0.0023904162526222628
1125,10.0,2991,0.7812505332967519,0.777748168412817,-0.00350236488393485
1126,7.0,2993,0.7823609132971757,0.7845864828060272,0.0022255695088514438
1126,10.0,2993,0.7761211787714067,0.778189655386095,0.0020684766146882305
1127,7.0,2934,0.7834339035048294,0.7842023156753183,0.0007684121704888414
1127,10.0,2934,0.7813632291699737,0.7815771783825716,0.0002139492125978748
1128,7.0,2970,0.8045116464475648,0.8057075143769447,0.001195867929379868
1128,10.0,2970,0.802167043120624,0.8029365969586618,0.0007695538380377842
1129,7.0,3010,0.7885301727781096,0.7881225614893217,-0.0004076112887878569
1129,10.0,3010,0.7852966176118029,0.7842491964856906,-0.0010474211261123356
1130,7.0,2981,0.7860657889131514,0.7918024271290974,0.005736638215946055
1130,10.0,2981,0.7855133660142987,0.7904109801830117,0.004897614168713038
1131,7.0,2986,0.7834071633396898,0.7835866277095569,0.00017946436986704395
1131,10.0,2986,0.7791230879213428,0.7782368235501498,-0.0008862643711929907
1132,7.0,2982,0.7889727067944889,0.7914348577714915,0.0024621509770025307
1132,10.0,2982,0.7840388708267223,0.7858839736986274,0.001845102871905091
1133,7.0,2956,0.7900981905648543,0.7919981040146965,0.0018999134498421943
1133,10.0,2956,0.7839715933909827,0.7855323548222772,0.0015607614312945772
1134,7.0,2997,0.7912240323367701,0.7897509766007249,-0.0014730557360451701
1134,10.0,2997,0.789721737687911,0.7881148307114835,-0.0016069069764275135
1135,7.0,2963,0.7880503121775307,0.7916443855941195,0.0035940734165887944
1135,10.0,2963,0.7861817028905265,0.7891936878865516,0.0030119849960251743
1136,7.0,3022,0.7981992737790541,0.8002606280042449,0.0020613542251908257
1136,10.0,3022,0.7967941362290468,0.7986369518753826,0.0018428156463358158
1137,7.0,2962,0.7975500471039609,0.801750435147622,0.004200388043661074
1137,10.0,2962,0.796793703887911,0.8004633435468201,0.0036696396589090963
1138,7.0,2965,0.7925257646749214,0.7960210058306917,0.003495241155770268
1138,10.0,2965,0.789109515255841,0.7924386751766003,0.003329159920759217
1139,7.0,2975,0.7983837201966149,0.796435064897821,-0.0019486552987938444
1139,10.0,2975,0.7929895369026119,0.7906924321669802,-0.0022971047356317165
1140,7.0,2994,0.7820883808655805,0.7845643615741972,0.002475980708616654
1140,10.0,2994,0.7789517311045405,0.7809672145607804,0.0020154834562399193
1141,7.0,2978,0.8008180288780316,0.804996580712096,0.004178551834064459
1141,10.0,2978,0.7978869187977313,0.8013362929968074,0.003449374199076094
1142,7.0,2993,0.7884077853271532,0.7887987834411623,0.0003909981140091112
1142,10.0,2993,0.7858289597504058,0.7858314860076925,2.5262572866946442e-06
1143,7.0,2944,0.7872672660209687,0.7896108174286559,0.002343551407687161
1143,10.0,2944,0.7825365296182417,0.784650263072619,0.0021137334543772646
1144,7.0,2985,0.8050106278189642,0.8086376950593602,0.0036270672403960758
1144,10.0,2985,0.8013960725977324,0.804344927309294,0.002948854711561588
1145,7.0,2983,0.7730507886461188,0.7731272899152202,7.650126910141442e-05
1145,10.0,2983,0.7701207519374378,0.769497794181026,-0.0006229577564117461
1146,7.0,2923,0.7775627381529603,0.7784859018926227,0.0009231637396623915
1146,10.0,2923,0.7762094638071784,0.7763167075398805,0.0001072437327021003
1147,7.0,2988,0.7813806472708588,0.7828313104497056,0.0014506631788467894
1147,10.0,2988,0.7756396411517799,0.776791124813177,0.001151483661397168
1148,7.0,2964,0.7996655720254703,0.7993994562459019,-0.0002661157795683655
1148,10.0,2964,0.7971948744514478,0.7971612863220094,-3.3588129438322234e-05
1149,7.0,2963,0.7808481166635026,0.7855140942617476,0.004665977598244941
1149,10.0,2963,0.7827650278579384,0.7869897401735708,0.004224712315632373
1150,7.0,3004,0.7832039020559164,0.7850161982856169,0.0018122962297004719
1150,10.0,3004,0.7799512086391003,0.7812861363325694,0.0013349276934691012
1151,7.0,2983,0.7927552754914378,0.7959511360910421,0.0031958605996043055
1151,10.0,2983,0.7898973864042456,0.7928486516315829,0.002951265227337352
1152,7.0,2976,0.8021404733591623,0.8062489335331567,0.004108460173994466
1152,10.0,2976,0.7936482654179883,0.7973278514925531,0.0036795860745648667
1153,7.0,2990,0.7919085139096524,0.7950068630528349,0.0030983491431824106
1153,10.0,2990,0.7900654083067797,0.7926156804444455,0.0025502721376657878
1154,7.0,2940,0.7875405138672379,0.7900400372335057,0.0024995233662677974
1154,10.0,2940,0.7836037871002721,0.7857428365259674,0.0021390494256953163
1155,7.0,3024,0.7897646261801321,0.7890138166359009,-0.0007508095442312346
1155,10.0,3024,0.7867122520557636,0.7842930826136933,-0.0024191694420702126
1156,7.0,3014,0.7829485208749033,0.7837602401784085,0.0008117193035052095
1156,10.0,3014,0.779346424827878,0.778801578047628,-0.000544846780250019
1157,7.0,2983,0.7858000107476161,0.7886851485857929,0.002885137838176788
1157,10.0,2983,0.7808233401412549,0.7833266775441279,0.002503337402873007
1158,7.0,2985,0.7935031960460324,0.7928381734629738,-0.000665022583058561
1158,10.0,2985,0.7901230333124322,0.7890610528973268,-0.0010619804151054124
1159,7.0,3002,0.8021156113389047,0.8019082496061432,-0.00020736173276159064
1159,10.0,3002,0.8021758409368114,0.8014815293237976,-0.0006943116130138094
1160,7.0,2948,0.8031306937010386,0.8061904930700791,0.003059799369040439
1160,10.0,2948,0.7992804658760875,0.8014725224028177,0.0021920565267302683
1161,7.0,2958,0.771374819730436,0.7747104843694089,0.003335664638972946
1161,10.0,2958,0.7686657100399843,0.7719760298630934,0.0033103198231091424
1162,7.0,2989,0.7779877676751142,0.7812386277393197,0.0032508600642054963
1162,10.0,2989,0.773260809170045,0.7768634371205729,0.0036026279505279035
1163,7.0,2965,0.8014642296042415,0.8054590922742344,0.003994862669992938
1163,10.0,2965,0.7948640672356831,0.7979702488925787,0.003106181656895579
1164,7.0,2980,0.7862220868752526,0.788487690134781,0.0022656032595284037
1164,10.0,2980,0.7824666021105885,0.7843439982609383,0.0018773961503497638
1165,7.0,3035,0.7739527094681865,0.7731100117063756,-0.0008426977618108955
1165,10.0,3035,0.7707534697586099,0.7690115718172398,-0.0017418979413701408
1166,7.0,3017,0.7959136802269129,0.7990805589119819,0.003166878685069041
1166,10.0,3017,0.7923440913854839,0.7941164479001532,0.0017723565146693376
1167,7.0,2959,0.7817961765551551,0.7798149126384979,-0.0019812639166572055
1167,10.0,2959,0.7783781188321485,0.7752406488737709,-0.0031374699583776033
1168,7.0,2962,0.7845094783450948,0.7865172270651722,0.0020077487200774735
1168,10.0,2962,0.7837562319396961,0.7853164865607993,0.0015602546211032076
1169,7.0,2928,0.7902304189966486,0.795200519727821,0.004970100731172433
1169,10.0,2928,0.7870859736554172,0.7919129785926101,0.0048270049371929025
1170,7.0,2945,0.7927540957333635,0.7950033296398739,0.0022492339065103284
1170,10.0,2945,0.7893582064184509,0.7910797336203833,0.0017215272019324157
1171,7.0,2971,0.7945215623888358,0.7959510764995021,0.0014295141106663856
1171,10.0,2971,0.7900751300521467,0.7907447428472892,0.000669612795142549
1172,7.0,2968,0.7905049565280062,0.7952590301846987,0.004754073656692448
1172,10.0,2968,0.7887837990667302,0.7928650102521991,0.0040812111854688915
1173,7.0,2968,0.80247095371881,0.8066643558215054,0.004193402102695365
1173,10.0,2968,0.8003640015062131,0.8044359453333235,0.0040719438271104025
1174,7.0,2980,0.7929175405927299,0.7926435271129882,-0.0002740134797416527
1174,10.0,2980,0.7879602163200501,0.7868837421372195,-0.0010764741828306335
1175,7.0,2961,0.7841984642334997,0.7849334193854299,0.0007349551519302278
1175,10.0,2961,0.7792307940262684,0.7795717321391821,0.00034093811291369125
1176,7.0,2962,0.7818026606531666,0.7864717622886213,0.004669101635454642
1176,10.0,2962,0.7793089494004973,0.7835058499550787,0.004196900554581329
1177,7.0,2950,0.781756998428644,0.7862473526066693,0.004490354178025346
1177,10.0,2950,0.779342208540178,0.7832731062884171,0.0039308977482390706
1178,7.0,2943,0.7842729039107413,0.789155154339741,0.0048822504289997015
1178,10.0,2943,0.7825201641556586,0.787045386800889,0.0045252226452303645
1179,7.0,2945,0.8087854903145854,0.8094508687346997,0.000665378420114382
1179,10.0,2945,0.8047365673334002,0.8043819312243251,-0.00035463610907504606
1180,7.0,2974,0.7852417302798982,0.7828610176774289,-0.0023807126024693037
1180,10.0,2974,0.7815926515815819,0.7778665453178887,-0.003726106263693185
1181,7.0,2947,0.7734756400587001,0.7742678570384532,0.0007922169797531797
1181,10.0,2947,0.772414212855311,0.7729018166526725,0.0004876037973615688
1182,7.0,2997,0.7925796367480927,0.7940180255438011,0.0014383887957083452
1182,10.0,2997,0.7878902549719404,0.7886384265889063,0.0007481716169658315
1183,7.0,2962,0.7836988529290138,0.7825477576191546,-0.0011510953098591292
1183,10.0,2962,0.7806948892481644,0.7791000319228908,-0.0015948573252736464
1184,7.0,2974,0.7970529735040199,0.796706565148196,-0.0003464083558238906
1184,10.0,2974,0.7918561082498113,0.790986243694475,-0.0008698645553363304
1185,7.0,3002,0.7943634846702219,0.796685874371462,0.002322389701240102
1185,10.0,3002,0.7906046624085753,0.7929172851197392,0.0023126227111639475
1186,7.0,2949,0.7775555481715687,0.7787300280903903,0.0011744799188215804
1186,10.0,2949,0.7739711746933138,0.7739874445168887,1.6269823574943665e-05
1187,7.0,2956,0.7758725541212391,0.7782010369710914,0.0023284828498523202
1187,10.0,2956,0.7755051216606317,0.7772133162007228,0.0017081945400910792
1188,7.0,2968,0.7771118325914788,0.7793766458685709,0.002264813277092159
1188,10.0,2968,0.7746156826832337,0.776761413156679,0.002145730473445351
1189,7.0,2959,0.7960076680657013,0.7949649273131272,-0.001042740752574156
1189,10.0,2959,0.7933859600729094,0.7914361204411343,-0.0019498396317750855
1190,7.0,2963,0.7789142475008145,0.7809376018107307,0.002023354309916181
1190,10.0,2963,0.774652760947657,0.7754457962397471,0.0007930352920900718
1191,7.0,2971,0.794442927010271,0.794978896212656,0.0005359692023850782
1191,10.0,2971,0.7911882786560663,0.7905059551006732,-0.0006823235553931051
1192,7.0,2933,0.7909741685559741,0.790581430637128,-0.00039273791884608666
1192,10.0,2933,0.787085083067581,0.7861693060560451,-0.0009157770115358899
1193,7.0,2927,0.8037532296425577,0.8035757062436905,-0.0001775233988672298
1193,10.0,2927,0.7997101761859186,0.7999305770863945,0.00022040090047592553
1194,7.0,2941,0.7860412788733748,0.7860653061570622,2.4027283687333423e-05
1194,10.0,2941,0.7848452705254615,0.7839586530915091,-0.0008866174339523525
1195,7.0,2966,0.7677852752399071,0.7689456105872761,0.0011603353473689237
1195,10.0,2966,0.7639998878326463,0.7643278554211579,0.0003279675885116129
1196,7.0,3019,0.7877612508007688,0.7897450302290199,0.00198377942825112
1196,10.0,3019,0.7881954344148562,0.7896340594172322,0.001438625002376015
1197,7.0,2989,0.8068861669909196,0.8070766737519524,0.00019050676103271602
1197,10.0,2989,0.7989477722902746,0.7982502914342241,-0.0006974808560504808
1198,7.0,3008,0.7931181890105403,0.7924144399356864,-0.0007037490748539321
1198,10.0,3008,0.7911780031749494,0.7902649022673016,-0.0009131009076477348
1199,7.0,3011,0.7822761587833524,0.7854840348879328,0.0032078761045803983
1199,10.0,3011,0.7794478347036085,0.7824671820732688,0.0030193473696603634
1200,7.0,2956,0.7940617145915159,0.7974910614456499,0.0034293468541339855
1200,10.0,2956,0.7909668320683186,0.7944938683430606,0.003527036274741935
1201,7.0,2956,0.7880656599990026,0.7927140393655526,0.004648379366550048
1201,10.0,2956,0.7847796336563135,0.7891346898753364,0.004355056219022879
1202,7.0,2946,0.786469636975805,0.7904758007388614,0.004006163763056403
1202,10.0,2946,0.7845849461223352,0.7878554498436452,0.003270503721309992
1203,7.0,3003,0.8050036879455164,0.8054181679981672,0.0004144800526508785
1203,10.0,3003,0.7988693717937619,0.7982508634652274,-0.000618508328534495
1204,7.0,2991,0.7931042175449555,0.7987444080358935,0.005640190490938002
1204,10.0,2991,0.7901109877776392,0.794920170043795,0.004809182266155787
1205,7.0,3008,0.7856440437022235,0.783981979191456,-0.001662064510767558
1205,10.0,3008,0.7851048715122025,0.7824201227856763,-0.0026847487265262426
1206,7.0,2987,0.7794254124298025,0.7787737795955124,-0.000651632834290039
1206,10.0,2987,0.7771464454165661,0.7758272862106859,-0.001319159205880216
1207,7.0,2946,0.7892251621625566,0.7901247016461042,0.0008995394835475956
1207,10.0,2946,0.7850628385208431,0.7852363422398576,0.00017350371901447836
1208,7.0,2944,0.787435786747248,0.7887301244693863,0.0012943377221382724
1208,10.0,2944,0.7852967604441214,0.78540447748373,0.00010771703960854584
1209,7.0,3021,0.7900339596325082,0.7915361174841572,0.0015021578516489775
1209,10.0,3021,0.7904593673361092,0.7913389967444151,0.000879629408305882
1210,7.0,2986,0.7796577093223027,0.7822629017485678,0.0026051924262651127
1210,10.0,2986,0.7772856140414314,0.7793511951104035,0.0020655810689721443
1211,7.0,2943,0.7960532161283252,0.7965211673903129,0.00046795126198762027
1211,10.0,2943,0.7902676130243862,0.7897608329420862,-0.0005067800822999846
1212,7.0,2958,0.7803774414683007,0.7829775811133624,0.002600139645061672
1212,10.0,2958,0.7758576541998642,0.7781608142054705,0.002303160005606264
1213,7.0,2936,0.7817851067597517,0.7854548893766132,0.003669782616861572
1213,10.0,2936,0.7773829177499031,0.7802371632482644,0.0028542454983613297
1214,7.0,2975,0.7709461866079177,0.7722388851987386,0.0012926985908209288
1214,10.0,2975,0.767901953318406,0.7681852501133837,0.0002832967949776277
1215,7.0,2971,0.7960154787771874,0.7972605576232171,0.0012450788460297568
1215,10.0,2971,0.7913320964178209,0.7916259280074113,0.0002938315895903987
1216,7.0,2941,0.7914511462903114,0.7925202984898385,0.0010691521995270792
1216,10.0,2941,0.7901615706218404,0.790870352576398,0.0007087819545575913
1217,7.0,2962,0.7892310896236114,0.7920082669464493,0.002777177322837887
1217,10.0,2962,0.7860186931597669,0.7882471887336756,0.0022284955739086953
1218,7.0,2923,0.7888258471237195,0.7921756572820403,0.0033498101583208095
1218,10.0,2923,0.7869971342646065,0.7898901104888094,0.0028929762242029256
1219,7.0,2981,0.7976318301525296,0.801792037045813,0.004160206893283447
1219,10.0,2981,0.7929345304872015,0.7966239130071616,0.003689382519960094
1220,7.0,2970,0.7759097974059385,0.7730490942223175,-0.0028607031836209718
1220,10.0,2970,0.7727293311110413,0.7694808012830592,-0.003248529827982072
1221,7.0,2947,0.81871038165497,0.8194988901952751,0.0007885085403050995
1221,10.0,2947,0.8152005969393674,0.8152810150078572,8.041806848979594e-05
1222,7.0,2973,0.7839877921727071,0.7865181612829453,0.0025303691102381842
1222,10.0,2973,0.7791215095862256,0.7811654782394886,0.002043968653262951
1223,7.0,2949,0.7846284074225931,0.7848016718028754,0.00017326438028231195
1223,10.0,2949,0.7835427807822442,0.7824865426978908,-0.0010562380843534003
1224,7.0,2941,0.8043952081629139,0.8062222844103845,0.0018270762474705826
1224,10.0,2941,0.8002723323264292,0.8015656577800107,0.0012933254535814065
1225,7.0,2937,0.8012377812481924,0.8040885823355891,0.0028508010873966594
1225,10.0,2937,0.7960146894761437,0.798572786921558,0.0025580974454142424
1226,7.0,2951,0.7635366422361891,0.7644567872877994,0.0009201450516103105
1226,10.0,2951,0.7603472295237094,0.7599279781305857,-0.0004192513931237096
1227,7.0,3003,0.8060375884484537,0.8052352511131111,-0.0008023373353426289
1227,10.0,3003,0.8011840491874394,0.8003665988801433,-0.0008174503072960748
1228,7.0,2980,0.7867603894797475,0.7903473403097208,0.00358695082997329
1228,10.0,2980,0.7837371346541386,0.7869872587320217,0.0032501240778830542
1229,7.0,2978,0.7921596069694133,0.7943403385451199,0.0021807315757065293
1229,10.0,2978,0.7861878000872982,0.7873174675608111,0.001129667473512952
1230,7.0,2993,0.7997682981230816,0.7993448429687136,-0.0004234551543680354
1230,10.0,2993,0.7952995131872391,0.7937351174744134,-0.001564395712825739
1231,7.0,2976,0.7941524880317471,0.7988689711294065,0.004716483097659374
1231,10.0,2976,0.79087307867363,0.7949350223952832,0.0040619437216532495
1232,7.0,2971,0.7967938841138353,0.8022926520247599,0.005498767910924518
1232,10.0,2971,0.7938958803367439,0.7978314345228698,0.0039355541861259
1233,7.0,2952,0.8097109019822367,0.809595871160367,-0.00011503082186969937
1233,10.0,2952,0.8040919811602549,0.8036845513612456,-0.00040742979900931786
1234,7.0,2991,0.787967526129086,0.7867401005748267,-0.0012274255542593648
1234,10.0,2991,0.7828032601493571,0.7811928639395797,-0.0016103962097774316
1235,7.0,2975,0.7928574014206673,0.7908497551005633,-0.002007646320103973
1235,10.0,2975,0.7917952484311167,0.7889768323311278,-0.0028184160999888963
1236,7.0,2965,0.7920120924159045,0.7941449992593121,0.0021329068434076115
1236,10.0,2965,0.7904563862628441,0.79156157139098,0.0011051851281359548
1237,7.0,2934,0.7757163893286507,0.7781208304239918,0.0024044410953411033
1237,10.0,2934,0.7750886361845734,0.7771712582398823,0.002082622055308958
1238,7.0,2946,0.7753285328417466,0.7738645410154873,-0.0014639918262593365
1238,10.0,2946,0.7764372779207581,0.773714612371333,-0.0027226655494251295
1239,7.0,2928,0.7858841255605381,0.7882217040358744,0.0023375784753363327
1239,10.0,2928,0.7809131055981297,0.782462278650907,0.0015491730527773528
1240,7.0,2942,0.7958210251954821,0.7972227048942948,0.0014016796988126634
1240,10.0,2942,0.794828313565476,0.7956070403540925,0.0007787267886164573
1241,7.0,2980,0.7643012940107807,0.7665055725684945,0.002204278557713768
1241,10.0,2980,0.7632699513299174,0.7654857310210441,0.0022157796911267402
1242,7.0,2962,0.7917273923284779,0.7917930416925981,6.564936412023492e-05
1242,10.0,2962,0.7869707697609575,0.7864193740405401,-0.0005513957204174025
1243,7.0,2952,0.7927855461843935,0.793171363018333,0.00038581683393956734
1243,10.0,2952,0.7878852184288836,0.7875165825513968,-0.0003686358774868115
1244,7.0,2949,0.7784826220567868,0.7812797567520776,0.0027971346952908593
1244,10.0,2949,0.7745760343198407,0.7770838648797306,0.002507830559889901
1245,7.0,2951,0.8023230895095715,0.8018769635942383,-0.00044612591533321755
1245,10.0,2951,0.797472065422844,0.7962428154453459,-0.0012292499774980703
1246,7.0,2926,0.7920701402866084,0.7935321506489275,0.0014620103623190772
1246,10.0,2926,0.785375094214175,0.7862778307956405,0.0009027365814655575
1247,7.0,2958,0.7880068967587583,0.7907746062491108,0.0027677094903524324
1247,10.0,2958,0.7868808534545028,0.7895250560264729,0.002644202571970178
1248,7.0,2960,0.7895006602623735,0.7930829786970914,0.0035823184347179016
1248,10.0,2960,0.7884717571104974,0.7914484721487836,0.002976715038286115
1249,7.0,2971,0.8080039508668363,0.8103490602334916,0.002345109366655329
1249,10.0,2971,0.8033141016679393,0.8053345019303358,0.002020400262396582
1250,7.0,2912,0.776806010779899,0.7774467055280206,0.0006406947481216729
1250,10.0,2912,0.7773393604213795,0.7777215095156461,0.0003821490942665928
1251,7.0,2958,0.7850593162011289,0.7863390017419736,0.0012796855408446772
1251,10.0,2958,0.7797899738049504,0.7805499612038691,0.0007599873989186934
1252,7.0,3016,0.7831408279672625,0.7857636650328955,0.0026228370656330435
1252,10.0,3016,0.7804729926724727,0.7827243594008776,0.002251366728404869
1253,7.0,2965,0.7919421828009079,0.7933475302524707,0.001405347451562844
1253,10.0,2965,0.7911685422998428,0.7918650844325155,0.0006965421326726728
1254,7.0,2973,0.7948296104855086,0.7949787705371977,0.00014916005168907898
1254,10.0,2973,0.7915171293263098,0.7912678042354793,-0.0002493250908305322
1255,7.0,2960,0.7730405086559123,0.7759570122835047,0.002916503627592326
1255,10.0,2960,0.7715676990096106,0.7732796490563502,0.0017119500467395188
1256,7.0,2992,0.780182375355085,0.7829919752357392,0.002809599880654212
1256,10.0,2992,0.7759354757785671,0.7783198710651561,0.0023843952865889584
1257,7.0,2980,0.7732632561571399,0.7782668056657984,0.005003549508658556
1257,10.0,2980,0.7740609485705631,0.7779769817164734,0.00391603314591038
1258,7.0,2991,0.7864712482143248,0.7912746983513178,0.004803450136993015
1258,10.0,2991,0.7829999866166535,0.7869079237927917,0.003907937176138243
1259,7.0,2941,0.7734723039421703,0.7751654078459156,0.00169310390374533
1259,10.0,2941,0.7727380751598412,0.7737295758523584,0.0009915006925171888
1260,7.0,2948,0.7973843711568249,0.7991417424869797,0.0017573713301547444
1260,10.0,2948,0.7953549909016485,0.7963068582299665,0.000951867328317979
1261,7.0,2973,0.7977480862224832,0.7996576604773095,0.0019095742548262962
1261,10.0,2973,0.7945164394960906,0.7961217317981855,0.0016052923020948295
1262,7.0,3018,0.7996352045678733,0.8004664985064535,0.0008312939385801688
1262,10.0,3018,0.7945263718314518,0.7955685553901501,0.0010421835586983397
1263,7.0,2939,0.7890046074168781,0.7932116194718246,0.004207012054946557
1263,10.0,2939,0.7865602589283966,0.7907156420680339,0.004155383139637259
1264,7.0,2951,0.7864062891612745,0.7875387266049315,0.0011324374436569862
1264,10.0,2951,0.7822894873822561,0.7827543318751939,0.0004648444929378215
1265,7.0,2964,0.786536396654508,0.7879468173888627,0.0014104207343547115
1265,10.0,2964,0.7830603470306429,0.7839641375905816,0.0009037905599387219
1266,7.0,2995,0.8074223463733804,0.8097000747412242,0.00227772836784379
1266,10.0,2995,0.8022352162371666,0.8041922149092503,0.001956998672083654
1267,7.0,2973,0.7750904398374933,0.7774895040938783,0.0023990642563850306
1267,10.0,2973,0.7730708747236322,0.7749509544421262,0.001880079718494021
1268,7.0,2940,0.8015445225729694,0.8055205283293082,0.00397600575633883
1268,10.0,2940,0.7958526321678768,0.7990636651733798,0.0032110330055029612
1269,7.0,2966,0.7918200085947342,0.788069518279875,-0.0037504903148591895
1269,10.0,2966,0.7895021384062845,0.7848071627092402,-0.004694975697044246
1270,7.0,2959,0.7864861761798483,0.7852750342340122,-0.0012111419458360473
1270,10.0,2959,0.7832992596415316,0.7814374466564776,-0.0018618129850539455
1271,7.0,2968,0.8035020132066355,0.8090391367369947,0.005537123530359178
1271,10.0,2968,0.7969795196521827,0.8016668255038658,0.004687305851683088
1272,7.0,2973,0.7859511641548423,0.7891294429769239,0.0031782788220815483
1272,10.0,2973,0.7856385745791316,0.7886999909635096,0.0030614163843780684
1273,7.0,3013,0.7962958488377713,0.7977764890972255,0.001480640259454269
1273,10.0,3013,0.7895517045547971,0.7910366207658069,0.001484916211009879
1274,7.0,3003,0.7815869937816595,0.7823466314459455,0.0007596376642859948
1274,10.0,3003,0.7772902633778862,0.7773226931613995,3.242978351325476e-05
1275,7.0,3002,0.7866050304522937,0.786030725643888,-0.0005743048084057012
1275,10.0,3002,0.7835278279304726,0.7830818009675451,-0.00044602696292750377
1276,7.0,2940,0.7855138234595039,0.7882796964109348,0.0027658729514308256
1276,10.0,2940,0.7841543762922123,0.7861026878015162,0.0019483115093038572
1277,7.0,3002,0.7864934170723249,0.7872800522482705,0.0007866351759455714
1277,10.0,3002,0.7836004481537623,0.7840755630380991,0.0004751148843368247
1278,7.0,2958,0.7825394220281158,0.7853825138596188,0.0028430918315029974
1278,10.0,2958,0.7782701984550813,0.7802514755569742,0.0019812771018928865
1279,7.0,3004,0.7947726808630954,0.7994385743532282,0.0046658934901328
1279,10.0,3004,0.7886002539462033,0.7931120479123331,0.0045117939661298845
1280,7.0,3036,0.79314515868764,0.7927191516004312,-0.00042600708720885727
1280,10.0,3036,0.7886791491406117,0.7886791491406117,0.0
1281,7.0,2924,0.7805648115514829,0.7823336857731783,0.0017688742216953601
1281,10.0,2924,0.7799898929830248,0.7813604657395095,0.001370572756484667
1282,7.0,2956,0.7828381898042208,0.7840999530840997,0.0012617632798789247
1282,10.0,2956,0.7800502875524656,0.780655301911473,0.0006050143590073942
1283,7.0,2934,0.8061830634153487,0.8107146429039297,0.004531579488580961
1283,10.0,2934,0.7973375759727426,0.8010825619042068,0.0037449859314642175
1284,7.0,2982,0.770002723763843,0.7722654407514931,0.0022627169876500153
1284,10.0,2982,0.7677384533887718,0.7694026046716175,0.001664151282845694
1285,7.0,2952,0.8104215035479546,0.8121055557372224,0.001684052189267815
1285,10.0,2952,0.8071463169791718,0.8082779341668364,0.0011316171876645242
1286,7.0,2960,0.7934593745384233,0.7959152981617499,0.0024559236233265835
1286,10.0,2960,0.7906951115704992,0.792819359153645,0.0021242475831457774
1287,7.0,2961,0.7977883273769585,0.8013003893868911,0.0035120620099325928
1287,10.0,2961,0.796160600096747,0.7995096382588183,0.003349038162071216
1288,7.0,2949,0.7758480012418025,0.7774228085700299,0.0015748073282273456
1288,10.0,2949,0.7736393658933385,0.775362454658025,0.00172308876468652
1289,7.0,2912,0.7849272651076146,0.7841850053009174,-0.0007422598066971764
1289,10.0,2912,0.7830461701227776,0.7812804030683902,-0.0017657670543873571
1290,7.0,2974,0.8107861294006034,0.8126338573059815,0.001847727905378127
1290,10.0,2974,0.8069415294540354,0.8083256987469556,0.0013841692929201788
1291,7.0,2936,0.8005424794954097,0.8015701826250888,0.0010277031296791472
1291,10.0,2936,0.7928407194787652,0.7935434130547058,0.0007026935759405495
1292,7.0,2947,0.8002036991430443,0.8037705212277048,0.003566822084660415
1292,10.0,2947,0.7956417893000135,0.7991919350253591,0.0035501457253456215
1293,7.0,2950,0.7855810703680314,0.7877517702860675,0.0021706999180360897
1293,10.0,2950,0.7813385128939901,0.7833951407139519,0.0020566278199617427
1294,7.0,2947,0.7976299305207976,0.7958712339004458,-0.001758696620351774
1294,10.0,2947,0.7928236092816153,0.7898176405107269,-0.003005968770888434
1295,7.0,2975,0.7905412584601638,0.7929581737951588,0.0024169153349949957
1295,10.0,2975,0.7851776105426086,0.7873561963541439,0.002178585811535294
1296,7.0,2933,0.7799114710472187,0.7823160822923867,0.002404611245167998
1296,10.0,2933,0.779105479743074,0.7813899081245393,0.0022844283814653643
1297,7.0,2957,0.7908452941192172,0.7918809909590072,0.0010356968397899902
1297,10.0,2957,0.7873379573540101,0.7875928842581374,0.0002549269041273172
1298,7.0,2988,0.7871771902039852,0.7837838531573179,-0.003393337046667333
1298,10.0,2988,0.7845930271250715,0.7806858648816417,-0.003907162243429796
1299,7.0,2982,0.7725579544562282,0.7747245508105439,0.0021665963543157085
1299,10.0,2982,0.7697015647524179,0.7711867577152719,0.0014851929628539873
1300,7.0,2958,0.7963112008133739,0.7973925808524192,0.0010813800390452322
1300,10.0,2958,0.7928218994823162,0.793613468816946,0.0007915693346298713
1301,7.0,2930,0.7870023598074228,0.7896229048807981,0.00262054507337528
1301,10.0,2930,0.784286108117591,0.7864502142803439,0.0021641061627528657
1302,7.0,2928,0.7969649927226852,0.8019074735461642,0.004942480823479034
1302,10.0,2928,0.7931743410358773,0.7978231752512971,0.004648834215419839
1303,7.0,2894,0.7927172545966341,0.7911531245690981,-0.0015641300275359704
1303,10.0,2894,0.7908054719329412,0.7885662769793739,-0.0022391949535672806
1304,7.0,2950,0.7958809201243867,0.7963077095866179,0.00042678946223118075
1304,10.0,2950,0.7941548170802198,0.7937488833538271,-0.0004059337263927487
1305,7.0,2962,0.7969929016041932,0.8001500558483422,0.003157154244148974
1305,10.0,2962,0.7927776720364058,0.7959948189474256,0.003217146911019819
1306,7.0,2954,0.7756090171568353,0.7770172466028569,0.0014082294460215916
1306,10.0,2954,0.7699758611543194,0.7709941978798869,0.0010183367255675035
1307,7.0,3017,0.7821550625220104,0.7831421216314748,0.0009870591094643943
1307,10.0,3017,0.7749919527112048,0.775334913528224,0.0003429608170192333
1308,7.0,2958,0.792509850264695,0.792686125581356,0.00017627531666097873
1308,10.0,2958,0.7846269530962029,0.7837771543537442,-0.0008497987424587183
1309,7.0,2989,0.7732798347920695,0.7776511922829047,0.0043713574908351704
1309,10.0,2989,0.7714099819066924,0.7750480846497209,0.0036381027430284485
1310,7.0,2971,0.7790608070089262,0.7808567014020191,0.0017958943930929117
1310,10.0,2971,0.7769661110487065,0.7785655679659303,0.0015994569172238515
1311,7.0,3033,0.7730856559939452,0.7754029418539603,0.002317285860015117
1311,10.0,3033,0.7721208604137687,0.7738705294710271,0.001749669057258374
1312,7.0,2984,0.7867591897974494,0.7877438109527382,0.0009846211552887452
1312,10.0,2984,0.781482022429866,0.7819262259958066,0.00044420356594065957
1313,7.0,2968,0.8099785370461696,0.8128208155922455,0.0028422785460758826
1313,10.0,2968,0.8055815047415439,0.8083602331330658,0.002778728391521934
1314,7.0,2965,0.7849423133679733,0.7891946886600618,0.0042523752920885505
1314,10.0,2965,0.7846091792489798,0.7884697124607979,0.003860533211818118
1315,7.0,2963,0.7973267870392636,0.7982295172193853,0.0009027301801216581
1315,10.0,2963,0.79420923419408,0.7945965219989111,0.0003872878048311046
1316,7.0,2916,0.7927840576745204,0.792929569429277,0.00014551175475652212
1316,10.0,2916,0.7907364275028878,0.7900073851048117,-0.0007290423980760297
1317,7.0,2987,0.7890011488479194,0.7876297427276931,-0.0013714061202262373
1317,10.0,2987,0.7834455982512197,0.781468034062343,-0.001977564188876735
1318,7.0,3034,0.7911097349550028,0.7915354832510086,0.0004257482960058345
1318,10.0,3034,0.7844180169767754,0.7840352918215944,-0.00038272515518100736
1319,7.0,3047,0.7786009129343774,0.7826484571040585,0.0040475441696811165
1319,10.0,3047,0.7745384442817382,0.7782609660313727,0.0037225217496344998
1320,7.0,2911,0.807751356988582,0.807900237191582,0.00014888020299996807
1320,10.0,2911,0.8032687859561639,0.8026826170652203,-0.0005861688909436502
1321,7.0,2933,0.8050772545363591,0.8048697644276683,-0.00020749010869081097
1321,10.0,2933,0.7989272637361026,0.7974970375790923,-0.0014302261570102726
1322,7.0,2967,0.7801822100313479,0.7808214145768025,0.0006392045454546302
1322,10.0,2967,0.7792630559056615,0.779547545288028,0.0002844893823665817
1323,7.0,2983,0.7876099889086815,0.7908096662521427,0.0031996773434611603
1323,10.0,2983,0.7847502443749502,0.7878357547423915,0.003085510367441313
1324,7.0,2895,0.7821652166507792,0.7816006856784948,-0.0005645309722843717
1324,10.0,2895,0.7786167319081907,0.7776602763876103,-0.0009564555205804348
1325,7.0,2992,0.7908394467271218,0.7948973568486336,0.0040579101215117985
1325,10.0,2992,0.785179632494149,0.7888477320535375,0.0036680995593885157
1326,7.0,3020,0.7681226081597179,0.7675466771255047,-0.0005759310342131618
1326,10.0,3020,0.7639286939394274,0.7625270643606171,-0.0014016295788102928
1327,7.0,2974,0.7711725947428008,0.7728500104628889,0.0016774157200881712
1327,10.0,2974,0.7671026251783324,0.7682684632933827,0.0011658381150503327
1328,7.0,2955,0.7603776069096271,0.7616678955129556,0.001290288603328471
1328,10.0,2955,0.7592211781242679,0.7598223504723232,0.0006011723480552345
1329,7.0,2950,0.7927620287786247,0.7953541209225288,0.002592092143904101
1329,10.0,2950,0.7885467085152071,0.7906180579773461,0.0020713494621389383
1330,7.0,3010,0.7858218830041606,0.7880891642527903,0.002267281248629738
1330,10.0,3010,0.7843752958432563,0.7861260731810173,0.001750777337761078
1331,7.0,2957,0.7886588848349972,0.7923190067980529,0.0036601219630556514
1331,10.0,2957,0.7877418808159241,0.7907249491588094,0.002983068342885309
1332,7.0,2990,0.7934046599129735,0.7929715573421037,-0.0004331025708698144
1332,10.0,2990,0.7931478536337238,0.791342420593784,-0.0018054330399397411
1333,7.0,2979,0.7763053808564713,0.7833463305711865,0.00704094971471525
1333,10.0,2979,0.7772171270186102,0.7828910405273803,0.005673913508770112
1334,7.0,2999,0.7934275497114408,0.7929808889094667,-0.00044666080197408586
1334,10.0,2999,0.791406198340802,0.7901676491981221,-0.0012385491426798456
1335,7.0,2951,0.8081867156920541,0.8054596057299149,-0.002727109962139207
1335,10.0,2951,0.8031765162446981,0.8000315656565656,-0.003144950588132467
1336,7.0,3001,0.7871934437771354,0.7893429376060079,0.0021494938288725285
1336,10.0,3001,0.7839411936793936,0.786440002401718,0.0024988087223243305
1337,7.0,2958,0.783487747103319,0.7870147816760243,0.003527034572705312
1337,10.0,2958,0.7810222771492854,0.7838894698482112,0.002867192698925769
1338,7.0,2949,0.7916748084195695,0.7959523856997588,0.004277577280189293
1338,10.0,2949,0.7872464202339488,0.7912762318514912,0.004029811617542456
1339,7.0,2991,0.7887844550816199,0.7914833691853517,0.0026989141037317976
1339,10.0,2991,0.789844846711889,0.7924622301628594,0.002617383450970401
1340,7.0,3046,0.7800194331743571,0.7818737437046157,0.0018543105302586405
1340,10.0,3046,0.7804289553679301,0.7819553197909586,0.0015263644230284479
1341,7.0,2968,0.7935015814735352,0.7939992479706266,0.0004976664970913758
1341,10.0,2968,0.7874691932033216,0.7875082097268193,3.901652349769247e-05
1342,7.0,2935,0.7924634989952861,0.7963581990453531,0.0038947000500669793
1342,10.0,2935,0.7905734137024295,0.7935037671420577,0.0029303534396282194
1343,7.0,2978,0.7732452882448476,0.7735889914263052,0.0003437031814575997
1343,10.0,2978,0.7696872480556174,0.7696262431249835,-6.1004930633878907e-05
1344,7.0,2969,0.7812245470594424,0.7838343056600195,0.0026097586005771056
1344,10.0,2969,0.7778752581354857,0.7798335908041802,0.0019583326686944957
1345,7.0,2998,0.8003902263066638,0.8033032602205544,0.002913033913890639
1345,10.0,2998,0.797236318670624,0.7994193775737768,0.002183058903152846
1346,7.0,2995,0.7807227925128428,0.7842734243428955,0.003550631830052664
1346,10.0,2995,0.7770823550129138,0.7799928582609377,0.002910503248023888
1347,7.0,2943,0.7765386736890802,0.7836626572480917,0.007123983559011449
1347,10.0,2943,0.7727229438078245,0.7786913141759125,0.005968370368088061
1348,7.0,2958,0.7890694769350386,0.7879698185223799,-0.0010996584126586884
1348,10.0,2958,0.78571669066686,0.7838078983082454,-0.0019087923586146305
1349,7.0,2998,0.7810662305886311,0.783432580669901,0.0023663500812698413
1349,10.0,2998,0.7769704086425552,0.7792449506810709,0.0022745420385157367
1350,7.0,2956,0.8008482778554136,0.8058454007642191,0.004997122908805496
1350,10.0,2956,0.7979062925969966,0.8024419861218118,0.004535693524815199
1351,7.0,3018,0.794707679001,0.7987566559450766,0.004048976944076577
1351,10.0,3018,0.7916296490409506,0.7952223294579341,0.0035926804169835735
1352,7.0,2964,0.7992501053724143,0.802608293323851,0.0033581879514367197
1352,10.0,2964,0.7982480494425318,0.800441377386705,0.0021933279441731512
1353,7.0,2934,0.8049281173567345,0.8040201693192992,-0.0009079480374353244
1353,10.0,2934,0.8019495099694969,0.800443117507671,-0.0015063924618258229
1354,7.0,2944,0.7855114007949785,0.7861681460645538,0.0006567452695752651
1354,10.0,2944,0.7840152665649067,0.7838978513006644,-0.00011741526424235982
1355,7.0,2986,0.77645666281703,0.7763217200341398,-0.00013494278289016837
1355,10.0,2986,0.7736387246191421,0.7728089224047887,-0.000829802214353359
1356,7.0,2967,0.8053404409195439,0.8093831514452182,0.004042710525674287
1356,10.0,2967,0.802335970747428,0.8058569702103046,0.0035209994628765395
1357,7.0,2952,0.7930292581366907,0.7973650088555664,0.004335750718875708
1357,10.0,2952,0.7907388077767048,0.7941500313660773,0.003411223589372514
1358,7.0,2989,0.8090846618086315,0.8094221387601804,0.00033747695154895396
1358,10.0,2989,0.8027082965731573,0.8024082047424813,-0.0003000918306760303
1359,7.0,2951,0.7905830719156394,0.7917590833443792,0.0011760114287397982
1359,10.0,2951,0.7869704270160918,0.7880469910768998,0.0010765640608080274
1360,7.0,2919,0.80467308675454,0.8057775233946076,0.001104436640067652
1360,10.0,2919,0.8019091391196748,0.8025926580637558,0.0006835189440810296
1361,7.0,2988,0.7717175354272506,0.7772403449093415,0.005522809482090829
1361,10.0,2988,0.7697217486539593,0.7751166489103423,0.005394900256383006
1362,7.0,2984,0.7778354636734609,0.7808271984383275,0.0029917347648665826
1362,10.0,2984,0.7762434927243136,0.7786693384696443,0.002425845745330668
1363,7.0,2979,0.7859408146931811,0.7851105141443553,-0.0008303005488258242
1363,10.0,2979,0.7777718276068889,0.7756793012595322,-0.0020925263473566824
1364,7.0,2990,0.7775166656081038,0.7801031625803888,0.0025864969722849684
1364,10.0,2990,0.7748559082371983,0.7764136570242439,0.0015577487870456208
1365,7.0,2972,0.7952534001036272,0.7979479707213664,0.002694570617739145
1365,10.0,2972,0.7936763304818668,0.7962466723813306,0.0025703418994638128
1366,7.0,2931,0.7711387825923013,0.7724614754653728,0.0013226928730715182
1366,10.0,2931,0.7672880101399739,0.767601794544683,0.0003137844047090832
1367,7.0,3019,0.7729733845568131,0.7745682345204721,0.0015948499636589952
1367,10.0,3019,0.7709774412863333,0.771942809039961,0.0009653677536277661
1368,7.0,2952,0.7912592565065326,0.7933460350493037,0.0020867785427710617
1368,10.0,2952,0.7908217759238632,0.7922306193119295,0.0014088433880663498
1369,7.0,2941,0.8169931364806821,0.8180794878706564,0.0010863513899743715
1369,10.0,2941,0.8106979704695443,0.8116905154958691,0.0009925450263248425
1370,7.0,2952,0.7809746213238773,0.7847808660702854,0.003806244746408116
1370,10.0,2952,0.7761415305921185,0.7791157734141617,0.0029742428220431716
1371,7.0,2950,0.7875036157794494,0.789182840105537,0.0016792243260875805
1371,10.0,2950,0.7843216403051259,0.7854086776503469,0.0010870373452210869
1372,7.0,2905,0.795902299364767,0.7995731029282072,0.0036708035634401837
1372,10.0,2905,0.7941959316477682,0.7971958215600651,0.002999889912296827
1373,7.0,2924,0.8025419641701858,0.8051562702174961,0.0026143060473103885
1373,10.0,2924,0.7966189180315096,0.7991301734644473,0.00251125543293762
1374,7.0,2944,0.7950802063458413,0.7941643700091866,-0.0009158363366547073
1374,10.0,2944,0.7895459776515573,0.7884561330936206,-0.0010898445579367033
1375,7.0,2941,0.7880317593433182,0.7857818451738798,-0.0022499141694383162
1375,10.0,2941,0.785637801133817,0.7825197397568325,-0.003118061376984449
1376,7.0,2989,0.7901908215006385,0.7903803833719043,0.000189561871265842
1376,10.0,2989,0.7887588162071837,0.7887283700658222,-3.044614136149537e-05
1377,7.0,2915,0.79228559286953,0.7948848422503173,0.0025992493807872608
1377,10.0,2915,0.7876399120617913,0.7892753959369628,0.0016354838751715395
1378,7.0,2959,0.7873057914079331,0.7880648840451147,0.0007590926371815465
1378,10.0,2959,0.7868105475350974,0.7868500971962885,3.954966119112946e-05
1379,7.0,2991,0.7921882429623931,0.7938297724564974,0.0016415294941043435
1379,10.0,2991,0.7885584699743992,0.7896278073269224,0.0010693373525232364
1380,7.0,2974,0.794520864012378,0.7937811738679008,-0.0007396901444771675
1380,10.0,2974,0.7923356180596293,0.7905024339539144,-0.001833184105714869
1381,7.0,2981,0.7793786513140551,0.781022104314257,0.0016434530002018555
1381,10.0,2981,0.7729213413303855,0.7741206553812514,0.0011993140508659295
1382,7.0,2921,0.7877537503012223,0.7871519789124227,-0.0006017713887995768
1382,10.0,2921,0.7832661816469031,0.781191162710764,-0.002075018936139039
1383,7.0,2987,0.7903538583179592,0.7889611740716594,-0.0013926842462997913
1383,10.0,2987,0.7869351223432174,0.7850921920971504,-0.001842930246066965
1384,7.0,2965,0.7804432753691722,0.7815824968295252,0.001139221460352946
1384,10.0,2965,0.775007186974037,0.7758677242177596,0.0008605372437225922
1385,7.0,2942,0.7759933279447823,0.7814712369161783,0.005477908971395995
1385,10.0,2942,0.7714632986446629,0.7761606876350151,0.004697388990352214
1386,7.0,2926,0.787455201598,0.7885141672999697,0.0010589657019697274
1386,10.0,2926,0.781980827441793,0.7831152945079095,0.001134467066116529
1387,7.0,2945,0.7926047842841751,0.7964246762775388,0.0038198919933636333
1387,10.0,2945,0.7893080505323264,0.7923209481549511,0.0030128976226246884
1388,7.0,2972,0.8053793125083328,0.8056825638330968,0.00030325132476394234
1388,10.0,2972,0.8024346896902282,0.8022467018649134,-0.00018798782531481706
1389,7.0,2970,0.779120733165095,0.7811664313794222,0.0020456982143272073
1389,10.0,2970,0.7793789275067656,0.7811779943839595,0.001799066877193889
1390,7.0,2939,0.7874644614666501,0.7910044915819807,0.0035400301153306613
1390,10.0,2939,0.7844460848945154,0.7871467064292177,0.0027006215347022966
1391,7.0,2991,0.7899263632349256,0.7921833373778522,0.002256974142926582
1391,10.0,2991,0.7883578808529347,0.7902082090255315,0.0018503281725967824
1392,7.0,2972,0.79361820581293,0.7970664398399092,0.0034482340269792466
1392,10.0,2972,0.7880534216112403,0.7907169210552916,0.0026634994440513093
1393,7.0,2963,0.7761659479612765,0.7790154107259049,0.0028494627646283854
1393,10.0,2963,0.7752439985540827,0.7782502029617602,0.003006204407677515
1394,7.0,3001,0.7854970140986973,0.7861614044466605,0.000664390347963173
1394,10.0,3001,0.7797715137971264,0.7799807547027502,0.0002092409056237976
1395,7.0,2968,0.7859015104979417,0.7868388153585731,0.0009373048606314827
1395,10.0,2968,0.7797111174446726,0.7801548676025105,0.0004437501578379299
1396,7.0,3021,0.7969476006465275,0.7990265382556163,0.002078937609088838
1396,10.0,3021,0.7939537869370373,0.7957974950958201,0.0018437081587827642
1397,7.0,2962,0.7865008280314794,0.785527584484381,-0.0009732435470983791
1397,10.0,2962,0.7835695959265754,0.7820960504026866,-0.0014735455238887862
1398,7.0,2944,0.7876722825032988,0.7921570861117553,0.004484803608456489
1398,10.0,2944,0.7869343796961096,0.7910245706872857,0.004090190991176135
1399,7.0,2952,0.7835433152493175,0.7869864197104254,0.0034431044611078487
1399,10.0,2952,0.7832084819373194,0.7864155734791237,0.003207091541804319
1400,7.0,2961,0.786072608438456,0.7858804572648928,-0.00019215117356330413
1400,10.0,2961,0.7836870663571476,0.7830733795885709,-0.0006136867685766489
1401,7.0,2959,0.7810043060187134,0.781592255641532,0.0005879496228186065
1401,10.0,2959,0.7777470594769387,0.7779260210063809,0.0001789615294421898
1402,7.0,2955,0.7946454206144129,0.7967534037505478,0.0021079831361349166
1402,10.0,2955,0.790145356703897,0.7915341909533841,0.001388834249487103
1403,7.0,2960,0.7956327429402654,0.7955787646727464,-5.397826751907253e-05
1403,10.0,2960,0.7913521095064516,0.7914371544232516,8.504491679994786e-05
1404,7.0,2983,0.8044199598940849,0.8090606685057777,0.004640708611692856
1404,10.0,2983,0.7995888136560563,0.8032298233325551,0.00364100967649883
1405,7.0,3005,0.7968078452704896,0.8012699431333202,0.004462097862830583
1405,10.0,3005,0.7940257732756782,0.7982468884980118,0.0042211152223335935
1406,7.0,2966,0.7851934717308775,0.7909162335723436,0.00572276184146614
1406,10.0,2966,0.7825867232743527,0.787830202594804,0.0052434793204512165
1407,7.0,2961,0.7824489811504237,0.782316605166991,-0.00013237598343274204
1407,10.0,2961,0.7776636132703533,0.7764800137481499,-0.0011835995222033713
1408,7.0,2931,0.7725591597431362,0.7733070994744579,0.0007479397313217007
1408,10.0,2931,0.771913573598156,0.7722424477427601,0.00032887414460402997
1409,7.0,2962,0.7905799381259504,0.7920219180955377,0.0014419799695872815
1409,10.0,2962,0.7892516630953359,0.7902807538867777,0.0010290907914417557
1410,7.0,3050,0.7846771562079917,0.7898935801638566,0.005216423955864857
1410,10.0,3050,0.7808995178435929,0.7849153074549896,0.004015789611396703
1411,7.0,2975,0.8022635587445889,0.80126226272748,-0.0010012960171088547
1411,10.0,2975,0.797461289505261,0.7954809471223486,-0.0019803423829123368
1412,7.0,3001,0.805583524660452,0.8039231279909269,-0.0016603966695251104
1412,10.0,3001,0.7992030505540436,0.7963821458370699,-0.0028209047169737156
1413,7.0,2941,0.7900043513766445,0.7918402746731997,0.0018359232965552419
1413,10.0,2941,0.7874269214465881,0.7890287389848814,0.0016018175382932487
1414,7.0,2983,0.8087962660181761,0.8111473558747883,0.002351089856612143
1414,10.0,2983,0.8059701114103013,0.80788188581078,0.0019117744004787385
1415,7.0,2955,0.7856446859906558,0.7879643010713098,0.002319615080653925
1415,10.0,2955,0.7816603345167732,0.7835711831576432,0.0019108486408699887
1416,7.0,2963,0.7699945848207336,0.769731808922672,-0.00026277589806156243
1416,10.0,2963,0.7648515320288539,0.7650712320499401,0.0002197000210861777
1417,7.0,2992,0.770246616905592,0.7738493017089169,0.0036026848033248182
1417,10.0,2992,0.7666540255831452,0.7699142212189616,0.0032601956358163653
1418,7.0,2963,0.788743335634527,0.7899822945121493,0.0012389588776222649
1418,10.0,2963,0.787772500174036,0.7883749323937176,0.0006024322196815923
1419,7.0,2928,0.7870984850358475,0.7888132277007884,0.0017147426649409825
1419,10.0,2928,0.7815333192452207,0.7827110510934608,0.0011777318482401045
1420,7.0,2973,0.792164962792962,0.792571110647472,0.00040614785450998614
1420,10.0,2973,0.7900371890924353,0.789281227120897,-0.0007559619715382659
1421,7.0,3005,0.7916244675707864,0.7942658143431943,0.0026413467724079043
1421,10.0,3005,0.7857015547786003,0.7881235716936539,0.0024220169150536153
1422,7.0,2951,0.7681869927400758,0.7684914008192608,0.00030440807918497015
1422,10.0,2951,0.7660096201657097,0.7654351842643818,-0.0005744359013278855
1423,7.0,2964,0.7640322825069068,0.7671835960723209,0.0031513135654140934
1423,10.0,2964,0.7594139179638548,0.7621998364571826,0.002785918493327766
1424,7.0,2938,0.8247144349530757,0.8260184830910813,0.0013040481380055535
1424,10.0,2938,0.8174597741418909,0.8178745498207337,0.00041477567884284916
1425,7.0,2968,0.7913014677861978,0.7913756371532262,7.416936702842047e-05
1425,10.0,2968,0.7864659137831613,0.7855750698529987,-0.0008908439301625881
1426,7.0,2947,0.7803433687950946,0.7831397742291942,0.002796405434099647
1426,10.0,2947,0.7774088967462394,0.7796545434107259,0.002245646664486567
1427,7.0,3007,0.7853190357406357,0.7858347428491124,0.000515707108476704
1427,10.0,3007,0.7817453938565843,0.7815125454468089,-0.0002328484097753325
1428,7.0,2964,0.7498636434470937,0.752372004651107,0.0025083612040133207
1428,10.0,2964,0.7465768209836139,0.748960373012314,0.002383552028700109
1429,7.0,2925,0.786466510630101,0.7875906071968568,0.0011240965667558278
1429,10.0,2925,0.7828677946444904,0.7830581828996505,0.00019038825516004554
1430,7.0,2959,0.7788447787282502,0.779980931698403,0.0011361529701527928
1430,10.0,2959,0.7791819798458802,0.7793105169562912,0.0001285371104109423
1431,7.0,2948,0.7875229213527319,0.7917435391972683,0.004220617844536312
1431,10.0,2948,0.7860360597002379,0.7888072560690513,0.0027711963688134
1432,7.0,2946,0.7839736224888677,0.7856337740915734,0.0016601516027057173
1432,10.0,2946,0.780138955591842,0.7815157045432716,0.001376748951429585
1433,7.0,2925,0.7980362428112215,0.7996811531081409,0.0016449102969193774
1433,10.0,2925,0.7944872867718056,0.7959034438364982,0.0014161570646926691
1434,7.0,2972,0.7947536801578617,0.7957057543100918,0.0009520741522300868
1434,10.0,2972,0.7933734099307487,0.7936672555926361,0.00029384566188739303
1435,7.0,2980,0.7876072706585701,0.7899374471424544,0.0023301764838843386
1435,10.0,2980,0.7808403714602362,0.7822937765124011,0.0014534050521648467
1436,7.0,2965,0.7964051299007365,0.7991895713592267,0.0027844414584902166
1436,10.0,2965,0.7929267090220739,0.7948336325497893,0.0019069235277154872
1437,7.0,2987,0.7907210988379344,0.7917297045219155,0.0010086056839810897
1437,10.0,2987,0.7862824054465803,0.7870169605097636,0.0007345550631832065
1438,7.0,2939,0.7909735917545843,0.7929381137546958,0.001964522000111546
1438,10.0,2939,0.789125775951721,0.7909483913929666,0.001822615441245623
1439,7.0,2937,0.7869289405522744,0.7928365121362977,0.00590757158402333
1439,10.0,2937,0.7872032816435706,0.7925726912067493,0.005369409563178773
1440,7.0,2917,0.7752535229816937,0.7742385721402436,-0.0010149508414500907
1440,10.0,2917,0.7731238291646647,0.7711020293579368,-0.0020217998067278975
1441,7.0,2971,0.7865357598542798,0.7889884026450847,0.0024526427908049264
1441,10.0,2971,0.7852064932417376,0.787021102087452,0.0018146088457143827
1442,7.0,2907,0.7813614714055673,0.7835846146529056,0.0022231432473382995
1442,10.0,2907,0.7813667288788058,0.7833044769378129,0.0019377480590071494
1443,7.0,2956,0.7988114290708281,0.8015862178209169,0.0027747887500887414
1443,10.0,2956,0.7972360629459688,0.7987235985132426,0.0014875355672737678
1444,7.0,2976,0.7904572906006223,0.7917784354266232,0.0013211448260008751
1444,10.0,2976,0.7879260738318344,0.7888785820598285,0.0009525082279940866
1445,7.0,2954,0.7864895447250222,0.7869874836906947,0.0004979389656725175
1445,10.0,2954,0.7827642091649689,0.7828751390004951,0.00011092983552618563
1446,7.0,2951,0.7872939688022452,0.7897854213002244,0.0024914524979792185
1446,10.0,2951,0.7838966186150078,0.7861448195164396,0.0022482009014317406
1447,7.0,2968,0.7896648192543994,0.7902302745814921,0.0005654553270927343
1447,10.0,2968,0.7822444599446147,0.7823165316645269,7.20717199121923e-05
1448,7.0,2919,0.7892342915147624,0.7919647549724527,0.0027304634576902354
1448,10.0,2919,0.7892979312591627,0.7918201020617979,0.002522170802635171
1449,7.0,2970,0.7791185708013914,0.7789895646887981,-0.00012900611259325512
1449,10.0,2970,0.7777661645898416,0.7773106695518986,-0.00045549503794295454
1450,7.0,2921,0.7906587194873133,0.7923110370801474,0.0016523175928341294
1450,10.0,2921,0.7876322550867825,0.7890571452645982,0.001424890177815774
1451,7.0,2950,0.8032159117215835,0.8052185294449358,0.002002617723352307
1451,10.0,2950,0.7986134137984393,0.7997490991887172,0.001135685390277863
1452,7.0,2923,0.7852144922931061,0.7892290781048779,0.00401458581177172
1452,10.0,2923,0.7807418400532894,0.7838544727871165,0.0031126327338271143
1453,7.0,2928,0.7795961339985114,0.7792212104358798,-0.00037492356263157944
1453,10.0,2928,0.7769400510070213,0.7752063632833408,-0.0017336877236805437
1454,7.0,2969,0.7817843587242531,0.7836523907964492,0.001868032072196102
1454,10.0,2969,0.7783473764629029,0.7792811246313909,0.0009337481684880133
1455,7.0,2939,0.790631707844126,0.7928344017863574,0.002202693942231493
1455,10.0,2939,0.785036181640757,0.7868581036333017,0.0018219219925447172
1456,7.0,2958,0.7955852002317754,0.8001406277466356,0.004555427514860266
1456,10.0,2958,0.7908255131129555,0.7950322096487774,0.004206696535821952
1457,7.0,2962,0.7859916092552292,0.7886576037879937,0.002665994532764504
1457,10.0,2962,0.785836830744097,0.7881055599228735,0.0022687291787764075
1458,7.0,2957,0.7889107803722144,0.7915213397587795,0.00261055938656507
1458,10.0,2957,0.7855607954937927,0.7876443512279666,0.0020835557341739586
1459,7.0,2944,0.7912823740475057,0.7901177286994973,-0.0011646453480084196
1459,10.0,2944,0.7881479436860824,0.7863696161116858,-0.0017783275743966653
1460,7.0,3035,0.7896864294221146,0.793772698089072,0.004086268666957382
1460,10.0,3035,0.7873247878209639,0.7909011971986919,0.0035764093777279626
1461,7.0,2989,0.8099093833407587,0.8110374933069563,0.0011281099661976102
1461,10.0,2989,0.8069594173057322,0.8084022890826981,0.0014428717769658927
1462,7.0,2995,0.7799246362280309,0.7779987644834184,-0.0019258717446124507
1462,10.0,2995,0.7776457389362099,0.7749393686158156,-0.0027063703203943357
1463,7.0,2952,0.7903349489769934,0.7899558959837844,-0.0003790529932090614
1463,10.0,2952,0.7861884794486188,0.7857604392728225,-0.00042804017579634035
1464,7.0,2997,0.7904666800600338,0.791926163154847,0.001459483094813141
1464,10.0,2997,0.7855855353106951,0.7869402048048215,0.001354669494126437
1465,7.0,2957,0.8022916434199612,0.8039062531509089,0.0016146097309477359
1465,10.0,2957,0.7989618991956806,0.800325624112883,0.0013637249172023802
1466,7.0,3005,0.7896543867986928,0.7905485519424207,0.0008941651437278653
1466,10.0,3005,0.7844451267229777,0.7845605497831201,0.00011542306014233894
1467,7.0,3009,0.7810610040058,0.783406817951224,0.0023458139454239912
1467,10.0,3009,0.7804113730552348,0.782624256306232,0.002212883250997222
1468,7.0,3011,0.7995275284921735,0.8020023155119222,0.002474787019748792
1468,10.0,3011,0.7962883148155918,0.7977453235233166,0.001457008707724805
1469,7.0,2956,0.7826741826887951,0.7840679814085235,0.0013937987197284452
1469,10.0,2956,0.7777176265349045,0.7784681199148117,0.00075049337990718
1470,7.0,2980,0.7895726870416454,0.7874108361878647,-0.0021618508537807335
1470,10.0,2980,0.7848332021760701,0.7827980976494338,-0.0020351045266363554
1471,7.0,2949,0.7951524195325161,0.7958485225719858,0.0006961030394696532
1471,10.0,2949,0.7905944124767059,0.7902390891452556,-0.0003553233314502746
1472,7.0,2948,0.8067140276266604,0.8075039432076179,0.0007899155809574232
1472,10.0,2948,0.8045886351804181,0.8046764064748764,8.777129445824983e-05
1473,7.0,2979,0.7872658563987335,0.7892336499506349,0.0019677935519014644
1473,10.0,2979,0.7840201583611325,0.7853235902987238,0.001303431937591304
1474,7.0,2965,0.7802006052652145,0.7844328805072801,0.004232275242065597
1474,10.0,2965,0.7780432562064218,0.781999632024058,0.003956375817636193
1475,7.0,2975,0.7785877487353835,0.785070796557387,0.006483047822003485
1475,10.0,2975,0.7734356596611234,0.7797154188458424,0.006279759184719014
1476,7.0,2982,0.804678163557652,0.8067490812775847,0.00207091771993273
1476,10.0,2982,0.7984389902480019,0.8004857515347629,0.0020467612867609564
1477,7.0,2959,0.7899920706691665,0.7915487653846256,0.0015566947154590505
1477,10.0,2959,0.7864232357138141,0.7877359448712936,0.001312709157479497
1478,7.0,2968,0.7886861925576718,0.7875501826395337,-0.0011360099181381145
1478,10.0,2968,0.7807708846165831,0.7786645062786277,-0.0021063783379553502
1479,7.0,2937,0.7947321497008645,0.7976071851681519,0.0028750354672874012
1479,10.0,2937,0.7917142244539254,0.7945054225506724,0.002791198096746994
1480,7.0,2954,0.7944593926747571,0.7960463456152874,0.0015869529405303506
1480,10.0,2954,0.7900034971898974,0.7913451700427333,0.001341672852835929
1481,7.0,2994,0.7982609815314406,0.8016607713040905,0.003399789772649875
1481,10.0,2994,0.7970704372159411,0.8004814915674416,0.0034110543515005753
1482,7.0,2921,0.8118089729418712,0.8128688884514634,0.0010599155095922796
1482,10.0,2921,0.8072933655163416,0.8083442296074221,0.0010508640910805722
1483,7.0,2993,0.7941871066388788,0.7960987136207833,0.0019116069819045123
1483,10.0,2993,0.7911281778368007,0.7924476483885615,0.0013194705517608485
1484,7.0,3013,0.772809735846444,0.7728552508260007,4.551497955673778e-05
1484,10.0,3013,0.7699466174471424,0.7692423410711632,-0.0007042763759792514
1485,7.0,2976,0.7875785001847063,0.7914493289003818,0.003870828715675456
1485,10.0,2976,0.7826287615205241,0.7861820798016064,0.003553318281082296
1486,7.0,2933,0.799095803683398,0.8023453497027042,0.00324954601930616
1486,10.0,2933,0.795099898896205,0.7975137351726774,0.002413836276472403
1487,7.0,2980,0.782621218739762,0.785569782679917,0.002948563940154969
1487,10.0,2980,0.7785727751678878,0.7811165686684126,0.0025437935005248047
1488,7.0,2960,0.7925920484068095,0.7964803547695534,0.003888306362743843
1488,10.0,2960,0.7892800774533187,0.7927972447595468,0.003517167306228086
1489,7.0,2978,0.7922193991380261,0.7967759970182632,0.004556597880237101
1489,10.0,2978,0.7887093145757603,0.7923910865468421,0.003681771971081771
1490,7.0,2962,0.7824828602879221,0.7838883236188633,0.001405463330941159
1490,10.0,2962,0.7766006520668329,0.7773583995955204,0.0007577475286875135
1491,7.0,2926,0.7818216082554295,0.7835855095968797,0.0017639013414502136
1491,10.0,2926,0.7793120118851842,0.7807175381155628,0.0014055262303785954
1492,7.0,2952,0.7990102258840928,0.7989538031172094,-5.642276688333503e-05
1492,10.0,2952,0.7934753280393191,0.7931266370832831,-0.00034869095603595746
1493,7.0,2973,0.7762203296808317,0.7774121938765759,0.001191864195744241
1493,10.0,2973,0.7723929018033866,0.7723326054072759,-6.029639611071502e-05
1494,7.0,2948,0.7747104252449929,0.7778976166675435,0.0031871914225506393
1494,10.0,2948,0.7681856246537575,0.7708473440781252,0.002661719424367659
1495,7.0,2969,0.7800833167488718,0.7844199293233002,0.004336612574428411
1495,10.0,2969,0.780126817861571,0.7838843841303431,0.0037575662687721056
1496,7.0,2929,0.800943249203858,0.7970628932500696,-0.003880355953788328
1496,10.0,2929,0.7942165394297517,0.7887710733084141,-0.005445466121337561
1497,7.0,2942,0.8004672851267693,0.8046585294278705,0.004191244301101182
1497,10.0,2942,0.7975185265069513,0.8008989649653968,0.0033804384584454894
1498,7.0,2953,0.7941307910025324,0.7933434061841629,-0.0007873848183694854
1498,10.0,2953,0.7931625584257672,0.7919082094167896,-0.0012543490089775844
1499,7.0,3010,0.7811142950170971,0.7854082018360755,0.004293906818978455
1499,10.0,3010,0.7769284969022421,0.7801503532984917,0.0032218563962496116
1500,7.0,2970,0.797776359683938,0.7982419959843733,0.00046563630043527926
1500,10.0,2970,0.7947612167018636,0.7940696281476541,-0.0006915885542094768
1501,7.0,2963,0.7814871166335602,0.7816618063479989,0.00017468971443868053
1501,10.0,2963,0.7799184804326398,0.7793510403068972,-0.0005674401257426132
1502,7.0,2990,0.7934162603244104,0.7969330281620062,0.0035167678375958022
1502,10.0,2990,0.7891740457374917,0.7921094314764145,0.0029353857389228244
1503,7.0,3003,0.7727190125945921,0.7713169605846968,-0.0014020520098952938
1503,10.0,3003,0.7703783591715909,0.7683139676728803,-0.002064391498710627
1504,7.0,2948,0.788366658676617,0.7893793013278437,0.0010126426512266917
1504,10.0,2948,0.7852511334720552,0.7854183320417142,0.00016719856965896618
1505,7.0,2966,0.7805058988313062,0.7833515105547836,0.0028456117234774148
1505,10.0,2966,0.7769384137071192,0.7795568964338133,0.0026184827266940713
1506,7.0,2980,0.7948675061980237,0.7983824546698511,0.003514948471827428
1506,10.0,2980,0.7901596767987688,0.7930922951135052,0.002932618314736457
1507,7.0,2937,0.7914912164243971,0.7906320216627297,-0.0008591947616674034
1507,10.0,2937,0.7863035049265772,0.784432470997777,-0.0018710339288001698
1508,7.0,2986,0.785649470009225,0.7873409445116861,0.0016914745024610989
1508,10.0,2986,0.7813023579197194,0.7833921005376611,0.0020897426179417034
1509,7.0,2963,0.7904524773900017,0.7905246074460411,7.213005603945444e-05
1509,10.0,2963,0.7867696014300333,0.7860273830649862,-0.0007422183650470648
1510,7.0,2992,0.8005402563954234,0.8003491042257205,-0.00019115216970289062
1510,10.0,2992,0.7965479620999205,0.795002786770548,-0.0015451753293724835
1511,7.0,2966,0.7774351700533441,0.7794008818722827,0.0019657118189386757
1511,10.0,2966,0.7755242590163774,0.7773709281859005,0.0018466691695230297
1512,7.0,2968,0.791347698800372,0.7915121325241852,0.00016443372381313992
1512,10.0,2968,0.7898201870177216,0.7882175780364922,-0.0016026089812294364
1513,7.0,2934,0.7875563570784491,0.788657686245087,0.0011013291666379654
1513,10.0,2934,0.7846671938979911,0.7854508868412426,0.0007836929432515349
1514,7.0,2912,0.7641281610504732,0.7660059786398249,0.0018778175893516824
1514,10.0,2912,0.7617193778938248,0.7633542296398229,0.0016348517459980894
1515,7.0,2961,0.7929893923537088,0.7970435259477471,0.004054133594038278
1515,10.0,2961,0.7916887252733793,0.7948828568901107,0.0031941316167314326
1516,7.0,2981,0.7939178036576999,0.7955569079202321,0.0016391042625322205
1516,10.0,2981,0.791977681659254,0.7935064282093826,0.001528746550128579
1517,7.0,2978,0.7819679915741422,0.7808992325896444,-0.001068758984497764
1517,10.0,2978,0.7792246126039019,0.7770199440512212,-0.002204668552680644
1518,7.0,2962,0.8019521680450815,0.8037188417477404,0.0017666737026589274
1518,10.0,2962,0.7986188987317678,0.7985219112831561,-9.698744861175168e-05
1519,7.0,2959,0.7781362472876577,0.7788313865104011,0.0006951392227433351
1519,10.0,2959,0.7758582757359122,0.7756568083612668,-0.0002014673746453255
1520,7.0,2991,0.7897100370204144,0.7917913003323276,0.002081263311913162
1520,10.0,2991,0.7894941782877056,0.7914084612910659,0.0019142830033602731
1521,7.0,2985,0.7850749795183539,0.7898801406363564,0.004805161118002443
1521,10.0,2985,0.7827736827403831,0.7870136016501043,0.0042399189097211964
1522,7.0,2925,0.7860197817143338,0.7878806799132938,0.0018608981989599593
1522,10.0,2925,0.7816882387328382,0.7833037660554123,0.001615527322574084
1523,7.0,2933,0.7700215288142509,0.7715851864577853,0.0015636576435343885
1523,10.0,2933,0.769677096118997,0.7706533680738463,0.0009762719548492838
1524,7.0,2919,0.7891838280527459,0.789905017778652,0.0007211897259060684
1524,10.0,2919,0.788120271121271,0.7880796641738883,-4.060694738272641e-05
1525,7.0,2981,0.7956761106693747,0.7980189154708887,0.0023428048015139424
1525,10.0,2981,0.7904440692677487,0.7922727337116866,0.0018286644439379218
1526,7.0,2998,0.7871921992106461,0.7890244964709722,0.0018322972603260768
1526,10.0,2998,0.7856084807579297,0.7863069748969288,0.0006984941389991395
1527,7.0,2996,0.804046272190617,0.8036070131456304,-0.00043925904498653967
1527,10.0,2996,0.7998411849424105,0.7993113799334141,-0.0005298050089964645
1528,7.0,2967,0.7985550008561982,0.8044357653753441,0.005880764519145876
1528,10.0,2967,0.793573686497176,0.799294745988704,0.005721059491528013
1529,7.0,2958,0.7967556671929708,0.7991049531485662,0.0023492859555954704
1529,10.0,2958,0.7939091533835512,0.7954052586965299,0.0014961053129787238
1530,7.0,2976,0.7769304450338933,0.7778896639049896,0.0009592188710962901
1530,10.0,2976,0.7761938419854385,0.7762988401543729,0.00010499816893438929
1531,7.0,3002,0.7952377130459323,0.791769689029963,-0.00346802401596924
1531,10.0,3002,0.7946186581280836,0.7905253699097297,-0.004093288218353974
1532,7.0,2976,0.7707361511748122,0.7732220974747125,0.002485946299900288
1532,10.0,2976,0.7681238602032238,0.7701271582854962,0.002003298082272398
1533,7.0,2902,0.7907028549558062,0.7944023669700631,0.0036995120142568894
1533,10.0,2902,0.7899975570541482,0.792848844145736,0.002851287091587773
1534,7.0,2946,0.772159065851601,0.7726512919512497,0.0004922260996487182
1534,10.0,2946,0.7687461051049422,0.7682367090634126,-0.0005093960415296639
1535,7.0,2958,0.7916599830894168,0.7923790906891198,0.0007191075997030616
1535,10.0,2958,0.7862701167438639,0.7869975892798409,0.0007274725359769363
1536,7.0,2932,0.7679167897475516,0.7731231111818038,0.005206321434252148
1536,10.0,2932,0.7651304389939408,0.769701723043146,0.004571284049205149
1537,7.0,2947,0.7849180216969632,0.7855203537497447,0.0006023320527814846
1537,10.0,2947,0.7827244241698161,0.7830242373350266,0.00029981316521043855
1538,7.0,2955,0.7925633463482069,0.7892074724744047,-0.0033558738738022065
1538,10.0,2955,0.792041291204511,0.7884667574644305,-0.0035745337400805433
1539,7.0,2914,0.7928770618889702,0.7948662733106507,0.0019892114216805146
1539,10.0,2914,0.7889903032051817,0.7903988822488667,0.0014085790436849654
1540,7.0,3017,0.7867912242701288,0.7900362776234835,0.0032450533533546766
1540,10.0,3017,0.7827552725665344,0.7855875415426735,0.002832268976139085
1541,7.0,2994,0.7869335698618228,0.7894125703773337,0.002479000515510865
1541,10.0,2994,0.7854325367344303,0.7875108268964398,0.002078290162009555
1542,7.0,2973,0.7791400712691389,0.776721358551644,-0.002418712717494831
1542,10.0,2973,0.7750240500092002,0.7718564878218657,-0.003167562187334494
1543,7.0,2929,0.7939305190201367,0.7923945957765424,-0.001535923243594306
1543,10.0,2929,0.7901313068715979,0.7869569915041114,-0.00317431536748658
1544,7.0,3001,0.7859703217868448,0.7867219515583295,0.0007516297714846853
1544,10.0,3001,0.7830544459361283,0.7826100756840128,-0.0004443702521155224
1545,7.0,2994,0.7794213442912109,0.7827392708072973,0.0033179265160864224
1545,10.0,2994,0.7796465894630302,0.7824790818106333,0.0028324923476030772
1546,7.0,2955,0.7987245364258586,0.8025272322305042,0.0038026958046455395
1546,10.0,2955,0.7914928991154037,0.7950928381962865,0.0035999390808828524
1547,7.0,2925,0.7784729308660704,0.7834073657730024,0.004934434906932017
1547,10.0,2925,0.7795854814445585,0.7842424880876981,0.004657006643139616
1548,7.0,2940,0.7802486385833752,0.7745128055968036,-0.005735832986571654
1548,10.0,2940,0.7772658906532903,0.7710710751015043,-0.006194815551786026
1549,7.0,2957,0.785735393253239,0.7884167103109009,0.002681317057661836
1549,10.0,2957,0.7816342746156466,0.7835588795419289,0.001924604926282325
1550,7.0,3000,0.8018846994798433,0.8047607973954741,0.0028760979156308153
1550,10.0,3000,0.7983388828613117,0.8004689039370472,0.0021300210757354554
1551,7.0,2986,0.7953823210304123,0.795288033900871,-9.428712954129281e-05
1551,10.0,2986,0.7905877006663352,0.789929901731869,-0.0006577989344661583
1552,7.0,2964,0.7894382113112393,0.791812772667953,0.002374561356713767
1552,10.0,2964,0.7873314015173403,0.7885399134739862,0.0012085119566459523
1553,7.0,2979,0.804965647575385,0.8114909815160333,0.006525333940648248
1553,10.0,2979,0.8023387122307473,0.8083715027492533,0.006032790518506026
1554,7.0,2993,0.7758311924903437,0.7756862507633597,-0.00014494172698398256
1554,10.0,2993,0.7722790054573792,0.7717543983935664,-0.0005246070638127431
1555,7.0,2958,0.7718530381762253,0.7747954296011796,0.002942391424954338
1555,10.0,2958,0.7736310029508906,0.7756807910598573,0.0020497881089667214
1556,7.0,2955,0.8048596238662319,0.8049003199731406,4.069610690871084e-05
1556,10.0,2955,0.801498000978424,0.8009051627533721,-0.0005928382250519615
1557,7.0,2963,0.7848346220690668,0.7861863666899663,0.0013517446208994865
1557,10.0,2963,0.7774204673260395,0.7787703544708416,0.0013498871448021088
1558,7.0,2969,0.7902177012517355,0.7929133165795667,0.0026956153278311357
1558,10.0,2969,0.7873240755503926,0.7895537384182807,0.0022296628678880603
1559,7.0,2941,0.785233411514459,0.7842308089000571,-0.0010026026144018818
1559,10.0,2941,0.7846009690099643,0.7825123665579832,-0.0020886024519811697
1560,7.0,2976,0.7849858881924114,0.788997798708275,0.0040119105158635815
1560,10.0,2976,0.7841879356793376,0.7883004767426878,0.004112541063350128
1561,7.0,2926,0.7893465307850096,0.7890378667013968,-0.0003086640836128529
1561,10.0,2926,0.7879759945291468,0.7864314430612046,-0.0015445514679421901
1562,7.0,2981,0.7969843954475433,0.7996603394650067,0.0026759440174634053
1562,10.0,2981,0.7909914865854258,0.7936636384051067,0.0026721518196808347
1563,7.0,2953,0.7996055494914723,0.8031672545051823,0.0035617050137100037
1563,10.0,2953,0.7978987860384542,0.8011540209594445,0.0032552349209903353
1564,7.0,2939,0.776599194451236,0.7759300485130806,-0.0006691459381554798
1564,10.0,2939,0.7748978335780349,0.7733681977879299,-0.0015296357901050106
1565,7.0,2982,0.7874515626883317,0.7904687167414224,0.003017154053090665
1565,10.0,2982,0.7850003484537822,0.787499434526757,0.0024990860729747766
1566,7.0,2958,0.7813910286827732,0.7834982108422527,0.0021071821594794704
1566,10.0,2958,0.777012386927322,0.7786141796407832,0.0016017927134611698
1567,7.0,2960,0.785635358346176,0.7864010433939286,0.0007656850477525401
1567,10.0,2960,0.7840173610471375,0.7844253298625277,0.0004079688153901806
1568,7.0,2963,0.7888763269352589,0.7921728928822014,0.003296565946942498
1568,10.0,2963,0.7859717421216901,0.7880055039097896,0.002033761788099553
1569,7.0,2972,0.7963425810214113,0.7972855271030728,0.0009429460816614554
1569,10.0,2972,0.7920028859821672,0.7923935465035584,0.0003906605213912506
1570,7.0,3002,0.7991653923466399,0.7993859349611858,0.00022054261454595991
1570,10.0,3002,0.7957656513628857,0.7953279399826443,-0.0004377113802414012
1571,7.0,2990,0.7903318096110988,0.7918563852324818,0.001524575621382973
1571,10.0,2990,0.7846559209433249,0.7858568686987867,0.0012009477554617565
1572,7.0,2980,0.7818517614905514,0.7853179835234362,0.0034662220328848248
1572,10.0,2980,0.7785315817887349,0.7813640453482095,0.0028324635594745295
1573,7.0,2957,0.7989079633672118,0.7989983310223688,9.036765515701983e-05
1573,10.0,2957,0.7925932100676665,0.7927877147159306,0.0001945046482640933
1574,7.0,2950,0.7903333679040317,0.795301576157919,0.0049682082538872185
1574,10.0,2950,0.7868473451610182,0.7917166160995223,0.004869270938504089
1575,7.0,2962,0.7884053974145877,0.7890936149807821,0.0006882175661944157
1575,10.0,2962,0.7855346686127279,0.7852826185075117,-0.0002520501052162283
1576,7.0,2955,0.7984400683957804,0.8009315156171688,0.0024914472213883876
1576,10.0,2955,0.7964730971128609,0.7984592671108419,0.0019861699979810687
1577,7.0,2979,0.7790669614523542,0.7820701487644807,0.003003187312126454
1577,10.0,2979,0.7777902061828537,0.7803878890602547,0.0025976828774010308
1578,7.0,2937,0.7810458116014651,0.7822950264311274,0.0012492148296622263
1578,10.0,2937,0.7799994341826432,0.7800991258121837,9.969162954048816e-05
1579,7.0,2950,0.785071208347146,0.7848484570542059,-0.00022275129294013762
1579,10.0,2950,0.7836005860845988,0.7822312295452367,-0.0013693565393620988
1580,7.0,2975,0.8015278748946237,0.8037288512184443,0.002200976323820547
1580,10.0,2975,0.7937302104040976,0.7946437191938347,0.0009135087897370608
1581,7.0,2975,0.8083901047946499,0.8077396650377269,-0.0006504397569230269
1581,10.0,2975,0.805202565218375,0.8036894643196968,-0.0015131008986781769
1582,7.0,2902,0.7732918425129548,0.7760504775302575,0.0027586350173026686
1582,10.0,2902,0.7728586568364499,0.7750268418808346,0.0021681850443846518
1583,7.0,2948,0.7979234341059008,0.7997307140437234,0.0018072799378225923
1583,10.0,2948,0.792441952949985,0.7938640503582752,0.001422097408290246
1584,7.0,2950,0.7942189178226001,0.795098923105327,0.0008800052827269145
1584,10.0,2950,0.7903126712385633,0.7907533411078568,0.0004406698692934752
1585,7.0,2952,0.7877691749501202,0.7892590261990755,0.0014898512489552873
1585,10.0,2952,0.7874723941079651,0.7888500843802738,0.001377690272308718
1586,7.0,3010,0.7688325437366011,0.7689370881084086,0.00010454437180740239
1586,10.0,3010,0.7670695170872899,0.7659549078352714,-0.0011146092520184503
1587,7.0,3016,0.78000018048517,0.7790487658037327,-0.0009514146814372237
1587,10.0,3016,0.7754668774579743,0.7749321495084663,-0.0005347279495079293
1588,7.0,2962,0.7874725271868749,0.7899406938160664,0.0024681666291914706
1588,10.0,2962,0.7820477362951505,0.7845233957775505,0.0024756594824000278
1589,7.0,2962,0.7844334064146244,0.7878390688682058,0.003405662453581315
1589,10.0,2962,0.784369024359827,0.7876790093947456,0.003309985034918528
1590,7.0,2982,0.7873184762559011,0.7862355937958438,-0.0010828824600572773
1590,10.0,2982,0.7847082395183448,0.7831026393834496,-0.001605600134895191
1591,7.0,2965,0.7935032214278409,0.7955459161379523,0.0020426947101114257
1591,10.0,2965,0.7908417442454794,0.7918602212518853,0.0010184770064058934
1592,7.0,2966,0.7850721797672056,0.7881856516392752,0.003113471872069673
1592,10.0,2966,0.7821807550135962,0.7849862975866757,0.0028055425730795225
1593,7.0,2888,0.7719297236100302,0.7745680372758907,0.0026383136658605366
1593,10.0,2888,0.7680547340087804,0.7702796937153028,0.002224959706522367
1594,7.0,2956,0.783457491660141,0.7854568712101645,0.0019993795500234945
1594,10.0,2956,0.7804483924462328,0.7821491470516397,0.0017007546054069733
1595,7.0,3027,0.7952961904339394,0.7959451665853334,0.0006489761513940318
1595,10.0,3027,0.7936586875450805,0.7940151169413541,0.00035642939627356096
1596,7.0,2982,0.7766065474484456,0.7780577606185618,0.0014512131701162057
1596,10.0,2982,0.7759350559156198,0.7762688072561468,0.0003337513405269332
1597,7.0,2968,0.7958702576045787,0.7992692518074735,0.0033989942028948006
1597,10.0,2968,0.7936947452528325,0.7961826280240909,0.002487882771258443
1598,7.0,3007,0.7897465675647776,0.7925905853205327,0.002844017755755157
1598,10.0,3007,0.7838805487079277,0.7859107047689503,0.0020301560610226366
1599,7.0,2973,0.800596344424496,0.8049417232824779,0.004345378857981919
1599,10.0,2973,0.7976022033538895,0.8019294227356657,0.0043272193817761595
1600,7.0,2959,0.7717844792984295,0.7719364220767793,0.00015194277834973402
1600,10.0,2959,0.7671391902789705,0.7666087014442142,-0.0005304888347562597
1601,7.0,2985,0.7895736874591783,0.795156499633382,0.005582812174203644
1601,10.0,2985,0.7882143374858142,0.7930437349081331,0.004829397422318915
1602,7.0,2987,0.7702368899041959,0.7699036362803807,-0.0003332536238151995
1602,10.0,2987,0.7700092937698034,0.7696517484807335,-0.0003575452890699493
1603,7.0,2954,0.7847706637594913,0.7884264913618094,0.0036558276023180847
1603,10.0,2954,0.7841939047006814,0.7873418076718017,0.003147902971120331
1604,7.0,2960,0.7895745717595545,0.7879691315185773,-0.0016054402409771962
1604,10.0,2960,0.7862813386359662,0.7838011157834437,-0.0024802228525224734
1605,7.0,2942,0.7993681502943999,0.8004558710605547,0.0010877207661548205
1605,10.0,2942,0.7984046725414098,0.799208212717141,0.0008035401757312544
1606,7.0,2984,0.8024193654633077,0.8053236843284034,0.0029043188650956786
1606,10.0,2984,0.7980112306109732,0.8000366242292628,0.0020253936182895727
1607,7.0,2964,0.7804419137576046,0.7800362348342968,-0.000405678923307784
1607,10.0,2964,0.7758004920194338,0.774944328810578,-0.0008561632088558424
1608,7.0,2995,0.7894995676127241,0.7934632240890168,0.0039636564762927096
1608,10.0,2995,0.7857160151861465,0.7887583291364816,0.0030423139503350516
1609,7.0,3034,0.7899409121509774,0.7903759789001857,0.000435066749208346
1609,10.0,3034,0.7833665297584061,0.7819837052864178,-0.001382824471988342
1610,7.0,2967,0.789318531750163,0.7926828600077807,0.003364328257617677
1610,10.0,2967,0.7856960957314909,0.7880973571976109,0.002401261466119964
1611,7.0,2994,0.7919834547713911,0.7952377182963742,0.0032542635249831475
1611,10.0,2994,0.7900070172100049,0.7922620392725889,0.002255022062583989
1612,7.0,2971,0.7737362773251261,0.7731963012324645,-0.0005399760926615427
1612,10.0,2971,0.7677217753602222,0.7662001357244688,-0.001521639635753469
1613,7.0,2973,0.7829484850025555,0.7881699612252707,0.005221476222715182
1613,10.0,2973,0.7796309876726126,0.7840391398593823,0.004408152186769709
1614,7.0,2955,0.781113840891507,0.786441437161511,0.005327596270004009
1614,10.0,2955,0.780955659685697,0.785220745274298,0.0042650855886009476
1615,7.0,2983,0.7856286043829297,0.7872696398820966,0.001641035499166943
1615,10.0,2983,0.778003989002238,0.7789062633179828,0.0009022743157448554
1616,7.0,2981,0.7729987946681792,0.7752562596223969,0.002257464954217636
1616,10.0,2981,0.7725477390433703,0.7747122931788333,0.002164554135463015
1617,7.0,2966,0.7909976033751692,0.7923623664912856,0.0013647631161163298
1617,10.0,2966,0.7885184494566452,0.7891970880695331,0.0006786386128879718
1618,7.0,2972,0.7613686027708579,0.7619531489008348,0.0005845461299768262
1618,10.0,2972,0.7577948037649692,0.7581222596518912,0.0003274558869219568
1619,7.0,2962,0.7887602404461759,0.7862464330629194,-0.002513807383256461
1619,10.0,2962,0.7863554973702968,0.7821538560289274,-0.004201641341369355
1620,7.0,2953,0.7935415498807249,0.7953760268638355,0.0018344769831105667
1620,10.0,2953,0.7913074112265128,0.7924465713337945,0.001139160107281656
1621,7.0,3026,0.7779859994849916,0.7787017931140879,0.0007157936290963507
1621,10.0,3026,0.778273343059043,0.7781941634895413,-7.917956950176386e-05
1622,7.0,3001,0.7759338871888815,0.7756447711914131,-0.0002891159974683921
1622,10.0,3001,0.7749693160949771,0.7741237784114504,-0.000845537683526687
1623,7.0,2950,0.792539039600625,0.7945536872428639,0.0020146476422389092
1623,10.0,2950,0.787907815050321,0.7888934402984604,0.000985625248139388
1624,7.0,2982,0.7902908893508281,0.7900168151786778,-0.00027407417215030705
1624,10.0,2982,0.7861885475139335,0.7849075590802853,-0.0012809884336482114
1625,7.0,2937,0.7631888835029892,0.7664436904184844,0.0032548069154951786
1625,10.0,2937,0.7615858568560508,0.7636943085165172,0.0021084516604663595
1626,7.0,2937,0.7853147489023408,0.7854615364630693,0.00014678756072850074
1626,10.0,2937,0.7826557050570704,0.7821640179137603,-0.0004916871433100489
1627,7.0,2968,0.8041764372069722,0.8052746058409552,0.0010981686339830432
1627,10.0,2968,0.7999845885474307,0.8007485183084071,0.0007639297609763895
1628,7.0,2992,0.7864964861108392,0.7876188425373085,0.0011223564264692953
1628,10.0,2992,0.7814324575167104,0.7816752719953557,0.00024281447864527017
1629,7.0,2941,0.796866078251458,0.8000605080975742,0.0031944298461161758
1629,10.0,2941,0.7950589684207708,0.7974993641316716,0.0024403957109007113
1630,7.0,2956,0.7756264743228187,0.7769795866200255,0.0013531122972068044
1630,10.0,2956,0.7746586971184036,0.7753770934923109,0.0007183963739072485
1631,7.0,3015,0.7825613883023357,0.7852631190697932,0.0027017307674574997
1631,10.0,3015,0.7781232281587119,0.7800720188946338,0.0019487907359219125
1632,7.0,2966,0.7932042532167394,0.7965522952845694,0.003348042067830015
1632,10.0,2966,0.791212286441294,0.7938129450253384,0.0026006585840443464
1633,7.0,2938,0.7945642692308814,0.7959558769900429,0.0013916077591614728
1633,10.0,2938,0.7894140756339698,0.7904322932902451,0.0010182176562752998
1634,7.0,2972,0.7925175668208938,0.7949998046580679,0.0024822378371740506
1634,10.0,2972,0.7906661752390826,0.7930599311567259,0.0023937559176433476
1635,7.0,2944,0.7957596421652764,0.7987438703353542,0.0029842281700778184
1635,10.0,2944,0.7911146735926861,0.7943879204115013,0.0032732468188152453
1636,7.0,2959,0.8030965917604016,0.8063370209844694,0.0032404292240677535
1636,10.0,2959,0.7994141634598817,0.8021250933318017,0.0027109298719200092
1637,7.0,2982,0.7862671577847872,0.7865951210639239,0.00032796327913675594
1637,10.0,2982,0.7820449506608815,0.7828922012445504,0.0008472505836688571
1638,7.0,3001,0.774630510696637,0.7762999241902412,0.001669413493604166
1638,10.0,3001,0.7740606574483092,0.7748593462360056,0.0007986887876964
1639,7.0,2944,0.7844086539329765,0.7869354265866447,0.0025267726536681856
1639,10.0,2944,0.7750810291761353,0.7763608818452407,0.0012798526691053524
1640,7.0,3011,0.7801293332215984,0.779648872873544,-0.000480460348054379
1640,10.0,3011,0.7749317662456783,0.7732405415598427,-0.0016912246858356017
1641,7.0,2962,0.7768858688933816,0.7793974364597996,0.002511567566418016
1641,10.0,2962,0.7727273296412835,0.7749535780871042,0.0022262484458206444
1642,7.0,2973,0.803326550111562,0.8048040475797801,0.0014774974682181252
1642,10.0,2973,0.7989808904070771,0.7998567682169704,0.0008758778098932885
1643,7.0,2968,0.787935625732028,0.7871504220901195,-0.0007852036419084829
1643,10.0,2968,0.7842659662452626,0.7832435085295695,-0.0010224577156930925
1644,7.0,2931,0.792509753367512,0.7945347180261476,0.002024964658635664
1644,10.0,2931,0.7902908575493434,0.792608056313504,0.0023171987641605885
1645,7.0,2939,0.8004216568410601,0.8015781183089767,0.0011564614679165919
1645,10.0,2939,0.7963189382192358,0.7965090511582037,0.00019011293896786796
1646,7.0,2950,0.8070742034592929,0.8094277857274188,0.0023535822681258756
1646,10.0,2950,0.8060507928907594,0.8073486514241792,0.0012978585334197934
1647,7.0,2960,0.7967320540118481,0.7983236553666746,0.0015916013548264996
1647,10.0,2960,0.7944514390308032,0.7959114535930263,0.0014600145622231109
1648,7.0,3011,0.7921116999326999,0.7933164627486816,0.001204762815981697
1648,10.0,3011,0.7921571215888172,0.7923068554902838,0.0001497339014665533
1649,7.0,2992,0.7952285572196716,0.7970735553925327,0.001844998172861101
1649,10.0,2992,0.79441660205292,0.7954538452453697,0.0010372431924496883
1650,7.0,2974,0.7991389414554002,0.7988118766520272,-0.0003270648033729673
1650,10.0,2974,0.791472287116487,0.7901355865592454,-0.0013367005572415547
1651,7.0,2970,0.7904170528028668,0.7921111249641712,0.0016940721613044607
1651,10.0,2970,0.7899111901397565,0.7913972369995241,0.001486046859767609
1652,7.0,2923,0.8026158967063055,0.8047432421549943,0.0021273454486887555
1652,10.0,2923,0.7983872198621251,0.7999224135738089,0.0015351937116837577
1653,7.0,2982,0.7975112529928172,0.7989771747805268,0.0014659217877095454
1653,10.0,2982,0.7916919609061909,0.792696877864497,0.001004916958306179
1654,7.0,2948,0.7840148438882101,0.7866136214342235,0.0025987775460134532
1654,10.0,2948,0.7788521606691104,0.7812638752645981,0.002411714595487613
1655,7.0,2963,0.8018039505085097,0.806516557257681,0.004712606749171289
1655,10.0,2963,0.7984866154253909,0.8029962894248609,0.004509673999469999
1656,7.0,2982,0.7723345905845851,0.7748993341224852,0.0025647435379001493
1656,10.0,2982,0.7706664829853507,0.7720452603215668,0.0013787773362161637
1657,7.0,3009,0.7925882302172153,0.7912403126356485,-0.0013479175815667155
1657,10.0,3009,0.7908998854800796,0.788979567235248,-0.0019203182448316314
1658,7.0,2963,0.7783566477118186,0.7791980497774479,0.0008414020656293264
1658,10.0,2963,0.7740229223728838,0.7738440301989329,-0.0001788921739509508
1659,7.0,2993,0.7935095143107522,0.7948884204446194,0.0013789061338671527
1659,10.0,2993,0.7859657238199264,0.7866930130765004,0.0007272892565740596
1660,7.0,2935,0.7856082609315805,0.7868136070885012,0.0012053461569206947
1660,10.0,2935,0.7826530733704709,0.7834654573156216,0.0008123839451507076
1661,7.0,2936,0.8011809987188296,0.8017264073635567,0.0005454086447270745
1661,10.0,2936,0.7995884763051567,0.7999301234828932,0.00034164717773643716
1662,7.0,2956,0.7910970633685636,0.7903217106842252,-0.0007753526843383707
1662,10.0,2956,0.786905718511846,0.7842749881002953,-0.002630730411550708
1663,7.0,2958,0.7898786672425718,0.7919718611907344,0.0020931939481625417
1663,10.0,2958,0.7860504764342965,0.7880971605247389,0.0020466840904423966
1664,7.0,3015,0.790116871088733,0.7927700085453029,0.0026531374565699206
1664,10.0,3015,0.7854280452905913,0.7881522823173018,0.002724237026710541
1665,7.0,2911,0.7895397295488726,0.7931267516050168,0.00358702205614414
1665,10.0,2911,0.7872355792989668,0.7897394504154956,0.002503871116528833
1666,7.0,2966,0.7970893976093445,0.7961878061315724,-0.0009015914777721346
1666,10.0,2966,0.7935157545605307,0.7920036721156124,-0.0015120824449182946
1667,7.0,2932,0.7921964875629853,0.7946962453792037,0.002499757816218362
1667,10.0,2932,0.7898355332256176,0.7917069059134848,0.00187137268786719
1668,7.0,2949,0.7839883374504494,0.7840810071397155,9.266968926613384e-05
1668,10.0,2949,0.783355962254179,0.7830825927406074,-0.00027336951357159744
1669,7.0,3011,0.7814292926974802,0.7826552772899339,0.0012259845924537105
1669,10.0,3011,0.7781303974105087,0.7791867220680949,0.001056324657586205
1670,7.0,2961,0.8066605020496672,0.8079925481457946,0.0013320460961273595
1670,10.0,2961,0.8009206266676496,0.801106873141577,0.00018624647392739835
1671,7.0,2962,0.7752799795737285,0.7768274671282327,0.0015474875545041789
1671,10.0,2962,0.7743106018571132,0.7755366442271053,0.0012260423699921308
1672,7.0,2968,0.7967855938375906,0.7969032078877933,0.00011761405020271898
1672,10.0,2968,0.794684593801794,0.7939615539508679,-0.0007230398509261438
1673,7.0,2947,0.7897217439808631,0.7925737609079255,0.002852016927062384
1673,10.0,2947,0.7843911868004144,0.786997498547136,0.0026063117467215458
1674,7.0,2955,0.7993348287598494,0.8014147840006631,0.0020799552408137245
1674,10.0,2955,0.797366326286437,0.7991158415986639,0.0017495153122268903
1675,7.0,2972,0.776969932388689,0.7770585983460281,8.866595733902916e-05
1675,10.0,2972,0.7750474505684855,0.7745564918432407,-0.0004909587252447389
1676,7.0,2970,0.7791781484357856,0.7795395202821591,0.00036137184637352604
1676,10.0,2970,0.7786996358135503,0.7786185963473302,-8.103946622006752e-05
1677,7.0,2940,0.7878864328824545,0.7892628049627021,0.0013763720802475454
1677,10.0,2940,0.7835151224690815,0.7842033623443624,0.0006882398752808827
1678,7.0,3003,0.7945380724122734,0.7991312815352474,0.004593209122974007
1678,10.0,3003,0.7918562346110029,0.7959954920191589,0.004139257408156016
1679,7.0,2945,0.780218334139054,0.7846336371985301,0.004415303059476128
1679,10.0,2945,0.7802364946464265,0.7841408627602531,0.0039043681138265507
1680,7.0,2955,0.7914547249151557,0.7924133641612244,0.0009586392460687598
1680,10.0,2955,0.7848410536698368,0.7855766110840359,0.0007355574141990617
1681,7.0,3003,0.7850362812252282,0.786070177578135,0.001033896352906849
1681,10.0,3003,0.7810855926159443,0.7815610497266121,0.0004754571106677652
1682,7.0,2952,0.7840951513643152,0.7853692474772614,0.0012740961129462658
1682,10.0,2952,0.7829836919631412,0.7844541649453587,0.0014704729822174745
1683,7.0,2945,0.8040479411144684,0.8062416555407209,0.002193714426252491
1683,10.0,2945,0.798831756867563,0.800250715038177,0.001418958170613993
1684,7.0,2981,0.7905808830940904,0.7896938757359612,-0.0008870073581291882
1684,10.0,2981,0.7869645241209231,0.7855455796252264,-0.0014189444956966835
1685,7.0,2967,0.796740272961844,0.8000410531086709,0.003300780146826887
1685,10.0,2967,0.7917004966347572,0.794670172425664,0.0029696757909067895
1686,7.0,3000,0.7726152428552004,0.7703314416066344,-0.0022838012485660864
1686,10.0,3000,0.773258299349491,0.7711684967587374,-0.002089802590753531
1687,7.0,2948,0.7827472657024506,0.782053308754575,-0.0006939569478755514
1687,10.0,2948,0.7787659128007802,0.7767751415249295,-0.001990771275850678
1688,7.0,2903,0.7998824342717034,0.8033749125083899,0.003492478236686525
1688,10.0,2903,0.7950003922427902,0.7971983044290973,0.0021979121863071605
1689,7.0,3019,0.7990842900748092,0.8022045133118414,0.0031202232370322047
1689,10.0,3019,0.7944246530978302,0.7976100156040865,0.0031853625062563395
1690,7.0,2937,0.7733830551946408,0.7749748297138743,0.0015917745192335353
1690,10.0,2937,0.7741244043315478,0.7753258202284035,0.0012014158968556288
1691,7.0,2916,0.7967140515279783,0.797959161480974,0.0012451099529957599
1691,10.0,2916,0.7930357519863646,0.7937688917038708,0.0007331397175062149
1692,7.0,2970,0.8058202948157336,0.8097933463653088,0.003973051549575168
1692,10.0,2970,0.7994800089255941,0.8031843812131286,0.0037043722875345075
1693,7.0,2962,0.7830749559860893,0.7821584658798371,-0.0009164901062522768
1693,10.0,2962,0.7795835896739096,0.778276409998981,-0.0013071796749286602
1694,7.0,2942,0.8018955334358225,0.808222173910793,0.006326640474970446
1694,10.0,2942,0.7995005038234949,0.8046660855696296,0.005165581746134684
1695,7.0,2957,0.7921339700193095,0.794542575321498,0.002408605302188449
1695,10.0,2957,0.7898991898680804,0.79166291724622,0.001763727378139568
1696,7.0,2989,0.780539324884888,0.7845959827052994,0.0040566578204114245
1696,10.0,2989,0.7734959058064181,0.77711828220801,0.003622376401591909
1697,7.0,2966,0.7980053587377196,0.7999913168601767,0.0019859581224570544
1697,10.0,2966,0.7932784725627227,0.7944824163944304,0.0012039438317077433
1698,7.0,2918,0.7950835524739557,0.7939115951609133,-0.0011719573130424266
1698,10.0,2918,0.7891009614929575,0.7867813986065045,-0.002319562886452964
1699,7.0,2948,0.794632496856819,0.7950538311808938,0.00042133432407476246
1699,10.0,2948,0.7908234311471727,0.7907510767477078,-7.235439946484679e-05
1700,7.0,2916,0.7924807055611156,0.7913530356677292,-0.0011276698933864182
1700,10.0,2916,0.786581014503268,0.7853127205334354,-0.0012682939698326345
1701,7.0,2936,0.7853439369483184,0.7872115360900175,0.0018675991416990945
1701,10.0,2936,0.7810156342746244,0.7824879607310791,0.0014723264564546756
1702,7.0,2947,0.7881171555128555,0.7915335396336866,0.0034163841208310064
1702,10.0,2947,0.7871626725899694,0.7896854217304986,0.00252274914052919
1703,7.0,2936,0.7766307564483046,0.7756269761046856,-0.0010037803436190318
1703,10.0,2936,0.7717252345948098,0.7697316371600275,-0.001993597434782335
1704,7.0,2922,0.7672286434344312,0.7729425567046145,0.005713913270183335
1704,10.0,2922,0.7638324721987962,0.7682111848057323,0.004378712606936008
1705,7.0,2930,0.7795692276259937,0.7809106867786969,0.0013414591527032282
1705,10.0,2930,0.7767962263767939,0.7779456691634695,0.001149442786675614
1706,7.0,2962,0.7863252098060826,0.7865555378494592,0.00023032804337663748
1706,10.0,2962,0.7812453176149105,0.7816668909978846,0.0004215733829741053
1707,7.0,3000,0.7960010526923892,0.7962501043064105,0.0002490516140213339
1707,10.0,3000,0.7902214611734488,0.789807841884078,-0.0004136192893707813
1708,7.0,3024,0.7801155480077511,0.7824208729240869,0.002305324916335838
1708,10.0,3024,0.7778694909007197,0.7794296742580481,0.0015601833573284374
1709,7.0,2958,0.7872509119285953,0.7885700320893336,0.0013191201607383185
1709,10.0,2958,0.7814534597591785,0.7830716230847469,0.0016181633255684114
1710,7.0,2979,0.7804389342447984,0.7810527832971287,0.0006138490523303064
1710,10.0,2979,0.7740827990851255,0.7744525690441324,0.0003697699590069492
1711,7.0,2965,0.8063940265140249,0.8077323712768082,0.0013383447627832723
1711,10.0,2965,0.805043008373727,0.8064187399853845,0.0013757316116574936
1712,7.0,2947,0.7877546229999971,0.7887060914649809,0.0009514684649838401
1712,10.0,2947,0.7834698360311932,0.7836850761342877,0.00021524010309448283
1713,7.0,3012,0.7846917367246188,0.7861384686516558,0.0014467319270370371
1713,10.0,3012,0.7815485100334113,0.7818594227152335,0.0003109126818221508
1714,7.0,2987,0.7740374177737491,0.7750812296619203,0.0010438118881711533
1714,10.0,2987,0.7723271057176588,0.7731608798769658,0.0008337741593069659
1715,7.0,2998,0.7836517443385503,0.7829886916732244,-0.0006630526653259583
1715,10.0,2998,0.7797396237138177,0.7787830630289295,-0.0009565606848881414
1716,7.0,2975,0.8139878546853877,0.8140021601207379,1.4305435350192575e-05
1716,10.0,2975,0.8063513657703798,0.8061873132735808,-0.00016405249679896095
1717,7.0,2993,0.7794345996249005,0.7793221755772645,-0.00011242404763600611
1717,10.0,2993,0.7754867999920482,0.7748096534997913,-0.0006771464922569193
1718,7.0,2981,0.7754239861874134,0.7758750147004279,0.0004510285130144842
1718,10.0,2981,0.7712507320460733,0.7712910786355028,4.034658942952962e-05
1719,7.0,2931,0.8029885158108246,0.8031417356155788,0.00015321980475413444
1719,10.0,2931,0.8006683523542677,0.8000410032119183,-0.0006273491423494093
1720,7.0,2984,0.7837083908916715,0.785099339856258,0.0013909489645864692
1720,10.0,2984,0.7802772938443671,0.7814109078590786,0.0011336140147115703
1721,7.0,2981,0.7939268847681864,0.7952692486744586,0.0013423639062721815
1721,10.0,2981,0.7869051472968598,0.78750122040831,0.0005960731114502682
1722,7.0,2926,0.7797021355768616,0.7818752144007536,0.0021730788238919496
1722,10.0,2926,0.7811354917779371,0.7829766349503876,0.0018411431724505434
1723,7.0,2953,0.7808070744460363,0.7808652524562029,5.817801016660962e-05
1723,10.0,2953,0.7762921816349754,0.7755312192386187,-0.0007609623963567014
1724,7.0,2946,0.7790590330981683,0.779819754944692,0.0007607218465237597
1724,10.0,2946,0.7759556421644621,0.7760348160993812,7.917393491907454e-05
1725,7.0,2979,0.7969264206159486,0.7995085060083399,0.0025820853923912424
1725,10.0,2979,0.7921109672815065,0.794609426701945,0.0024984594204384702
1726,7.0,3021,0.787719681787818,0.7868476346632659,-0.0008720471245521333
1726,10.0,3021,0.7832973900088287,0.7813408162889935,-0.001956573719835153
1727,7.0,2911,0.7878932652145397,0.789245055058856,0.0013517898443162757
1727,10.0,2911,0.7835641414056335,0.7840222156279115,0.00045807422227805983
1728,7.0,3001,0.7853759692091999,0.7879081073733198,0.0025321381641199014
1728,10.0,3001,0.7825508727951149,0.7848845160262321,0.0023336432311171773
1729,7.0,2964,0.7818526515954248,0.7862321227082415,0.0043794711128166686
1729,10.0,2964,0.7814150132212737,0.7849009280498553,0.0034859148285816266
1730,7.0,2944,0.7869183952725889,0.7878678962539285,0.0009495009813396127
1730,10.0,2944,0.7867716740396883,0.7872610998659163,0.0004894258262280182
1731,7.0,2977,0.7847049250417201,0.7859999724164564,0.0012950473747362912
1731,10.0,2977,0.7804661378825138,0.7814376434653709,0.0009715055828570796
1732,7.0,2978,0.794615907619399,0.797946497001253,0.0033305893818539323
1732,10.0,2978,0.788244891070449,0.7901755633151816,0.0019306722447325342
1733,7.0,2957,0.7892759745092698,0.7922348202925985,0.002958845783328723
1733,10.0,2957,0.7882621349284116,0.7907284081436209,0.0024662732152093136
1734,7.0,2913,0.7941542684570851,0.7961039295358072,0.0019496610787220758
1734,10.0,2913,0.7909042280946829,0.79218185386578,0.001277625771097135
1735,7.0,2958,0.7928646851152092,0.7940656676612086,0.0012009825459993184
1735,10.0,2958,0.7908527368581827,0.7918889667195096,0.0010362298613268983
1736,7.0,2976,0.7839219295510036,0.789702672072168,0.00578074252116445
1736,10.0,2976,0.780177808234,0.785275218052525,0.005097409818525023
1737,7.0,2900,0.7913441331771437,0.7882154356924634,-0.003128697484680254
1737,10.0,2900,0.7874187925397554,0.7838396098099457,-0.0035791827298097267
1738,7.0,2946,0.7866957688379823,0.7870415239926043,0.00034575515462198503
1738,10.0,2946,0.7846061241040262,0.7852596875991679,0.0006535634951416736
1739,7.0,2931,0.7801373222789364,0.781208370144002,0.0010710478650656219
1739,10.0,2931,0.7806418244364791,0.7806514469917487,9.62255526959499e-06
1740,7.0,2953,0.7773072508302038,0.7755976317141696,-0.0017096191160341778
1740,10.0,2953,0.7757318994730947,0.7732898362684458,-0.0024420632046489033
1741,7.0,2989,0.7928009649867185,0.7943794725736338,0.0015785075869153564
1741,10.0,2989,0.785657618347863,0.7869648314596612,0.0013072131117982666
1742,7.0,2940,0.7971304939574055,0.8001973092085809,0.003066815251175359
1742,10.0,2940,0.7931196131628001,0.7951054758872709,0.001985862724470766
1743,7.0,2941,0.7770282667108581,0.7797833240610315,0.00275505735017334
1743,10.0,2941,0.774784990123615,0.7773146819636872,0.0025296918400722346
1744,7.0,2894,0.7785751681366034,0.781815069872337,0.003239901735733519
1744,10.0,2894,0.7770988098596092,0.7800858611220384,0.0029870512624291523
1745,7.0,2955,0.7900201033477936,0.7891357562204562,-0.0008843471273374259
1745,10.0,2955,0.7847119078104994,0.7834806927690545,-0.0012312150414448553
1746,7.0,2961,0.7856474471770949,0.7877630914869529,0.0021156443098580002
1746,10.0,2961,0.7859712021758699,0.7875693642251232,0.0015981620492533377
1747,7.0,2932,0.7727826159307744,0.7742553250499223,0.0014727091191479857
1747,10.0,2932,0.7691348076364396,0.7699485093746591,0.0008137017382194855
1748,7.0,2989,0.7936054998725169,0.795399510940429,0.0017940110679121046
1748,10.0,2989,0.791818272566195,0.7932295176062489,0.0014112450400539656
1749,7.0,2988,0.7829710341758955,0.7845024950913057,0.001531460915410121
1749,10.0,2988,0.7775712295311981,0.7792684107399097,0.0016971812087116511
1750,7.0,3015,0.7934517658332543,0.7926369932613443,-0.000814772571909983
1750,10.0,3015,0.7892868858752172,0.7882277191096717,-0.0010591667655455161
1751,7.0,2968,0.7846081134910196,0.7838729220274377,-0.000735191463581808
1751,10.0,2968,0.7799662886766502,0.7787039174385165,-0.0012623712381336638
1752,7.0,2992,0.7765708871909921,0.7792933768718779,0.0027224896808858423
1752,10.0,2992,0.7730607410550134,0.7761341596460392,0.003073418591025723
1753,7.0,3004,0.7868946036678625,0.7877092433769728,0.0008146397091103319
1753,10.0,3004,0.7821198244632855,0.7823734902356797,0.00025366577239416266
1754,7.0,3009,0.7746575627628127,0.7771737999084058,0.0025162371455931254
1754,10.0,3009,0.7738753471637134,0.7764974863589361,0.0026221391952226947
1755,7.0,2960,0.7779533211322439,0.7763967121728502,-0.0015566089593936905
1755,10.0,2960,0.7760529798093752,0.7741235585747651,-0.0019294212346100403
1756,7.0,2974,0.793288414227188,0.7950590717903416,0.0017706575631536436
1756,10.0,2974,0.786402389035646,0.7876388823921869,0.0012364933565409686
1757,7.0,3000,0.8003606973310706,0.8025117977016448,0.0021511003705741993
1757,10.0,3000,0.7952881676611847,0.7951244360355115,-0.00016373162567318023
1758,7.0,2918,0.7780528182480184,0.7807947097930124,0.002741891544993935
1758,10.0,2918,0.7755002344369463,0.777899224025982,0.002398989589035727
1759,7.0,2964,0.7561468041791801,0.7587128766655543,0.0025660724863741935
1759,10.0,2964,0.7525947889785244,0.754668894820774,0.0020741058422496517
1760,7.0,2963,0.7815251193552626,0.7838452362242255,0.0023201168689629403
1760,10.0,2963,0.7786674554133309,0.7797800337362459,0.0011125783229150032
1761,7.0,2972,0.786902785322795,0.787134874302139,0.00023208897934401396
1761,10.0,2972,0.7815164172765684,0.7815019388964096,-1.4478380158777782e-05
1762,7.0,2944,0.7924738706432851,0.7955623824725587,0.0030885118292736102
1762,10.0,2944,0.7868897077025365,0.7891539016844722,0.0022641939819356693
1763,7.0,2933,0.7992023375286328,0.8008734758053692,0.0016711382767363725
1763,10.0,2933,0.7921181376185499,0.7932288319990293,0.0011106943804793934
1764,7.0,2972,0.7957574711690938,0.7967222381506912,0.0009647669815974202
1764,10.0,2972,0.7900825642397397,0.7908210476737771,0.0007384834340374846
1765,7.0,2982,0.8015719965269844,0.8062664429661642,0.004694446439179822
1765,10.0,2982,0.7970457884351776,0.8013603142307433,0.004314525795565682
1766,7.0,3012,0.7848768212203747,0.7862927691102849,0.001415947889910174
1766,10.0,3012,0.7834866083801557,0.7842979162992265,0.0008113079190708028
1767,7.0,2935,0.7807562977083623,0.7832509729165132,0.0024946752081509427
1767,10.0,2935,0.7757212184847049,0.7770279268089684,0.0013067083242634947
1768,7.0,2932,0.8114771934635769,0.814057125142336,0.0025799316787590287
1768,10.0,2932,0.8098036554219137,0.8116125297093059,0.0018088742873921815
1769,7.0,2951,0.7982079144791285,0.7990958175627094,0.0008879030835808877
1769,10.0,2951,0.7956094798202104,0.7961661502971495,0.0005566704769391917
1770,7.0,2964,0.7949211542637445,0.7965410987646591,0.0016199445009145164
1770,10.0,2964,0.7920163157260277,0.7929327222316528,0.0009164065056250781
1771,7.0,2981,0.780976332567529,0.7852544147034434,0.004278082135914407
1771,10.0,2981,0.7797562923925305,0.783418466774804,0.003662174382273453
1772,7.0,2992,0.77634577753904,0.7754300477049201,-0.000915729834119916
1772,10.0,2992,0.7749369450714824,0.7730371708051166,-0.0018997742663657835
1773,7.0,2962,0.8024932639065705,0.8048771275003288,0.0023838635937583064
1773,10.0,2962,0.7995176300956875,0.8012924367544895,0.0017748066588019196
1774,7.0,2942,0.7981154170154945,0.7995139883211145,0.0013985713056200444
1774,10.0,2942,0.7949809985585113,0.7957258501197944,0.0007448515612830109
1775,7.0,2954,0.777369826902277,0.7783870611166069,0.0010172342143299762
1775,10.0,2954,0.7749574375420676,0.7753560069155746,0.0003985693735070184
1776,7.0,2981,0.7904418141097987,0.7939093146188012,0.0034675005090024635
1776,10.0,2981,0.7898151644530877,0.7925440855882321,0.0027289211351443354
1777,7.0,2967,0.7869753847313206,0.789415111503453,0.0024397267721324445
1777,10.0,2967,0.7868894136575038,0.7882225564214097,0.0013331427639059479
1778,7.0,2954,0.7870501564402266,0.7900252215717153,0.0029750651314887078
1778,10.0,2954,0.7848787583859433,0.7874914774353716,0.0026127190494282804
1779,7.0,2951,0.7883009018814293,0.7873729995614753,-0.0009279023199539882
1779,10.0,2951,0.7855651327267426,0.7836660356936338,-0.0018990970331087542
1780,7.0,2928,0.7887152055021072,0.79116600418589,0.00245079868378284
1780,10.0,2928,0.7849117500101281,0.7862837773966591,0.0013720273865309718
1781,7.0,2922,0.783536129137659,0.7863731653306352,0.00283703619297615
1781,10.0,2922,0.7848096705038823,0.7875453916095975,0.002735721105715183
1782,7.0,2962,0.7821946797675233,0.7865955530983249,0.004400873330801525
1782,10.0,2962,0.7778505467770064,0.7814134936438593,0.0035629468668528785
1783,7.0,2987,0.7946923059318931,0.7936124015928231,-0.0010799043390700147
1783,10.0,2987,0.7933907196197693,0.7920120100918874,-0.0013787095278818828
1784,7.0,2962,0.783518234188812,0.7889051239369518,0.005386889748139834
1784,10.0,2962,0.7779928609590473,0.7824308873213627,0.004438026362315384
1785,7.0,3006,0.7835489740488467,0.7835980435843571,4.9069535510426476e-05
1785,10.0,3006,0.7798917252509506,0.7794382903881802,-0.00045343486277038547
1786,7.0,2983,0.8028429241727424,0.8028752477602986,3.232358755622666e-05
1786,10.0,2983,0.7967839627071807,0.7962286872202823,-0.0005552754868983767
1787,7.0,2984,0.7902485204568733,0.7931822010895,0.0029336806326266673
1787,10.0,2984,0.7849525050581255,0.787571426575576,0.0026189215174504676
1788,7.0,2948,0.7911245184748816,0.7946432925181902,0.0035187740433085812
1788,10.0,2948,0.7863310859853785,0.7890448646477949,0.0027137786624163995
1789,7.0,2979,0.776309131952939,0.7800538776327203,0.003744745679781225
1789,10.0,2979,0.7722699534866604,0.7752915462432494,0.0030215927565889755
1790,7.0,3027,0.7815078394306683,0.7830880808530092,0.0015802414223409222
1790,10.0,3027,0.7792559948631956,0.7807549993763772,0.0014990045131815233
1791,7.0,2930,0.778025112476843,0.7785367718410915,0.0005116593642484624
1791,10.0,2930,0.7766349269091499,0.7766109279820431,-2.399892710680529e-05
1792,7.0,2967,0.7877999024116774,0.7882554010983878,0.00045549868671035387
1792,10.0,2967,0.7880458841430227,0.7877580196860584,-0.00028786445696427077
1793,7.0,3076,0.7862341738884154,0.7881227328326035,0.0018885589441880457
1793,10.0,3076,0.7840808196317421,0.7854126282417802,0.00133180861003801
1794,7.0,2965,0.7747421162836129,0.776214165238183,0.0014720489545700932
1794,10.0,2965,0.7683484347135892,0.7690738679118863,0.0007254331982970985
1795,7.0,2892,0.8015544690986587,0.8046026671919865,0.003048198093327792
1795,10.0,2892,0.7980618050606852,0.8010996018414831,0.0030377967807978523
1796,7.0,2982,0.7806622272734549,0.7809823758223816,0.00032014854892670197
1796,10.0,2982,0.7742771891150217,0.7748749599594423,0.0005977708444205865
1797,7.0,2980,0.7736345713507434,0.7726002680827766,-0.0010343032679668296
1797,10.0,2980,0.7709620431545947,0.7694022077670101,-0.0015598353875846405
1798,7.0,2961,0.7883835654780185,0.7918796657323863,0.003496100254367862
1798,10.0,2961,0.7858551861029947,0.7893121771399687,0.0034569910369740553
1799,7.0,2966,0.7863268411152322,0.7892941738937372,0.0029673327785050274
1799,10.0,2966,0.7791809751643066,0.7808195392985299,0.0016385641342232526
1800,7.0,2987,0.8046086304210022,0.8066113597798797,0.002002729358877575
1800,10.0,2987,0.8010206576370463,0.8024669753173792,0.0014463176803328759
1801,7.0,2942,0.8104814848653094,0.8128555264286066,0.0023740415632972356
1801,10.0,2942,0.8059888785987195,0.8072457492913815,0.0012568706926620044
1802,7.0,2936,0.7841845365322,0.788974904924247,0.004790368392047051
1802,10.0,2936,0.7821613381748183,0.7867050299307695,0.004543691755951262
1803,7.0,2939,0.7823651036208693,0.7825910725331963,0.00022596891232695704
1803,10.0,2939,0.7791401149703322,0.7787607578154844,-0.00037935715484782584
1804,7.0,2953,0.7874083623360651,0.788270379016346,0.0008620166802808527
1804,10.0,2953,0.7829658578672409,0.7835154563922208,0.0005495985249798219
1805,7.0,2965,0.7983748214411166,0.7989901828390927,0.000615361397976133
1805,10.0,2965,0.7939728534840981,0.7932396958133745,-0.0007331576707235721
1806,7.0,3010,0.800088297960829,0.8007089430478153,0.0006206450869862268
1806,10.0,3010,0.794340405414532,0.7940943780331317,-0.00024602738140033775
1807,7.0,2953,0.7832412378529237,0.7866065524159652,0.003365314563041566
1807,10.0,2953,0.7779690368479464,0.7810460960380748,0.0030770591901284616
1808,7.0,2938,0.8064000747189548,0.8097440309744031,0.003343956255448255
1808,10.0,2938,0.804823904320926,0.8071743325249991,0.0023504282040731628
1809,7.0,2946,0.7787005246118304,0.7783492162166045,-0.0003513083952259022
1809,10.0,2946,0.774045558642786,0.7723547758140361,-0.0016907828287499038
1810,7.0,2981,0.7770452160109604,0.7777804524764883,0.0007352364655278665
1810,10.0,2981,0.7738405012698281,0.7743823899829302,0.0005418887131021233
1811,7.0,2951,0.7930468033126175,0.794547670255046,0.0015008669424285692
1811,10.0,2951,0.7880602846312429,0.7893321473698212,0.0012718627385782666
1812,7.0,2969,0.788503186600654,0.7894257654036989,0.0009225788030449156
1812,10.0,2969,0.7834833149948708,0.7837978720535954,0.00031455705872462936
1813,7.0,2951,0.8026858123313866,0.8036105435728451,0.0009247312414585318
1813,10.0,2951,0.7997704412571396,0.8000434159796803,0.00027297472254073085
1814,7.0,2943,0.7922773071555319,0.8019693242817865,0.00969201712625456
1814,10.0,2943,0.7901645137639842,0.798529978005053,0.008365464241068765
1815,7.0,2957,0.7984926537969117,0.8011752078995911,0.0026825541026793687
1815,10.0,2957,0.7935808423588462,0.7959678778079257,0.0023870354490794776
1816,7.0,2935,0.7660069257702312,0.7701804980847117,0.004173572314480456
1816,10.0,2935,0.7618159918513517,0.7655921002521279,0.0037761084007761347
1817,7.0,3000,0.7818139399166788,0.7853083669579011,0.00349442704122227
1817,10.0,3000,0.7817802558784933,0.7845253402133164,0.0027450843348231224
1818,7.0,2991,0.7927378609684257,0.7951910205790103,0.0024531596105845654
1818,10.0,2991,0.787754881736454,0.7896670295688485,0.0019121478323944618
1819,7.0,2939,0.7767141598906705,0.779487885428255,0.0027737255375844816
1819,10.0,2939,0.7754741240758598,0.778334586004122,0.00286046192826217
1820,7.0,2961,0.8014919346325191,0.8028669531068555,0.0013750184743364091
1820,10.0,2961,0.7969158458648734,0.7981177975190116,0.001201951654138167
1821,7.0,2920,0.7909518632195741,0.7940912483454313,0.003139385125857208
1821,10.0,2920,0.7888370012455606,0.7909874891222333,0.002150487876672713
1822,7.0,2962,0.798486276967781,0.8023558167010436,0.00386953973326265
1822,10.0,2962,0.7932353004066467,0.7968024210133088,0.0035671206066620886
1823,7.0,2977,0.782441488870933,0.7840868741035656,0.001645385232632579
1823,10.0,2977,0.7811934614390531,0.7824026943344076,0.0012092328953544618
1824,7.0,3002,0.7779949062905296,0.7797004253717803,0.001705519081250717
1824,10.0,3002,0.7730885820570993,0.7741419613514372,0.0010533792943379083
1825,7.0,2949,0.7863160040082202,0.787717182696717,0.0014011786884967625
1825,10.0,2949,0.7830078137813847,0.7841861136442663,0.0011782998628815378
1826,7.0,2955,0.7876654622221795,0.7868023304557693,-0.0008631317664101745
1826,10.0,2955,0.7813997094804812,0.7795741828812547,-0.0018255265992265235
1827,7.0,2945,0.7975105700277799,0.7984380047233129,0.0009274346955330248
1827,10.0,2945,0.7958553201730014,0.7954700012303166,-0.00038531894268478695
1828,7.0,2990,0.7836526461339753,0.7813903610543596,-0.002262285079615789
1828,10.0,2990,0.7806558994573207,0.7780060397366835,-0.0026498597206372487
1829,7.0,2918,0.7804694333754495,0.781529087158886,0.0010596537834365316
1829,10.0,2918,0.7782615628343347,0.7786846247222451,0.0004230618879104142
1830,7.0,2990,0.7934331129854604,0.796921155450015,0.003488042464554586
1830,10.0,2990,0.789550441496286,0.7928844509604053,0.003334009464119325
1831,7.0,2959,0.7807488985021229,0.782460338739777,0.0017114402376541271
1831,10.0,2959,0.7772626053862756,0.7784541356134158,0.0011915302271402473
1832,7.0,3021,0.7733018406311848,0.7771962325607438,0.0038943919295589824
1832,10.0,3021,0.7734145471763186,0.7764507134464638,0.0030361662701451353
1833,7.0,2966,0.7857296561593023,0.7886797248844046,0.002950068725102284
1833,10.0,2966,0.7857328400404521,0.7879326085256949,0.0021997684852428367
1834,7.0,2955,0.7950839118537372,0.7945448289653956,-0.000539082888341591
1834,10.0,2955,0.792938652445229,0.7917098469920086,-0.0012288054532203496
1835,7.0,3010,0.7988816450862712,0.8013395521690418,0.002457907082770605
1835,10.0,3010,0.7928236155954093,0.7946088938329219,0.001785278237512622
1836,7.0,2968,0.7921273617914626,0.7923988320745156,0.00027147028305296583
1836,10.0,2968,0.7856721038901471,0.7871616546741966,0.0014895507840495537
1837,7.0,2975,0.7928934580202548,0.7946200690133943,0.0017266109931395324
1837,10.0,2975,0.7890075879083958,0.7904753846682068,0.001467796759811013
1838,7.0,2950,0.7823811679964193,0.7822146236357674,-0.00016654436065188793
1838,10.0,2950,0.7807392009106995,0.7801489785564918,-0.0005902223542076923
1839,7.0,2981,0.792277648161877,0.7945480463128516,0.0022703981509746285
1839,10.0,2981,0.7898818571673917,0.79202734536208,0.002145488194688294
1840,7.0,2974,0.7850841044743287,0.7862998430831952,0.001215738608866479
1840,10.0,2974,0.7831809762719788,0.7840343751231517,0.0008533988511728596
1841,7.0,2908,0.7765179532126238,0.7779594832439057,0.0014415300312818902
1841,10.0,2908,0.7750064836725672,0.7760452150496454,0.001038731377078217
1842,7.0,2956,0.7910392583429311,0.7961515940016985,0.005112335658767453
1842,10.0,2956,0.7838811849888444,0.7879847529652079,0.004103567976363465
1843,7.0,2945,0.7932849721279608,0.7991438576527882,0.005858885524827384
1843,10.0,2945,0.791277769722131,0.7966059440497177,0.005328174327586699
1844,7.0,2960,0.7770699968517158,0.7758710252912163,-0.0011989715604995288
1844,10.0,2960,0.7758387068391216,0.7737508955842981,-0.0020878112548234906
1845,7.0,2960,0.7924733790629247,0.7953333851947778,0.00286000613185311
1845,10.0,2960,0.7857861999629979,0.788197785901652,0.0024115859386540928
1846,7.0,2945,0.7871596563340235,0.7825901917153424,-0.004569464618681129
1846,10.0,2945,0.7820176142470177,0.7771818420553521,-0.004835772191665533
1847,7.0,2975,0.7992761373620078,0.8002051808155938,0.0009290434535860204
1847,10.0,2975,0.7954753067518068,0.7958442929494168,0.000368986197610055
1848,7.0,2951,0.7833340191433923,0.7858852325626156,0.002551213419223264
1848,10.0,2951,0.7823955283807452,0.7847679146143292,0.002372386233583934
1849,7.0,2967,0.7638661469080417,0.7655937388513474,0.0017275919433057396
1849,10.0,2967,0.7611156331705392,0.7619333037343989,0.0008176705638597292
1850,7.0,2949,0.7777965286615718,0.7776582232705799,-0.00013830539099191075
1850,10.0,2949,0.7731878889689404,0.7720945219415591,-0.0010933670273812757
1851,7.0,2990,0.7906248251562166,0.7950844504003155,0.00445962524409893
1851,10.0,2990,0.7883947798262088,0.7925516373217455,0.0041568574955367366
1852,7.0,2981,0.7869656077010293,0.7875442834033193,0.0005786757022899769
1852,10.0,2981,0.783851077211459,0.7838412115083427,-9.865703116229696e-06
1853,7.0,2930,0.77486240116632,0.778187759228075,0.003325358061755046
1853,10.0,2930,0.7700090829347334,0.7727297749131496,0.0027206919784162897
1854,7.0,2924,0.7636509688877344,0.766242951811141,0.002591982923406566
1854,10.0,2924,0.763138822774316,0.7659735779423956,0.002834755168079628
1855,7.0,2957,0.7752917729570553,0.7756949088739292,0.00040313591687390904
1855,10.0,2957,0.7749706154343527,0.7752500507494631,0.00027943531511032127
1856,7.0,2945,0.7797280932194331,0.7833284498597206,0.003600356640287461
1856,10.0,2945,0.7761339754290312,0.7788252530953896,0.0026912776663584603
1857,7.0,2965,0.7983070167802033,0.7965522776242192,-0.0017547391559841197
1857,10.0,2965,0.7942989844355093,0.792154361712733,-0.002144622722776268
1858,7.0,2947,0.7829527511927631,0.7843963222426795,0.0014435710499164367
1858,10.0,2947,0.7765361700983096,0.777074115416168,0.0005379453178584459
1859,7.0,3012,0.7926503148267245,0.7977444832240697,0.005094168397345111
1859,10.0,3012,0.7908631158324448,0.7950341248016732,0.004171008969228396
1860,7.0,2975,0.7831812991200376,0.7816779740713374,-0.0015033250487002103
1860,10.0,2975,0.7799644510529568,0.7785790317035203,-0.0013854193494364786
1861,7.0,2953,0.7816736767796606,0.7815381270516994,-0.0001355497279611484
1861,10.0,2953,0.7787349069175786,0.7771486189072406,-0.0015862880103379995
1862,7.0,2929,0.7857542871629315,0.7893163598968188,0.0035620727338873115
1862,10.0,2929,0.7809285062724457,0.783624996828051,0.00269649055560528
1863,7.0,3009,0.7979018012017682,0.7963461024730412,-0.001555698728727073
1863,10.0,3009,0.7924177978918371,0.7897065182822613,-0.002711279609575734
1864,7.0,2988,0.7848447763062764,0.7845980485182217,-0.0002467277880546792
1864,10.0,2988,0.7815444658689332,0.7807659912151862,-0.00077847465374703
1865,7.0,2910,0.7932676017722691,0.7957183095677184,0.002450707795449314
1865,10.0,2910,0.7876232482558921,0.7894461617408091,0.0018229134849169215
1866,7.0,2931,0.7950466432001463,0.7941295194525437,-0.0009171237476025551
1866,10.0,2931,0.7903991333735261,0.7886547113206686,-0.0017444220528575194
1867,7.0,3007,0.7924854740102562,0.7911100401258467,-0.001375433884409416
1867,10.0,3007,0.7916803978929117,0.7893063744999721,-0.0023740233929395727
1868,7.0,2992,0.7938773332771323,0.7965433711944087,0.002666037917276376
1868,10.0,2992,0.7909068070836766,0.7931765432268498,0.002269736143173273
1869,7.0,2953,0.7914730020541251,0.7947275191580127,0.0032545171038875775
1869,10.0,2953,0.790845320084042,0.7938861054486495,0.003040785364607501
1870,7.0,3000,0.8046537538923326,0.8079692521316887,0.003315498239356063
1870,10.0,3000,0.7983671238492152,0.8015276352595088,0.0031605114102936094
1871,7.0,2967,0.785285069397219,0.7871814301720844,0.0018963607748654354
1871,10.0,2967,0.7797929011060658,0.7812214219520921,0.0014285208460262933
1872,7.0,2998,0.7756776421097191,0.7784622914820155,0.0027846493722963883
1872,10.0,2998,0.7740477999124072,0.7763526771464556,0.0023048772340483747
1873,7.0,2939,0.8020691973106341,0.8051644149813598,0.003095217670725736
1873,10.0,2939,0.7959029894745748,0.7981939417334035,0.0022909522588286935
1874,7.0,2991,0.7879648661330937,0.7916553761557628,0.003690510022669069
1874,10.0,2991,0.7846777800823136,0.7876752037223529,0.0029974236400392984
1875,7.0,2986,0.7864504737951884,0.790252267357671,0.0038017935624825583
1875,10.0,2986,0.783961674248041,0.7869623745323878,0.0030007002843468467
1876,7.0,2975,0.7984781007552253,0.7983330852805477,-0.00014501547467760112
1876,10.0,2975,0.7961650224431973,0.7949036120558935,-0.001261410387303763
1877,7.0,2937,0.7955204099542146,0.7984143019625674,0.002893892008352772
1877,10.0,2937,0.7927857465849222,0.7946930899224969,0.0019073433375746962
1878,7.0,3007,0.79245688763387,0.7943659569986044,0.0019090693647343393
1878,10.0,3007,0.7900144875938961,0.7909909020730301,0.0009764144791339913
1879,7.0,2996,0.7825548907958263,0.7823029265904913,-0.0002519642053350202
1879,10.0,2996,0.780046161215869,0.7792747338886781,-0.0007714273271909322
1880,7.0,2999,0.7756454878525224,0.7790941981494043,0.003448710296881874
1880,10.0,2999,0.7722801947878204,0.7749546624807502,0.002674467692929783
1881,7.0,2957,0.8060374703047042,0.8063403755495945,0.0003029052448902947
1881,10.0,2957,0.7995837944323771,0.8001651847036968,0.0005813902713196484
1882,7.0,2985,0.7860856084703943,0.7873092327097121,0.0012236242393177665
1882,10.0,2985,0.7844145701086775,0.7849320824411389,0.000517512332461334
1883,7.0,3009,0.7966231233361323,0.8000227493772677,0.0033996260411354173
1883,10.0,3009,0.7948123088014653,0.7976364451199314,0.0028241363184661195
1884,7.0,2948,0.797789304625185,0.8008064794278765,0.00301717480269148
1884,10.0,2948,0.792841558921988,0.795559989742828,0.002718430820840001
1885,7.0,2970,0.795937498789462,0.7982158928476891,0.0022783940582271622
1885,10.0,2970,0.7934178174272736,0.7952437414899884,0.0018259240627148676
1886,7.0,2968,0.8053369301468096,0.8058791633341919,0.0005422331873822239
1886,10.0,2968,0.8016371748239576,0.8008532711500411,-0.0007839036739164529
1887,7.0,2919,0.7953679791343731,0.7954720791045692,0.00010409997019611428
1887,10.0,2919,0.7908201491378395,0.7895232983601377,-0.001296850777701808
1888,7.0,2935,0.781199746201223,0.7824290840270864,0.0012293378258634302
1888,10.0,2935,0.7797445699122185,0.7808980917748202,0.0011535218626016475
1889,7.0,2988,0.7858440800136913,0.786375122064168,0.0005310420504767155
1889,10.0,2988,0.7855702530737215,0.7855451370616658,-2.511601205568148e-05
1890,7.0,3021,0.7965209871872575,0.7979963120096459,0.0014753248223884352
1890,10.0,3021,0.7933081232902763,0.794019441478079,0.0007113181878026786
1891,7.0,2937,0.7895617818859573,0.7920054785567112,0.0024436966707539476
1891,10.0,2937,0.783692413765337,0.785943900916951,0.00225148715161394
1892,7.0,2982,0.7873380464902663,0.7905137565092953,0.0031757100190290544
1892,10.0,2982,0.7854624626200094,0.7882456324432087,0.0027831698231992608
1893,7.0,2931,0.7897192269128028,0.7905824288769328,0.0008632019641299227
1893,10.0,2931,0.7888156145548465,0.7891218474627772,0.000306232907930748
1894,7.0,3011,0.7812834190919454,0.7838316150120608,0.002548195920115348
1894,10.0,3011,0.7788804004340905,0.7811381009977387,0.0022577005636482683
1895,7.0,2993,0.7981153437682599,0.8008668932860302,0.0027515495177703464
1895,10.0,2993,0.7948279726549367,0.7960913064297577,0.0012633337748210183
1896,7.0,2969,0.7852556743747586,0.7862334792837714,0.0009778049090127805
1896,10.0,2969,0.7862119927005423,0.7866604981108798,0.00044850541033747415
1897,7.0,2947,0.7936403792871441,0.797521288584471,0.0038809092973268733
1897,10.0,2947,0.7888056821823557,0.7919528577688539,0.003147175586498241
1898,7.0,2961,0.787183514740427,0.7915555824720416,0.004372067731614582
1898,10.0,2961,0.7834245361557524,0.786642600156765,0.003218064001012655
1899,7.0,2979,0.7965345520928185,0.7989613241374502,0.0024267720446317087
1899,10.0,2979,0.7937233014035834,0.7955170356758388,0.0017937342722553762
1900,7.0,2948,0.7780370794792917,0.7817057337383221,0.0036686542590304017
1900,10.0,2948,0.7744871351296614,0.7780377380781597,0.0035506029484982937
1901,7.0,2995,0.7989661569245947,0.8003571205247032,0.0013909636001084857
1901,10.0,2995,0.7914642099790588,0.7928651463178128,0.001400936338754044
1902,7.0,2933,0.7970176436181835,0.79499692617528,-0.0020207174429035524
1902,10.0,2933,0.7945862062701603,0.7915642703108091,-0.003021935959351185
1903,7.0,2952,0.7940244873765907,0.7949665131023607,0.0009420257257699571
1903,10.0,2952,0.793383006646628,0.7938686164106217,0.0004856097639936996
1904,7.0,2927,0.7955465531672785,0.794356669639096,-0.0011898835281825004
1904,10.0,2927,0.7895181014745298,0.7873809319153259,-0.0021371695592039552
1905,7.0,2972,0.7937022664520955,0.7945203636226634,0.0008180971705679108
1905,10.0,2972,0.7910411671321252,0.7913260125939674,0.00028484546184215365
1906,7.0,2994,0.7860349355065115,0.7885123789676219,0.0024774434611104512
1906,10.0,2994,0.7839969524393663,0.7862502785211664,0.0022533260818000667
1907,7.0,2940,0.7761483923551971,0.7774258351706914,0.0012774428154943562
1907,10.0,2940,0.7694626082179767,0.7707854263378754,0.00132281811989865
1908,7.0,2940,0.8075291697397683,0.8078061021202282,0.0002769323804598933
1908,10.0,2940,0.8056953161471031,0.8054532565658662,-0.00024205958123690863
1909,7.0,2941,0.7908848410534411,0.7859653227064208,-0.004919518347020313
1909,10.0,2941,0.7856169593089986,0.7804414426003474,-0.005175516708651129
1910,7.0,2954,0.7793363192712852,0.777117710051355,-0.002218609219930223
1910,10.0,2954,0.7765283733610571,0.7747997584878077,-0.001728614873249379
1911,7.0,3014,0.7925376870942937,0.7928927798654735,0.0003550927711797325
1911,10.0,3014,0.7888277431497291,0.7887037023784818,-0.0001240407712473912
1912,7.0,2976,0.7828588328130204,0.7864298517280884,0.0035710189150680582
1912,10.0,2976,0.7786975431692857,0.7816837963082818,0.002986253138996031
1913,7.0,2941,0.767841888740403,0.7674318056756544,-0.0004100830647486564
1913,10.0,2941,0.7637147507257526,0.7626622998307309,-0.001052450895021706
1914,7.0,2945,0.7921105519162479,0.7930317313892554,0.0009211794730075162
1914,10.0,2945,0.785866830782509,0.7861966153559466,0.00032978457343768586
1915,7.0,2952,0.7815315462890766,0.7838052117391903,0.002273665450113649
1915,10.0,2952,0.7739904767485789,0.7760976114568281,0.002107134708249192
1916,7.0,2949,0.8070524291569523,0.8078247744817104,0.0007723453247581169
1916,10.0,2949,0.7997788565131317,0.8001449636234989,0.00036610711036710875
1917,7.0,2954,0.801393370530574,0.8036601640858885,0.0022667935553144503
1917,10.0,2954,0.7974872398900668,0.7991728831304803,0.0016856432404135369
1918,7.0,2998,0.7778663141061686,0.7806421794382987,0.002775865332130145
1918,10.0,2998,0.7770647464328516,0.7793374271461788,0.002272680713327202
1919,7.0,3015,0.7792701766761404,0.7791626756403861,-0.00010750103575429826
1919,10.0,3015,0.7771629778672032,0.7765743888619071,-0.0005885890052961251
1920,7.0,2929,0.7950870771025983,0.7960408357909936,0.000953758688395312
1920,10.0,2929,0.7908561193633241,0.790571227449783,-0.00028489191354108545
1921,7.0,2976,0.7717387506282876,0.7774820383665328,0.005743287738245284
1921,10.0,2976,0.7695397933224913,0.7750094315093984,0.005469638186907044
1922,7.0,2940,0.7818667577591797,0.7866657779592222,0.004799020200042525
1922,10.0,2940,0.7788444220072281,0.7831802387722986,0.004335816765070444
1923,7.0,2884,0.7971078037333853,0.8009267153300476,0.0038189115966622555
1923,10.0,2884,0.7929064890676434,0.7964199829486587,0.003513493881015295
1924,7.0,2940,0.7868719690919564,0.7883438477584486,0.0014718786664921213
1924,10.0,2940,0.7845451382043687,0.7853535520593383,0.0008084138549696585
1925,7.0,3002,0.7791900764153703,0.7816378724691437,0.0024477960537734322
1925,10.0,3002,0.7797200866873792,0.7818949062355007,0.002174819548121487
1926,7.0,2935,0.7879143111166409,0.7907740201300705,0.002859709013429579
1926,10.0,2935,0.7837930167809063,0.7858744640822233,0.0020814473013169854
1927,7.0,2996,0.7993663209950829,0.8011607151251576,0.0017943941300747612
1927,10.0,2996,0.7955822468343197,0.7973774424041421,0.0017951955698224387
1928,7.0,2947,0.791841878888511,0.7927407792692767,0.000898900380765677
1928,10.0,2947,0.7869156311347548,0.7876023456656343,0.0006867145308794287
1929,7.0,2930,0.8006907447974502,0.8015347323940011,0.0008439875965509103
1929,10.0,2930,0.795918174797115,0.7962106579793321,0.0002924831822170848
1930,7.0,3017,0.7780213151257122,0.7802972677753224,0.0022759526496102245
1930,10.0,3017,0.7752804877072567,0.7774555468009363,0.0021750590936796543
1931,7.0,2985,0.7932818136090616,0.7959003892222817,0.0026185756132200977
1931,10.0,2985,0.7866578039439116,0.7896027601050866,0.002944956161174961
1932,7.0,2962,0.7674619491717545,0.7713543254560757,0.003892376284321264
1932,10.0,2962,0.7621040301074197,0.7660911447299554,0.003987114622535759
1933,7.0,2953,0.7876148171913938,0.7923056923881147,0.004690875196720845
1933,10.0,2953,0.7859625825865114,0.7897376856152286,0.003775103028717197
1934,7.0,2930,0.8002793150934082,0.802122794709902,0.0018434796164937817
1934,10.0,2930,0.7966789036244136,0.7985766377963132,0.0018977341718995344
1935,7.0,2944,0.7650073894934838,0.7656334811232031,0.000626091629719272
1935,10.0,2944,0.7642995172762292,0.764399820216502,0.00010030294027274511
1936,7.0,2971,0.7963588049411089,0.800052134869716,0.0036933299286071586
1936,10.0,2971,0.7921938544248419,0.7957190312834195,0.003525176858577561
1937,7.0,2999,0.7795048971847598,0.784814881288139,0.005309984103379239
1937,10.0,2999,0.7778512628942154,0.7829459617909695,0.0050946988967541795
1938,7.0,2988,0.7866590134234981,0.7902727364743234,0.0036137230508253015
1938,10.0,2988,0.7812809789811962,0.7846755793334261,0.0033946003522299373
1939,7.0,2951,0.786705000084642,0.7876106694053053,0.0009056693206633826
1939,10.0,2951,0.783276439103117,0.7834074763430983,0.00013103723998131311
1940,7.0,2972,0.7777820321863023,0.7808145745825468,0.0030325423962445086
1940,10.0,2972,0.7784395965009369,0.7808109787473665,0.002371382246429632
1941,7.0,2965,0.7978384810288087,0.8026847713180606,0.0048462902892518755
1941,10.0,2965,0.7952529546180496,0.7999892665150184,0.004736311896968881
1942,7.0,2987,0.7887112613485293,0.7904421834603745,0.0017309221118452234
1942,10.0,2987,0.7886489400018638,0.7896595714670717,0.0010106314652078563
1943,7.0,2947,0.7899794661190965,0.7896293802807419,-0.00035008583835460794
1943,10.0,2947,0.786163857545884,0.7854633239209051,-0.0007005336249789051
1944,7.0,2970,0.779800282123417,0.7824315744452502,0.002631292321833234
1944,10.0,2970,0.7757701082959881,0.777684615432964,0.0019145071369758293
1945,7.0,2990,0.8008459922907581,0.8017316272910534,0.0008856350002952595
1945,10.0,2990,0.7978321112326066,0.7980076542098155,0.0001755429772088979
1946,7.0,2942,0.7787125163708621,0.7797681547215825,0.0010556383507203115
1946,10.0,2942,0.7773631290607537,0.7779234410124221,0.0005603119516683908
1947,7.0,2974,0.7953452658829238,0.7950346658917219,-0.0003105999912018653
1947,10.0,2974,0.7936561710161698,0.7927261284854391,-0.0009300425307307014
1948,7.0,2995,0.7739179003949245,0.781083709530099,0.007165809135174506
1948,10.0,2995,0.7736373488337726,0.7804013447944632,0.006763995960690661
1949,7.0,2985,0.7969444112785,0.8001410612582517,0.0031966499797516645
1949,10.0,2985,0.7928687511285819,0.7954546506836313,0.002585899555049398
1950,7.0,2981,0.7877537611628094,0.7870725951352946,-0.0006811660275147791
1950,10.0,2981,0.7866374353984761,0.784980856467734,-0.0016565789307421142
1951,7.0,2980,0.7779040515628559,0.7828370275676557,0.004932976004799805
1951,10.0,2980,0.7765897827936391,0.7808030269678563,0.004213244174217201
1952,7.0,2952,0.7889386002947364,0.7912167428138824,0.0022781425191460425
1952,10.0,2952,0.7894399506931828,0.791098617518681,0.0016586668254982007
1953,7.0,2956,0.7901791704718516,0.7911523424523152,0.0009731719804636496
1953,10.0,2956,0.7887153138885544,0.7894317516965222,0.000716437807967818
1954,7.0,2966,0.7668232591311922,0.7675299461900832,0.0007066870588909868
1954,10.0,2966,0.7660284303397256,0.7665186512981571,0.000490220958431542
1955,7.0,2979,0.7821585201952324,0.7852239894221927,0.0030654692269603823
1955,10.0,2979,0.7775188769419162,0.7794971011210363,0.0019782241791200805
1956,7.0,2952,0.7672305205741573,0.766195939232853,-0.001034581341304297
1956,10.0,2952,0.7624540914105741,0.7602356453294095,-0.0022184460811646156
1957,7.0,2994,0.7984847381697796,0.8020844486511257,0.003599710481346108
1957,10.0,2994,0.7959131708786763,0.7989453645231344,0.003032193644458059
1958,7.0,2949,0.7982988660031116,0.8016746491099137,0.0033757831068020883
1958,10.0,2949,0.7970170711692939,0.7996750676887256,0.002657996519431771
1959,7.0,2959,0.7821027458370019,0.7812678679305464,-0.0008348779064555334
1959,10.0,2959,0.7760503083939654,0.7748874889957245,-0.0011628193982409218
1960,7.0,2999,0.796672280547555,0.8003611704872117,0.003688889939656659
1960,10.0,2999,0.7934648646254302,0.7969909090198469,0.0035260443944167275
1961,7.0,2954,0.7860110673041519,0.7897373463732944,0.0037262790691424685
1961,10.0,2954,0.782669997139078,0.7860954059750933,0.0034254088360152757
1962,7.0,2933,0.7858342626246896,0.7868409563033764,0.0010066936786867764
1962,10.0,2933,0.7840732341521912,0.7845732295348196,0.0004999953826283488
1963,7.0,2918,0.7810699324737673,0.7837223325972839,0.0026524001235165295
1963,10.0,2918,0.776400451108157,0.7782119663521259,0.001811515243968831
1964,7.0,2918,0.7821858588647187,0.7848537134754265,0.0026678546107078427
1964,10.0,2918,0.7785040881927815,0.7807537328280322,0.0022496446352506805
1965,7.0,2991,0.7963253981149464,0.7976413883262614,0.0013159902113150101
1965,10.0,2991,0.7901464704235112,0.7910233469868195,0.0008768765633083708
1966,7.0,2956,0.794547221033861,0.7970034637954082,0.0024562427615472116
1966,10.0,2956,0.7902447907050852,0.7918570861332477,0.0016122954281624358
1967,7.0,2964,0.768663254795497,0.7707098375018732,0.0020465827063761433
1967,10.0,2964,0.7669388076216387,0.7684881584423758,0.0015493508207371498
1968,7.0,2963,0.7653184097547482,0.7674433111034571,0.0021249013487089075
1968,10.0,2963,0.7667083264254652,0.768477165776083,0.00176883935061789
1969,7.0,2963,0.7984747276435867,0.8011107020049458,0.0026359743613590947
1969,10.0,2963,0.7931296584251181,0.7951893462109777,0.002059687785859632
1970,7.0,2952,0.789946758133463,0.7887500959889421,-0.0011966621445209658
1970,10.0,2952,0.7892734199736985,0.7872850912818132,-0.001988328691885255
1971,7.0,2958,0.779291889096763,0.7810790884465519,0.0017871993497889926
1971,10.0,2958,0.7789338733726924,0.7811819563699108,0.002248082997218459
1972,7.0,2955,0.7764401657955095,0.7794029977038374,0.002962831908327912
1972,10.0,2955,0.773221126633969,0.7756339714952715,0.0024128448613024434
1973,7.0,2951,0.794505398353599,0.7960796492038379,0.0015742508502388786
1973,10.0,2951,0.7936101765344558,0.7945303808157849,0.0009202042813291067
1974,7.0,2969,0.7902179043423537,0.7911632990200486,0.000945394677694833
1974,10.0,2969,0.7868882224161263,0.7878953335876148,0.0010071111714884395
1975,7.0,2925,0.7814636759871993,0.7785784618949014,-0.0028852140922979164
1975,10.0,2925,0.7804417168225686,0.7773656545634496,-0.003076062259118939
1976,7.0,2989,0.7998198417858691,0.799939044213264,0.0001192024273949377
1976,10.0,2989,0.7961661512754024,0.7955471723104982,-0.0006189789649041488
1977,7.0,2994,0.7810863720136997,0.7819117161936858,0.0008253441799861427
1977,10.0,2994,0.7793009863922116,0.7788906833864151,-0.00041030300579647516
1978,7.0,2970,0.7731351989773597,0.7711842473465087,-0.0019509516308510166
1978,10.0,2970,0.7704702277807702,0.766958540192838,-0.0035116875879321885
1979,7.0,2945,0.786125857068026,0.7873787204765963,0.0012528634085703372
1979,10.0,2945,0.7835226653725401,0.7839968208063861,0.0004741554338459908
1980,7.0,2937,0.790340919053136,0.7895168436428179,-0.000824075410318037
1980,10.0,2937,0.7854921938278193,0.7835896096850532,-0.0019025841427661172
1981,7.0,2911,0.7772446788082492,0.780687502468401,0.003442823660151806
1981,10.0,2911,0.7757881740874026,0.7786574085351391,0.0028692344477364573
1982,7.0,2952,0.786439031484838,0.7867422584509081,0.0003032269660701026
1982,10.0,2952,0.7828079678825948,0.7827631469422515,-4.4820940343304194e-05
1983,7.0,2944,0.7909593336078968,0.7908065523242683,-0.0001527812836285003
1983,10.0,2944,0.7885077814384317,0.7875662908665358,-0.0009414905718958533
1984,7.0,2992,0.7926514761161174,0.7935784327222237,0.0009269566061063106
1984,10.0,2992,0.7886247919803471,0.7892476127268405,0.0006228207464934465
1985,7.0,2986,0.776528704977759,0.7815203513212098,0.0049916463434507286
1985,10.0,2986,0.7747889218381749,0.7788563509199965,0.004067429081821561
1986,7.0,2917,0.7980093031608707,0.7964011814660573,-0.0016081216948133914
1986,10.0,2917,0.7936607352133133,0.7915448291585175,-0.0021159060547957242
1987,7.0,2948,0.7792900205493518,0.7793227216184152,3.270106906338999e-05
1987,10.0,2948,0.7771079992040593,0.7764364242363944,-0.0006715749676649008
1988,7.0,2943,0.7834108960762834,0.7858335987817858,0.0024227027055023775
1988,10.0,2943,0.7776547061436951,0.780063374412061,0.0024086682683658323
1989,7.0,2955,0.787821254984482,0.7894905091572699,0.0016692541727879595
1989,10.0,2955,0.7832073889686079,0.7844147282309406,0.0012073392623327406
1990,7.0,2952,0.798913614952236,0.8013893270189365,0.0024757120667004973
1990,10.0,2952,0.7970223231651462,0.7985569623429912,0.0015346391778450208
1991,7.0,2997,0.7866778426801477,0.791581069130379,0.004903226450231224
1991,10.0,2997,0.783132501389091,0.7872031935975428,0.004070692208451798
1992,7.0,2932,0.7873132669102818,0.7890409812266379,0.0017277143163560993
1992,10.0,2932,0.7834747013872978,0.7838300103774729,0.0003553089901751072
1993,7.0,2970,0.7981306492238931,0.7990912018721635,0.0009605526482704407
1993,10.0,2970,0.7948675980133483,0.7952080471705402,0.00034044915719189106
1994,7.0,3003,0.7821235264985155,0.7808370016365954,-0.0012865248619200464
1994,10.0,3003,0.7774807054918613,0.7753313234392015,-0.0021493820526597984
1995,7.0,2984,0.7919145880991899,0.7945640894464678,0.002649501347277927
1995,10.0,2984,0.7880595679614809,0.790035948988223,0.0019763810267421356
1996,7.0,2951,0.7949002911644579,0.7966112987800409,0.00171100761558296
1996,10.0,2951,0.7919687369906688,0.7928495639018348,0.0008808269111659772
1997,7.0,2964,0.7715612706112962,0.7757937214083713,0.004232450797075127
1997,10.0,2964,0.7681131048631802,0.7713771506355166,0.0032640457723364102
1998,7.0,2991,0.7978491858435764,0.7965312127896962,-0.0013179730538802614
1998,10.0,2991,0.7938956029435681,0.7930278297284111,-0.0008677732151569639
1999,7.0,2962,0.7986874254889694,0.8009471835650143,0.0022597580760448377
1999,10.0,2962,0.7966866572671129,0.7982231864487559,0.0015365291816430426
