horizon,feature_set,k,rep_fold,model,n,n_events,prevalence,threshold,f1_macro,roc_auc,auprc,brier,precision_event,recall_event,precision_free,recall_free
7,CV17,2,0,LogisticRegression,878,168,0.19134396355353075,0.5,0.7095381345400629,0.8349010731052985,0.5971407126239758,0.16933821235433372,0.4548736462093863,0.75,0.930116472545757,0.7873239436619718
7,CV17,2,0,RandomForest,878,168,0.19134396355353075,0.5,0.7087019459782067,0.8237508383635146,0.5749523434573751,0.1465359483000236,0.4759825327510917,0.6488095238095238,0.9090909090909091,0.8309859154929577
7,CV17,2,0,AdaBoost,878,168,0.19134396355353075,0.5,0.6977980258162491,0.8290912139503688,0.6040010468756455,0.19250393935552165,0.44280442804428044,0.7142857142857143,0.9209225700164745,0.7873239436619718
7,CV17,2,0,paper_ensemble,878,168,0.19134396355353075,0.5,0.7101894374282434,0.8340962441314553,0.6008160450216917,0.16383604275258726,0.46774193548387094,0.6904761904761905,0.9174603174603174,0.8140845070422535
7,CV17,3,0,LogisticRegression,878,168,0.19134396355353075,0.5,0.7133919515971644,0.8303739101274312,0.5818706102982306,0.18092172986779245,0.4641509433962264,0.7321428571428571,0.9265905383360522,0.8
7,CV17,3,0,RandomForest,878,168,0.19134396355353075,0.5,0.7076572512765186,0.8238430583501006,0.5742379143432247,0.14662501651995724,0.47577092511013214,0.6428571428571429,0.9078341013824884,0.8323943661971831
7,CV17,3,0,AdaBoost,878,168,0.19134396355353075,0.5,0.7019006243027696,0.8260060362173038,0.5993842727980361,0.21007324544924644,0.44814814814814813,0.7202380952380952,0.9226973684210527,0.7901408450704225
7,CV17,3,0,paper_ensemble,878,168,0.19134396355353075,0.5,0.7126461860708675,0.8328219315895371,0.5989729754878208,0.1710808415707207,0.475,0.6785714285714286,0.9153605015673981,0.8225352112676056
7,CV17,5,0,LogisticRegression,878,168,0.19134396355353075,0.5,0.6983916202234401,0.834372904091214,0.5971720931937875,0.16810300600678402,0.44086021505376344,0.7321428571428571,0.9248747913188647,0.780281690140845
7,CV17,5,0,RandomForest,878,168,0.19134396355353075,0.5,0.6966943027210883,0.8159456740442657,0.5612227722846762,0.13705110091421757,0.4675925925925926,0.6011904761904762,0.8987915407854985,0.8380281690140845
7,CV17,5,0,AdaBoost,878,168,0.19134396355353075,0.5,0.6977980258162491,0.8294014084507043,0.6040945011800773,0.19495612380035932,0.44280442804428044,0.7142857142857143,0.9209225700164745,0.7873239436619718
7,CV17,5,0,paper_ensemble,878,168,0.19134396355353075,0.5,0.7119566728387854,0.8321428571428571,0.5963507855316453,0.15706493285981296,0.48034934497816595,0.6547619047619048,0.9106317411402157,0.8323943661971831
7,CV17,2,1,LogisticRegression,878,169,0.19248291571753987,0.5,0.71315977539561,0.8477478906034833,0.5937688789281128,0.16606383964776156,0.45907473309608543,0.7633136094674556,0.932998324958124,0.7856135401974612
7,CV17,2,1,RandomForest,878,169,0.19248291571753987,0.5,0.6923533058408129,0.841221488720675,0.6044590370638825,0.14143781751525775,0.44715447154471544,0.650887573964497,0.9066455696202531,0.8081805359661495
7,CV17,2,1,AdaBoost,878,169,0.19248291571753987,0.5,0.7148135366125987,0.848102586357984,0.5876441454370148,0.1961405101666951,0.45964912280701753,0.7751479289940828,0.9359190556492412,0.7827926657263752
7,CV17,2,1,paper_ensemble,878,169,0.19248291571753987,0.5,0.7173336117709502,0.8502349337762163,0.6120277913705348,0.16167362849795858,0.4699248120300752,0.7396449704142012,0.9281045751633987,0.8011283497884344
7,CV17,3,1,LogisticRegression,878,169,0.19248291571753987,0.5,0.7140679457597994,0.8458951268976223,0.5806303695459132,0.1766308800523351,0.4646840148698885,0.7396449704142012,0.9277504105090312,0.7968970380818053
7,CV17,3,1,RandomForest,878,169,0.19248291571753987,0.5,0.713339552238806,0.8425067392193355,0.6055956956250769,0.1413733465681648,0.47368421052631576,0.6923076923076923,0.9175911251980983,0.8166431593794076
7,CV17,3,1,AdaBoost,878,169,0.19248291571753987,0.5,0.725396163469558,0.8410253628328923,0.5611768114247714,0.21389215657020214,0.4794007490636704,0.757396449704142,0.9328968903436988,0.8039492242595204
7,CV17,3,1,paper_ensemble,878,169,0.19248291571753987,0.5,0.7243885439444968,0.8490081037547675,0.6058051886141897,0.16885873825386669,0.484251968503937,0.727810650887574,0.9262820512820513,0.8152327221438646
7,CV17,5,1,LogisticRegression,878,169,0.19248291571753987,0.5,0.7078054919715181,0.8462706871082699,0.595165521911499,0.16525415217778233,0.45104895104895104,0.7633136094674556,0.9324324324324325,0.7785613540197461
7,CV17,5,1,RandomForest,878,169,0.19248291571753987,0.5,0.7078258873929009,0.8437586065881606,0.5969186821644697,0.12996965990461148,0.4881516587677725,0.6094674556213018,0.9010494752623688,0.847672778561354
7,CV17,5,1,AdaBoost,878,169,0.19248291571753987,0.5,0.7129158555820412,0.848653408000267,0.5862490307265849,0.19792228255961866,0.45774647887323944,0.7692307692307693,0.9343434343434344,0.7827926657263752
7,CV17,5,1,paper_ensemble,878,169,0.19248291571753987,0.5,0.7175961115154128,0.85221288421896,0.609806289754089,0.15465717436498183,0.4796747967479675,0.6982248520710059,0.9193037974683544,0.8194640338504936
7,CV17,2,2,LogisticRegression,878,169,0.19248291571753987,0.5,0.6840739583245348,0.8251892406172541,0.58662195417565,0.16986928871633658,0.4230769230769231,0.7159763313609467,0.918918918918919,0.767277856135402
7,CV17,2,2,RandomForest,878,169,0.19248291571753987,0.5,0.7161019128875563,0.8206992096544012,0.5768337920587,0.14407586670658823,0.48497854077253216,0.6686390532544378,0.9131782945736434,0.8307475317348378
7,CV17,2,2,AdaBoost,878,169,0.19248291571753987,0.5,0.6970028653694653,0.8326754074828285,0.5799187668630246,0.1987422800010959,0.44528301886792454,0.6982248520710059,0.9168026101141925,0.7926657263751763
7,CV17,2,2,paper_ensemble,878,169,0.19248291571753987,0.5,0.7046220749050938,0.8284440957761996,0.5907165765841245,0.16421957548443875,0.4588235294117647,0.6923076923076923,0.9165329052969502,0.8053596614950634
7,CV17,3,2,LogisticRegression,878,169,0.19248291571753987,0.5,0.6867750833137557,0.8264661453334557,0.5883142092551678,0.17868969992617728,0.4323308270676692,0.6804733727810651,0.9117647058823529,0.7870239774330042
7,CV17,3,2,RandomForest,878,169,0.19248291571753987,0.5,0.7117663348977274,0.8224184408409211,0.5809031487124786,0.14340549937912161,0.47863247863247865,0.6627218934911243,0.9114906832298136,0.8279266572637518
7,CV17,3,2,AdaBoost,878,169,0.19248291571753987,0.5,0.7055667337357479,0.8234366263008988,0.5820219067062834,0.21558543575690386,0.4591439688715953,0.6982248520710059,0.9178743961352657,0.8039492242595204
7,CV17,3,2,paper_ensemble,878,169,0.19248291571753987,0.5,0.708005235265089,0.8297710751871542,0.5958344368147156,0.1702577633485198,0.46586345381526106,0.6863905325443787,0.9157392686804452,0.8124118476727785
7,CV17,5,2,LogisticRegression,878,169,0.19248291571753987,0.5,0.6818840579710146,0.8252476610944659,0.5848655600776682,0.1690104515348981,0.41924398625429554,0.7218934911242604,0.919931856899489,0.7616361071932299
7,CV17,5,2,RandomForest,878,169,0.19248291571753987,0.5,0.6953392302935493,0.8093739828577627,0.5714637559831275,0.13741025261825454,0.47549019607843135,0.5739644970414202,0.8931750741839762,0.849083215796897
7,CV17,5,2,AdaBoost,878,169,0.19248291571753987,0.5,0.6946286769010379,0.8340816718271421,0.5828512741590535,0.20096305265014996,0.43956043956043955,0.7100591715976331,0.9190082644628099,0.7842031029619182
7,CV17,5,2,paper_ensemble,878,169,0.19248291571753987,0.5,0.7081300593874379,0.8253311189190542,0.5915435785083454,0.158521841211291,0.46747967479674796,0.6804733727810651,0.9145569620253164,0.8152327221438646
7,CV17,2,3,LogisticRegression,878,168,0.19134396355353075,0.5,0.6861411685378791,0.829602615694165,0.5944324899933326,0.17180500626731432,0.4245614035087719,0.7202380952380952,0.9207419898819561,0.7690140845070422
7,CV17,2,3,RandomForest,878,168,0.19134396355353075,0.5,0.7136230203312435,0.8289570757880618,0.6026102466321267,0.14457196757571256,0.47520661157024796,0.6845238095238095,0.9166666666666666,0.8211267605633803
7,CV17,2,3,AdaBoost,878,168,0.19134396355353075,0.5,0.7029682357656015,0.8282654258886654,0.5967495854319687,0.19697904061325516,0.44981412639405205,0.7202380952380952,0.922824302134647,0.7915492957746478
7,CV17,2,3,paper_ensemble,878,168,0.19134396355353075,0.5,0.7089606501283148,0.8334758551307846,0.6129902902827333,0.16487872460779596,0.4642857142857143,0.6964285714285714,0.9185303514376997,0.8098591549295775
7,CV17,3,3,LogisticRegression,878,168,0.19134396355353075,0.5,0.688468361916026,0.8306421864520457,0.5830723310220844,0.18087959680012325,0.4296028880866426,0.7083333333333334,0.9184692179700499,0.7774647887323943
7,CV17,3,3,RandomForest,878,168,0.19134396355353075,0.5,0.7106596754349992,0.8291666666666666,0.6011832236277402,0.1444297441729919,0.4745762711864407,0.6666666666666666,0.9127725856697819,0.8253521126760563
7,CV17,3,3,AdaBoost,878,168,0.19134396355353075,0.5,0.7017390479639257,0.8307679409792086,0.5880959000917171,0.2147937049380234,0.4468864468864469,0.7261904761904762,0.9239669421487603,0.7873239436619718
7,CV17,3,3,paper_ensemble,878,168,0.19134396355353075,0.5,0.7198170407403468,0.8351609657947685,0.6111519820634872,0.1713618903678064,0.4816326530612245,0.7023809523809523,0.9210110584518167,0.8211267605633803
7,CV17,5,3,LogisticRegression,878,168,0.19134396355353075,0.5,0.6833862281947556,0.8281019450033535,0.5966346173892055,0.17109304094360217,0.4229390681003584,0.7023809523809523,0.9165275459098498,0.7732394366197183
7,CV17,5,3,RandomForest,878,168,0.19134396355353075,0.5,0.7168699010378952,0.8285127431254192,0.5861044628546237,0.1346798935173752,0.5024154589371981,0.6190476190476191,0.9046199701937406,0.8549295774647887
7,CV17,5,3,AdaBoost,878,168,0.19134396355353075,0.5,0.6999217561324282,0.8288522803487592,0.5980039647393811,0.1988319029380931,0.44609665427509293,0.7142857142857143,0.9211822660098522,0.7901408450704225
7,CV17,5,3,paper_ensemble,878,168,0.19134396355353075,0.5,0.7212698412698413,0.8337525150905433,0.6065489320111652,0.15814143292425237,0.48739495798319327,0.6904761904761905,0.91875,0.828169014084507
7,CV17,2,4,LogisticRegression,878,169,0.19248291571753987,0.5,0.7010496264429908,0.8464542943223642,0.6130753136715628,0.1749127066806687,0.4368932038834951,0.7988165680473372,0.9402460456942003,0.7545839210155149
7,CV17,2,4,RandomForest,878,169,0.19248291571753987,0.5,0.7063464648956876,0.8437586065881607,0.5930908806622169,0.14267414543450066,0.4703389830508475,0.6568047337278107,0.9096573208722741,0.8236953455571228
7,CV17,2,4,AdaBoost,878,169,0.19248291571753987,0.5,0.7031446953781513,0.8423523422438471,0.6050145518391571,0.19859883678208645,0.43973941368078173,0.7988165680473372,0.9404553415061296,0.7574047954866009
7,CV17,2,4,paper_ensemble,878,169,0.19248291571753987,0.5,0.7116901827359329,0.8491750194039442,0.6184198837371311,0.16653703610505288,0.45985401459854014,0.7455621301775148,0.9288079470198676,0.7912552891396333
7,CV17,3,4,LogisticRegression,878,169,0.19248291571753987,0.5,0.7110775917508967,0.8467714340557999,0.612770091768491,0.18302235923810695,0.4523809523809524,0.7869822485207101,0.9383561643835616,0.7729196050775741
7,CV17,3,4,RandomForest,878,169,0.19248291571753987,0.5,0.706423569008723,0.8436501114161958,0.5951239700159008,0.14242767771856607,0.4721030042918455,0.650887573964497,0.9085271317829458,0.8265162200282088
7,CV17,3,4,AdaBoost,878,169,0.19248291571753987,0.5,0.6985066876607007,0.8348786940519608,0.5964360839036444,0.21439092477265792,0.4383561643835616,0.757396449704142,0.9300341296928327,0.768688293370945
7,CV17,3,4,paper_ensemble,878,169,0.19248291571753987,0.5,0.7124966072757519,0.8503768120780164,0.623707128375537,0.17239002021720454,0.46564885496183206,0.7218934911242604,0.9237012987012987,0.8025387870239774
7,CV17,5,4,LogisticRegression,878,169,0.19248291571753987,0.5,0.6994687193296941,0.8453609968202569,0.6091742987356014,0.17475322567061902,0.43354430379746833,0.8106508875739645,0.9430604982206405,0.7475317348377997
7,CV17,5,4,RandomForest,878,169,0.19248291571753987,0.5,0.7179008567931456,0.8397109020956259,0.5893902009617645,0.13135784214893356,0.5023696682464455,0.6272189349112426,0.9055472263868066,0.8519040902679831
7,CV17,5,4,AdaBoost,878,169,0.19248291571753987,0.5,0.7031446953781513,0.8425693325877769,0.605118656449522,0.19962008633176154,0.43973941368078173,0.7988165680473372,0.9404553415061296,0.7574047954866009
7,CV17,5,4,paper_ensemble,878,169,0.19248291571753987,0.5,0.7168655272492744,0.8487410387160849,0.6172591475862242,0.1588867609066374,0.4728682170542636,0.7218934911242604,0.9241935483870968,0.8081805359661495
7,CV17,2,5,LogisticRegression,878,169,0.19248291571753987,0.5,0.6973350422062138,0.8320077448861218,0.5658320694654477,0.16060547364181132,0.44921875,0.6804733727810651,0.9131832797427653,0.8011283497884344
7,CV17,2,5,RandomForest,878,169,0.19248291571753987,0.5,0.6869936874033661,0.8148404703682994,0.5358519383926638,0.14288424064889943,0.46938775510204084,0.5443786982248521,0.8870967741935484,0.8533145275035261
7,CV17,2,5,AdaBoost,878,169,0.19248291571753987,0.5,0.6787095063419808,0.8218091987214261,0.5642521470166728,0.1939892290134378,0.42578125,0.6449704142011834,0.9035369774919614,0.7926657263751763
7,CV17,2,5,paper_ensemble,878,169,0.19248291571753987,0.5,0.6956615422088568,0.8279350030462106,0.5680846381595824,0.15921438008007172,0.46396396396396394,0.6094674556213018,0.899390243902439,0.8321579689703809
7,CV17,3,5,LogisticRegression,878,169,0.19248291571753987,0.5,0.6933715163791296,0.8298879161415779,0.5640546778149154,0.17221141629587294,0.4475806451612903,0.6568047337278107,0.9079365079365079,0.8067700987306065
7,CV17,3,5,RandomForest,878,169,0.19248291571753987,0.5,0.6860628015076113,0.8131212391817795,0.5382055565101923,0.14309343198523192,0.465,0.5502958579881657,0.887905604719764,0.849083215796897
7,CV17,3,5,AdaBoost,878,169,0.19248291571753987,0.5,0.6860017614561371,0.8101334490615169,0.5524437368247418,0.21402794574077008,0.4365079365079365,0.650887573964497,0.9057507987220448,0.7997179125528914
7,CV17,3,5,paper_ensemble,878,169,0.19248291571753987,0.5,0.6955980562107477,0.8243296250239941,0.5630456330602993,0.16708558168300225,0.4675925925925926,0.5976331360946746,0.8972809667673716,0.8377997179125529
7,CV17,5,5,LogisticRegression,878,169,0.19248291571753987,0.5,0.6964428286284574,0.8315904557631801,0.5670634627999852,0.15930393013227245,0.450199203187251,0.6686390532544378,0.9106858054226475,0.8053596614950634
7,CV17,5,5,RandomForest,878,169,0.19248291571753987,0.5,0.6917940177638453,0.806344463825206,0.53621384963415,0.13746416623617302,0.49162011173184356,0.5207100591715976,0.8841201716738197,0.8716502115655853
7,CV17,5,5,AdaBoost,878,169,0.19248291571753987,0.5,0.6828573856875744,0.8217591240266731,0.5629686186865994,0.19643141650851043,0.43137254901960786,0.650887573964497,0.9052969502407705,0.7954866008462623
7,CV17,5,5,paper_ensemble,878,169,0.19248291571753987,0.5,0.6875643173560204,0.8255731466103605,0.5688804873425765,0.15382507017717081,0.46153846153846156,0.5680473372781065,0.891044776119403,0.842031029619182
7,CV17,2,6,LogisticRegression,878,168,0.19134396355353075,0.5,0.7058311947533504,0.8343226022803488,0.57699113539817,0.16277433720133078,0.4603174603174603,0.6904761904761905,0.9169329073482428,0.8084507042253521
7,CV17,2,6,RandomForest,878,168,0.19134396355353075,0.5,0.7020301591131566,0.8216716968477532,0.561771100759504,0.14010221673280218,0.48743718592964824,0.5773809523809523,0.8954344624447718,0.856338028169014
7,CV17,2,6,AdaBoost,878,168,0.19134396355353075,0.5,0.6977131881274237,0.8246143527833669,0.5710289514792756,0.19078324298334925,0.45454545454545453,0.6547619047619048,0.9088050314465409,0.8140845070422535
7,CV17,2,6,paper_ensemble,878,168,0.19134396355353075,0.5,0.7033224495434596,0.8315643863179074,0.5820983590667441,0.15875059848112966,0.4711111111111111,0.6309523809523809,0.9050535987748851,0.8323943661971831
7,CV17,3,6,LogisticRegression,878,168,0.19134396355353075,0.5,0.6998127696524028,0.8333081824279008,0.576483008578695,0.1742208105654047,0.4567901234567901,0.6607142857142857,0.9102362204724409,0.8140845070422535
7,CV17,3,6,RandomForest,878,168,0.19134396355353075,0.5,0.69725817830164,0.8194416498993964,0.5582099580922997,0.14061158828518242,0.4845360824742268,0.5595238095238095,0.8918128654970761,0.8591549295774648
7,CV17,3,6,AdaBoost,878,168,0.19134396355353075,0.5,0.6849853223643678,0.8186619718309859,0.5589291753611592,0.212204598990502,0.4380165289256198,0.6309523809523809,0.9025157232704403,0.8084507042253521
7,CV17,3,6,paper_ensemble,878,168,0.19134396355353075,0.5,0.7022413254380149,0.8303906773977197,0.5770113043844279,0.166949784543606,0.4766355140186916,0.6071428571428571,0.9006024096385542,0.8422535211267606
7,CV17,5,6,LogisticRegression,878,168,0.19134396355353075,0.5,0.6995722840034218,0.8320422535211269,0.5744339422720787,0.16190729873151571,0.4523809523809524,0.6785714285714286,0.9137380191693291,0.8056338028169014
7,CV17,5,6,RandomForest,878,168,0.19134396355353075,0.5,0.7022424046915969,0.8197518443997318,0.5602494852118584,0.13115082517274887,0.5114942528735632,0.5297619047619048,0.8877840909090909,0.8802816901408451
7,CV17,5,6,AdaBoost,878,168,0.19134396355353075,0.5,0.6945630852228332,0.8256539235412474,0.5736014893838168,0.19355624213273734,0.45188284518828453,0.6428571428571429,0.9061032863849765,0.8154929577464789
7,CV17,5,6,paper_ensemble,878,168,0.19134396355353075,0.5,0.7100891913729878,0.832050637156271,0.5825060717895054,0.1524922481003265,0.4950980392156863,0.6011904761904762,0.900593471810089,0.8549295774647887
7,CV17,2,7,LogisticRegression,878,169,0.19248291571753987,0.5,0.6924375467065229,0.8374074661369877,0.6047942793068058,0.17039906809511385,0.43050847457627117,0.7514792899408284,0.9279588336192109,0.763046544428773
7,CV17,2,7,RandomForest,878,169,0.19248291571753987,0.5,0.7074447829398325,0.8332345749075704,0.5987455627791323,0.14451507231854657,0.4723404255319149,0.6568047337278107,0.9097978227060654,0.8251057827926658
7,CV17,2,7,AdaBoost,878,169,0.19248291571753987,0.5,0.6968043083132456,0.8366187896946278,0.6241797939221003,0.19764078534994145,0.4375,0.7455621301775148,0.9271186440677966,0.771509167842031
7,CV17,2,7,paper_ensemble,878,169,0.19248291571753987,0.5,0.7161442975194867,0.8397192478780847,0.6184548957284863,0.16464526117099287,0.4743083003952569,0.7100591715976331,0.9216,0.8124118476727785
7,CV17,3,7,LogisticRegression,878,169,0.19248291571753987,0.5,0.6994488755006333,0.8393269961025197,0.6000631872282945,0.17974138262185246,0.44404332129963897,0.727810650887574,0.9234608985024958,0.7827926657263752
7,CV17,3,7,RandomForest,878,169,0.19248291571753987,0.5,0.7087019459782067,0.8347117784027842,0.5997638599982665,0.1434520492906898,0.4780701754385965,0.6449704142011834,0.9076923076923077,0.8321579689703809
7,CV17,3,7,AdaBoost,878,169,0.19248291571753987,0.5,0.6943397771952817,0.8333764532093706,0.6110059723690606,0.21417576647987965,0.43727598566308246,0.7218934911242604,0.9215358931552587,0.7785613540197461
7,CV17,3,7,paper_ensemble,878,169,0.19248291571753987,0.5,0.7123839967745884,0.8409961525942864,0.6135268760292255,0.1709099872022815,0.47346938775510206,0.6863905325443787,0.9162717219589257,0.8180535966149506
7,CV17,5,7,LogisticRegression,878,169,0.19248291571753987,0.5,0.693907325253827,0.836080486726033,0.6106416709091632,0.16962084957612938,0.4304635761589404,0.7692307692307693,0.9322916666666666,0.7574047954866009
7,CV17,5,7,RandomForest,878,169,0.19248291571753987,0.5,0.7133594509232264,0.8283356006042346,0.5839575223405667,0.1355939417904589,0.4930232558139535,0.6272189349112426,0.9049773755656109,0.846262341325811
7,CV17,5,7,AdaBoost,878,169,0.19248291571753987,0.5,0.6929732834421536,0.8361931547892273,0.6258740534349916,0.19887214137271625,0.43356643356643354,0.7337278106508875,0.9239864864864865,0.771509167842031
7,CV17,5,7,paper_ensemble,878,169,0.19248291571753987,0.5,0.7115422663421205,0.8381085118635297,0.6166913065533188,0.15805921892093805,0.475,0.6745562130177515,0.9137931034482759,0.8222849083215797
7,CV17,2,8,LogisticRegression,878,169,0.19248291571753987,0.5,0.7073308821681923,0.839410453927108,0.5847577833823704,0.1715691642559053,0.4486301369863014,0.7751479289940828,0.9351535836177475,0.7729196050775741
7,CV17,2,8,RandomForest,878,169,0.19248291571753987,0.5,0.703271899487808,0.8302885136996019,0.5928060170585312,0.1480178956895258,0.4541984732824427,0.7041420118343196,0.9188311688311688,0.7983074753173484
7,CV17,2,8,AdaBoost,878,169,0.19248291571753987,0.5,0.7078054919715181,0.8308727184717202,0.5774560819150986,0.19773292816506935,0.45104895104895104,0.7633136094674556,0.9324324324324325,0.7785613540197461
7,CV17,2,8,paper_ensemble,878,169,0.19248291571753987,0.5,0.7084654092356142,0.8384757262917184,0.6009821600523085,0.1660491578502255,0.4548736462093863,0.7455621301775148,0.9284525790349417,0.7870239774330042
7,CV17,3,8,LogisticRegression,878,169,0.19248291571753987,0.5,0.7147091337020488,0.8365979252384806,0.577231987358265,0.18141375298742898,0.4635036496350365,0.7514792899408284,0.9304635761589404,0.7926657263751763
7,CV17,3,8,RandomForest,878,169,0.19248291571753987,0.5,0.6980653179927347,0.8288780764640589,0.5909569461863811,0.14762276198075902,0.44696969696969696,0.6982248520710059,0.9169381107491856,0.7940761636107193
7,CV17,3,8,AdaBoost,878,169,0.19248291571753987,0.5,0.7061175251250945,0.8305889618681199,0.5733594892752167,0.21416599219931176,0.450354609929078,0.7514792899408284,0.9295302013422819,0.7813822284908322
7,CV17,3,8,paper_ensemble,878,169,0.19248291571753987,0.5,0.7052702249076872,0.8376328022633761,0.6032252874892216,0.17237074253000298,0.45627376425855515,0.7100591715976331,0.9203252032520325,0.7983074753173484
7,CV17,5,8,LogisticRegression,878,169,0.19248291571753987,0.5,0.7083937198067634,0.8379833251266473,0.5849636767401917,0.17070860732710702,0.45017182130584193,0.7751479289940828,0.9352640545144804,0.7743300423131171
7,CV17,5,8,RandomForest,878,169,0.19248291571753987,0.5,0.6977613775241648,0.8253311189190544,0.5777515407487982,0.13945058381534808,0.4579831932773109,0.6449704142011834,0.90625,0.8180535966149506
7,CV17,5,8,AdaBoost,878,169,0.19248291571753987,0.5,0.7069659251277829,0.831928459952763,0.5806342545189124,0.19982047010902754,0.4507042253521127,0.757396449704142,0.930976430976431,0.7799717912552891
7,CV17,5,8,paper_ensemble,878,169,0.19248291571753987,0.5,0.710505454417903,0.8371237095333872,0.5992716998444892,0.15955828034100833,0.46360153256704983,0.7159763313609467,0.9222042139384117,0.8025387870239774
7,CV17,2,9,LogisticRegression,878,168,0.19134396355353075,0.5,0.7052111469133513,0.8346663313212609,0.5765513700170193,0.16854099275005924,0.4440677966101695,0.7797619047619048,0.9365351629502573,0.7690140845070422
7,CV17,2,9,RandomForest,878,168,0.19134396355353075,0.5,0.7174244212242795,0.831673373574782,0.5729036173093737,0.1443331275810849,0.476,0.7083333333333334,0.9219745222929936,0.8154929577464789
7,CV17,2,9,AdaBoost,878,168,0.19134396355353075,0.5,0.7119024592428849,0.8362885647216634,0.5897415497598393,0.19375635558956547,0.45955882352941174,0.7440476190476191,0.929042904290429,0.7929577464788733
7,CV17,2,9,paper_ensemble,878,168,0.19134396355353075,0.5,0.7103266248762785,0.8387323943661972,0.5889092038539706,0.16314767687073142,0.46037735849056605,0.7261904761904762,0.9249592169657422,0.7985915492957747
7,CV17,3,9,LogisticRegression,878,168,0.19134396355353075,0.5,0.7065281670223433,0.841004359490275,0.5739178266892654,0.17835271318575877,0.45126353790613716,0.7440476190476191,0.9284525790349417,0.7859154929577464
7,CV17,3,9,RandomForest,878,168,0.19134396355353075,0.5,0.7156956918930164,0.8325452716297788,0.5747373258326313,0.14358862581310747,0.4773662551440329,0.6904761904761905,0.9181102362204724,0.8211267605633803
7,CV17,3,9,AdaBoost,878,168,0.19134396355353075,0.5,0.7185680370932216,0.8335848423876593,0.5873027844140676,0.21349353184011416,0.4657039711191336,0.7678571428571429,0.9351081530782029,0.7915492957746478
7,CV17,3,9,paper_ensemble,878,168,0.19134396355353075,0.5,0.7150457827222763,0.8418678739101274,0.5918586079767869,0.1701922831225529,0.47058823529411764,0.7142857142857143,0.9229534510433387,0.8098591549295775
7,CV17,5,9,LogisticRegression,878,168,0.19134396355353075,0.5,0.697032436162871,0.8304409792085848,0.5739422339408703,0.16833986326125777,0.43333333333333335,0.7738095238095238,0.9342560553633218,0.7605633802816901
7,CV17,5,9,RandomForest,878,168,0.19134396355353075,0.5,0.7278471985836508,0.8317069081153589,0.5681663092478174,0.13327673623222017,0.5116279069767442,0.6547619047619048,0.9125188536953243,0.852112676056338
7,CV17,5,9,AdaBoost,878,168,0.19134396355353075,0.5,0.7108231378736539,0.8373993963782695,0.5936351961248068,0.19607828671257901,0.45787545787545786,0.7440476190476191,0.9289256198347108,0.7915492957746478
7,CV17,5,9,paper_ensemble,878,168,0.19134396355353075,0.5,0.715385869049346,0.8397132796780684,0.5875451646381153,0.15631547771464585,0.4738955823293173,0.7023809523809523,0.9205087440381559,0.8154929577464789
7,CV17,2,10,LogisticRegression,878,169,0.19248291571753987,0.5,0.6962833330209273,0.8384506889443419,0.6107918810148805,0.16735851269734708,0.4392857142857143,0.727810650887574,0.9230769230769231,0.7785613540197461
7,CV17,2,10,RandomForest,878,169,0.19248291571753987,0.5,0.7209621579538252,0.83245007135644,0.5861321738478048,0.14299854458361552,0.5,0.650887573964497,0.9103343465045592,0.844851904090268
7,CV17,2,10,AdaBoost,878,169,0.19248291571753987,0.5,0.7008352315869399,0.8384173058145067,0.6194424280204109,0.19492931601595828,0.44814814814814813,0.7159763313609467,0.9210526315789473,0.7898448519040903
7,CV17,2,10,paper_ensemble,878,169,0.19248291571753987,0.5,0.7170590401722478,0.8398027057026731,0.6118114074436165,0.16210033796997766,0.4745098039215686,0.7159763313609467,0.9229534510433387,0.8110014104372355
7,CV17,3,10,LogisticRegression,878,169,0.19248291571753987,0.5,0.7121076746651214,0.8349538060940903,0.6045022503569142,0.17836477300788892,0.4626865671641791,0.7337278106508875,0.9262295081967213,0.7968970380818053
7,CV17,3,10,RandomForest,878,169,0.19248291571753987,0.5,0.7251280216462801,0.831039634120897,0.583932483049219,0.1430291296259585,0.5022222222222222,0.6686390532544378,0.9142419601837672,0.842031029619182
7,CV17,3,10,AdaBoost,878,169,0.19248291571753987,0.5,0.7115915985546731,0.8272423031021273,0.607463419067026,0.21219967952381683,0.4653846153846154,0.7159763313609467,0.9223300970873787,0.8039492242595204
7,CV17,3,10,paper_ensemble,878,169,0.19248291571753987,0.5,0.7272740406842348,0.8373073167474817,0.6078118852884566,0.16930283092950948,0.49382716049382713,0.7100591715976331,0.9228346456692913,0.8265162200282088
7,CV17,5,10,LogisticRegression,878,169,0.19248291571753987,0.5,0.7022678978875099,0.8395106033166139,0.6145416507920631,0.16601060092718442,0.44642857142857145,0.7396449704142012,0.9264214046822743,0.7813822284908322
7,CV17,5,10,RandomForest,878,169,0.19248291571753987,0.5,0.7203213375598234,0.8316154931105566,0.5900213151717684,0.1327877295295609,0.5123152709359606,0.6153846153846154,0.9037037037037037,0.8603667136812412
7,CV17,5,10,AdaBoost,878,169,0.19248291571753987,0.5,0.703872437357631,0.8386635063970422,0.619818033271299,0.1973731390449529,0.45185185185185184,0.7218934911242604,0.9226973684210527,0.7912552891396333
7,CV17,5,10,paper_ensemble,878,169,0.19248291571753987,0.5,0.7251280216462801,0.8407875080328157,0.6165395283643714,0.15524859620148243,0.5022222222222222,0.6686390532544378,0.9142419601837672,0.842031029619182
7,CV17,2,11,LogisticRegression,878,169,0.19248291571753987,0.5,0.6985552625796528,0.8371487468807638,0.5922021695506632,0.17020307970346205,0.44363636363636366,0.7218934911242604,0.9220563847429519,0.7842031029619182
7,CV17,2,11,RandomForest,878,169,0.19248291571753987,0.5,0.7033449712805496,0.8280434982181756,0.5630629953672996,0.1444451149619091,0.4751131221719457,0.621301775147929,0.9025875190258752,0.8363892806770099
7,CV17,2,11,AdaBoost,878,169,0.19248291571753987,0.5,0.6965954279053534,0.8355505295398971,0.5762700223193878,0.19773871301319523,0.4416058394160584,0.7159763313609467,0.9205298013245033,0.7842031029619182
7,CV17,2,11,paper_ensemble,878,169,0.19248291571753987,0.5,0.7122409615250294,0.838041745603859,0.5916142781574021,0.16469571567837624,0.4717741935483871,0.6923076923076923,0.9174603174603174,0.8152327221438646
7,CV17,3,11,LogisticRegression,878,169,0.19248291571753987,0.5,0.6918334723380595,0.830839335341885,0.5748641995917976,0.18046049497453676,0.43820224719101125,0.6923076923076923,0.9148936170212766,0.7884344146685472
7,CV17,3,11,RandomForest,878,169,0.19248291571753987,0.5,0.7033224495434596,0.8263993790737851,0.5612915274921526,0.14463828915107207,0.4732142857142857,0.6272189349112426,0.9036697247706422,0.8335684062059239
7,CV17,3,11,AdaBoost,878,169,0.19248291571753987,0.5,0.6979357798165138,0.8269418549336094,0.5589210660553605,0.21765646045783898,0.44569288389513106,0.7041420118343196,0.9181669394435352,0.7912552891396333
7,CV17,3,11,paper_ensemble,878,169,0.19248291571753987,0.5,0.7072590874497156,0.8348035820098313,0.5866496994904138,0.1722115552335413,0.46887966804979253,0.6686390532544378,0.9120879120879121,0.8194640338504936
7,CV17,5,11,LogisticRegression,878,169,0.19248291571753987,0.5,0.7031339466999685,0.8378831757371412,0.5938122592239026,0.16905247180466507,0.44680851063829785,0.7455621301775148,0.9278523489932886,0.7799717912552891
7,CV17,5,11,RandomForest,878,169,0.19248291571753987,0.5,0.7088414301174555,0.8220929553250265,0.5515240140480439,0.13576965240346242,0.5052083333333334,0.5739644970414202,0.8950437317784257,0.8660084626234132
7,CV17,5,11,AdaBoost,878,169,0.19248291571753987,0.5,0.6923894634119663,0.8363225144173392,0.5793799890035968,0.19977552116249728,0.4352517985611511,0.7159763313609467,0.92,0.7785613540197461
7,CV17,5,11,paper_ensemble,878,169,0.19248291571753987,0.5,0.701061000634944,0.8373073167474817,0.5883354894094915,0.15828355755903598,0.46551724137931033,0.6390532544378699,0.9055727554179567,0.8251057827926658
7,CV17,2,12,LogisticRegression,878,168,0.19134396355353075,0.5,0.6943397771952817,0.8266012743125419,0.5832138305443051,0.17076295655649035,0.4357142857142857,0.7261904761904762,0.9230769230769231,0.7774647887323943
7,CV17,2,12,RandomForest,878,168,0.19134396355353075,0.5,0.7032485413977094,0.8218729040912139,0.5830343146331104,0.14718375716217338,0.4675324675324675,0.6428571428571429,0.9072642967542504,0.8267605633802817
7,CV17,2,12,AdaBoost,878,168,0.19134396355353075,0.5,0.7019006243027696,0.8240149228705567,0.5904596250630949,0.19538811394389918,0.44814814814814813,0.7202380952380952,0.9226973684210527,0.7901408450704225
7,CV17,2,12,paper_ensemble,878,168,0.19134396355353075,0.5,0.700439298183586,0.8272971160295105,0.594080603412564,0.16558358892920746,0.45136186770428016,0.6904761904761905,0.9162640901771336,0.8014084507042254
7,CV17,3,12,LogisticRegression,878,168,0.19134396355353075,0.5,0.6997720364741642,0.8215962441314553,0.5697140628290011,0.18086816051103036,0.44485294117647056,0.7202380952380952,0.9224422442244224,0.7873239436619718
7,CV17,3,12,RandomForest,878,168,0.19134396355353075,0.5,0.7031974543824453,0.8228789403085178,0.581416528563136,0.1469571365410824,0.4658119658119658,0.6488095238095238,0.9083850931677019,0.823943661971831
7,CV17,3,12,AdaBoost,878,168,0.19134396355353075,0.5,0.6917236142748671,0.8189973172367538,0.5785083971951035,0.2126139296050381,0.4354243542435424,0.7023809523809523,0.9176276771004942,0.7845070422535211
7,CV17,3,12,paper_ensemble,878,168,0.19134396355353075,0.5,0.7103193133078162,0.8265006706908116,0.5881090847316813,0.17227096903931408,0.46938775510204084,0.6845238095238095,0.9162717219589257,0.8169014084507042
7,CV17,5,12,LogisticRegression,878,168,0.19134396355353075,0.5,0.6962833330209273,0.8269785378940308,0.586947451927073,0.169855602469024,0.4377224199288256,0.7321428571428571,0.9246231155778895,0.7774647887323943
7,CV17,5,12,RandomForest,878,168,0.19134396355353075,0.5,0.701109241126071,0.8177984574111334,0.582121630000358,0.13812129115068872,0.47641509433962265,0.6011904761904762,0.8993993993993994,0.8436619718309859
7,CV17,5,12,AdaBoost,878,168,0.19134396355353075,0.5,0.704942454667027,0.8235119047619047,0.5919166047826339,0.19726612526573659,0.45185185185185184,0.7261904761904762,0.9243421052631579,0.7915492957746478
7,CV17,5,12,paper_ensemble,878,168,0.19134396355353075,0.5,0.7127651214007,0.8272887323943662,0.5987168146482101,0.1591778815593331,0.4767932489451477,0.6726190476190477,0.9141965678627145,0.8253521126760563
7,CV17,2,13,LogisticRegression,878,169,0.19248291571753987,0.5,0.6923894634119663,0.829378823411589,0.5931411668181342,0.16785223807213928,0.4352517985611511,0.7159763313609467,0.92,0.7785613540197461
7,CV17,2,13,RandomForest,878,169,0.19248291571753987,0.5,0.694599655123926,0.8316906051526861,0.5616978169717858,0.14371113727036114,0.4585152838427948,0.621301775147929,0.901386748844376,0.8251057827926658
7,CV17,2,13,AdaBoost,878,169,0.19248291571753987,0.5,0.6867750833137557,0.8306765925839378,0.5714953555609704,0.19369060812799874,0.4323308270676692,0.6804733727810651,0.9117647058823529,0.7870239774330042
7,CV17,2,13,paper_ensemble,878,169,0.19248291571753987,0.5,0.7017257779589618,0.8371320553158461,0.5909848990877491,0.16244427175432835,0.4578313253012048,0.6745562130177515,0.9125596184419714,0.8095909732016925
7,CV17,3,13,LogisticRegression,878,169,0.19248291571753987,0.5,0.7015128335883053,0.8299212992714132,0.5942077199666125,0.1774834627908573,0.4549019607843137,0.6863905325443787,0.9149277688603531,0.8039492242595204
7,CV17,3,13,RandomForest,878,169,0.19248291571753987,0.5,0.6913507152848188,0.8337687049849358,0.5680784767142876,0.14248379611379497,0.45414847161572053,0.6153846153846154,0.8998459167950693,0.8236953455571228
7,CV17,3,13,AdaBoost,878,169,0.19248291571753987,0.5,0.6899197157882959,0.8260488562105139,0.5595128851391458,0.21578890265128375,0.4372623574144487,0.6804733727810651,0.9121951219512195,0.7912552891396333
7,CV17,3,13,paper_ensemble,878,169,0.19248291571753987,0.5,0.7051675097971949,0.8383255022074596,0.5897894090039462,0.16975662925316823,0.4666666666666667,0.6627218934911243,0.9106583072100314,0.8194640338504936
7,CV17,5,13,LogisticRegression,878,169,0.19248291571753987,0.5,0.6893883850062295,0.8280268066532577,0.5904466655727542,0.16693963004198553,0.4316546762589928,0.7100591715976331,0.9183333333333333,0.7771509167842031
7,CV17,5,13,RandomForest,878,169,0.19248291571753987,0.5,0.7065571857714388,0.8262908839018203,0.5516065247919647,0.13480051701967657,0.5,0.5739644970414202,0.8947368421052632,0.8631875881523272
7,CV17,5,13,AdaBoost,878,169,0.19248291571753987,0.5,0.6916051984545135,0.829950509510019,0.5744900840631855,0.19759057124676538,0.4358974358974359,0.7041420118343196,0.9173553719008265,0.7827926657263752
7,CV17,5,13,paper_ensemble,878,169,0.19248291571753987,0.5,0.7086283185840708,0.8343445639745954,0.5854834518615702,0.156481005843813,0.47619047619047616,0.650887573964497,0.9088098918083463,0.8293370944992948
7,CV17,2,14,LogisticRegression,878,169,0.19248291571753987,0.5,0.7115943420540628,0.8549586466479164,0.5947194126538125,0.1674373299898675,0.4548611111111111,0.7751479289940828,0.9355932203389831,0.7785613540197461
7,CV17,2,14,RandomForest,878,169,0.19248291571753987,0.5,0.6996613314277629,0.8267081730247618,0.5733125754419174,0.1458022862284886,0.45564516129032256,0.6686390532544378,0.9111111111111111,0.8095909732016925
7,CV17,2,14,AdaBoost,878,169,0.19248291571753987,0.5,0.6964433642556396,0.8352333898064614,0.592673779688691,0.19687035504318812,0.4404332129963899,0.7218934911242604,0.9217970049916805,0.7813822284908322
7,CV17,2,14,paper_ensemble,878,169,0.19248291571753987,0.5,0.7128563220930746,0.8440423631917611,0.5990051664575728,0.1634793784584037,0.46875,0.7100591715976331,0.9212218649517685,0.8081805359661495
7,CV17,3,14,LogisticRegression,878,169,0.19248291571753987,0.5,0.7106130520764666,0.8544578997003864,0.5900482822580273,0.17873340090681575,0.4581818181818182,0.7455621301775148,0.9286898839137645,0.7898448519040903
7,CV17,3,14,RandomForest,878,169,0.19248291571753987,0.5,0.7019041840036986,0.8259653983859256,0.5671353639049046,0.14593066019084794,0.4609053497942387,0.6627218934911243,0.9102362204724409,0.8152327221438646
7,CV17,3,14,AdaBoost,878,169,0.19248291571753987,0.5,0.6917236142748671,0.8258735947788785,0.5811538023525679,0.2138095135238412,0.43703703703703706,0.6982248520710059,0.9161184210526315,0.7856135401974612
7,CV17,3,14,paper_ensemble,878,169,0.19248291571753987,0.5,0.7131861128912198,0.8424399729596649,0.5892391632351986,0.17072392157703614,0.472,0.6982248520710059,0.9187898089171974,0.8138222849083215
7,CV17,5,14,LogisticRegression,878,169,0.19248291571753987,0.5,0.7033327311534421,0.8536650503667971,0.5961993317967548,0.16620003789338778,0.44368600682593856,0.7692307692307693,0.9333333333333333,0.770098730606488
7,CV17,5,14,RandomForest,878,169,0.19248291571753987,0.5,0.6942352786398074,0.82478864305923,0.5694476662472108,0.13590083073699127,0.47317073170731705,0.5739644970414202,0.8930163447251115,0.847672778561354
7,CV17,5,14,AdaBoost,878,169,0.19248291571753987,0.5,0.6996143788714694,0.8364017993506982,0.595607200404882,0.19865337283097842,0.44525547445255476,0.7218934911242604,0.9221854304635762,0.7856135401974612
7,CV17,5,14,paper_ensemble,878,169,0.19248291571753987,0.5,0.7269151843638137,0.8444596523147027,0.5989673502477738,0.15666681850996841,0.5,0.6863905325443787,0.9179566563467493,0.8363892806770099
7,CV17_THY_CONT,2,0,LogisticRegression,878,168,0.19134396355353075,0.5,0.7127695475801841,0.8349513749161637,0.5962327286860362,0.16872806720365216,0.45985401459854014,0.75,0.9304635761589404,0.7915492957746478
7,CV17_THY_CONT,2,0,RandomForest,878,168,0.19134396355353075,0.5,0.7227982718511133,0.8344902749832327,0.5795736846568178,0.1273189915182201,0.5465116279069767,0.5595238095238095,0.8951841359773371,0.8901408450704226
7,CV17_THY_CONT,2,0,AdaBoost,878,168,0.19134396355353075,0.5,0.7001969968918269,0.8340585177733065,0.6068172216768967,0.18580126360934093,0.44866920152091255,0.7023809523809523,0.9186991869918699,0.795774647887324
7,CV17_THY_CONT,2,0,paper_ensemble,878,168,0.19134396355353075,0.5,0.7261140819964349,0.8409121395036887,0.6080928412192704,0.1532701681368604,0.5,0.6785714285714286,0.916923076923077,0.8394366197183099
7,CV17_THY_CONT,3,0,LogisticRegression,878,168,0.19134396355353075,0.5,0.707394855440651,0.8362592219986585,0.5978133080064564,0.1628503765371896,0.45161290322580644,0.75,0.9298831385642737,0.7845070422535211
7,CV17_THY_CONT,3,0,RandomForest,878,168,0.19134396355353075,0.5,0.7191508806912597,0.8336435278336688,0.5897186079892666,0.12476323941253512,0.5406976744186046,0.5535714285714286,0.8937677053824362,0.8887323943661972
7,CV17_THY_CONT,3,0,AdaBoost,878,168,0.19134396355353075,0.5,0.703872437357631,0.8253521126760562,0.604350650332818,0.2199223858002307,0.45018450184501846,0.7261904761904762,0.9242174629324547,0.7901408450704225
7,CV17_THY_CONT,3,0,paper_ensemble,878,168,0.19134396355353075,0.5,0.737267340953977,0.8408786049631121,0.609008938674408,0.15415945371180192,0.5178571428571429,0.6904761904761905,0.9204892966360856,0.847887323943662
7,CV17_THY_CONT,5,0,LogisticRegression,878,168,0.19134396355353075,0.5,0.6983916202234401,0.8343812877263582,0.5972996442141957,0.16810637759830419,0.44086021505376344,0.7321428571428571,0.9248747913188647,0.780281690140845
7,CV17_THY_CONT,5,0,RandomForest,878,168,0.19134396355353075,0.5,0.7227982718511133,0.8308182427900737,0.5842578576508362,0.1255467217349596,0.5465116279069767,0.5595238095238095,0.8951841359773371,0.8901408450704226
7,CV17_THY_CONT,5,0,AdaBoost,878,168,0.19134396355353075,0.5,0.7028046421663443,0.835140006706908,0.6125228936162735,0.1917646016691856,0.4485294117647059,0.7261904761904762,0.9240924092409241,0.7887323943661971
7,CV17_THY_CONT,5,0,paper_ensemble,878,168,0.19134396355353075,0.5,0.7221016458672453,0.8398054996646546,0.6090942927512577,0.15251764702327175,0.5,0.6547619047619048,0.9118541033434651,0.8450704225352113
7,CV17_THY_CONT,2,1,LogisticRegression,878,169,0.19248291571753987,0.5,0.7078054919715181,0.8465377521469525,0.5905455217663556,0.16615152338388184,0.45104895104895104,0.7633136094674556,0.9324324324324325,0.7785613540197461
7,CV17_THY_CONT,2,1,RandomForest,878,169,0.19248291571753987,0.5,0.7312585379882702,0.8406289381660978,0.5918754355975085,0.12644309030423576,0.5568181818181818,0.5798816568047337,0.8988603988603988,0.8899858956276445
7,CV17_THY_CONT,2,1,AdaBoost,878,169,0.19248291571753987,0.5,0.6969893826508862,0.8360971782909506,0.5818193523106867,0.18995382979858694,0.43859649122807015,0.7396449704142012,0.9258010118043845,0.7743300423131171
7,CV17_THY_CONT,2,1,paper_ensemble,878,169,0.19248291571753987,0.5,0.7159744496532061,0.850652222899158,0.6101030115704864,0.1527338653845707,0.4830508474576271,0.6745562130177515,0.9143302180685359,0.8279266572637518
7,CV17_THY_CONT,3,1,LogisticRegression,878,169,0.19248291571753987,0.5,0.7229352577532915,0.8444513065322438,0.5778443540075582,0.16072761310581543,0.4742647058823529,0.7633136094674556,0.933993399339934,0.7983074753173484
7,CV17_THY_CONT,3,1,RandomForest,878,169,0.19248291571753987,0.5,0.7374462309939502,0.8435833451565252,0.6064965274840561,0.12221755514995065,0.5773809523809523,0.5739644970414202,0.8985915492957747,0.8998589562764457
7,CV17_THY_CONT,3,1,AdaBoost,878,169,0.19248291571753987,0.5,0.7177607622219528,0.8343946386693484,0.5598599944649704,0.22336774902234896,0.47307692307692306,0.727810650887574,0.9255663430420712,0.8067700987306065
7,CV17_THY_CONT,3,1,paper_ensemble,878,169,0.19248291571753987,0.5,0.7215781710914454,0.8522045384365011,0.6130909402458864,0.15291140416486843,0.4935064935064935,0.6745562130177515,0.9149922720247295,0.8349788434414669
7,CV17_THY_CONT,5,1,LogisticRegression,878,169,0.19248291571753987,0.5,0.7086363353058993,0.845352651037798,0.593883066328964,0.16562456668407552,0.4513888888888889,0.7692307692307693,0.9338983050847458,0.7771509167842031
7,CV17_THY_CONT,5,1,RandomForest,878,169,0.19248291571753987,0.5,0.7227982718511133,0.8424650103070415,0.5851987750526026,0.12337180085169687,0.5497076023391813,0.5562130177514792,0.8939179632248939,0.8913963328631875
7,CV17_THY_CONT,5,1,AdaBoost,878,169,0.19248291571753987,0.5,0.7029307673047903,0.8416220862786992,0.593769172519488,0.19545229435396308,0.4456140350877193,0.7514792899408284,0.9291736930860034,0.7771509167842031
7,CV17_THY_CONT,5,1,paper_ensemble,878,169,0.19248291571753987,0.5,0.724815634218289,0.8523380709558425,0.6095158406059059,0.15132679667721136,0.49783549783549785,0.6804733727810651,0.9165378670788253,0.8363892806770099
7,CV17_THY_CONT,2,2,LogisticRegression,878,169,0.19248291571753987,0.5,0.6820142745724282,0.8254813430033133,0.5881128356346964,0.16924123272740518,0.4201388888888889,0.7159763313609467,0.9186440677966101,0.764456981664316
7,CV17_THY_CONT,2,2,RandomForest,878,169,0.19248291571753987,0.5,0.7155034895314057,0.8237370744694168,0.5868892628147482,0.12890973630955424,0.5380116959064327,0.5443786982248521,0.8910891089108911,0.8885754583921015
7,CV17_THY_CONT,2,2,AdaBoost,878,169,0.19248291571753987,0.5,0.6867750833137557,0.829608332429207,0.57057262318666,0.19081465680233742,0.4323308270676692,0.6804733727810651,0.9117647058823529,0.7870239774330042
7,CV17_THY_CONT,2,2,paper_ensemble,878,169,0.19248291571753987,0.5,0.7163324420677362,0.8326169870056167,0.5997894833416476,0.15474535042684542,0.4889867841409692,0.6568047337278107,0.9109062980030722,0.8363892806770099
7,CV17_THY_CONT,3,2,LogisticRegression,878,169,0.19248291571753987,0.5,0.6789385399892647,0.8296458884502718,0.596898822108123,0.16302855965240134,0.41580756013745707,0.7159763313609467,0.9182282793867121,0.7602256699576869
7,CV17_THY_CONT,3,2,RandomForest,878,169,0.19248291571753987,0.5,0.7191508806912597,0.8268083224142679,0.6028764758829573,0.12526802122865463,0.543859649122807,0.5502958579881657,0.8925035360678925,0.8899858956276445
7,CV17_THY_CONT,3,2,AdaBoost,878,169,0.19248291571753987,0.5,0.7071534041636393,0.8229275335709101,0.576411557231278,0.22183713927586296,0.4672131147540984,0.6745562130177515,0.9132492113564669,0.8166431593794076
7,CV17_THY_CONT,3,2,paper_ensemble,878,169,0.19248291571753987,0.5,0.7164352694531408,0.8348286193572078,0.6123116960134947,0.15415951145740112,0.49107142857142855,0.650887573964497,0.9097859327217125,0.8392101551480959
7,CV17_THY_CONT,5,2,LogisticRegression,878,169,0.19248291571753987,0.5,0.6829116294851703,0.8251057827926657,0.584350905504103,0.16892317162281162,0.4206896551724138,0.7218934911242604,0.9200680272108843,0.763046544428773
7,CV17_THY_CONT,5,2,RandomForest,878,169,0.19248291571753987,0.5,0.7131359752516605,0.8211916108194723,0.582399722451177,0.1278914820732123,0.5317919075144508,0.5443786982248521,0.8907801418439716,0.8857545839210155
7,CV17_THY_CONT,5,2,AdaBoost,878,169,0.19248291571753987,0.5,0.6899197157882959,0.8326879261565169,0.5792829505651299,0.19587216987689327,0.4372623574144487,0.6804733727810651,0.9121951219512195,0.7912552891396333
7,CV17_THY_CONT,5,2,paper_ensemble,878,169,0.19248291571753987,0.5,0.7153111652765044,0.8312566244648267,0.5973171746549539,0.15422395649108775,0.4888888888888889,0.650887573964497,0.9096477794793262,0.8377997179125529
7,CV17_THY_CONT,2,3,LogisticRegression,878,168,0.19134396355353075,0.5,0.6923894634119663,0.8304996646545943,0.5943598788933399,0.17116184323682324,0.4336917562724014,0.7202380952380952,0.9215358931552587,0.7774647887323943
7,CV17_THY_CONT,2,3,RandomForest,878,168,0.19134396355353075,0.5,0.7157031054306853,0.8389587525150904,0.6176674290666229,0.12668732515632397,0.5248618784530387,0.5654761904761905,0.8952654232424677,0.8788732394366198
7,CV17_THY_CONT,2,3,AdaBoost,878,168,0.19134396355353075,0.5,0.6979357798165138,0.8258509389671362,0.5866382001662901,0.1902205378879558,0.44402985074626866,0.7083333333333334,0.919672131147541,0.7901408450704225
7,CV17_THY_CONT,2,3,paper_ensemble,878,168,0.19134396355353075,0.5,0.728400307102872,0.838724010731053,0.6167639021876121,0.15509552424421189,0.504424778761062,0.6785714285714286,0.9171779141104295,0.8422535211267606
7,CV17_THY_CONT,3,3,LogisticRegression,878,168,0.19134396355353075,0.5,0.6973364460463085,0.8347501676727028,0.5956795400813095,0.16452712047083456,0.4392857142857143,0.7321428571428571,0.9247491638795987,0.7788732394366197
7,CV17_THY_CONT,3,3,RandomForest,878,168,0.19134396355353075,0.5,0.72048139023228,0.8378688799463447,0.6169944337958095,0.12410572862870164,0.5300546448087432,0.5773809523809523,0.897841726618705,0.8788732394366198
7,CV17_THY_CONT,3,3,AdaBoost,878,168,0.19134396355353075,0.5,0.6937068250898037,0.826693494299128,0.5804603939442685,0.22423005501761623,0.4375,0.7083333333333334,0.9191419141914191,0.7845070422535211
7,CV17_THY_CONT,3,3,paper_ensemble,878,168,0.19134396355353075,0.5,0.728866028209573,0.8412894030851777,0.6195483465852252,0.1550843141382088,0.511520737327189,0.6607142857142857,0.913767019667171,0.8507042253521127
7,CV17_THY_CONT,5,3,LogisticRegression,878,168,0.19134396355353075,0.5,0.6833862281947556,0.8281773977196514,0.5961958013645839,0.17108686437619908,0.4229390681003584,0.7023809523809523,0.9165275459098498,0.7732394366197183
7,CV17_THY_CONT,5,3,RandomForest,878,168,0.19134396355353075,0.5,0.7300741345977275,0.8336854460093898,0.6131623577613743,0.12503502330338553,0.5542857142857143,0.5773809523809523,0.89900426742532,0.8901408450704226
7,CV17_THY_CONT,5,3,AdaBoost,878,168,0.19134396355353075,0.5,0.7072612981553925,0.8321721998658619,0.5985854718568014,0.19503027424464817,0.45660377358490567,0.7202380952380952,0.9233278955954323,0.7971830985915493
7,CV17_THY_CONT,5,3,paper_ensemble,878,168,0.19134396355353075,0.5,0.7262698843854019,0.8370556673373576,0.6175410816855819,0.15409132588794458,0.5022222222222222,0.6726190476190477,0.9157733537519143,0.8422535211267606
7,CV17_THY_CONT,2,4,LogisticRegression,878,169,0.19248291571753987,0.5,0.7010496264429908,0.8470301533120237,0.6158869116181542,0.17433295728519044,0.4368932038834951,0.7988165680473372,0.9402460456942003,0.7545839210155149
7,CV17_THY_CONT,2,4,RandomForest,878,169,0.19248291571753987,0.5,0.7264312901314142,0.8453025763430451,0.5859949882245041,0.12514794490018366,0.5444444444444444,0.5798816568047337,0.8982808022922636,0.8843441466854725
7,CV17_THY_CONT,2,4,AdaBoost,878,169,0.19248291571753987,0.5,0.7033327311534421,0.8356840620592384,0.5865241544982602,0.19332773449559595,0.44368600682593856,0.7692307692307693,0.9333333333333333,0.770098730606488
7,CV17_THY_CONT,2,4,paper_ensemble,878,169,0.19248291571753987,0.5,0.7318031069994764,0.8510277831098054,0.6129574164677035,0.1560789861910156,0.502092050209205,0.7100591715976331,0.9233176838810642,0.8321579689703809
7,CV17_THY_CONT,3,4,LogisticRegression,878,169,0.19248291571753987,0.5,0.696094566353187,0.8489413374950968,0.6202590129994546,0.16889443631553533,0.43086816720257237,0.7928994082840237,0.9382716049382716,0.7503526093088858
7,CV17_THY_CONT,3,4,RandomForest,878,169,0.19248291571753987,0.5,0.7276607359984119,0.8472638352208712,0.6014681403752085,0.12169747003901323,0.5549132947976878,0.5680473372781065,0.8964539007092198,0.8913963328631875
7,CV17_THY_CONT,3,4,AdaBoost,878,169,0.19248291571753987,0.5,0.6849722813205916,0.8259487068210082,0.6016276816735195,0.22392212236792916,0.4236111111111111,0.7218934911242604,0.9203389830508475,0.765867418899859
7,CV17_THY_CONT,3,4,paper_ensemble,878,169,0.19248291571753987,0.5,0.7246482864106782,0.8538903864931857,0.6290681020863497,0.15602629463227513,0.49572649572649574,0.6863905325443787,0.9177018633540373,0.8335684062059239
7,CV17_THY_CONT,5,4,LogisticRegression,878,169,0.19248291571753987,0.5,0.7002312286509935,0.8453443052553392,0.6098409453347134,0.1745391009601859,0.4339622641509434,0.8165680473372781,0.9446428571428571,0.7461212976022567
7,CV17_THY_CONT,5,4,RandomForest,878,169,0.19248291571753987,0.5,0.7240481321839081,0.839660827400873,0.5859788956865041,0.12375416567841502,0.5418994413407822,0.5739644970414202,0.8969957081545065,0.8843441466854725
7,CV17_THY_CONT,5,4,AdaBoost,878,169,0.19248291571753987,0.5,0.7043894839990285,0.8369734854491282,0.5945559082046672,0.19760001286878318,0.4452054794520548,0.7692307692307693,0.9334470989761092,0.771509167842031
7,CV17_THY_CONT,5,4,paper_ensemble,878,169,0.19248291571753987,0.5,0.7363788153963325,0.8488829170178851,0.6108895947454505,0.15512032417528443,0.5106382978723404,0.7100591715976331,0.9237947122861586,0.8377997179125529
7,CV17_THY_CONT,2,5,LogisticRegression,878,169,0.19248291571753987,0.5,0.6962688411168767,0.8276262090952337,0.5642892929600062,0.16061961779013464,0.4474708171206226,0.6804733727810651,0.9130434782608695,0.7997179125528914
7,CV17_THY_CONT,2,5,RandomForest,878,169,0.19248291571753987,0.5,0.6873568149641769,0.8158085811335242,0.5422893534912553,0.12941540525578704,0.5095541401273885,0.47337278106508873,0.8765603328710125,0.8913963328631875
7,CV17_THY_CONT,2,5,AdaBoost,878,169,0.19248291571753987,0.5,0.6786882893226176,0.8205364668964539,0.5630154900049587,0.18714710502184306,0.4291497975708502,0.6272189349112426,0.9001584786053882,0.8011283497884344
7,CV17_THY_CONT,2,5,paper_ensemble,878,169,0.19248291571753987,0.5,0.6948937141949384,0.8280518440006343,0.5710802478135282,0.1506747654103829,0.484375,0.5502958579881657,0.8892128279883382,0.8603667136812412
7,CV17_THY_CONT,3,5,LogisticRegression,878,169,0.19248291571753987,0.5,0.6992532712201137,0.8258235200841254,0.5643748630117595,0.1557839961305692,0.45,0.6923076923076923,0.9158576051779935,0.7983074753173484
7,CV17_THY_CONT,3,5,RandomForest,878,169,0.19248291571753987,0.5,0.7036047949255497,0.8168601497233373,0.5558595722642637,0.1271064517278691,0.5384615384615384,0.4970414201183432,0.8822714681440443,0.8984485190409027
7,CV17_THY_CONT,3,5,AdaBoost,878,169,0.19248291571753987,0.5,0.6765765522941879,0.80130361122007,0.5373024545307917,0.22269024976066584,0.4268292682926829,0.621301775147929,0.8987341772151899,0.8011283497884344
7,CV17_THY_CONT,3,5,paper_ensemble,878,169,0.19248291571753987,0.5,0.7007379693556441,0.827208919972292,0.5713330458040204,0.1517248595336028,0.49222797927461137,0.5621301775147929,0.891970802919708,0.8617771509167842
7,CV17_THY_CONT,5,5,LogisticRegression,878,169,0.19248291571753987,0.5,0.692250482621189,0.8274509476635983,0.5647703038696408,0.15966113466094964,0.4444444444444444,0.6627218934911243,0.9089456869009584,0.8025387870239774
7,CV17_THY_CONT,5,5,RandomForest,878,169,0.19248291571753987,0.5,0.6989070956775858,0.8192053145942698,0.5592454702556544,0.12712464704304885,0.525,0.4970414201183432,0.8816155988857939,0.8928067700987306
7,CV17_THY_CONT,5,5,AdaBoost,878,169,0.19248291571753987,0.5,0.6775766785155437,0.8206199247210422,0.5635361036122241,0.1922040549566715,0.4297520661157025,0.6153846153846154,0.8977987421383647,0.8053596614950634
7,CV17_THY_CONT,5,5,paper_ensemble,878,169,0.19248291571753987,0.5,0.6995065265838905,0.8306891112576259,0.5795219160515253,0.14953789620923438,0.49214659685863876,0.5562130177514792,0.8908296943231441,0.8631875881523272
7,CV17_THY_CONT,2,6,LogisticRegression,878,168,0.19134396355353075,0.5,0.697428536916376,0.8334590878604964,0.5755519690881385,0.16302771877898584,0.44881889763779526,0.6785714285714286,0.9134615384615384,0.8028169014084507
7,CV17_THY_CONT,2,6,RandomForest,878,168,0.19134396355353075,0.5,0.7028568917018284,0.8274312541918176,0.5589563117207764,0.12712473837250227,0.5472972972972973,0.48214285714285715,0.8808219178082192,0.9056338028169014
7,CV17_THY_CONT,2,6,AdaBoost,878,168,0.19134396355353075,0.5,0.7008951545681876,0.8261192152917506,0.5739532219238894,0.18459969352496572,0.45867768595041325,0.6607142857142857,0.910377358490566,0.8154929577464789
7,CV17_THY_CONT,2,6,paper_ensemble,878,168,0.19134396355353075,0.5,0.7169634783976098,0.8363262910798122,0.5870688937772649,0.15085452493369914,0.51010101010101,0.6011904761904762,0.9014705882352941,0.8633802816901408
7,CV17_THY_CONT,3,6,LogisticRegression,878,168,0.19134396355353075,0.5,0.697428536916376,0.8307679409792086,0.5749660242834594,0.15677590889227927,0.44881889763779526,0.6785714285714286,0.9134615384615384,0.8028169014084507
7,CV17_THY_CONT,3,6,RandomForest,878,168,0.19134396355353075,0.5,0.7211548225269466,0.8277498323272972,0.5717885559313987,0.12485404983735245,0.567741935483871,0.5238095238095238,0.8893499308437067,0.9056338028169014
7,CV17_THY_CONT,3,6,AdaBoost,878,168,0.19134396355353075,0.5,0.6954463206528347,0.8168259557344064,0.563689435671203,0.22047610265353593,0.448,0.6666666666666666,0.910828025477707,0.8056338028169014
7,CV17_THY_CONT,3,6,paper_ensemble,878,168,0.19134396355353075,0.5,0.7158172287482633,0.8352028839704897,0.5903117224621687,0.15196730145437412,0.5102040816326531,0.5952380952380952,0.9002932551319648,0.8647887323943662
7,CV17_THY_CONT,5,6,LogisticRegression,878,168,0.19134396355353075,0.5,0.6941433960139625,0.8314470154258887,0.5738052326756724,0.16242034601444927,0.4423076923076923,0.6845238095238095,0.9142394822006472,0.795774647887324
7,CV17_THY_CONT,5,6,RandomForest,878,168,0.19134396355353075,0.5,0.7109765499796425,0.825544936284373,0.5705905646321845,0.12529407215292906,0.551948051948052,0.5059523809523809,0.8853591160220995,0.9028169014084507
7,CV17_THY_CONT,5,6,AdaBoost,878,168,0.19134396355353075,0.5,0.6933133732534931,0.8267815224681422,0.578932574056105,0.19076755833578193,0.4444444444444444,0.6666666666666666,0.9105431309904153,0.8028169014084507
7,CV17_THY_CONT,5,6,paper_ensemble,878,168,0.19134396355353075,0.5,0.7089196352030257,0.83530348759222,0.591188550679766,0.15038384837130672,0.49748743718592964,0.5892857142857143,0.898379970544919,0.8591549295774648
7,CV17_THY_CONT,2,7,LogisticRegression,878,169,0.19248291571753987,0.5,0.6915835323872418,0.8383922684671302,0.6058448764044726,0.16959261913124746,0.4300341296928328,0.7455621301775148,0.9264957264957265,0.764456981664316
7,CV17_THY_CONT,2,7,RandomForest,878,169,0.19248291571753987,0.5,0.7240262095311782,0.8429240283422773,0.6011950564159076,0.12680365092968726,0.5351351351351351,0.5857988165680473,0.898989898989899,0.8787023977433004
7,CV17_THY_CONT,2,7,AdaBoost,878,169,0.19248291571753987,0.5,0.6892564233452442,0.8403952562572504,0.6290871781684364,0.1904875575922687,0.4306049822064057,0.7159763313609467,0.9195979899497487,0.7743300423131171
7,CV17_THY_CONT,2,7,paper_ensemble,878,169,0.19248291571753987,0.5,0.7169511313321544,0.8482402917685549,0.6255665775258559,0.1543818238083426,0.4831932773109244,0.6804733727810651,0.915625,0.8265162200282088
7,CV17_THY_CONT,3,7,LogisticRegression,878,169,0.19248291571753987,0.5,0.6903616462055429,0.8401782659133207,0.6080477376842834,0.164285385715289,0.4276094276094276,0.7514792899408284,0.927710843373494,0.7602256699576869
7,CV17_THY_CONT,3,7,RandomForest,878,169,0.19248291571753987,0.5,0.7216688641700606,0.8467630882733411,0.6155344848477806,0.12274255677285953,0.532608695652174,0.5798816568047337,0.8976945244956772,0.8787023977433004
7,CV17_THY_CONT,3,7,AdaBoost,878,169,0.19248291571753987,0.5,0.692027079167982,0.8225394546865741,0.5957544051959931,0.22384329451817603,0.44061302681992337,0.6804733727810651,0.9124797406807131,0.7940761636107193
7,CV17_THY_CONT,3,7,paper_ensemble,878,169,0.19248291571753987,0.5,0.7256024344107246,0.8490832157968972,0.6240260672485993,0.15454365187711178,0.4957627118644068,0.6923076923076923,0.9190031152647975,0.8321579689703809
7,CV17_THY_CONT,5,7,LogisticRegression,878,169,0.19248291571753987,0.5,0.6930797229304693,0.8362891312875038,0.6113752332809815,0.1694690549446072,0.43,0.7633136094674556,0.9307958477508651,0.7588152327221439
7,CV17_THY_CONT,5,7,RandomForest,878,169,0.19248291571753987,0.5,0.7169687031352927,0.8388679780672837,0.595325648600932,0.12451112051802715,0.5212765957446809,0.5798816568047337,0.8971014492753623,0.8730606488011283
7,CV17_THY_CONT,5,7,AdaBoost,878,169,0.19248291571753987,0.5,0.693846301565082,0.8418849784261524,0.6341522573882042,0.1972944169970404,0.4340277777777778,0.7396449704142012,0.9254237288135593,0.770098730606488
7,CV17_THY_CONT,5,7,paper_ensemble,878,169,0.19248291571753987,0.5,0.7140932941585689,0.8461371545889285,0.6250767232065729,0.15354858126889312,0.4847161572052402,0.6568047337278107,0.9106317411402157,0.8335684062059239
7,CV17_THY_CONT,2,8,LogisticRegression,878,169,0.19248291571753987,0.5,0.7126653171390014,0.8397693225728378,0.5854103823264218,0.17065600165510245,0.4564459930313589,0.7751479289940828,0.9357021996615905,0.7799717912552891
7,CV17_THY_CONT,2,8,RandomForest,878,169,0.19248291571753987,0.5,0.706335581937023,0.8286193572078351,0.5632335774121122,0.12994006623241108,0.5081081081081081,0.5562130177514792,0.8917748917748918,0.8716502115655853
7,CV17_THY_CONT,2,8,AdaBoost,878,169,0.19248291571753987,0.5,0.7079842850312845,0.8297168276011717,0.5661029864638001,0.18977548462555596,0.45724907063197023,0.727810650887574,0.9244663382594417,0.7940761636107193
7,CV17_THY_CONT,2,8,paper_ensemble,878,169,0.19248291571753987,0.5,0.7301469573299224,0.8396775189657906,0.592389777608068,0.15489345278540864,0.5043103448275862,0.6923076923076923,0.9195046439628483,0.8377997179125529
7,CV17_THY_CONT,3,8,LogisticRegression,878,169,0.19248291571753987,0.5,0.7180518388255983,0.8409043489872392,0.5862615585356239,0.16416210905047152,0.4645390070921986,0.7751479289940828,0.9362416107382551,0.7870239774330042
7,CV17_THY_CONT,3,8,RandomForest,878,169,0.19248291571753987,0.5,0.7121270438637757,0.8295624306256834,0.5828106082600437,0.1266094877788164,0.5222222222222223,0.5562130177514792,0.8925501432664756,0.8787023977433004
7,CV17_THY_CONT,3,8,AdaBoost,878,169,0.19248291571753987,0.5,0.7001969968918269,0.8253603291576601,0.5557215484215852,0.22183878950158092,0.45038167938931295,0.6982248520710059,0.9172077922077922,0.7968970380818053
7,CV17_THY_CONT,3,8,paper_ensemble,878,169,0.19248291571753987,0.5,0.7370548461202207,0.8423982440473706,0.6002322792282273,0.15443226315488773,0.5176991150442478,0.6923076923076923,0.9202453987730062,0.846262341325811
7,CV17_THY_CONT,5,8,LogisticRegression,878,169,0.19248291571753987,0.5,0.7083937198067634,0.8379749793441884,0.5849610260370145,0.17070902389575895,0.45017182130584193,0.7751479289940828,0.9352640545144804,0.7743300423131171
7,CV17_THY_CONT,5,8,RandomForest,878,169,0.19248291571753987,0.5,0.6969983948635634,0.8216756662020848,0.5512813133723753,0.130620524355729,0.4919786096256685,0.5443786982248521,0.8885672937771346,0.8660084626234132
7,CV17_THY_CONT,5,8,AdaBoost,878,169,0.19248291571753987,0.5,0.7195226050389363,0.8320661653633337,0.5718255025401809,0.1940845910408148,0.4734848484848485,0.7396449704142012,0.9283387622149837,0.8039492242595204
7,CV17_THY_CONT,5,8,paper_ensemble,878,169,0.19248291571753987,0.5,0.7254174666899401,0.8375076155264936,0.5870516731456127,0.15472069211051434,0.49372384937238495,0.6982248520710059,0.92018779342723,0.8293370944992948
7,CV17_THY_CONT,2,9,LogisticRegression,878,168,0.19134396355353075,0.5,0.7020461123864657,0.8330818242790072,0.5672842664916348,0.16903794469846686,0.4395973154362416,0.7797619047619048,0.9362068965517242,0.7647887323943662
7,CV17_THY_CONT,2,9,RandomForest,878,168,0.19134396355353075,0.5,0.7166079812206573,0.8412642521797451,0.5787813806090778,0.12439645022451164,0.5416666666666666,0.5416666666666666,0.8915492957746479,0.8915492957746479
7,CV17_THY_CONT,2,9,AdaBoost,878,168,0.19134396355353075,0.5,0.7000634424869454,0.8313547954393026,0.5865211829175534,0.18660304372304445,0.4473684210526316,0.7083333333333334,0.9199346405228758,0.7929577464788733
7,CV17_THY_CONT,2,9,paper_ensemble,878,168,0.19134396355353075,0.5,0.7262698843854019,0.8436535881958418,0.5937463771408391,0.15213306278948333,0.5022222222222222,0.6726190476190477,0.9157733537519143,0.8422535211267606
7,CV17_THY_CONT,3,9,LogisticRegression,878,168,0.19134396355353075,0.5,0.7030992062500521,0.8377766599597586,0.5569459536708432,0.16401729699215833,0.44107744107744107,0.7797619047619048,0.9363166953528399,0.7661971830985915
7,CV17_THY_CONT,3,9,RandomForest,878,168,0.19134396355353075,0.5,0.7043975048253566,0.8432260228034876,0.5803084244040592,0.12206862266998234,0.5207100591715976,0.5238095238095238,0.8871650211565585,0.8859154929577465
7,CV17_THY_CONT,3,9,AdaBoost,878,168,0.19134396355353075,0.5,0.703271899487808,0.8284121395036889,0.5738207087659898,0.22238775460993793,0.4524714828897338,0.7083333333333334,0.9203252032520325,0.7971830985915493
7,CV17_THY_CONT,3,9,paper_ensemble,878,168,0.19134396355353075,0.5,0.7197134744305613,0.8466465459423206,0.5898178875275982,0.15330419778111404,0.49333333333333335,0.6607142857142857,0.9127105666156202,0.8394366197183099
7,CV17_THY_CONT,5,9,LogisticRegression,878,168,0.19134396355353075,0.5,0.6982958791502082,0.8288564721663314,0.5677252947261718,0.16916347986466856,0.4358108108108108,0.7678571428571429,0.9329896907216495,0.7647887323943662
7,CV17_THY_CONT,5,9,RandomForest,878,168,0.19134396355353075,0.5,0.7154137468815545,0.8398390342052313,0.5629625399117895,0.12365594212990536,0.5384615384615384,0.5416666666666666,0.8913963328631875,0.8901408450704226
7,CV17_THY_CONT,5,9,AdaBoost,878,168,0.19134396355353075,0.5,0.7090611950319481,0.8363346747149564,0.5932820322929657,0.1923308279976656,0.45724907063197023,0.7321428571428571,0.9261083743842364,0.7943661971830986
7,CV17_THY_CONT,5,9,paper_ensemble,878,168,0.19134396355353075,0.5,0.7305220472660646,0.8429577464788733,0.5816856252721045,0.15195720903183108,0.5066079295154186,0.6845238095238095,0.9185867895545314,0.8422535211267606
7,CV17_THY_CONT,2,10,LogisticRegression,878,169,0.19248291571753987,0.5,0.6971667898497167,0.8383672311197536,0.6127489918403718,0.16709410476357725,0.4397163120567376,0.7337278106508875,0.924496644295302,0.7771509167842031
7,CV17_THY_CONT,2,10,RandomForest,878,169,0.19248291571753987,0.5,0.7325140151083387,0.832399996661687,0.5624597334326886,0.12725247565708467,0.563953488372093,0.5739644970414202,0.8980169971671388,0.8942172073342737
7,CV17_THY_CONT,2,10,AdaBoost,878,169,0.19248291571753987,0.5,0.7028046421663443,0.839489738860467,0.6165109645727792,0.18778274782911747,0.45018450184501846,0.7218934911242604,0.9225700164744646,0.7898448519040903
7,CV17_THY_CONT,2,10,paper_ensemble,878,169,0.19248291571753987,0.5,0.7328262943402426,0.843032523514242,0.6111429531613395,0.1526416441889315,0.5133928571428571,0.6804733727810651,0.9174311926605505,0.846262341325811
7,CV17_THY_CONT,3,10,LogisticRegression,878,169,0.19248291571753987,0.5,0.6959397251480265,0.8375409986563291,0.6139646520391672,0.16129697040523774,0.4370629370629371,0.7396449704142012,0.9256756756756757,0.7729196050775741
7,CV17_THY_CONT,3,10,RandomForest,878,169,0.19248291571753987,0.5,0.7336973005762815,0.8360471035961977,0.591804319578601,0.12311165405921286,0.5632183908045977,0.5798816568047337,0.8991477272727273,0.8928067700987306
7,CV17_THY_CONT,3,10,AdaBoost,878,169,0.19248291571753987,0.5,0.6911899500486723,0.8181871291342919,0.6103965413203821,0.22378654535780426,0.4426877470355731,0.6627218934911243,0.9088,0.8011283497884344
7,CV17_THY_CONT,3,10,paper_ensemble,878,169,0.19248291571753987,0.5,0.7447674418604651,0.8426152343913003,0.6211231087527179,0.15274025538134023,0.5402843601895735,0.6745562130177515,0.9175412293853074,0.8631875881523272
7,CV17_THY_CONT,5,10,LogisticRegression,878,169,0.19248291571753987,0.5,0.7003331148973351,0.8391934635831781,0.616070403633536,0.1659936409189075,0.4444444444444444,0.7337278106508875,0.9248747913188647,0.7813822284908322
7,CV17_THY_CONT,5,10,RandomForest,878,169,0.19248291571753987,0.5,0.7383832941483803,0.832500146051193,0.5746658553492813,0.12469269813532342,0.5642458100558659,0.5976331360946746,0.9027181688125894,0.8899858956276445
7,CV17_THY_CONT,5,10,AdaBoost,878,169,0.19248291571753987,0.5,0.7054224348873934,0.8417639645804992,0.6287292592996017,0.19290472025482133,0.4576923076923077,0.7041420118343196,0.919093851132686,0.8011283497884344
7,CV17_THY_CONT,5,10,paper_ensemble,878,169,0.19248291571753987,0.5,0.7305220472660646,0.8434164295073485,0.6169938183917666,0.15116418522418745,0.5088495575221239,0.6804733727810651,0.9171779141104295,0.843441466854725
7,CV17_THY_CONT,2,11,LogisticRegression,878,169,0.19248291571753987,0.5,0.6955408152054494,0.836990177014046,0.592143617587539,0.1697640640210887,0.44,0.7159763313609467,0.9203980099502488,0.7827926657263752
7,CV17_THY_CONT,2,11,RandomForest,878,169,0.19248291571753987,0.5,0.7179569547060713,0.8410462272890393,0.5821011242451566,0.12646846988480456,0.5406976744186046,0.5502958579881657,0.8923512747875354,0.8885754583921015
7,CV17_THY_CONT,2,11,AdaBoost,878,169,0.19248291571753987,0.5,0.7043459960012628,0.83552966508375,0.5761107370211704,0.1892488750681146,0.4559386973180077,0.7041420118343196,0.9189627228525121,0.7997179125528914
7,CV17_THY_CONT,2,11,paper_ensemble,878,169,0.19248291571753987,0.5,0.7265587397579856,0.8453025763430451,0.6041721022112891,0.1541407631941141,0.5091743119266054,0.6568047337278107,0.9121212121212121,0.849083215796897
7,CV17_THY_CONT,3,11,LogisticRegression,878,169,0.19248291571753987,0.5,0.7022678978875099,0.8360554493786565,0.5833985782481517,0.1642618060461511,0.44642857142857145,0.7396449704142012,0.9264214046822743,0.7813822284908322
7,CV17_THY_CONT,3,11,RandomForest,878,169,0.19248291571753987,0.5,0.7179569547060713,0.8375409986563291,0.5884066518832296,0.12444660111754867,0.5406976744186046,0.5502958579881657,0.8923512747875354,0.8885754583921015
7,CV17_THY_CONT,3,11,AdaBoost,878,169,0.19248291571753987,0.5,0.6981865375846223,0.8322581183598868,0.5531133371312673,0.22476575991277933,0.4482758620689655,0.6923076923076923,0.9157212317666127,0.7968970380818053
7,CV17_THY_CONT,3,11,paper_ensemble,878,169,0.19248291571753987,0.5,0.7201126222858506,0.8442593535356907,0.6017150842831924,0.1554239147538601,0.5047169811320755,0.6331360946745562,0.9069069069069069,0.8519040902679831
7,CV17_THY_CONT,5,11,LogisticRegression,878,169,0.19248291571753987,0.5,0.7031339466999685,0.8378831757371412,0.5938122592239026,0.16905509538214375,0.44680851063829785,0.7455621301775148,0.9278523489932886,0.7799717912552891
7,CV17_THY_CONT,5,11,RandomForest,878,169,0.19248291571753987,0.5,0.7300930541708208,0.8358468048171855,0.5914591049838366,0.12540931133924188,0.5614035087719298,0.5680473372781065,0.8967468175388967,0.8942172073342737
7,CV17_THY_CONT,5,11,AdaBoost,878,169,0.19248291571753987,0.5,0.7135851836262233,0.839489738860467,0.5838714249846766,0.19486719530435773,0.4674329501915709,0.7218934911242604,0.9238249594813615,0.8039492242595204
7,CV17_THY_CONT,5,11,paper_ensemble,878,169,0.19248291571753987,0.5,0.7245079004067629,0.8443344655778202,0.6088519233313078,0.1535449808339178,0.5093457943925234,0.6449704142011834,0.9096385542168675,0.8519040902679831
7,CV17_THY_CONT,2,12,LogisticRegression,878,168,0.19134396355353075,0.5,0.6973364460463085,0.8218477531857814,0.5777450233327176,0.17083615863920032,0.4392857142857143,0.7321428571428571,0.9247491638795987,0.7788732394366197
7,CV17_THY_CONT,2,12,RandomForest,878,168,0.19134396355353075,0.5,0.7083351387264035,0.8203386988598256,0.5662312457001809,0.1299985173918341,0.52,0.5416666666666666,0.8904694167852063,0.8816901408450705
7,CV17_THY_CONT,2,12,AdaBoost,878,168,0.19134396355353075,0.5,0.6876416137054435,0.8200159289067739,0.5719307056519496,0.19210579482432122,0.43014705882352944,0.6964285714285714,0.9158415841584159,0.7816901408450704
7,CV17_THY_CONT,2,12,paper_ensemble,878,168,0.19134396355353075,0.5,0.7097349120775409,0.8269617706237425,0.5854416915549252,0.1562576276098322,0.47619047619047616,0.6547619047619048,0.910355486862442,0.8295774647887324
7,CV17_THY_CONT,3,12,LogisticRegression,878,168,0.19134396355353075,0.5,0.6911996329994647,0.8204141515761233,0.5702360516990217,0.16691093714763558,0.43109540636042404,0.7261904761904762,0.9226890756302522,0.7732394366197183
7,CV17_THY_CONT,3,12,RandomForest,878,168,0.19134396355353075,0.5,0.7143176896055045,0.8234741784037558,0.5806376255497738,0.12716189626500649,0.5317919075144508,0.5476190476190477,0.8921985815602836,0.8859154929577465
7,CV17_THY_CONT,3,12,AdaBoost,878,168,0.19134396355353075,0.5,0.6941433960139625,0.8113388665325285,0.5624737900464934,0.220657037015674,0.4423076923076923,0.6845238095238095,0.9142394822006472,0.795774647887324
7,CV17_THY_CONT,3,12,paper_ensemble,878,168,0.19134396355353075,0.5,0.7218557361896882,0.8294600938967136,0.5891591982091224,0.1560460863046353,0.49557522123893805,0.6666666666666666,0.9141104294478528,0.8394366197183099
7,CV17_THY_CONT,5,12,LogisticRegression,878,168,0.19134396355353075,0.5,0.6952322613578357,0.8224765258215962,0.5829667207085105,0.17046377898828277,0.43617021276595747,0.7321428571428571,0.924496644295302,0.776056338028169
7,CV17_THY_CONT,5,12,RandomForest,878,168,0.19134396355353075,0.5,0.7053933765107342,0.8199111334674714,0.5509364400941695,0.1284756533727017,0.5272727272727272,0.5178571428571429,0.8863955119214586,0.8901408450704226
7,CV17_THY_CONT,5,12,AdaBoost,878,168,0.19134396355353075,0.5,0.6887823185988324,0.8193745808182429,0.5725838685232508,0.19626101928353945,0.43283582089552236,0.6904761904761905,0.9147540983606557,0.7859154929577464
7,CV17_THY_CONT,5,12,paper_ensemble,878,168,0.19134396355353075,0.5,0.711107749328694,0.8275486250838363,0.5887133957529341,0.15503083239399232,0.48623853211009177,0.6309523809523809,0.906060606060606,0.8422535211267606
7,CV17_THY_CONT,2,13,LogisticRegression,878,169,0.19248291571753987,0.5,0.6935764769392376,0.8298962619240366,0.5911058805559173,0.1672208274761547,0.43795620437956206,0.7100591715976331,0.9188741721854304,0.7827926657263752
7,CV17_THY_CONT,2,13,RandomForest,878,169,0.19248291571753987,0.5,0.7079174983366601,0.8346867410554076,0.5565621194702072,0.12732126634487267,0.5333333333333333,0.5207100591715976,0.8863955119214586,0.8913963328631875
7,CV17_THY_CONT,2,13,AdaBoost,878,169,0.19248291571753987,0.5,0.692027079167982,0.8349329416379432,0.5834755211403382,0.18576192394545188,0.44061302681992337,0.6804733727810651,0.9124797406807131,0.7940761636107193
7,CV17_THY_CONT,2,13,paper_ensemble,878,169,0.19248291571753987,0.5,0.7078114095223245,0.8408793116398627,0.5959688159854443,0.15220026031794115,0.48598130841121495,0.6153846153846154,0.9021084337349398,0.844851904090268
7,CV17_THY_CONT,3,13,LogisticRegression,878,169,0.19248291571753987,0.5,0.6926549580541976,0.8332679580374058,0.5888173497712629,0.16126058015258143,0.4375,0.7041420118343196,0.9174917491749175,0.7842031029619182
7,CV17_THY_CONT,3,13,RandomForest,878,169,0.19248291571753987,0.5,0.7114750622780517,0.8375493444387878,0.5782574925909973,0.12347600903204765,0.5432098765432098,0.5207100591715976,0.8868715083798883,0.8956276445698167
7,CV17_THY_CONT,3,13,AdaBoost,878,169,0.19248291571753987,0.5,0.6951068083763022,0.834870348269502,0.5781539794404154,0.221849882031654,0.4444444444444444,0.6863905325443787,0.9141004862236629,0.7954866008462623
7,CV17_THY_CONT,3,13,paper_ensemble,878,169,0.19248291571753987,0.5,0.7167606776425675,0.8422062910508173,0.5992248497695495,0.15256219838357007,0.5,0.6272189349112426,0.9054054054054054,0.8504936530324401
7,CV17_THY_CONT,5,13,LogisticRegression,878,169,0.19248291571753987,0.5,0.6904323417656523,0.8283522921691524,0.589329030316315,0.16667418206195542,0.4332129963898917,0.7100591715976331,0.9184692179700499,0.7785613540197461
7,CV17_THY_CONT,5,13,RandomForest,878,169,0.19248291571753987,0.5,0.712804863894112,0.8362140192453744,0.5792668563157974,0.12418480939821887,0.5426829268292683,0.5266272189349113,0.8879551820728291,0.8942172073342737
7,CV17_THY_CONT,5,13,AdaBoost,878,169,0.19248291571753987,0.5,0.6911265302514695,0.8366229625858573,0.5934232627609983,0.19114210932139375,0.44140625,0.6686390532544378,0.909967845659164,0.7983074753173484
7,CV17_THY_CONT,5,13,paper_ensemble,878,169,0.19248291571753987,0.5,0.7144900058760999,0.8414968995418165,0.6048042032750542,0.150919995934067,0.4953271028037383,0.6272189349112426,0.9051204819277109,0.847672778561354
7,CV17_THY_CONT,2,14,LogisticRegression,878,169,0.19248291571753987,0.5,0.710771933677391,0.8555178140726585,0.5967872726671325,0.16691118134128882,0.45454545454545453,0.7692307692307693,0.9341216216216216,0.7799717912552891
7,CV17_THY_CONT,2,14,RandomForest,878,169,0.19248291571753987,0.5,0.7097129702194357,0.8361389072032449,0.5758205076990532,0.12777568440868248,0.5195530726256983,0.5502958579881657,0.8912732474964234,0.8787023977433004
7,CV17_THY_CONT,2,14,AdaBoost,878,169,0.19248291571753987,0.5,0.6935764769392376,0.831598801545639,0.5806279588745531,0.1874066972667587,0.43795620437956206,0.7100591715976331,0.9188741721854304,0.7827926657263752
7,CV17_THY_CONT,2,14,paper_ensemble,878,169,0.19248291571753987,0.5,0.7225541421401118,0.8501932048639219,0.5982863828565634,0.15309087642760794,0.49356223175965663,0.6804733727810651,0.9162790697674419,0.8335684062059239
7,CV17_THY_CONT,3,14,LogisticRegression,878,169,0.19248291571753987,0.5,0.7129158555820412,0.8552006743392226,0.6014884693079198,0.16024062508628897,0.45774647887323944,0.7692307692307693,0.9343434343434344,0.7827926657263752
7,CV17_THY_CONT,3,14,RandomForest,878,169,0.19248291571753987,0.5,0.7192473250522691,0.8418307308401699,0.5943492985335759,0.12358992946877562,0.536723163841808,0.5621301775147929,0.8944365192582026,0.8843441466854725
7,CV17_THY_CONT,3,14,AdaBoost,878,169,0.19248291571753987,0.5,0.695942641850914,0.8227856552691097,0.5682629757530976,0.22275776166880562,0.44360902255639095,0.6982248520710059,0.9166666666666666,0.7912552891396333
7,CV17_THY_CONT,3,14,paper_ensemble,878,169,0.19248291571753987,0.5,0.7275666039194153,0.8543994792231746,0.6108018625137122,0.1534362475266786,0.509090909090909,0.6627218934911243,0.9133738601823708,0.847672778561354
7,CV17_THY_CONT,5,14,LogisticRegression,878,169,0.19248291571753987,0.5,0.7033327311534421,0.8536650503667971,0.5961993317967548,0.16620714684032997,0.44368600682593856,0.7692307692307693,0.9333333333333333,0.770098730606488
7,CV17_THY_CONT,5,14,RandomForest,878,169,0.19248291571753987,0.5,0.719009238906154,0.8375326528738701,0.5835160124421274,0.12420827657367696,0.5515151515151515,0.5384615384615384,0.8906030855539971,0.8956276445698167
7,CV17_THY_CONT,5,14,AdaBoost,878,169,0.19248291571753987,0.5,0.6906742193976236,0.8331469441917526,0.5879339874800422,0.19357623410566593,0.4354243542435424,0.6982248520710059,0.9159802306425041,0.7842031029619182
7,CV17_THY_CONT,5,14,paper_ensemble,878,169,0.19248291571753987,0.5,0.719825806209408,0.8508191385483346,0.6058735201610388,0.1516469622116802,0.497737556561086,0.650887573964497,0.9101978691019786,0.843441466854725
10,CV17,2,0,LogisticRegression,523,192,0.367112810707457,0.5,0.7706256088615309,0.8507049345417925,0.755205166402887,0.18359835553057383,0.6926829268292682,0.7395833333333334,0.8427672955974843,0.8096676737160121
10,CV17,2,0,RandomForest,523,192,0.367112810707457,0.5,0.7842112501719158,0.8612946878147029,0.7915767884385243,0.14334437538265826,0.7253886010362695,0.7291666666666666,0.8424242424242424,0.8398791540785498
10,CV17,2,0,AdaBoost,523,192,0.367112810707457,0.5,0.7928777844435818,0.8645361278952668,0.7875032474439794,0.1871121529163979,0.7333333333333333,0.7447916666666666,0.850609756097561,0.8429003021148036
10,CV17,2,0,paper_ensemble,523,192,0.367112810707457,0.5,0.7805734944105273,0.8653386203423967,0.7858836858327721,0.16397371778733566,0.717948717948718,0.7291666666666666,0.8414634146341463,0.8338368580060423
10,CV17,3,0,LogisticRegression,523,192,0.367112810707457,0.5,0.773312693498452,0.8517591893252769,0.7616148887372156,0.15521535814974963,0.6923076923076923,0.75,0.8476190476190476,0.8066465256797583
10,CV17,3,0,RandomForest,523,192,0.367112810707457,0.5,0.7860334843907351,0.8632615810674723,0.7860886041511989,0.14221564688980148,0.7291666666666666,0.7291666666666666,0.8429003021148036,0.8429003021148036
10,CV17,3,0,AdaBoost,523,192,0.367112810707457,0.5,0.7769443564069757,0.8557559164149042,0.7801738296562142,0.21636974731539044,0.7106598984771574,0.7291666666666666,0.8404907975460123,0.8277945619335347
10,CV17,3,0,paper_ensemble,523,192,0.367112810707457,0.5,0.777407703871459,0.8641899546827796,0.7817222697314582,0.15732306217679978,0.7085427135678392,0.734375,0.8425925925925926,0.824773413897281
10,CV17,5,0,LogisticRegression,523,192,0.367112810707457,0.5,0.7706256088615309,0.8540879909365559,0.7643013992872526,0.16035494270034376,0.6926829268292682,0.7395833333333334,0.8427672955974843,0.8096676737160121
10,CV17,5,0,RandomForest,523,192,0.367112810707457,0.5,0.7837387616223432,0.8639853977844915,0.7856076609169195,0.14200123098591277,0.7277486910994765,0.7239583333333334,0.8403614457831325,0.8429003021148036
10,CV17,5,0,AdaBoost,523,192,0.367112810707457,0.5,0.7615585144313386,0.8562043680765357,0.7801734047443367,0.21816472757952257,0.6865671641791045,0.71875,0.8322981366459627,0.8096676737160121
10,CV17,5,0,paper_ensemble,523,192,0.367112810707457,0.5,0.7892226487148486,0.866377139979859,0.783546081052088,0.160449690893858,0.7258883248730964,0.7447916666666666,0.8496932515337423,0.8368580060422961
10,CV17,2,1,LogisticRegression,523,193,0.3690248565965583,0.5,0.7833870225494708,0.856743601821322,0.790465177880593,0.18613898314248423,0.695852534562212,0.7823834196891192,0.8627450980392157,0.8
10,CV17,2,1,RandomForest,523,193,0.3690248565965583,0.5,0.7910443174134858,0.8605903595540901,0.8028553598781836,0.14822661268673945,0.7069767441860465,0.7875647668393783,0.8668831168831169,0.8090909090909091
10,CV17,2,1,AdaBoost,523,193,0.3690248565965583,0.5,0.7833870225494708,0.8700737949442613,0.8189096416473397,0.18780864127353894,0.695852534562212,0.7823834196891192,0.8627450980392157,0.8
10,CV17,2,1,paper_ensemble,523,193,0.3690248565965583,0.5,0.7979821389944687,0.8689276181504161,0.8136861708569354,0.1676397274674245,0.722488038277512,0.7823834196891192,0.8662420382165605,0.8242424242424242
10,CV17,3,1,LogisticRegression,523,193,0.3690248565965583,0.5,0.7912969121140142,0.8606531637619721,0.8036540562537337,0.15469578656217034,0.6929824561403509,0.8186528497409327,0.8813559322033898,0.7878787878787878
10,CV17,3,1,RandomForest,523,193,0.3690248565965583,0.5,0.7870259389022067,0.8608729784895588,0.8032307398093649,0.14799194156970605,0.7023255813953488,0.7823834196891192,0.8636363636363636,0.806060606060606
10,CV17,3,1,AdaBoost,523,193,0.3690248565965583,0.5,0.782224484130656,0.8638954309938766,0.8193823839793362,0.21894714518898226,0.7014218009478673,0.7668393782383419,0.8557692307692307,0.8090909090909091
10,CV17,3,1,paper_ensemble,523,193,0.3690248565965583,0.5,0.7855777151943598,0.8688177107866227,0.8168237733856015,0.16137555498698974,0.6972477064220184,0.7875647668393783,0.8655737704918033,0.8
10,CV17,5,1,LogisticRegression,523,193,0.3690248565965583,0.5,0.7848261359826898,0.8608729784895588,0.800467345245316,0.16239835133552305,0.6888888888888889,0.8031088082901554,0.87248322147651,0.7878787878787878
10,CV17,5,1,RandomForest,523,193,0.3690248565965583,0.5,0.7819407946325772,0.8585492227979272,0.80419844490244,0.1491046254135164,0.6909090909090909,0.7875647668393783,0.8646864686468647,0.793939393939394
10,CV17,5,1,AdaBoost,523,193,0.3690248565965583,0.5,0.7862573640541624,0.8645784267545926,0.8187115112943005,0.2204600109155133,0.7061611374407583,0.772020725388601,0.8589743589743589,0.8121212121212121
10,CV17,5,1,paper_ensemble,523,193,0.3690248565965583,0.5,0.7815698220204226,0.8683466792275083,0.8166651964934704,0.1659284644919585,0.6926605504587156,0.7823834196891192,0.8622950819672132,0.796969696969697
10,CV17,2,2,LogisticRegression,522,192,0.367816091954023,0.5,0.7961936550710436,0.8708491161616161,0.8072167628304165,0.18434746421675632,0.7008928571428571,0.8177083333333334,0.8825503355704698,0.796969696969697
10,CV17,2,2,RandomForest,522,192,0.367816091954023,0.5,0.7728818127562905,0.8660353535353537,0.7815683321632826,0.14935978824012566,0.6820276497695853,0.7708333333333334,0.8557377049180328,0.7909090909090909
10,CV17,2,2,AdaBoost,522,192,0.367816091954023,0.5,0.7532085653993843,0.8417692550505049,0.7496334053193963,0.19387538321959108,0.6575342465753424,0.75,0.8415841584158416,0.7727272727272727
10,CV17,2,2,paper_ensemble,522,192,0.367816091954023,0.5,0.7791028698930522,0.8678977272727273,0.7897597998745414,0.1692475509569271,0.6880733944954128,0.78125,0.8618421052631579,0.793939393939394
10,CV17,3,2,LogisticRegression,522,192,0.367816091954023,0.5,0.795007682541377,0.8725694444444444,0.810274628637986,0.15234733945751336,0.6943231441048034,0.828125,0.8873720136518771,0.7878787878787878
10,CV17,3,2,RandomForest,522,192,0.367816091954023,0.5,0.7801425838984524,0.8687657828282829,0.7813554283555273,0.14710117946164505,0.6948356807511737,0.7708333333333334,0.8576051779935275,0.803030303030303
10,CV17,3,2,AdaBoost,522,192,0.367816091954023,0.5,0.7725820505373221,0.8527304292929293,0.7664650102515539,0.21851825517591592,0.672566371681416,0.7916666666666666,0.8648648648648649,0.7757575757575758
10,CV17,3,2,paper_ensemble,522,192,0.367816091954023,0.5,0.7882012493875552,0.8737058080808082,0.7991651778209723,0.16060077591785443,0.6919642857142857,0.8072916666666666,0.8758389261744967,0.7909090909090909
10,CV17,5,2,LogisticRegression,522,192,0.367816091954023,0.5,0.7931759650112007,0.8707859848484849,0.8050687627726094,0.16091034243612576,0.691304347826087,0.828125,0.886986301369863,0.7848484848484848
10,CV17,5,2,RandomForest,522,192,0.367816091954023,0.5,0.7716579630927173,0.866824494949495,0.7785167471053535,0.14720512009992395,0.6872037914691943,0.7552083333333334,0.8488745980707395,0.8
10,CV17,5,2,AdaBoost,522,192,0.367816091954023,0.5,0.7780297661233168,0.8547979797979799,0.7661205922682232,0.21878483228382936,0.6816143497757847,0.7916666666666666,0.8662207357859532,0.7848484848484848
10,CV17,5,2,paper_ensemble,522,192,0.367816091954023,0.5,0.7812986473864462,0.8729166666666668,0.7986046526281766,0.1647641678874733,0.6894977168949772,0.7864583333333334,0.8646864686468647,0.793939393939394
10,CV17,2,3,LogisticRegression,523,192,0.367112810707457,0.5,0.777360681114551,0.8547488670694864,0.8066043325771124,0.18305459519476946,0.6971153846153846,0.7552083333333334,0.8507936507936508,0.8096676737160121
10,CV17,2,3,RandomForest,523,192,0.367112810707457,0.5,0.7868645038093871,0.8561807653575024,0.7914288681766495,0.14939171676322005,0.7121951219512195,0.7604166666666666,0.8553459119496856,0.8217522658610272
10,CV17,2,3,AdaBoost,523,192,0.367112810707457,0.5,0.7696996384536943,0.8564639979859012,0.8013447077657709,0.1909776275469139,0.6857142857142857,0.75,0.8466453674121406,0.8006042296072508
10,CV17,2,3,paper_ensemble,523,192,0.367112810707457,0.5,0.7935526315789474,0.8623804128902316,0.8127692556109679,0.1677872493682053,0.7163461538461539,0.7760416666666666,0.8634920634920635,0.8217522658610272
10,CV17,3,3,LogisticRegression,523,192,0.367112810707457,0.5,0.7677406511286025,0.8601460221550856,0.8165141288780985,0.15244596046419273,0.6727272727272727,0.7708333333333334,0.8547854785478548,0.7824773413897281
10,CV17,3,3,RandomForest,523,192,0.367112810707457,0.5,0.778745056335459,0.8580847180261831,0.7913292776527547,0.148356545614114,0.7024390243902439,0.75,0.8490566037735849,0.8157099697885196
10,CV17,3,3,AdaBoost,523,192,0.367112810707457,0.5,0.773312693498452,0.8496270770392749,0.8105082295923107,0.22112263538215463,0.6923076923076923,0.75,0.8476190476190476,0.8066465256797583
10,CV17,3,3,paper_ensemble,523,192,0.367112810707457,0.5,0.7880785245958577,0.864662009063444,0.8171170496882555,0.160733202373669,0.7061611374407583,0.7760416666666666,0.8621794871794872,0.8126888217522659
10,CV17,5,3,LogisticRegression,523,192,0.367112810707457,0.5,0.7789891818796484,0.8600201409869084,0.8127429067998532,0.15948225354764883,0.6898148148148148,0.7760416666666666,0.8599348534201955,0.797583081570997
10,CV17,5,3,RandomForest,523,192,0.367112810707457,0.5,0.7876819578959577,0.8560076787512587,0.7851087946099155,0.14928599333025844,0.7081339712918661,0.7708333333333334,0.8598726114649682,0.8157099697885196
10,CV17,5,3,AdaBoost,523,192,0.367112810707457,0.5,0.7697103600918057,0.8511927240684793,0.8118397853011677,0.2226171334901219,0.6965174129353234,0.7291666666666666,0.8385093167701864,0.8157099697885196
10,CV17,5,3,paper_ensemble,523,192,0.367112810707457,0.5,0.7917261110788919,0.8644731873111782,0.8134896429434999,0.16484502974213183,0.7129186602870813,0.7760416666666666,0.8630573248407644,0.8187311178247734
10,CV17,2,4,LogisticRegression,523,193,0.3690248565965583,0.5,0.7469074191694643,0.854592557701366,0.7696355669758504,0.18802304614606513,0.6382978723404256,0.7772020725388601,0.8506944444444444,0.7424242424242424
10,CV17,2,4,RandomForest,523,193,0.3690248565965583,0.5,0.7553075625095873,0.8449364107395195,0.738150689175346,0.1592650674457285,0.663594470046083,0.7461139896373057,0.8398692810457516,0.7787878787878788
10,CV17,2,4,AdaBoost,523,193,0.3690248565965583,0.5,0.7573178153050357,0.8604019469304444,0.7599351530391949,0.19727119008674868,0.6563876651982379,0.772020725388601,0.8513513513513513,0.7636363636363637
10,CV17,2,4,paper_ensemble,523,193,0.3690248565965583,0.5,0.7571017874894928,0.8592400690846286,0.7615483286504173,0.17405115755588826,0.6666666666666666,0.7461139896373057,0.8403908794788274,0.7818181818181819
10,CV17,3,4,LogisticRegression,523,193,0.3690248565965583,0.5,0.7494161809367513,0.8606374627100015,0.7759123288764144,0.1599010614971521,0.6386554621848739,0.7875647668393783,0.856140350877193,0.7393939393939394
10,CV17,3,4,RandomForest,523,193,0.3690248565965583,0.5,0.7535145698028622,0.8395195478097033,0.7301395497318786,0.16078103907271604,0.6605504587155964,0.7461139896373057,0.839344262295082,0.7757575757575758
10,CV17,3,4,AdaBoost,523,193,0.3690248565965583,0.5,0.7501289207061821,0.8533050714397864,0.761206640247586,0.22046326050275308,0.645021645021645,0.772020725388601,0.8493150684931506,0.7515151515151515
10,CV17,3,4,paper_ensemble,523,193,0.3690248565965583,0.5,0.7548789108119737,0.8588632438373371,0.7618004602855581,0.166964576849513,0.6651162790697674,0.7409326424870466,0.8376623376623377,0.7818181818181819
10,CV17,5,4,LogisticRegression,523,193,0.3690248565965583,0.5,0.749759822777466,0.8609985869053227,0.7755773660989599,0.16599821180776753,0.6375,0.7927461139896373,0.8586572438162544,0.7363636363636363
10,CV17,5,4,RandomForest,523,193,0.3690248565965583,0.5,0.7490720945139387,0.8395195478097032,0.7244103788049013,0.16070786718563584,0.6574074074074074,0.7357512953367875,0.8338762214983714,0.7757575757575758
10,CV17,5,4,AdaBoost,523,193,0.3690248565965583,0.5,0.7533394188346265,0.8541450777202072,0.7586043206692508,0.22178100071763443,0.6519823788546255,0.7668393782383419,0.847972972972973,0.7606060606060606
10,CV17,5,4,paper_ensemble,523,193,0.3690248565965583,0.5,0.7512962110753183,0.8590359554090125,0.7579382988803459,0.17014161647044268,0.6589861751152074,0.7409326424870466,0.8366013071895425,0.7757575757575758
10,CV17,2,5,LogisticRegression,522,192,0.367816091954023,0.5,0.7816864248777571,0.8619949494949495,0.767152899644959,0.1815211195712298,0.7114427860696517,0.7447916666666666,0.8473520249221184,0.8242424242424242
10,CV17,2,5,RandomForest,522,192,0.367816091954023,0.5,0.788982244768548,0.8702178030303032,0.8094970891436526,0.1389839705884807,0.7393617021276596,0.7239583333333334,0.8413173652694611,0.8515151515151516
10,CV17,2,5,AdaBoost,522,192,0.367816091954023,0.5,0.7780499697684851,0.8601483585858586,0.7962316078598085,0.1846854289886601,0.7044334975369458,0.7447916666666666,0.8463949843260188,0.8181818181818182
10,CV17,2,5,paper_ensemble,522,192,0.367816091954023,0.5,0.7903680488841992,0.8705176767676768,0.8033345035309454,0.16157598275245316,0.7319587628865979,0.7395833333333334,0.8475609756097561,0.8424242424242424
10,CV17,3,5,LogisticRegression,522,192,0.367816091954023,0.5,0.7857670524501355,0.8652777777777778,0.7793615021393075,0.1478222085068494,0.7164179104477612,0.75,0.8504672897196262,0.8272727272727273
10,CV17,3,5,RandomForest,522,192,0.367816091954023,0.5,0.7856860986547085,0.871322601010101,0.8118943801277604,0.13776827868249428,0.7431693989071039,0.7083333333333334,0.8348082595870207,0.8575757575757575
10,CV17,3,5,AdaBoost,522,192,0.367816091954023,0.5,0.7635611089418196,0.8564236111111112,0.7899598157033433,0.21596534130054298,0.6881188118811881,0.7239583333333334,0.834375,0.8090909090909091
10,CV17,3,5,paper_ensemble,522,192,0.367816091954023,0.5,0.784432409472231,0.8720801767676768,0.8045023907910303,0.15362594564337528,0.7230769230769231,0.734375,0.8440366972477065,0.8363636363636363
10,CV17,5,5,LogisticRegression,522,192,0.367816091954023,0.5,0.7825499593162006,0.8647253787878788,0.777189240846344,0.15637930166755037,0.7073170731707317,0.7552083333333334,0.8517350157728707,0.8181818181818182
10,CV17,5,5,RandomForest,522,192,0.367816091954023,0.5,0.7908147677901879,0.8655618686868687,0.8067541224338125,0.13993479858237748,0.7433155080213903,0.7239583333333334,0.8417910447761194,0.8545454545454545
10,CV17,5,5,AdaBoost,522,192,0.367816091954023,0.5,0.7635611089418196,0.8574337121212121,0.7912501415178043,0.21806597556206475,0.6881188118811881,0.7239583333333334,0.834375,0.8090909090909091
10,CV17,5,5,paper_ensemble,522,192,0.367816091954023,0.5,0.7967505575023892,0.8687026515151515,0.801063271942025,0.1588132914077657,0.7384615384615385,0.75,0.8532110091743119,0.8454545454545455
10,CV17,2,6,LogisticRegression,523,192,0.367112810707457,0.5,0.7721132897603485,0.8567472306142999,0.7647996806661645,0.18351238187595104,0.6652360515021459,0.8072916666666666,0.8724137931034482,0.7643504531722054
10,CV17,2,6,RandomForest,523,192,0.367112810707457,0.5,0.7757400513795445,0.8525616817724068,0.764971972512369,0.15318734186901053,0.670995670995671,0.8072916666666666,0.8732876712328768,0.770392749244713
10,CV17,2,6,AdaBoost,523,192,0.367112810707457,0.5,0.7767262451217071,0.8475264350453172,0.7560273365594414,0.18800627397300826,0.6666666666666666,0.8229166666666666,0.8811188811188811,0.7613293051359517
10,CV17,2,6,paper_ensemble,523,192,0.367112810707457,0.5,0.7876476592708961,0.8572507552870091,0.7691837208425297,0.16758570577119106,0.683982683982684,0.8229166666666666,0.8835616438356164,0.7794561933534743
10,CV17,3,6,LogisticRegression,523,192,0.367112810707457,0.5,0.7706348486223271,0.8544656344410876,0.7635078923810128,0.15831388951051228,0.6610169491525424,0.8125,0.8745644599303136,0.7583081570996979
10,CV17,3,6,RandomForest,523,192,0.367112810707457,0.5,0.7854994531534816,0.8510825780463243,0.7617141880696738,0.15410692262762712,0.6826086956521739,0.8177083333333334,0.8805460750853242,0.7794561933534743
10,CV17,3,6,AdaBoost,523,192,0.367112810707457,0.5,0.7684903882896414,0.8385337990936557,0.7555878484071624,0.21430298809548995,0.6595744680851063,0.8072916666666666,0.8715277777777778,0.7583081570996979
10,CV17,3,6,paper_ensemble,523,192,0.367112810707457,0.5,0.7785439917732813,0.8559447381671702,0.7691500722964806,0.1624874124035183,0.6694915254237288,0.8229166666666666,0.8815331010452961,0.7643504531722054
10,CV17,5,6,LogisticRegression,523,192,0.367112810707457,0.5,0.7673347207141996,0.8557873867069486,0.7646841591428184,0.1636821379921409,0.6541666666666667,0.8177083333333334,0.8763250883392226,0.7492447129909365
10,CV17,5,6,RandomForest,523,192,0.367112810707457,0.5,0.7703013781614417,0.8500125881168177,0.7541962047372096,0.15449709723413144,0.6623931623931624,0.8072916666666666,0.8719723183391004,0.7613293051359517
10,CV17,5,6,AdaBoost,523,192,0.367112810707457,0.5,0.7670114768951979,0.838675415407855,0.7580589753342255,0.21500361084681455,0.6554621848739496,0.8125,0.8736842105263158,0.7522658610271903
10,CV17,5,6,paper_ensemble,523,192,0.367112810707457,0.5,0.7803626760696598,0.8555041540785497,0.7662744248148755,0.16607508742764499,0.6723404255319149,0.8229166666666666,0.8819444444444444,0.7673716012084593
10,CV17,2,7,LogisticRegression,523,193,0.3690248565965583,0.5,0.7472404260666163,0.8529439472444654,0.7761199347700063,0.18625710996330383,0.6634615384615384,0.7150259067357513,0.8253968253968254,0.7878787878787878
10,CV17,2,7,RandomForest,523,193,0.3690248565965583,0.5,0.745438844402575,0.8498508400062804,0.7693896188637969,0.1538845366123117,0.6787564766839378,0.6787564766839378,0.8121212121212121,0.8121212121212121
10,CV17,2,7,AdaBoost,523,193,0.3690248565965583,0.5,0.757756319673418,0.853124509342126,0.7673896596584051,0.19086944239758233,0.694300518134715,0.694300518134715,0.8212121212121212,0.8212121212121212
10,CV17,2,7,paper_ensemble,523,193,0.3690248565965583,0.5,0.7447336053571778,0.8578740775631968,0.7810921349831208,0.17027372974553534,0.6717171717171717,0.689119170984456,0.8153846153846154,0.803030303030303
10,CV17,3,7,LogisticRegression,523,193,0.3690248565965583,0.5,0.7562335085996033,0.8537761029989009,0.7834133917108106,0.15666883851802343,0.6698113207547169,0.7357512953367875,0.8360128617363344,0.7878787878787878
10,CV17,3,7,RandomForest,523,193,0.3690248565965583,0.5,0.7413330193122939,0.8503532736693359,0.7634522356709569,0.15316272089291372,0.6735751295336787,0.6735751295336787,0.8090909090909091,0.8090909090909091
10,CV17,3,7,AdaBoost,523,193,0.3690248565965583,0.5,0.7607094112537999,0.8442926676087298,0.7732951877286954,0.2192397500131638,0.6829268292682927,0.7253886010362695,0.8333333333333334,0.803030303030303
10,CV17,3,7,paper_ensemble,523,193,0.3690248565965583,0.5,0.7525978658725727,0.8582037996545768,0.7840460060098132,0.16377793568865529,0.6731707317073171,0.7150259067357513,0.8270440251572327,0.796969696969697
10,CV17,5,7,LogisticRegression,523,193,0.3690248565965583,0.5,0.761618924013473,0.8541843303501334,0.7808989510965941,0.16311680468495132,0.6794258373205742,0.7357512953367875,0.8375796178343949,0.796969696969697
10,CV17,5,7,RandomForest,523,193,0.3690248565965583,0.5,0.7354577642893272,0.8452661328308998,0.759421507902036,0.15532224138450335,0.6649484536082474,0.6683937823834197,0.8054711246200608,0.803030303030303
10,CV17,5,7,AdaBoost,523,193,0.3690248565965583,0.5,0.7539014952653172,0.8420395666509656,0.7670589970182426,0.22062298260037766,0.6782178217821783,0.7098445595854922,0.8255451713395638,0.803030303030303
10,CV17,5,7,paper_ensemble,523,193,0.3690248565965583,0.5,0.7556911961633085,0.8560056523787094,0.780614740886422,0.16828133598945097,0.681592039800995,0.7098445595854922,0.8260869565217391,0.806060606060606
10,CV17,2,8,LogisticRegression,522,192,0.367816091954023,0.5,0.7680082120986867,0.8483743686868688,0.7898966919770654,0.18404604898065813,0.7025641025641025,0.7135416666666666,0.8318042813455657,0.8242424242424242
10,CV17,2,8,RandomForest,522,192,0.367816091954023,0.5,0.7667424374890714,0.8565025252525252,0.7946817585229566,0.1478333101558637,0.6859903381642513,0.7395833333333334,0.8412698412698413,0.803030303030303
10,CV17,2,8,AdaBoost,522,192,0.367816091954023,0.5,0.7707833450952717,0.8547979797979799,0.7947419579035213,0.1898788590944041,0.702020202020202,0.7239583333333334,0.8364197530864198,0.8212121212121212
10,CV17,2,8,paper_ensemble,522,192,0.367816091954023,0.5,0.7757907067551738,0.8605429292929294,0.805794783772527,0.16665722123344867,0.7029702970297029,0.7395833333333334,0.84375,0.8181818181818182
10,CV17,3,8,LogisticRegression,522,192,0.367816091954023,0.5,0.7717141741507224,0.8496054292929293,0.79066827437985,0.15483612345244804,0.698019801980198,0.734375,0.840625,0.8151515151515152
10,CV17,3,8,RandomForest,522,192,0.367816091954023,0.5,0.7594845763373682,0.8568339646464647,0.7896720507802761,0.14715649801998823,0.6831683168316832,0.71875,0.83125,0.806060606060606
10,CV17,3,8,AdaBoost,522,192,0.367816091954023,0.5,0.757999119939653,0.84765625,0.7827027504408006,0.21988645056581832,0.6887755102040817,0.703125,0.8251533742331288,0.8151515151515152
10,CV17,3,8,paper_ensemble,522,192,0.367816091954023,0.5,0.7766910653662749,0.8588068181818181,0.8007575282050081,0.1601909869716082,0.7106598984771574,0.7291666666666666,0.84,0.8272727272727273
10,CV17,5,8,LogisticRegression,522,192,0.367816091954023,0.5,0.7712532865907099,0.8515625,0.7932738114238223,0.16058215033309023,0.7,0.7291666666666666,0.8385093167701864,0.8181818181818182
10,CV17,5,8,RandomForest,522,192,0.367816091954023,0.5,0.757999119939653,0.8559343434343434,0.7868748466418082,0.14748722818170476,0.6887755102040817,0.703125,0.8251533742331288,0.8151515151515152
10,CV17,5,8,AdaBoost,522,192,0.367816091954023,0.5,0.7776057973053787,0.8576862373737373,0.7958579101723199,0.2195272335341108,0.7064676616915423,0.7395833333333334,0.8442367601246106,0.8212121212121212
10,CV17,5,8,paper_ensemble,522,192,0.367816091954023,0.5,0.7775568181818182,0.861221590909091,0.804016737237169,0.16364282104368785,0.71875,0.71875,0.8363636363636363,0.8363636363636363
10,CV17,2,9,LogisticRegression,523,192,0.367112810707457,0.5,0.7727599558585474,0.8534271148036253,0.7613562875286839,0.18544922400540048,0.6837209302325581,0.765625,0.8538961038961039,0.7945619335347432
10,CV17,2,9,RandomForest,523,192,0.367112810707457,0.5,0.7647160604907084,0.8533012336354481,0.7576836519132192,0.15198273200958537,0.6744186046511628,0.7552083333333334,0.8474025974025974,0.7885196374622356
10,CV17,2,9,AdaBoost,523,192,0.367112810707457,0.5,0.7800397840295539,0.8530022658610272,0.7535957102321239,0.1896200345353266,0.6738197424892703,0.8177083333333334,0.8793103448275862,0.770392749244713
10,CV17,2,9,paper_ensemble,523,192,0.367112810707457,0.5,0.7731611734406005,0.858367950654582,0.7694222469092099,0.16903936310687878,0.6820276497695853,0.7708333333333334,0.8562091503267973,0.7915407854984894
10,CV17,3,9,LogisticRegression,523,192,0.367112810707457,0.5,0.7855777151943598,0.8596897029204431,0.7697344396638369,0.15615239046310964,0.6940639269406392,0.7916666666666666,0.868421052631579,0.797583081570997
10,CV17,3,9,RandomForest,523,192,0.367112810707457,0.5,0.7665178571428571,0.8535215256797584,0.7588485726580768,0.15192608314032058,0.677570093457944,0.7552083333333334,0.8478964401294499,0.7915407854984894
10,CV17,3,9,AdaBoost,523,192,0.367112810707457,0.5,0.7710619573450876,0.8478726082578045,0.7573486100134182,0.21696190005438137,0.6696035242290749,0.7916666666666666,0.8648648648648649,0.7734138972809668
10,CV17,3,9,paper_ensemble,523,192,0.367112810707457,0.5,0.7601357549073564,0.8608855740181269,0.7738130337648554,0.1624663724142995,0.6621621621621622,0.765625,0.8504983388704319,0.7734138972809668
10,CV17,5,9,LogisticRegression,523,192,0.367112810707457,0.5,0.7801244419984101,0.8592333836858005,0.769346723968656,0.16271096366000565,0.6846846846846847,0.7916666666666666,0.867109634551495,0.7885196374622356
10,CV17,5,9,RandomForest,523,192,0.367112810707457,0.5,0.7701258443601369,0.8532697633434039,0.7640988363846951,0.1519816268280752,0.6839622641509434,0.7552083333333334,0.8488745980707395,0.797583081570997
10,CV17,5,9,AdaBoost,523,192,0.367112810707457,0.5,0.7717708487490941,0.8488403197381671,0.7557623242223737,0.21747963957294533,0.6666666666666666,0.8020833333333334,0.8698630136986302,0.7673716012084593
10,CV17,5,9,paper_ensemble,523,192,0.367112810707457,0.5,0.7641334923255672,0.8608383685800604,0.7747356344484148,0.16628527472626958,0.6666666666666666,0.7708333333333334,0.8538205980066446,0.7764350453172205
10,CV17,2,10,LogisticRegression,523,193,0.3690248565965583,0.5,0.8038585706276944,0.8716281990893389,0.7969530376634985,0.178787580751344,0.7307692307692307,0.7875647668393783,0.8698412698412699,0.8303030303030303
10,CV17,2,10,RandomForest,523,193,0.3690248565965583,0.5,0.7902902439776688,0.8696655675930286,0.7916326376144622,0.14307396474198103,0.7109004739336493,0.7772020725388601,0.8621794871794872,0.8151515151515152
10,CV17,2,10,AdaBoost,523,193,0.3690248565965583,0.5,0.7870259389022067,0.8705369759773904,0.8093087220436255,0.182697549340071,0.7023255813953488,0.7823834196891192,0.8636363636363636,0.806060606060606
10,CV17,2,10,paper_ensemble,523,193,0.3690248565965583,0.5,0.7946967364532019,0.8770764641230963,0.8112432913338858,0.161771960554967,0.7136150234741784,0.7875647668393783,0.867741935483871,0.8151515151515152
10,CV17,3,10,LogisticRegression,523,193,0.3690248565965583,0.5,0.800913589645984,0.8748940178991993,0.809343533618777,0.14509245321595718,0.719626168224299,0.7979274611398963,0.8737864077669902,0.8181818181818182
10,CV17,3,10,RandomForest,523,193,0.3690248565965583,0.5,0.7840419250643502,0.8671376982257811,0.7877291946288874,0.14313298347134512,0.7047619047619048,0.7668393782383419,0.8562300319488818,0.8121212121212121
10,CV17,3,10,AdaBoost,523,193,0.3690248565965583,0.5,0.7844378960343599,0.8573323912702151,0.7867645108601065,0.21689768851004732,0.7028301886792453,0.772020725388601,0.8585209003215434,0.8090909090909091
10,CV17,3,10,paper_ensemble,523,193,0.3690248565965583,0.5,0.8049355373299035,0.8766368346679227,0.8110581573390672,0.15517720078238867,0.7242990654205608,0.8031088082901554,0.8770226537216829,0.8212121212121212
10,CV17,5,10,LogisticRegression,523,193,0.3690248565965583,0.5,0.8030994529473231,0.8736693358455018,0.8044625540053139,0.1539978802844877,0.7209302325581395,0.8031088082901554,0.8766233766233766,0.8181818181818182
10,CV17,5,10,RandomForest,523,193,0.3690248565965583,0.5,0.7957702642618261,0.8669492856021352,0.786721601855773,0.14306723143281677,0.7211538461538461,0.7772020725388601,0.8634920634920635,0.8242424242424242
10,CV17,5,10,AdaBoost,523,193,0.3690248565965583,0.5,0.7840419250643502,0.858305856492385,0.7881315541473,0.21706147473779877,0.7047619047619048,0.7668393782383419,0.8562300319488818,0.8121212121212121
10,CV17,5,10,paper_ensemble,523,193,0.3690248565965583,0.5,0.8020224962145792,0.8763385146804835,0.809067242091925,0.1597433677652203,0.7272727272727273,0.7875647668393783,0.8694267515923567,0.8272727272727273
10,CV17,2,11,LogisticRegression,522,192,0.367816091954023,0.5,0.7680403408102938,0.8559974747474748,0.796556799347496,0.18530545747633334,0.6807511737089202,0.7552083333333334,0.8478964401294499,0.793939393939394
10,CV17,2,11,RandomForest,522,192,0.367816091954023,0.5,0.7558922558922558,0.8532828282828282,0.783414177147527,0.1507133571307134,0.6764705882352942,0.71875,0.8301886792452831,0.8
10,CV17,2,11,AdaBoost,522,192,0.367816091954023,0.5,0.7523064237596653,0.8537957702020201,0.7887879056248287,0.1893818802636702,0.6699029126213593,0.71875,0.8291139240506329,0.793939393939394
10,CV17,2,11,paper_ensemble,522,192,0.367816091954023,0.5,0.7770962732919254,0.8605587121212122,0.8011414376512845,0.16792975048606001,0.6971153846153846,0.7552083333333334,0.8503184713375797,0.8090909090909091
10,CV17,3,11,LogisticRegression,522,192,0.367816091954023,0.5,0.7660313751029555,0.8583333333333334,0.7996732392920963,0.1551251709414946,0.6681614349775785,0.7760416666666666,0.8561872909698997,0.7757575757575758
10,CV17,3,11,RandomForest,522,192,0.367816091954023,0.5,0.7589989983723551,0.8533775252525253,0.7825008960258447,0.14975938809306563,0.685,0.7135416666666666,0.8291925465838509,0.8090909090909091
10,CV17,3,11,AdaBoost,522,192,0.367816091954023,0.5,0.7653639145882436,0.8548453282828283,0.7929318744052859,0.22083623219614226,0.6915422885572139,0.7239583333333334,0.8348909657320872,0.8121212121212121
10,CV17,3,11,paper_ensemble,522,192,0.367816091954023,0.5,0.7554921551700777,0.8621843434343434,0.804131206999243,0.16164043332002498,0.6682464454976303,0.734375,0.8360128617363344,0.7878787878787878
10,CV17,5,11,LogisticRegression,522,192,0.367816091954023,0.5,0.7700308387764092,0.8592171717171717,0.7986643591729322,0.16174728110376235,0.672645739910314,0.78125,0.8595317725752508,0.7787878787878788
10,CV17,5,11,RandomForest,522,192,0.367816091954023,0.5,0.7640291806958474,0.8528566919191918,0.7789587872025019,0.1508282678303012,0.6862745098039216,0.7291666666666666,0.8364779874213837,0.806060606060606
10,CV17,5,11,AdaBoost,522,192,0.367816091954023,0.5,0.7597961134119147,0.8527698863636364,0.7932857061072667,0.22123129352661627,0.6923076923076923,0.703125,0.8256880733944955,0.8181818181818182
10,CV17,5,11,paper_ensemble,522,192,0.367816091954023,0.5,0.7613335193192914,0.8616319444444446,0.8023126754842234,0.1656865905967329,0.6761904761904762,0.7395833333333334,0.8397435897435898,0.793939393939394
10,CV17,2,12,LogisticRegression,523,192,0.367112810707457,0.5,0.7880785245958577,0.8632930513595167,0.7942302335743389,0.18367409770605359,0.7061611374407583,0.7760416666666666,0.8621794871794872,0.8126888217522659
10,CV17,2,12,RandomForest,523,192,0.367112810707457,0.5,0.7900899742429733,0.867903449144008,0.7931435853440926,0.14430905123512394,0.7213930348258707,0.7552083333333334,0.8540372670807453,0.8308157099697885
10,CV17,2,12,AdaBoost,523,192,0.367112810707457,0.5,0.7804086978293947,0.8551501132930514,0.7672358722577063,0.1901443423618219,0.6948356807511737,0.7708333333333334,0.8580645161290322,0.8036253776435045
10,CV17,2,12,paper_ensemble,523,192,0.367112810707457,0.5,0.8101032106548005,0.8693668177240684,0.7988880252475041,0.16617630650632928,0.7333333333333333,0.8020833333333334,0.8785942492012779,0.8308157099697885
10,CV17,3,12,LogisticRegression,523,192,0.367112810707457,0.5,0.7852057129039316,0.8671638972809668,0.8040312959360835,0.151559925661636,0.695852534562212,0.7864583333333334,0.8660130718954249,0.8006042296072508
10,CV17,3,12,RandomForest,523,192,0.367112810707457,0.5,0.7964093301360904,0.8713966515609264,0.7939879556287437,0.14161901146404565,0.7277227722772277,0.765625,0.8598130841121495,0.8338368580060423
10,CV17,3,12,AdaBoost,523,192,0.367112810707457,0.5,0.7819407946325772,0.855205186304129,0.7650977856923128,0.21842936610041896,0.6877828054298643,0.7916666666666666,0.8675496688741722,0.7915407854984894
10,CV17,3,12,paper_ensemble,523,192,0.367112810707457,0.5,0.8064217636716943,0.8723564954682779,0.800591792262468,0.1577414183490535,0.7264150943396226,0.8020833333333334,0.8778135048231511,0.824773413897281
10,CV17,5,12,LogisticRegression,523,192,0.367112810707457,0.5,0.7965254906492556,0.8657319989929506,0.7996509369198885,0.1596237869576515,0.7136150234741784,0.7916666666666666,0.8709677419354839,0.8157099697885196
10,CV17,5,12,RandomForest,523,192,0.367112810707457,0.5,0.8000764525993884,0.8696028449144009,0.7870168080439728,0.14216672964941185,0.735,0.765625,0.8606811145510835,0.8398791540785498
10,CV17,5,12,AdaBoost,523,192,0.367112810707457,0.5,0.7870259389022067,0.8562515735146021,0.765736268192491,0.21786218036704103,0.6990740740740741,0.7864583333333334,0.8664495114006515,0.8036253776435045
10,CV17,5,12,paper_ensemble,523,192,0.367112810707457,0.5,0.8064217636716943,0.8718215005035246,0.7974331101276728,0.16199114634235942,0.7264150943396226,0.8020833333333334,0.8778135048231511,0.824773413897281
10,CV17,2,13,LogisticRegression,523,193,0.3690248565965583,0.5,0.773312693498452,0.8558800439629454,0.7741501224433405,0.1829100914301936,0.6956521739130435,0.7461139896373057,0.8449367088607594,0.8090909090909091
10,CV17,2,13,RandomForest,523,193,0.3690248565965583,0.5,0.7828549493936641,0.8644214162348878,0.7950657909857154,0.14390887567400681,0.7230769230769231,0.7305699481865285,0.8414634146341463,0.8363636363636363
10,CV17,2,13,AdaBoost,523,193,0.3690248565965583,0.5,0.783756163015665,0.8665018056209767,0.7902879662483722,0.18627395242464467,0.7185929648241206,0.7409326424870466,0.845679012345679,0.8303030303030303
10,CV17,2,13,paper_ensemble,523,193,0.3690248565965583,0.5,0.7886868686868687,0.8688020097346523,0.7987064443467156,0.16408369975858328,0.7192118226600985,0.7564766839378239,0.853125,0.8272727272727273
10,CV17,3,13,LogisticRegression,523,193,0.3690248565965583,0.5,0.7815698220204226,0.8624587847385775,0.7864714306062436,0.1508629431677106,0.6926605504587156,0.7823834196891192,0.8622950819672132,0.796969696969697
10,CV17,3,13,RandomForest,523,193,0.3690248565965583,0.5,0.7809882747068677,0.8614068142565553,0.7874798428537597,0.1452234883968855,0.7073170731707317,0.7512953367875648,0.8490566037735849,0.8181818181818182
10,CV17,3,13,AdaBoost,523,193,0.3690248565965583,0.5,0.7733234415571738,0.8612105511069241,0.7987298090301215,0.21649669537346156,0.7070707070707071,0.7253886010362695,0.8369230769230769,0.8242424242424242
10,CV17,3,13,paper_ensemble,523,193,0.3690248565965583,0.5,0.782224484130656,0.8682367718637147,0.8005688066840272,0.15756288682204692,0.7014218009478673,0.7668393782383419,0.8557692307692307,0.8090909090909091
10,CV17,5,13,LogisticRegression,523,193,0.3690248565965583,0.5,0.768321103214499,0.8609357826974406,0.7815596172221979,0.15865473141439268,0.6839622641509434,0.7512953367875648,0.8456591639871383,0.796969696969697
10,CV17,5,13,RandomForest,523,193,0.3690248565965583,0.5,0.777360681114551,0.8567121997173812,0.7687511191411842,0.147350611848709,0.7004830917874396,0.7512953367875648,0.8481012658227848,0.8121212121212121
10,CV17,5,13,AdaBoost,523,193,0.3690248565965583,0.5,0.7783079585447898,0.8629612184016329,0.7984556227401128,0.2187467076556615,0.7079207920792079,0.7409326424870466,0.8442367601246106,0.8212121212121212
10,CV17,5,13,paper_ensemble,523,193,0.3690248565965583,0.5,0.7804086978293947,0.8653634793531166,0.7895672373865756,0.16267212427666763,0.6981132075471698,0.7668393782383419,0.8553054662379421,0.806060606060606
10,CV17,2,14,LogisticRegression,522,192,0.367816091954023,0.5,0.7706714761376249,0.8604166666666666,0.7901247869961103,0.18519126382230225,0.6805555555555556,0.765625,0.8529411764705882,0.7909090909090909
10,CV17,2,14,RandomForest,522,192,0.367816091954023,0.5,0.745152740968057,0.8428977272727274,0.7720445416637255,0.15907438530256487,0.6571428571428571,0.71875,0.8269230769230769,0.7818181818181819
10,CV17,2,14,AdaBoost,522,192,0.367816091954023,0.5,0.7393849084429152,0.84224273989899,0.772722912994694,0.192446626817948,0.6409090909090909,0.734375,0.8311258278145696,0.7606060606060606
10,CV17,2,14,paper_ensemble,522,192,0.367816091954023,0.5,0.7545782463928967,0.8536458333333333,0.7886660410848606,0.17164942699149735,0.6620370370370371,0.7447916666666666,0.8398692810457516,0.7787878787878788
10,CV17,3,14,LogisticRegression,522,192,0.367816091954023,0.5,0.756622896189064,0.8619002525252526,0.7929902112995837,0.15520287793610477,0.6548672566371682,0.7708333333333334,0.8513513513513513,0.7636363636363637
10,CV17,3,14,RandomForest,522,192,0.367816091954023,0.5,0.7330171572046311,0.8425820707070706,0.7687806059629511,0.15859582092757413,0.6428571428571429,0.703125,0.8173076923076923,0.7727272727272727
10,CV17,3,14,AdaBoost,522,192,0.367816091954023,0.5,0.7407234853589512,0.8346590909090909,0.7628402755805783,0.21947607414076079,0.6451612903225806,0.7291666666666666,0.8295081967213115,0.7666666666666667
10,CV17,3,14,paper_ensemble,522,192,0.367816091954023,0.5,0.7581728616211375,0.8577178030303031,0.7934157652319657,0.1647350780715017,0.6682242990654206,0.7447916666666666,0.8409090909090909,0.7848484848484848
10,CV17,5,14,LogisticRegression,522,192,0.367816091954023,0.5,0.7580324477560481,0.8630366161616162,0.795117988996965,0.16182873707740533,0.6591928251121076,0.765625,0.8494983277591973,0.7696969696969697
10,CV17,5,14,RandomForest,522,192,0.367816091954023,0.5,0.7352848952667784,0.8407039141414142,0.7678735464691882,0.15861930956832762,0.6445497630331753,0.7083333333333334,0.819935691318328,0.7727272727272727
10,CV17,5,14,AdaBoost,522,192,0.367816091954023,0.5,0.7456130589440644,0.8356691919191919,0.7662420742954756,0.22037147364646087,0.6470588235294118,0.7447916666666666,0.8372093023255814,0.7636363636363637
10,CV17,5,14,paper_ensemble,522,192,0.367816091954023,0.5,0.7640062597809076,0.8565025252525252,0.790584558772134,0.1682193260527116,0.676056338028169,0.75,0.8446601941747572,0.7909090909090909
10,CV17_THY_CONT,2,0,LogisticRegression,523,192,0.367112810707457,0.5,0.7746853325984948,0.8531124118831822,0.7677768217577108,0.15975488147612923,0.697560975609756,0.7447916666666666,0.8459119496855346,0.8126888217522659
10,CV17_THY_CONT,2,0,RandomForest,523,192,0.367112810707457,0.5,0.7792213883677298,0.8587298590130916,0.7887724109716969,0.14531744648151615,0.7121212121212122,0.734375,0.8430769230769231,0.8277945619335347
10,CV17_THY_CONT,2,0,AdaBoost,523,192,0.367112810707457,0.5,0.783756163015665,0.8592884566968781,0.7833218297379391,0.1961945981334445,0.715,0.7447916666666666,0.848297213622291,0.8277945619335347
10,CV17_THY_CONT,2,0,paper_ensemble,523,192,0.367112810707457,0.5,0.7769325020162541,0.863230110775428,0.7852927871184059,0.1592917818308514,0.6990291262135923,0.75,0.8485804416403786,0.8126888217522659
10,CV17_THY_CONT,3,0,LogisticRegression,523,192,0.367112810707457,0.5,0.782375702424702,0.8539621097683787,0.7699436242600208,0.15641074002765898,0.7093596059113301,0.75,0.85,0.8217522658610272
10,CV17_THY_CONT,3,0,RandomForest,523,192,0.367112810707457,0.5,0.7931555927787084,0.8547646022155085,0.7779858193187625,0.14695181837111285,0.7184466019417476,0.7708333333333334,0.861198738170347,0.824773413897281
10,CV17_THY_CONT,3,0,AdaBoost,523,192,0.367112810707457,0.5,0.7886868686868687,0.8598155840886204,0.7818531619267728,0.19143648668246105,0.7156862745098039,0.7604166666666666,0.8557993730407524,0.824773413897281
10,CV17_THY_CONT,3,0,paper_ensemble,523,192,0.367112810707457,0.5,0.7836378047130237,0.8620814451158106,0.7811251429332124,0.15681772063051144,0.7033492822966507,0.765625,0.856687898089172,0.8126888217522659
10,CV17_THY_CONT,5,0,LogisticRegression,523,192,0.367112810707457,0.5,0.7828047800724229,0.8563538519637461,0.7734908808504287,0.1532121941510306,0.7073170731707317,0.7552083333333334,0.8522012578616353,0.8187311178247734
10,CV17_THY_CONT,5,0,RandomForest,523,192,0.367112810707457,0.5,0.7805594405594405,0.8600201409869083,0.788353845525101,0.1467473140333517,0.7058823529411765,0.75,0.8495297805642633,0.8187311178247734
10,CV17_THY_CONT,5,0,AdaBoost,523,192,0.367112810707457,0.5,0.7737862829220392,0.8556300352467271,0.7783375937000648,0.20887598697205265,0.7014925373134329,0.734375,0.8416149068322981,0.8187311178247734
10,CV17_THY_CONT,5,0,paper_ensemble,523,192,0.367112810707457,0.5,0.7850440473974812,0.8638123111782476,0.7861432411303839,0.15939080377535486,0.7087378640776699,0.7604166666666666,0.8548895899053628,0.8187311178247734
10,CV17_THY_CONT,2,1,LogisticRegression,523,193,0.3690248565965583,0.5,0.786646994010515,0.8633223425969541,0.8042596906236394,0.16110100400138247,0.6919642857142857,0.8031088082901554,0.8729096989966555,0.7909090909090909
10,CV17_THY_CONT,2,1,RandomForest,523,193,0.3690248565965583,0.5,0.788467094239325,0.8580310880829016,0.7998358542515542,0.15109526895682918,0.7075471698113207,0.7772020725388601,0.8617363344051447,0.8121212121212121
10,CV17_THY_CONT,2,1,AdaBoost,523,193,0.3690248565965583,0.5,0.7757495941931334,0.8704820222954938,0.8219657589532025,0.19736604578858974,0.684931506849315,0.7772020725388601,0.8585526315789473,0.7909090909090909
10,CV17_THY_CONT,2,1,paper_ensemble,523,193,0.3690248565965583,0.5,0.7855777151943598,0.8691631339299734,0.8181619256388697,0.16303451724365794,0.6972477064220184,0.7875647668393783,0.8655737704918033,0.8
10,CV17_THY_CONT,3,1,LogisticRegression,523,193,0.3690248565965583,0.5,0.7848261359826898,0.8644685193907992,0.8065934960298387,0.15721067668920222,0.6888888888888889,0.8031088082901554,0.87248322147651,0.7878787878787878
10,CV17_THY_CONT,3,1,RandomForest,523,193,0.3690248565965583,0.5,0.7852057129039316,0.8523002041136756,0.7800778455831849,0.15360801918457287,0.6990740740740741,0.7823834196891192,0.8631921824104235,0.803030303030303
10,CV17_THY_CONT,3,1,AdaBoost,523,193,0.3690248565965583,0.5,0.7852057129039316,0.8678677971424086,0.8161703347041529,0.18976756010557344,0.6990740740740741,0.7823834196891192,0.8631921824104235,0.803030303030303
10,CV17_THY_CONT,3,1,paper_ensemble,523,193,0.3690248565965583,0.5,0.7859418809695939,0.8682995760715969,0.8152755295115319,0.16007629377383614,0.6954545454545454,0.7927461139896373,0.8679867986798679,0.796969696969697
10,CV17_THY_CONT,5,1,LogisticRegression,523,193,0.3690248565965583,0.5,0.7778923739610508,0.8652535719893233,0.8087855317245676,0.15421859033621987,0.6753246753246753,0.8082901554404145,0.8732876712328768,0.7727272727272727
10,CV17_THY_CONT,5,1,RandomForest,523,193,0.3690248565965583,0.5,0.788467094239325,0.8577013659915212,0.7998985494802517,0.1524016098606557,0.7075471698113207,0.7772020725388601,0.8617363344051447,0.8121212121212121
10,CV17_THY_CONT,5,1,AdaBoost,523,193,0.3690248565965583,0.5,0.7745689655172414,0.8614225153085258,0.8159999303363902,0.21157979336469013,0.6901408450704225,0.7616580310880829,0.8516129032258064,0.8
10,CV17_THY_CONT,5,1,paper_ensemble,523,193,0.3690248565965583,0.5,0.7801244419984101,0.8684251844873607,0.8181490914166908,0.1637980258680848,0.6877828054298643,0.7875647668393783,0.8642384105960265,0.7909090909090909
10,CV17_THY_CONT,2,2,LogisticRegression,522,192,0.367816091954023,0.5,0.7931759650112007,0.8732007575757575,0.8094032508560378,0.15998049642678747,0.691304347826087,0.828125,0.886986301369863,0.7848484848484848
10,CV17_THY_CONT,2,2,RandomForest,522,192,0.367816091954023,0.5,0.7658106435643564,0.8663825757575757,0.7938343365331942,0.14930021295275478,0.6792452830188679,0.75,0.8451612903225807,0.793939393939394
10,CV17_THY_CONT,2,2,AdaBoost,522,192,0.367816091954023,0.5,0.7580324477560481,0.8440656565656567,0.7538270430702558,0.1977840044344172,0.6591928251121076,0.765625,0.8494983277591973,0.7696969696969697
10,CV17_THY_CONT,2,2,paper_ensemble,522,192,0.367816091954023,0.5,0.782728400954654,0.8714804292929292,0.8032349078960832,0.163016169936218,0.6828193832599119,0.8072916666666666,0.8745762711864407,0.7818181818181819
10,CV17_THY_CONT,3,2,LogisticRegression,522,192,0.367816091954023,0.5,0.7913454620207627,0.8721906565656566,0.8080617201122289,0.15648514214564258,0.6883116883116883,0.828125,0.8865979381443299,0.7818181818181819
10,CV17_THY_CONT,3,2,RandomForest,522,192,0.367816091954023,0.5,0.774030302449863,0.8614741161616162,0.7768038621895932,0.15191336280300452,0.6771300448430493,0.7864583333333334,0.862876254180602,0.7818181818181819
10,CV17_THY_CONT,3,2,AdaBoost,522,192,0.367816091954023,0.5,0.7598343685300207,0.8439393939393939,0.7536517712150951,0.19151517079859195,0.6621621621621622,0.765625,0.85,0.7727272727272727
10,CV17_THY_CONT,3,2,paper_ensemble,522,192,0.367816091954023,0.5,0.7769230769230768,0.8678977272727273,0.7934918487876992,0.16066140075060212,0.6754385964912281,0.8020833333333334,0.8707482993197279,0.7757575757575758
10,CV17_THY_CONT,5,2,LogisticRegression,522,192,0.367816091954023,0.5,0.7825164760245436,0.868386994949495,0.8015010319817683,0.15525810617311026,0.6722689075630253,0.8333333333333334,0.8873239436619719,0.7636363636363637
10,CV17_THY_CONT,5,2,RandomForest,522,192,0.367816091954023,0.5,0.7616374331838083,0.8703440656565655,0.7957044872061708,0.1490587877017212,0.665158371040724,0.765625,0.8504983388704319,0.7757575757575758
10,CV17_THY_CONT,5,2,AdaBoost,522,192,0.367816091954023,0.5,0.7576313396238723,0.8493923611111112,0.7638461925729917,0.20828292180179658,0.6606334841628959,0.7604166666666666,0.8471760797342193,0.7727272727272727
10,CV17_THY_CONT,5,2,paper_ensemble,522,192,0.367816091954023,0.5,0.7860286934702243,0.8723011363636364,0.8060494627663135,0.1627126507506196,0.6905829596412556,0.8020833333333334,0.8729096989966555,0.7909090909090909
10,CV17_THY_CONT,2,3,LogisticRegression,523,192,0.367112810707457,0.5,0.7804086978293947,0.8631986404833837,0.8177092676654968,0.1578384246980648,0.6948356807511737,0.7708333333333334,0.8580645161290322,0.8036253776435045
10,CV17_THY_CONT,2,3,RandomForest,523,192,0.367112810707457,0.5,0.8001883231903801,0.8597998489425982,0.7971237769151585,0.14928882789931278,0.7203791469194313,0.7916666666666666,0.8717948717948718,0.8217522658610272
10,CV17_THY_CONT,2,3,AdaBoost,523,192,0.367112810707457,0.5,0.7791735908550356,0.8585016993957704,0.809922989987142,0.1981822381742779,0.7004830917874396,0.7552083333333334,0.8512658227848101,0.8126888217522659
10,CV17_THY_CONT,2,3,paper_ensemble,523,192,0.367112810707457,0.5,0.8023888837481878,0.8677933031218529,0.820538962350724,0.16173101759779226,0.7216981132075472,0.796875,0.8745980707395499,0.8217522658610272
10,CV17_THY_CONT,3,3,LogisticRegression,523,192,0.367112810707457,0.5,0.776781903542467,0.8633245216515609,0.8176580208149989,0.1543504884575381,0.6883720930232559,0.7708333333333334,0.8571428571428571,0.797583081570997
10,CV17_THY_CONT,3,3,RandomForest,523,192,0.367112810707457,0.5,0.7892205593917085,0.8548904833836858,0.7832766618285677,0.15183309106900003,0.7004608294930875,0.7916666666666666,0.869281045751634,0.8036253776435045
10,CV17_THY_CONT,3,3,AdaBoost,523,192,0.367112810707457,0.5,0.777360681114551,0.8573766364551862,0.8022520595300933,0.19121773719990104,0.6971153846153846,0.7552083333333334,0.8507936507936508,0.8096676737160121
10,CV17_THY_CONT,3,3,paper_ensemble,523,192,0.367112810707457,0.5,0.7855777151943598,0.8655274420946626,0.8140146167616427,0.15923568769422933,0.6940639269406392,0.7916666666666666,0.868421052631579,0.797583081570997
10,CV17_THY_CONT,5,3,LogisticRegression,523,192,0.367112810707457,0.5,0.7655382493246738,0.8627423212487413,0.816272058196162,0.15206529344587516,0.6712328767123288,0.765625,0.8519736842105263,0.7824773413897281
10,CV17_THY_CONT,5,3,RandomForest,523,192,0.367112810707457,0.5,0.803484755164573,0.8626007049345418,0.8051521825459782,0.1501184215028312,0.7294685990338164,0.7864583333333334,0.870253164556962,0.8308157099697885
10,CV17_THY_CONT,5,3,AdaBoost,523,192,0.367112810707457,0.5,0.7660929644366306,0.8551894511581066,0.810662668576395,0.21140692691109356,0.6792452830188679,0.75,0.8456591639871383,0.7945619335347432
10,CV17_THY_CONT,5,3,paper_ensemble,523,192,0.367112810707457,0.5,0.7921151241273652,0.867793303121853,0.8215730706077103,0.16213386192870133,0.7109004739336493,0.78125,0.8653846153846154,0.8157099697885196
10,CV17_THY_CONT,2,4,LogisticRegression,523,193,0.3690248565965583,0.5,0.7533623828117632,0.8606688648139426,0.7795997706787586,0.16562832973921682,0.6428571428571429,0.7927461139896373,0.8596491228070176,0.7424242424242424
10,CV17_THY_CONT,2,4,RandomForest,523,193,0.3690248565965583,0.5,0.7588972893232528,0.8417804992934527,0.7515416499251991,0.15793407542869148,0.6697674418604651,0.7461139896373057,0.8409090909090909,0.7848484848484848
10,CV17_THY_CONT,2,4,AdaBoost,523,193,0.3690248565965583,0.5,0.7674451306413301,0.8569634165489088,0.760572381618298,0.2038735458631015,0.6666666666666666,0.7875647668393783,0.8610169491525423,0.7696969696969697
10,CV17_THY_CONT,2,4,paper_ensemble,523,193,0.3690248565965583,0.5,0.7713529682466636,0.8597111006437432,0.7740819163189365,0.1681489408984293,0.6820276497695853,0.7668393782383419,0.8529411764705882,0.7909090909090909
10,CV17_THY_CONT,3,4,LogisticRegression,523,193,0.3690248565965583,0.5,0.7461594898131949,0.8616894331920238,0.7812357383182559,0.16226130627892002,0.6322314049586777,0.7927461139896373,0.8576512455516014,0.7303030303030303
10,CV17_THY_CONT,3,4,RandomForest,523,193,0.3690248565965583,0.5,0.7535145698028622,0.8358140995446695,0.7351679696794002,0.16139005263386746,0.6605504587155964,0.7461139896373057,0.839344262295082,0.7757575757575758
10,CV17_THY_CONT,3,4,AdaBoost,523,193,0.3690248565965583,0.5,0.7598632408577424,0.8565002355157795,0.7534114410406593,0.19807723150593182,0.6565217391304348,0.7823834196891192,0.856655290102389,0.7606060606060606
10,CV17_THY_CONT,3,4,paper_ensemble,523,193,0.3690248565965583,0.5,0.7699375356215263,0.858015387030931,0.764569956486612,0.16565222071406635,0.6772727272727272,0.772020725388601,0.8547854785478548,0.7848484848484848
10,CV17_THY_CONT,5,4,LogisticRegression,523,193,0.3690248565965583,0.5,0.7533623828117632,0.862898414193751,0.781704524738708,0.15952130078041163,0.6428571428571429,0.7927461139896373,0.8596491228070176,0.7424242424242424
10,CV17_THY_CONT,5,4,RandomForest,523,193,0.3690248565965583,0.5,0.7633302653781255,0.8446851939079918,0.7570225575172808,0.1581996385173715,0.6728110599078341,0.7564766839378239,0.8464052287581699,0.7848484848484848
10,CV17_THY_CONT,5,4,AdaBoost,523,193,0.3690248565965583,0.5,0.761666059059424,0.8443868739205527,0.7496466871895057,0.21355142112348866,0.6593886462882096,0.7823834196891192,0.8571428571428571,0.7636363636363637
10,CV17_THY_CONT,5,4,paper_ensemble,523,193,0.3690248565965583,0.5,0.7739386219585432,0.8603391427225625,0.7735550598402965,0.16771002848932842,0.6818181818181818,0.7772020725388601,0.858085808580858,0.7878787878787878
10,CV17_THY_CONT,2,5,LogisticRegression,522,192,0.367816091954023,0.5,0.7780499697684851,0.8627367424242425,0.7733209170240769,0.15662253591105008,0.7044334975369458,0.7447916666666666,0.8463949843260188,0.8181818181818182
10,CV17_THY_CONT,2,5,RandomForest,522,192,0.367816091954023,0.5,0.7894528716723873,0.8666193181818183,0.79801082179551,0.14154864678543685,0.7368421052631579,0.7291666666666666,0.8433734939759037,0.8484848484848485
10,CV17_THY_CONT,2,5,AdaBoost,522,192,0.367816091954023,0.5,0.7789123972722504,0.858743686868687,0.7965729777688927,0.19373673354689452,0.7004830917874396,0.7552083333333334,0.8507936507936508,0.8121212121212121
10,CV17_THY_CONT,2,5,paper_ensemble,522,192,0.367816091954023,0.5,0.7894196762532165,0.868292297979798,0.7964966879168545,0.1568926122792798,0.7236180904522613,0.75,0.8513931888544891,0.8333333333333334
10,CV17_THY_CONT,3,5,LogisticRegression,522,192,0.367816091954023,0.5,0.782122447387412,0.8626893939393939,0.7745915611957016,0.15281668066802756,0.7093596059113301,0.75,0.8495297805642633,0.8212121212121212
10,CV17_THY_CONT,3,5,RandomForest,522,192,0.367816091954023,0.5,0.7871559633027523,0.8622474747474748,0.7869421369708832,0.1436734191873264,0.7222222222222222,0.7447916666666666,0.8487654320987654,0.8333333333333334
10,CV17_THY_CONT,3,5,AdaBoost,522,192,0.367816091954023,0.5,0.7744209858326943,0.8572127525252525,0.7897017409227625,0.1875029040321309,0.697560975609756,0.7447916666666666,0.8454258675078864,0.8121212121212121
10,CV17_THY_CONT,3,5,paper_ensemble,522,192,0.367816091954023,0.5,0.7884399551066217,0.8658775252525253,0.7913879990315259,0.1541187368241223,0.7156862745098039,0.7604166666666666,0.8553459119496856,0.8242424242424242
10,CV17_THY_CONT,5,5,LogisticRegression,522,192,0.367816091954023,0.5,0.7875923375485163,0.8617897727272728,0.7773372329472441,0.15003806561394054,0.72,0.75,0.8509316770186336,0.8303030303030303
10,CV17_THY_CONT,5,5,RandomForest,522,192,0.367816091954023,0.5,0.7944784792982346,0.8649463383838384,0.8014525567013342,0.14435641315103168,0.7371134020618557,0.7447916666666666,0.850609756097561,0.8454545454545455
10,CV17_THY_CONT,5,5,AdaBoost,522,192,0.367816091954023,0.5,0.7707990907501312,0.8553345959595959,0.788824974938497,0.20586000355499956,0.6908212560386473,0.7447916666666666,0.8444444444444444,0.806060606060606
10,CV17_THY_CONT,5,5,paper_ensemble,522,192,0.367816091954023,0.5,0.7884399551066217,0.865988005050505,0.7969996351009481,0.1574458987915093,0.7156862745098039,0.7604166666666666,0.8553459119496856,0.8242424242424242
10,CV17_THY_CONT,2,6,LogisticRegression,523,192,0.367112810707457,0.5,0.7709604349139233,0.8572822255790534,0.7702955993244516,0.16297231434157544,0.6596638655462185,0.8177083333333334,0.8771929824561403,0.7552870090634441
10,CV17_THY_CONT,2,6,RandomForest,523,192,0.367112810707457,0.5,0.7848261359826898,0.858871475327291,0.7802846168538349,0.15009650172425693,0.6858407079646017,0.8072916666666666,0.8754208754208754,0.7854984894259819
10,CV17_THY_CONT,2,6,AdaBoost,523,192,0.367112810707457,0.5,0.777039594061834,0.8494697255790533,0.760373627669044,0.1917302723783587,0.6652719665271967,0.828125,0.8838028169014085,0.7583081570996979
10,CV17_THY_CONT,2,6,paper_ensemble,523,192,0.367112810707457,0.5,0.7882775345896722,0.8607282225579054,0.77818473754064,0.16211555412006354,0.6808510638297872,0.8333333333333334,0.8888888888888888,0.7734138972809668
10,CV17_THY_CONT,3,6,LogisticRegression,523,192,0.367112810707457,0.5,0.7712782000241284,0.8562594410876134,0.7690102768690561,0.16066697474136968,0.6583333333333333,0.8229166666666666,0.8798586572438163,0.7522658610271903
10,CV17_THY_CONT,3,6,RandomForest,523,192,0.367112810707457,0.5,0.7912969121140142,0.8514444864048337,0.7578359730185985,0.15328526527606787,0.6899563318777293,0.8229166666666666,0.8843537414965986,0.7854984894259819
10,CV17_THY_CONT,3,6,AdaBoost,523,192,0.367112810707457,0.5,0.7749093929326487,0.8489347306143,0.7559869187691834,0.18706203104417296,0.6638655462184874,0.8229166666666666,0.8807017543859649,0.7583081570996979
10,CV17_THY_CONT,3,6,paper_ensemble,523,192,0.367112810707457,0.5,0.7846297408696112,0.8576126636455186,0.7675095450993605,0.1605955973351418,0.6751054852320675,0.8333333333333334,0.8881118881118881,0.7673716012084593
10,CV17_THY_CONT,5,6,LogisticRegression,523,192,0.367112810707457,0.5,0.7794644739616277,0.854292547834844,0.7646741729634843,0.1599159172168304,0.6652892561983471,0.8385416666666666,0.8896797153024911,0.7552870090634441
10,CV17_THY_CONT,5,6,RandomForest,523,192,0.367112810707457,0.5,0.7862982834666719,0.8575969284994964,0.77984038254835,0.15186763109430199,0.6905829596412556,0.8020833333333334,0.8733333333333333,0.7915407854984894
10,CV17_THY_CONT,5,6,AdaBoost,523,192,0.367112810707457,0.5,0.7706348486223271,0.8457483635448138,0.7624518358328055,0.2042848826304104,0.6610169491525424,0.8125,0.8745644599303136,0.7583081570996979
10,CV17_THY_CONT,5,6,paper_ensemble,523,192,0.367112810707457,0.5,0.7864531349242355,0.8581319234642498,0.777489805590736,0.16321949620766615,0.6779661016949152,0.8333333333333334,0.8885017421602788,0.770392749244713
10,CV17_THY_CONT,2,7,LogisticRegression,523,193,0.3690248565965583,0.5,0.761618924013473,0.8548594755848642,0.7820674769886928,0.1626190183811238,0.6794258373205742,0.7357512953367875,0.8375796178343949,0.796969696969697
10,CV17_THY_CONT,2,7,RandomForest,523,193,0.3690248565965583,0.5,0.7646660640991028,0.8513110378395353,0.762897287430199,0.15322846008080365,0.6989795918367347,0.7098445595854922,0.8287461773700305,0.8212121212121212
10,CV17_THY_CONT,2,7,AdaBoost,523,193,0.3690248565965583,0.5,0.7644144144144144,0.8574030460040822,0.7773915615795541,0.19765483384584137,0.7112299465240641,0.689119170984456,0.8214285714285714,0.8363636363636363
10,CV17_THY_CONT,2,7,paper_ensemble,523,193,0.3690248565965583,0.5,0.7643045843045844,0.8598524101114774,0.7862618071701798,0.1642471013189573,0.6896551724137931,0.7253886010362695,0.834375,0.8090909090909091
10,CV17_THY_CONT,3,7,LogisticRegression,523,193,0.3690248565965583,0.5,0.7638589274068128,0.8549850840006281,0.7834407324106056,0.15899776357108555,0.680952380952381,0.7409326424870466,0.8402555910543131,0.796969696969697
10,CV17_THY_CONT,3,7,RandomForest,523,193,0.3690248565965583,0.5,0.7587789243277048,0.8452661328308997,0.7495815025706913,0.15532370441392168,0.6903553299492385,0.7046632124352331,0.8251533742331288,0.8151515151515152
10,CV17_THY_CONT,3,7,AdaBoost,523,193,0.3690248565965583,0.5,0.7631424532054236,0.8562568692102371,0.7736283349721016,0.19128152572150742,0.7052631578947368,0.694300518134715,0.8228228228228228,0.8303030303030303
10,CV17_THY_CONT,3,7,paper_ensemble,523,193,0.3690248565965583,0.5,0.7629661479820107,0.858502119642016,0.782498666766814,0.16131001005913817,0.6844660194174758,0.7305699481865285,0.8359621451104101,0.803030303030303
10,CV17_THY_CONT,5,7,LogisticRegression,523,193,0.3690248565965583,0.5,0.7557857283437979,0.8560527555346209,0.7841545557877755,0.1556209424197558,0.6714285714285714,0.7305699481865285,0.8338658146964856,0.7909090909090909
10,CV17_THY_CONT,5,7,RandomForest,523,193,0.3690248565965583,0.5,0.7564805358938542,0.8487988695242581,0.7657715726523822,0.15484586864279967,0.6887755102040817,0.6994818652849741,0.8226299694189603,0.8151515151515152
10,CV17_THY_CONT,5,7,AdaBoost,523,193,0.3690248565965583,0.5,0.7679066363551431,0.8566886481394252,0.7854722193082719,0.20941672865021202,0.6965174129353234,0.7253886010362695,0.8354037267080745,0.8151515151515152
10,CV17_THY_CONT,5,7,paper_ensemble,523,193,0.3690248565965583,0.5,0.7566536385631863,0.8597896059035955,0.7898222177666541,0.16424203659401393,0.6780487804878049,0.7202072538860104,0.8301886792452831,0.8
10,CV17_THY_CONT,2,8,LogisticRegression,522,192,0.367816091954023,0.5,0.7653639145882436,0.8532039141414143,0.7974157157288803,0.1600057344368283,0.6915422885572139,0.7239583333333334,0.8348909657320872,0.8121212121212121
10,CV17_THY_CONT,2,8,RandomForest,522,192,0.367816091954023,0.5,0.7725936537216194,0.8527777777777779,0.8005625472476771,0.15055576258821043,0.7055837563451777,0.7239583333333334,0.8369230769230769,0.8242424242424242
10,CV17_THY_CONT,2,8,AdaBoost,522,192,0.367816091954023,0.5,0.7597961134119147,0.8486821338383838,0.789404906434242,0.19875382809958037,0.6923076923076923,0.703125,0.8256880733944955,0.8181818181818182
10,CV17_THY_CONT,2,8,paper_ensemble,522,192,0.367816091954023,0.5,0.7712532865907099,0.859375,0.810084240221697,0.16261830625946616,0.7,0.7291666666666666,0.8385093167701864,0.8181818181818182
10,CV17_THY_CONT,3,8,LogisticRegression,522,192,0.367816091954023,0.5,0.7635611089418196,0.8535037878787879,0.7975891060205138,0.15649381119466613,0.6881188118811881,0.7239583333333334,0.834375,0.8090909090909091
10,CV17_THY_CONT,3,8,RandomForest,522,192,0.367816091954023,0.5,0.753697400990099,0.8494633838383837,0.7897022624005863,0.15271122204762505,0.6650943396226415,0.734375,0.8354838709677419,0.7848484848484848
10,CV17_THY_CONT,3,8,AdaBoost,522,192,0.367816091954023,0.5,0.7567081696517743,0.8499921085858586,0.7915338375329921,0.1906435036126931,0.6834170854271356,0.7083333333333334,0.826625386996904,0.8090909090909091
10,CV17_THY_CONT,3,8,paper_ensemble,522,192,0.367816091954023,0.5,0.7604275246200041,0.857986111111111,0.8068969669327737,0.15938405513099696,0.6796116504854369,0.7291666666666666,0.8354430379746836,0.8
10,CV17_THY_CONT,5,8,LogisticRegression,522,192,0.367816091954023,0.5,0.7612832870158652,0.8540561868686868,0.7980532032592735,0.1535006932118021,0.6865671641791045,0.71875,0.8317757009345794,0.8090909090909091
10,CV17_THY_CONT,5,8,RandomForest,522,192,0.367816091954023,0.5,0.7748764996471418,0.8513099747474747,0.799625839835159,0.15208440387280966,0.7070707070707071,0.7291666666666666,0.8395061728395061,0.8242424242424242
10,CV17_THY_CONT,5,8,AdaBoost,522,192,0.367816091954023,0.5,0.7531220318711085,0.8432686237373737,0.78052497805624,0.21148933739786344,0.6766169154228856,0.7083333333333334,0.8255451713395638,0.803030303030303
10,CV17_THY_CONT,5,8,paper_ensemble,522,192,0.367816091954023,0.5,0.7748764996471418,0.8585069444444444,0.8089039071088535,0.16280329391180992,0.7070707070707071,0.7291666666666666,0.8395061728395061,0.8242424242424242
10,CV17_THY_CONT,2,9,LogisticRegression,523,192,0.367112810707457,0.5,0.7801244419984101,0.8602404330312184,0.7752317910594168,0.16234280327126296,0.6846846846846847,0.7916666666666666,0.867109634551495,0.7885196374622356
10,CV17_THY_CONT,2,9,RandomForest,523,192,0.367112810707457,0.5,0.7691463269528236,0.8548590130916415,0.7704150757449608,0.15173812732180086,0.6774193548387096,0.765625,0.8529411764705882,0.7885196374622356
10,CV17_THY_CONT,2,9,AdaBoost,523,192,0.367112810707457,0.5,0.7848261359826898,0.852679695367573,0.7540257261568483,0.19780685546158144,0.6858407079646017,0.8072916666666666,0.8754208754208754,0.7854984894259819
10,CV17_THY_CONT,2,9,paper_ensemble,523,192,0.367112810707457,0.5,0.7823038588585722,0.8613104229607251,0.7755647251159862,0.16383538813382645,0.6860986547085202,0.796875,0.87,0.7885196374622356
10,CV17_THY_CONT,3,9,LogisticRegression,523,192,0.367112810707457,0.5,0.7764957264957264,0.8612317472306142,0.777130928476341,0.15880576776667266,0.6785714285714286,0.7916666666666666,0.8662207357859532,0.7824773413897281
10,CV17_THY_CONT,3,9,RandomForest,523,192,0.367112810707457,0.5,0.774315009642373,0.8510668429003021,0.7611043131818948,0.15373416411431268,0.6771300448430493,0.7864583333333334,0.8633333333333333,0.7824773413897281
10,CV17_THY_CONT,3,9,AdaBoost,523,192,0.367112810707457,0.5,0.7884691697191697,0.8498001636455187,0.7493941426094851,0.19271856949255511,0.6919642857142857,0.8072916666666666,0.8762541806020067,0.7915407854984894
10,CV17_THY_CONT,3,9,paper_ensemble,523,192,0.367112810707457,0.5,0.7888108371681956,0.8600201409869083,0.7695590464979828,0.16135359376959088,0.6902654867256637,0.8125,0.8787878787878788,0.7885196374622356
10,CV17_THY_CONT,5,9,LogisticRegression,523,192,0.367112810707457,0.5,0.7801244419984101,0.8622545317220544,0.7797534213131418,0.1558384952285885,0.6846846846846847,0.7916666666666666,0.867109634551495,0.7885196374622356
10,CV17_THY_CONT,5,9,RandomForest,523,192,0.367112810707457,0.5,0.7771760199283776,0.8574710473313192,0.7733989077041573,0.1523616786580058,0.6866359447004609,0.7760416666666666,0.8594771241830066,0.7945619335347432
10,CV17_THY_CONT,5,9,AdaBoost,523,192,0.367112810707457,0.5,0.7811881941274913,0.8473848187311178,0.7521396680264636,0.20812345344014002,0.6798245614035088,0.8072916666666666,0.8745762711864407,0.7794561933534743
10,CV17_THY_CONT,5,9,paper_ensemble,523,192,0.367112810707457,0.5,0.789942967306611,0.8628996727089626,0.7787733561223903,0.16351793018784652,0.6968325791855203,0.8020833333333334,0.8741721854304636,0.797583081570997
10,CV17_THY_CONT,2,10,LogisticRegression,523,193,0.3690248565965583,0.5,0.8045838870591862,0.8731826032344168,0.8022519615490433,0.1532515809989555,0.7264150943396226,0.7979274611398963,0.8745980707395499,0.8242424242424242
10,CV17_THY_CONT,2,10,RandomForest,523,193,0.3690248565965583,0.5,0.7902902439776688,0.872020725388601,0.8096292160227869,0.14241363758987896,0.7109004739336493,0.7772020725388601,0.8621794871794872,0.8151515151515152
10,CV17_THY_CONT,2,10,AdaBoost,523,193,0.3690248565965583,0.5,0.7888477465942254,0.8690453760401947,0.8083928427645071,0.19088409845838175,0.705607476635514,0.7823834196891192,0.8640776699029126,0.8090909090909091
10,CV17_THY_CONT,2,10,paper_ensemble,523,193,0.3690248565965583,0.5,0.8042249227218875,0.8783639503846759,0.8187307313415666,0.1558098474713573,0.7285714285714285,0.7927461139896373,0.8722044728434505,0.8272727272727273
10,CV17_THY_CONT,3,10,LogisticRegression,523,193,0.3690248565965583,0.5,0.8067733990147783,0.8740775631967342,0.8051233770000381,0.14919442149952208,0.7276995305164319,0.8031088082901554,0.8774193548387097,0.8242424242424242
10,CV17_THY_CONT,3,10,RandomForest,523,193,0.3690248565965583,0.5,0.7793756711152018,0.8698696812686448,0.8052044193198215,0.1431520189608149,0.6912442396313364,0.7772020725388601,0.8594771241830066,0.796969696969697
10,CV17_THY_CONT,3,10,AdaBoost,523,193,0.3690248565965583,0.5,0.7906711822660099,0.8653634793531166,0.8024340835889145,0.18644753942890918,0.7089201877934272,0.7823834196891192,0.864516129032258,0.8121212121212121
10,CV17_THY_CONT,3,10,paper_ensemble,523,193,0.3690248565965583,0.5,0.7968916419620645,0.8766525357198932,0.81626851957773,0.15288155178215104,0.7149532710280374,0.7927461139896373,0.8705501618122977,0.8151515151515152
10,CV17_THY_CONT,5,10,LogisticRegression,523,193,0.3690248565965583,0.5,0.8012650988550395,0.8730883969225937,0.8069990390570502,0.1467570255968732,0.7175925925925926,0.8031088082901554,0.8762214983713354,0.8151515151515152
10,CV17_THY_CONT,5,10,RandomForest,523,193,0.3690248565965583,0.5,0.8038585706276944,0.8727743758831843,0.8153443642810942,0.14427648297062334,0.7307692307692307,0.7875647668393783,0.8698412698412699,0.8303030303030303
10,CV17_THY_CONT,5,10,AdaBoost,523,193,0.3690248565965583,0.5,0.7833870225494708,0.867263306641545,0.8056490406710737,0.20320920820084606,0.695852534562212,0.7823834196891192,0.8627450980392157,0.8
10,CV17_THY_CONT,5,10,paper_ensemble,523,193,0.3690248565965583,0.5,0.8023888837481878,0.8771863714868896,0.8187696573590124,0.15632500701397775,0.7251184834123223,0.7927461139896373,0.8717948717948718,0.8242424242424242
10,CV17_THY_CONT,2,11,LogisticRegression,522,192,0.367816091954023,0.5,0.7728818127562905,0.8622159090909092,0.8047676578262682,0.16001943738286736,0.6820276497695853,0.7708333333333334,0.8557377049180328,0.7909090909090909
10,CV17_THY_CONT,2,11,RandomForest,522,192,0.367816091954023,0.5,0.7752515177968344,0.85228851010101,0.7923600252114225,0.15047905501711636,0.7172774869109948,0.7135416666666666,0.8338368580060423,0.8363636363636363
10,CV17_THY_CONT,2,11,AdaBoost,522,192,0.367816091954023,0.5,0.7658325369117045,0.8578361742424243,0.7992369143497374,0.1978795408638431,0.6896551724137931,0.7291666666666666,0.8369905956112853,0.8090909090909091
10,CV17_THY_CONT,2,11,paper_ensemble,522,192,0.367816091954023,0.5,0.7748557440111907,0.8641256313131314,0.8104386520638301,0.1622478346908312,0.6956521739130435,0.75,0.8476190476190476,0.8090909090909091
10,CV17_THY_CONT,3,11,LogisticRegression,522,192,0.367816091954023,0.5,0.7692600408205625,0.8629892676767676,0.8057676955186923,0.1561902996185446,0.6757990867579908,0.7708333333333334,0.8547854785478548,0.7848484848484848
10,CV17_THY_CONT,3,11,RandomForest,522,192,0.367816091954023,0.5,0.7748764996471418,0.8495422979797981,0.7840094039990997,0.15233646377504254,0.7070707070707071,0.7291666666666666,0.8395061728395061,0.8242424242424242
10,CV17_THY_CONT,3,11,AdaBoost,522,192,0.367816091954023,0.5,0.7635611089418196,0.8538273358585857,0.7906674187034659,0.19258866894028195,0.6881188118811881,0.7239583333333334,0.834375,0.8090909090909091
10,CV17_THY_CONT,3,11,paper_ensemble,522,192,0.367816091954023,0.5,0.7756994150733771,0.8624526515151515,0.8052780222878668,0.15954827122988166,0.6919431279620853,0.7604166666666666,0.8520900321543409,0.803030303030303
10,CV17_THY_CONT,5,11,LogisticRegression,522,192,0.367816091954023,0.5,0.7736557138636163,0.8636994949494948,0.8053582506339091,0.15287188556203637,0.6787330316742082,0.78125,0.8604651162790697,0.7848484848484848
10,CV17_THY_CONT,5,11,RandomForest,522,192,0.367816091954023,0.5,0.7835075748090647,0.8551767676767676,0.7920772619604304,0.1510566385518025,0.715,0.7447916666666666,0.8478260869565217,0.8272727272727273
10,CV17_THY_CONT,5,11,AdaBoost,522,192,0.367816091954023,0.5,0.7680976430976432,0.8477351641414141,0.7867945980619917,0.2101333479356113,0.6911764705882353,0.734375,0.839622641509434,0.8090909090909091
10,CV17_THY_CONT,5,11,paper_ensemble,522,192,0.367816091954023,0.5,0.7662337662337663,0.8648200757575758,0.809217201995668,0.1621721929598497,0.677570093457944,0.7552083333333334,0.8474025974025974,0.7909090909090909
10,CV17_THY_CONT,2,12,LogisticRegression,523,192,0.367112810707457,0.5,0.7921151241273652,0.8647092145015105,0.799679609814426,0.15963894003915588,0.7109004739336493,0.78125,0.8653846153846154,0.8157099697885196
10,CV17_THY_CONT,2,12,RandomForest,523,192,0.367112810707457,0.5,0.7755960182238033,0.8656375881168177,0.7973389260650138,0.1454526692834786,0.705,0.734375,0.8421052631578947,0.8217522658610272
10,CV17_THY_CONT,2,12,AdaBoost,523,192,0.367112810707457,0.5,0.7855777151943598,0.8571091389728096,0.7710776961403141,0.19772520157462725,0.6940639269406392,0.7916666666666666,0.868421052631579,0.797583081570997
10,CV17_THY_CONT,2,12,paper_ensemble,523,192,0.367112810707457,0.5,0.8027478448275862,0.8685328549848942,0.8019114578778108,0.16098788683829465,0.719626168224299,0.8020833333333334,0.8770226537216829,0.8187311178247734
10,CV17_THY_CONT,3,12,LogisticRegression,523,192,0.367112810707457,0.5,0.792869694278145,0.8651497985901309,0.8017279277414815,0.15592792231589772,0.7069767441860465,0.7916666666666666,0.8701298701298701,0.8096676737160121
10,CV17_THY_CONT,3,12,RandomForest,523,192,0.367112810707457,0.5,0.7818207101140262,0.8623017371601208,0.7841330558415313,0.1474896629072551,0.7,0.765625,0.8562300319488818,0.8096676737160121
10,CV17_THY_CONT,3,12,AdaBoost,523,192,0.367112810707457,0.5,0.774315009642373,0.8539857124874118,0.7654820808583882,0.19191219540581117,0.6771300448430493,0.7864583333333334,0.8633333333333333,0.7824773413897281
10,CV17_THY_CONT,3,12,paper_ensemble,523,192,0.367112810707457,0.5,0.799432428286547,0.8659522910372609,0.7937946772597138,0.1585822761859755,0.7110091743119266,0.8072916666666666,0.8786885245901639,0.8096676737160121
10,CV17_THY_CONT,5,12,LogisticRegression,523,192,0.367112810707457,0.5,0.7877630087899299,0.8653071500503525,0.7999200159534513,0.1534010562997707,0.6954545454545454,0.796875,0.8712871287128713,0.797583081570997
10,CV17_THY_CONT,5,12,RandomForest,523,192,0.367112810707457,0.5,0.782375702424702,0.8646305387713997,0.7986560048782585,0.1478484773295324,0.7093596059113301,0.75,0.85,0.8217522658610272
10,CV17_THY_CONT,5,12,AdaBoost,523,192,0.367112810707457,0.5,0.7793756711152018,0.8512241943605238,0.7633672185296287,0.209247296191517,0.6880733944954128,0.78125,0.8622950819672132,0.7945619335347432
10,CV17_THY_CONT,5,12,paper_ensemble,523,192,0.367112810707457,0.5,0.799432428286547,0.8675100704934542,0.8003006380089212,0.1616033101573698,0.7110091743119266,0.8072916666666666,0.8786885245901639,0.8096676737160121
10,CV17_THY_CONT,2,13,LogisticRegression,523,193,0.3690248565965583,0.5,0.7727599558585474,0.8652378709373528,0.7884904064083174,0.1571807908050039,0.6869158878504673,0.7616580310880829,0.8511326860841424,0.796969696969697
10,CV17_THY_CONT,2,13,RandomForest,523,193,0.3690248565965583,0.5,0.7769325020162541,0.8575129533678756,0.7944465831491823,0.1471997564157547,0.7024390243902439,0.7461139896373057,0.8459119496855346,0.8151515151515152
10,CV17_THY_CONT,2,13,AdaBoost,523,193,0.3690248565965583,0.5,0.7832254515732917,0.8677892918825563,0.7924495671854341,0.19317664040387364,0.7087378640776699,0.7564766839378239,0.8517350157728707,0.8181818181818182
10,CV17_THY_CONT,2,13,paper_ensemble,523,193,0.3690248565965583,0.5,0.7935526315789474,0.8679070497723348,0.8023048409931643,0.15876641391912696,0.7198067632850241,0.772020725388601,0.8607594936708861,0.8242424242424242
10,CV17_THY_CONT,3,13,LogisticRegression,523,193,0.3690248565965583,0.5,0.7771760199283776,0.8663055424713455,0.789738583233054,0.15309276991563833,0.6898148148148148,0.772020725388601,0.8566775244299675,0.796969696969697
10,CV17_THY_CONT,3,13,RandomForest,523,193,0.3690248565965583,0.5,0.7710698694185232,0.8525985241011148,0.7835208457173629,0.1499194172344257,0.6941747572815534,0.7409326424870466,0.8422712933753943,0.8090909090909091
10,CV17_THY_CONT,3,13,AdaBoost,523,193,0.3690248565965583,0.5,0.7900899742429733,0.865795258282305,0.7890034881481937,0.1867728402562682,0.725,0.7512953367875648,0.8513931888544891,0.8333333333333334
10,CV17_THY_CONT,3,13,paper_ensemble,523,193,0.3690248565965583,0.5,0.7931555927787084,0.8662113361595227,0.7971597142375044,0.15605749996103938,0.7219512195121951,0.7668393782383419,0.8584905660377359,0.8272727272727273
10,CV17_THY_CONT,5,13,LogisticRegression,523,193,0.3690248565965583,0.5,0.7779397082955601,0.8670591929659287,0.7894769173894982,0.14987214162952045,0.6863636363636364,0.7823834196891192,0.8613861386138614,0.7909090909090909
10,CV17_THY_CONT,5,13,RandomForest,523,193,0.3690248565965583,0.5,0.778745056335459,0.857198932328466,0.7915116981823389,0.14806821091522926,0.7058823529411765,0.7461139896373057,0.8463949843260188,0.8181818181818182
10,CV17_THY_CONT,5,13,AdaBoost,523,193,0.3690248565965583,0.5,0.7972113654693219,0.8640524415135814,0.7976740267701568,0.2089996175248048,0.7268292682926829,0.772020725388601,0.8616352201257862,0.8303030303030303
10,CV17_THY_CONT,5,13,paper_ensemble,523,193,0.3690248565965583,0.5,0.7890998200880948,0.8681739676558329,0.802795408727159,0.1590519388823612,0.7170731707317073,0.7616580310880829,0.8553459119496856,0.8242424242424242
10,CV17_THY_CONT,2,14,LogisticRegression,522,192,0.367816091954023,0.5,0.7660313751029555,0.8635416666666667,0.7976424577117084,0.16129477674224646,0.6681614349775785,0.7760416666666666,0.8561872909698997,0.7757575757575758
10,CV17_THY_CONT,2,14,RandomForest,522,192,0.367816091954023,0.5,0.7550050011541125,0.8427241161616161,0.7698148205379427,0.15919382142455035,0.6605504587155964,0.75,0.8421052631578947,0.7757575757575758
10,CV17_THY_CONT,2,14,AdaBoost,522,192,0.367816091954023,0.5,0.7468486873508353,0.8470801767676767,0.7824011023623141,0.1977306852163108,0.6431718061674009,0.7604166666666666,0.8440677966101695,0.7545454545454545
10,CV17_THY_CONT,2,14,paper_ensemble,522,192,0.367816091954023,0.5,0.7616374331838083,0.858364898989899,0.797635148544045,0.1661845830048014,0.665158371040724,0.765625,0.8504983388704319,0.7757575757575758
10,CV17_THY_CONT,3,14,LogisticRegression,522,192,0.367816091954023,0.5,0.7544318612095968,0.8637784090909091,0.7983103448448514,0.15764562185085682,0.6533333333333333,0.765625,0.8484848484848485,0.7636363636363637
10,CV17_THY_CONT,3,14,RandomForest,522,192,0.367816091954023,0.5,0.7500335204091406,0.8359217171717171,0.7506169744818095,0.1634910906115589,0.6502242152466368,0.7552083333333334,0.842809364548495,0.7636363636363637
10,CV17_THY_CONT,3,14,AdaBoost,522,192,0.367816091954023,0.5,0.7424529276100651,0.8422506313131315,0.7715440779216425,0.19138693783670663,0.64,0.75,0.8383838383838383,0.7545454545454545
10,CV17_THY_CONT,3,14,paper_ensemble,522,192,0.367816091954023,0.5,0.7624178169426181,0.8559816919191918,0.7923023334991485,0.1641875711202471,0.6622222222222223,0.7760416666666666,0.8552188552188552,0.7696969696969697
10,CV17_THY_CONT,5,14,LogisticRegression,522,192,0.367816091954023,0.5,0.7573794974169854,0.8629103535353535,0.7973869381751785,0.15502112754227734,0.6521739130434783,0.78125,0.8561643835616438,0.7575757575757576
10,CV17_THY_CONT,5,14,RandomForest,522,192,0.367816091954023,0.5,0.7622033139274519,0.842092803030303,0.7708593058188601,0.16066425056332873,0.6728971962616822,0.75,0.8441558441558441,0.7878787878787878
10,CV17_THY_CONT,5,14,AdaBoost,522,192,0.367816091954023,0.5,0.7378880097382836,0.8439946338383839,0.7761021893914114,0.21129701119127314,0.6293103448275862,0.7604166666666666,0.8413793103448276,0.7393939393939394
10,CV17_THY_CONT,5,14,paper_ensemble,522,192,0.367816091954023,0.5,0.7602278294953455,0.8586963383838384,0.7947603425791604,0.16659289471593608,0.6607142857142857,0.7708333333333334,0.8523489932885906,0.7696969696969697
