arm,kind,members,scale,source,mode,probability_index,threshold,threshold_source,horizon,feature_set,target,target_kind,block,n_variables,baseline_f1_macro,altered_f1_macro,f1_macro_drop,baseline_roc_auc,altered_roc_auc,roc_auc_drop,baseline_auprc,altered_auprc,auprc_drop,baseline_brier,altered_brier,brier_drop,f1_drop_ci_lo,f1_drop_ci_hi,importance_ratio,importance_ratio_ci_lo,importance_ratio_ci_hi,bootstrap_valid
LogisticRegression,individual,LogisticRegression,raw,Cached fitted individual; sigmoid fitted to cached training OOF,raw_fixed,0,0.5,fixed 0.5,7,CV17,Gender,single variable,cardiovascular,1,0.6978542510121457,0.6978542510121457,0.0,0.8400570087189806,0.8400570087189806,0.0,0.5851106263451289,0.5851106263451289,0.0,0.16278896131831536,0.1627889613183153,-5.551115123125783e-17,0.0,0.0,1.0,1.0,1.0,2000
LogisticRegression,individual,LogisticRegression,raw,Cached fitted individual; sigmoid fitted to cached training OOF,raw_threshold,0,0.61,own validation,7,CV17,Gender,single variable,cardiovascular,1,0.7397061730021741,0.7397061730021741,0.0,0.8400570087189806,0.8400570087189806,0.0,0.5851106263451289,0.5851106263451289,0.0,0.16278896131831536,0.1627889613183153,-5.551115123125783e-17,0.0,0.0,1.0,1.0,1.0,2000
LogisticRegression,individual,LogisticRegression,sigmoid,Cached fitted individual; sigmoid fitted to cached training OOF,sigmoid,1,0.32999999999999996,own validation,7,CV17,Gender,single variable,cardiovascular,1,0.7398703065405897,0.7398703065405897,0.0,0.8400570087189806,0.8400570087189806,0.0,0.5851106263451289,0.5851106263451289,0.0,0.11154514911142789,0.11154514911142789,0.0,0.0,0.0,1.0,1.0,1.0,2000
SVC,individual,SVC,raw,Cached fitted individual; sigmoid fitted to cached training OOF,raw_fixed,2,0.5,fixed 0.5,7,CV17,Gender,single variable,cardiovascular,1,0.7061175251250945,0.6989061668538994,0.007211358271195123,0.8287474849094567,0.8294517102615694,-0.0007042253521126751,0.5532025204646347,0.5569187427425996,-0.0037162222779648646,0.16366850142026806,0.16293996627425553,-0.0007285351460125378,0.0010713629815849723,0.014425619618581834,1.0103180635873579,1.0015106468699082,1.020954171991294,2000
SVC,individual,SVC,raw,Cached fitted individual; sigmoid fitted to cached training OOF,raw_threshold,2,0.7699999999999999,own validation,7,CV17,Gender,single variable,cardiovascular,1,0.7059667789344763,0.7101672535211268,-0.0042004745866504045,0.8287474849094567,0.8294517102615694,-0.0007042253521126751,0.5532025204646347,0.5569187427425996,-0.0037162222779648646,0.16366850142026806,0.16293996627425553,-0.0007285351460125378,-0.021386729344983348,0.013060323153966269,0.994085231942442,0.9698072186856197,1.0190751802153573,2000
SVC,individual,SVC,sigmoid,Cached fitted individual; sigmoid fitted to cached training OOF,sigmoid,3,0.42999999999999994,own validation,7,CV17,Gender,single variable,cardiovascular,1,0.7059667789344763,0.7159792588364017,-0.01001247990192533,0.8287474849094567,0.8294517102615694,-0.0007042253521126751,0.5532025204646347,0.5569187427425996,-0.0037162222779648646,0.11597550866454256,0.11560967549894494,-0.0003658331655976288,-0.027556508464542624,0.0064099060459641985,0.9860156844233205,0.9616309979411555,1.0089258840601905,2000
KNeighbors,individual,KNeighbors,raw,Cached fitted individual; sigmoid fitted to cached training OOF,raw_fixed,4,0.5,fixed 0.5,7,CV17,Gender,single variable,cardiovascular,1,0.6881554279688324,0.705447219117628,-0.017291791148795532,0.8064721663313212,0.8050804828973843,0.0013916834339369188,0.5460457640091161,0.5500531611317796,-0.004007397122663514,0.15337400188564979,0.15282279699498696,-0.0005512048906628209,-0.03904538721888628,0.0032648397056876557,0.9754881858200192,0.9453080114453337,1.004699054566949,2000
KNeighbors,individual,KNeighbors,raw,Cached fitted individual; sigmoid fitted to cached training OOF,raw_threshold,4,0.6699999999999999,own validation,7,CV17,Gender,single variable,cardiovascular,1,0.6972794008516857,0.6849644060012248,0.012314994850460947,0.8064721663313212,0.8050804828973843,0.0013916834339369188,0.5460457640091161,0.5500531611317796,-0.004007397122663514,0.15337400188564979,0.15282279699498696,-0.0005512048906628209,-0.006594892738801839,0.033190170155564525,1.0179790288992607,0.9907292867259956,1.0500932386831698,2000
KNeighbors,individual,KNeighbors,sigmoid,Cached fitted individual; sigmoid fitted to cached training OOF,sigmoid,5,0.3499999999999999,own validation,7,CV17,Gender,single variable,cardiovascular,1,0.6976584022038568,0.6813732350101873,0.01628516719366946,0.8064721663313212,0.8050804828973843,0.0013916834339369188,0.5460457640091161,0.5500531611317796,-0.004007397122663514,0.12163144832469219,0.12177084110835398,0.0001393927836617903,-0.003576712772289092,0.03775637517112015,1.023900509085048,0.994821427771854,1.0565648708872097,2000
RandomForest,individual,RandomForest,raw,Cached fitted individual; sigmoid fitted to cached training OOF,raw_fixed,6,0.5,fixed 0.5,7,CV17,Gender,single variable,cardiovascular,1,0.7417235790637324,0.7337884466931426,0.007935132370589848,0.8438883299798793,0.8426727028839704,0.0012156270959088333,0.6308391905099286,0.6286787401515754,0.0021604503583532164,0.13488980382932303,0.13525049038073556,0.0003606865514125257,-0.0006781367091623274,0.017263326443790396,1.0108139238309761,0.9990765644148359,1.0235205536361995,2000
RandomForest,individual,RandomForest,raw,Cached fitted individual; sigmoid fitted to cached training OOF,raw_threshold,6,0.5299999999999999,own validation,7,CV17,Gender,single variable,cardiovascular,1,0.7450960369852015,0.7471976489043775,-0.0021016119191759053,0.8438883299798793,0.8426727028839704,0.0012156270959088333,0.6308391905099286,0.6286787401515754,0.0021604503583532164,0.13488980382932303,0.13525049038073556,0.0003606865514125257,-0.009883393509423837,0.00388694314438147,0.9971873413650892,0.9869541671445816,1.005145385452694,2000
RandomForest,individual,RandomForest,sigmoid,Cached fitted individual; sigmoid fitted to cached training OOF,sigmoid,7,0.33999999999999997,own validation,7,CV17,Gender,single variable,cardiovascular,1,0.7570925553319919,0.7570925553319919,0.0,0.8438883299798793,0.8426727028839704,0.0012156270959088333,0.6308391905099286,0.6286787401515754,0.0021604503583532164,0.10663169271947372,0.10705834607798455,0.0004266533585108312,-0.003784649977759033,0.0038520090883517196,1.0,0.9949799886273221,1.0051462812412244,2000
AdaBoost,individual,AdaBoost,raw,Cached fitted individual; sigmoid fitted to cached training OOF,raw_fixed,8,0.5,fixed 0.5,7,CV17,Gender,single variable,cardiovascular,1,0.7019006243027696,0.7019006243027696,0.0,0.8237592219986586,0.8237592219986586,0.0,0.5763065060045852,0.5763065060045852,0.0,0.1964828308600174,0.1964828308600174,0.0,0.0,0.0,1.0,1.0,1.0,2000
AdaBoost,individual,AdaBoost,raw,Cached fitted individual; sigmoid fitted to cached training OOF,raw_threshold,8,0.5399999999999999,own validation,7,CV17,Gender,single variable,cardiovascular,1,0.7362850277514552,0.7362850277514552,0.0,0.8237592219986586,0.8237592219986586,0.0,0.5763065060045852,0.5763065060045852,0.0,0.1964828308600174,0.1964828308600174,0.0,0.0,0.0,1.0,1.0,1.0,2000
AdaBoost,individual,AdaBoost,sigmoid,Cached fitted individual; sigmoid fitted to cached training OOF,sigmoid,9,0.32999999999999996,own validation,7,CV17,Gender,single variable,cardiovascular,1,0.7337982263321459,0.7337982263321459,0.0,0.8237592219986586,0.8237592219986586,0.0,0.5763065060045852,0.5763065060045852,0.0,0.11428056911772555,0.11428056911772555,0.0,0.0,0.0,1.0,1.0,1.0,2000
MLP,individual,MLP,raw,Cached fitted individual; sigmoid fitted to cached training OOF,raw_fixed,10,0.5,fixed 0.5,7,CV17,Gender,single variable,cardiovascular,1,0.7054598979906206,0.7166419468248737,-0.011182048834253111,0.8405097250167672,0.8430248155600268,-0.0025150905432596016,0.6221975471780146,0.6210585686770153,0.0011389785009993103,0.14837885503664802,0.1486398666532717,0.0002610116166236742,-0.026212219920872745,0.004607346697317301,0.9843966029566147,0.9642750798419237,1.0064545697773595,2000
MLP,individual,MLP,raw,Cached fitted individual; sigmoid fitted to cached training OOF,raw_threshold,10,0.7499999999999999,own validation,7,CV17,Gender,single variable,cardiovascular,1,0.7453939331666495,0.7413843888070693,0.0040095443595802305,0.8405097250167672,0.8430248155600268,-0.0025150905432596016,0.6221975471780146,0.6210585686770153,0.0011389785009993103,0.14837885503664802,0.1486398666532717,0.0002610116166236742,-0.01414426951038865,0.021585202554205454,1.005408185578377,0.9810113113080396,1.0296012481125538,2000
MLP,individual,MLP,sigmoid,Cached fitted individual; sigmoid fitted to cached training OOF,sigmoid,11,0.41999999999999993,own validation,7,CV17,Gender,single variable,cardiovascular,1,0.7467307692307692,0.740011890469949,0.006718878760820224,0.8405097250167672,0.8430248155600268,-0.0025150905432596016,0.6221975471780146,0.6210585686770153,0.0011389785009993103,0.1069901165628567,0.10703187547612053,4.175891326382852e-05,-0.011383350948679816,0.02430195516684027,1.00907942000304,0.9844351386526687,1.0333897320918857,2000
GradientBoosting,individual,GradientBoosting,raw,Cached fitted individual; sigmoid fitted to cached training OOF,raw_fixed,12,0.5,fixed 0.5,7,CV17,Gender,single variable,cardiovascular,1,0.72416251897349,0.72416251897349,0.0,0.8293678739101275,0.8292002012072435,0.00016767270288398084,0.5888579484291103,0.5881532897100312,0.0007046587190790987,0.1428185474058207,0.14286865923137249,5.011182555178517e-05,0.0,0.0,1.0,1.0,1.0,2000
GradientBoosting,individual,GradientBoosting,raw,Cached fitted individual; sigmoid fitted to cached training OOF,raw_threshold,12,0.5499999999999999,own validation,7,CV17,Gender,single variable,cardiovascular,1,0.7400236880466473,0.7400236880466473,0.0,0.8293678739101275,0.8292002012072435,0.00016767270288398084,0.5888579484291103,0.5881532897100312,0.0007046587190790987,0.1428185474058207,0.14286865923137249,5.011182555178517e-05,0.0,0.0,1.0,1.0,1.0,2000
GradientBoosting,individual,GradientBoosting,sigmoid,Cached fitted individual; sigmoid fitted to cached training OOF,sigmoid,13,0.29,own validation,7,CV17,Gender,single variable,cardiovascular,1,0.7378650931143138,0.7378650931143138,0.0,0.8293678739101275,0.8292002012072435,0.00016767270288398084,0.5888579484291103,0.5881532897100312,0.0007046587190790987,0.11236137073535046,0.11240830001020216,4.6929274851698066e-05,0.0,0.0,1.0,1.0,1.0,2000
XGBoost,individual,XGBoost,raw,Cached fitted individual; sigmoid fitted to cached training OOF,raw_fixed,14,0.5,fixed 0.5,7,CV17,Gender,single variable,cardiovascular,1,0.7144805303793219,0.714676180388313,-0.00019565000899113283,0.8388246143527833,0.8392521797451374,-0.0004275653923541123,0.6062699193355928,0.6093390052690894,-0.0030690859334965293,0.2018152974883635,0.2021071323563126,0.00029183486794912006,-0.007688791802888256,0.0076647187035018185,0.99972623963921,0.9893932105618248,1.0108912540718131,2000
XGBoost,individual,XGBoost,raw,Cached fitted individual; sigmoid fitted to cached training OOF,raw_threshold,14,0.5299999999999999,own validation,7,CV17,Gender,single variable,cardiovascular,1,0.7592721834496511,0.7581892990377312,0.0010828844119198378,0.8388246143527833,0.8392521797451374,-0.0004275653923541123,0.6062699193355928,0.6093390052690894,-0.0030690859334965293,0.2018152974883635,0.2021071323563126,0.00029183486794912006,-0.005416318365611022,0.008768265027222317,1.0014282507195686,0.9929743897329074,1.0118626113565712,2000
XGBoost,individual,XGBoost,sigmoid,Cached fitted individual; sigmoid fitted to cached training OOF,sigmoid,15,0.31999999999999995,own validation,7,CV17,Gender,single variable,cardiovascular,1,0.7486119537164402,0.7508891393131449,-0.002277185596704756,0.8388246143527833,0.8392521797451374,-0.0004275653923541123,0.6062699193355928,0.6093390052690894,-0.0030690859334965293,0.10890968022913168,0.10869513629808712,-0.0002145439310445585,-0.010286844895409587,0.004807485530812626,0.9969673478047801,0.9863402375696673,1.006534313321083,2000
paper,voting,"LogisticRegression,RandomForest,AdaBoost",raw,models/predictive_sensitivity/h7_CV17_paper.joblib,raw_fixed,16,0.5,fixed 0.5,7,CV17,Gender,single variable,cardiovascular,1,0.719064834047819,0.719064834047819,0.0,0.8440727699530517,0.8436452045606975,0.0004275653923542233,0.617963404042573,0.6163461293656373,0.0016172746769357316,0.15810708391593867,0.15815018775665649,4.3103840717817477e-05,-0.003264205266993267,0.0032801762569479006,1.0,0.9954369558456122,1.0046003062744902,2000
paper,voting,"LogisticRegression,RandomForest,AdaBoost",raw,models/predictive_sensitivity/h7_CV17_paper.joblib,raw_threshold,16,0.43999999999999995,saved voting threshold (also applied to raw),7,CV17,Gender,single variable,cardiovascular,1,0.6748584161766302,0.6748584161766302,0.0,0.8440727699530517,0.8436452045606975,0.0004275653923542233,0.617963404042573,0.6163461293656373,0.0016172746769357316,0.15810708391593867,0.15815018775665649,4.3103840717817477e-05,-0.004025990263039398,0.004057222147557038,1.0,0.9940392441336925,1.0060044017177534,2000
paper,voting,"LogisticRegression,RandomForest,AdaBoost",sigmoid,models/predictive_sensitivity/h7_CV17_paper.joblib,sigmoid,17,0.43999999999999995,saved voting threshold (also applied to raw),7,CV17,Gender,single variable,cardiovascular,1,0.7384422316831452,0.7343232117096513,0.004119019973493843,0.8440727699530517,0.8436452045606975,0.0004275653923542233,0.617963404042573,0.6163461293656373,0.0016172746769357316,0.10768249189922874,0.10798705974325738,0.00030456784402864423,0.0,0.0113402381669912,1.0056092738290323,1.0,1.0155377673915804,2000
own,stacking,"KNeighbors,RandomForest,AdaBoost,MLP",raw,models/stacking_sensitivity/h7_CV17_own.joblib,raw_fixed,18,0.5,fixed 0.5,7,CV17,Gender,single variable,cardiovascular,1,0.7298364878886543,0.7296303780902066,0.00020610979844770672,0.8426391683433937,0.842949362843729,-0.0003101945003353146,0.6237599106106847,0.6220313017215611,0.0017286088891236284,0.10654148968679936,0.10671758514856129,0.00017609546176193536,-0.0057231301848582215,0.007885045547351713,1.000282485220787,0.9923470192197564,1.010786112332797,2000
own,stacking,"KNeighbors,RandomForest,AdaBoost,MLP",raw,models/stacking_sensitivity/h7_CV17_own.joblib,raw_threshold,18,0.48999999999999994,saved stacking threshold,7,CV17,Gender,single variable,cardiovascular,1,0.7271888482766964,0.7285095856524428,-0.0013207373757464502,0.8426391683433937,0.842949362843729,-0.0003101945003353146,0.6237599106106847,0.6220313017215611,0.0017286088891236284,0.10654148968679936,0.10671758514856129,0.00017609546176193536,-0.004203774401944041,0.0,0.9981870693237844,0.994343933527608,1.0,2000
own,stacking,"KNeighbors,RandomForest,AdaBoost,MLP",sigmoid,models/stacking_sensitivity/h7_CV17_own.joblib,sigmoid,19,0.48999999999999994,saved stacking threshold,7,CV17,Gender,single variable,cardiovascular,1,0.7298364878886543,0.7325090738115286,-0.0026725859228743376,0.8426391683433937,0.842949362843729,-0.0003101945003353146,0.6237599106106847,0.6220313017215611,0.0017286088891236284,0.10671044744873101,0.10687643258100149,0.00016598513227047973,-0.006676949852232256,0.0,0.9963514637314077,0.9908311129314941,1.0,2000
own,stacking,"KNeighbors,RandomForest,AdaBoost,MLP",isotonic,models/stacking_sensitivity/h7_CV17_own.joblib,isotonic,20,0.42999999999999994,saved stacking threshold,7,CV17,Gender,single variable,cardiovascular,1,0.7412137884572199,0.7369911997037477,0.004222588753472145,0.8405139168343394,0.8407360831656606,-0.00022216633132121633,0.5809162096170836,0.5804225914929594,0.0004936181241241844,0.10909709189362679,0.10923045540238936,0.0001333635087625712,-0.002751221887945471,0.01357829208881741,1.0057294968449684,0.9962836190213238,1.0182409117703815,2000
paper,stacking,"LogisticRegression,RandomForest,AdaBoost",raw,models/stacking_sensitivity/h7_CV17_paper.joblib,raw_fixed,21,0.5,fixed 0.5,7,CV17,Gender,single variable,cardiovascular,1,0.7075843972346976,0.7106923934068312,-0.0031079961721336424,0.8422199865861838,0.8420774647887324,0.00014252179745144478,0.6034110778583436,0.6028661792683218,0.0005448985900218251,0.1090676171732286,0.10920472692253493,0.0001371097493063217,-0.010097187787442442,0.0,0.9956268053507159,0.9857489817487173,1.0,2000
paper,stacking,"LogisticRegression,RandomForest,AdaBoost",raw,models/stacking_sensitivity/h7_CV17_paper.joblib,raw_threshold,21,0.4799999999999999,saved stacking threshold,7,CV17,Gender,single variable,cardiovascular,1,0.7350298381051587,0.7336701586816248,0.0013596794235338772,0.8422199865861838,0.8420774647887324,0.00014252179745144478,0.6034110778583436,0.6028661792683218,0.0005448985900218251,0.1090676171732286,0.10920472692253493,0.0001371097493063217,0.0,0.004314700815666431,1.0018532570903214,1.0,1.0057863097212494,2000
paper,stacking,"LogisticRegression,RandomForest,AdaBoost",sigmoid,models/stacking_sensitivity/h7_CV17_paper.joblib,sigmoid,22,0.4699999999999999,saved stacking threshold,7,CV17,Gender,single variable,cardiovascular,1,0.7350298381051587,0.7350298381051587,0.0,0.8422199865861838,0.8420774647887324,0.00014252179745144478,0.6034110778583436,0.6028661792683218,0.0005448985900218251,0.10912011138240431,0.10924987956458483,0.000129768182180523,0.0,0.0,1.0,1.0,1.0,2000
paper,stacking,"LogisticRegression,RandomForest,AdaBoost",isotonic,models/stacking_sensitivity/h7_CV17_paper.joblib,isotonic,23,0.42999999999999994,saved stacking threshold,7,CV17,Gender,single variable,cardiovascular,1,0.7137798908682395,0.7137798908682395,0.0,0.8405809859154929,0.8403378604963112,0.00024312541918170005,0.5821091827434924,0.5821329894267038,-2.3806683211335944e-05,0.10980365067439943,0.10993710434172208,0.00013345366732264718,0.0,0.0,1.0,1.0,1.0,2000
LogisticRegression,individual,LogisticRegression,raw,Cached fitted individual; sigmoid fitted to cached training OOF,raw_fixed,0,0.5,fixed 0.5,7,CV17,Age,single variable,cardiovascular,1,0.6978542510121457,0.6806457354682434,0.017208515543902347,0.8400570087189806,0.7762282025486251,0.06382880617035547,0.5851106263451289,0.49283600925217996,0.09227461709294893,0.16278896131831536,0.17126483418507946,0.0084758728667641,-0.01631697092631211,0.051039030675738124,1.0252826318408708,0.9766242280707366,1.0773555110445714,2000
LogisticRegression,individual,LogisticRegression,raw,Cached fitted individual; sigmoid fitted to cached training OOF,raw_threshold,0,0.61,own validation,7,CV17,Age,single variable,cardiovascular,1,0.7397061730021741,0.6766569320807384,0.06304924092143571,0.8400570087189806,0.7762282025486251,0.06382880617035547,0.5851106263451289,0.49283600925217996,0.09227461709294893,0.16278896131831536,0.17126483418507946,0.0084758728667641,0.026817159989015512,0.09991300486299053,1.0931775585710142,1.0388162611031764,1.1546708670806645,2000
LogisticRegression,individual,LogisticRegression,sigmoid,Cached fitted individual; sigmoid fitted to cached training OOF,sigmoid,1,0.32999999999999996,own validation,7,CV17,Age,single variable,cardiovascular,1,0.7398703065405897,0.6748631366416409,0.06500716989894884,0.8400570087189806,0.7762282025486251,0.06382880617035547,0.5851106263451289,0.49283600925217996,0.09227461709294893,0.11154514911142789,0.1284226647924063,0.016877515680978408,0.030829947009278935,0.10026270905478368,1.096326449570868,1.0440486340204307,1.1562941111064249,2000
SVC,individual,SVC,raw,Cached fitted individual; sigmoid fitted to cached training OOF,raw_fixed,2,0.5,fixed 0.5,7,CV17,Age,single variable,cardiovascular,1,0.7061175251250945,0.673421201584863,0.03269632354023155,0.8287474849094567,0.772887323943662,0.055860160965794714,0.5532025204646347,0.4688469346701018,0.0843555857945329,0.16366850142026806,0.17111405135331112,0.007445549933043055,0.007731794234856868,0.06010505995948041,1.0485525603638293,1.011228972018755,1.0910106367323276,2000
SVC,individual,SVC,raw,Cached fitted individual; sigmoid fitted to cached training OOF,raw_threshold,2,0.7699999999999999,own validation,7,CV17,Age,single variable,cardiovascular,1,0.7059667789344763,0.6489422119447155,0.05702456698976088,0.8287474849094567,0.772887323943662,0.055860160965794714,0.5532025204646347,0.4688469346701018,0.0843555857945329,0.16366850142026806,0.17111405135331112,0.007445549933043055,0.027604863771062513,0.08702251736212575,1.0878731047852053,1.0411434126163075,1.1403657353240744,2000
SVC,individual,SVC,sigmoid,Cached fitted individual; sigmoid fitted to cached training OOF,sigmoid,3,0.42999999999999994,own validation,7,CV17,Age,single variable,cardiovascular,1,0.7059667789344763,0.6489422119447155,0.05702456698976088,0.8287474849094567,0.772887323943662,0.055860160965794714,0.5532025204646347,0.4688469346701018,0.0843555857945329,0.11597550866454256,0.12989483079627664,0.01391932213173408,0.027604863771062513,0.08702251736212575,1.0878731047852053,1.0411434126163075,1.1403657353240744,2000
KNeighbors,individual,KNeighbors,raw,Cached fitted individual; sigmoid fitted to cached training OOF,raw_fixed,4,0.5,fixed 0.5,7,CV17,Age,single variable,cardiovascular,1,0.6881554279688324,0.6574510403916769,0.030704387577155545,0.8064721663313212,0.7520246478873239,0.05444751844399731,0.5460457640091161,0.478965151535727,0.06708061247338909,0.15337400188564979,0.1607917235302357,0.007417721644585901,0.0050320916753633345,0.055741315016647724,1.046702165926855,1.0073966976654356,1.087521332711075,2000
KNeighbors,individual,KNeighbors,raw,Cached fitted individual; sigmoid fitted to cached training OOF,raw_threshold,4,0.6699999999999999,own validation,7,CV17,Age,single variable,cardiovascular,1,0.6972794008516857,0.6650249722530521,0.03225442859863359,0.8064721663313212,0.7520246478873239,0.05444751844399731,0.5460457640091161,0.478965151535727,0.06708061247338909,0.15337400188564979,0.1607917235302357,0.007417721644585901,0.003709754074416863,0.06316326792401106,1.0485010788231879,1.0055128043362422,1.0968874802623738,2000
KNeighbors,individual,KNeighbors,sigmoid,Cached fitted individual; sigmoid fitted to cached training OOF,sigmoid,5,0.3499999999999999,own validation,7,CV17,Age,single variable,cardiovascular,1,0.6976584022038568,0.6612284418430268,0.036429960360830016,0.8064721663313212,0.7520246478873239,0.05444751844399731,0.5460457640091161,0.478965151535727,0.06708061247338909,0.12163144832469219,0.13020431847157343,0.00857287014688124,0.008713565220266697,0.06515117432655329,1.0550943638469175,1.0132157885919342,1.101584272588286,2000
RandomForest,individual,RandomForest,raw,Cached fitted individual; sigmoid fitted to cached training OOF,raw_fixed,6,0.5,fixed 0.5,7,CV17,Age,single variable,cardiovascular,1,0.7417235790637324,0.6782820006159476,0.06344157844778486,0.8438883299798793,0.7578680415828303,0.086020288397049,0.6308391905099286,0.4990817394871471,0.13175745102278152,0.13488980382932303,0.14016258341002727,0.00527277958070424,0.027888158279750507,0.10264875215446509,1.0935327465422546,1.039714666051975,1.1587035623708173,2000
RandomForest,individual,RandomForest,raw,Cached fitted individual; sigmoid fitted to cached training OOF,raw_threshold,6,0.5299999999999999,own validation,7,CV17,Age,single variable,cardiovascular,1,0.7450960369852015,0.6730431235071856,0.0720529134780159,0.8438883299798793,0.7578680415828303,0.086020288397049,0.6308391905099286,0.4990817394871471,0.13175745102278152,0.13488980382932303,0.14016258341002727,0.00527277958070424,0.03287813308133544,0.11317860285649128,1.1070554188304498,1.0473518002417823,1.1756990944063013,2000
RandomForest,individual,RandomForest,sigmoid,Cached fitted individual; sigmoid fitted to cached training OOF,sigmoid,7,0.33999999999999997,own validation,7,CV17,Age,single variable,cardiovascular,1,0.7570925553319919,0.6678163360451862,0.08927621928680574,0.8438883299798793,0.7578680415828303,0.086020288397049,0.6308391905099286,0.4990817394871471,0.13175745102278152,0.10663169271947372,0.1285583018516007,0.021926609132126976,0.05227047389145957,0.12999762379444055,1.1336837906893686,1.0755869301814827,1.2029877219668608,2000
AdaBoost,individual,AdaBoost,raw,Cached fitted individual; sigmoid fitted to cached training OOF,raw_fixed,8,0.5,fixed 0.5,7,CV17,Age,single variable,cardiovascular,1,0.7019006243027696,0.6822483135868243,0.01965231071594531,0.8237592219986586,0.7485831656606304,0.07517605633802815,0.5763065060045852,0.45630759809870786,0.11999890790587736,0.1964828308600174,0.20594792873007015,0.009465097870052758,-0.014108156013993525,0.05287376939074396,1.0288052169929538,0.9801374790551741,1.079410706199702,2000
AdaBoost,individual,AdaBoost,raw,Cached fitted individual; sigmoid fitted to cached training OOF,raw_threshold,8,0.5399999999999999,own validation,7,CV17,Age,single variable,cardiovascular,1,0.7362850277514552,0.6689874657265962,0.06729756202485904,0.8237592219986586,0.7485831656606304,0.07517605633802815,0.5763065060045852,0.45630759809870786,0.11999890790587736,0.1964828308600174,0.20594792873007015,0.009465097870052758,0.028082722764419074,0.10830629931637016,1.1005961478691775,1.0407914957957882,1.16843404498649,2000
AdaBoost,individual,AdaBoost,sigmoid,Cached fitted individual; sigmoid fitted to cached training OOF,sigmoid,9,0.32999999999999996,own validation,7,CV17,Age,single variable,cardiovascular,1,0.7337982263321459,0.6697509967652148,0.0640472295669311,0.8237592219986586,0.7485831656606304,0.07517605633802815,0.5763065060045852,0.45630759809870786,0.11999890790587736,0.11428056911772555,0.13155602755029094,0.017275458432565394,0.026440506793110025,0.10389389153466656,1.0956284199295985,1.0379421637684978,1.1602640462182636,2000
MLP,individual,MLP,raw,Cached fitted individual; sigmoid fitted to cached training OOF,raw_fixed,10,0.5,fixed 0.5,7,CV17,Age,single variable,cardiovascular,1,0.7054598979906206,0.6933039076523597,0.01215599033826087,0.8405097250167672,0.771407612340711,0.06910211267605626,0.6221975471780146,0.5156498362771063,0.10654771090090831,0.14837885503664802,0.14637924279737036,-0.001999612239277665,-0.01911625498983265,0.04417207770852998,1.0175334225064778,0.9728173137818077,1.0660434340368798,2000
MLP,individual,MLP,raw,Cached fitted individual; sigmoid fitted to cached training OOF,raw_threshold,10,0.7499999999999999,own validation,7,CV17,Age,single variable,cardiovascular,1,0.7453939331666495,0.659527224435591,0.0858667087310585,0.8405097250167672,0.771407612340711,0.06910211267605626,0.6221975471780146,0.5156498362771063,0.10654771090090831,0.14837885503664802,0.14637924279737036,-0.001999612239277665,0.04677218516841398,0.1257885753431952,1.1301943355022854,1.0675086033590866,1.2015221249193646,2000
MLP,individual,MLP,sigmoid,Cached fitted individual; sigmoid fitted to cached training OOF,sigmoid,11,0.41999999999999993,own validation,7,CV17,Age,single variable,cardiovascular,1,0.7467307692307692,0.659527224435591,0.08720354479517822,0.8405097250167672,0.771407612340711,0.06910211267605626,0.6221975471780146,0.5156498362771063,0.10654771090090831,0.1069901165628567,0.12536407947050118,0.01837396290764448,0.04768902758568282,0.12781503716190315,1.1322212966565635,1.0694490396840304,1.2029658184139531,2000
GradientBoosting,individual,GradientBoosting,raw,Cached fitted individual; sigmoid fitted to cached training OOF,raw_fixed,12,0.5,fixed 0.5,7,CV17,Age,single variable,cardiovascular,1,0.72416251897349,0.6832533923666626,0.04090912660682744,0.8293678739101275,0.7463279678068411,0.08303990610328638,0.5888579484291103,0.46832814512243914,0.12052980330667118,0.1428185474058207,0.15125087753983177,0.008432330134011068,0.005910982257638267,0.07502656732547726,1.0598740190152967,1.008476708313603,1.1137731090517324,2000
GradientBoosting,individual,GradientBoosting,raw,Cached fitted individual; sigmoid fitted to cached training OOF,raw_threshold,12,0.5499999999999999,own validation,7,CV17,Age,single variable,cardiovascular,1,0.7400236880466473,0.69605332473257,0.04397036331407733,0.8293678739101275,0.7463279678068411,0.08303990610328638,0.5888579484291103,0.46832814512243914,0.12052980330667118,0.1428185474058207,0.15125087753983177,0.008432330134011068,0.009567941747495414,0.07670003688883785,1.0631709694526223,1.0133082695993594,1.1158669426823113,2000
GradientBoosting,individual,GradientBoosting,sigmoid,Cached fitted individual; sigmoid fitted to cached training OOF,sigmoid,13,0.29,own validation,7,CV17,Age,single variable,cardiovascular,1,0.7378650931143138,0.69605332473257,0.04181176838174383,0.8293678739101275,0.7463279678068411,0.08303990610328638,0.5888579484291103,0.46832814512243914,0.12052980330667118,0.11236137073535046,0.12951427655368886,0.017152905818338393,0.007203751414953036,0.07454169936219118,1.0600697775530463,1.010206088697889,1.1110682098416307,2000
XGBoost,individual,XGBoost,raw,Cached fitted individual; sigmoid fitted to cached training OOF,raw_fixed,14,0.5,fixed 0.5,7,CV17,Age,single variable,cardiovascular,1,0.7144805303793219,0.7042202514801621,0.010260278899159814,0.8388246143527833,0.7776701877934272,0.0611544265593561,0.6062699193355928,0.5136158566661257,0.09265406266946707,0.2018152974883635,0.2068186682158968,0.005003370727533318,-0.028261213277143836,0.04894511772722433,1.0145697015636717,0.9614561425887602,1.0724392092189539,2000
XGBoost,individual,XGBoost,raw,Cached fitted individual; sigmoid fitted to cached training OOF,raw_threshold,14,0.5299999999999999,own validation,7,CV17,Age,single variable,cardiovascular,1,0.7592721834496511,0.6717511589651562,0.08752102448449484,0.8388246143527833,0.7776701877934272,0.0611544265593561,0.6062699193355928,0.5136158566661257,0.09265406266946707,0.2018152974883635,0.2068186682158968,0.005003370727533318,0.05005283803966792,0.12712631130555774,1.1302878652555246,1.0707956273477157,1.1991886467315687,2000
XGBoost,individual,XGBoost,sigmoid,Cached fitted individual; sigmoid fitted to cached training OOF,sigmoid,15,0.31999999999999995,own validation,7,CV17,Age,single variable,cardiovascular,1,0.7486119537164402,0.6716569153748718,0.07695503834156836,0.8388246143527833,0.7776701877934272,0.0611544265593561,0.6062699193355928,0.5136158566661257,0.09265406266946707,0.10890968022913168,0.12657226754482367,0.017662587315691994,0.03886066436999676,0.11795798248623743,1.114574921481479,1.0559343156609546,1.1842268123340538,2000
paper,voting,"LogisticRegression,RandomForest,AdaBoost",raw,models/predictive_sensitivity/h7_CV17_paper.joblib,raw_fixed,16,0.5,fixed 0.5,7,CV17,Age,single variable,cardiovascular,1,0.719064834047819,0.6931285109106681,0.025936323137150885,0.8440727699530517,0.7682805164319249,0.07579225352112684,0.617963404042573,0.4935611645627423,0.1244022394798307,0.15810708391593867,0.1652978892482949,0.0071908053323562204,-0.00990174961902947,0.06414229030678006,1.0374192126407762,0.9860934762761684,1.0958936342009944,2000
paper,voting,"LogisticRegression,RandomForest,AdaBoost",raw,models/predictive_sensitivity/h7_CV17_paper.joblib,raw_threshold,16,0.43999999999999995,saved voting threshold (also applied to raw),7,CV17,Age,single variable,cardiovascular,1,0.6748584161766302,0.6657784545108489,0.009079961665781289,0.8440727699530517,0.7682805164319249,0.07579225352112684,0.617963404042573,0.4935611645627423,0.1244022394798307,0.15810708391593867,0.1652978892482949,0.0071908053323562204,-0.02271428930043997,0.039614581004525466,1.0136381128050358,0.966707475105168,1.0607842865775006,2000
paper,voting,"LogisticRegression,RandomForest,AdaBoost",sigmoid,models/predictive_sensitivity/h7_CV17_paper.joblib,sigmoid,17,0.43999999999999995,saved voting threshold (also applied to raw),7,CV17,Age,single variable,cardiovascular,1,0.7384422316831452,0.6596349539654337,0.07880727771771145,0.8440727699530517,0.7682805164319249,0.07579225352112684,0.617963404042573,0.4935611645627423,0.1244022394798307,0.10768249189922874,0.12781317099175438,0.02013067909252564,0.037018130361587,0.1235112174326998,1.1194710456805796,1.054275962229254,1.1957448590237987,2000
own,stacking,"KNeighbors,RandomForest,AdaBoost,MLP",raw,models/stacking_sensitivity/h7_CV17_own.joblib,raw_fixed,18,0.5,fixed 0.5,7,CV17,Age,single variable,cardiovascular,1,0.7298364878886543,0.6313408987795153,0.09849558910913903,0.8426391683433937,0.7689009054325956,0.0737382629107981,0.6237599106106847,0.4944650798474236,0.1292948307632611,0.10654148968679936,0.1268849740952882,0.02034348440848885,0.05476310891296077,0.14391809152641602,1.1560101512503738,1.0838772157584908,1.2386566115315838,2000
own,stacking,"KNeighbors,RandomForest,AdaBoost,MLP",raw,models/stacking_sensitivity/h7_CV17_own.joblib,raw_threshold,18,0.48999999999999994,saved stacking threshold,7,CV17,Age,single variable,cardiovascular,1,0.7271888482766964,0.6440177293325573,0.08317111894413909,0.8426391683433937,0.7689009054325956,0.0737382629107981,0.6237599106106847,0.4944650798474236,0.1292948307632611,0.10654148968679936,0.1268849740952882,0.02034348440848885,0.03876829735757921,0.12846076000950518,1.1291441448829918,1.0580012451712042,1.2090533893521482,2000
own,stacking,"KNeighbors,RandomForest,AdaBoost,MLP",sigmoid,models/stacking_sensitivity/h7_CV17_own.joblib,sigmoid,19,0.48999999999999994,saved stacking threshold,7,CV17,Age,single variable,cardiovascular,1,0.7298364878886543,0.637756467439786,0.09208002044886832,0.8426391683433937,0.7689009054325956,0.0737382629107981,0.6237599106106847,0.4944650798474236,0.1292948307632611,0.10671044744873101,0.12664380753539115,0.019933360086660135,0.04605930798181739,0.1381780935771589,1.1443811629516123,1.0690251707176812,1.2283628163942935,2000
own,stacking,"KNeighbors,RandomForest,AdaBoost,MLP",isotonic,models/stacking_sensitivity/h7_CV17_own.joblib,isotonic,20,0.42999999999999994,saved stacking threshold,7,CV17,Age,single variable,cardiovascular,1,0.7412137884572199,0.6513153390027799,0.08989844945443992,0.8405139168343394,0.7660295103957075,0.07448440643863186,0.5809162096170836,0.4686197684447979,0.11229644117228565,0.10909709189362679,0.12688848764310603,0.017791395749479244,0.04922549361333986,0.13212684123478774,1.1380259976558855,1.0727452327722364,1.2122970511339801,2000
paper,stacking,"LogisticRegression,RandomForest,AdaBoost",raw,models/stacking_sensitivity/h7_CV17_paper.joblib,raw_fixed,21,0.5,fixed 0.5,7,CV17,Age,single variable,cardiovascular,1,0.7075843972346976,0.6275115395058376,0.08007285772885997,0.8422199865861838,0.7721705231388329,0.07004946344735086,0.6034110778583436,0.49474826254848947,0.10866281530985411,0.1090676171732286,0.12804379016505046,0.01897617299182186,0.040848270228790666,0.1194828375646066,1.127603801185739,1.062086469434216,1.200148159515945,2000
paper,stacking,"LogisticRegression,RandomForest,AdaBoost",raw,models/stacking_sensitivity/h7_CV17_paper.joblib,raw_threshold,21,0.4799999999999999,saved stacking threshold,7,CV17,Age,single variable,cardiovascular,1,0.7350298381051587,0.6403272771559216,0.09470256094923701,0.8422199865861838,0.7721705231388329,0.07004946344735086,0.6034110778583436,0.49474826254848947,0.10866281530985411,0.1090676171732286,0.12804379016505046,0.01897617299182186,0.05207915294890726,0.1365422237073768,1.1478971212500395,1.0794451170948665,1.2232318834830824,2000
paper,stacking,"LogisticRegression,RandomForest,AdaBoost",sigmoid,models/stacking_sensitivity/h7_CV17_paper.joblib,sigmoid,22,0.4699999999999999,saved stacking threshold,7,CV17,Age,single variable,cardiovascular,1,0.7350298381051587,0.6403272771559216,0.09470256094923701,0.8422199865861838,0.7721705231388329,0.07004946344735086,0.6034110778583436,0.49474826254848947,0.10866281530985411,0.10912011138240431,0.12824516591080376,0.01912505452839945,0.05207915294890726,0.1365422237073768,1.1478971212500395,1.0794451170948665,1.2232318834830824,2000
paper,stacking,"LogisticRegression,RandomForest,AdaBoost",isotonic,models/stacking_sensitivity/h7_CV17_paper.joblib,isotonic,23,0.42999999999999994,saved stacking threshold,7,CV17,Age,single variable,cardiovascular,1,0.7137798908682395,0.6275115395058376,0.08626835136240185,0.8405809859154929,0.7655600268276325,0.07502095908786044,0.5821091827434924,0.46476823437744,0.11734094836605241,0.10980365067439943,0.12878323321582513,0.018979582541425705,0.046293144135182915,0.12562037943709572,1.1374769162497598,1.0709361363167558,1.2101177536062508,2000
LogisticRegression,individual,LogisticRegression,raw,Cached fitted individual; sigmoid fitted to cached training OOF,raw_fixed,0,0.5,fixed 0.5,7,CV17,Angina,single variable,cardiovascular,1,0.6978542510121457,0.7013926986291772,-0.0035384476170314816,0.8400570087189806,0.8396881287726358,0.00036887994634482446,0.5851106263451289,0.5860979564022678,-0.0009873300571389132,0.16278896131831536,0.16255968563827028,-0.0002292756800450768,-0.014223823814837718,0.007178130066822193,0.9949551119879817,0.980007555321815,1.0103764278714689,2000
LogisticRegression,individual,LogisticRegression,raw,Cached fitted individual; sigmoid fitted to cached training OOF,raw_threshold,0,0.61,own validation,7,CV17,Angina,single variable,cardiovascular,1,0.7397061730021741,0.7529021456670673,-0.01319597266489314,0.8400570087189806,0.8396881287726358,0.00036887994634482446,0.5851106263451289,0.5860979564022678,-0.0009873300571389132,0.16278896131831536,0.16255968563827028,-0.0002292756800450768,-0.026869513752276343,9.658203711161081e-05,0.9824731902534272,0.9644491498776973,1.0001329012831586,2000
LogisticRegression,individual,LogisticRegression,sigmoid,Cached fitted individual; sigmoid fitted to cached training OOF,sigmoid,1,0.32999999999999996,own validation,7,CV17,Angina,single variable,cardiovascular,1,0.7398703065405897,0.7470710755106059,-0.0072007689700162025,0.8400570087189806,0.8396881287726358,0.00036887994634482446,0.5851106263451289,0.5860979564022678,-0.0009873300571389132,0.11154514911142789,0.11125160952112323,-0.0002935395903046617,-0.02214460858941351,0.00840254843278852,0.9903613334713908,0.9705965104485826,1.0112456478024994,2000
SVC,individual,SVC,raw,Cached fitted individual; sigmoid fitted to cached training OOF,raw_fixed,2,0.5,fixed 0.5,7,CV17,Angina,single variable,cardiovascular,1,0.7061175251250945,0.7054598979906206,0.000657627134473926,0.8287474849094567,0.8315560026827632,-0.0028085177733064848,0.5532025204646347,0.5662267537344066,-0.013024233269771868,0.16366850142026806,0.15891976516926223,-0.004748736251005831,-0.01566970003962242,0.016393997453481676,1.0009321963393625,0.9779022495721302,1.0235905719626868,2000
SVC,individual,SVC,raw,Cached fitted individual; sigmoid fitted to cached training OOF,raw_threshold,2,0.7699999999999999,own validation,7,CV17,Angina,single variable,cardiovascular,1,0.7059667789344763,0.7106787442974202,-0.004711965362943826,0.8287474849094567,0.8315560026827632,-0.0028085177733064848,0.5532025204646347,0.5662267537344066,-0.013024233269771868,0.16366850142026806,0.15891976516926223,-0.004748736251005831,-0.026847796077722672,0.017029528917501445,0.9933697674219846,0.9628975048262896,1.024495313974764,2000
SVC,individual,SVC,sigmoid,Cached fitted individual; sigmoid fitted to cached training OOF,sigmoid,3,0.42999999999999994,own validation,7,CV17,Angina,single variable,cardiovascular,1,0.7059667789344763,0.7093875643733998,-0.003420785438923435,0.8287474849094567,0.8315560026827632,-0.0028085177733064848,0.5532025204646347,0.5662267537344066,-0.013024233269771868,0.11597550866454256,0.1145634263869081,-0.001412082277634466,-0.025126146303456418,0.01830624770081553,0.9951778328085791,0.965383142142361,1.0260538442907197,2000
KNeighbors,individual,KNeighbors,raw,Cached fitted individual; sigmoid fitted to cached training OOF,raw_fixed,4,0.5,fixed 0.5,7,CV17,Angina,single variable,cardiovascular,1,0.6881554279688324,0.6892318919905127,-0.0010764640216802679,0.8064721663313212,0.8062625754527163,0.0002095908786049483,0.5460457640091161,0.5500518078704127,-0.00400604386129666,0.15337400188564979,0.1522500602213279,-0.0011239416643218925,-0.019826945852623002,0.01867955202371049,0.9984381685842026,0.9709316481682716,1.0272067368634679,2000
KNeighbors,individual,KNeighbors,raw,Cached fitted individual; sigmoid fitted to cached training OOF,raw_threshold,4,0.6699999999999999,own validation,7,CV17,Angina,single variable,cardiovascular,1,0.6972794008516857,0.6948110269468272,0.002468373904858545,0.8064721663313212,0.8062625754527163,0.0002095908786049483,0.5460457640091161,0.5500518078704127,-0.00400604386129666,0.15337400188564979,0.1522500602213279,-0.0011239416643218925,-0.016017727427945168,0.0227161384285436,1.0035525830896859,0.9774272200083279,1.0334161701101157,2000
KNeighbors,individual,KNeighbors,sigmoid,Cached fitted individual; sigmoid fitted to cached training OOF,sigmoid,5,0.3499999999999999,own validation,7,CV17,Angina,single variable,cardiovascular,1,0.6976584022038568,0.7021482819974938,-0.004489879793637019,0.8064721663313212,0.8062625754527163,0.0002095908786049483,0.5460457640091161,0.5500518078704127,-0.00400604386129666,0.12163144832469219,0.12128126931964231,-0.0003501790050498832,-0.022615675478382016,0.01553351993233195,0.9936055105328121,0.968097401638809,1.0222818582403623,2000
RandomForest,individual,RandomForest,raw,Cached fitted individual; sigmoid fitted to cached training OOF,raw_fixed,6,0.5,fixed 0.5,7,CV17,Angina,single variable,cardiovascular,1,0.7417235790637324,0.7485934513260639,-0.006869872262331489,0.8438883299798793,0.8393863179074447,0.0045020120724346135,0.6308391905099286,0.6194605299578764,0.011378660552052278,0.13488980382932303,0.13067808588387436,-0.0042117179454486675,-0.018990500247348597,0.005247161148578707,0.9908229597117606,0.9748450010422023,1.0072108152856556,2000
RandomForest,individual,RandomForest,raw,Cached fitted individual; sigmoid fitted to cached training OOF,raw_threshold,6,0.5299999999999999,own validation,7,CV17,Angina,single variable,cardiovascular,1,0.7450960369852015,0.745937967745226,-0.0008419307600244785,0.8438883299798793,0.8393863179074447,0.0045020120724346135,0.6308391905099286,0.6194605299578764,0.011378660552052278,0.13488980382932303,0.13067808588387436,-0.0042117179454486675,-0.014061860799605669,0.014430391303777799,0.9988713126339857,0.981544424128321,1.019357059678056,2000
RandomForest,individual,RandomForest,sigmoid,Cached fitted individual; sigmoid fitted to cached training OOF,sigmoid,7,0.33999999999999997,own validation,7,CV17,Angina,single variable,cardiovascular,1,0.7570925553319919,0.7566118315618042,0.0004807237701877076,0.8438883299798793,0.8393863179074447,0.0045020120724346135,0.6308391905099286,0.6194605299578764,0.011378660552052278,0.10663169271947372,0.10833410040116223,0.0017024076816885142,-0.011855845520963693,0.014438376309960857,1.0006353638023284,0.9843286939381005,1.0192187748145833,2000
AdaBoost,individual,AdaBoost,raw,Cached fitted individual; sigmoid fitted to cached training OOF,raw_fixed,8,0.5,fixed 0.5,7,CV17,Angina,single variable,cardiovascular,1,0.7019006243027696,0.7204516384315962,-0.01855101412882665,0.8237592219986586,0.822971160295104,0.00078806170355461,0.5763065060045852,0.5836964878582785,-0.007389981853693328,0.1964828308600174,0.19054782185619176,-0.005935009003825625,-0.03445777534210929,-0.0030568046433063576,0.9742508544095871,0.9524641435807228,0.9956803550530545,2000
AdaBoost,individual,AdaBoost,raw,Cached fitted individual; sigmoid fitted to cached training OOF,raw_threshold,8,0.5399999999999999,own validation,7,CV17,Angina,single variable,cardiovascular,1,0.7362850277514552,0.7255056546324489,0.010779373119006341,0.8237592219986586,0.822971160295104,0.00078806170355461,0.5763065060045852,0.5836964878582785,-0.007389981853693328,0.1964828308600174,0.19054782185619176,-0.005935009003825625,-0.008229028879836666,0.0319970702995436,1.014857738254938,0.9888715565797381,1.0448293647360312,2000
AdaBoost,individual,AdaBoost,sigmoid,Cached fitted individual; sigmoid fitted to cached training OOF,sigmoid,9,0.32999999999999996,own validation,7,CV17,Angina,single variable,cardiovascular,1,0.7337982263321459,0.7245229697704691,0.009275256561676715,0.8237592219986586,0.822971160295104,0.00078806170355461,0.5763065060045852,0.5836964878582785,-0.007389981853693328,0.11428056911772555,0.11440241020179544,0.00012184108406988747,-0.007834883824861708,0.028261268088561994,1.012801880614793,0.9892177377597327,1.03921955648505,2000
MLP,individual,MLP,raw,Cached fitted individual; sigmoid fitted to cached training OOF,raw_fixed,10,0.5,fixed 0.5,7,CV17,Angina,single variable,cardiovascular,1,0.7054598979906206,0.7131915485126494,-0.007731650522028843,0.8405097250167672,0.8391515761234071,0.001358148893360167,0.6221975471780146,0.6225512401683033,-0.00035369299028875645,0.14837885503664802,0.14780769189753842,-0.0005711631391095984,-0.025203141818459354,0.012117141609837862,0.9891590828043979,0.9653082603190867,1.0173179027321113,2000
MLP,individual,MLP,raw,Cached fitted individual; sigmoid fitted to cached training OOF,raw_threshold,10,0.7499999999999999,own validation,7,CV17,Angina,single variable,cardiovascular,1,0.7453939331666495,0.7413843888070693,0.0040095443595802305,0.8405097250167672,0.8391515761234071,0.001358148893360167,0.6221975471780146,0.6225512401683033,-0.00035369299028875645,0.14837885503664802,0.14780769189753842,-0.0005711631391095984,-0.017838368783034596,0.025967392490498058,1.005408185578377,0.9760960878770025,1.035737152533967,2000
MLP,individual,MLP,sigmoid,Cached fitted individual; sigmoid fitted to cached training OOF,sigmoid,11,0.41999999999999993,own validation,7,CV17,Angina,single variable,cardiovascular,1,0.7467307692307692,0.740011890469949,0.006718878760820224,0.8405097250167672,0.8391515761234071,0.001358148893360167,0.6221975471780146,0.6225512401683033,-0.00035369299028875645,0.1069901165628567,0.10727938686707036,0.0002892703042136624,-0.015805708579915333,0.029599262854385834,1.00907942000304,0.9789318339430313,1.0408680498390797,2000
GradientBoosting,individual,GradientBoosting,raw,Cached fitted individual; sigmoid fitted to cached training OOF,raw_fixed,12,0.5,fixed 0.5,7,CV17,Angina,single variable,cardiovascular,1,0.72416251897349,0.7320265870862723,-0.007864068112782285,0.8293678739101275,0.8283199195171026,0.0010479543930248525,0.5888579484291103,0.5919033052834898,-0.003045356854379455,0.1428185474058207,0.1325395263430907,-0.010279021062729987,-0.025243667047240643,0.010024717478162908,0.9892571277443841,0.9659945416534389,1.0141967778511318,2000
GradientBoosting,individual,GradientBoosting,raw,Cached fitted individual; sigmoid fitted to cached training OOF,raw_threshold,12,0.5499999999999999,own validation,7,CV17,Angina,single variable,cardiovascular,1,0.7400236880466473,0.7537817516764885,-0.013758063629841222,0.8293678739101275,0.8283199195171026,0.0010479543930248525,0.5888579484291103,0.5919033052834898,-0.003045356854379455,0.1428185474058207,0.1325395263430907,-0.010279021062729987,-0.03025098958614659,0.004279417380738917,0.9817479481305539,0.9601466408343423,1.0058371849472847,2000
GradientBoosting,individual,GradientBoosting,sigmoid,Cached fitted individual; sigmoid fitted to cached training OOF,sigmoid,13,0.29,own validation,7,CV17,Angina,single variable,cardiovascular,1,0.7378650931143138,0.7514637210997814,-0.013598627985467626,0.8293678739101275,0.8283199195171026,0.0010479543930248525,0.5888579484291103,0.5919033052834898,-0.003045356854379455,0.11236137073535046,0.11322227170814,0.0008609009727895411,-0.030175510155171427,0.004470903528494581,0.9819038130469349,0.960273806547449,1.0060207836464787,2000
XGBoost,individual,XGBoost,raw,Cached fitted individual; sigmoid fitted to cached training OOF,raw_fixed,14,0.5,fixed 0.5,7,CV17,Angina,single variable,cardiovascular,1,0.7144805303793219,0.7097460691336598,0.004734461245662125,0.8388246143527833,0.8390258215962442,-0.00020120724346084362,0.6062699193355928,0.6056263330025805,0.0006435863330123137,0.2018152974883635,0.2042117816948838,0.002396484206520305,-0.003488132385276227,0.012743753161420597,1.0066706410243895,0.9950245012781359,1.018157025550087,2000
XGBoost,individual,XGBoost,raw,Cached fitted individual; sigmoid fitted to cached training OOF,raw_threshold,14,0.5299999999999999,own validation,7,CV17,Angina,single variable,cardiovascular,1,0.7592721834496511,0.7611607553745683,-0.001888571924917204,0.8388246143527833,0.8390258215962442,-0.00020120724346084362,0.6062699193355928,0.6056263330025805,0.0006435863330123137,0.2018152974883635,0.2042117816948838,0.002396484206520305,-0.012663368511871758,0.007621675913510163,0.9975188264613198,0.9832854549673646,1.0101711376145122,2000
XGBoost,individual,XGBoost,sigmoid,Cached fitted individual; sigmoid fitted to cached training OOF,sigmoid,15,0.31999999999999995,own validation,7,CV17,Angina,single variable,cardiovascular,1,0.7486119537164402,0.7421610700413481,0.006450883675092056,0.8388246143527833,0.8390258215962442,-0.00020120724346084362,0.6062699193355928,0.6056263330025805,0.0006435863330123137,0.10890968022913168,0.10924580661582213,0.0003361263866904496,-0.0032641736491378025,0.016104210315678626,1.0086920264825163,0.9956763820260206,1.0219478767316785,2000
paper,voting,"LogisticRegression,RandomForest,AdaBoost",raw,models/predictive_sensitivity/h7_CV17_paper.joblib,raw_fixed,16,0.5,fixed 0.5,7,CV17,Angina,single variable,cardiovascular,1,0.719064834047819,0.7416490756732553,-0.022584241625436374,0.8440727699530517,0.8420858484238766,0.001986921529175123,0.617963404042573,0.6152298760583818,0.002733527984191242,0.15810708391593867,0.1543136643137515,-0.0037934196021871813,-0.03476002440224112,-0.011133585097040698,0.9695486148824027,0.9530585754590806,0.9847900944789977,2000
paper,voting,"LogisticRegression,RandomForest,AdaBoost",raw,models/predictive_sensitivity/h7_CV17_paper.joblib,raw_threshold,16,0.43999999999999995,saved voting threshold (also applied to raw),7,CV17,Angina,single variable,cardiovascular,1,0.6748584161766302,0.6776924476324133,-0.0028340314557830926,0.8440727699530517,0.8420858484238766,0.001986921529175123,0.617963404042573,0.6152298760583818,0.002733527984191242,0.15810708391593867,0.1543136643137515,-0.0037934196021871813,-0.01395503783540258,0.008053688764753446,0.9958181156279902,0.9799564149093546,1.0121322709661797,2000
paper,voting,"LogisticRegression,RandomForest,AdaBoost",sigmoid,models/predictive_sensitivity/h7_CV17_paper.joblib,sigmoid,17,0.43999999999999995,saved voting threshold (also applied to raw),7,CV17,Angina,single variable,cardiovascular,1,0.7384422316831452,0.723819202477739,0.014623029205406146,0.8440727699530517,0.8420858484238766,0.001986921529175123,0.617963404042573,0.6152298760583818,0.002733527984191242,0.10768249189922874,0.10826865320855891,0.0005861613093301743,-0.0027427772851961016,0.034216864437587056,1.0202025991509336,0.9962686876291227,1.048537454329487,2000
own,stacking,"KNeighbors,RandomForest,AdaBoost,MLP",raw,models/stacking_sensitivity/h7_CV17_own.joblib,raw_fixed,18,0.5,fixed 0.5,7,CV17,Angina,single variable,cardiovascular,1,0.7298364878886543,0.7181832771625742,0.011653210726080054,0.8426391683433937,0.8406773977196512,0.001961770623742476,0.6237599106106847,0.6251542866643391,-0.0013943760536544447,0.10654148968679936,0.10668731616461742,0.00014582647781806457,-0.00901972773701935,0.035545354878429115,1.0162259566556882,0.9876360089175524,1.0512533244509739,2000
own,stacking,"KNeighbors,RandomForest,AdaBoost,MLP",raw,models/stacking_sensitivity/h7_CV17_own.joblib,raw_threshold,18,0.48999999999999994,saved stacking threshold,7,CV17,Angina,single variable,cardiovascular,1,0.7271888482766964,0.7202433439790149,0.006945504297681482,0.8426391683433937,0.8406773977196512,0.001961770623742476,0.6237599106106847,0.6251542866643391,-0.0013943760536544447,0.10654148968679936,0.10668731616461742,0.00014582647781806457,-0.014115948257419247,0.0302738561521637,1.0096432745345632,0.9809825333147973,1.0428193278113764,2000
own,stacking,"KNeighbors,RandomForest,AdaBoost,MLP",sigmoid,models/stacking_sensitivity/h7_CV17_own.joblib,sigmoid,19,0.48999999999999994,saved stacking threshold,7,CV17,Angina,single variable,cardiovascular,1,0.7298364878886543,0.7141948389180861,0.01564164897056819,0.8426391683433937,0.8406773977196512,0.001961770623742476,0.6237599106106847,0.6251542866643391,-0.0013943760536544447,0.10671044744873101,0.10687942926538392,0.00016898181665291057,-0.004681821064644734,0.039836142398550496,1.0219010949368708,0.9935830494824157,1.0571382992475462,2000
own,stacking,"KNeighbors,RandomForest,AdaBoost,MLP",isotonic,models/stacking_sensitivity/h7_CV17_own.joblib,isotonic,20,0.42999999999999994,saved stacking threshold,7,CV17,Angina,single variable,cardiovascular,1,0.7412137884572199,0.7336701586816248,0.007543629775595084,0.8405139168343394,0.8415451039570758,-0.001031187122736421,0.5809162096170836,0.5995819016694229,-0.018665692052339367,0.10909709189362679,0.10716005573660274,-0.0019370361570240496,-0.012945735735057183,0.03050952110854258,1.0102820452574366,0.9825785293690098,1.0424238752942387,2000
paper,stacking,"LogisticRegression,RandomForest,AdaBoost",raw,models/stacking_sensitivity/h7_CV17_paper.joblib,raw_fixed,21,0.5,fixed 0.5,7,CV17,Angina,single variable,cardiovascular,1,0.7075843972346976,0.7057640750670242,0.0018203221676733605,0.8422199865861838,0.8411552649228705,0.0010647216633132839,0.6034110778583436,0.6048537916734118,-0.0014427138150682195,0.1090676171732286,0.10905701100786051,-1.0606165368090559e-05,-0.017075196862329705,0.02061280505838825,1.0025792219127907,0.9763595337044596,1.0292246496447106,2000
paper,stacking,"LogisticRegression,RandomForest,AdaBoost",raw,models/stacking_sensitivity/h7_CV17_paper.joblib,raw_threshold,21,0.4799999999999999,saved stacking threshold,7,CV17,Angina,single variable,cardiovascular,1,0.7350298381051587,0.7036772224208319,0.03135261568432679,0.8422199865861838,0.8411552649228705,0.0010647216633132839,0.6034110778583436,0.6048537916734118,-0.0014427138150682195,0.1090676171732286,0.10905701100786051,-1.0606165368090559e-05,0.014467513052985928,0.05169262738353528,1.0445553937023366,1.020380081309003,1.0757520429747378,2000
paper,stacking,"LogisticRegression,RandomForest,AdaBoost",sigmoid,models/stacking_sensitivity/h7_CV17_paper.joblib,sigmoid,22,0.4699999999999999,saved stacking threshold,7,CV17,Angina,single variable,cardiovascular,1,0.7350298381051587,0.7036772224208319,0.03135261568432679,0.8422199865861838,0.8411552649228705,0.0010647216633132839,0.6034110778583436,0.6048537916734118,-0.0014427138150682195,0.10912011138240431,0.10921005506877714,8.994368637282868e-05,0.014467513052985928,0.05169262738353528,1.0445553937023366,1.020380081309003,1.0757520429747378,2000
paper,stacking,"LogisticRegression,RandomForest,AdaBoost",isotonic,models/stacking_sensitivity/h7_CV17_paper.joblib,isotonic,23,0.42999999999999994,saved stacking threshold,7,CV17,Angina,single variable,cardiovascular,1,0.7137798908682395,0.7044556648064488,0.00932422606179062,0.8405809859154929,0.8411426894701542,-0.0005617035546613414,0.5821091827434924,0.5847661614892553,-0.0026569787457628724,0.10980365067439943,0.10957893368679684,-0.00022471698760258285,-0.011294108245068935,0.030312904231784163,1.0132360722294036,0.9842914521574392,1.0441692598651668,2000
LogisticRegression,individual,LogisticRegression,raw,Cached fitted individual; sigmoid fitted to cached training OOF,raw_fixed,0,0.5,fixed 0.5,7,CV17,Previous_CABG,single variable,cardiovascular,1,0.6978542510121457,0.6962833330209273,0.0015709179912184457,0.8400570087189806,0.8390258215962442,0.001031187122736421,0.5851106263451289,0.5873262012208629,-0.0022155748757339833,0.16278896131831536,0.16307716929356073,0.00028820797524536923,-0.008505777075817487,0.011593478234743219,1.0022561476294467,0.9878038405014155,1.0170155110414358,2000
LogisticRegression,individual,LogisticRegression,raw,Cached fitted individual; sigmoid fitted to cached training OOF,raw_threshold,0,0.61,own validation,7,CV17,Previous_CABG,single variable,cardiovascular,1,0.7397061730021741,0.7420803418276687,-0.0023741688254945714,0.8400570087189806,0.8390258215962442,0.001031187122736421,0.5851106263451289,0.5873262012208629,-0.0022155748757339833,0.16278896131831536,0.16307716929356073,0.00028820797524536923,-0.014754554534724362,0.010003436951037257,0.9968006579723602,0.9799468783835205,1.013530949269062,2000
LogisticRegression,individual,LogisticRegression,sigmoid,Cached fitted individual; sigmoid fitted to cached training OOF,sigmoid,1,0.32999999999999996,own validation,7,CV17,Previous_CABG,single variable,cardiovascular,1,0.7398703065405897,0.7422823989358048,-0.002412092395215115,0.8400570087189806,0.8390258215962442,0.001031187122736421,0.5851106263451289,0.5873262012208629,-0.0022155748757339833,0.11154514911142789,0.11127449926085613,-0.0002706498505717636,-0.01157673204024969,0.006225585590130679,0.9967504383794182,0.9844590962498727,1.0085273074388115,2000
SVC,individual,SVC,raw,Cached fitted individual; sigmoid fitted to cached training OOF,raw_fixed,2,0.5,fixed 0.5,7,CV17,Previous_CABG,single variable,cardiovascular,1,0.7061175251250945,0.7022678978875099,0.0038496272375846408,0.8287474849094567,0.8285630449362844,0.0001844399731723012,0.5532025204646347,0.5548995309477016,-0.0016970104830669186,0.16366850142026806,0.16285910673317347,-0.0008093946870945945,-0.004826637626336002,0.013238926747843924,1.0054817075494475,0.9932416995237625,1.019147187125119,2000
SVC,individual,SVC,raw,Cached fitted individual; sigmoid fitted to cached training OOF,raw_threshold,2,0.7699999999999999,own validation,7,CV17,Previous_CABG,single variable,cardiovascular,1,0.7059667789344763,0.6995799389928727,0.006386839941603606,0.8287474849094567,0.8285630449362844,0.0001844399731723012,0.5532025204646347,0.5548995309477016,-0.0016970104830669186,0.16366850142026806,0.16285910673317347,-0.0008093946870945945,-0.006787242876096602,0.020658492431807403,1.0091295355764465,0.9902073364205599,1.0302829020335706,2000
SVC,individual,SVC,sigmoid,Cached fitted individual; sigmoid fitted to cached training OOF,sigmoid,3,0.42999999999999994,own validation,7,CV17,Previous_CABG,single variable,cardiovascular,1,0.7059667789344763,0.6995799389928727,0.006386839941603606,0.8287474849094567,0.8285630449362844,0.0001844399731723012,0.5532025204646347,0.5548995309477016,-0.0016970104830669186,0.11597550866454256,0.11604819297281259,7.268430827002403e-05,-0.006787242876096602,0.020658492431807403,1.0091295355764465,0.9902073364205599,1.0302829020335706,2000
KNeighbors,individual,KNeighbors,raw,Cached fitted individual; sigmoid fitted to cached training OOF,raw_fixed,4,0.5,fixed 0.5,7,CV17,Previous_CABG,single variable,cardiovascular,1,0.6881554279688324,0.6879399281258756,0.00021549984295687885,0.8064721663313212,0.8031773977196512,0.003294768611669996,0.5460457640091161,0.5538785801939545,-0.007832816184838443,0.15337400188564979,0.15105012282254263,-0.0023238790631071593,-0.014333288504856698,0.014621819770399684,1.000313253867302,0.9797839608850931,1.0215239493273975,2000
KNeighbors,individual,KNeighbors,raw,Cached fitted individual; sigmoid fitted to cached training OOF,raw_threshold,4,0.6699999999999999,own validation,7,CV17,Previous_CABG,single variable,cardiovascular,1,0.6972794008516857,0.6919211767347856,0.005358224116900123,0.8064721663313212,0.8031773977196512,0.003294768611669996,0.5460457640091161,0.5538785801939545,-0.007832816184838443,0.15337400188564979,0.15105012282254263,-0.0023238790631071593,-0.010867155872932282,0.02286034367334556,1.0077439805241775,0.9843801669681008,1.0339625641886148,2000
KNeighbors,individual,KNeighbors,sigmoid,Cached fitted individual; sigmoid fitted to cached training OOF,sigmoid,5,0.3499999999999999,own validation,7,CV17,Previous_CABG,single variable,cardiovascular,1,0.6976584022038568,0.6923908630030511,0.005267539200805693,0.8064721663313212,0.8031773977196512,0.003294768611669996,0.5460457640091161,0.5538785801939545,-0.007832816184838443,0.12163144832469219,0.121678305811841,4.685748714880478e-05,-0.010994628887835829,0.023076730893269795,1.0076077537735828,0.984336462722589,1.0334439182457182,2000
RandomForest,individual,RandomForest,raw,Cached fitted individual; sigmoid fitted to cached training OOF,raw_fixed,6,0.5,fixed 0.5,7,CV17,Previous_CABG,single variable,cardiovascular,1,0.7417235790637324,0.7378650931143138,0.003858485949418622,0.8438883299798793,0.8420439302481556,0.0018443997317236782,0.6308391905099286,0.62817846212329,0.0026607283866386666,0.13488980382932303,0.13397485788109442,-0.0009149459482286071,-0.005110438610118736,0.014049348368361666,1.005229256656028,0.9931432056390861,1.0190367202840354,2000
RandomForest,individual,RandomForest,raw,Cached fitted individual; sigmoid fitted to cached training OOF,raw_threshold,6,0.5299999999999999,own validation,7,CV17,Previous_CABG,single variable,cardiovascular,1,0.7450960369852015,0.7463242375601926,-0.0012282005749910674,0.8438883299798793,0.8420439302481556,0.0018443997317236782,0.6308391905099286,0.62817846212329,0.0026607283866386666,0.13488980382932303,0.13397485788109442,-0.0009149459482286071,-0.008103571370112483,0.005468581986723032,0.9983543337959837,0.9891571793125437,1.0072271128448826,2000
RandomForest,individual,RandomForest,sigmoid,Cached fitted individual; sigmoid fitted to cached training OOF,sigmoid,7,0.33999999999999997,own validation,7,CV17,Previous_CABG,single variable,cardiovascular,1,0.7570925553319919,0.7570925553319919,0.0,0.8438883299798793,0.8420439302481556,0.0018443997317236782,0.6308391905099286,0.62817846212329,0.0026607283866386666,0.10663169271947372,0.10682225338468881,0.00019056066521509762,-0.0038613720604035034,0.0038797285168213867,1.0,0.9949289246456613,1.005162236570681,2000
AdaBoost,individual,AdaBoost,raw,Cached fitted individual; sigmoid fitted to cached training OOF,raw_fixed,8,0.5,fixed 0.5,7,CV17,Previous_CABG,single variable,cardiovascular,1,0.7019006243027696,0.7019006243027696,0.0,0.8237592219986586,0.8237592219986586,0.0,0.5763065060045852,0.5763065060045852,0.0,0.1964828308600174,0.1964828308600174,0.0,0.0,0.0,1.0,1.0,1.0,2000
AdaBoost,individual,AdaBoost,raw,Cached fitted individual; sigmoid fitted to cached training OOF,raw_threshold,8,0.5399999999999999,own validation,7,CV17,Previous_CABG,single variable,cardiovascular,1,0.7362850277514552,0.7362850277514552,0.0,0.8237592219986586,0.8237592219986586,0.0,0.5763065060045852,0.5763065060045852,0.0,0.1964828308600174,0.1964828308600174,0.0,0.0,0.0,1.0,1.0,1.0,2000
AdaBoost,individual,AdaBoost,sigmoid,Cached fitted individual; sigmoid fitted to cached training OOF,sigmoid,9,0.32999999999999996,own validation,7,CV17,Previous_CABG,single variable,cardiovascular,1,0.7337982263321459,0.7337982263321459,0.0,0.8237592219986586,0.8237592219986586,0.0,0.5763065060045852,0.5763065060045852,0.0,0.11428056911772555,0.11428056911772555,0.0,0.0,0.0,1.0,1.0,1.0,2000
MLP,individual,MLP,raw,Cached fitted individual; sigmoid fitted to cached training OOF,raw_fixed,10,0.5,fixed 0.5,7,CV17,Previous_CABG,single variable,cardiovascular,1,0.7054598979906206,0.7065281670223433,-0.0010682690317227461,0.8405097250167672,0.8388581488933602,0.0016515761234070503,0.6221975471780146,0.6161683387788829,0.00602920839913168,0.14837885503664802,0.1518284959804541,0.003449640943806065,-0.01320782444527164,0.011210886986235527,0.998488002203472,0.9815574560707641,1.0160914787011435,2000
MLP,individual,MLP,raw,Cached fitted individual; sigmoid fitted to cached training OOF,raw_threshold,10,0.7499999999999999,own validation,7,CV17,Previous_CABG,single variable,cardiovascular,1,0.7453939331666495,0.7479678234070251,-0.002573890240375576,0.8405097250167672,0.8388581488933602,0.0016515761234070503,0.6221975471780146,0.6161683387788829,0.00602920839913168,0.14837885503664802,0.1518284959804541,0.003449640943806065,-0.019510593216782373,0.013593210641743821,0.9965588222382997,0.97418697189888,1.0185166021901617,2000
MLP,individual,MLP,sigmoid,Cached fitted individual; sigmoid fitted to cached training OOF,sigmoid,11,0.41999999999999993,own validation,7,CV17,Previous_CABG,single variable,cardiovascular,1,0.7467307692307692,0.7466871531994552,4.361603131397551e-05,0.8405097250167672,0.8388581488933602,0.0016515761234070503,0.6221975471780146,0.6161683387788829,0.00602920839913168,0.1069901165628567,0.10796692976971035,0.0009768132068536522,-0.016263823745820853,0.015354214576133687,1.0000584127249639,0.9783238720584301,1.0210099527403516,2000
GradientBoosting,individual,GradientBoosting,raw,Cached fitted individual; sigmoid fitted to cached training OOF,raw_fixed,12,0.5,fixed 0.5,7,CV17,Previous_CABG,single variable,cardiovascular,1,0.72416251897349,0.72416251897349,0.0,0.8293678739101275,0.8293678739101275,0.0,0.5888579484291103,0.5888579484291103,0.0,0.1428185474058207,0.1428185474058207,0.0,0.0,0.0,1.0,1.0,1.0,2000
GradientBoosting,individual,GradientBoosting,raw,Cached fitted individual; sigmoid fitted to cached training OOF,raw_threshold,12,0.5499999999999999,own validation,7,CV17,Previous_CABG,single variable,cardiovascular,1,0.7400236880466473,0.7400236880466473,0.0,0.8293678739101275,0.8293678739101275,0.0,0.5888579484291103,0.5888579484291103,0.0,0.1428185474058207,0.1428185474058207,0.0,0.0,0.0,1.0,1.0,1.0,2000
GradientBoosting,individual,GradientBoosting,sigmoid,Cached fitted individual; sigmoid fitted to cached training OOF,sigmoid,13,0.29,own validation,7,CV17,Previous_CABG,single variable,cardiovascular,1,0.7378650931143138,0.7378650931143138,0.0,0.8293678739101275,0.8293678739101275,0.0,0.5888579484291103,0.5888579484291103,0.0,0.11236137073535046,0.11236137073535046,0.0,0.0,0.0,1.0,1.0,1.0,2000
XGBoost,individual,XGBoost,raw,Cached fitted individual; sigmoid fitted to cached training OOF,raw_fixed,14,0.5,fixed 0.5,7,CV17,Previous_CABG,single variable,cardiovascular,1,0.7144805303793219,0.7159605780704468,-0.001480047691124864,0.8388246143527833,0.837709590878605,0.001115023474178356,0.6062699193355928,0.6067408266342206,-0.00047090729862775405,0.2018152974883635,0.2012307499708834,-0.0005845475174801051,-0.00828146475523714,0.006130155838031272,0.9979327804680062,0.9886388260103723,1.0086538119985322,2000
XGBoost,individual,XGBoost,raw,Cached fitted individual; sigmoid fitted to cached training OOF,raw_threshold,14,0.5299999999999999,own validation,7,CV17,Previous_CABG,single variable,cardiovascular,1,0.7592721834496511,0.7607729711602951,-0.0015007877106439915,0.8388246143527833,0.837709590878605,0.001115023474178356,0.6062699193355928,0.6067408266342206,-0.00047090729862775405,0.2018152974883635,0.2012307499708834,-0.0005845475174801051,-0.00772835868340839,0.005387706980539751,0.9980272857113272,0.9898695154213748,1.0070305250828797,2000
XGBoost,individual,XGBoost,sigmoid,Cached fitted individual; sigmoid fitted to cached training OOF,sigmoid,15,0.31999999999999995,own validation,7,CV17,Previous_CABG,single variable,cardiovascular,1,0.7486119537164402,0.7464882011230487,0.0021237525933914814,0.8388246143527833,0.837709590878605,0.001115023474178356,0.6062699193355928,0.6067408266342206,-0.00047090729862775405,0.10890968022913168,0.10892637964858837,1.6699419456686626e-05,-0.005140215777422308,0.010868028918517621,1.0028449915085014,0.993101995975107,1.014626602079139,2000
paper,voting,"LogisticRegression,RandomForest,AdaBoost",raw,models/predictive_sensitivity/h7_CV17_paper.joblib,raw_fixed,16,0.5,fixed 0.5,7,CV17,Previous_CABG,single variable,cardiovascular,1,0.719064834047819,0.7216756840979792,-0.0026108500501602627,0.8440727699530517,0.8424798792756539,0.0015928906773977625,0.617963404042573,0.6172824653951389,0.0006809386474341261,0.15810708391593867,0.1578783027513319,-0.00022878116460675613,-0.011026864250361163,0.006161426812964735,0.9963822391308312,0.9846819266016573,1.0085082432282644,2000
paper,voting,"LogisticRegression,RandomForest,AdaBoost",raw,models/predictive_sensitivity/h7_CV17_paper.joblib,raw_threshold,16,0.43999999999999995,saved voting threshold (also applied to raw),7,CV17,Previous_CABG,single variable,cardiovascular,1,0.6748584161766302,0.6740655401945724,0.0007928759820577946,0.8440727699530517,0.8424798792756539,0.0015928906773977625,0.617963404042573,0.6172824653951389,0.0006809386474341261,0.15810708391593867,0.1578783027513319,-0.00022878116460675613,-0.006024185303155963,0.00792932043128958,1.0011762594803897,0.9910091521249957,1.012118026721429,2000
paper,voting,"LogisticRegression,RandomForest,AdaBoost",sigmoid,models/predictive_sensitivity/h7_CV17_paper.joblib,sigmoid,17,0.43999999999999995,saved voting threshold (also applied to raw),7,CV17,Previous_CABG,single variable,cardiovascular,1,0.7384422316831452,0.7371060708136836,0.0013361608694615335,0.8440727699530517,0.8424798792756539,0.0015928906773977625,0.617963404042573,0.6172824653951389,0.0006809386474341261,0.10768249189922874,0.10778495303481091,0.00010246113558216863,0.0,0.004250095215493688,1.0018127117959923,1.0,1.005726192782659,2000
own,stacking,"KNeighbors,RandomForest,AdaBoost,MLP",raw,models/stacking_sensitivity/h7_CV17_own.joblib,raw_fixed,18,0.5,fixed 0.5,7,CV17,Previous_CABG,single variable,cardiovascular,1,0.7298364878886543,0.735518959779698,-0.00568247189104365,0.8426391683433937,0.8405516431924883,0.0020875251509053783,0.6237599106106847,0.6197616143983625,0.003998296212322172,0.10654148968679936,0.10732646637629731,0.0007849766894979515,-0.015195954711678044,0.0,0.9922742006640514,0.9792532237478407,1.0,2000
own,stacking,"KNeighbors,RandomForest,AdaBoost,MLP",raw,models/stacking_sensitivity/h7_CV17_own.joblib,raw_threshold,18,0.48999999999999994,saved stacking threshold,7,CV17,Previous_CABG,single variable,cardiovascular,1,0.7271888482766964,0.7369911997037477,-0.009802351427051326,0.8426391683433937,0.8405516431924883,0.0020875251509053783,0.6237599106106847,0.6197616143983625,0.003998296212322172,0.10654148968679936,0.10732646637629731,0.0007849766894979515,-0.021013044463510384,-0.0013564682469105029,0.9866995000333904,0.9716629309020246,0.9981489324545435,2000
own,stacking,"KNeighbors,RandomForest,AdaBoost,MLP",sigmoid,models/stacking_sensitivity/h7_CV17_own.joblib,sigmoid,19,0.48999999999999994,saved stacking threshold,7,CV17,Previous_CABG,single variable,cardiovascular,1,0.7298364878886543,0.735518959779698,-0.00568247189104365,0.8426391683433937,0.8405516431924883,0.0020875251509053783,0.6237599106106847,0.6197616143983625,0.003998296212322172,0.10671044744873101,0.10746440619946046,0.0007539587507294498,-0.015195954711678044,0.0,0.9922742006640514,0.9792532237478407,1.0,2000
own,stacking,"KNeighbors,RandomForest,AdaBoost,MLP",isotonic,models/stacking_sensitivity/h7_CV17_own.joblib,isotonic,20,0.42999999999999994,saved stacking threshold,7,CV17,Previous_CABG,single variable,cardiovascular,1,0.7412137884572199,0.7439689823379423,-0.0027551938807224285,0.8405139168343394,0.8381120053655265,0.0024019114688128562,0.5809162096170836,0.5755904047455738,0.005325804871509798,0.10909709189362679,0.10952219342856058,0.0004251015349337889,-0.010011590997088812,0.0027128458287697913,0.9962966280233025,0.9865323052910562,1.0036732386308005,2000
paper,stacking,"LogisticRegression,RandomForest,AdaBoost",raw,models/stacking_sensitivity/h7_CV17_paper.joblib,raw_fixed,21,0.5,fixed 0.5,7,CV17,Previous_CABG,single variable,cardiovascular,1,0.7075843972346976,0.7259295227524972,-0.018345125517799654,0.8422199865861838,0.8406941649899397,0.001525821596244148,0.6034110778583436,0.6048807336913161,-0.0014696558329725384,0.1090676171732286,0.10915427289959985,8.665572637124586e-05,-0.03331300065165496,-0.005945061365219497,0.974728778837592,0.9538611335038358,0.991863252619249,2000
paper,stacking,"LogisticRegression,RandomForest,AdaBoost",raw,models/stacking_sensitivity/h7_CV17_paper.joblib,raw_threshold,21,0.4799999999999999,saved stacking threshold,7,CV17,Previous_CABG,single variable,cardiovascular,1,0.7350298381051587,0.7336701586816248,0.0013596794235338772,0.8422199865861838,0.8406941649899397,0.001525821596244148,0.6034110778583436,0.6048807336913161,-0.0014696558329725384,0.1090676171732286,0.10915427289959985,8.665572637124586e-05,0.0,0.004355583876931035,1.0018532570903214,1.0,1.0058690815896885,2000
paper,stacking,"LogisticRegression,RandomForest,AdaBoost",sigmoid,models/stacking_sensitivity/h7_CV17_paper.joblib,sigmoid,22,0.4699999999999999,saved stacking threshold,7,CV17,Previous_CABG,single variable,cardiovascular,1,0.7350298381051587,0.7336701586816248,0.0013596794235338772,0.8422199865861838,0.8406941649899397,0.001525821596244148,0.6034110778583436,0.6048807336913161,-0.0014696558329725384,0.10912011138240431,0.1092171850440556,9.707366165129239e-05,0.0,0.004355583876931035,1.0018532570903214,1.0,1.0058690815896885,2000
paper,stacking,"LogisticRegression,RandomForest,AdaBoost",isotonic,models/stacking_sensitivity/h7_CV17_paper.joblib,isotonic,23,0.42999999999999994,saved stacking threshold,7,CV17,Previous_CABG,single variable,cardiovascular,1,0.7137798908682395,0.7245806564754642,-0.01080076560722476,0.8405809859154929,0.8389839034205231,0.0015970824949698148,0.5821091827434924,0.5857650326910729,-0.003655849947580503,0.10980365067439943,0.10990318271344858,9.95320390491522e-05,-0.023948272587376758,-7.514193908463803e-05,0.9850937704302482,0.9667230683571082,0.9999000728049906,2000
LogisticRegression,individual,LogisticRegression,raw,Cached fitted individual; sigmoid fitted to cached training OOF,raw_fixed,0,0.5,fixed 0.5,7,CV17,Previous_PCI,single variable,cardiovascular,1,0.6978542510121457,0.6978542510121457,0.0,0.8400570087189806,0.8400737759892689,-1.676727028832037e-05,0.5851106263451289,0.5852098426055504,-9.921626042153076e-05,0.16278896131831536,0.16279993831840098,1.0977000085621302e-05,0.0,0.0,1.0,1.0,1.0,2000
LogisticRegression,individual,LogisticRegression,raw,Cached fitted individual; sigmoid fitted to cached training OOF,raw_threshold,0,0.61,own validation,7,CV17,Previous_PCI,single variable,cardiovascular,1,0.7397061730021741,0.7409436325333895,-0.0012374595312153458,0.8400570087189806,0.8400737759892689,-1.676727028832037e-05,0.5851106263451289,0.5852098426055504,-9.921626042153076e-05,0.16278896131831536,0.16279993831840098,1.0977000085621302e-05,-0.008293111741731144,0.005735966278480266,0.9983298870833341,0.9888734145403799,1.0077812716072787,2000
LogisticRegression,individual,LogisticRegression,sigmoid,Cached fitted individual; sigmoid fitted to cached training OOF,sigmoid,1,0.32999999999999996,own validation,7,CV17,Previous_PCI,single variable,cardiovascular,1,0.7398703065405897,0.7398703065405897,0.0,0.8400570087189806,0.8400737759892689,-1.676727028832037e-05,0.5851106263451289,0.5852098426055504,-9.921626042153076e-05,0.11154514911142789,0.11155166683418805,6.5177227601548315e-06,0.0,0.0,1.0,1.0,1.0,2000
SVC,individual,SVC,raw,Cached fitted individual; sigmoid fitted to cached training OOF,raw_fixed,2,0.5,fixed 0.5,7,CV17,Previous_PCI,single variable,cardiovascular,1,0.7061175251250945,0.7041960183767229,0.0019215067483716597,0.8287474849094567,0.829183433936955,-0.000435949027498328,0.5532025204646347,0.5524998710430166,0.0007026494216181289,0.16366850142026806,0.16252034840190957,-0.0011481530183584943,-0.0021655278796545415,0.007503781128035254,1.0027286532417508,0.996963331708624,1.0106198405660929,2000
SVC,individual,SVC,raw,Cached fitted individual; sigmoid fitted to cached training OOF,raw_threshold,2,0.7699999999999999,own validation,7,CV17,Previous_PCI,single variable,cardiovascular,1,0.7059667789344763,0.7059667789344763,0.0,0.8287474849094567,0.829183433936955,-0.000435949027498328,0.5532025204646347,0.5524998710430166,0.0007026494216181289,0.16366850142026806,0.16252034840190957,-0.0011481530183584943,-0.008519079697780135,0.008518669297759627,1.0,0.9881435745043419,1.012098437890289,2000
SVC,individual,SVC,sigmoid,Cached fitted individual; sigmoid fitted to cached training OOF,sigmoid,3,0.42999999999999994,own validation,7,CV17,Previous_PCI,single variable,cardiovascular,1,0.7059667789344763,0.7059667789344763,0.0,0.8287474849094567,0.829183433936955,-0.000435949027498328,0.5532025204646347,0.5524998710430166,0.0007026494216181289,0.11597550866454256,0.11602999554834437,5.4486883801802e-05,-0.008519079697780135,0.008518669297759627,1.0,0.9881435745043419,1.012098437890289,2000
KNeighbors,individual,KNeighbors,raw,Cached fitted individual; sigmoid fitted to cached training OOF,raw_fixed,4,0.5,fixed 0.5,7,CV17,Previous_PCI,single variable,cardiovascular,1,0.6881554279688324,0.6881339087705092,2.1519198323272093e-05,0.8064721663313212,0.8069164989939638,-0.0004443326626425437,0.5460457640091161,0.546071419546219,-2.5655537102875492e-05,0.15337400188564979,0.15266134946652132,-0.0007126524191284622,-0.013803808780400384,0.013940333354573155,1.0000312718179543,0.9801151545454625,1.0208499977547165,2000
KNeighbors,individual,KNeighbors,raw,Cached fitted individual; sigmoid fitted to cached training OOF,raw_threshold,4,0.6699999999999999,own validation,7,CV17,Previous_PCI,single variable,cardiovascular,1,0.6972794008516857,0.7021482819974938,-0.004868881145808079,0.8064721663313212,0.8069164989939638,-0.0004443326626425437,0.5460457640091161,0.546071419546219,-2.5655537102875492e-05,0.15337400188564979,0.15266134946652132,-0.0007126524191284622,-0.017206802121055985,0.008528021886049226,0.9930657365820836,0.9756148193844159,1.01224448721806,2000
KNeighbors,individual,KNeighbors,sigmoid,Cached fitted individual; sigmoid fitted to cached training OOF,sigmoid,5,0.3499999999999999,own validation,7,CV17,Previous_PCI,single variable,cardiovascular,1,0.6976584022038568,0.7037344798378489,-0.006076077633992094,0.8064721663313212,0.8069164989939638,-0.0004443326626425437,0.5460457640091161,0.546071419546219,-2.5655537102875492e-05,0.12163144832469219,0.12151795242874151,-0.00011349589595067988,-0.018739967058034334,0.007771043823175985,0.9913659514943873,0.9733997868828026,1.0112039203332541,2000
RandomForest,individual,RandomForest,raw,Cached fitted individual; sigmoid fitted to cached training OOF,raw_fixed,6,0.5,fixed 0.5,7,CV17,Previous_PCI,single variable,cardiovascular,1,0.7417235790637324,0.7386432145656237,0.0030803644981087785,0.8438883299798793,0.8415576794097921,0.0023306505700871893,0.6308391905099286,0.6279130616233287,0.0029261288865999324,0.13488980382932303,0.13479242551140655,-9.737831791648e-05,-0.0023449790454277836,0.010016287322252761,1.0041703009482328,0.9968280218939475,1.013664151191705,2000
RandomForest,individual,RandomForest,raw,Cached fitted individual; sigmoid fitted to cached training OOF,raw_threshold,6,0.5299999999999999,own validation,7,CV17,Previous_PCI,single variable,cardiovascular,1,0.7450960369852015,0.7428009630818619,0.002295073903339606,0.8438883299798793,0.8415576794097921,0.0023306505700871893,0.6308391905099286,0.6279130616233287,0.0029261288865999324,0.13488980382932303,0.13479242551140655,-9.737831791648e-05,-0.0024953401705729962,0.00852593343910152,1.00308975623001,0.9966732946157503,1.0115227769389827,2000
RandomForest,individual,RandomForest,sigmoid,Cached fitted individual; sigmoid fitted to cached training OOF,sigmoid,7,0.33999999999999997,own validation,7,CV17,Previous_PCI,single variable,cardiovascular,1,0.7570925553319919,0.7558066344209468,0.0012859209110451797,0.8438883299798793,0.8415576794097921,0.0023306505700871893,0.6308391905099286,0.6279130616233287,0.0029261288865999324,0.10663169271947372,0.10699208132562883,0.00036038860615511537,-0.002668679138635252,0.006094788334657755,1.001701388758026,0.9965017140405417,1.008305113947809,2000
AdaBoost,individual,AdaBoost,raw,Cached fitted individual; sigmoid fitted to cached training OOF,raw_fixed,8,0.5,fixed 0.5,7,CV17,Previous_PCI,single variable,cardiovascular,1,0.7019006243027696,0.7019006243027696,0.0,0.8237592219986586,0.8237592219986586,0.0,0.5763065060045852,0.5763065060045852,0.0,0.1964828308600174,0.1964828308600174,0.0,0.0,0.0,1.0,1.0,1.0,2000
AdaBoost,individual,AdaBoost,raw,Cached fitted individual; sigmoid fitted to cached training OOF,raw_threshold,8,0.5399999999999999,own validation,7,CV17,Previous_PCI,single variable,cardiovascular,1,0.7362850277514552,0.7362850277514552,0.0,0.8237592219986586,0.8237592219986586,0.0,0.5763065060045852,0.5763065060045852,0.0,0.1964828308600174,0.1964828308600174,0.0,0.0,0.0,1.0,1.0,1.0,2000
AdaBoost,individual,AdaBoost,sigmoid,Cached fitted individual; sigmoid fitted to cached training OOF,sigmoid,9,0.32999999999999996,own validation,7,CV17,Previous_PCI,single variable,cardiovascular,1,0.7337982263321459,0.7337982263321459,0.0,0.8237592219986586,0.8237592219986586,0.0,0.5763065060045852,0.5763065060045852,0.0,0.11428056911772555,0.11428056911772555,0.0,0.0,0.0,1.0,1.0,1.0,2000
MLP,individual,MLP,raw,Cached fitted individual; sigmoid fitted to cached training OOF,raw_fixed,10,0.5,fixed 0.5,7,CV17,Previous_PCI,single variable,cardiovascular,1,0.7054598979906206,0.6982201803641314,0.007239717626489228,0.8405097250167672,0.838849765258216,0.001659959758551266,0.6221975471780146,0.6214501304429775,0.0007474167350370875,0.14837885503664802,0.15026523025743121,0.001886375220783193,-0.0029624252029105736,0.018172708863930194,1.0103688175021146,0.9958446652539192,1.0264613658755222,2000
MLP,individual,MLP,raw,Cached fitted individual; sigmoid fitted to cached training OOF,raw_threshold,10,0.7499999999999999,own validation,7,CV17,Previous_PCI,single variable,cardiovascular,1,0.7453939331666495,0.750714920081134,-0.005320986914484571,0.8405097250167672,0.838849765258216,0.001659959758551266,0.6221975471780146,0.6214501304429775,0.0007474167350370875,0.14837885503664802,0.15026523025743121,0.001886375220783193,-0.020030831523651906,0.00943624682790061,0.9929121071499292,0.9731652192165913,1.0126050384721632,2000
MLP,individual,MLP,sigmoid,Cached fitted individual; sigmoid fitted to cached training OOF,sigmoid,11,0.41999999999999993,own validation,7,CV17,Previous_PCI,single variable,cardiovascular,1,0.7467307692307692,0.7547710622710623,-0.008040293040293078,0.8405097250167672,0.838849765258216,0.001659959758551266,0.6221975471780146,0.6214501304429775,0.0007474167350370875,0.1069901165628567,0.10742179272999522,0.0004316761671385172,-0.02189453712229262,0.005504730043755499,0.9893473750621807,0.9708009400515408,1.007337898454393,2000
GradientBoosting,individual,GradientBoosting,raw,Cached fitted individual; sigmoid fitted to cached training OOF,raw_fixed,12,0.5,fixed 0.5,7,CV17,Previous_PCI,single variable,cardiovascular,1,0.72416251897349,0.72416251897349,0.0,0.8293678739101275,0.829351106639839,1.676727028843139e-05,0.5888579484291103,0.5884736354450316,0.0003843129840787052,0.1428185474058207,0.1428266083933014,8.06098748071249e-06,0.0,0.0,1.0,1.0,1.0,2000
GradientBoosting,individual,GradientBoosting,raw,Cached fitted individual; sigmoid fitted to cached training OOF,raw_threshold,12,0.5499999999999999,own validation,7,CV17,Previous_PCI,single variable,cardiovascular,1,0.7400236880466473,0.7378650931143138,0.002158594932333502,0.8293678739101275,0.829351106639839,1.676727028843139e-05,0.5888579484291103,0.5884736354450316,0.0003843129840787052,0.1428185474058207,0.1428266083933014,8.06098748071249e-06,0.0,0.006965217861659949,1.002925460158608,1.0,1.009596058068682,2000
GradientBoosting,individual,GradientBoosting,sigmoid,Cached fitted individual; sigmoid fitted to cached training OOF,sigmoid,13,0.29,own validation,7,CV17,Previous_PCI,single variable,cardiovascular,1,0.7378650931143138,0.7356973562876761,0.002167736826637734,0.8293678739101275,0.829351106639839,1.676727028843139e-05,0.5888579484291103,0.5884736354450316,0.0003843129840787052,0.11236137073535046,0.11235114604805302,-1.0224687297444301e-05,0.0,0.006997284260117385,1.0029465062068132,1.0,1.0096667515521793,2000
XGBoost,individual,XGBoost,raw,Cached fitted individual; sigmoid fitted to cached training OOF,raw_fixed,14,0.5,fixed 0.5,7,CV17,Previous_PCI,single variable,cardiovascular,1,0.7144805303793219,0.710505454417903,0.0039750759614188835,0.8388246143527833,0.8382461435278337,0.0005784708249496617,0.6062699193355928,0.6042749733671249,0.0019949459684679427,0.2018152974883635,0.20154470590976933,-0.0002705915785941593,0.0,0.010154722018895099,1.00559471561647,1.0,1.0146050729049492,2000
XGBoost,individual,XGBoost,raw,Cached fitted individual; sigmoid fitted to cached training OOF,raw_threshold,14,0.5299999999999999,own validation,7,CV17,Previous_PCI,single variable,cardiovascular,1,0.7592721834496511,0.7579888708123064,0.0012833126373447135,0.8388246143527833,0.8382461435278337,0.0005784708249496617,0.6062699193355928,0.6042749733671249,0.0019949459684679427,0.2018152974883635,0.20154470590976933,-0.0002705915785941593,0.0,0.004038311858236539,1.0016930494453955,1.0,1.0052950508120322,2000
XGBoost,individual,XGBoost,sigmoid,Cached fitted individual; sigmoid fitted to cached training OOF,sigmoid,15,0.31999999999999995,own validation,7,CV17,Previous_PCI,single variable,cardiovascular,1,0.7486119537164402,0.7475565742779302,0.0010553794385099735,0.8388246143527833,0.8382461435278337,0.0005784708249496617,0.6062699193355928,0.6042749733671249,0.0019949459684679427,0.10890968022913168,0.10904512226776371,0.00013544203863202764,-0.0034970342472436743,0.006947102583183856,1.0014117719980316,0.9953160192028804,1.009453403067446,2000
paper,voting,"LogisticRegression,RandomForest,AdaBoost",raw,models/predictive_sensitivity/h7_CV17_paper.joblib,raw_fixed,16,0.5,fixed 0.5,7,CV17,Previous_PCI,single variable,cardiovascular,1,0.719064834047819,0.7212742902037567,-0.0022094561559377057,0.8440727699530517,0.8432763246143528,0.0007964453386989367,0.617963404042573,0.6167996767260461,0.001163727316526919,0.15810708391593867,0.15794772110379388,-0.0001593628121447921,-0.005571475191183545,0.0,0.9969367324110311,0.9922885072943195,1.0,2000
paper,voting,"LogisticRegression,RandomForest,AdaBoost",raw,models/predictive_sensitivity/h7_CV17_paper.joblib,raw_threshold,16,0.43999999999999995,saved voting threshold (also applied to raw),7,CV17,Previous_PCI,single variable,cardiovascular,1,0.6748584161766302,0.6748584161766302,0.0,0.8440727699530517,0.8432763246143528,0.0007964453386989367,0.617963404042573,0.6167996767260461,0.001163727316526919,0.15810708391593867,0.15794772110379388,-0.0001593628121447921,-0.002998633863258787,0.0030399458057563944,1.0,0.9955303860138432,1.0045036377911822,2000
paper,voting,"LogisticRegression,RandomForest,AdaBoost",sigmoid,models/predictive_sensitivity/h7_CV17_paper.joblib,sigmoid,17,0.43999999999999995,saved voting threshold (also applied to raw),7,CV17,Previous_PCI,single variable,cardiovascular,1,0.7384422316831452,0.7384422316831452,0.0,0.8440727699530517,0.8432763246143528,0.0007964453386989367,0.617963404042573,0.6167996767260461,0.001163727316526919,0.10768249189922874,0.10786732460997618,0.0001848327107474429,0.0,0.0,1.0,1.0,1.0,2000
own,stacking,"KNeighbors,RandomForest,AdaBoost,MLP",raw,models/stacking_sensitivity/h7_CV17_own.joblib,raw_fixed,18,0.5,fixed 0.5,7,CV17,Previous_PCI,single variable,cardiovascular,1,0.7298364878886543,0.7269691518677281,0.002867336020926148,0.8426391683433937,0.8406354795439303,0.0020036887994634434,0.6237599106106847,0.6201589791586307,0.0036009314520539792,0.10654148968679936,0.10712031568641756,0.0005788259996181988,-0.0027158543468362717,0.010722233566044587,1.0039442334156263,0.9963095325290622,1.0150125566413843,2000
own,stacking,"KNeighbors,RandomForest,AdaBoost,MLP",raw,models/stacking_sensitivity/h7_CV17_own.joblib,raw_threshold,18,0.48999999999999994,saved stacking threshold,7,CV17,Previous_PCI,single variable,cardiovascular,1,0.7271888482766964,0.7271888482766964,0.0,0.8426391683433937,0.8406354795439303,0.0020036887994634434,0.6237599106106847,0.6201589791586307,0.0036009314520539792,0.10654148968679936,0.10712031568641756,0.0005788259996181988,-0.00839310114655161,0.008535313077678276,1.0,0.9886197811441227,1.0117561821405099,2000
own,stacking,"KNeighbors,RandomForest,AdaBoost,MLP",sigmoid,models/stacking_sensitivity/h7_CV17_own.joblib,sigmoid,19,0.48999999999999994,saved stacking threshold,7,CV17,Previous_PCI,single variable,cardiovascular,1,0.7298364878886543,0.7271888482766964,0.002647639611957908,0.8426391683433937,0.8406354795439303,0.0020036887994634434,0.6237599106106847,0.6201589791586307,0.0036009314520539792,0.10671044744873101,0.10726353995155619,0.0005530925028251754,-0.006103848107271118,0.011988467731911508,1.0036409243874302,0.9914761717597211,1.0168553595823564,2000
own,stacking,"KNeighbors,RandomForest,AdaBoost,MLP",isotonic,models/stacking_sensitivity/h7_CV17_own.joblib,isotonic,20,0.42999999999999994,saved stacking threshold,7,CV17,Previous_PCI,single variable,cardiovascular,1,0.7412137884572199,0.7300276264002422,0.011186162056977644,0.8405139168343394,0.8398096914822267,0.0007042253521126751,0.5809162096170836,0.5775857391983292,0.003330470418754339,0.10909709189362679,0.10967227253095124,0.0005751806373244517,0.002569540649898511,0.023890075473861877,1.0153229297802557,1.0034531776948123,1.033205641300635,2000
paper,stacking,"LogisticRegression,RandomForest,AdaBoost",raw,models/stacking_sensitivity/h7_CV17_paper.joblib,raw_fixed,21,0.5,fixed 0.5,7,CV17,Previous_PCI,single variable,cardiovascular,1,0.7075843972346976,0.7075843972346976,0.0,0.8422199865861838,0.8416666666666667,0.0005533199195171257,0.6034110778583436,0.6022873813513312,0.0011236965070123839,0.1090676171732286,0.109150702267637,8.30850944083944e-05,0.0,0.0,1.0,1.0,1.0,2000
paper,stacking,"LogisticRegression,RandomForest,AdaBoost",raw,models/stacking_sensitivity/h7_CV17_paper.joblib,raw_threshold,21,0.4799999999999999,saved stacking threshold,7,CV17,Previous_PCI,single variable,cardiovascular,1,0.7350298381051587,0.7350298381051587,0.0,0.8422199865861838,0.8416666666666667,0.0005533199195171257,0.6034110778583436,0.6022873813513312,0.0011236965070123839,0.1090676171732286,0.109150702267637,8.30850944083944e-05,0.0,0.0,1.0,1.0,1.0,2000
paper,stacking,"LogisticRegression,RandomForest,AdaBoost",sigmoid,models/stacking_sensitivity/h7_CV17_paper.joblib,sigmoid,22,0.4699999999999999,saved stacking threshold,7,CV17,Previous_PCI,single variable,cardiovascular,1,0.7350298381051587,0.7350298381051587,0.0,0.8422199865861838,0.8416666666666667,0.0005533199195171257,0.6034110778583436,0.6022873813513312,0.0011236965070123839,0.10912011138240431,0.10919989304722506,7.9781664820755e-05,0.0,0.0,1.0,1.0,1.0,2000
paper,stacking,"LogisticRegression,RandomForest,AdaBoost",isotonic,models/stacking_sensitivity/h7_CV17_paper.joblib,isotonic,23,0.42999999999999994,saved stacking threshold,7,CV17,Previous_PCI,single variable,cardiovascular,1,0.7137798908682395,0.7137798908682395,0.0,0.8405809859154929,0.8400863514419853,0.0004946344735076158,0.5821091827434924,0.5815981749285517,0.0005110078149407338,0.10980365067439943,0.10979420064005377,-9.450034345659386e-06,0.0,0.0,1.0,1.0,1.0,2000
LogisticRegression,individual,LogisticRegression,raw,Cached fitted individual; sigmoid fitted to cached training OOF,raw_fixed,0,0.5,fixed 0.5,7,CV17,Previous_MI,single variable,cardiovascular,1,0.6978542510121457,0.6989061668538994,-0.0010519158417536811,0.8400570087189806,0.8402079141515761,-0.00015090543259554945,0.5851106263451289,0.5855000720066298,-0.0003894456615008979,0.16278896131831536,0.1627994631067879,1.0501788472533358e-05,-0.003202940191564757,0.0,0.9984949112031893,0.9954465674264678,1.0,2000
LogisticRegression,individual,LogisticRegression,raw,Cached fitted individual; sigmoid fitted to cached training OOF,raw_threshold,0,0.61,own validation,7,CV17,Previous_MI,single variable,cardiovascular,1,0.7397061730021741,0.7385543065584754,0.0011518664436986903,0.8400570087189806,0.8402079141515761,-0.00015090543259554945,0.5851106263451289,0.5855000720066298,-0.0003894456615008979,0.16278896131831536,0.1627994631067879,1.0501788472533358e-05,-0.0027980534540826014,0.007095779601158163,1.0015596232172366,0.9963299369186643,1.0096097000975826,2000
LogisticRegression,individual,LogisticRegression,sigmoid,Cached fitted individual; sigmoid fitted to cached training OOF,sigmoid,1,0.32999999999999996,own validation,7,CV17,Previous_MI,single variable,cardiovascular,1,0.7398703065405897,0.7398703065405897,0.0,0.8400570087189806,0.8402079141515761,-0.00015090543259554945,0.5851106263451289,0.5855000720066298,-0.0003894456615008979,0.11154514911142789,0.11152854560075261,-1.660351067528376e-05,0.0,0.0,1.0,1.0,1.0,2000
SVC,individual,SVC,raw,Cached fitted individual; sigmoid fitted to cached training OOF,raw_fixed,2,0.5,fixed 0.5,7,CV17,Previous_MI,single variable,cardiovascular,1,0.7061175251250945,0.7039909599006537,0.0021265652244407685,0.8287474849094567,0.8289738430583501,-0.00022635814889337968,0.5532025204646347,0.5537018652796751,-0.0004993448150404367,0.16366850142026806,0.16276509122820126,-0.0009034101920668003,-0.008187507858208251,0.01313065789597244,1.0030207280285828,0.9885571624608852,1.018861280137038,2000
SVC,individual,SVC,raw,Cached fitted individual; sigmoid fitted to cached training OOF,raw_threshold,2,0.7699999999999999,own validation,7,CV17,Previous_MI,single variable,cardiovascular,1,0.7059667789344763,0.6935337809965265,0.01243299793794983,0.8287474849094567,0.8289738430583501,-0.00022635814889337968,0.5532025204646347,0.5537018652796751,-0.0004993448150404367,0.16366850142026806,0.16276509122820126,-0.0009034101920668003,-0.0069130408898141205,0.03331076302502307,1.0179270257320199,0.9902299563878434,1.0489860231999364,2000
SVC,individual,SVC,sigmoid,Cached fitted individual; sigmoid fitted to cached training OOF,sigmoid,3,0.42999999999999994,own validation,7,CV17,Previous_MI,single variable,cardiovascular,1,0.7059667789344763,0.6965664275075204,0.009400351426955944,0.8287474849094567,0.8289738430583501,-0.00022635814889337968,0.5532025204646347,0.5537018652796751,-0.0004993448150404367,0.11597550866454256,0.11595723079043516,-1.8277874107408554e-05,-0.009584646112404014,0.029299591979850152,1.0134952691598884,0.9862605018979724,1.042512641539021,2000
KNeighbors,individual,KNeighbors,raw,Cached fitted individual; sigmoid fitted to cached training OOF,raw_fixed,4,0.5,fixed 0.5,7,CV17,Previous_MI,single variable,cardiovascular,1,0.6881554279688324,0.6818261310102243,0.006329296958608177,0.8064721663313212,0.810856807511737,-0.004384641180415816,0.5460457640091161,0.5480521705669278,-0.002006406557811702,0.15337400188564979,0.15334331212121868,-3.068976443110216e-05,-0.012776130165926724,0.02450825347001265,1.0092828606454705,0.981140993357781,1.0367104917629761,2000
KNeighbors,individual,KNeighbors,raw,Cached fitted individual; sigmoid fitted to cached training OOF,raw_threshold,4,0.6699999999999999,own validation,7,CV17,Previous_MI,single variable,cardiovascular,1,0.6972794008516857,0.6960288943783217,0.0012505064733639992,0.8064721663313212,0.810856807511737,-0.004384641180415816,0.5460457640091161,0.5480521705669278,-0.002006406557811702,0.15337400188564979,0.15334331212121868,-3.068976443110216e-05,-0.016162484880983465,0.019970164857896905,1.0017966301161692,0.9770039997361706,1.0292643657778269,2000
KNeighbors,individual,KNeighbors,sigmoid,Cached fitted individual; sigmoid fitted to cached training OOF,sigmoid,5,0.3499999999999999,own validation,7,CV17,Previous_MI,single variable,cardiovascular,1,0.6976584022038568,0.6993150684931506,-0.00165666628929384,0.8064721663313212,0.810856807511737,-0.004384641180415816,0.5460457640091161,0.5480521705669278,-0.002006406557811702,0.12163144832469219,0.12197214836499262,0.000340700040300429,-0.01841712325176872,0.015608020104491542,0.9976310158840657,0.9739729913792303,1.023064967011285,2000
RandomForest,individual,RandomForest,raw,Cached fitted individual; sigmoid fitted to cached training OOF,raw_fixed,6,0.5,fixed 0.5,7,CV17,Previous_MI,single variable,cardiovascular,1,0.7417235790637324,0.7365020583122406,0.005221520751491848,0.8438883299798793,0.8443494299128101,-0.00046109993293086404,0.6308391905099286,0.6302247802639815,0.0006144102459471057,0.13488980382932303,0.13466153383965487,-0.00022826998966815615,-0.004645368020681021,0.016361282434621906,1.0070896213969278,0.9936700110847986,1.0225289496830627,2000
RandomForest,individual,RandomForest,raw,Cached fitted individual; sigmoid fitted to cached training OOF,raw_threshold,6,0.5299999999999999,own validation,7,CV17,Previous_MI,single variable,cardiovascular,1,0.7450960369852015,0.7452549626441645,-0.00015892565896291622,0.8438883299798793,0.8443494299128101,-0.00046109993293086404,0.6308391905099286,0.6302247802639815,0.0006144102459471057,0.13488980382932303,0.13466153383965487,-0.00022826998966815615,-0.005080209772849953,0.005963976542335169,0.9997867499487705,0.9932198239178308,1.0080763710099248,2000
RandomForest,individual,RandomForest,sigmoid,Cached fitted individual; sigmoid fitted to cached training OOF,sigmoid,7,0.33999999999999997,own validation,7,CV17,Previous_MI,single variable,cardiovascular,1,0.7570925553319919,0.7609795318860674,-0.0038869765540754386,0.8438883299798793,0.8443494299128101,-0.00046109993293086404,0.6308391905099286,0.6302247802639815,0.0006144102459471057,0.10663169271947372,0.10707903102821542,0.0004473383087417043,-0.015594519201659746,0.007181333288884748,0.994892140470005,0.9793941036779655,1.009368511870583,2000
AdaBoost,individual,AdaBoost,raw,Cached fitted individual; sigmoid fitted to cached training OOF,raw_fixed,8,0.5,fixed 0.5,7,CV17,Previous_MI,single variable,cardiovascular,1,0.7019006243027696,0.7019006243027696,0.0,0.8237592219986586,0.8237592219986586,0.0,0.5763065060045852,0.5763065060045852,0.0,0.1964828308600174,0.1964828308600174,0.0,0.0,0.0,1.0,1.0,1.0,2000
AdaBoost,individual,AdaBoost,raw,Cached fitted individual; sigmoid fitted to cached training OOF,raw_threshold,8,0.5399999999999999,own validation,7,CV17,Previous_MI,single variable,cardiovascular,1,0.7362850277514552,0.7362850277514552,0.0,0.8237592219986586,0.8237592219986586,0.0,0.5763065060045852,0.5763065060045852,0.0,0.1964828308600174,0.1964828308600174,0.0,0.0,0.0,1.0,1.0,1.0,2000
AdaBoost,individual,AdaBoost,sigmoid,Cached fitted individual; sigmoid fitted to cached training OOF,sigmoid,9,0.32999999999999996,own validation,7,CV17,Previous_MI,single variable,cardiovascular,1,0.7337982263321459,0.7337982263321459,0.0,0.8237592219986586,0.8237592219986586,0.0,0.5763065060045852,0.5763065060045852,0.0,0.11428056911772555,0.11428056911772555,0.0,0.0,0.0,1.0,1.0,1.0,2000
MLP,individual,MLP,raw,Cached fitted individual; sigmoid fitted to cached training OOF,raw_fixed,10,0.5,fixed 0.5,7,CV17,Previous_MI,single variable,cardiovascular,1,0.7054598979906206,0.7041960183767229,0.0012638796138977337,0.8405097250167672,0.8419600938967137,-0.0014503688799464287,0.6221975471780146,0.6195616373901445,0.0026359097878700943,0.14837885503664802,0.15020266454374576,0.0018238095070977345,-0.010883623018830252,0.014112879949213918,1.0017947838114893,0.9846801494966809,1.02017736841325,2000
MLP,individual,MLP,raw,Cached fitted individual; sigmoid fitted to cached training OOF,raw_threshold,10,0.7499999999999999,own validation,7,CV17,Previous_MI,single variable,cardiovascular,1,0.7453939331666495,0.7427541131395087,0.0026398200271408045,0.8405097250167672,0.8419600938967137,-0.0014503688799464287,0.6221975471780146,0.6195616373901445,0.0026359097878700943,0.14837885503664802,0.15020266454374576,0.0018238095070977345,-0.01449705862134489,0.01963485711411142,1.0035540968140624,0.9803444452558306,1.0266847085123592,2000
MLP,individual,MLP,sigmoid,Cached fitted individual; sigmoid fitted to cached training OOF,sigmoid,11,0.41999999999999993,own validation,7,CV17,Previous_MI,single variable,cardiovascular,1,0.7467307692307692,0.7401046197647749,0.006626149465994269,0.8405097250167672,0.8419600938967137,-0.0014503688799464287,0.6221975471780146,0.6195616373901445,0.0026359097878700943,0.1069901165628567,0.10699735387377703,7.237310920324425e-06,-0.011262632375062556,0.024002180665821885,1.008952990278726,0.9851604852968068,1.0327784145413494,2000
GradientBoosting,individual,GradientBoosting,raw,Cached fitted individual; sigmoid fitted to cached training OOF,raw_fixed,12,0.5,fixed 0.5,7,CV17,Previous_MI,single variable,cardiovascular,1,0.72416251897349,0.7263867641226132,-0.0022242451491231163,0.8293678739101275,0.8277582159624414,0.0016096579476860828,0.5888579484291103,0.5863360889386302,0.002521859490480116,0.1428185474058207,0.14200298865281247,-0.0008155587530082331,-0.00674238801285249,0.002130249963079035,0.9969379327116323,0.9907367822276685,1.003008699515305,2000
GradientBoosting,individual,GradientBoosting,raw,Cached fitted individual; sigmoid fitted to cached training OOF,raw_threshold,12,0.5499999999999999,own validation,7,CV17,Previous_MI,single variable,cardiovascular,1,0.7400236880466473,0.7258788159111933,0.014144872135454012,0.8293678739101275,0.8277582159624414,0.0016096579476860828,0.5888579484291103,0.5863360889386302,0.002521859490480116,0.1428185474058207,0.14200298865281247,-0.0008155587530082331,0.003151098543658015,0.026950286630832973,1.019486547651481,1.00428790646319,1.037759761508892,2000
GradientBoosting,individual,GradientBoosting,sigmoid,Cached fitted individual; sigmoid fitted to cached training OOF,sigmoid,13,0.29,own validation,7,CV17,Previous_MI,single variable,cardiovascular,1,0.7378650931143138,0.7258788159111933,0.01198627720312051,0.8293678739101275,0.8277582159624414,0.0016096579476860828,0.5888579484291103,0.5863360889386302,0.002521859490480116,0.11236137073535046,0.11313255682463833,0.0007711860892878619,-0.00024509952375552645,0.025818500028701855,1.0165127800128375,0.9996682827226357,1.0359141744826106,2000
XGBoost,individual,XGBoost,raw,Cached fitted individual; sigmoid fitted to cached training OOF,raw_fixed,14,0.5,fixed 0.5,7,CV17,Previous_MI,single variable,cardiovascular,1,0.7144805303793219,0.7083403267315654,0.00614020364775647,0.8388246143527833,0.838640174379611,0.0001844399731723012,0.6062699193355928,0.6043603315592362,0.001909587776356636,0.2018152974883635,0.2017140188236553,-0.00010127866470818758,-0.0010745354329449064,0.01436575571689058,1.0086684372130676,0.9984851410409769,1.0205054934778204,2000
XGBoost,individual,XGBoost,raw,Cached fitted individual; sigmoid fitted to cached training OOF,raw_threshold,14,0.5299999999999999,own validation,7,CV17,Previous_MI,single variable,cardiovascular,1,0.7592721834496511,0.7646852755777562,-0.005413092128105146,0.8388246143527833,0.838640174379611,0.0001844399731723012,0.6062699193355928,0.6043603315592362,0.001909587776356636,0.2018152974883635,0.2017140188236553,-0.00010127866470818758,-0.01580563192935348,0.00466361455381927,0.9929211503072093,0.9793522051730073,1.0061382382967412,2000
XGBoost,individual,XGBoost,sigmoid,Cached fitted individual; sigmoid fitted to cached training OOF,sigmoid,15,0.31999999999999995,own validation,7,CV17,Previous_MI,single variable,cardiovascular,1,0.7486119537164402,0.7502133712660028,-0.001601417549562667,0.8388246143527833,0.838640174379611,0.0001844399731723012,0.6062699193355928,0.6043603315592362,0.001909587776356636,0.10890968022913168,0.10924771619486572,0.0003380359657340348,-0.00953722693298462,0.006963861489649929,0.9978653838882394,0.9870966439255211,1.0094300131415106,2000
paper,voting,"LogisticRegression,RandomForest,AdaBoost",raw,models/predictive_sensitivity/h7_CV17_paper.joblib,raw_fixed,16,0.5,fixed 0.5,7,CV17,Previous_MI,single variable,cardiovascular,1,0.719064834047819,0.7212742902037567,-0.0022094561559377057,0.8440727699530517,0.8440643863179075,8.383635144215695e-06,0.617963404042573,0.6143815285899136,0.003581875452659422,0.15810708391593867,0.15812907813346677,2.1994217528104043e-05,-0.006783170293585217,0.002174712286036512,0.9969367324110311,0.9907771918860206,1.0030530017365324,2000
paper,voting,"LogisticRegression,RandomForest,AdaBoost",raw,models/predictive_sensitivity/h7_CV17_paper.joblib,raw_threshold,16,0.43999999999999995,saved voting threshold (also applied to raw),7,CV17,Previous_MI,single variable,cardiovascular,1,0.6748584161766302,0.6718435638682794,0.003014852308350857,0.8440727699530517,0.8440643863179075,8.383635144215695e-06,0.617963404042573,0.6143815285899136,0.003581875452659422,0.15810708391593867,0.15812907813346677,2.1994217528104043e-05,0.0,0.0070267403360083774,1.0044874320012716,1.0,1.010538436918085,2000
paper,voting,"LogisticRegression,RandomForest,AdaBoost",sigmoid,models/predictive_sensitivity/h7_CV17_paper.joblib,sigmoid,17,0.43999999999999995,saved voting threshold (also applied to raw),7,CV17,Previous_MI,single variable,cardiovascular,1,0.7384422316831452,0.735518959779698,0.002923271903447211,0.8440727699530517,0.8440643863179075,8.383635144215695e-06,0.617963404042573,0.6143815285899136,0.003581875452659422,0.10768249189922874,0.10777799246982397,9.550057059523609e-05,-0.004518570130069243,0.012005585001888856,1.0039744344650514,0.9941212877735304,1.0166548480124287,2000
own,stacking,"KNeighbors,RandomForest,AdaBoost,MLP",raw,models/stacking_sensitivity/h7_CV17_own.joblib,raw_fixed,18,0.5,fixed 0.5,7,CV17,Previous_MI,single variable,cardiovascular,1,0.7298364878886543,0.7251476037594369,0.004688884129217419,0.8426391683433937,0.8429158283031523,-0.00027665995975856283,0.6237599106106847,0.6221909616374551,0.001568948973229567,0.10654148968679936,0.1066059772921297,6.448760533034337e-05,-0.005472174403479043,0.016447080793851734,1.0064661099408017,0.9925120700161169,1.0227967611055406,2000
own,stacking,"KNeighbors,RandomForest,AdaBoost,MLP",raw,models/stacking_sensitivity/h7_CV17_own.joblib,raw_threshold,18,0.48999999999999994,saved stacking threshold,7,CV17,Previous_MI,single variable,cardiovascular,1,0.7271888482766964,0.7282966182810016,-0.0011077700043051752,0.8426391683433937,0.8429158283031523,-0.00027665995975856283,0.6237599106106847,0.6221909616374551,0.001568948973229567,0.10654148968679936,0.1066059772921297,6.448760533034337e-05,-0.011750598339788036,0.009282292715282746,0.998478957643769,0.9838100298195906,1.0129190278106621,2000
own,stacking,"KNeighbors,RandomForest,AdaBoost,MLP",sigmoid,models/stacking_sensitivity/h7_CV17_own.joblib,sigmoid,19,0.48999999999999994,saved stacking threshold,7,CV17,Previous_MI,single variable,cardiovascular,1,0.7298364878886543,0.7267338198926353,0.003102667996018993,0.8426391683433937,0.8429158283031523,-0.00027665995975856283,0.6237599106106847,0.6221909616374551,0.001568948973229567,0.10671044744873101,0.10679374383486764,8.329638613663315e-05,-0.005525264841179683,0.01290850384833284,1.0042693320595393,0.992494157597371,1.0177385728903403,2000
own,stacking,"KNeighbors,RandomForest,AdaBoost,MLP",isotonic,models/stacking_sensitivity/h7_CV17_own.joblib,isotonic,20,0.42999999999999994,saved stacking threshold,7,CV17,Previous_MI,single variable,cardiovascular,1,0.7412137884572199,0.7356541374606012,0.0055596509966187035,0.8405139168343394,0.8405432595573441,-2.9342723004699423e-05,0.5809162096170836,0.5808257166203802,9.049299670338407e-05,0.10909709189362679,0.10927219922294058,0.00017510732931379225,-0.005516112947548499,0.017183598860132192,1.007557425036458,0.9924248952764375,1.0237425934842204,2000
paper,stacking,"LogisticRegression,RandomForest,AdaBoost",raw,models/stacking_sensitivity/h7_CV17_paper.joblib,raw_fixed,21,0.5,fixed 0.5,7,CV17,Previous_MI,single variable,cardiovascular,1,0.7075843972346976,0.7106923934068312,-0.0031079961721336424,0.8422199865861838,0.8420690811535883,0.00015090543259554945,0.6034110778583436,0.6030150482252781,0.00039602963306550887,0.1090676171732286,0.10909673484426255,2.9117671033945802e-05,-0.01416914049089663,0.006434997434710781,0.9956268053507159,0.9799878869178869,1.009365234562348,2000
paper,stacking,"LogisticRegression,RandomForest,AdaBoost",raw,models/stacking_sensitivity/h7_CV17_paper.joblib,raw_threshold,21,0.4799999999999999,saved stacking threshold,7,CV17,Previous_MI,single variable,cardiovascular,1,0.7350298381051587,0.7321099484235372,0.0029198896816214903,0.8422199865861838,0.8420690811535883,0.00015090543259554945,0.6034110778583436,0.6030150482252781,0.00039602963306550887,0.1090676171732286,0.10909673484426255,2.9117671033945802e-05,-0.0027785893898315374,0.010801383945628762,1.0039883212732035,0.9962428714530542,1.0147461050933912,2000
paper,stacking,"LogisticRegression,RandomForest,AdaBoost",sigmoid,models/stacking_sensitivity/h7_CV17_paper.joblib,sigmoid,22,0.4699999999999999,saved stacking threshold,7,CV17,Previous_MI,single variable,cardiovascular,1,0.7350298381051587,0.7334704269486878,0.0015594111564708468,0.8422199865861838,0.8420690811535883,0.00015090543259554945,0.6034110778583436,0.6030150482252781,0.00039602963306550887,0.10912011138240431,0.10916190049344798,4.1789111043674665e-05,-0.003955464005780415,0.008777493061515651,1.002126072298454,0.9945681280871215,1.0118083674040284,2000
paper,stacking,"LogisticRegression,RandomForest,AdaBoost",isotonic,models/stacking_sensitivity/h7_CV17_paper.joblib,isotonic,23,0.42999999999999994,saved stacking threshold,7,CV17,Previous_MI,single variable,cardiovascular,1,0.7137798908682395,0.7106923934068312,0.0030874974614082396,0.8405809859154929,0.8395749496981891,0.001006036217303774,0.5821091827434924,0.5800792267139043,0.002029956029588109,0.10980365067439943,0.110263341271584,0.0004596905971845783,-0.006824900815360755,0.013819378053309381,1.0043443513537662,0.9902106552696721,1.0201245840855084,2000
LogisticRegression,individual,LogisticRegression,raw,Cached fitted individual; sigmoid fitted to cached training OOF,raw_fixed,0,0.5,fixed 0.5,7,CV17,Acute_MI,single variable,cardiovascular,1,0.6978542510121457,0.6968043083132456,0.0010499426989001304,0.8400570087189806,0.8380784708249497,0.0019785378940309073,0.5851106263451289,0.5736837863971287,0.0114268399480002,0.16278896131831536,0.1634733066086751,0.0006843452903597391,-0.004288709399994301,0.006879898147184473,1.0015067970825866,0.9939401769758883,1.0104295070746434,2000
LogisticRegression,individual,LogisticRegression,raw,Cached fitted individual; sigmoid fitted to cached training OOF,raw_threshold,0,0.61,own validation,7,CV17,Acute_MI,single variable,cardiovascular,1,0.7397061730021741,0.7374462309939502,0.002259942008223881,0.8400570087189806,0.8380784708249497,0.0019785378940309073,0.5851106263451289,0.5736837863971287,0.0114268399480002,0.16278896131831536,0.1634733066086751,0.0006843452903597391,-0.01360356666863131,0.019300995746702326,1.0030645515743946,0.981756602881481,1.026526655033483,2000
LogisticRegression,individual,LogisticRegression,sigmoid,Cached fitted individual; sigmoid fitted to cached training OOF,sigmoid,1,0.32999999999999996,own validation,7,CV17,Acute_MI,single variable,cardiovascular,1,0.7398703065405897,0.7387450697359341,0.0011252368046555938,0.8400570087189806,0.8380784708249497,0.0019785378940309073,0.5851106263451289,0.5736837863971287,0.0114268399480002,0.11154514911142789,0.11337265314044791,0.0018275040290200162,-0.016096039955974938,0.019608756038518464,1.0015231733526937,0.9783359085250719,1.0271060763937832,2000
SVC,individual,SVC,raw,Cached fitted individual; sigmoid fitted to cached training OOF,raw_fixed,2,0.5,fixed 0.5,7,CV17,Acute_MI,single variable,cardiovascular,1,0.7061175251250945,0.701208099370427,0.0049094257546674624,0.8287474849094567,0.8279929577464789,0.0007545271629778583,0.5532025204646347,0.5539717896728162,-0.0007692692081815444,0.16366850142026806,0.1630145209850142,-0.0006539804352538592,0.0,0.011410627611923116,1.007001381984999,1.0,1.0164916794987076,2000
SVC,individual,SVC,raw,Cached fitted individual; sigmoid fitted to cached training OOF,raw_threshold,2,0.7699999999999999,own validation,7,CV17,Acute_MI,single variable,cardiovascular,1,0.7059667789344763,0.7030218850978389,0.00294489383663743,0.8287474849094567,0.8279929577464789,0.0007545271629778583,0.5532025204646347,0.5539717896728162,-0.0007692692081815444,0.16366850142026806,0.1630145209850142,-0.0006539804352538592,0.0,0.00946894994758972,1.004188907769532,1.0,1.0139122229996385,2000
SVC,individual,SVC,sigmoid,Cached fitted individual; sigmoid fitted to cached training OOF,sigmoid,3,0.42999999999999994,own validation,7,CV17,Acute_MI,single variable,cardiovascular,1,0.7059667789344763,0.7059667789344763,0.0,0.8287474849094567,0.8279929577464789,0.0007545271629778583,0.5532025204646347,0.5539717896728162,-0.0007692692081815444,0.11597550866454256,0.11614668079536677,0.0001711721308242098,-0.008277622137786305,0.00846728667472243,1.0,0.9883965828481533,1.0119384365248503,2000
KNeighbors,individual,KNeighbors,raw,Cached fitted individual; sigmoid fitted to cached training OOF,raw_fixed,4,0.5,fixed 0.5,7,CV17,Acute_MI,single variable,cardiovascular,1,0.6881554279688324,0.6859188579541557,0.0022365700146766976,0.8064721663313212,0.8016264252179746,0.00484574111334668,0.5460457640091161,0.528291336575557,0.01775442743355904,0.15337400188564979,0.15269028415956584,-0.0006837177260839433,-0.011925778354370692,0.016052936987962205,1.003260691827817,0.9830322074989594,1.0236509174191288,2000
KNeighbors,individual,KNeighbors,raw,Cached fitted individual; sigmoid fitted to cached training OOF,raw_threshold,4,0.6699999999999999,own validation,7,CV17,Acute_MI,single variable,cardiovascular,1,0.6972794008516857,0.684894972027726,0.012384428823959737,0.8064721663313212,0.8016264252179746,0.00484574111334668,0.5460457640091161,0.528291336575557,0.01775442743355904,0.15337400188564979,0.15269028415956584,-0.0006837177260839433,-0.005907803686018495,0.033196884976266404,1.018082230604342,0.991450925159188,1.0488173738719782,2000
KNeighbors,individual,KNeighbors,sigmoid,Cached fitted individual; sigmoid fitted to cached training OOF,sigmoid,5,0.3499999999999999,own validation,7,CV17,Acute_MI,single variable,cardiovascular,1,0.6976584022038568,0.6911884487226954,0.006469953481161417,0.8064721663313212,0.8016264252179746,0.00484574111334668,0.5460457640091161,0.528291336575557,0.01775442743355904,0.12163144832469219,0.12336821475758097,0.001736766432888781,-0.009755869754815568,0.024433931020221265,1.009360621539781,0.9860497282907609,1.036278640943611,2000
RandomForest,individual,RandomForest,raw,Cached fitted individual; sigmoid fitted to cached training OOF,raw_fixed,6,0.5,fixed 0.5,7,CV17,Acute_MI,single variable,cardiovascular,1,0.7417235790637324,0.7455000142089858,-0.0037764351452533873,0.8438883299798793,0.8422786720321932,0.0016096579476860828,0.6308391905099286,0.6218557430111378,0.008983447498790875,0.13488980382932303,0.13490355844760438,1.3754618281347497e-05,-0.010315980493185158,0.0030128858539760915,0.9949343593919842,0.9860983988320682,1.0041185565383695,2000
RandomForest,individual,RandomForest,raw,Cached fitted individual; sigmoid fitted to cached training OOF,raw_threshold,6,0.5299999999999999,own validation,7,CV17,Acute_MI,single variable,cardiovascular,1,0.7450960369852015,0.7500338206877614,-0.004937783702559817,0.8438883299798793,0.8422786720321932,0.0016096579476860828,0.6308391905099286,0.6218557430111378,0.008983447498790875,0.13488980382932303,0.13490355844760438,1.3754618281347497e-05,-0.010128329841252134,-0.0011768457830994316,0.9934165852707388,0.9866162925437816,0.9983931683392638,2000
RandomForest,individual,RandomForest,sigmoid,Cached fitted individual; sigmoid fitted to cached training OOF,sigmoid,7,0.33999999999999997,own validation,7,CV17,Acute_MI,single variable,cardiovascular,1,0.7570925553319919,0.7572737881943785,-0.0001812328623865822,0.8438883299798793,0.8422786720321932,0.0016096579476860828,0.6308391905099286,0.6218557430111378,0.008983447498790875,0.10663169271947372,0.10774535442549132,0.0011136617060176074,-0.005595912259693997,0.005968109302799088,0.9997606772276924,0.9928174284882242,1.0080543555547778,2000
AdaBoost,individual,AdaBoost,raw,Cached fitted individual; sigmoid fitted to cached training OOF,raw_fixed,8,0.5,fixed 0.5,7,CV17,Acute_MI,single variable,cardiovascular,1,0.7019006243027696,0.7019006243027696,0.0,0.8237592219986586,0.8237592219986586,0.0,0.5763065060045852,0.5763065060045852,0.0,0.1964828308600174,0.1964828308600174,0.0,0.0,0.0,1.0,1.0,1.0,2000
AdaBoost,individual,AdaBoost,raw,Cached fitted individual; sigmoid fitted to cached training OOF,raw_threshold,8,0.5399999999999999,own validation,7,CV17,Acute_MI,single variable,cardiovascular,1,0.7362850277514552,0.7362850277514552,0.0,0.8237592219986586,0.8237592219986586,0.0,0.5763065060045852,0.5763065060045852,0.0,0.1964828308600174,0.1964828308600174,0.0,0.0,0.0,1.0,1.0,1.0,2000
AdaBoost,individual,AdaBoost,sigmoid,Cached fitted individual; sigmoid fitted to cached training OOF,sigmoid,9,0.32999999999999996,own validation,7,CV17,Acute_MI,single variable,cardiovascular,1,0.7337982263321459,0.7337982263321459,0.0,0.8237592219986586,0.8237592219986586,0.0,0.5763065060045852,0.5763065060045852,0.0,0.11428056911772555,0.11428056911772555,0.0,0.0,0.0,1.0,1.0,1.0,2000
MLP,individual,MLP,raw,Cached fitted individual; sigmoid fitted to cached training OOF,raw_fixed,10,0.5,fixed 0.5,7,CV17,Acute_MI,single variable,cardiovascular,1,0.7054598979906206,0.7008164642375169,0.004643433753103721,0.8405097250167672,0.8379359490274984,0.0025737759892688894,0.6221975471780146,0.605871973697086,0.016325573480928557,0.14837885503664802,0.15309038980281825,0.004711534766170228,-0.007201829144735975,0.015596399947041017,1.0066257486661014,0.9897757626556796,1.022610679530978,2000
MLP,individual,MLP,raw,Cached fitted individual; sigmoid fitted to cached training OOF,raw_threshold,10,0.7499999999999999,own validation,7,CV17,Acute_MI,single variable,cardiovascular,1,0.7453939331666495,0.7558836191432876,-0.01048968597663813,0.8405097250167672,0.8379359490274984,0.0025737759892688894,0.6221975471780146,0.605871973697086,0.016325573480928557,0.14837885503664802,0.15309038980281825,0.004711534766170228,-0.033370672664835725,0.010851910988773071,0.98612261767423,0.9567988142750132,1.014767192651105,2000
MLP,individual,MLP,sigmoid,Cached fitted individual; sigmoid fitted to cached training OOF,sigmoid,11,0.41999999999999993,own validation,7,CV17,Acute_MI,single variable,cardiovascular,1,0.7467307692307692,0.7532837428036409,-0.0065529735728716565,0.8405097250167672,0.8379359490274984,0.0025737759892688894,0.6221975471780146,0.605871973697086,0.016325573480928557,0.1069901165628567,0.10895770579041461,0.0019675892275579088,-0.02809115616749286,0.014270088990564945,0.9913007898610925,0.9628806809880106,1.019232249262881,2000
GradientBoosting,individual,GradientBoosting,raw,Cached fitted individual; sigmoid fitted to cached training OOF,raw_fixed,12,0.5,fixed 0.5,7,CV17,Acute_MI,single variable,cardiovascular,1,0.72416251897349,0.72416251897349,0.0,0.8293678739101275,0.8293678739101275,0.0,0.5888579484291103,0.5889231216336913,-6.517320458099274e-05,0.1428185474058207,0.14281901053946874,4.6313364804317914e-07,0.0,0.0,1.0,1.0,1.0,2000
GradientBoosting,individual,GradientBoosting,raw,Cached fitted individual; sigmoid fitted to cached training OOF,raw_threshold,12,0.5499999999999999,own validation,7,CV17,Acute_MI,single variable,cardiovascular,1,0.7400236880466473,0.7400236880466473,0.0,0.8293678739101275,0.8293678739101275,0.0,0.5888579484291103,0.5889231216336913,-6.517320458099274e-05,0.1428185474058207,0.14281901053946874,4.6313364804317914e-07,0.0,0.0,1.0,1.0,1.0,2000
GradientBoosting,individual,GradientBoosting,sigmoid,Cached fitted individual; sigmoid fitted to cached training OOF,sigmoid,13,0.29,own validation,7,CV17,Acute_MI,single variable,cardiovascular,1,0.7378650931143138,0.7378650931143138,0.0,0.8293678739101275,0.8293678739101275,0.0,0.5888579484291103,0.5889231216336913,-6.517320458099274e-05,0.11236137073535046,0.11235102520727239,-1.0345528078076205e-05,0.0,0.0,1.0,1.0,1.0,2000
XGBoost,individual,XGBoost,raw,Cached fitted individual; sigmoid fitted to cached training OOF,raw_fixed,14,0.5,fixed 0.5,7,CV17,Acute_MI,single variable,cardiovascular,1,0.7144805303793219,0.7168655272492744,-0.002384996869952527,0.8388246143527833,0.8376928236083165,0.0011317907444667874,0.6062699193355928,0.6007122741527867,0.0055576451828061035,0.2018152974883635,0.20167253642436975,-0.000142761063993746,-0.008096323419106474,0.003853282284671175,0.9966730205606286,0.9890141584100044,1.0054688454154512,2000
XGBoost,individual,XGBoost,raw,Cached fitted individual; sigmoid fitted to cached training OOF,raw_threshold,14,0.5299999999999999,own validation,7,CV17,Acute_MI,single variable,cardiovascular,1,0.7592721834496511,0.759478715106346,-0.00020653165669493045,0.8388246143527833,0.8376928236083165,0.0011317907444667874,0.6062699193355928,0.6007122741527867,0.0055576451828061035,0.2018152974883635,0.20167253642436975,-0.000142761063993746,-0.005378857166292927,0.006365155721630935,0.9997280612970622,0.9930338985717779,1.0085428455342076,2000
XGBoost,individual,XGBoost,sigmoid,Cached fitted individual; sigmoid fitted to cached training OOF,sigmoid,15,0.31999999999999995,own validation,7,CV17,Acute_MI,single variable,cardiovascular,1,0.7486119537164402,0.7502133712660028,-0.001601417549562667,0.8388246143527833,0.8376928236083165,0.0011317907444667874,0.6062699193355928,0.6007122741527867,0.0055576451828061035,0.10890968022913168,0.10985780408512326,0.0009481238559915783,-0.00975784456993561,0.0076605849309536135,0.9978653838882394,0.986858847601967,1.0102901339063333,2000
paper,voting,"LogisticRegression,RandomForest,AdaBoost",raw,models/predictive_sensitivity/h7_CV17_paper.joblib,raw_fixed,16,0.5,fixed 0.5,7,CV17,Acute_MI,single variable,cardiovascular,1,0.719064834047819,0.7183490162532078,0.0007158177946111621,0.8440727699530517,0.8422535211267606,0.0018192488262911422,0.617963404042573,0.6095830907711822,0.008380313271390771,0.15810708391593867,0.15840118308108453,0.0002940991651458613,-0.006468072024111526,0.008372264823664537,1.000996476334505,0.9909915060490679,1.0118666796938227,2000
paper,voting,"LogisticRegression,RandomForest,AdaBoost",raw,models/predictive_sensitivity/h7_CV17_paper.joblib,raw_threshold,16,0.43999999999999995,saved voting threshold (also applied to raw),7,CV17,Acute_MI,single variable,cardiovascular,1,0.6748584161766302,0.6718435638682794,0.003014852308350857,0.8440727699530517,0.8422535211267606,0.0018192488262911422,0.617963404042573,0.6095830907711822,0.008380313271390771,0.15810708391593867,0.15840118308108453,0.0002940991651458613,-0.001023755785972355,0.008016634776147525,1.0044874320012716,0.998499889280751,1.012002757718972,2000
paper,voting,"LogisticRegression,RandomForest,AdaBoost",sigmoid,models/predictive_sensitivity/h7_CV17_paper.joblib,sigmoid,17,0.43999999999999995,saved voting threshold (also applied to raw),7,CV17,Acute_MI,single variable,cardiovascular,1,0.7384422316831452,0.7313539040281971,0.007088327654948046,0.8440727699530517,0.8422535211267606,0.0018192488262911422,0.617963404042573,0.6095830907711822,0.008380313271390771,0.10768249189922874,0.10887650620298445,0.0011940143037557083,-0.002165327744822637,0.018956592865261055,1.0096920623735055,0.9969534744331617,1.0261863651385874,2000
own,stacking,"KNeighbors,RandomForest,AdaBoost,MLP",raw,models/stacking_sensitivity/h7_CV17_own.joblib,raw_fixed,18,0.5,fixed 0.5,7,CV17,Acute_MI,single variable,cardiovascular,1,0.7298364878886543,0.7211813274055255,0.008655160483128754,0.8426391683433937,0.8413648558014756,0.0012743125419181212,0.6237599106106847,0.6148184528324123,0.008941457778272377,0.10654148968679936,0.10735705660612402,0.0008155669193246617,-0.004163788014067679,0.02318315541167786,1.0120013651965531,0.9942050927777788,1.0326946589729091,2000
own,stacking,"KNeighbors,RandomForest,AdaBoost,MLP",raw,models/stacking_sensitivity/h7_CV17_own.joblib,raw_threshold,18,0.48999999999999994,saved stacking threshold,7,CV17,Acute_MI,single variable,cardiovascular,1,0.7271888482766964,0.7269691518677281,0.0002196964089682396,0.8426391683433937,0.8413648558014756,0.0012743125419181212,0.6237599106106847,0.6148184528324123,0.008941457778272377,0.10654148968679936,0.10735705660612402,0.0008155669193246617,-0.015438952823861813,0.01597992747354292,1.0003022087091369,0.9790842446168564,1.0224947750400935,2000
own,stacking,"KNeighbors,RandomForest,AdaBoost,MLP",sigmoid,models/stacking_sensitivity/h7_CV17_own.joblib,sigmoid,19,0.48999999999999994,saved stacking threshold,7,CV17,Acute_MI,single variable,cardiovascular,1,0.7298364878886543,0.7211813274055255,0.008655160483128754,0.8426391683433937,0.8413648558014756,0.0012743125419181212,0.6237599106106847,0.6148184528324123,0.008941457778272377,0.10671044744873101,0.10752494435065862,0.0008144969019276138,-0.004163788014067679,0.02318315541167786,1.0120013651965531,0.9942050927777788,1.0326946589729091,2000
own,stacking,"KNeighbors,RandomForest,AdaBoost,MLP",isotonic,models/stacking_sensitivity/h7_CV17_own.joblib,isotonic,20,0.42999999999999994,saved stacking threshold,7,CV17,Acute_MI,single variable,cardiovascular,1,0.7412137884572199,0.7425612516566389,-0.00134746319941903,0.8405139168343394,0.8406815895372234,-0.00016767270288398084,0.5809162096170836,0.5759040403267086,0.005012169290374957,0.10909709189362679,0.10921556446288387,0.00011847256925708038,-0.014763853922129528,0.012850421089564884,0.9981853844428148,0.9804416212655429,1.0175543691373576,2000
paper,stacking,"LogisticRegression,RandomForest,AdaBoost",raw,models/stacking_sensitivity/h7_CV17_paper.joblib,raw_fixed,21,0.5,fixed 0.5,7,CV17,Acute_MI,single variable,cardiovascular,1,0.7075843972346976,0.7106923934068312,-0.0031079961721336424,0.8422199865861838,0.8401827632461435,0.002037223340040306,0.6034110778583436,0.5942298266767594,0.009181251181584194,0.1090676171732286,0.11029081917592638,0.0012232020026977791,-0.019964283060830448,0.01585454320881781,0.9956268053507159,0.9717817941786511,1.0228557588330751,2000
paper,stacking,"LogisticRegression,RandomForest,AdaBoost",raw,models/stacking_sensitivity/h7_CV17_paper.joblib,raw_threshold,21,0.4799999999999999,saved stacking threshold,7,CV17,Acute_MI,single variable,cardiovascular,1,0.7350298381051587,0.721902891166902,0.013126946938256667,0.8422199865861838,0.8401827632461435,0.002037223340040306,0.6034110778583436,0.5942298266767594,0.009181251181584194,0.1090676171732286,0.11029081917592638,0.0012232020026977791,0.0024528913411681645,0.026814710905263366,1.0181838126690945,1.003504593223892,1.0381377833119276,2000
paper,stacking,"LogisticRegression,RandomForest,AdaBoost",sigmoid,models/stacking_sensitivity/h7_CV17_paper.joblib,sigmoid,22,0.4699999999999999,saved stacking threshold,7,CV17,Acute_MI,single variable,cardiovascular,1,0.7350298381051587,0.7232384723740851,0.011791365731073533,0.8422199865861838,0.8401827632461435,0.002037223340040306,0.6034110778583436,0.5942298266767594,0.009181251181584194,0.10912011138240431,0.11035823664992682,0.0012381252675225107,0.0013723224596182831,0.025406071715257546,1.0163035653957504,1.0018643642502645,1.0357831907122612,2000
paper,stacking,"LogisticRegression,RandomForest,AdaBoost",isotonic,models/stacking_sensitivity/h7_CV17_paper.joblib,isotonic,23,0.42999999999999994,saved stacking threshold,7,CV17,Acute_MI,single variable,cardiovascular,1,0.7137798908682395,0.7155176711031355,-0.0017377802348960136,0.8405809859154929,0.8400570087189806,0.0005239771965123152,0.5821091827434924,0.578159090799373,0.003950091944119438,0.10980365067439943,0.11054952167099903,0.0007458709965996041,-0.018319572500037445,0.0155620495855123,0.9975712965520239,0.9748381071653255,1.021866196460761,2000
LogisticRegression,individual,LogisticRegression,raw,Cached fitted individual; sigmoid fitted to cached training OOF,raw_fixed,0,0.5,fixed 0.5,7,CV17,Angiography,single variable,cardiovascular,1,0.6978542510121457,0.6982201803641314,-0.0003659293519856499,0.8400570087189806,0.8381539235412475,0.001903085177733077,0.5851106263451289,0.5776964432080961,0.007414183137032793,0.16278896131831536,0.16335384776514839,0.0005648864468330295,-0.00888318591608778,0.008316483203529557,0.9994759112350565,0.98760866182923,1.0120054656053716,2000
LogisticRegression,individual,LogisticRegression,raw,Cached fitted individual; sigmoid fitted to cached training OOF,raw_threshold,0,0.61,own validation,7,CV17,Angiography,single variable,cardiovascular,1,0.7397061730021741,0.7467944850211587,-0.007088312018984633,0.8400570087189806,0.8381539235412475,0.001903085177733077,0.5851106263451289,0.5776964432080961,0.007414183137032793,0.16278896131831536,0.16335384776514839,0.0005648864468330295,-0.018099433661787446,0.0033695971188967104,0.990508349805524,0.9758244491272872,1.0044625709411559,2000
LogisticRegression,individual,LogisticRegression,sigmoid,Cached fitted individual; sigmoid fitted to cached training OOF,sigmoid,1,0.32999999999999996,own validation,7,CV17,Angiography,single variable,cardiovascular,1,0.7398703065405897,0.744682618810236,-0.0048123122696462906,0.8400570087189806,0.8381539235412475,0.001903085177733077,0.5851106263451289,0.5776964432080961,0.007414183137032793,0.11154514911142789,0.112545812774949,0.001000663663521112,-0.018237616948686766,0.008513662174918063,0.9935377674352937,0.9754567908107896,1.0114806264318066,2000
SVC,individual,SVC,raw,Cached fitted individual; sigmoid fitted to cached training OOF,raw_fixed,2,0.5,fixed 0.5,7,CV17,Angiography,single variable,cardiovascular,1,0.7061175251250945,0.7052601803208013,0.0008573448042932252,0.8287474849094567,0.8257796780684105,0.00296780684104625,0.5532025204646347,0.5398271720918207,0.013375348372813955,0.16366850142026806,0.16247151294832807,-0.001196988471939997,-0.00896097564482758,0.010807223358332653,1.001215643287706,0.9876584235773774,1.0152721538804619,2000
SVC,individual,SVC,raw,Cached fitted individual; sigmoid fitted to cached training OOF,raw_threshold,2,0.7699999999999999,own validation,7,CV17,Angiography,single variable,cardiovascular,1,0.7059667789344763,0.6917218095881161,0.014244969346360215,0.8287474849094567,0.8257796780684105,0.00296780684104625,0.5532025204646347,0.5398271720918207,0.013375348372813955,0.16366850142026806,0.16247151294832807,-0.001196988471939997,0.0009031096369214342,0.030441307842433464,1.0205934945940802,1.0013108217975009,1.0448328170433325,2000
SVC,individual,SVC,sigmoid,Cached fitted individual; sigmoid fitted to cached training OOF,sigmoid,3,0.42999999999999994,own validation,7,CV17,Angiography,single variable,cardiovascular,1,0.7059667789344763,0.6917218095881161,0.014244969346360215,0.8287474849094567,0.8257796780684105,0.00296780684104625,0.5532025204646347,0.5398271720918207,0.013375348372813955,0.11597550866454256,0.11738525623985435,0.0014097475753117872,0.0009031096369214342,0.030441307842433464,1.0205934945940802,1.0013108217975009,1.0448328170433325,2000
KNeighbors,individual,KNeighbors,raw,Cached fitted individual; sigmoid fitted to cached training OOF,raw_fixed,4,0.5,fixed 0.5,7,CV17,Angiography,single variable,cardiovascular,1,0.6881554279688324,0.6776172271539342,0.010538200814898202,0.8064721663313212,0.8068117035546613,-0.000339537223340014,0.5460457640091161,0.5487537943013688,-0.00270803029225275,0.15337400188564979,0.15439953008550839,0.0010255281998585997,-0.009097379566630768,0.029383180494243905,1.0155518490271562,0.9870017876821696,1.044042415959455,2000
KNeighbors,individual,KNeighbors,raw,Cached fitted individual; sigmoid fitted to cached training OOF,raw_threshold,4,0.6699999999999999,own validation,7,CV17,Angiography,single variable,cardiovascular,1,0.6972794008516857,0.6997143618664836,-0.0024349610147978984,0.8064721663313212,0.8068117035546613,-0.000339537223340014,0.5460457640091161,0.5487537943013688,-0.00270803029225275,0.15337400188564979,0.15439953008550839,0.0010255281998585997,-0.025325269804816312,0.02119034686797382,0.9965200642612184,0.9643338507919738,1.0307525404126423,2000
KNeighbors,individual,KNeighbors,sigmoid,Cached fitted individual; sigmoid fitted to cached training OOF,sigmoid,5,0.3499999999999999,own validation,7,CV17,Angiography,single variable,cardiovascular,1,0.6976584022038568,0.707100515794606,-0.009442113590749202,0.8064721663313212,0.8068117035546613,-0.000339537223340014,0.5460457640091161,0.5487537943013688,-0.00270803029225275,0.12163144832469219,0.12189084934211782,0.0002594010174256228,-0.032807780262325115,0.012749286782108361,0.986646716584362,0.9551485871849126,1.0184110177740051,2000
RandomForest,individual,RandomForest,raw,Cached fitted individual; sigmoid fitted to cached training OOF,raw_fixed,6,0.5,fixed 0.5,7,CV17,Angiography,single variable,cardiovascular,1,0.7417235790637324,0.7320265870862723,0.009696991977460101,0.8438883299798793,0.8400234741784037,0.003864855801475553,0.6308391905099286,0.6181989329116896,0.012640257598239057,0.13488980382932303,0.13630292270840302,0.0014131188790799942,-0.0021266400523381715,0.02160815384623619,1.0132467756616022,0.9971927596188285,1.029816945155566,2000
RandomForest,individual,RandomForest,raw,Cached fitted individual; sigmoid fitted to cached training OOF,raw_threshold,6,0.5299999999999999,own validation,7,CV17,Angiography,single variable,cardiovascular,1,0.7450960369852015,0.7454066165809938,-0.0003105795957922819,0.8438883299798793,0.8400234741784037,0.003864855801475553,0.6308391905099286,0.6181989329116896,0.012640257598239057,0.13488980382932303,0.13630292270840302,0.0014131188790799942,-0.008335352139465225,0.008517231165407294,0.9995833420459603,0.9886286032648658,1.0115097553173602,2000
RandomForest,individual,RandomForest,sigmoid,Cached fitted individual; sigmoid fitted to cached training OOF,sigmoid,7,0.33999999999999997,own validation,7,CV17,Angiography,single variable,cardiovascular,1,0.7570925553319919,0.7512710790380056,0.005821476293986327,0.8438883299798793,0.8400234741784037,0.003864855801475553,0.6308391905099286,0.6181989329116896,0.012640257598239057,0.10663169271947372,0.10898113462567473,0.002349441906201011,-0.0038741797400237256,0.017598618129038415,1.0077488358815045,0.994807817299557,1.0233295834148985,2000
AdaBoost,individual,AdaBoost,raw,Cached fitted individual; sigmoid fitted to cached training OOF,raw_fixed,8,0.5,fixed 0.5,7,CV17,Angiography,single variable,cardiovascular,1,0.7019006243027696,0.7019006243027696,0.0,0.8237592219986586,0.8237592219986586,0.0,0.5763065060045852,0.5763065060045852,0.0,0.1964828308600174,0.1964828308600174,0.0,0.0,0.0,1.0,1.0,1.0,2000
AdaBoost,individual,AdaBoost,raw,Cached fitted individual; sigmoid fitted to cached training OOF,raw_threshold,8,0.5399999999999999,own validation,7,CV17,Angiography,single variable,cardiovascular,1,0.7362850277514552,0.7362850277514552,0.0,0.8237592219986586,0.8237592219986586,0.0,0.5763065060045852,0.5763065060045852,0.0,0.1964828308600174,0.1964828308600174,0.0,0.0,0.0,1.0,1.0,1.0,2000
AdaBoost,individual,AdaBoost,sigmoid,Cached fitted individual; sigmoid fitted to cached training OOF,sigmoid,9,0.32999999999999996,own validation,7,CV17,Angiography,single variable,cardiovascular,1,0.7337982263321459,0.7337982263321459,0.0,0.8237592219986586,0.8237592219986586,0.0,0.5763065060045852,0.5763065060045852,0.0,0.11428056911772555,0.11428056911772555,0.0,0.0,0.0,1.0,1.0,1.0,2000
MLP,individual,MLP,raw,Cached fitted individual; sigmoid fitted to cached training OOF,raw_fixed,10,0.5,fixed 0.5,7,CV17,Angiography,single variable,cardiovascular,1,0.7054598979906206,0.6802585114499414,0.02520138654067916,0.8405097250167672,0.8325620389000671,0.007947686116700159,0.6221975471780146,0.6027298084872358,0.01946773869077878,0.14837885503664802,0.1604862040367971,0.012107349000149065,0.006998921276692003,0.044026032310253545,1.0370467787120567,1.0100270528503856,1.0655284063842765,2000
MLP,individual,MLP,raw,Cached fitted individual; sigmoid fitted to cached training OOF,raw_threshold,10,0.7499999999999999,own validation,7,CV17,Angiography,single variable,cardiovascular,1,0.7453939331666495,0.7401046197647749,0.005289313401874551,0.8405097250167672,0.8325620389000671,0.007947686116700159,0.6221975471780146,0.6027298084872358,0.01946773869077878,0.14837885503664802,0.1604862040367971,0.012107349000149065,-0.019707854828223525,0.03026790412712168,1.0071467104252851,0.9734028350711654,1.041937019050736,2000
MLP,individual,MLP,sigmoid,Cached fitted individual; sigmoid fitted to cached training OOF,sigmoid,11,0.41999999999999993,own validation,7,CV17,Angiography,single variable,cardiovascular,1,0.7467307692307692,0.7387492362450285,0.00798153298574067,0.8405097250167672,0.8325620389000671,0.007947686116700159,0.6221975471780146,0.6027298084872358,0.01946773869077878,0.1069901165628567,0.11033457190055847,0.0033444553377017655,-0.01709566044247098,0.033607061454910256,1.0108041167342654,0.97726939770392,1.0470433923038198,2000
GradientBoosting,individual,GradientBoosting,raw,Cached fitted individual; sigmoid fitted to cached training OOF,raw_fixed,12,0.5,fixed 0.5,7,CV17,Angiography,single variable,cardiovascular,1,0.72416251897349,0.7286214712548938,-0.004458952281403805,0.8293678739101275,0.8285295103957075,0.0008383635144199042,0.5888579484291103,0.5895190901731356,-0.0006611417440253176,0.1428185474058207,0.142049611194847,-0.0007689362109737086,-0.009152928646976718,-0.001068407555772225,0.9938802897563199,0.9876093243040773,0.9984989889793241,2000
GradientBoosting,individual,GradientBoosting,raw,Cached fitted individual; sigmoid fitted to cached training OOF,raw_threshold,12,0.5499999999999999,own validation,7,CV17,Angiography,single variable,cardiovascular,1,0.7400236880466473,0.742597478745236,-0.0025737906985886516,0.8293678739101275,0.8285295103957075,0.0008383635144199042,0.5888579484291103,0.5895190901731356,-0.0006611417440253176,0.1428185474058207,0.142049611194847,-0.0007689362109737086,-0.008695110601927247,0.004137432886659525,0.9965340702436297,0.9885103346325704,1.005500918859112,2000
GradientBoosting,individual,GradientBoosting,sigmoid,Cached fitted individual; sigmoid fitted to cached training OOF,sigmoid,13,0.29,own validation,7,CV17,Angiography,single variable,cardiovascular,1,0.7378650931143138,0.7416072462457899,-0.003742153131476078,0.8293678739101275,0.8285295103957075,0.0008383635144199042,0.5888579484291103,0.5895190901731356,-0.0006611417440253176,0.11236137073535046,0.11251131304256373,0.00014994230721326884,-0.010358518021721667,0.0031398357165077426,0.9949539959993381,0.9859497430229982,1.0042461213087612,2000
XGBoost,individual,XGBoost,raw,Cached fitted individual; sigmoid fitted to cached training OOF,raw_fixed,14,0.5,fixed 0.5,7,CV17,Angiography,single variable,cardiovascular,1,0.7144805303793219,0.7003331148973351,0.014147415481986836,0.8388246143527833,0.8355046948356808,0.003319919517102532,0.6062699193355928,0.5960237732513681,0.010246146084224694,0.2018152974883635,0.20410321020830918,0.0022879127199456895,0.005333786854597275,0.02400695087418951,1.020200980334995,1.0076030116953496,1.0343286897857946,2000
XGBoost,individual,XGBoost,raw,Cached fitted individual; sigmoid fitted to cached training OOF,raw_threshold,14,0.5299999999999999,own validation,7,CV17,Angiography,single variable,cardiovascular,1,0.7592721834496511,0.7500338206877614,0.009238362761889718,0.8388246143527833,0.8355046948356808,0.003319919517102532,0.6062699193355928,0.5960237732513681,0.010246146084224694,0.2018152974883635,0.20410321020830918,0.0022879127199456895,-0.0036206132984490298,0.021283131605894276,1.0123172615781757,0.9952345473045449,1.0284846423549705,2000
XGBoost,individual,XGBoost,sigmoid,Cached fitted individual; sigmoid fitted to cached training OOF,sigmoid,15,0.31999999999999995,own validation,7,CV17,Angiography,single variable,cardiovascular,1,0.7486119537164402,0.7417986797402818,0.006813273976158385,0.8388246143527833,0.8355046948356808,0.003319919517102532,0.6062699193355928,0.5960237732513681,0.010246146084224694,0.10890968022913168,0.1106580438753562,0.0017483636462245211,-0.006145254333942638,0.01992097964629062,1.009184801971532,0.991613168283562,1.0272596436281505,2000
paper,voting,"LogisticRegression,RandomForest,AdaBoost",raw,models/predictive_sensitivity/h7_CV17_paper.joblib,raw_fixed,16,0.5,fixed 0.5,7,CV17,Angiography,single variable,cardiovascular,1,0.719064834047819,0.7210632214338664,-0.0019983873860474066,0.8440727699530517,0.8416247484909457,0.002448021462105987,0.617963404042573,0.6072040606939578,0.010759343348615169,0.15810708391593867,0.1590448931110541,0.0009378091951154355,-0.0073080355060346994,0.002260568309646346,0.9972285545474452,0.9897603259690732,1.0031093012874226,2000
paper,voting,"LogisticRegression,RandomForest,AdaBoost",raw,models/predictive_sensitivity/h7_CV17_paper.joblib,raw_threshold,16,0.43999999999999995,saved voting threshold (also applied to raw),7,CV17,Angiography,single variable,cardiovascular,1,0.6748584161766302,0.6684459805427547,0.006412435633875502,0.8440727699530517,0.8416247484909457,0.002448021462105987,0.617963404042573,0.6072040606939578,0.010759343348615169,0.15810708391593867,0.1590448931110541,0.0009378091951154355,-0.001164865054295089,0.014990752344256425,1.0095930498806633,0.9982555975832546,1.0227019802216404,2000
paper,voting,"LogisticRegression,RandomForest,AdaBoost",sigmoid,models/predictive_sensitivity/h7_CV17_paper.joblib,sigmoid,17,0.43999999999999995,saved voting threshold (also applied to raw),7,CV17,Angiography,single variable,cardiovascular,1,0.7384422316831452,0.7254058527478661,0.013036378935279092,0.8440727699530517,0.8416247484909457,0.002448021462105987,0.617963404042573,0.6072040606939578,0.010759343348615169,0.10768249189922874,0.10893534865784997,0.001252856758621232,-0.0006763263098513272,0.02878748698510491,1.0179711521293864,0.9990471972577211,1.0404600000309652,2000
own,stacking,"KNeighbors,RandomForest,AdaBoost,MLP",raw,models/stacking_sensitivity/h7_CV17_own.joblib,raw_fixed,18,0.5,fixed 0.5,7,CV17,Angiography,single variable,cardiovascular,1,0.7298364878886543,0.7262144742495857,0.0036220136390685553,0.8426391683433937,0.8389503688799463,0.0036887994634473564,0.6237599106106847,0.6122327299841733,0.011527180626511369,0.10654148968679936,0.10851148143888575,0.0019699917520863974,-0.01658702825821894,0.025496646664232375,1.0049875260924968,0.9772256744884227,1.0360032156492966,2000
own,stacking,"KNeighbors,RandomForest,AdaBoost,MLP",raw,models/stacking_sensitivity/h7_CV17_own.joblib,raw_threshold,18,0.48999999999999994,saved stacking threshold,7,CV17,Angiography,single variable,cardiovascular,1,0.7271888482766964,0.7408149438637244,-0.013626095587027987,0.8426391683433937,0.8389503688799463,0.0036887994634473564,0.6237599106106847,0.6122327299841733,0.011527180626511369,0.10654148968679936,0.10851148143888575,0.0019699917520863974,-0.031782686095850325,0.005382000303084989,0.9816066135005849,0.9574832846873743,1.0074011041402295,2000
own,stacking,"KNeighbors,RandomForest,AdaBoost,MLP",sigmoid,models/stacking_sensitivity/h7_CV17_own.joblib,sigmoid,19,0.48999999999999994,saved stacking threshold,7,CV17,Angiography,single variable,cardiovascular,1,0.7298364878886543,0.7291715628672151,0.0006649250214392222,0.8426391683433937,0.8389503688799463,0.0036887994634473564,0.6237599106106847,0.6122327299841733,0.011527180626511369,0.10671044744873101,0.10869393601310526,0.0019834885643742473,-0.01875603017335347,0.02202531433343241,1.0009118910491033,0.9743509984319382,1.0306238724411783,2000
own,stacking,"KNeighbors,RandomForest,AdaBoost,MLP",isotonic,models/stacking_sensitivity/h7_CV17_own.joblib,isotonic,20,0.42999999999999994,saved stacking threshold,7,CV17,Angiography,single variable,cardiovascular,1,0.7412137884572199,0.7409339848725829,0.00027980358463697286,0.8405139168343394,0.838388665325285,0.0021252515090544044,0.5809162096170836,0.5794771153459999,0.0014390942710836852,0.10909709189362679,0.10974475151146539,0.0006476596178385946,-0.019884612183922054,0.021290871487009703,1.0003776363216557,0.9734140432439796,1.029731386813296,2000
paper,stacking,"LogisticRegression,RandomForest,AdaBoost",raw,models/stacking_sensitivity/h7_CV17_paper.joblib,raw_fixed,21,0.5,fixed 0.5,7,CV17,Angiography,single variable,cardiovascular,1,0.7075843972346976,0.7020361990950226,0.005548198139674998,0.8422199865861838,0.8401743796109993,0.002045606975184522,0.6034110778583436,0.5966225083225003,0.006788569535843281,0.1090676171732286,0.1099366387347722,0.0008690215615436009,-0.00990428576438317,0.023278665673166065,1.007903008629508,0.9858652303029994,1.0334644784226106,2000
paper,stacking,"LogisticRegression,RandomForest,AdaBoost",raw,models/stacking_sensitivity/h7_CV17_paper.joblib,raw_threshold,21,0.4799999999999999,saved stacking threshold,7,CV17,Angiography,single variable,cardiovascular,1,0.7350298381051587,0.7141948389180861,0.020834999187072545,0.8422199865861838,0.8401743796109993,0.002045606975184522,0.6034110778583436,0.5966225083225003,0.006788569535843281,0.1090676171732286,0.1099366387347722,0.0008690215615436009,0.006541016729454172,0.038201946164377776,1.0291727103749937,1.0091177399685858,1.0544071184360415,2000
paper,stacking,"LogisticRegression,RandomForest,AdaBoost",sigmoid,models/stacking_sensitivity/h7_CV17_paper.joblib,sigmoid,22,0.4699999999999999,saved stacking threshold,7,CV17,Angiography,single variable,cardiovascular,1,0.7350298381051587,0.7155176711031355,0.019512167002023184,0.8422199865861838,0.8401743796109993,0.002045606975184522,0.6034110778583436,0.5966225083225003,0.006788569535843281,0.10912011138240431,0.11001421825632489,0.0008941068739205804,0.0053785494305722045,0.0363036692946932,1.0272700001551893,1.0074740853103876,1.0518199244567377,2000
paper,stacking,"LogisticRegression,RandomForest,AdaBoost",isotonic,models/stacking_sensitivity/h7_CV17_paper.joblib,isotonic,23,0.42999999999999994,saved stacking threshold,7,CV17,Angiography,single variable,cardiovascular,1,0.7137798908682395,0.7020361990950226,0.01174369177321688,0.8405809859154929,0.8387910798122066,0.0017899061032863317,0.5821091827434924,0.5780644871750261,0.004044695568466317,0.10980365067439943,0.11114506398578183,0.0013414133113824056,-0.005872657495811709,0.030857709546339096,1.0167280430672312,0.9919030250218861,1.044525196887965,2000
LogisticRegression,individual,LogisticRegression,raw,Cached fitted individual; sigmoid fitted to cached training OOF,raw_fixed,0,0.5,fixed 0.5,7,CV17,Vessels,single variable,cardiovascular,1,0.6978542510121457,0.701208099370427,-0.0033538483582813416,0.8400570087189806,0.8404929577464789,-0.000435949027498328,0.5851106263451289,0.5912020942115016,-0.006091467866372713,0.16278896131831536,0.1624932737001259,-0.00029568761818946077,-0.019734794445964817,0.011787643460724436,0.9952170427562195,0.9724742621742355,1.016964719712522,2000
LogisticRegression,individual,LogisticRegression,raw,Cached fitted individual; sigmoid fitted to cached training OOF,raw_threshold,0,0.61,own validation,7,CV17,Vessels,single variable,cardiovascular,1,0.7397061730021741,0.746936557085447,-0.007230384083272923,0.8400570087189806,0.8404929577464789,-0.000435949027498328,0.5851106263451289,0.5912020942115016,-0.006091467866372713,0.16278896131831536,0.1624932737001259,-0.00029568761818946077,-0.023343599412724465,0.008561494880140724,0.9903199488434654,0.9692022079981035,1.011666758603043,2000
LogisticRegression,individual,LogisticRegression,sigmoid,Cached fitted individual; sigmoid fitted to cached training OOF,sigmoid,1,0.32999999999999996,own validation,7,CV17,Vessels,single variable,cardiovascular,1,0.7398703065405897,0.7411183116793496,-0.001248005138759889,0.8400570087189806,0.8404929577464789,-0.000435949027498328,0.5851106263451289,0.5912020942115016,-0.006091467866372713,0.11154514911142789,0.11126315095314294,-0.00028199815828494623,-0.0166282495915755,0.014074395642196928,0.9983160514062431,0.9774913310500506,1.0193994063448828,2000
SVC,individual,SVC,raw,Cached fitted individual; sigmoid fitted to cached training OOF,raw_fixed,2,0.5,fixed 0.5,7,CV17,Vessels,single variable,cardiovascular,1,0.7061175251250945,0.6920910989921374,0.014026426132957126,0.8287474849094567,0.8265174379610999,0.002230046948356823,0.5532025204646347,0.5546548712887771,-0.0014523508241424121,0.16366850142026806,0.16426787559300754,0.0005993741727394752,-0.0019705678037901715,0.030830866803356394,1.020266733892956,0.997095673827834,1.04531150441849,2000
SVC,individual,SVC,raw,Cached fitted individual; sigmoid fitted to cached training OOF,raw_threshold,2,0.7699999999999999,own validation,7,CV17,Vessels,single variable,cardiovascular,1,0.7059667789344763,0.7191325210518887,-0.013165742117412393,0.8287474849094567,0.8265174379610999,0.002230046948356823,0.5532025204646347,0.5546548712887771,-0.0014523508241424121,0.16366850142026806,0.16426787559300754,0.0005993741727394752,-0.03368674036384994,0.007128467258149099,0.9816921892252145,0.9526540393933866,1.0100774278980473,2000
SVC,individual,SVC,sigmoid,Cached fitted individual; sigmoid fitted to cached training OOF,sigmoid,3,0.42999999999999994,own validation,7,CV17,Vessels,single variable,cardiovascular,1,0.7059667789344763,0.72196615178917,-0.01599937285469366,0.8287474849094567,0.8265174379610999,0.002230046948356823,0.5532025204646347,0.5546548712887771,-0.0014523508241424121,0.11597550866454256,0.1164915593396696,0.0005160506751270416,-0.03806296105696405,0.004316792232165368,0.9778391648762976,0.9479694353202254,1.0061291802485324,2000
KNeighbors,individual,KNeighbors,raw,Cached fitted individual; sigmoid fitted to cached training OOF,raw_fixed,4,0.5,fixed 0.5,7,CV17,Vessels,single variable,cardiovascular,1,0.6881554279688324,0.6757852535117863,0.012370174457046135,0.8064721663313212,0.8005365526492287,0.0059356136820925,0.5460457640091161,0.5404924518039544,0.005553312205161642,0.15337400188564979,0.15016301213389135,-0.0032109897517584307,-0.00680853139997461,0.03379630540209044,1.0183048895973437,0.9902165214366022,1.0510837605662835,2000
KNeighbors,individual,KNeighbors,raw,Cached fitted individual; sigmoid fitted to cached training OOF,raw_threshold,4,0.6699999999999999,own validation,7,CV17,Vessels,single variable,cardiovascular,1,0.6972794008516857,0.675384927308073,0.021894473543612736,0.8064721663313212,0.8005365526492287,0.0059356136820925,0.5460457640091161,0.5404924518039544,0.005553312205161642,0.15337400188564979,0.15016301213389135,-0.0032109897517584307,-7.004144426742095e-06,0.046510382486481094,1.0324177704570325,0.999990090234044,1.0713101542807566,2000
KNeighbors,individual,KNeighbors,sigmoid,Cached fitted individual; sigmoid fitted to cached training OOF,sigmoid,5,0.3499999999999999,own validation,7,CV17,Vessels,single variable,cardiovascular,1,0.6976584022038568,0.6778284800301078,0.019829922173749015,0.8064721663313212,0.8005365526492287,0.0059356136820925,0.5460457640091161,0.5404924518039544,0.005553312205161642,0.12163144832469219,0.12282730506817358,0.0011958567434813827,-0.0016756393220947543,0.043005858803442654,1.0292550737509114,0.9975351383648542,1.0646415879066922,2000
RandomForest,individual,RandomForest,raw,Cached fitted individual; sigmoid fitted to cached training OOF,raw_fixed,6,0.5,fixed 0.5,7,CV17,Vessels,single variable,cardiovascular,1,0.7417235790637324,0.728313563692625,0.01341001537110742,0.8438883299798793,0.8435865191146882,0.0003018108651910989,0.6308391905099286,0.631560961182578,-0.0007217706726493356,0.13488980382932303,0.1303353066450597,-0.0045544971842633175,-0.004718333632914351,0.03240911216210794,1.018412420198681,0.993640667388754,1.0451784035784486,2000
RandomForest,individual,RandomForest,raw,Cached fitted individual; sigmoid fitted to cached training OOF,raw_threshold,6,0.5299999999999999,own validation,7,CV17,Vessels,single variable,cardiovascular,1,0.7450960369852015,0.743628094572878,0.0014679424123235085,0.8438883299798793,0.8435865191146882,0.0003018108651910989,0.6308391905099286,0.631560961182578,-0.0007217706726493356,0.13488980382932303,0.1303353066450597,-0.0045544971842633175,-0.01696599665635277,0.020580685554317975,1.001974027639672,0.9778596381839536,1.028361419678511,2000
RandomForest,individual,RandomForest,sigmoid,Cached fitted individual; sigmoid fitted to cached training OOF,sigmoid,7,0.33999999999999997,own validation,7,CV17,Vessels,single variable,cardiovascular,1,0.7570925553319919,0.7388756221516607,0.01821693318033124,0.8438883299798793,0.8435865191146882,0.0003018108651910989,0.6308391905099286,0.631560961182578,-0.0007217706726493356,0.10663169271947372,0.1075104921383949,0.000878799418921189,0.00175580050540603,0.03742134035164465,1.0246549387125294,1.0022898168102876,1.0521453897944975,2000
AdaBoost,individual,AdaBoost,raw,Cached fitted individual; sigmoid fitted to cached training OOF,raw_fixed,8,0.5,fixed 0.5,7,CV17,Vessels,single variable,cardiovascular,1,0.7019006243027696,0.7010149979494991,0.0008856263532704967,0.8237592219986586,0.8241490610328639,-0.0003898390342053082,0.5763065060045852,0.5764896023835202,-0.0001830963789349882,0.1964828308600174,0.1924718309276317,-0.004010999932385684,-0.01732889960041629,0.019807251703308326,1.0012633486528262,0.975554097396847,1.0288277125978709,2000
AdaBoost,individual,AdaBoost,raw,Cached fitted individual; sigmoid fitted to cached training OOF,raw_threshold,8,0.5399999999999999,own validation,7,CV17,Vessels,single variable,cardiovascular,1,0.7362850277514552,0.7113411745761233,0.024943853175331876,0.8237592219986586,0.8241490610328639,-0.0003898390342053082,0.5763065060045852,0.5764896023835202,-0.0001830963789349882,0.1964828308600174,0.1924718309276317,-0.004010999932385684,0.005313214227236204,0.04601323451214485,1.0350659487554554,1.0074494345458302,1.0659806379456296,2000
AdaBoost,individual,AdaBoost,sigmoid,Cached fitted individual; sigmoid fitted to cached training OOF,sigmoid,9,0.32999999999999996,own validation,7,CV17,Vessels,single variable,cardiovascular,1,0.7337982263321459,0.7130135957666723,0.020784630565473527,0.8237592219986586,0.8241490610328639,-0.0003898390342053082,0.5763065060045852,0.5764896023835202,-0.0001830963789349882,0.11428056911772555,0.1154963629961001,0.0012157938783745464,0.0022700572270157706,0.04080991931508684,1.029150398658422,1.003283912999823,1.0589289993377031,2000
MLP,individual,MLP,raw,Cached fitted individual; sigmoid fitted to cached training OOF,raw_fixed,10,0.5,fixed 0.5,7,CV17,Vessels,single variable,cardiovascular,1,0.7054598979906206,0.714121006698871,-0.008661108708250431,0.8405097250167672,0.8414403085177733,-0.0009305835010060548,0.6221975471780146,0.6159372214465961,0.006260325731418437,0.14837885503664802,0.14186175280478874,-0.006517102231859279,-0.03047291525227826,0.013734270323187983,0.9878716511249436,0.957898391987608,1.0196986542473438,2000
MLP,individual,MLP,raw,Cached fitted individual; sigmoid fitted to cached training OOF,raw_threshold,10,0.7499999999999999,own validation,7,CV17,Vessels,single variable,cardiovascular,1,0.7453939331666495,0.7300276264002422,0.015366306766407267,0.8405097250167672,0.8414403085177733,-0.0009305835010060548,0.6221975471780146,0.6159372214465961,0.006260325731418437,0.14837885503664802,0.14186175280478874,-0.006517102231859279,-0.013713741574378002,0.04490442269089283,1.0210489387123312,0.9815770159540905,1.0626026041283538,2000
MLP,individual,MLP,sigmoid,Cached fitted individual; sigmoid fitted to cached training OOF,sigmoid,11,0.41999999999999993,own validation,7,CV17,Vessels,single variable,cardiovascular,1,0.7467307692307692,0.7285095856524428,0.01822118357832636,0.8405097250167672,0.8414403085177733,-0.0009305835010060548,0.6221975471780146,0.6159372214465961,0.006260325731418437,0.1069901165628567,0.10852688110821491,0.001536764545358213,-0.011753296544186368,0.04847415632161898,1.0250115907013189,0.9842230035253053,1.0677328224539462,2000
GradientBoosting,individual,GradientBoosting,raw,Cached fitted individual; sigmoid fitted to cached training OOF,raw_fixed,12,0.5,fixed 0.5,7,CV17,Vessels,single variable,cardiovascular,1,0.72416251897349,0.7058372478585244,0.018325271114965624,0.8293678739101275,0.8304703219315895,-0.001102448021462088,0.5888579484291103,0.5882397848349645,0.000618163594145793,0.1428185474058207,0.1523229545718674,0.009504407166046697,-0.00038432749275608686,0.03594939222289797,1.0259624597179642,0.9994782373258837,1.0520357608953548,2000
GradientBoosting,individual,GradientBoosting,raw,Cached fitted individual; sigmoid fitted to cached training OOF,raw_threshold,12,0.5499999999999999,own validation,7,CV17,Vessels,single variable,cardiovascular,1,0.7400236880466473,0.7190318263804039,0.02099186166624345,0.8293678739101275,0.8304703219315895,-0.001102448021462088,0.5888579484291103,0.5882397848349645,0.000618163594145793,0.1428185474058207,0.1523229545718674,0.009504407166046697,0.0005902373071300125,0.04150918333575053,1.0291946210113065,1.0008168565083753,1.0589910108074763,2000
GradientBoosting,individual,GradientBoosting,sigmoid,Cached fitted individual; sigmoid fitted to cached training OOF,sigmoid,13,0.29,own validation,7,CV17,Vessels,single variable,cardiovascular,1,0.7378650931143138,0.7190318263804039,0.018833266733909948,0.8293678739101275,0.8304703219315895,-0.001102448021462088,0.5888579484291103,0.5882397848349645,0.000618163594145793,0.11236137073535046,0.11308481203405293,0.0007234412987024708,-0.0018493690049224268,0.03981086988247793,1.0261925356332506,0.9975200790649759,1.0558271731507487,2000
XGBoost,individual,XGBoost,raw,Cached fitted individual; sigmoid fitted to cached training OOF,raw_fixed,14,0.5,fixed 0.5,7,CV17,Vessels,single variable,cardiovascular,1,0.7144805303793219,0.7222246465351719,-0.007744116155850023,0.8388246143527833,0.8398893360160966,-0.0010647216633132839,0.6062699193355928,0.6153395691520915,-0.009069649816498715,0.2018152974883635,0.19872818507951792,-0.0030871124088455715,-0.021977649216262295,0.005853666982226324,0.9892774136233069,0.9697928291727171,1.008293872475386,2000
XGBoost,individual,XGBoost,raw,Cached fitted individual; sigmoid fitted to cached training OOF,raw_threshold,14,0.5299999999999999,own validation,7,CV17,Vessels,single variable,cardiovascular,1,0.7592721834496511,0.7414283937932343,0.017843789656416753,0.8388246143527833,0.8398893360160966,-0.0010647216633132839,0.6062699193355928,0.6153395691520915,-0.009069649816498715,0.2018152974883635,0.19872818507951792,-0.0030871124088455715,-0.0008411239142274148,0.038060662784119265,1.0240667740887637,0.99890744173071,1.0526001383098527,2000
XGBoost,individual,XGBoost,sigmoid,Cached fitted individual; sigmoid fitted to cached training OOF,sigmoid,15,0.31999999999999995,own validation,7,CV17,Vessels,single variable,cardiovascular,1,0.7486119537164402,0.7460513078470825,0.0025606458693576695,0.8388246143527833,0.8398893360160966,-0.0010647216633132839,0.6062699193355928,0.6153395691520915,-0.009069649816498715,0.10890968022913168,0.1091567105363464,0.0002470303072147212,-0.017337933043996907,0.022947353827161576,1.0034322651035181,0.9773395247147614,1.0316821971565098,2000
paper,voting,"LogisticRegression,RandomForest,AdaBoost",raw,models/predictive_sensitivity/h7_CV17_paper.joblib,raw_fixed,16,0.5,fixed 0.5,7,CV17,Vessels,single variable,cardiovascular,1,0.719064834047819,0.7170894604253324,0.001975373622486565,0.8440727699530517,0.8432763246143528,0.0007964453386989367,0.617963404042573,0.6202520494270248,-0.0022886453844518373,0.15810708391593867,0.1550806697444533,-0.0030264141714853587,-0.013465242379380354,0.018245475008194838,1.0027547101603123,0.9815651211553317,1.0258994330200324,2000
paper,voting,"LogisticRegression,RandomForest,AdaBoost",raw,models/predictive_sensitivity/h7_CV17_paper.joblib,raw_threshold,16,0.43999999999999995,saved voting threshold (also applied to raw),7,CV17,Vessels,single variable,cardiovascular,1,0.6748584161766302,0.686249285305889,-0.011390869129258796,0.8440727699530517,0.8432763246143528,0.0007964453386989367,0.617963404042573,0.6202520494270248,-0.0022886453844518373,0.15810708391593867,0.1550806697444533,-0.0030264141714853587,-0.0218871350180218,-0.001411071663998003,0.9834012663136233,0.9680327853676528,0.9979501818467994,2000
paper,voting,"LogisticRegression,RandomForest,AdaBoost",sigmoid,models/predictive_sensitivity/h7_CV17_paper.joblib,sigmoid,17,0.43999999999999995,saved voting threshold (also applied to raw),7,CV17,Vessels,single variable,cardiovascular,1,0.7384422316831452,0.7313539040281971,0.007088327654948046,0.8440727699530517,0.8432763246143528,0.0007964453386989367,0.617963404042573,0.6202520494270248,-0.0022886453844518373,0.10768249189922874,0.10834878708456472,0.00066629518533598,-0.005116305660568793,0.021741786828777254,1.0096920623735055,0.9931036048120419,1.030293789619518,2000
own,stacking,"KNeighbors,RandomForest,AdaBoost,MLP",raw,models/stacking_sensitivity/h7_CV17_own.joblib,raw_fixed,18,0.5,fixed 0.5,7,CV17,Vessels,single variable,cardiovascular,1,0.7298364878886543,0.7245806564754642,0.005255831413190082,0.8426391683433937,0.842781690140845,-0.00014252179745133375,0.6237599106106847,0.6238457043537855,-8.579374310080379e-05,0.10654148968679936,0.10812554467099003,0.0015840549841906748,-0.015751463938915168,0.027168988715125384,1.0072536181668936,0.9786428081652233,1.0376358193787174,2000
own,stacking,"KNeighbors,RandomForest,AdaBoost,MLP",raw,models/stacking_sensitivity/h7_CV17_own.joblib,raw_threshold,18,0.48999999999999994,saved stacking threshold,7,CV17,Vessels,single variable,cardiovascular,1,0.7271888482766964,0.7305260573322694,-0.0033372090555729983,0.8426391683433937,0.842781690140845,-0.00014252179745133375,0.6237599106106847,0.6238457043537855,-8.579374310080379e-05,0.10654148968679936,0.10812554467099003,0.0015840549841906748,-0.025577041227431527,0.01900874351731892,0.9954317727313385,0.9658706343219358,1.026552619378095,2000
own,stacking,"KNeighbors,RandomForest,AdaBoost,MLP",sigmoid,models/stacking_sensitivity/h7_CV17_own.joblib,sigmoid,19,0.48999999999999994,saved stacking threshold,7,CV17,Vessels,single variable,cardiovascular,1,0.7298364878886543,0.7245806564754642,0.005255831413190082,0.8426391683433937,0.842781690140845,-0.00014252179745133375,0.6237599106106847,0.6238457043537855,-8.579374310080379e-05,0.10671044744873101,0.10822237135565213,0.0015119239069211199,-0.015751463938915168,0.027168988715125384,1.0072536181668936,0.9786428081652233,1.0376358193787174,2000
own,stacking,"KNeighbors,RandomForest,AdaBoost,MLP",isotonic,models/stacking_sensitivity/h7_CV17_own.joblib,isotonic,20,0.42999999999999994,saved stacking threshold,7,CV17,Vessels,single variable,cardiovascular,1,0.7412137884572199,0.7323170731707318,0.008896715286488055,0.8405139168343394,0.8409079476861167,-0.0003940308517772495,0.5809162096170836,0.5857668393579385,-0.004850629740854928,0.10909709189362679,0.10913219626252046,3.510436889367363e-05,-0.01102548516856075,0.029730244968798572,1.0121487202912909,0.985265363706053,1.0416162537266556,2000
paper,stacking,"LogisticRegression,RandomForest,AdaBoost",raw,models/stacking_sensitivity/h7_CV17_paper.joblib,raw_fixed,21,0.5,fixed 0.5,7,CV17,Vessels,single variable,cardiovascular,1,0.7075843972346976,0.7215791977168227,-0.013994800482125092,0.8422199865861838,0.841172032193159,0.0010479543930248525,0.6034110778583436,0.6032086254118478,0.0002024524464957489,0.1090676171732286,0.10980061043641731,0.0007329932631887082,-0.034799148148970074,0.006193006010261922,0.9806053160534469,0.9520035490422153,1.0088551398618288,2000
paper,stacking,"LogisticRegression,RandomForest,AdaBoost",raw,models/stacking_sensitivity/h7_CV17_paper.joblib,raw_threshold,21,0.4799999999999999,saved stacking threshold,7,CV17,Vessels,single variable,cardiovascular,1,0.7350298381051587,0.7291715628672151,0.005858275237943578,0.8422199865861838,0.841172032193159,0.0010479543930248525,0.6034110778583436,0.6032086254118478,0.0002024524464957489,0.1090676171732286,0.10980061043641731,0.0007329932631887082,-0.007169575969517547,0.020045596599607068,1.0080341520929696,0.9902028586240734,1.027925541784606,2000
paper,stacking,"LogisticRegression,RandomForest,AdaBoost",sigmoid,models/stacking_sensitivity/h7_CV17_paper.joblib,sigmoid,22,0.4699999999999999,saved stacking threshold,7,CV17,Vessels,single variable,cardiovascular,1,0.7350298381051587,0.7291715628672151,0.005858275237943578,0.8422199865861838,0.841172032193159,0.0010479543930248525,0.6034110778583436,0.6032086254118478,0.0002024524464957489,0.10912011138240431,0.10989055085839049,0.0007704394759861788,-0.007169575969517547,0.020045596599607068,1.0080341520929696,0.9902028586240734,1.027925541784606,2000
paper,stacking,"LogisticRegression,RandomForest,AdaBoost",isotonic,models/stacking_sensitivity/h7_CV17_paper.joblib,isotonic,23,0.42999999999999994,saved stacking threshold,7,CV17,Vessels,single variable,cardiovascular,1,0.7137798908682395,0.7215791977168227,-0.0077993068485832096,0.8405809859154929,0.8395204560697519,0.0010605298457410095,0.5821091827434924,0.5776471780711472,0.0044620046723452544,0.10980365067439943,0.10999369992316216,0.00019004924876273033,-0.027192168736676868,0.01006970896472444,0.989191336344976,0.9632054695492304,1.014365342518888,2000
LogisticRegression,individual,LogisticRegression,raw,Cached fitted individual; sigmoid fitted to cached training OOF,raw_fixed,0,0.5,fixed 0.5,7,CV17,Ischemia,single variable,cardiovascular,1,0.6978542510121457,0.7095381345400629,-0.01168388352791716,0.8400570087189806,0.8394030851777331,0.000653923541247492,0.5851106263451289,0.5740002439961809,0.011110382348948011,0.16278896131831536,0.16335695324761265,0.0005679919292972957,-0.028308001404165374,0.0049559123057373545,0.9835331140651222,0.9605793489464992,1.0070392992186226,2000
LogisticRegression,individual,LogisticRegression,raw,Cached fitted individual; sigmoid fitted to cached training OOF,raw_threshold,0,0.61,own validation,7,CV17,Ischemia,single variable,cardiovascular,1,0.7397061730021741,0.7410352276503822,-0.0013290546482080945,0.8400570087189806,0.8394030851777331,0.000653923541247492,0.5851106263451289,0.5740002439961809,0.011110382348948011,0.16278896131831536,0.16335695324761265,0.0005679919292972957,-0.01835573809989795,0.01610105386996875,0.9982064892482613,0.9750457188428916,1.0219628716522535,2000
LogisticRegression,individual,LogisticRegression,sigmoid,Cached fitted individual; sigmoid fitted to cached training OOF,sigmoid,1,0.32999999999999996,own validation,7,CV17,Ischemia,single variable,cardiovascular,1,0.7398703065405897,0.7386904761904762,0.0011798303501134866,0.8400570087189806,0.8394030851777331,0.000653923541247492,0.5851106263451289,0.5740002439961809,0.011110382348948011,0.11154514911142789,0.11254768286475983,0.0010025337533319384,-0.01732138652950761,0.020756671736903348,1.001597191771306,0.9765874635807443,1.0282629998001618,2000
SVC,individual,SVC,raw,Cached fitted individual; sigmoid fitted to cached training OOF,raw_fixed,2,0.5,fixed 0.5,7,CV17,Ischemia,single variable,cardiovascular,1,0.7061175251250945,0.7033297837483617,0.0027877413767327663,0.8287474849094567,0.8304996646545942,-0.0017521797451375276,0.5532025204646347,0.542831465108694,0.01037105535594074,0.16366850142026806,0.16087512089259254,-0.0027933805276755264,-0.012699443659184967,0.01830833594210064,1.0039636333355253,0.9821299954269627,1.026130565307783,2000
SVC,individual,SVC,raw,Cached fitted individual; sigmoid fitted to cached training OOF,raw_threshold,2,0.7699999999999999,own validation,7,CV17,Ischemia,single variable,cardiovascular,1,0.7059667789344763,0.6970770251523011,0.00888975378217527,0.8287474849094567,0.8304996646545942,-0.0017521797451375276,0.5532025204646347,0.542831465108694,0.01037105535594074,0.16366850142026806,0.16087512089259254,-0.0027933805276755264,-0.01230343166957483,0.02978866324354159,1.012752900269856,0.9827987833570467,1.0436280540668847,2000
SVC,individual,SVC,sigmoid,Cached fitted individual; sigmoid fitted to cached training OOF,sigmoid,3,0.42999999999999994,own validation,7,CV17,Ischemia,single variable,cardiovascular,1,0.7059667789344763,0.6958341753514824,0.010132603582993949,0.8287474849094567,0.8304996646545942,-0.0017521797451375276,0.5532025204646347,0.542831465108694,0.01037105535594074,0.11597550866454256,0.11675850279666643,0.0007829941321238626,-0.010996024115915637,0.031061252385838713,1.014561807887455,0.9843660782091435,1.0455214724147828,2000
KNeighbors,individual,KNeighbors,raw,Cached fitted individual; sigmoid fitted to cached training OOF,raw_fixed,4,0.5,fixed 0.5,7,CV17,Ischemia,single variable,cardiovascular,1,0.6881554279688324,0.6849885189437428,0.003166909025089648,0.8064721663313212,0.8095824949698189,-0.0031103286384976947,0.5460457640091161,0.5377503897086802,0.00829537430043592,0.15337400188564979,0.15581254839616152,0.00243854651051173,-0.017056774715184207,0.02288588917658116,1.0046233023437723,0.9753619889184583,1.0339941625685392,2000
KNeighbors,individual,KNeighbors,raw,Cached fitted individual; sigmoid fitted to cached training OOF,raw_threshold,4,0.6699999999999999,own validation,7,CV17,Ischemia,single variable,cardiovascular,1,0.6972794008516857,0.6923908630030511,0.004888537848634633,0.8064721663313212,0.8095824949698189,-0.0031103286384976947,0.5460457640091161,0.5377503897086802,0.00829537430043592,0.15337400188564979,0.15581254839616152,0.00243854651051173,-0.013700796668121351,0.025843435246922297,1.007060373135821,0.9805239372032479,1.037868037382223,2000
KNeighbors,individual,KNeighbors,sigmoid,Cached fitted individual; sigmoid fitted to cached training OOF,sigmoid,5,0.3499999999999999,own validation,7,CV17,Ischemia,single variable,cardiovascular,1,0.6976584022038568,0.6916420096271488,0.006016392576707941,0.8064721663313212,0.8095824949698189,-0.0031103286384976947,0.5460457640091161,0.5377503897086802,0.00829537430043592,0.12163144832469219,0.12194437507315081,0.00031292674845861956,-0.011657455871248657,0.02607019938484826,1.0086987090040282,0.9834322804742907,1.0385406650345885,2000
RandomForest,individual,RandomForest,raw,Cached fitted individual; sigmoid fitted to cached training OOF,raw_fixed,6,0.5,fixed 0.5,7,CV17,Ischemia,single variable,cardiovascular,1,0.7417235790637324,0.7274791577044342,0.014244421359298265,0.8438883299798793,0.8425804828973843,0.001307847082494984,0.6308391905099286,0.6098775822037836,0.02096160830614502,0.13488980382932303,0.1421739859650575,0.007284182135734479,0.003818699353415225,0.025361908289385865,1.0195805215976863,1.0053156669109553,1.0355944859423698,2000
RandomForest,individual,RandomForest,raw,Cached fitted individual; sigmoid fitted to cached training OOF,raw_threshold,6,0.5299999999999999,own validation,7,CV17,Ischemia,single variable,cardiovascular,1,0.7450960369852015,0.740785629933495,0.0043104070517065995,0.8438883299798793,0.8425804828973843,0.001307847082494984,0.6308391905099286,0.6098775822037836,0.02096160830614502,0.13488980382932303,0.1421739859650575,0.007284182135734479,-0.00807227985104629,0.016219386440430042,1.0058186969043845,0.9889310509668687,1.0219123257566183,2000
RandomForest,individual,RandomForest,sigmoid,Cached fitted individual; sigmoid fitted to cached training OOF,sigmoid,7,0.33999999999999997,own validation,7,CV17,Ischemia,single variable,cardiovascular,1,0.7570925553319919,0.7510872515607564,0.006005303771235537,0.8438883299798793,0.8425804828973843,0.001307847082494984,0.6308391905099286,0.6098775822037836,0.02096160830614502,0.10663169271947372,0.10841979107022935,0.0017880983507556347,-0.008457479011650665,0.019985730153508113,1.0079954808962028,0.9891340469152268,1.0265633015068365,2000
AdaBoost,individual,AdaBoost,raw,Cached fitted individual; sigmoid fitted to cached training OOF,raw_fixed,8,0.5,fixed 0.5,7,CV17,Ischemia,single variable,cardiovascular,1,0.7019006243027696,0.6766403885969103,0.025260235705859224,0.8237592219986586,0.8223759221998659,0.0013832997987927032,0.5763065060045852,0.5640605972472101,0.012245908757375079,0.1964828308600174,0.20304826665111475,0.006565435791097363,0.013643916012405883,0.03766994988025664,1.037331847361697,1.020170297203413,1.0561659388940423,2000
AdaBoost,individual,AdaBoost,raw,Cached fitted individual; sigmoid fitted to cached training OOF,raw_threshold,8,0.5399999999999999,own validation,7,CV17,Ischemia,single variable,cardiovascular,1,0.7362850277514552,0.7441724941724942,-0.007887466421038991,0.8237592219986586,0.8223759221998659,0.0013832997987927032,0.5763065060045852,0.5640605972472101,0.012245908757375079,0.1964828308600174,0.20304826665111475,0.006565435791097363,-0.024147297300322102,0.007515842733408858,0.989401023979246,0.9674180574298938,1.0101267570454406,2000
AdaBoost,individual,AdaBoost,sigmoid,Cached fitted individual; sigmoid fitted to cached training OOF,sigmoid,9,0.32999999999999996,own validation,7,CV17,Ischemia,single variable,cardiovascular,1,0.7337982263321459,0.7404952197122779,-0.006696993380132077,0.8237592219986586,0.8223759221998659,0.0013832997987927032,0.5763065060045852,0.5640605972472101,0.012245908757375079,0.11428056911772555,0.11542360520985044,0.001143036092124891,-0.02283250691561515,0.009006669273771906,0.9909560612926924,0.9694931525869452,1.0123119423122726,2000
MLP,individual,MLP,raw,Cached fitted individual; sigmoid fitted to cached training OOF,raw_fixed,10,0.5,fixed 0.5,7,CV17,Ischemia,single variable,cardiovascular,1,0.7054598979906206,0.7018726085597723,0.003587289430848295,0.8405097250167672,0.8385228034875922,0.001986921529175012,0.6221975471780146,0.6205245003135439,0.001673046864470673,0.14837885503664802,0.15507143327157263,0.006692578234924612,-0.01422233269663974,0.02216958172925403,1.0051110263986642,0.9796573025501598,1.0317225761636635,2000
MLP,individual,MLP,raw,Cached fitted individual; sigmoid fitted to cached training OOF,raw_threshold,10,0.7499999999999999,own validation,7,CV17,Ischemia,single variable,cardiovascular,1,0.7453939331666495,0.7467117421681316,-0.0013178090014821509,0.8405097250167672,0.8385228034875922,0.001986921529175012,0.6221975471780146,0.6205245003135439,0.001673046864470673,0.14837885503664802,0.15507143327157263,0.006692578234924612,-0.021425790504699272,0.019307634948237277,0.998235183770305,0.9714825480760652,1.026031986952953,2000
MLP,individual,MLP,sigmoid,Cached fitted individual; sigmoid fitted to cached training OOF,sigmoid,11,0.41999999999999993,own validation,7,CV17,Ischemia,single variable,cardiovascular,1,0.7467307692307692,0.7413843888070693,0.005346380423699948,0.8405097250167672,0.8385228034875922,0.001986921529175012,0.6221975471780146,0.6205245003135439,0.001673046864470673,0.1069901165628567,0.10762802501589673,0.0006379084530400286,-0.01485569361321654,0.025341935293691383,1.007211347452706,0.9803579917988151,1.0344460135733142,2000
GradientBoosting,individual,GradientBoosting,raw,Cached fitted individual; sigmoid fitted to cached training OOF,raw_fixed,12,0.5,fixed 0.5,7,CV17,Ischemia,single variable,cardiovascular,1,0.72416251897349,0.7147091337020488,0.00945338527144124,0.8293678739101275,0.8320380617035547,-0.0026701877934272034,0.5888579484291103,0.5823877749105002,0.006470173518610123,0.1428185474058207,0.14956641384432406,0.006747866438503364,-0.0008838536031091276,0.01986106200579038,1.0132268986440325,0.9987421328939624,1.0281228834470904,2000
GradientBoosting,individual,GradientBoosting,raw,Cached fitted individual; sigmoid fitted to cached training OOF,raw_threshold,12,0.5499999999999999,own validation,7,CV17,Ischemia,single variable,cardiovascular,1,0.7400236880466473,0.7358957219251336,0.004127966121513671,0.8293678739101275,0.8320380617035547,-0.0026701877934272034,0.5888579484291103,0.5823877749105002,0.006470173518610123,0.1428185474058207,0.14956641384432406,0.006747866438503364,-0.006092710226727785,0.013678145297603722,1.0056094443798569,0.9917956552067463,1.018791018492495,2000
GradientBoosting,individual,GradientBoosting,sigmoid,Cached fitted individual; sigmoid fitted to cached training OOF,sigmoid,13,0.29,own validation,7,CV17,Ischemia,single variable,cardiovascular,1,0.7378650931143138,0.7337884466931426,0.004076646421171226,0.8293678739101275,0.8320380617035547,-0.0026701877934272034,0.5888579484291103,0.5823877749105002,0.006470173518610123,0.11236137073535046,0.11243667509055859,7.530435520812506e-05,-0.00617163456203369,0.013639449872528114,1.0055556154359515,0.991668246717755,1.0187874113442383,2000
XGBoost,individual,XGBoost,raw,Cached fitted individual; sigmoid fitted to cached training OOF,raw_fixed,14,0.5,fixed 0.5,7,CV17,Ischemia,single variable,cardiovascular,1,0.7144805303793219,0.7052601803208013,0.009220350058520621,0.8388246143527833,0.8370850100603622,0.0017396042924211486,0.6062699193355928,0.592443921496009,0.013825997839583826,0.2018152974883635,0.2068647142215865,0.005049416733223011,-0.0013864584562053583,0.019810618655650845,1.0130736858762204,0.9980647058971049,1.0282011121484076,2000
XGBoost,individual,XGBoost,raw,Cached fitted individual; sigmoid fitted to cached training OOF,raw_threshold,14,0.5299999999999999,own validation,7,CV17,Ischemia,single variable,cardiovascular,1,0.7592721834496511,0.7498475120385233,0.009424671411127794,0.8388246143527833,0.8370850100603622,0.0017396042924211486,0.6062699193355928,0.592443921496009,0.013825997839583826,0.2018152974883635,0.2068647142215865,0.005049416733223011,-0.0025694420634480714,0.021478795712671934,1.0125687839991708,0.996632757375086,1.0287799703352614,2000
XGBoost,individual,XGBoost,sigmoid,Cached fitted individual; sigmoid fitted to cached training OOF,sigmoid,15,0.31999999999999995,own validation,7,CV17,Ischemia,single variable,cardiovascular,1,0.7486119537164402,0.7325032622254413,0.016108691490998917,0.8388246143527833,0.8370850100603622,0.0017396042924211486,0.6062699193355928,0.592443921496009,0.013825997839583826,0.10890968022913168,0.11059295582714478,0.0016832755980130953,0.003506846938760827,0.029181115456170168,1.0219912897617118,1.0046684447395169,1.0406094028573987,2000
paper,voting,"LogisticRegression,RandomForest,AdaBoost",raw,models/predictive_sensitivity/h7_CV17_paper.joblib,raw_fixed,16,0.5,fixed 0.5,7,CV17,Ischemia,single variable,cardiovascular,1,0.719064834047819,0.7124966072757519,0.006568226772067032,0.8440727699530517,0.8427062374245473,0.0013665325285043828,0.617963404042573,0.602011925732805,0.015951478309767952,0.15810708391593867,0.16322564306223328,0.00511855914629461,-0.0021885788143162443,0.016431300057173248,1.0092186077870333,0.9969468341786657,1.0232393869356726,2000
paper,voting,"LogisticRegression,RandomForest,AdaBoost",raw,models/predictive_sensitivity/h7_CV17_paper.joblib,raw_threshold,16,0.43999999999999995,saved voting threshold (also applied to raw),7,CV17,Ischemia,single variable,cardiovascular,1,0.6748584161766302,0.6704096398303434,0.00444877634628682,0.8440727699530517,0.8427062374245473,0.0013665325285043828,0.617963404042573,0.602011925732805,0.015951478309767952,0.15810708391593867,0.16322564306223328,0.00511855914629461,-0.009467462696743994,0.018117270892734898,1.0066359074839863,0.9861843024461822,1.0272776886310986,2000
paper,voting,"LogisticRegression,RandomForest,AdaBoost",sigmoid,models/predictive_sensitivity/h7_CV17_paper.joblib,sigmoid,17,0.43999999999999995,saved voting threshold (also applied to raw),7,CV17,Ischemia,single variable,cardiovascular,1,0.7384422316831452,0.7318215475749723,0.006620684108172847,0.8440727699530517,0.8427062374245473,0.0013665325285043828,0.617963404042573,0.602011925732805,0.015951478309767952,0.10768249189922874,0.10896004730187907,0.0012775554026503294,-0.007762369856208556,0.020367354716273003,1.0090468559310828,0.9894590475670523,1.0281247931050563,2000
own,stacking,"KNeighbors,RandomForest,AdaBoost,MLP",raw,models/stacking_sensitivity/h7_CV17_own.joblib,raw_fixed,18,0.5,fixed 0.5,7,CV17,Ischemia,single variable,cardiovascular,1,0.7298364878886543,0.7412823814661422,-0.011445893577487931,0.8426391683433937,0.8396881287726358,0.0029510395707579296,0.6237599106106847,0.611858641045466,0.011901269565218753,0.10654148968679936,0.10802934835201328,0.0014878586652139203,-0.0326901399297777,0.00861859538523438,0.9845593341165755,0.9566439928674654,1.0118046451118905,2000
own,stacking,"KNeighbors,RandomForest,AdaBoost,MLP",raw,models/stacking_sensitivity/h7_CV17_own.joblib,raw_threshold,18,0.48999999999999994,saved stacking threshold,7,CV17,Ischemia,single variable,cardiovascular,1,0.7271888482766964,0.7494034775262299,-0.022214629249533546,0.8426391683433937,0.8396881287726358,0.0029510395707579296,0.6237599106106847,0.611858641045466,0.011901269565218753,0.10654148968679936,0.10802934835201328,0.0014878586652139203,-0.04146908924721022,-0.005373516037399589,0.9703569173139365,0.9448472576934288,0.9929283443770508,2000
own,stacking,"KNeighbors,RandomForest,AdaBoost,MLP",sigmoid,models/stacking_sensitivity/h7_CV17_own.joblib,sigmoid,19,0.48999999999999994,saved stacking threshold,7,CV17,Ischemia,single variable,cardiovascular,1,0.7298364878886543,0.7494223032378637,-0.019585815349209446,0.8426391683433937,0.8396881287726358,0.0029510395707579296,0.6237599106106847,0.611858641045466,0.011901269565218753,0.10671044744873101,0.10816118683401775,0.0014507393852867395,-0.040820431471348756,8.251254877205431e-05,0.9738654490737875,0.9462875054469511,1.0001098350111473,2000
own,stacking,"KNeighbors,RandomForest,AdaBoost,MLP",isotonic,models/stacking_sensitivity/h7_CV17_own.joblib,isotonic,20,0.42999999999999994,saved stacking threshold,7,CV17,Ischemia,single variable,cardiovascular,1,0.7412137884572199,0.753352907061041,-0.012139118603821109,0.8405139168343394,0.8371898054996647,0.0033241113346746953,0.5809162096170836,0.5751771034401904,0.005739106176893216,0.10909709189362679,0.11049283542435731,0.00139574353073052,-0.032944434823523036,0.007026018695662818,0.9838865444202268,0.9569610435090433,1.009321875282405,2000
paper,stacking,"LogisticRegression,RandomForest,AdaBoost",raw,models/stacking_sensitivity/h7_CV17_paper.joblib,raw_fixed,21,0.5,fixed 0.5,7,CV17,Ischemia,single variable,cardiovascular,1,0.7075843972346976,0.704177897574124,0.003406499660573603,0.8422199865861838,0.8410965794768611,0.0011234071093226827,0.6034110778583436,0.5928491630210835,0.0105619148372601,0.1090676171732286,0.11005123668101331,0.0009836195077847082,-0.015457350052514845,0.023820609214564765,1.0048375554988433,0.9780367564758629,1.0342541851629912,2000
paper,stacking,"LogisticRegression,RandomForest,AdaBoost",raw,models/stacking_sensitivity/h7_CV17_paper.joblib,raw_threshold,21,0.4799999999999999,saved stacking threshold,7,CV17,Ischemia,single variable,cardiovascular,1,0.7350298381051587,0.7153213317847464,0.01970850632041221,0.8422199865861838,0.8410965794768611,0.0011234071093226827,0.6034110778583436,0.5928491630210835,0.0105619148372601,0.1090676171732286,0.11005123668101331,0.0009836195077847082,0.0009763191866772992,0.039392326554022965,1.0275519622366622,1.0013669116280377,1.0558762139286555,2000
paper,stacking,"LogisticRegression,RandomForest,AdaBoost",sigmoid,models/stacking_sensitivity/h7_CV17_paper.joblib,sigmoid,22,0.4699999999999999,saved stacking threshold,7,CV17,Ischemia,single variable,cardiovascular,1,0.7350298381051587,0.7153213317847464,0.01970850632041221,0.8422199865861838,0.8410965794768611,0.0011234071093226827,0.6034110778583436,0.5928491630210835,0.0105619148372601,0.10912011138240431,0.11003909323698735,0.0009189818545830425,0.0009763191866772992,0.039392326554022965,1.0275519622366622,1.0013669116280377,1.0558762139286555,2000
paper,stacking,"LogisticRegression,RandomForest,AdaBoost",isotonic,models/stacking_sensitivity/h7_CV17_paper.joblib,isotonic,23,0.42999999999999994,saved stacking threshold,7,CV17,Ischemia,single variable,cardiovascular,1,0.7137798908682395,0.704177897574124,0.009601993294115485,0.8405809859154929,0.8367831991951711,0.0037977867203218274,0.5821091827434924,0.5609300397406158,0.0211791430028766,0.10980365067439943,0.11180022099851596,0.0019965703241165283,-0.011309911693076696,0.030881603356868556,1.013635749328677,0.9840112000440309,1.0443973124095522,2000
LogisticRegression,individual,LogisticRegression,raw,Cached fitted individual; sigmoid fitted to cached training OOF,raw_fixed,0,0.5,fixed 0.5,7,CV17,PostIsch_DCM,single variable,cardiovascular,1,0.6978542510121457,0.6919298245614035,0.005924426450742204,0.8400570087189806,0.8409959758551308,-0.0009389671361501595,0.5851106263451289,0.6028200578306726,-0.017709431485543714,0.16278896131831536,0.1634820051598188,0.0006930438415034545,-0.005162675208793629,0.01750432439481214,1.0085621781869245,0.9924741109404193,1.0256720845490952,2000
LogisticRegression,individual,LogisticRegression,raw,Cached fitted individual; sigmoid fitted to cached training OOF,raw_threshold,0,0.61,own validation,7,CV17,PostIsch_DCM,single variable,cardiovascular,1,0.7397061730021741,0.7461565571193118,-0.00645038411713772,0.8400570087189806,0.8409959758551308,-0.0009389671361501595,0.5851106263451289,0.6028200578306726,-0.017709431485543714,0.16278896131831536,0.1634820051598188,0.0006930438415034545,-0.027617721106980027,0.015524310234950031,0.9913551867157199,0.9637986808161582,1.0212520475953346,2000
LogisticRegression,individual,LogisticRegression,sigmoid,Cached fitted individual; sigmoid fitted to cached training OOF,sigmoid,1,0.32999999999999996,own validation,7,CV17,PostIsch_DCM,single variable,cardiovascular,1,0.7398703065405897,0.7425219941348973,-0.0026516875943075613,0.8400570087189806,0.8409959758551308,-0.0009389671361501595,0.5851106263451289,0.6028200578306726,-0.017709431485543714,0.11154514911142789,0.11048575307113176,-0.0010593960402961317,-0.024468413181243185,0.020556734837594116,0.9964288093615368,0.9676621007532131,1.0279668460237987,2000
SVC,individual,SVC,raw,Cached fitted individual; sigmoid fitted to cached training OOF,raw_fixed,2,0.5,fixed 0.5,7,CV17,PostIsch_DCM,single variable,cardiovascular,1,0.7061175251250945,0.7075716083191473,-0.0014540831940528243,0.8287474849094567,0.8302733065057009,-0.001525821596244148,0.5532025204646347,0.5773206164215422,-0.024118095956907504,0.16366850142026806,0.16255765343602913,-0.0011108479842389385,-0.01447220998212705,0.011438412030960087,0.9979449667327566,0.9795668422269294,1.016135249181818,2000
SVC,individual,SVC,raw,Cached fitted individual; sigmoid fitted to cached training OOF,raw_threshold,2,0.7699999999999999,own validation,7,CV17,PostIsch_DCM,single variable,cardiovascular,1,0.7059667789344763,0.6852340459554889,0.020732732978987478,0.8287474849094567,0.8302733065057009,-0.001525821596244148,0.5532025204646347,0.5773206164215422,-0.024118095956907504,0.16366850142026806,0.16255765343602913,-0.0011108479842389385,-0.010653086569623105,0.052802229055715605,1.0302564256714328,0.9849106119165698,1.0789753631527694,2000
SVC,individual,SVC,sigmoid,Cached fitted individual; sigmoid fitted to cached training OOF,sigmoid,3,0.42999999999999994,own validation,7,CV17,PostIsch_DCM,single variable,cardiovascular,1,0.7059667789344763,0.6839777869189634,0.021988992015512965,0.8287474849094567,0.8302733065057009,-0.001525821596244148,0.5532025204646347,0.5773206164215422,-0.024118095956907504,0.11597550866454256,0.1148507030478157,-0.0011248056167268705,-0.009809285085741507,0.05428817324693178,1.0321486931828068,0.9861271295665901,1.081700095119414,2000
KNeighbors,individual,KNeighbors,raw,Cached fitted individual; sigmoid fitted to cached training OOF,raw_fixed,4,0.5,fixed 0.5,7,CV17,PostIsch_DCM,single variable,cardiovascular,1,0.6881554279688324,0.682032179626468,0.00612324834236444,0.8064721663313212,0.797300469483568,0.009171696847753208,0.5460457640091161,0.5297054225609201,0.01634034144819596,0.15337400188564979,0.14756533197197302,-0.005808669913676762,-0.013449654822289622,0.02559491943626998,1.0089779463862218,0.980591985331904,1.0389079624855242,2000
KNeighbors,individual,KNeighbors,raw,Cached fitted individual; sigmoid fitted to cached training OOF,raw_threshold,4,0.6699999999999999,own validation,7,CV17,PostIsch_DCM,single variable,cardiovascular,1,0.6972794008516857,0.6671180198234307,0.030161381028255052,0.8064721663313212,0.797300469483568,0.009171696847753208,0.5460457640091161,0.5297054225609201,0.01634034144819596,0.15337400188564979,0.14756533197197302,-0.005808669913676762,0.000639235690881876,0.061845725808784016,1.0452114620382134,1.0009128530961535,1.096619934354472,2000
KNeighbors,individual,KNeighbors,sigmoid,Cached fitted individual; sigmoid fitted to cached training OOF,sigmoid,5,0.3499999999999999,own validation,7,CV17,PostIsch_DCM,single variable,cardiovascular,1,0.6976584022038568,0.6635396548024157,0.03411874740144105,0.8064721663313212,0.797300469483568,0.009171696847753208,0.5460457640091161,0.5297054225609201,0.01634034144819596,0.12163144832469219,0.12660893379149785,0.004977485466805653,0.005431161290415177,0.06499052254955036,1.0514193042638886,1.0077789884413364,1.1010855191086164,2000
RandomForest,individual,RandomForest,raw,Cached fitted individual; sigmoid fitted to cached training OOF,raw_fixed,6,0.5,fixed 0.5,7,CV17,PostIsch_DCM,single variable,cardiovascular,1,0.7417235790637324,0.7382295631901794,0.0034940158735530247,0.8438883299798793,0.8442236753856472,-0.0003353454057679617,0.6308391905099286,0.6279586719885488,0.0028805185213798268,0.13488980382932303,0.13254443661998805,-0.002345367209334981,-0.008332898098825115,0.016580882045889655,1.0047329666106217,0.9887329098778611,1.0226351049950362,2000
RandomForest,individual,RandomForest,raw,Cached fitted individual; sigmoid fitted to cached training OOF,raw_threshold,6,0.5299999999999999,own validation,7,CV17,PostIsch_DCM,single variable,cardiovascular,1,0.7450960369852015,0.7445667985119435,0.0005292384732580313,0.8438883299798793,0.8442236753856472,-0.0003353454057679617,0.6308391905099286,0.6279586719885488,0.0028805185213798268,0.13488980382932303,0.13254443661998805,-0.002345367209334981,-0.0115221607831199,0.014202311779001884,1.0007108005276568,0.9847791370597083,1.019448295520936,2000
RandomForest,individual,RandomForest,sigmoid,Cached fitted individual; sigmoid fitted to cached training OOF,sigmoid,7,0.33999999999999997,own validation,7,CV17,PostIsch_DCM,single variable,cardiovascular,1,0.7570925553319919,0.7579298142781161,-0.0008372589461241864,0.8438883299798793,0.8442236753856472,-0.0003353454057679617,0.6308391905099286,0.6279586719885488,0.0028805185213798268,0.10663169271947372,0.10857739076233809,0.0019456980428643744,-0.01348995615515065,0.013718667173568695,0.9988953344619097,0.9823481801535459,1.018623892384945,2000
AdaBoost,individual,AdaBoost,raw,Cached fitted individual; sigmoid fitted to cached training OOF,raw_fixed,8,0.5,fixed 0.5,7,CV17,PostIsch_DCM,single variable,cardiovascular,1,0.7019006243027696,0.7054224348873934,-0.0035218105846238634,0.8237592219986586,0.8226819248826291,0.001077297116029441,0.5763065060045852,0.5773699096652866,-0.0010634036607013453,0.1964828308600174,0.1960167414644536,-0.00046608939556377904,-0.010972790358520996,0.004853793110008927,0.9950075154822854,0.9846385217099108,1.0069878332047228,2000
AdaBoost,individual,AdaBoost,raw,Cached fitted individual; sigmoid fitted to cached training OOF,raw_threshold,8,0.5399999999999999,own validation,7,CV17,PostIsch_DCM,single variable,cardiovascular,1,0.7362850277514552,0.7261883105070298,0.010096717244425402,0.8237592219986586,0.8226819248826291,0.001077297116029441,0.5763065060045852,0.5773699096652866,-0.0010634036607013453,0.1964828308600174,0.1960167414644536,-0.00046608939556377904,-0.002355254016519309,0.024074091665757757,1.0139037176698367,0.99675064283043,1.0336505181921871,2000
AdaBoost,individual,AdaBoost,sigmoid,Cached fitted individual; sigmoid fitted to cached training OOF,sigmoid,9,0.32999999999999996,own validation,7,CV17,PostIsch_DCM,single variable,cardiovascular,1,0.7337982263321459,0.7237137043934064,0.010084521938739432,0.8237592219986586,0.8226819248826291,0.001077297116029441,0.5763065060045852,0.5773699096652866,-0.0010634036607013453,0.11428056911772555,0.11455021728483471,0.0002696481671091572,-0.002328314008333848,0.024000640659266274,1.0139344078708472,0.9967883592865125,1.0336639828802392,2000
MLP,individual,MLP,raw,Cached fitted individual; sigmoid fitted to cached training OOF,raw_fixed,10,0.5,fixed 0.5,7,CV17,PostIsch_DCM,single variable,cardiovascular,1,0.7054598979906206,0.701208099370427,0.0042517986201935365,0.8405097250167672,0.8374832327297116,0.0030264922870556488,0.6221975471780146,0.610440208079794,0.01175733909822052,0.14837885503664802,0.15180816077839607,0.0034293057417480455,-0.008621460709502348,0.017606826512169056,1.0060635332421446,0.9879872062145416,1.025564365010652,2000
MLP,individual,MLP,raw,Cached fitted individual; sigmoid fitted to cached training OOF,raw_threshold,10,0.7499999999999999,own validation,7,CV17,PostIsch_DCM,single variable,cardiovascular,1,0.7453939331666495,0.7520609963835776,-0.006667063216928115,0.8405097250167672,0.8374832327297116,0.0030264922870556488,0.6221975471780146,0.610440208079794,0.01175733909822052,0.14837885503664802,0.15180816077839607,0.0034293057417480455,-0.029403322106552388,0.017405843301345158,0.9911349435099175,0.9611750806919104,1.023924049206416,2000
MLP,individual,MLP,sigmoid,Cached fitted individual; sigmoid fitted to cached training OOF,sigmoid,11,0.41999999999999993,own validation,7,CV17,PostIsch_DCM,single variable,cardiovascular,1,0.7467307692307692,0.748074787115883,-0.0013440178851138462,0.8405097250167672,0.8374832327297116,0.0030264922870556488,0.6221975471780146,0.610440208079794,0.01175733909822052,0.1069901165628567,0.10882134321236304,0.0018312266495063428,-0.02245389895411694,0.020664502305045213,0.9982033642781953,0.9702002793667085,1.0282584225319107,2000
GradientBoosting,individual,GradientBoosting,raw,Cached fitted individual; sigmoid fitted to cached training OOF,raw_fixed,12,0.5,fixed 0.5,7,CV17,PostIsch_DCM,single variable,cardiovascular,1,0.72416251897349,0.7279654991466125,-0.0038029801731224167,0.8293678739101275,0.8283869885982562,0.000980885311871238,0.5888579484291103,0.588603288407499,0.0002546600216113415,0.1428185474058207,0.14059669579431874,-0.002221851611501957,-0.011396138321950683,0.0042767849810623525,0.9947758785580078,0.9845061164344046,1.0059539876007293,2000
GradientBoosting,individual,GradientBoosting,raw,Cached fitted individual; sigmoid fitted to cached training OOF,raw_threshold,12,0.5499999999999999,own validation,7,CV17,PostIsch_DCM,single variable,cardiovascular,1,0.7400236880466473,0.728313563692625,0.0117101243540223,0.8293678739101275,0.8283869885982562,0.000980885311871238,0.5888579484291103,0.588603288407499,0.0002546600216113415,0.1428185474058207,0.14059669579431874,-0.002221851611501957,-0.0010849505380347013,0.026127547493502653,1.0160784103685379,0.9985514620658421,1.0363161601069295,2000
GradientBoosting,individual,GradientBoosting,sigmoid,Cached fitted individual; sigmoid fitted to cached training OOF,sigmoid,13,0.29,own validation,7,CV17,PostIsch_DCM,single variable,cardiovascular,1,0.7378650931143138,0.726063726063726,0.011801367050587763,0.8293678739101275,0.8283869885982562,0.000980885311871238,0.5888579484291103,0.588603288407499,0.0002546600216113415,0.11236137073535046,0.11295771700427133,0.0005963462689208693,-0.0009782676377207643,0.026212386178872456,1.0162538997982553,0.9986241281842443,1.0368677074453407,2000
XGBoost,individual,XGBoost,raw,Cached fitted individual; sigmoid fitted to cached training OOF,raw_fixed,14,0.5,fixed 0.5,7,CV17,PostIsch_DCM,single variable,cardiovascular,1,0.7144805303793219,0.7212742902037567,-0.006793759824434753,0.8388246143527833,0.840878604963112,-0.0020539906103286265,0.6062699193355928,0.6090876914739429,-0.0028177721383501053,0.2018152974883635,0.20133740032162475,-0.00047789716673873883,-0.013904596956452273,0.0006279011084335728,0.9905808928493548,0.9811279756347884,1.0008845628666716,2000
XGBoost,individual,XGBoost,raw,Cached fitted individual; sigmoid fitted to cached training OOF,raw_threshold,14,0.5299999999999999,own validation,7,CV17,PostIsch_DCM,single variable,cardiovascular,1,0.7592721834496511,0.7542358796721512,0.005036303777499862,0.8388246143527833,0.840878604963112,-0.0020539906103286265,0.6062699193355928,0.6090876914739429,-0.0028177721383501053,0.2018152974883635,0.20133740032162475,-0.00047789716673873883,-0.010909008783321433,0.023468337200495452,1.006677359050711,0.9858074387250474,1.0313794199416735,2000
XGBoost,individual,XGBoost,sigmoid,Cached fitted individual; sigmoid fitted to cached training OOF,sigmoid,15,0.31999999999999995,own validation,7,CV17,PostIsch_DCM,single variable,cardiovascular,1,0.7486119537164402,0.743534105040018,0.0050778486764221364,0.8388246143527833,0.840878604963112,-0.0020539906103286265,0.6062699193355928,0.6090876914739429,-0.0028177721383501053,0.10890968022913168,0.10972988021945121,0.0008201999903195284,-0.009681537914885638,0.02126540033066273,1.0068293419790728,0.9871591413756159,1.0289468775353463,2000
paper,voting,"LogisticRegression,RandomForest,AdaBoost",raw,models/predictive_sensitivity/h7_CV17_paper.joblib,raw_fixed,16,0.5,fixed 0.5,7,CV17,PostIsch_DCM,single variable,cardiovascular,1,0.719064834047819,0.7218658430347668,-0.002801008986947795,0.8440727699530517,0.8451291079812207,-0.0010563380281689572,0.617963404042573,0.6250539505639063,-0.007090546521333341,0.15810708391593867,0.1576475440525439,-0.00045953986339478115,-0.014809632828593475,0.009905638568774985,0.9961197651696995,0.9798938289392342,1.0139371358754175,2000
paper,voting,"LogisticRegression,RandomForest,AdaBoost",raw,models/predictive_sensitivity/h7_CV17_paper.joblib,raw_threshold,16,0.43999999999999995,saved voting threshold (also applied to raw),7,CV17,PostIsch_DCM,single variable,cardiovascular,1,0.6748584161766302,0.6738520796565286,0.001006336520101625,0.8440727699530517,0.8451291079812207,-0.0010563380281689572,0.617963404042573,0.6250539505639063,-0.007090546521333341,0.15810708391593867,0.1576475440525439,-0.00045953986339478115,-0.006261364105351508,0.008290096409190002,1.0014934086433547,0.9909701620899491,1.0121025744194265,2000
paper,voting,"LogisticRegression,RandomForest,AdaBoost",sigmoid,models/predictive_sensitivity/h7_CV17_paper.joblib,sigmoid,17,0.43999999999999995,saved voting threshold (also applied to raw),7,CV17,PostIsch_DCM,single variable,cardiovascular,1,0.7384422316831452,0.7136612766620263,0.024780955021118878,0.8440727699530517,0.8451291079812207,-0.0010563380281689572,0.617963404042573,0.6250539505639063,-0.007090546521333341,0.10768249189922874,0.10791729649030415,0.00023480459107541596,0.0038661814090843764,0.04713589533130426,1.0347236929219779,1.0053199964832433,1.0679879767067564,2000
own,stacking,"KNeighbors,RandomForest,AdaBoost,MLP",raw,models/stacking_sensitivity/h7_CV17_own.joblib,raw_fixed,18,0.5,fixed 0.5,7,CV17,PostIsch_DCM,single variable,cardiovascular,1,0.7298364878886543,0.7291715628672151,0.0006649250214392222,0.8426391683433937,0.8414989939637827,0.001140174379611003,0.6237599106106847,0.6264099187512254,-0.002650008140540727,0.10654148968679936,0.10706782556324138,0.000526335876442019,-0.017777327247027234,0.019523906942760776,1.0009118910491033,0.975907282721178,1.0272453206821988,2000
own,stacking,"KNeighbors,RandomForest,AdaBoost,MLP",raw,models/stacking_sensitivity/h7_CV17_own.joblib,raw_threshold,18,0.48999999999999994,saved stacking threshold,7,CV17,PostIsch_DCM,single variable,cardiovascular,1,0.7271888482766964,0.7350298381051587,-0.007840989828462264,0.8426391683433937,0.8414989939637827,0.001140174379611003,0.6237599106106847,0.6264099187512254,-0.002650008140540727,0.10654148968679936,0.10706782556324138,0.000526335876442019,-0.02762921230666791,0.012173539648650412,0.9893324196896882,0.9628662782881747,1.0165739073659303,2000
own,stacking,"KNeighbors,RandomForest,AdaBoost,MLP",sigmoid,models/stacking_sensitivity/h7_CV17_own.joblib,sigmoid,19,0.48999999999999994,saved stacking threshold,7,CV17,PostIsch_DCM,single variable,cardiovascular,1,0.7298364878886543,0.7291715628672151,0.0006649250214392222,0.8426391683433937,0.8414989939637827,0.001140174379611003,0.6237599106106847,0.6264099187512254,-0.002650008140540727,0.10671044744873101,0.1073425714030493,0.0006321239543182894,-0.017777327247027234,0.019523906942760776,1.0009118910491033,0.975907282721178,1.0272453206821988,2000
own,stacking,"KNeighbors,RandomForest,AdaBoost,MLP",isotonic,models/stacking_sensitivity/h7_CV17_own.joblib,isotonic,20,0.42999999999999994,saved stacking threshold,7,CV17,PostIsch_DCM,single variable,cardiovascular,1,0.7412137884572199,0.7451464404031098,-0.003932651945889987,0.8405139168343394,0.839524647887324,0.0009892689470154536,0.5809162096170836,0.5882707548895282,-0.0073545452724446125,0.10909709189362679,0.10812288038462087,-0.0009742115090059233,-0.021753227817029566,0.013089509476560148,0.9947223099612976,0.9714123959014921,1.0178837899595798,2000
paper,stacking,"LogisticRegression,RandomForest,AdaBoost",raw,models/stacking_sensitivity/h7_CV17_paper.joblib,raw_fixed,21,0.5,fixed 0.5,7,CV17,PostIsch_DCM,single variable,cardiovascular,1,0.7075843972346976,0.7073333333333334,0.0002510639013642013,0.8422199865861838,0.8429325955734407,-0.0007126089872568908,0.6034110778583436,0.6160154423302311,-0.012604364471887508,0.1090676171732286,0.10885190317691322,-0.00021571399631538368,-0.025587917283998948,0.02633870887021211,1.0003549442526356,0.9647077668931651,1.0389828001097623,2000
paper,stacking,"LogisticRegression,RandomForest,AdaBoost",raw,models/stacking_sensitivity/h7_CV17_paper.joblib,raw_threshold,21,0.4799999999999999,saved stacking threshold,7,CV17,PostIsch_DCM,single variable,cardiovascular,1,0.7350298381051587,0.708899940523645,0.026129897581513628,0.8422199865861838,0.8429325955734407,-0.0007126089872568908,0.6034110778583436,0.6160154423302311,-0.012604364471887508,0.1090676171732286,0.10885190317691322,-0.00021571399631538368,0.007314886748745075,0.04741199627824583,1.0368597824429386,1.0100126524430253,1.0681101632108951,2000
paper,stacking,"LogisticRegression,RandomForest,AdaBoost",sigmoid,models/stacking_sensitivity/h7_CV17_paper.joblib,sigmoid,22,0.4699999999999999,saved stacking threshold,7,CV17,PostIsch_DCM,single variable,cardiovascular,1,0.7350298381051587,0.7102221951417662,0.02480764296339244,0.8422199865861838,0.8429325955734407,-0.0007126089872568908,0.6034110778583436,0.6160154423302311,-0.012604364471887508,0.10912011138240431,0.10908877435309991,-3.133702930439852e-05,0.006308831291670217,0.04565360586795889,1.0349294110112126,1.0088264531570152,1.066229434254322,2000
paper,stacking,"LogisticRegression,RandomForest,AdaBoost",isotonic,models/stacking_sensitivity/h7_CV17_paper.joblib,isotonic,23,0.42999999999999994,saved stacking threshold,7,CV17,PostIsch_DCM,single variable,cardiovascular,1,0.7137798908682395,0.714230064454952,-0.00045017358671251007,0.8405809859154929,0.8408492622401074,-0.00026827632461445816,0.5821091827434924,0.5935560010239845,-0.0114468182804921,0.10980365067439943,0.10941480011119814,-0.0003888505632012873,-0.025165859733878738,0.02521266004805571,0.9993697078726922,0.965228687671763,1.0364708199342114,2000
LogisticRegression,individual,LogisticRegression,raw,Cached fitted individual; sigmoid fitted to cached training OOF,raw_fixed,0,0.5,fixed 0.5,7,CV17,Smoke,single variable,cardiovascular,1,0.6978542510121457,0.6969893826508862,0.0008648683612595409,0.8400570087189806,0.8402665995975855,-0.0002095908786049483,0.5851106263451289,0.5861252386422725,-0.0010146122971436133,0.16278896131831536,0.16278279878266613,-6.162535649223422e-06,-0.0030697203560540536,0.005902764189183327,1.0012408630357756,0.9955480852484142,1.008526158212804,2000
LogisticRegression,individual,LogisticRegression,raw,Cached fitted individual; sigmoid fitted to cached training OOF,raw_threshold,0,0.61,own validation,7,CV17,Smoke,single variable,cardiovascular,1,0.7397061730021741,0.7360909809605376,0.003615192041636517,0.8400570087189806,0.8402665995975855,-0.0002095908786049483,0.5851106263451289,0.5861252386422725,-0.0010146122971436133,0.16278896131831536,0.16278279878266613,-6.162535649223422e-06,-0.002298014222146258,0.01056982343499191,1.0049113385914863,0.9968360807232198,1.0143825518829017,2000
LogisticRegression,individual,LogisticRegression,sigmoid,Cached fitted individual; sigmoid fitted to cached training OOF,sigmoid,1,0.32999999999999996,own validation,7,CV17,Smoke,single variable,cardiovascular,1,0.7398703065405897,0.7410352276503822,-0.0011649211097924939,0.8400570087189806,0.8402665995975855,-0.0002095908786049483,0.5851106263451289,0.5861252386422725,-0.0010146122971436133,0.11154514911142789,0.11161895795581991,7.380884439202318e-05,-0.008293347146870763,0.004752535994269505,0.9984279814692668,0.9889151407395286,1.006504517933121,2000
SVC,individual,SVC,raw,Cached fitted individual; sigmoid fitted to cached training OOF,raw_fixed,2,0.5,fixed 0.5,7,CV17,Smoke,single variable,cardiovascular,1,0.7061175251250945,0.7010159946735246,0.005101530451569913,0.8287474849094567,0.8286678403755868,7.964453386988257e-05,0.5532025204646347,0.5530466903016262,0.00015583016300846353,0.16366850142026806,0.16226202235779083,-0.0014064790624772339,-0.005252848543041283,0.015488034949444214,1.00727733816394,0.9925201309017089,1.022486248558158,2000
SVC,individual,SVC,raw,Cached fitted individual; sigmoid fitted to cached training OOF,raw_threshold,2,0.7699999999999999,own validation,7,CV17,Smoke,single variable,cardiovascular,1,0.7059667789344763,0.7101672535211268,-0.0042004745866504045,0.8287474849094567,0.8286678403755868,7.964453386988257e-05,0.5532025204646347,0.5530466903016262,0.00015583016300846353,0.16366850142026806,0.16226202235779083,-0.0014064790624772339,-0.018098468087629625,0.009801528539364224,0.994085231942442,0.9745656111409736,1.0137821107102485,2000
SVC,individual,SVC,sigmoid,Cached fitted individual; sigmoid fitted to cached training OOF,sigmoid,3,0.42999999999999994,own validation,7,CV17,Smoke,single variable,cardiovascular,1,0.7059667789344763,0.7101672535211268,-0.0042004745866504045,0.8287474849094567,0.8286678403755868,7.964453386988257e-05,0.5532025204646347,0.5530466903016262,0.00015583016300846353,0.11597550866454256,0.1164126577680064,0.0004371491034638325,-0.018098468087629625,0.009801528539364224,0.994085231942442,0.9745656111409736,1.0137821107102485,2000
KNeighbors,individual,KNeighbors,raw,Cached fitted individual; sigmoid fitted to cached training OOF,raw_fixed,4,0.5,fixed 0.5,7,CV17,Smoke,single variable,cardiovascular,1,0.6881554279688324,0.696580919674291,-0.008425491705458588,0.8064721663313212,0.8111208920187793,-0.004648725687458111,0.5460457640091161,0.5485598101914881,-0.002514046182372054,0.15337400188564979,0.15502207064412676,0.0016480687584769782,-0.030524835968933163,0.011840432816946803,0.9879045040317811,0.9571943300870859,1.0173773437384068,2000
KNeighbors,individual,KNeighbors,raw,Cached fitted individual; sigmoid fitted to cached training OOF,raw_threshold,4,0.6699999999999999,own validation,7,CV17,Smoke,single variable,cardiovascular,1,0.6972794008516857,0.7042443296653942,-0.006964928813708471,0.8064721663313212,0.8111208920187793,-0.004648725687458111,0.5460457640091161,0.5485598101914881,-0.002514046182372054,0.15337400188564979,0.15502207064412676,0.0016480687584769782,-0.027580324929164915,0.013273194815205698,0.9901100675996671,0.9618865982956081,1.019018911482113,2000
KNeighbors,individual,KNeighbors,sigmoid,Cached fitted individual; sigmoid fitted to cached training OOF,sigmoid,5,0.3499999999999999,own validation,7,CV17,Smoke,single variable,cardiovascular,1,0.6976584022038568,0.7005394494135663,-0.0028810472097094975,0.8064721663313212,0.8111208920187793,-0.004648725687458111,0.5460457640091161,0.5485598101914881,-0.002514046182372054,0.12163144832469219,0.12153765044831584,-9.379787637635306e-05,-0.022950677409111886,0.017578286820928095,0.9958873876237502,0.9676094340251948,1.0251906993321274,2000
RandomForest,individual,RandomForest,raw,Cached fitted individual; sigmoid fitted to cached training OOF,raw_fixed,6,0.5,fixed 0.5,7,CV17,Smoke,single variable,cardiovascular,1,0.7417235790637324,0.7377654867256638,0.003958092338068653,0.8438883299798793,0.8434775318578136,0.0004107981220656809,0.6308391905099286,0.627979931116043,0.002859259393885649,0.13488980382932303,0.13701715413403961,0.0021273503047165854,-0.006043306684626798,0.013397354510300474,1.0053649735712569,0.9918205640575725,1.018030082946209,2000
RandomForest,individual,RandomForest,raw,Cached fitted individual; sigmoid fitted to cached training OOF,raw_threshold,6,0.5299999999999999,own validation,7,CV17,Smoke,single variable,cardiovascular,1,0.7450960369852015,0.7412841460351739,0.003811890950027652,0.8438883299798793,0.8434775318578136,0.0004107981220656809,0.6308391905099286,0.627979931116043,0.002859259393885649,0.13488980382932303,0.13701715413403961,0.0021273503047165854,-0.004746495880399118,0.012467124783941472,1.0051422804202894,0.993627110485906,1.0168565613754807,2000
RandomForest,individual,RandomForest,sigmoid,Cached fitted individual; sigmoid fitted to cached training OOF,sigmoid,7,0.33999999999999997,own validation,7,CV17,Smoke,single variable,cardiovascular,1,0.7570925553319919,0.7495935365546472,0.0074990187773447126,0.8438883299798793,0.8434775318578136,0.0004107981220656809,0.6308391905099286,0.627979931116043,0.002859259393885649,0.10663169271947372,0.10700614390893966,0.0003744511894659408,0.0,0.015442074715113016,1.0100041134450177,1.0,1.0208651492865526,2000
AdaBoost,individual,AdaBoost,raw,Cached fitted individual; sigmoid fitted to cached training OOF,raw_fixed,8,0.5,fixed 0.5,7,CV17,Smoke,single variable,cardiovascular,1,0.7019006243027696,0.7019006243027696,0.0,0.8237592219986586,0.8237592219986586,0.0,0.5763065060045852,0.5763065060045852,0.0,0.1964828308600174,0.1964828308600174,0.0,0.0,0.0,1.0,1.0,1.0,2000
AdaBoost,individual,AdaBoost,raw,Cached fitted individual; sigmoid fitted to cached training OOF,raw_threshold,8,0.5399999999999999,own validation,7,CV17,Smoke,single variable,cardiovascular,1,0.7362850277514552,0.7362850277514552,0.0,0.8237592219986586,0.8237592219986586,0.0,0.5763065060045852,0.5763065060045852,0.0,0.1964828308600174,0.1964828308600174,0.0,0.0,0.0,1.0,1.0,1.0,2000
AdaBoost,individual,AdaBoost,sigmoid,Cached fitted individual; sigmoid fitted to cached training OOF,sigmoid,9,0.32999999999999996,own validation,7,CV17,Smoke,single variable,cardiovascular,1,0.7337982263321459,0.7337982263321459,0.0,0.8237592219986586,0.8237592219986586,0.0,0.5763065060045852,0.5763065060045852,0.0,0.11428056911772555,0.11428056911772555,0.0,0.0,0.0,1.0,1.0,1.0,2000
MLP,individual,MLP,raw,Cached fitted individual; sigmoid fitted to cached training OOF,raw_fixed,10,0.5,fixed 0.5,7,CV17,Smoke,single variable,cardiovascular,1,0.7054598979906206,0.7029307673047903,0.002529130685830272,0.8405097250167672,0.8424631120053655,-0.00195338698859826,0.6221975471780146,0.6234627761550529,-0.0012652289770382907,0.14837885503664802,0.15203121220319799,0.0036523571665499632,-0.01060836893769104,0.015357433037727972,1.003597979777621,0.9849128188070803,1.0220016525835034,2000
MLP,individual,MLP,raw,Cached fitted individual; sigmoid fitted to cached training OOF,raw_threshold,10,0.7499999999999999,own validation,7,CV17,Smoke,single variable,cardiovascular,1,0.7453939331666495,0.7506144841576032,-0.005220550990953754,0.8405097250167672,0.8424631120053655,-0.00195338698859826,0.6221975471780146,0.6234627761550529,-0.0012652289770382907,0.14837885503664802,0.15203121220319799,0.0036523571665499632,-0.01710960355176242,0.0055850693007562634,0.9930449636915645,0.977208765638668,1.007440938816609,2000
MLP,individual,MLP,sigmoid,Cached fitted individual; sigmoid fitted to cached training OOF,sigmoid,11,0.41999999999999993,own validation,7,CV17,Smoke,single variable,cardiovascular,1,0.7467307692307692,0.7467117421681316,1.9027062637566594e-05,0.8405097250167672,0.8424631120053655,-0.00195338698859826,0.6221975471780146,0.6234627761550529,-0.0012652289770382907,0.1069901165628567,0.1068257029528165,-0.00016441361004020105,-0.011967216476088397,0.01198885531968029,1.0000254811349054,0.9839312386288716,1.0162650403132822,2000
GradientBoosting,individual,GradientBoosting,raw,Cached fitted individual; sigmoid fitted to cached training OOF,raw_fixed,12,0.5,fixed 0.5,7,CV17,Smoke,single variable,cardiovascular,1,0.72416251897349,0.7208453440555926,0.003317174917897403,0.8293678739101275,0.8295900402414487,-0.00022216633132121633,0.5888579484291103,0.5902768814581809,-0.0014189330290705904,0.1428185474058207,0.14360354015021412,0.0007849927443934201,0.0,0.00758742779142405,1.0046017844815844,1.0,1.010696296711178,2000
GradientBoosting,individual,GradientBoosting,raw,Cached fitted individual; sigmoid fitted to cached training OOF,raw_threshold,12,0.5499999999999999,own validation,7,CV17,Smoke,single variable,cardiovascular,1,0.7400236880466473,0.7376725539881245,0.00235113405852283,0.8293678739101275,0.8295900402414487,-0.00022216633132121633,0.5888579484291103,0.5902768814581809,-0.0014189330290705904,0.1428185474058207,0.14360354015021412,0.0007849927443934201,0.0,0.005978056461295876,1.003187232662801,1.0,1.0080983215352675,2000
GradientBoosting,individual,GradientBoosting,sigmoid,Cached fitted individual; sigmoid fitted to cached training OOF,sigmoid,13,0.29,own validation,7,CV17,Smoke,single variable,cardiovascular,1,0.7378650931143138,0.7355196226093381,0.0023454705049756885,0.8293678739101275,0.8295900402414487,-0.00022216633132121633,0.5888579484291103,0.5902768814581809,-0.0014189330290705904,0.11236137073535046,0.11232628423307711,-3.508650227335153e-05,0.0,0.005978056461295876,1.0031888619050773,1.0,1.008100376866363,2000
XGBoost,individual,XGBoost,raw,Cached fitted individual; sigmoid fitted to cached training OOF,raw_fixed,14,0.5,fixed 0.5,7,CV17,Smoke,single variable,cardiovascular,1,0.7144805303793219,0.7070892410341951,0.007391289345126784,0.8388246143527833,0.8379359490274984,0.0008886653252849763,0.6062699193355928,0.6043836697803994,0.0018862495551934533,0.2018152974883635,0.20342631044483048,0.001611012956466984,0.0010590523961743314,0.014791358247043095,1.0104531209304164,1.0015073455678503,1.0212696024608654,2000
XGBoost,individual,XGBoost,raw,Cached fitted individual; sigmoid fitted to cached training OOF,raw_threshold,14,0.5299999999999999,own validation,7,CV17,Smoke,single variable,cardiovascular,1,0.7592721834496511,0.7565094136135334,0.0027627698361176733,0.8388246143527833,0.8379359490274984,0.0008886653252849763,0.6062699193355928,0.6043836697803994,0.0018862495551934533,0.2018152974883635,0.20342631044483048,0.001611012956466984,-0.004623526308770057,0.009237866860005554,1.003651996639303,0.9940462970477167,1.012278058816048,2000
XGBoost,individual,XGBoost,sigmoid,Cached fitted individual; sigmoid fitted to cached training OOF,sigmoid,15,0.31999999999999995,own validation,7,CV17,Smoke,single variable,cardiovascular,1,0.7486119537164402,0.7484240687679082,0.0001878849485319467,0.8388246143527833,0.8379359490274984,0.0008886653252849763,0.6062699193355928,0.6043836697803994,0.0018862495551934533,0.10890968022913168,0.10944367192923925,0.0005339917001075667,-0.006099605467150898,0.005155540344395345,1.0002510407620124,0.9919122440747412,1.006833409526943,2000
paper,voting,"LogisticRegression,RandomForest,AdaBoost",raw,models/predictive_sensitivity/h7_CV17_paper.joblib,raw_fixed,16,0.5,fixed 0.5,7,CV17,Smoke,single variable,cardiovascular,1,0.719064834047819,0.7188590811845512,0.00020575286326773856,0.8440727699530517,0.8437709590878605,0.0003018108651912099,0.617963404042573,0.6164744103826552,0.0014889936599178366,0.15810708391593867,0.15912690541131966,0.0010198214953809903,-0.005610323707279,0.006379149409591729,1.000286221414813,0.9921467512118679,1.0090711436966777,2000
paper,voting,"LogisticRegression,RandomForest,AdaBoost",raw,models/predictive_sensitivity/h7_CV17_paper.joblib,raw_threshold,16,0.43999999999999995,saved voting threshold (also applied to raw),7,CV17,Smoke,single variable,cardiovascular,1,0.6748584161766302,0.6728471337579618,0.0020112824186684364,0.8440727699530517,0.8437709590878605,0.0003018108651912099,0.617963404042573,0.6164744103826552,0.0014889936599178366,0.15810708391593867,0.15912690541131966,0.0010198214953809903,-0.0020004163773317653,0.006130582568206189,1.0029892115426502,0.9970172643410061,1.0090532255510625,2000
paper,voting,"LogisticRegression,RandomForest,AdaBoost",sigmoid,models/predictive_sensitivity/h7_CV17_paper.joblib,sigmoid,17,0.43999999999999995,saved voting threshold (also applied to raw),7,CV17,Smoke,single variable,cardiovascular,1,0.7384422316831452,0.7384422316831452,0.0,0.8440727699530517,0.8437709590878605,0.0003018108651912099,0.617963404042573,0.6164744103826552,0.0014889936599178366,0.10768249189922874,0.10785309710229252,0.00017060520306377835,-0.009023858797755224,0.0086749530921967,1.0,0.9879365049929448,1.0116544470642137,2000
own,stacking,"KNeighbors,RandomForest,AdaBoost,MLP",raw,models/stacking_sensitivity/h7_CV17_own.joblib,raw_fixed,18,0.5,fixed 0.5,7,CV17,Smoke,single variable,cardiovascular,1,0.7298364878886543,0.7313539040281971,-0.0015174161395428154,0.8426391683433937,0.8429409792085848,-0.0003018108651910989,0.6237599106106847,0.6242393614887758,-0.0004794508780910922,0.10654148968679936,0.1068319787544122,0.0002904890676128369,-0.012724267142883276,0.009161915684320836,0.9979251958167105,0.9825787858721511,1.0127149584330601,2000
own,stacking,"KNeighbors,RandomForest,AdaBoost,MLP",raw,models/stacking_sensitivity/h7_CV17_own.joblib,raw_threshold,18,0.48999999999999994,saved stacking threshold,7,CV17,Smoke,single variable,cardiovascular,1,0.7271888482766964,0.7341810475325462,-0.006992199255849818,0.8426391683433937,0.8429409792085848,-0.0003018108651910989,0.6237599106106847,0.6242393614887758,-0.0004794508780910922,0.10654148968679936,0.1068319787544122,0.0002904890676128369,-0.016797727162578262,0.0,0.9904761921063621,0.9772166264001317,1.0,2000
own,stacking,"KNeighbors,RandomForest,AdaBoost,MLP",sigmoid,models/stacking_sensitivity/h7_CV17_own.joblib,sigmoid,19,0.48999999999999994,saved stacking threshold,7,CV17,Smoke,single variable,cardiovascular,1,0.7298364878886543,0.7313539040281971,-0.0015174161395428154,0.8426391683433937,0.8429409792085848,-0.0003018108651910989,0.6237599106106847,0.6242393614887758,-0.0004794508780910922,0.10671044744873101,0.10699138898371716,0.0002809415349861455,-0.012724267142883276,0.009161915684320836,0.9979251958167105,0.9825787858721511,1.0127149584330601,2000
own,stacking,"KNeighbors,RandomForest,AdaBoost,MLP",isotonic,models/stacking_sensitivity/h7_CV17_own.joblib,isotonic,20,0.42999999999999994,saved stacking threshold,7,CV17,Smoke,single variable,cardiovascular,1,0.7412137884572199,0.7425612516566389,-0.00134746319941903,0.8405139168343394,0.8415492957746479,-0.0010353789403084734,0.5809162096170836,0.5818605050857621,-0.0009442954686785798,0.10909709189362679,0.10868612290317275,-0.0004109689904540359,-0.009748558107294861,0.006440468204742218,0.9981853844428148,0.9870079747572772,1.008609719913931,2000
paper,stacking,"LogisticRegression,RandomForest,AdaBoost",raw,models/stacking_sensitivity/h7_CV17_paper.joblib,raw_fixed,21,0.5,fixed 0.5,7,CV17,Smoke,single variable,cardiovascular,1,0.7075843972346976,0.7137798908682395,-0.006195493633541882,0.8422199865861838,0.842018779342723,0.00020120724346084362,0.6034110778583436,0.6033532678812283,5.780997711524183e-05,0.1090676171732286,0.10917485617469032,0.00010723900146171472,-0.01554295719648149,0.0,0.9913201622617783,0.9783737861534748,1.0,2000
paper,stacking,"LogisticRegression,RandomForest,AdaBoost",raw,models/stacking_sensitivity/h7_CV17_paper.joblib,raw_threshold,21,0.4799999999999999,saved stacking threshold,7,CV17,Smoke,single variable,cardiovascular,1,0.7350298381051587,0.7336701586816248,0.0013596794235338772,0.8422199865861838,0.842018779342723,0.00020120724346084362,0.6034110778583436,0.6033532678812283,5.780997711524183e-05,0.1090676171732286,0.10917485617469032,0.00010723900146171472,0.0,0.004385879157909586,1.0018532570903214,1.0,1.0058494366799924,2000
paper,stacking,"LogisticRegression,RandomForest,AdaBoost",sigmoid,models/stacking_sensitivity/h7_CV17_paper.joblib,sigmoid,22,0.4699999999999999,saved stacking threshold,7,CV17,Smoke,single variable,cardiovascular,1,0.7350298381051587,0.7336701586816248,0.0013596794235338772,0.8422199865861838,0.842018779342723,0.00020120724346084362,0.6034110778583436,0.6033532678812283,5.780997711524183e-05,0.10912011138240431,0.10922273451767044,0.00010262313526612776,0.0,0.004385879157909586,1.0018532570903214,1.0,1.0058494366799924,2000
paper,stacking,"LogisticRegression,RandomForest,AdaBoost",isotonic,models/stacking_sensitivity/h7_CV17_paper.joblib,isotonic,23,0.42999999999999994,saved stacking threshold,7,CV17,Smoke,single variable,cardiovascular,1,0.7137798908682395,0.7137798908682395,0.0,0.8405809859154929,0.840752850435949,-0.0001718645204561442,0.5821091827434924,0.5804254741074478,0.0016837086360446119,0.10980365067439943,0.10979415301487548,-9.497659523946544e-06,-0.011667755849433201,0.012205366556377424,1.0,0.9836787350344974,1.0173608726479286,2000
LogisticRegression,individual,LogisticRegression,raw,Cached fitted individual; sigmoid fitted to cached training OOF,raw_fixed,0,0.5,fixed 0.5,7,CV17,Diabetes,single variable,cardiovascular,1,0.6978542510121457,0.695942641850914,0.0019116091612316755,0.8400570087189806,0.8387491616364856,0.001307847082494984,0.5851106263451289,0.5999697595359661,-0.014859133190837204,0.16278896131831536,0.16146285412931713,-0.0013261071889982268,-0.014472578567504868,0.01785204465084575,1.0027467912530084,0.9795807141014073,1.0261689639094727,2000
LogisticRegression,individual,LogisticRegression,raw,Cached fitted individual; sigmoid fitted to cached training OOF,raw_threshold,0,0.61,own validation,7,CV17,Diabetes,single variable,cardiovascular,1,0.7397061730021741,0.7545255005383029,-0.014819327536128801,0.8400570087189806,0.8387491616364856,0.001307847082494984,0.5851106263451289,0.5999697595359661,-0.014859133190837204,0.16278896131831536,0.16146285412931713,-0.0013261071889982268,-0.035372594318386824,0.006703151460627497,0.9803594079649314,0.9535276722638335,1.008868475563683,2000
LogisticRegression,individual,LogisticRegression,sigmoid,Cached fitted individual; sigmoid fitted to cached training OOF,sigmoid,1,0.32999999999999996,own validation,7,CV17,Diabetes,single variable,cardiovascular,1,0.7398703065405897,0.7498623008110008,-0.009991994270411086,0.8400570087189806,0.8387491616364856,0.001307847082494984,0.5851106263451289,0.5999697595359661,-0.014859133190837204,0.11154514911142789,0.11015010534594424,-0.0013950437654836473,-0.03016265047650966,0.012315784719008233,0.9866748944978239,0.9598265262742246,1.0166044601564925,2000
SVC,individual,SVC,raw,Cached fitted individual; sigmoid fitted to cached training OOF,raw_fixed,2,0.5,fixed 0.5,7,CV17,Diabetes,single variable,cardiovascular,1,0.7061175251250945,0.6997720364741642,0.00634548865093032,0.8287474849094567,0.8282612340710932,0.00048625083836351113,0.5532025204646347,0.559803200938231,-0.006600680473596299,0.16366850142026806,0.1615066773747861,-0.002161824045481958,-0.00917787799022057,0.024016570975304866,1.0090679368711308,0.9871608694001647,1.0345866116151332,2000
SVC,individual,SVC,raw,Cached fitted individual; sigmoid fitted to cached training OOF,raw_threshold,2,0.7699999999999999,own validation,7,CV17,Diabetes,single variable,cardiovascular,1,0.7059667789344763,0.7097870800410158,-0.0038203011065394143,0.8287474849094567,0.8282612340710932,0.00048625083836351113,0.5532025204646347,0.559803200938231,-0.006600680473596299,0.16366850142026806,0.1615066773747861,-0.002161824045481958,-0.026670589973376155,0.01817819337431765,0.9946176801269493,0.9635208861936823,1.026611455244549,2000
SVC,individual,SVC,sigmoid,Cached fitted individual; sigmoid fitted to cached training OOF,sigmoid,3,0.42999999999999994,own validation,7,CV17,Diabetes,single variable,cardiovascular,1,0.7059667789344763,0.7097870800410158,-0.0038203011065394143,0.8287474849094567,0.8282612340710932,0.00048625083836351113,0.5532025204646347,0.559803200938231,-0.006600680473596299,0.11597550866454256,0.11515966261407422,-0.0008158460504683468,-0.026670589973376155,0.01817819337431765,0.9946176801269493,0.9635208861936823,1.026611455244549,2000
KNeighbors,individual,KNeighbors,raw,Cached fitted individual; sigmoid fitted to cached training OOF,raw_fixed,4,0.5,fixed 0.5,7,CV17,Diabetes,single variable,cardiovascular,1,0.6881554279688324,0.7011488200570555,-0.012993392088223032,0.8064721663313212,0.8096495640509725,-0.0031773977196513092,0.5460457640091161,0.5677023642394771,-0.02165660023036098,0.15337400188564979,0.1491804916828887,-0.004193510202761097,-0.03198556132308928,0.006988095105254771,0.9814684247958005,0.9548059149917829,1.0100193673004552,2000
KNeighbors,individual,KNeighbors,raw,Cached fitted individual; sigmoid fitted to cached training OOF,raw_threshold,4,0.6699999999999999,own validation,7,CV17,Diabetes,single variable,cardiovascular,1,0.6972794008516857,0.7025745257452575,-0.0052951248935717565,0.8064721663313212,0.8096495640509725,-0.0031773977196513092,0.5460457640091161,0.5677023642394771,-0.02165660023036098,0.15337400188564979,0.1491804916828887,-0.004193510202761097,-0.026357763191430312,0.016064401583657045,0.992463255214164,0.9633872196809594,1.0233853624090163,2000
KNeighbors,individual,KNeighbors,sigmoid,Cached fitted individual; sigmoid fitted to cached training OOF,sigmoid,5,0.3499999999999999,own validation,7,CV17,Diabetes,single variable,cardiovascular,1,0.6976584022038568,0.7017663043478262,-0.004107902143969389,0.8064721663313212,0.8096495640509725,-0.0031773977196513092,0.5460457640091161,0.5677023642394771,-0.02165660023036098,0.12163144832469219,0.12096346468484209,-0.0006679836398501005,-0.02468132936852177,0.017756355353117176,0.9941463388616428,0.9651280727703406,1.0256064418628794,2000
RandomForest,individual,RandomForest,raw,Cached fitted individual; sigmoid fitted to cached training OOF,raw_fixed,6,0.5,fixed 0.5,7,CV17,Diabetes,single variable,cardiovascular,1,0.7417235790637324,0.7385658820438468,0.0031576970198856635,0.8438883299798793,0.8411217303822938,0.0027665995975855173,0.6308391905099286,0.6327886152298965,-0.0019494247199678405,0.13488980382932303,0.1304691555077937,-0.00442064832152933,-0.010648530444093715,0.01741655916147063,1.004275443933515,0.9858524162605034,1.024038148838087,2000
RandomForest,individual,RandomForest,raw,Cached fitted individual; sigmoid fitted to cached training OOF,raw_threshold,6,0.5299999999999999,own validation,7,CV17,Diabetes,single variable,cardiovascular,1,0.7450960369852015,0.7312585379882702,0.013837498996931319,0.8438883299798793,0.8411217303822938,0.0027665995975855173,0.6308391905099286,0.6327886152298965,-0.0019494247199678405,0.13488980382932303,0.1304691555077937,-0.00442064832152933,0.001238358043017504,0.028609519988755907,1.018922854610353,1.001687646946539,1.0398675241547757,2000
RandomForest,individual,RandomForest,sigmoid,Cached fitted individual; sigmoid fitted to cached training OOF,sigmoid,7,0.33999999999999997,own validation,7,CV17,Diabetes,single variable,cardiovascular,1,0.7570925553319919,0.737586410793958,0.019506144538033898,0.8438883299798793,0.8411217303822938,0.0027665995975855173,0.6308391905099286,0.6327886152298965,-0.0019494247199678405,0.10663169271947372,0.10736748160614887,0.0007357888866751511,0.006064468513098942,0.035469003698385036,1.0264459109503346,1.0080354340052153,1.049715548525489,2000
AdaBoost,individual,AdaBoost,raw,Cached fitted individual; sigmoid fitted to cached training OOF,raw_fixed,8,0.5,fixed 0.5,7,CV17,Diabetes,single variable,cardiovascular,1,0.7019006243027696,0.7023378530537536,-0.00043722875098406444,0.8237592219986586,0.8220950704225352,0.0016641515761234293,0.5763065060045852,0.580897645428859,-0.004591139424273805,0.1964828308600174,0.19519961498546828,-0.001283215874549104,-0.00857249754757452,0.008193323787187344,0.9993774666293679,0.9878246232513515,1.0118233073906175,2000
AdaBoost,individual,AdaBoost,raw,Cached fitted individual; sigmoid fitted to cached training OOF,raw_threshold,8,0.5399999999999999,own validation,7,CV17,Diabetes,single variable,cardiovascular,1,0.7362850277514552,0.7325582393067056,0.003726788444749607,0.8237592219986586,0.8220950704225352,0.0016641515761234293,0.5763065060045852,0.580897645428859,-0.004591139424273805,0.1964828308600174,0.19519961498546828,-0.001283215874549104,-0.005090902622186447,0.013959956524348624,1.0050873613110634,0.9931619390260767,1.0190940274510616,2000
AdaBoost,individual,AdaBoost,sigmoid,Cached fitted individual; sigmoid fitted to cached training OOF,sigmoid,9,0.32999999999999996,own validation,7,CV17,Diabetes,single variable,cardiovascular,1,0.7337982263321459,0.7300676368108219,0.0037305895213239904,0.8237592219986586,0.8220950704225352,0.0016641515761234293,0.5763065060045852,0.580897645428859,-0.004591139424273805,0.11428056911772555,0.1141537571003,-0.00012681201742555104,-0.005072214198223871,0.013914471198607222,1.0051099231539977,0.9931851201924264,1.01911694993961,2000
MLP,individual,MLP,raw,Cached fitted individual; sigmoid fitted to cached training OOF,raw_fixed,10,0.5,fixed 0.5,7,CV17,Diabetes,single variable,cardiovascular,1,0.7054598979906206,0.7065281670223433,-0.0010682690317227461,0.8405097250167672,0.8415325285043594,-0.0010228034875922054,0.6221975471780146,0.6352888773850927,-0.013091330207078089,0.14837885503664802,0.14984553970500405,0.001466684668356033,-0.01448679336913151,0.01328618961250136,0.998488002203472,0.9794856784322725,1.0188694496332884,2000
MLP,individual,MLP,raw,Cached fitted individual; sigmoid fitted to cached training OOF,raw_threshold,10,0.7499999999999999,own validation,7,CV17,Diabetes,single variable,cardiovascular,1,0.7453939331666495,0.7547034813598359,-0.009309548193186412,0.8405097250167672,0.8415325285043594,-0.0010228034875922054,0.6221975471780146,0.6352888773850927,-0.013091330207078089,0.14837885503664802,0.14984553970500405,0.001466684668356033,-0.03053448843033559,0.011907659066078618,0.987664627998784,0.9599116505155829,1.0160001731586554,2000
MLP,individual,MLP,sigmoid,Cached fitted individual; sigmoid fitted to cached training OOF,sigmoid,11,0.41999999999999993,own validation,7,CV17,Diabetes,single variable,cardiovascular,1,0.7467307692307692,0.7467247295897056,6.0396410636043285e-06,0.8405097250167672,0.8415325285043594,-0.0010228034875922054,0.6221975471780146,0.6352888773850927,-0.013091330207078089,0.1069901165628567,0.10566094271257202,-0.001329173850284679,-0.02092287264803839,0.021952479150990342,1.0000080881760363,0.9726233667778551,1.0297106784209982,2000
GradientBoosting,individual,GradientBoosting,raw,Cached fitted individual; sigmoid fitted to cached training OOF,raw_fixed,12,0.5,fixed 0.5,7,CV17,Diabetes,single variable,cardiovascular,1,0.72416251897349,0.7252254452373845,-0.0010629262638944814,0.8293678739101275,0.8274228705566734,0.0019450033534540445,0.5888579484291103,0.5952627299965093,-0.006404781567398987,0.1428185474058207,0.13926235092107606,-0.0035561964847446448,-0.011292730977451574,0.01094058787034443,0.998534350565228,0.9842807073332365,1.015199394054766,2000
GradientBoosting,individual,GradientBoosting,raw,Cached fitted individual; sigmoid fitted to cached training OOF,raw_threshold,12,0.5499999999999999,own validation,7,CV17,Diabetes,single variable,cardiovascular,1,0.7400236880466473,0.7373749145378831,0.002648773508764246,0.8293678739101275,0.8274228705566734,0.0019450033534540445,0.5888579484291103,0.5952627299965093,-0.006404781567398987,0.1428185474058207,0.13926235092107606,-0.0035561964847446448,-0.008044233896443088,0.014465249422798176,1.003592166558072,0.9893946799891278,1.0199874544715344,2000
GradientBoosting,individual,GradientBoosting,sigmoid,Cached fitted individual; sigmoid fitted to cached training OOF,sigmoid,13,0.29,own validation,7,CV17,Diabetes,single variable,cardiovascular,1,0.7378650931143138,0.7351484425934396,0.0027166505208742198,0.8293678739101275,0.8274228705566734,0.0019450033534540445,0.5888579484291103,0.5952627299965093,-0.006404781567398987,0.11236137073535046,0.11245904128716136,9.767055181089668e-05,-0.007924869632442804,0.014558625381706254,1.003695376829325,0.9894678593011719,1.0200842566766584,2000
XGBoost,individual,XGBoost,raw,Cached fitted individual; sigmoid fitted to cached training OOF,raw_fixed,14,0.5,fixed 0.5,7,CV17,Diabetes,single variable,cardiovascular,1,0.7144805303793219,0.7166511315961699,-0.0021706012168479782,0.8388246143527833,0.8391725352112676,-0.0003479208584842297,0.6062699193355928,0.6200167582026062,-0.013746838867013333,0.2018152974883635,0.19962440139048832,-0.002190896097875178,-0.013996549296750394,0.011142444404765335,0.9969711884609552,0.9804646539363616,1.0157339459074992,2000
XGBoost,individual,XGBoost,raw,Cached fitted individual; sigmoid fitted to cached training OOF,raw_threshold,14,0.5299999999999999,own validation,7,CV17,Diabetes,single variable,cardiovascular,1,0.7592721834496511,0.7561498913446758,0.003122292104975277,0.8388246143527833,0.8391725352112676,-0.0003479208584842297,0.6062699193355928,0.6200167582026062,-0.013746838867013333,0.2018152974883635,0.19962440139048832,-0.002190896097875178,-0.006960974258530764,0.014839171291100205,1.004129197320154,0.9909731864689383,1.0199982261207454,2000
XGBoost,individual,XGBoost,sigmoid,Cached fitted individual; sigmoid fitted to cached training OOF,sigmoid,15,0.31999999999999995,own validation,7,CV17,Diabetes,single variable,cardiovascular,1,0.7486119537164402,0.7480424712007543,0.0005694825156858929,0.8388246143527833,0.8391725352112676,-0.0003479208584842297,0.6062699193355928,0.6200167582026062,-0.013746838867013333,0.10890968022913168,0.10888466798684457,-2.5012242287111852e-05,-0.009879163745325617,0.012883320761327708,1.00076129703541,0.9867992906925778,1.017274362817315,2000
paper,voting,"LogisticRegression,RandomForest,AdaBoost",raw,models/predictive_sensitivity/h7_CV17_paper.joblib,raw_fixed,16,0.5,fixed 0.5,7,CV17,Diabetes,single variable,cardiovascular,1,0.719064834047819,0.7256024344107246,-0.006537600362905627,0.8440727699530517,0.8412139503688799,0.002858819584171779,0.617963404042573,0.6224487179224608,-0.00448531387988782,0.15810708391593867,0.1555085063309455,-0.002598577584993156,-0.021010151480840213,0.008029986434422124,0.9909901069058362,0.9714193691070322,1.0111705586537443,2000
paper,voting,"LogisticRegression,RandomForest,AdaBoost",raw,models/predictive_sensitivity/h7_CV17_paper.joblib,raw_threshold,16,0.43999999999999995,saved voting threshold (also applied to raw),7,CV17,Diabetes,single variable,cardiovascular,1,0.6748584161766302,0.6740035305536195,0.000854885623010726,0.8440727699530517,0.8412139503688799,0.002858819584171779,0.617963404042573,0.6224487179224608,-0.00448531387988782,0.15810708391593867,0.1555085063309455,-0.002598577584993156,-0.012558614470347193,0.013912480764668063,1.0012683696512814,0.9814931527469184,1.0208953711097397,2000
paper,voting,"LogisticRegression,RandomForest,AdaBoost",sigmoid,models/predictive_sensitivity/h7_CV17_paper.joblib,sigmoid,17,0.43999999999999995,saved voting threshold (also applied to raw),7,CV17,Diabetes,single variable,cardiovascular,1,0.7384422316831452,0.735518959779698,0.002923271903447211,0.8440727699530517,0.8412139503688799,0.002858819584171779,0.617963404042573,0.6224487179224608,-0.00448531387988782,0.10768249189922874,0.10775800247052854,7.551057129979999e-05,-0.01365298583988174,0.019902210127272807,1.0039744344650514,0.981219200815648,1.0272629963324953,2000
own,stacking,"KNeighbors,RandomForest,AdaBoost,MLP",raw,models/stacking_sensitivity/h7_CV17_own.joblib,raw_fixed,18,0.5,fixed 0.5,7,CV17,Diabetes,single variable,cardiovascular,1,0.7298364878886543,0.7334704269486878,-0.0036339390600335086,0.8426391683433937,0.8411049631120053,0.0015342052313883636,0.6237599106106847,0.6309673129636606,-0.0072074023529759,0.10654148968679936,0.10668223759321865,0.00014074790641929735,-0.01665481299086156,0.01102931361091587,0.9950455547674212,0.9771915976153497,1.015112736584824,2000
own,stacking,"KNeighbors,RandomForest,AdaBoost,MLP",raw,models/stacking_sensitivity/h7_CV17_own.joblib,raw_threshold,18,0.48999999999999994,saved stacking threshold,7,CV17,Diabetes,single variable,cardiovascular,1,0.7271888482766964,0.7408149438637244,-0.013626095587027987,0.8426391683433937,0.8411049631120053,0.0015342052313883636,0.6237599106106847,0.6309673129636606,-0.0072074023529759,0.10654148968679936,0.10668223759321865,0.00014074790641929735,-0.0310420928803837,0.002914208654209779,0.9816066135005849,0.9583864608679341,1.0039502676942553,2000
own,stacking,"KNeighbors,RandomForest,AdaBoost,MLP",sigmoid,models/stacking_sensitivity/h7_CV17_own.joblib,sigmoid,19,0.48999999999999994,saved stacking threshold,7,CV17,Diabetes,single variable,cardiovascular,1,0.7298364878886543,0.7350298381051587,-0.0051933502165043555,0.8426391683433937,0.8411049631120053,0.0015342052313883636,0.6237599106106847,0.6309673129636606,-0.0072074023529759,0.10671044744873101,0.10685107812671416,0.00014063067798314455,-0.019793782087381646,0.010171915464442922,0.9929345042238117,0.9731651025868422,1.0142475989241475,2000
own,stacking,"KNeighbors,RandomForest,AdaBoost,MLP",isotonic,models/stacking_sensitivity/h7_CV17_own.joblib,isotonic,20,0.42999999999999994,saved stacking threshold,7,CV17,Diabetes,single variable,cardiovascular,1,0.7412137884572199,0.7465284794595688,-0.005314691002348937,0.8405139168343394,0.8419014084507043,-0.0013874916163648665,0.5809162096170836,0.6032783559462219,-0.022362146329138355,0.10909709189362679,0.1067704602836687,-0.0023266316099580936,-0.022132106197536118,0.012480176648248109,0.9928807926976927,0.9704509989945507,1.01711876212775,2000
paper,stacking,"LogisticRegression,RandomForest,AdaBoost",raw,models/stacking_sensitivity/h7_CV17_paper.joblib,raw_fixed,21,0.5,fixed 0.5,7,CV17,Diabetes,single variable,cardiovascular,1,0.7075843972346976,0.7239431234798006,-0.01635872624510304,0.8422199865861838,0.8396294433266265,0.002590543259557321,0.6034110778583436,0.6135075695207648,-0.010096491662421214,0.1090676171732286,0.10891167711401073,-0.0001559400592178739,-0.037863002611610144,0.004708899116260679,0.9774032990789787,0.9484155937214002,1.0064477455704313,2000
paper,stacking,"LogisticRegression,RandomForest,AdaBoost",raw,models/stacking_sensitivity/h7_CV17_paper.joblib,raw_threshold,21,0.4799999999999999,saved stacking threshold,7,CV17,Diabetes,single variable,cardiovascular,1,0.7350298381051587,0.7215791977168227,0.013450640388335988,0.8422199865861838,0.8396294433266265,0.002590543259557321,0.6034110778583436,0.6135075695207648,-0.010096491662421214,0.1090676171732286,0.10891167711401073,-0.0001559400592178739,-0.0027283107047539833,0.03005557011732527,1.0186405600811328,0.9962446411717882,1.0430034359507705,2000
paper,stacking,"LogisticRegression,RandomForest,AdaBoost",sigmoid,models/stacking_sensitivity/h7_CV17_paper.joblib,sigmoid,22,0.4699999999999999,saved stacking threshold,7,CV17,Diabetes,single variable,cardiovascular,1,0.7350298381051587,0.7215791977168227,0.013450640388335988,0.8422199865861838,0.8396294433266265,0.002590543259557321,0.6034110778583436,0.6135075695207648,-0.010096491662421214,0.10912011138240431,0.10900070703017618,-0.00011940435222812518,-0.0027283107047539833,0.03005557011732527,1.0186405600811328,0.9962446411717882,1.0430034359507705,2000
paper,stacking,"LogisticRegression,RandomForest,AdaBoost",isotonic,models/stacking_sensitivity/h7_CV17_paper.joblib,isotonic,23,0.42999999999999994,saved stacking threshold,7,CV17,Diabetes,single variable,cardiovascular,1,0.7137798908682395,0.7212370907218196,-0.0074571998535801765,0.8405809859154929,0.8357813547954394,0.004799631120053549,0.5821091827434924,0.5844990977823926,-0.002389915038900181,0.10980365067439943,0.1098428770039271,3.9226329527672354e-05,-0.027620757645489467,0.012122710598696068,0.9896605430453986,0.962122827026414,1.0166254302424085,2000
LogisticRegression,individual,LogisticRegression,raw,Cached fitted individual; sigmoid fitted to cached training OOF,raw_fixed,0,0.5,fixed 0.5,7,CV17,Hypertension,single variable,cardiovascular,1,0.6978542510121457,0.7005082319869043,-0.002653980974758552,0.8400570087189806,0.8391767270288397,0.0008802816901408717,0.5851106263451289,0.5827604190428975,0.002350207302231344,0.16278896131831536,0.16298226938631105,0.00019330806799569555,-0.011956803928182607,0.007615870622045795,0.9962113493409908,0.9831781692320531,1.0109225741511745,2000
LogisticRegression,individual,LogisticRegression,raw,Cached fitted individual; sigmoid fitted to cached training OOF,raw_threshold,0,0.61,own validation,7,CV17,Hypertension,single variable,cardiovascular,1,0.7397061730021741,0.7433213650438105,-0.003615192041636406,0.8400570087189806,0.8391767270288397,0.0008802816901408717,0.5851106263451289,0.5827604190428975,0.002350207302231344,0.16278896131831536,0.16298226938631105,0.00019330806799569555,-0.013666908534845635,0.006229692111634682,0.9951364346409937,0.9815938083390873,1.0085165607101265,2000
LogisticRegression,individual,LogisticRegression,sigmoid,Cached fitted individual; sigmoid fitted to cached training OOF,sigmoid,1,0.32999999999999996,own validation,7,CV17,Hypertension,single variable,cardiovascular,1,0.7398703065405897,0.7422823989358048,-0.002412092395215115,0.8400570087189806,0.8391767270288397,0.0008802816901408717,0.5851106263451289,0.5827604190428975,0.002350207302231344,0.11154514911142789,0.11202088910838363,0.000475739996955743,-0.012919144099570712,0.008494383397453014,0.9967504383794182,0.9826478843763937,1.0112765996392605,2000
SVC,individual,SVC,raw,Cached fitted individual; sigmoid fitted to cached training OOF,raw_fixed,2,0.5,fixed 0.5,7,CV17,Hypertension,single variable,cardiovascular,1,0.7061175251250945,0.7035181995046238,0.002599325620470716,0.8287474849094567,0.8275192823608316,0.0012282025486251014,0.5532025204646347,0.5508799065370049,0.0023226139276297797,0.16366850142026806,0.163085137866019,-0.0005833635542490667,-0.006349018986041432,0.012246988540095309,1.0036947524915503,0.9908036059526568,1.0175416723578412,2000
SVC,individual,SVC,raw,Cached fitted individual; sigmoid fitted to cached training OOF,raw_threshold,2,0.7699999999999999,own validation,7,CV17,Hypertension,single variable,cardiovascular,1,0.7059667789344763,0.7101672535211268,-0.0042004745866504045,0.8287474849094567,0.8275192823608316,0.0012282025486251014,0.5532025204646347,0.5508799065370049,0.0023226139276297797,0.16366850142026806,0.163085137866019,-0.0005833635542490667,-0.022381308378627285,0.013536950603258182,0.994085231942442,0.9689515324490916,1.0193001869497562,2000
SVC,individual,SVC,sigmoid,Cached fitted individual; sigmoid fitted to cached training OOF,sigmoid,3,0.42999999999999994,own validation,7,CV17,Hypertension,single variable,cardiovascular,1,0.7059667789344763,0.7159792588364017,-0.01001247990192533,0.8287474849094567,0.8275192823608316,0.0012282025486251014,0.5532025204646347,0.5508799065370049,0.0023226139276297797,0.11597550866454256,0.11655677468403026,0.0005812660194877001,-0.0281969109012224,0.0069490420684853995,0.9860156844233205,0.9609897648716529,1.009939924338063,2000
KNeighbors,individual,KNeighbors,raw,Cached fitted individual; sigmoid fitted to cached training OOF,raw_fixed,4,0.5,fixed 0.5,7,CV17,Hypertension,single variable,cardiovascular,1,0.6881554279688324,0.6998127696524028,-0.011657341683570355,0.8064721663313212,0.794676391683434,0.01179577464788728,0.5460457640091161,0.5323244475640468,0.013721316445069243,0.15337400188564979,0.1567805304821815,0.003406528596531705,-0.03405730777933079,0.010242074300681577,0.9833421992437198,0.9525528930774394,1.0147244006390341,2000
KNeighbors,individual,KNeighbors,raw,Cached fitted individual; sigmoid fitted to cached training OOF,raw_threshold,4,0.6699999999999999,own validation,7,CV17,Hypertension,single variable,cardiovascular,1,0.6972794008516857,0.6914306201248694,0.005848780726816272,0.8064721663313212,0.794676391683434,0.01179577464788728,0.5460457640091161,0.5323244475640468,0.013721316445069243,0.15337400188564979,0.1567805304821815,0.003406528596531705,-0.017046482150730097,0.029714398286897346,1.008458955326219,0.9760772886102846,1.0444307527624588,2000
KNeighbors,individual,KNeighbors,sigmoid,Cached fitted individual; sigmoid fitted to cached training OOF,sigmoid,5,0.3499999999999999,own validation,7,CV17,Hypertension,single variable,cardiovascular,1,0.6976584022038568,0.6907145306642343,0.006943871539622504,0.8064721663313212,0.794676391683434,0.01179577464788728,0.5460457640091161,0.5323244475640468,0.013721316445069243,0.12163144832469219,0.12326706974144104,0.0016356214167488475,-0.01441204936383606,0.029555044009660164,1.0100531713629144,0.9792731310893277,1.0434183636762968,2000
RandomForest,individual,RandomForest,raw,Cached fitted individual; sigmoid fitted to cached training OOF,raw_fixed,6,0.5,fixed 0.5,7,CV17,Hypertension,single variable,cardiovascular,1,0.7417235790637324,0.7314850340022576,0.010238545061474813,0.8438883299798793,0.8415157612340711,0.002372568745808157,0.6308391905099286,0.6242584775349345,0.006580712974994185,0.13488980382932303,0.1376560897178447,0.00276628588852168,0.002324643293574541,0.019598965585493167,1.0139969303342482,1.003123260086765,1.0266493964009171,2000
RandomForest,individual,RandomForest,raw,Cached fitted individual; sigmoid fitted to cached training OOF,raw_threshold,6,0.5299999999999999,own validation,7,CV17,Hypertension,single variable,cardiovascular,1,0.7450960369852015,0.7411251326807407,0.003970904304460898,0.8438883299798793,0.8415157612340711,0.002372568745808157,0.6308391905099286,0.6242584775349345,0.006580712974994185,0.13488980382932303,0.1376560897178447,0.00276628588852168,-0.005043653141812246,0.013019134107849053,1.0053579404197206,0.9932300540802955,1.0175433345365748,2000
RandomForest,individual,RandomForest,sigmoid,Cached fitted individual; sigmoid fitted to cached training OOF,sigmoid,7,0.33999999999999997,own validation,7,CV17,Hypertension,single variable,cardiovascular,1,0.7570925553319919,0.7618530975371596,-0.004760542205167639,0.8438883299798793,0.8415157612340711,0.002372568745808157,0.6308391905099286,0.6242584775349345,0.006580712974994185,0.10663169271947372,0.10738325183006382,0.0007515591105901054,-0.013354385227393564,0.0027649762751129165,0.9937513646389875,0.9823595249150887,1.0036330508251716,2000
AdaBoost,individual,AdaBoost,raw,Cached fitted individual; sigmoid fitted to cached training OOF,raw_fixed,8,0.5,fixed 0.5,7,CV17,Hypertension,single variable,cardiovascular,1,0.7019006243027696,0.6809872090754334,0.02091341522733614,0.8237592219986586,0.8203596579476862,0.0033995640509724145,0.5763065060045852,0.5725774075363989,0.003729098468186365,0.1964828308600174,0.20250308722721885,0.006020256367201465,0.012911051900381063,0.030415615774128282,1.030710437653785,1.0184713258104867,1.0449348467856299,2000
AdaBoost,individual,AdaBoost,raw,Cached fitted individual; sigmoid fitted to cached training OOF,raw_threshold,8,0.5399999999999999,own validation,7,CV17,Hypertension,single variable,cardiovascular,1,0.7362850277514552,0.7323057228641983,0.003979304887256951,0.8237592219986586,0.8203596579476862,0.0033995640509724145,0.5763065060045852,0.5725774075363989,0.003729098468186365,0.1964828308600174,0.20250308722721885,0.006020256367201465,-0.010456722529697465,0.018483209724777572,1.0054339393548546,0.9859125066203259,1.0254815541627862,2000
AdaBoost,individual,AdaBoost,sigmoid,Cached fitted individual; sigmoid fitted to cached training OOF,sigmoid,9,0.32999999999999996,own validation,7,CV17,Hypertension,single variable,cardiovascular,1,0.7337982263321459,0.726328913611624,0.00746931272052187,0.8237592219986586,0.8203596579476862,0.0033995640509724145,0.5763065060045852,0.5725774075363989,0.003729098468186365,0.11428056911772555,0.11534649091476347,0.0010659217970379192,-0.007543477638751697,0.022312128544231473,1.0102836505342754,0.9897741225969915,1.031099931663462,2000
MLP,individual,MLP,raw,Cached fitted individual; sigmoid fitted to cached training OOF,raw_fixed,10,0.5,fixed 0.5,7,CV17,Hypertension,single variable,cardiovascular,1,0.7054598979906206,0.704393777034914,0.0010661209557065732,0.8405097250167672,0.8351945003353454,0.005315224681421871,0.6221975471780146,0.6130801807987694,0.009117366379245206,0.14837885503664802,0.14965262886259484,0.0012737738259468168,-0.011364767483754368,0.013560668081987514,1.001513529776192,0.9838843207839638,1.0194673025177645,2000
MLP,individual,MLP,raw,Cached fitted individual; sigmoid fitted to cached training OOF,raw_threshold,10,0.7499999999999999,own validation,7,CV17,Hypertension,single variable,cardiovascular,1,0.7453939331666495,0.7238885968556823,0.021505336310967182,0.8405097250167672,0.8351945003353454,0.005315224681421871,0.6221975471780146,0.6130801807987694,0.009117366379245206,0.14837885503664802,0.14965262886259484,0.0012737738259468168,0.004973799995599421,0.04060608014092737,1.0297080744252345,1.0070049024160717,1.0575332897595557,2000
MLP,individual,MLP,sigmoid,Cached fitted individual; sigmoid fitted to cached training OOF,sigmoid,11,0.41999999999999993,own validation,7,CV17,Hypertension,single variable,cardiovascular,1,0.7467307692307692,0.7249852086451118,0.021745560585657353,0.8405097250167672,0.8351945003353454,0.005315224681421871,0.6221975471780146,0.6130801807987694,0.009117366379245206,0.1069901165628567,0.1088375733377735,0.0018474567749167947,0.003371353376895006,0.04201665499160905,1.029994488613494,1.0045064488455901,1.0589787897138498,2000
GradientBoosting,individual,GradientBoosting,raw,Cached fitted individual; sigmoid fitted to cached training OOF,raw_fixed,12,0.5,fixed 0.5,7,CV17,Hypertension,single variable,cardiovascular,1,0.72416251897349,0.707394855440651,0.016767663532839094,0.8293678739101275,0.8252179745137491,0.0041498993963783315,0.5888579484291103,0.5810442308659068,0.007813717563203482,0.1428185474058207,0.1516002037762462,0.008781656370425495,0.006659395802765023,0.027537268393688988,1.0237034004472567,1.009288726885197,1.0391928305386875,2000
GradientBoosting,individual,GradientBoosting,raw,Cached fitted individual; sigmoid fitted to cached training OOF,raw_threshold,12,0.5499999999999999,own validation,7,CV17,Hypertension,single variable,cardiovascular,1,0.7400236880466473,0.7290063713926673,0.01101731665397998,0.8293678739101275,0.8252179745137491,0.0041498993963783315,0.5888579484291103,0.5810442308659068,0.007813717563203482,0.1428185474058207,0.1516002037762462,0.008781656370425495,-4.901628862985775e-05,0.022230434533477603,1.0151127851364767,0.9999334123568945,1.0307200979717874,2000
GradientBoosting,individual,GradientBoosting,sigmoid,Cached fitted individual; sigmoid fitted to cached training OOF,sigmoid,13,0.29,own validation,7,CV17,Hypertension,single variable,cardiovascular,1,0.7378650931143138,0.7269151843638137,0.01094990875050006,0.8293678739101275,0.8252179745137491,0.0041498993963783315,0.5888579484291103,0.5810442308659068,0.007813717563203482,0.11236137073535046,0.11361399499207363,0.0012526242567231644,-5.209289515578614e-05,0.022085532527819324,1.0150635300871906,0.9999286133853711,1.0307332505203113,2000
XGBoost,individual,XGBoost,raw,Cached fitted individual; sigmoid fitted to cached training OOF,raw_fixed,14,0.5,fixed 0.5,7,CV17,Hypertension,single variable,cardiovascular,1,0.7144805303793219,0.7196397818599312,-0.00515925148060925,0.8388246143527833,0.8375964118041583,0.0012282025486249903,0.6062699193355928,0.6010265713825649,0.005243347953027944,0.2018152974883635,0.19970067447023213,-0.0021146230181313674,-0.016109220595466427,0.005887948529716373,0.9928307861646072,0.9779669909241279,1.0081463338657282,2000
XGBoost,individual,XGBoost,raw,Cached fitted individual; sigmoid fitted to cached training OOF,raw_threshold,14,0.5299999999999999,own validation,7,CV17,Hypertension,single variable,cardiovascular,1,0.7592721834496511,0.7602408213728968,-0.000968637923245752,0.8388246143527833,0.8375964118041583,0.0012282025486249903,0.6062699193355928,0.6010265713825649,0.005243347953027944,0.2018152974883635,0.19970067447023213,-0.0021146230181313674,-0.0138783939165943,0.014012536778662741,0.9987258801474295,0.9816453044138901,1.018754798960231,2000
XGBoost,individual,XGBoost,sigmoid,Cached fitted individual; sigmoid fitted to cached training OOF,sigmoid,15,0.31999999999999995,own validation,7,CV17,Hypertension,single variable,cardiovascular,1,0.7486119537164402,0.7530790673052268,-0.004467113588786598,0.8388246143527833,0.8375964118041583,0.0012282025486249903,0.6062699193355928,0.6010265713825649,0.005243347953027944,0.10890968022913168,0.10985644641508509,0.0009467661859534071,-0.015900592785165778,0.00843759469218031,0.994068201092388,0.9790611009356713,1.011299328712311,2000
paper,voting,"LogisticRegression,RandomForest,AdaBoost",raw,models/predictive_sensitivity/h7_CV17_paper.joblib,raw_fixed,16,0.5,fixed 0.5,7,CV17,Hypertension,single variable,cardiovascular,1,0.719064834047819,0.7103266248762785,0.008738209171540445,0.8440727699530517,0.8427146210596915,0.001358148893360167,0.617963404042573,0.6129193653645656,0.005044038678007401,0.15810708391593867,0.1609793271029405,0.0028722431870018272,0.002165133553053819,0.01640101502397742,1.0123016776585876,1.003049852259868,1.0231424158227689,2000
paper,voting,"LogisticRegression,RandomForest,AdaBoost",raw,models/predictive_sensitivity/h7_CV17_paper.joblib,raw_threshold,16,0.43999999999999995,saved voting threshold (also applied to raw),7,CV17,Hypertension,single variable,cardiovascular,1,0.6748584161766302,0.6734018725613569,0.0014565436152733646,0.8440727699530517,0.8427146210596915,0.001358148893360167,0.617963404042573,0.6129193653645656,0.005044038678007401,0.15810708391593867,0.1609793271029405,0.0028722431870018272,-0.005921944973370091,0.008396736389164524,1.002162963416976,0.9910303007758472,1.0123565755525261,2000
paper,voting,"LogisticRegression,RandomForest,AdaBoost",sigmoid,models/predictive_sensitivity/h7_CV17_paper.joblib,sigmoid,17,0.43999999999999995,saved voting threshold (also applied to raw),7,CV17,Hypertension,single variable,cardiovascular,1,0.7384422316831452,0.7399481673454276,-0.0015059356622824094,0.8440727699530517,0.8427146210596915,0.001358148893360167,0.617963404042573,0.6129193653645656,0.005044038678007401,0.10768249189922874,0.10834610085252293,0.0006636089532941897,-0.014724811154495625,0.011362702482807038,0.9979648092545658,0.9799470367650281,1.0154166460264915,2000
own,stacking,"KNeighbors,RandomForest,AdaBoost,MLP",raw,models/stacking_sensitivity/h7_CV17_own.joblib,raw_fixed,18,0.5,fixed 0.5,7,CV17,Hypertension,single variable,cardiovascular,1,0.7298364878886543,0.7396840155311988,-0.009847527642544485,0.8426391683433937,0.8390677397719651,0.0035714285714285587,0.6237599106106847,0.6156977198674104,0.0080621907432743,0.10654148968679936,0.10830204964699676,0.0017605599601974026,-0.026963013358732777,0.007066003433507013,0.986686845415373,0.9640824842496544,1.0095576356553282,2000
own,stacking,"KNeighbors,RandomForest,AdaBoost,MLP",raw,models/stacking_sensitivity/h7_CV17_own.joblib,raw_threshold,18,0.48999999999999994,saved stacking threshold,7,CV17,Hypertension,single variable,cardiovascular,1,0.7271888482766964,0.7412137884572199,-0.01402494018052347,0.8426391683433937,0.8390677397719651,0.0035714285714285587,0.6237599106106847,0.6156977198674104,0.0080621907432743,0.10654148968679936,0.10830204964699676,0.0017605599601974026,-0.03085300650791172,0.0002505151194539784,0.9810784143536843,0.9580255562669766,1.0003559437811946,2000
own,stacking,"KNeighbors,RandomForest,AdaBoost,MLP",sigmoid,models/stacking_sensitivity/h7_CV17_own.joblib,sigmoid,19,0.48999999999999994,saved stacking threshold,7,CV17,Hypertension,single variable,cardiovascular,1,0.7298364878886543,0.7383344686648501,-0.00849798077619579,0.8426391683433937,0.8390677397719651,0.0035714285714285587,0.6237599106106847,0.6156977198674104,0.0080621907432743,0.10671044744873101,0.10840204828690188,0.0016916008381708675,-0.025624243268353428,0.008355365416105863,0.9884903371888314,0.9655876844114795,1.0114002659577355,2000
own,stacking,"KNeighbors,RandomForest,AdaBoost,MLP",isotonic,models/stacking_sensitivity/h7_CV17_own.joblib,isotonic,20,0.42999999999999994,saved stacking threshold,7,CV17,Hypertension,single variable,cardiovascular,1,0.7412137884572199,0.7399481673454276,0.0012656211117922922,0.8405139168343394,0.836531690140845,0.003982226693494351,0.5809162096170836,0.5716476554862944,0.009268554130789197,0.10909709189362679,0.11082729960512926,0.0017302077115024656,-0.013995199838427074,0.016706425965311415,1.0017104186044987,0.981074440793187,1.0227662400239734,2000
paper,stacking,"LogisticRegression,RandomForest,AdaBoost",raw,models/stacking_sensitivity/h7_CV17_paper.joblib,raw_fixed,21,0.5,fixed 0.5,7,CV17,Hypertension,single variable,cardiovascular,1,0.7075843972346976,0.7067643686755396,0.0008200285591579703,0.8422199865861838,0.8406354795439303,0.0015845070422535468,0.6034110778583436,0.598846776700434,0.004564301157909623,0.1090676171732286,0.10978865975588473,0.0007210425826561229,-0.011815519375881189,0.012643711790640362,1.0011602573580425,0.9833982414948227,1.0180866451732804,2000
paper,stacking,"LogisticRegression,RandomForest,AdaBoost",raw,models/stacking_sensitivity/h7_CV17_paper.joblib,raw_threshold,21,0.4799999999999999,saved stacking threshold,7,CV17,Hypertension,single variable,cardiovascular,1,0.7350298381051587,0.716956802063185,0.018073036041973634,0.8422199865861838,0.8406354795439303,0.0015845070422535468,0.6034110778583436,0.598846776700434,0.004564301157909623,0.1090676171732286,0.10978865975588473,0.0007210425826561229,0.004243908679344957,0.033331940319186494,1.0252079846232924,1.0061931265592903,1.0474445471105482,2000
paper,stacking,"LogisticRegression,RandomForest,AdaBoost",sigmoid,models/stacking_sensitivity/h7_CV17_paper.joblib,sigmoid,22,0.4699999999999999,saved stacking threshold,7,CV17,Hypertension,single variable,cardiovascular,1,0.7350298381051587,0.716956802063185,0.018073036041973634,0.8422199865861838,0.8406354795439303,0.0015845070422535468,0.6034110778583436,0.598846776700434,0.004564301157909623,0.10912011138240431,0.10977957501608426,0.0006594636336799548,0.004243908679344957,0.033331940319186494,1.0252079846232924,1.0061931265592903,1.0474445471105482,2000
paper,stacking,"LogisticRegression,RandomForest,AdaBoost",isotonic,models/stacking_sensitivity/h7_CV17_paper.joblib,isotonic,23,0.42999999999999994,saved stacking threshold,7,CV17,Hypertension,single variable,cardiovascular,1,0.7137798908682395,0.7054679637705468,0.008311927097692684,0.8405809859154929,0.8361837692823608,0.004397216633132084,0.5821091827434924,0.5766791947019667,0.005429988041525724,0.10980365067439943,0.11151091558987865,0.0017072649154792202,-0.00332005770913269,0.02091850629041868,1.011782146779944,0.9954399911172762,1.0300356433966897,2000
LogisticRegression,individual,LogisticRegression,raw,Cached fitted individual; sigmoid fitted to cached training OOF,raw_fixed,0,0.5,fixed 0.5,7,CV17,Dyslipidemia,single variable,cardiovascular,1,0.6978542510121457,0.6990946848363103,-0.0012404338241646107,0.8400570087189806,0.8350016767270289,0.005055331991951739,0.5851106263451289,0.5744752449708599,0.010635381374269004,0.16278896131831536,0.1655697257170474,0.0027807643987320385,-0.017144715977875445,0.014037363220486081,0.9982256569087561,0.9756007255789113,1.0206692828075448,2000
LogisticRegression,individual,LogisticRegression,raw,Cached fitted individual; sigmoid fitted to cached training OOF,raw_threshold,0,0.61,own validation,7,CV17,Dyslipidemia,single variable,cardiovascular,1,0.7397061730021741,0.7374462309939502,0.002259942008223881,0.8400570087189806,0.8350016767270289,0.005055331991951739,0.5851106263451289,0.5744752449708599,0.010635381374269004,0.16278896131831536,0.1655697257170474,0.0027807643987320385,-0.019004530185657998,0.024333723801727873,1.0030645515743946,0.9744600943572348,1.0336638562241687,2000
LogisticRegression,individual,LogisticRegression,sigmoid,Cached fitted individual; sigmoid fitted to cached training OOF,sigmoid,1,0.32999999999999996,own validation,7,CV17,Dyslipidemia,single variable,cardiovascular,1,0.7398703065405897,0.7375353792335824,0.0023349273070073506,0.8400570087189806,0.8350016767270289,0.005055331991951739,0.5851106263451289,0.5744752449708599,0.010635381374269004,0.11154514911142789,0.1135981765694541,0.002053027458026213,-0.0203817940798526,0.02419584741104756,1.0031658512564288,0.972658862649278,1.0339441767812083,2000
SVC,individual,SVC,raw,Cached fitted individual; sigmoid fitted to cached training OOF,raw_fixed,2,0.5,fixed 0.5,7,CV17,Dyslipidemia,single variable,cardiovascular,1,0.7061175251250945,0.6989061668538994,0.007211358271195123,0.8287474849094567,0.8236921529175051,0.005055331991951628,0.5532025204646347,0.5416750557421107,0.011527464722523972,0.16366850142026806,0.1647988454566321,0.0011303440363640282,-0.010943445467010305,0.02569470183623242,1.0103180635873579,0.9845225063454877,1.0370973544196684,2000
SVC,individual,SVC,raw,Cached fitted individual; sigmoid fitted to cached training OOF,raw_threshold,2,0.7699999999999999,own validation,7,CV17,Dyslipidemia,single variable,cardiovascular,1,0.7059667789344763,0.6892577638203479,0.016709015114128478,0.8287474849094567,0.8236921529175051,0.005055331991951628,0.5532025204646347,0.5416750557421107,0.011527464722523972,0.16366850142026806,0.1647988454566321,0.0011303440363640282,-0.007792101716415659,0.04052592370125395,1.02424204120896,0.9890821736231428,1.0598405506771422,2000
SVC,individual,SVC,sigmoid,Cached fitted individual; sigmoid fitted to cached training OOF,sigmoid,3,0.42999999999999994,own validation,7,CV17,Dyslipidemia,single variable,cardiovascular,1,0.7059667789344763,0.6892577638203479,0.016709015114128478,0.8287474849094567,0.8236921529175051,0.005055331991951628,0.5532025204646347,0.5416750557421107,0.011527464722523972,0.11597550866454256,0.1184396241987153,0.0024641155341727367,-0.007792101716415659,0.04052592370125395,1.02424204120896,0.9890821736231428,1.0598405506771422,2000
KNeighbors,individual,KNeighbors,raw,Cached fitted individual; sigmoid fitted to cached training OOF,raw_fixed,4,0.5,fixed 0.5,7,CV17,Dyslipidemia,single variable,cardiovascular,1,0.6881554279688324,0.6806718388756385,0.00748358909319391,0.8064721663313212,0.7993879946344735,0.007084171696847719,0.5460457640091161,0.5233937289899677,0.022652035019148364,0.15337400188564979,0.1546166397752513,0.0012426378896015222,-0.018567081610164324,0.03239920015069102,1.010994415613779,0.9730166617892786,1.0484694655816533,2000
KNeighbors,individual,KNeighbors,raw,Cached fitted individual; sigmoid fitted to cached training OOF,raw_threshold,4,0.6699999999999999,own validation,7,CV17,Dyslipidemia,single variable,cardiovascular,1,0.6972794008516857,0.6806750585208563,0.016604342330829414,0.8064721663313212,0.7993879946344735,0.007084171696847719,0.5460457640091161,0.5233937289899677,0.022652035019148364,0.15337400188564979,0.1546166397752513,0.0012426378896015222,-0.008756863964254971,0.0426195906418885,1.02439393382051,0.9873882088635647,1.063707053592696,2000
KNeighbors,individual,KNeighbors,sigmoid,Cached fitted individual; sigmoid fitted to cached training OOF,sigmoid,5,0.3499999999999999,own validation,7,CV17,Dyslipidemia,single variable,cardiovascular,1,0.6976584022038568,0.6861720629757304,0.011486339228126363,0.8064721663313212,0.7993879946344735,0.007084171696847719,0.5460457640091161,0.5233937289899677,0.022652035019148364,0.12163144832469219,0.12432852263979219,0.0026970743150999954,-0.012609158645021693,0.03720641396919652,1.016739736063158,0.982111418773512,1.0553256335801735,2000
RandomForest,individual,RandomForest,raw,Cached fitted individual; sigmoid fitted to cached training OOF,raw_fixed,6,0.5,fixed 0.5,7,CV17,Dyslipidemia,single variable,cardiovascular,1,0.7417235790637324,0.7397605397605398,0.0019630393031926374,0.8438883299798793,0.8354963112005366,0.008392018779342703,0.6308391905099286,0.5998391441878714,0.031000046322057218,0.13488980382932303,0.13313430733568413,-0.0017554964936389028,-0.012956583269850122,0.017594508554004577,1.0026536145112959,0.9827165368542774,1.0239862202480043,2000
RandomForest,individual,RandomForest,raw,Cached fitted individual; sigmoid fitted to cached training OOF,raw_threshold,6,0.5299999999999999,own validation,7,CV17,Dyslipidemia,single variable,cardiovascular,1,0.7450960369852015,0.7288728769943387,0.01622315999086288,0.8438883299798793,0.8354963112005366,0.008392018779342703,0.6308391905099286,0.5998391441878714,0.031000046322057218,0.13488980382932303,0.13313430733568413,-0.0017554964936389028,-0.0017576402632391546,0.03432962068012129,1.0222578730844842,0.9976535116820241,1.0482246107721724,2000
RandomForest,individual,RandomForest,sigmoid,Cached fitted individual; sigmoid fitted to cached training OOF,sigmoid,7,0.33999999999999997,own validation,7,CV17,Dyslipidemia,single variable,cardiovascular,1,0.7570925553319919,0.7375362512827377,0.019556304049254236,0.8438883299798793,0.8354963112005366,0.008392018779342703,0.6308391905099286,0.5998391441878714,0.031000046322057218,0.10663169271947372,0.11162758738796491,0.004995894668491194,-0.000477273360223476,0.039617360263144843,1.0265157190785423,0.9993619011613122,1.0556772111732942,2000
AdaBoost,individual,AdaBoost,raw,Cached fitted individual; sigmoid fitted to cached training OOF,raw_fixed,8,0.5,fixed 0.5,7,CV17,Dyslipidemia,single variable,cardiovascular,1,0.7019006243027696,0.7092233813545289,-0.007322757051759332,0.8237592219986586,0.8186452045606976,0.005114017437961027,0.5763065060045852,0.5641700149704266,0.012136491034158592,0.1964828308600174,0.19349417104909172,-0.0029886598109256646,-0.020595183573914863,0.005244899020833311,0.9896749638488035,0.9714618789739029,1.007493069301466,2000
AdaBoost,individual,AdaBoost,raw,Cached fitted individual; sigmoid fitted to cached training OOF,raw_threshold,8,0.5399999999999999,own validation,7,CV17,Dyslipidemia,single variable,cardiovascular,1,0.7362850277514552,0.7324045690256809,0.0038804587257743606,0.8237592219986586,0.8186452045606976,0.005114017437961027,0.5763065060045852,0.5641700149704266,0.012136491034158592,0.1964828308600174,0.19349417104909172,-0.0029886598109256646,-0.010263783769681806,0.019078657527239695,1.0052982448360972,0.9862072060604442,1.0263711442761094,2000
AdaBoost,individual,AdaBoost,sigmoid,Cached fitted individual; sigmoid fitted to cached training OOF,sigmoid,9,0.32999999999999996,own validation,7,CV17,Dyslipidemia,single variable,cardiovascular,1,0.7337982263321459,0.7337670128685894,3.12134635565009e-05,0.8237592219986586,0.8186452045606976,0.005114017437961027,0.5763065060045852,0.5641700149704266,0.012136491034158592,0.11428056911772555,0.11616515271055361,0.0018845835928280597,-0.012699129716787213,0.014096013232612165,1.000042538657379,0.9828778436098352,1.0192423863762665,2000
MLP,individual,MLP,raw,Cached fitted individual; sigmoid fitted to cached training OOF,raw_fixed,10,0.5,fixed 0.5,7,CV17,Dyslipidemia,single variable,cardiovascular,1,0.7054598979906206,0.7119024592428849,-0.006442561252264278,0.8405097250167672,0.8320590207914151,0.008450704225352101,0.6221975471780146,0.6015588436565059,0.02063870352150865,0.14837885503664802,0.15186500210124315,0.00348614706459513,-0.023653784730123206,0.011052150861326618,0.9909502191365991,0.9671025632451306,1.0156611711078898,2000
MLP,individual,MLP,raw,Cached fitted individual; sigmoid fitted to cached training OOF,raw_threshold,10,0.7499999999999999,own validation,7,CV17,Dyslipidemia,single variable,cardiovascular,1,0.7453939331666495,0.7234865009249777,0.021907432241671798,0.8405097250167672,0.8320590207914151,0.008450704225352101,0.6221975471780146,0.6015588436565059,0.02063870352150865,0.14837885503664802,0.15186500210124315,0.00348614706459513,-0.0030239252531781046,0.04647598743487847,1.0302803607443445,0.9959168955624979,1.0656556542790363,2000
MLP,individual,MLP,sigmoid,Cached fitted individual; sigmoid fitted to cached training OOF,sigmoid,11,0.41999999999999993,own validation,7,CV17,Dyslipidemia,single variable,cardiovascular,1,0.7467307692307692,0.72196615178917,0.02476461744159919,0.8405097250167672,0.8320590207914151,0.008450704225352101,0.6221975471780146,0.6015588436565059,0.02063870352150865,0.1069901165628567,0.11065806310702717,0.003667946544170464,0.00021093038201852637,0.049304085499502576,1.034301632258282,1.0002866144564073,1.0695274176660106,2000
GradientBoosting,individual,GradientBoosting,raw,Cached fitted individual; sigmoid fitted to cached training OOF,raw_fixed,12,0.5,fixed 0.5,7,CV17,Dyslipidemia,single variable,cardiovascular,1,0.72416251897349,0.728400307102872,-0.004237788129381914,0.8293678739101275,0.822212441314554,0.0071554325955734965,0.5888579484291103,0.5639846578380174,0.02487329059109289,0.1428185474058207,0.13740342941514191,-0.005415117990678786,-0.02032299031528874,0.012736004437984805,0.9941820615833659,0.9724142092292339,1.0175986900194014,2000
GradientBoosting,individual,GradientBoosting,raw,Cached fitted individual; sigmoid fitted to cached training OOF,raw_threshold,12,0.5499999999999999,own validation,7,CV17,Dyslipidemia,single variable,cardiovascular,1,0.7400236880466473,0.7347243767172593,0.00529931132938799,0.8293678739101275,0.822212441314554,0.0071554325955734965,0.5888579484291103,0.5639846578380174,0.02487329059109289,0.1428185474058207,0.13740342941514191,-0.005415117990678786,-0.012882083052690434,0.02461119253828473,1.0072126521146136,0.9827039459390318,1.0342632181985163,2000
GradientBoosting,individual,GradientBoosting,sigmoid,Cached fitted individual; sigmoid fitted to cached training OOF,sigmoid,13,0.29,own validation,7,CV17,Dyslipidemia,single variable,cardiovascular,1,0.7378650931143138,0.7323714692135745,0.005493623900739264,0.8293678739101275,0.822212441314554,0.0071554325955734965,0.5888579484291103,0.5639846578380174,0.02487329059109289,0.11236137073535046,0.1162897718217685,0.003928401086418037,-0.012843094566335932,0.02488953215136053,1.0075011440664645,0.9827142757068922,1.034704399677293,2000
XGBoost,individual,XGBoost,raw,Cached fitted individual; sigmoid fitted to cached training OOF,raw_fixed,14,0.5,fixed 0.5,7,CV17,Dyslipidemia,single variable,cardiovascular,1,0.7144805303793219,0.6824666879014705,0.03201384247785144,0.8388246143527833,0.8382126089872569,0.0006120053655264135,0.6062699193355928,0.6044972053979125,0.0017727139376803036,0.2018152974883635,0.20892524709118268,0.007109949602819188,0.01805292070668726,0.04531510327833472,1.046909018484538,1.0262560907665235,1.0673789263492455,2000
XGBoost,individual,XGBoost,raw,Cached fitted individual; sigmoid fitted to cached training OOF,raw_threshold,14,0.5299999999999999,own validation,7,CV17,Dyslipidemia,single variable,cardiovascular,1,0.7592721834496511,0.7433567176870748,0.015915465762576297,0.8388246143527833,0.8382126089872569,0.0006120053655264135,0.6062699193355928,0.6044972053979125,0.0017727139376803036,0.2018152974883635,0.20892524709118268,0.007109949602819188,-0.004232009608825735,0.03679192923943409,1.0214102669470677,0.994416262663323,1.0499004056423737,2000
XGBoost,individual,XGBoost,sigmoid,Cached fitted individual; sigmoid fitted to cached training OOF,sigmoid,15,0.31999999999999995,own validation,7,CV17,Dyslipidemia,single variable,cardiovascular,1,0.7486119537164402,0.7333787302960311,0.015233223420409114,0.8388246143527833,0.8382126089872569,0.0006120053655264135,0.6062699193355928,0.6044972053979125,0.0017727139376803036,0.10890968022913168,0.11095516933965234,0.0020454891105206596,-0.00483585127232331,0.03630477058039534,1.0207712915457203,0.9934300347133123,1.0494696557290981,2000
paper,voting,"LogisticRegression,RandomForest,AdaBoost",raw,models/predictive_sensitivity/h7_CV17_paper.joblib,raw_fixed,16,0.5,fixed 0.5,7,CV17,Dyslipidemia,single variable,cardiovascular,1,0.719064834047819,0.7233477159348175,-0.004282881886998546,0.8440727699530517,0.8373993963782697,0.006673373574782038,0.617963404042573,0.5957560571285998,0.02220734691397319,0.15810708391593867,0.1573012589999568,-0.0008058249159818565,-0.018602892201960954,0.009455769012363089,0.9940790828634005,0.9747226671245041,1.0130872294022486,2000
paper,voting,"LogisticRegression,RandomForest,AdaBoost",raw,models/predictive_sensitivity/h7_CV17_paper.joblib,raw_threshold,16,0.43999999999999995,saved voting threshold (also applied to raw),7,CV17,Dyslipidemia,single variable,cardiovascular,1,0.6748584161766302,0.6728233044943457,0.0020351116822845405,0.8440727699530517,0.8373993963782697,0.006673373574782038,0.617963404042573,0.5957560571285998,0.02220734691397319,0.15810708391593867,0.1573012589999568,-0.0008058249159818565,-0.012054865203567026,0.01610938632751952,1.0030247342336247,0.9823333893866103,1.024152338795832,2000
paper,voting,"LogisticRegression,RandomForest,AdaBoost",sigmoid,models/predictive_sensitivity/h7_CV17_paper.joblib,sigmoid,17,0.43999999999999995,saved voting threshold (also applied to raw),7,CV17,Dyslipidemia,single variable,cardiovascular,1,0.7384422316831452,0.706275483382508,0.03216674830063715,0.8440727699530517,0.8373993963782697,0.006673373574782038,0.617963404042573,0.5957560571285998,0.02220734691397319,0.10768249189922874,0.11121094226526934,0.003528450366040603,0.008058394629723378,0.0585218682112993,1.0455441949458355,1.0113297113386588,1.0854133138154538,2000
own,stacking,"KNeighbors,RandomForest,AdaBoost,MLP",raw,models/stacking_sensitivity/h7_CV17_own.joblib,raw_fixed,18,0.5,fixed 0.5,7,CV17,Dyslipidemia,single variable,cardiovascular,1,0.7298364878886543,0.6949426203541903,0.034893867534463996,0.8426391683433937,0.8349597585513079,0.007679409792085812,0.6237599106106847,0.6048002408701707,0.018959669740513996,0.10654148968679936,0.10992373514026815,0.0033822454534687962,0.010240817536549835,0.06146928389545932,1.0502111491113895,1.0143532281536034,1.0913517716970251,2000
own,stacking,"KNeighbors,RandomForest,AdaBoost,MLP",raw,models/stacking_sensitivity/h7_CV17_own.joblib,raw_threshold,18,0.48999999999999994,saved stacking threshold,7,CV17,Dyslipidemia,single variable,cardiovascular,1,0.7271888482766964,0.6974416633338616,0.029747184942834792,0.8426391683433937,0.8349597585513079,0.007679409792085812,0.6237599106106847,0.6048002408701707,0.018959669740513996,0.10654148968679936,0.10992373514026815,0.0033822454534687962,0.003668450443231264,0.05652885821996573,1.0426518610899145,1.0052336869413636,1.0839272255925791,2000
own,stacking,"KNeighbors,RandomForest,AdaBoost,MLP",sigmoid,models/stacking_sensitivity/h7_CV17_own.joblib,sigmoid,19,0.48999999999999994,saved stacking threshold,7,CV17,Dyslipidemia,single variable,cardiovascular,1,0.7298364878886543,0.6936629492765988,0.03617353861205552,0.8426391683433937,0.8349597585513079,0.007679409792085812,0.6237599106106847,0.6048002408701707,0.018959669740513996,0.10671044744873101,0.11004747599789862,0.003337028549167606,0.01154614881779368,0.0628061456478024,1.0521485811657951,1.016243146557211,1.093151553485655,2000
own,stacking,"KNeighbors,RandomForest,AdaBoost,MLP",isotonic,models/stacking_sensitivity/h7_CV17_own.joblib,isotonic,20,0.42999999999999994,saved stacking threshold,7,CV17,Dyslipidemia,single variable,cardiovascular,1,0.7412137884572199,0.6992872553455849,0.04192653311163497,0.8405139168343394,0.829854124748491,0.01065979208584844,0.5809162096170836,0.5632616735198084,0.017654536097275186,0.10909709189362679,0.11253135377466124,0.0034342618810344477,0.018222804304339944,0.06749822682095977,1.0599560949969196,1.0253357938629266,1.1001493990674591,2000
paper,stacking,"LogisticRegression,RandomForest,AdaBoost",raw,models/stacking_sensitivity/h7_CV17_paper.joblib,raw_fixed,21,0.5,fixed 0.5,7,CV17,Dyslipidemia,single variable,cardiovascular,1,0.7075843972346976,0.6975215960510078,0.01006280118368974,0.8422199865861838,0.8361753856472166,0.006044600938967193,0.6034110778583436,0.5880852266192591,0.015325851239084476,0.1090676171732286,0.11163021262966584,0.002562595456437236,-0.007121049698587336,0.0295621191102364,1.0144265084273518,0.9899007413131959,1.0429659992649107,2000
paper,stacking,"LogisticRegression,RandomForest,AdaBoost",raw,models/stacking_sensitivity/h7_CV17_paper.joblib,raw_threshold,21,0.4799999999999999,saved stacking threshold,7,CV17,Dyslipidemia,single variable,cardiovascular,1,0.7350298381051587,0.706275483382508,0.028754354722650644,0.8422199865861838,0.8361753856472166,0.006044600938967193,0.6034110778583436,0.5880852266192591,0.015325851239084476,0.1090676171732286,0.11163021262966584,0.002562595456437236,0.005466905196949706,0.0532293940032347,1.0407126615593958,1.0076470359379321,1.0780764967649963,2000
paper,stacking,"LogisticRegression,RandomForest,AdaBoost",sigmoid,models/stacking_sensitivity/h7_CV17_paper.joblib,sigmoid,22,0.4699999999999999,saved stacking threshold,7,CV17,Dyslipidemia,single variable,cardiovascular,1,0.7350298381051587,0.706275483382508,0.028754354722650644,0.8422199865861838,0.8361753856472166,0.006044600938967193,0.6034110778583436,0.5880852266192591,0.015325851239084476,0.10912011138240431,0.11176182333838641,0.002641711955982104,0.005466905196949706,0.0532293940032347,1.0407126615593958,1.0076470359379321,1.0780764967649963,2000
paper,stacking,"LogisticRegression,RandomForest,AdaBoost",isotonic,models/stacking_sensitivity/h7_CV17_paper.joblib,isotonic,23,0.42999999999999994,saved stacking threshold,7,CV17,Dyslipidemia,single variable,cardiovascular,1,0.7137798908682395,0.6962288086725867,0.017551082195652712,0.8405809859154929,0.8317614017437961,0.008819584171696815,0.5821091827434924,0.5618065781424347,0.020302604601057705,0.10980365067439943,0.11276173930552895,0.0029580886311295213,0.0013026725685250098,0.0371631833502027,1.0252087847802724,1.0017937582862197,1.054995014923191,2000
LogisticRegression,individual,LogisticRegression,raw,Cached fitted individual; sigmoid fitted to cached training OOF,raw_fixed,0,0.5,fixed 0.5,7,CV17,AFib,single variable,cardiovascular,1,0.6978542510121457,0.7054598979906206,-0.007605646978474878,0.8400570087189806,0.8353957075788062,0.004661301140174379,0.5851106263451289,0.5749514840691801,0.01015914227594883,0.16278896131831536,0.16333847786402875,0.000549516545713391,-0.02025925055891716,0.003841768895642217,0.9892188811863889,0.971794063775843,1.0054811084598048,2000
LogisticRegression,individual,LogisticRegression,raw,Cached fitted individual; sigmoid fitted to cached training OOF,raw_threshold,0,0.61,own validation,7,CV17,AFib,single variable,cardiovascular,1,0.7397061730021741,0.747316898967513,-0.007610725965338849,0.8400570087189806,0.8353957075788062,0.004661301140174379,0.5851106263451289,0.5749514840691801,0.01015914227594883,0.16278896131831536,0.16333847786402875,0.000549516545713391,-0.02764274293195872,0.012231722366919663,0.9898159322024515,0.9632187559919704,1.0166092420485233,2000
LogisticRegression,individual,LogisticRegression,sigmoid,Cached fitted individual; sigmoid fitted to cached training OOF,sigmoid,1,0.32999999999999996,own validation,7,CV17,AFib,single variable,cardiovascular,1,0.7398703065405897,0.7400502254607728,-0.00017991892018309752,0.8400570087189806,0.8353957075788062,0.004661301140174379,0.5851106263451289,0.5749514840691801,0.01015914227594883,0.11154514911142789,0.1131605960561737,0.0016154469447458158,-0.022750812128928457,0.021760096788794876,0.9997568828249852,0.9696213351811646,1.0298885007153045,2000
SVC,individual,SVC,raw,Cached fitted individual; sigmoid fitted to cached training OOF,raw_fixed,2,0.5,fixed 0.5,7,CV17,AFib,single variable,cardiovascular,1,0.7061175251250945,0.7133970122521247,-0.007279487127030193,0.8287474849094567,0.8258341716968478,0.0029133132126089034,0.5532025204646347,0.5474526297215457,0.005749890743088959,0.16366850142026806,0.16141838025953575,-0.00225012116073231,-0.018983511874392563,0.0042696658294977,0.9897960224082667,0.9734326150826039,1.0059735135619239,2000
SVC,individual,SVC,raw,Cached fitted individual; sigmoid fitted to cached training OOF,raw_threshold,2,0.7699999999999999,own validation,7,CV17,AFib,single variable,cardiovascular,1,0.7059667789344763,0.6990795142969056,0.0068872646375707225,0.8287474849094567,0.8258341716968478,0.0029133132126089034,0.5532025204646347,0.5474526297215457,0.005749890743088959,0.16366850142026806,0.16141838025953575,-0.00225012116073231,-0.013828186731052869,0.027167967690214085,1.0098519045354912,0.9807371859009674,1.039524300736145,2000
SVC,individual,SVC,sigmoid,Cached fitted individual; sigmoid fitted to cached training OOF,sigmoid,3,0.42999999999999994,own validation,7,CV17,AFib,single variable,cardiovascular,1,0.7059667789344763,0.6990795142969056,0.0068872646375707225,0.8287474849094567,0.8258341716968478,0.0029133132126089034,0.5532025204646347,0.5474526297215457,0.005749890743088959,0.11597550866454256,0.11702907499247744,0.0010535663279348795,-0.013828186731052869,0.027167967690214085,1.0098519045354912,0.9807371859009674,1.039524300736145,2000
KNeighbors,individual,KNeighbors,raw,Cached fitted individual; sigmoid fitted to cached training OOF,raw_fixed,4,0.5,fixed 0.5,7,CV17,AFib,single variable,cardiovascular,1,0.6881554279688324,0.6902480689245396,-0.002092640955707159,0.8064721663313212,0.8014503688799464,0.005021797451374876,0.5460457640091161,0.5411080853523771,0.004937678656738997,0.15337400188564979,0.1499068773504444,-0.003467124535205396,-0.02204722278909419,0.01712216738499813,0.9969682769863193,0.968350001415841,1.025299055920024,2000
KNeighbors,individual,KNeighbors,raw,Cached fitted individual; sigmoid fitted to cached training OOF,raw_threshold,4,0.6699999999999999,own validation,7,CV17,AFib,single variable,cardiovascular,1,0.6972794008516857,0.7059408768974655,-0.008661476045779826,0.8064721663313212,0.8014503688799464,0.005021797451374876,0.5460457640091161,0.5411080853523771,0.004937678656738997,0.15337400188564979,0.1499068773504444,-0.003467124535205396,-0.033471266868679864,0.01870002118479674,0.9877305928453299,0.9524549345616489,1.0273058352878155,2000
KNeighbors,individual,KNeighbors,sigmoid,Cached fitted individual; sigmoid fitted to cached training OOF,sigmoid,5,0.3499999999999999,own validation,7,CV17,AFib,single variable,cardiovascular,1,0.6976584022038568,0.7038412164539668,-0.006182814250110025,0.8064721663313212,0.8014503688799464,0.005021797451374876,0.5460457640091161,0.5411080853523771,0.004937678656738997,0.12163144832469219,0.12274223856676125,0.0011107902420690596,-0.03084614553348453,0.020735596971925268,0.9912156121216377,0.9569974042375797,1.030164445215444,2000
RandomForest,individual,RandomForest,raw,Cached fitted individual; sigmoid fitted to cached training OOF,raw_fixed,6,0.5,fixed 0.5,7,CV17,AFib,single variable,cardiovascular,1,0.7417235790637324,0.7400236880466473,0.00169989101708512,0.8438883299798793,0.8390174379611,0.004870892018779327,0.6308391905099286,0.6146995376437016,0.016139652866227094,0.13488980382932303,0.13414571576080445,-0.0007440880685185836,-0.006996920080314195,0.01166058747107199,1.002297076491662,0.9904115361416717,1.0160550803443036,2000
RandomForest,individual,RandomForest,raw,Cached fitted individual; sigmoid fitted to cached training OOF,raw_threshold,6,0.5299999999999999,own validation,7,CV17,AFib,single variable,cardiovascular,1,0.7450960369852015,0.7443115979659622,0.0007844390192393025,0.8438883299798793,0.8390174379611,0.004870892018779327,0.6308391905099286,0.6146995376437016,0.016139652866227094,0.13488980382932303,0.13414571576080445,-0.0007440880685185836,-0.007996530267440276,0.011250211781580853,1.0010539121268338,0.9894777514515556,1.0154866312396438,2000
RandomForest,individual,RandomForest,sigmoid,Cached fitted individual; sigmoid fitted to cached training OOF,sigmoid,7,0.33999999999999997,own validation,7,CV17,AFib,single variable,cardiovascular,1,0.7570925553319919,0.7585708000541491,-0.0014782447221571848,0.8438883299798793,0.8390174379611,0.004870892018779327,0.6308391905099286,0.6146995376437016,0.016139652866227094,0.10663169271947372,0.10872839770038813,0.00209670498091441,-0.007872469372002555,0.004957010288099783,0.9980512765294266,0.9896541783655288,1.006599961111528,2000
AdaBoost,individual,AdaBoost,raw,Cached fitted individual; sigmoid fitted to cached training OOF,raw_fixed,8,0.5,fixed 0.5,7,CV17,AFib,single variable,cardiovascular,1,0.7019006243027696,0.7019006243027696,0.0,0.8237592219986586,0.8237592219986586,0.0,0.5763065060045852,0.5763065060045852,0.0,0.1964828308600174,0.1964828308600174,0.0,0.0,0.0,1.0,1.0,1.0,2000
AdaBoost,individual,AdaBoost,raw,Cached fitted individual; sigmoid fitted to cached training OOF,raw_threshold,8,0.5399999999999999,own validation,7,CV17,AFib,single variable,cardiovascular,1,0.7362850277514552,0.7362850277514552,0.0,0.8237592219986586,0.8237592219986586,0.0,0.5763065060045852,0.5763065060045852,0.0,0.1964828308600174,0.1964828308600174,0.0,0.0,0.0,1.0,1.0,1.0,2000
AdaBoost,individual,AdaBoost,sigmoid,Cached fitted individual; sigmoid fitted to cached training OOF,sigmoid,9,0.32999999999999996,own validation,7,CV17,AFib,single variable,cardiovascular,1,0.7337982263321459,0.7337982263321459,0.0,0.8237592219986586,0.8237592219986586,0.0,0.5763065060045852,0.5763065060045852,0.0,0.11428056911772555,0.11428056911772555,0.0,0.0,0.0,1.0,1.0,1.0,2000
MLP,individual,MLP,raw,Cached fitted individual; sigmoid fitted to cached training OOF,raw_fixed,10,0.5,fixed 0.5,7,CV17,AFib,single variable,cardiovascular,1,0.7054598979906206,0.7147091337020488,-0.009249235711428216,0.8405097250167672,0.8358903420523138,0.004619382964453411,0.6221975471780146,0.6078887340195901,0.014308813158424472,0.14837885503664802,0.1508507119503955,0.002471856913747489,-0.024317975716234765,0.006135776806104018,0.9870587414162192,0.9660909512090008,1.0088216989515366,2000
MLP,individual,MLP,raw,Cached fitted individual; sigmoid fitted to cached training OOF,raw_threshold,10,0.7499999999999999,own validation,7,CV17,AFib,single variable,cardiovascular,1,0.7453939331666495,0.7331337950556271,0.012260138111022334,0.8405097250167672,0.8358903420523138,0.004619382964453411,0.6221975471780146,0.6078887340195901,0.014308813158424472,0.14837885503664802,0.1508507119503955,0.002471856913747489,-0.008836562926519298,0.03450727429423084,1.0167229204187649,0.988057770291699,1.047974195778367,2000
MLP,individual,MLP,sigmoid,Cached fitted individual; sigmoid fitted to cached training OOF,sigmoid,11,0.41999999999999993,own validation,7,CV17,AFib,single variable,cardiovascular,1,0.7467307692307692,0.7357759897727565,0.010954779458012709,0.8405097250167672,0.8358903420523138,0.004619382964453411,0.6221975471780146,0.6078887340195901,0.014308813158424472,0.1069901165628567,0.109483069811687,0.002492953248830296,-0.009241853083984794,0.03217598057703761,1.014888742783515,0.9876593295483223,1.0444762220164963,2000
GradientBoosting,individual,GradientBoosting,raw,Cached fitted individual; sigmoid fitted to cached training OOF,raw_fixed,12,0.5,fixed 0.5,7,CV17,AFib,single variable,cardiovascular,1,0.72416251897349,0.72416251897349,0.0,0.8293678739101275,0.8291415157612341,0.00022635814889337968,0.5888579484291103,0.5873539715307933,0.0015039768983170498,0.1428185474058207,0.14239729992835234,-0.0004212474774683561,0.0,0.0,1.0,1.0,1.0,2000
GradientBoosting,individual,GradientBoosting,raw,Cached fitted individual; sigmoid fitted to cached training OOF,raw_threshold,12,0.5499999999999999,own validation,7,CV17,AFib,single variable,cardiovascular,1,0.7400236880466473,0.7435762347888333,-0.003552546742185969,0.8293678739101275,0.8291415157612341,0.00022635814889337968,0.5888579484291103,0.5873539715307933,0.0015039768983170498,0.1428185474058207,0.14239729992835234,-0.0004212474774683561,-0.007937062121413716,0.0,0.9952223503442188,0.9890424808915601,1.0,2000
GradientBoosting,individual,GradientBoosting,sigmoid,Cached fitted individual; sigmoid fitted to cached training OOF,sigmoid,13,0.29,own validation,7,CV17,AFib,single variable,cardiovascular,1,0.7378650931143138,0.7435762347888333,-0.005711141674519471,0.8293678739101275,0.8291415157612341,0.00022635814889337968,0.5888579484291103,0.5873539715307933,0.0015039768983170498,0.11236137073535046,0.11256998135362742,0.00020861061827695537,-0.012199039325505113,-0.001139009922507392,0.9923193595931137,0.9837786511940237,0.9984429019062679,2000
XGBoost,individual,XGBoost,raw,Cached fitted individual; sigmoid fitted to cached training OOF,raw_fixed,14,0.5,fixed 0.5,7,CV17,AFib,single variable,cardiovascular,1,0.7144805303793219,0.7293147681728773,-0.014834237793555416,0.8388246143527833,0.8346327967806841,0.004191817572099188,0.6062699193355928,0.5985838240900405,0.007686095245552305,0.2018152974883635,0.20072756646777817,-0.0010877310205853197,-0.025843630648559504,-0.003979631207957097,0.9796600337180624,0.9647118264558258,0.9944585715804686,2000
XGBoost,individual,XGBoost,raw,Cached fitted individual; sigmoid fitted to cached training OOF,raw_threshold,14,0.5299999999999999,own validation,7,CV17,AFib,single variable,cardiovascular,1,0.7592721834496511,0.7535680445026895,0.0057041389469615345,0.8388246143527833,0.8346327967806841,0.004191817572099188,0.6062699193355928,0.5985838240900405,0.007686095245552305,0.2018152974883635,0.20072756646777817,-0.0010877310205853197,-0.0037997396771645153,0.017034304028180576,1.0075695074765623,0.9948842388547283,1.0230165599084355,2000
XGBoost,individual,XGBoost,sigmoid,Cached fitted individual; sigmoid fitted to cached training OOF,sigmoid,15,0.31999999999999995,own validation,7,CV17,AFib,single variable,cardiovascular,1,0.7486119537164402,0.7502133712660028,-0.001601417549562667,0.8388246143527833,0.8346327967806841,0.004191817572099188,0.6062699193355928,0.5985838240900405,0.007686095245552305,0.10890968022913168,0.11020161264806222,0.0012919324189305387,-0.00909076999688171,0.007310128789783269,0.9978653838882394,0.9879907559283205,1.0098720944016988,2000
paper,voting,"LogisticRegression,RandomForest,AdaBoost",raw,models/predictive_sensitivity/h7_CV17_paper.joblib,raw_fixed,16,0.5,fixed 0.5,7,CV17,AFib,single variable,cardiovascular,1,0.719064834047819,0.7324806773170542,-0.013415843269235284,0.8440727699530517,0.8397048960429242,0.0043678739101274955,0.617963404042573,0.604785708898847,0.01317769514372602,0.15810708391593867,0.15813063277844258,2.3548862503913748e-05,-0.02495594997419128,-0.0022613037048821653,0.9816843724555642,0.9663176182056384,0.996973537796,2000
paper,voting,"LogisticRegression,RandomForest,AdaBoost",raw,models/predictive_sensitivity/h7_CV17_paper.joblib,raw_threshold,16,0.43999999999999995,saved voting threshold (also applied to raw),7,CV17,AFib,single variable,cardiovascular,1,0.6748584161766302,0.6770913132228074,-0.002232897046177129,0.8440727699530517,0.8397048960429242,0.0043678739101274955,0.617963404042573,0.604785708898847,0.01317769514372602,0.15810708391593867,0.15813063277844258,2.3548862503913748e-05,-0.011391280434313325,0.006838907564637703,0.9967022216906771,0.9833983512161166,1.0101645626679259,2000
paper,voting,"LogisticRegression,RandomForest,AdaBoost",sigmoid,models/predictive_sensitivity/h7_CV17_paper.joblib,sigmoid,17,0.43999999999999995,saved voting threshold (also applied to raw),7,CV17,AFib,single variable,cardiovascular,1,0.7384422316831452,0.7243328100470958,0.014109421636049335,0.8440727699530517,0.8397048960429242,0.0043678739101274955,0.617963404042573,0.604785708898847,0.01317769514372602,0.10768249189922874,0.10940167947466142,0.0017191875754326846,-0.002670414584852293,0.03230935694493093,1.0194791971871768,0.9964299545774941,1.0451738578284213,2000
own,stacking,"KNeighbors,RandomForest,AdaBoost,MLP",raw,models/stacking_sensitivity/h7_CV17_own.joblib,raw_fixed,18,0.5,fixed 0.5,7,CV17,AFib,single variable,cardiovascular,1,0.7298364878886543,0.7136612766620263,0.016175211226628017,0.8426391683433937,0.8390845070422536,0.0035546613011401273,0.6237599106106847,0.6141838254134362,0.009576085197248507,0.10654148968679936,0.10824095982621633,0.0016994701394169726,0.0005098295886702494,0.033709116998156,1.022665109843543,1.0007045386116118,1.0484705088826567,2000
own,stacking,"KNeighbors,RandomForest,AdaBoost,MLP",raw,models/stacking_sensitivity/h7_CV17_own.joblib,raw_threshold,18,0.48999999999999994,saved stacking threshold,7,CV17,AFib,single variable,cardiovascular,1,0.7271888482766964,0.7240841627504744,0.0031046855262220063,0.8426391683433937,0.8390845070422536,0.0035546613011401273,0.6237599106106847,0.6141838254134362,0.009576085197248507,0.10654148968679936,0.10824095982621633,0.0016994701394169726,-0.014857933418361755,0.022404413517381164,1.0042877412405053,0.9795905180695474,1.0319919927141556,2000
own,stacking,"KNeighbors,RandomForest,AdaBoost,MLP",sigmoid,models/stacking_sensitivity/h7_CV17_own.joblib,sigmoid,19,0.48999999999999994,saved stacking threshold,7,CV17,AFib,single variable,cardiovascular,1,0.7298364878886543,0.7153213317847464,0.014515156103907856,0.8426391683433937,0.8390845070422536,0.0035546613011401273,0.6237599106106847,0.6141838254134362,0.009576085197248507,0.10671044744873101,0.10836736616434614,0.00165691871561513,-0.0016878730355336046,0.033112406474259816,1.0202917981876651,0.9976353532188121,1.0472126790653868,2000
own,stacking,"KNeighbors,RandomForest,AdaBoost,MLP",isotonic,models/stacking_sensitivity/h7_CV17_own.joblib,isotonic,20,0.42999999999999994,saved stacking threshold,7,CV17,AFib,single variable,cardiovascular,1,0.7412137884572199,0.7298364878886543,0.011377300568565563,0.8405139168343394,0.8375209590878605,0.002992957746478897,0.5809162096170836,0.5721799802551636,0.008736229361919978,0.10909709189362679,0.11031049553361011,0.0012134036399833181,-0.002554103497140414,0.02729026524956781,1.015588834975186,0.9965173269940399,1.0383228543267018,2000
paper,stacking,"LogisticRegression,RandomForest,AdaBoost",raw,models/stacking_sensitivity/h7_CV17_paper.joblib,raw_fixed,21,0.5,fixed 0.5,7,CV17,AFib,single variable,cardiovascular,1,0.7075843972346976,0.706275483382508,0.0013089138521895638,0.8422199865861838,0.8375083836351442,0.004711602951039562,0.6034110778583436,0.5925143614814871,0.010896716376856519,0.1090676171732286,0.11048369390864626,0.0014160767354176595,-0.01887148453079397,0.021084538245394923,1.0018532624775829,0.9730528781737301,1.0303732527704643,2000
paper,stacking,"LogisticRegression,RandomForest,AdaBoost",raw,models/stacking_sensitivity/h7_CV17_paper.joblib,raw_threshold,21,0.4799999999999999,saved stacking threshold,7,CV17,AFib,single variable,cardiovascular,1,0.7350298381051587,0.7102652757666204,0.0247645623385383,0.8422199865861838,0.8375083836351442,0.004711602951039562,0.6034110778583436,0.5925143614814871,0.010896716376856519,0.1090676171732286,0.11048369390864626,0.0014160767354176595,0.007755548038491988,0.042869359201485956,1.0348666381188476,1.0108157699525109,1.0627966607594102,2000
paper,stacking,"LogisticRegression,RandomForest,AdaBoost",sigmoid,models/stacking_sensitivity/h7_CV17_paper.joblib,sigmoid,22,0.4699999999999999,saved stacking threshold,7,CV17,AFib,single variable,cardiovascular,1,0.7350298381051587,0.7072314064896668,0.027798431615491892,0.8422199865861838,0.8375083836351442,0.004711602951039562,0.6034110778583436,0.5925143614814871,0.010896716376856519,0.10912011138240431,0.11056569187079364,0.0014455804883893308,0.01166556042519551,0.04597034556195976,1.0393059914483564,1.016512002169842,1.0662895143415507,2000
paper,stacking,"LogisticRegression,RandomForest,AdaBoost",isotonic,models/stacking_sensitivity/h7_CV17_paper.joblib,isotonic,23,0.42999999999999994,saved stacking threshold,7,CV17,AFib,single variable,cardiovascular,1,0.7137798908682395,0.706275483382508,0.007504407485731446,0.8405809859154929,0.8337650905432595,0.0068158953722333715,0.5821091827434924,0.567062836401587,0.015046346341905492,0.10980365067439943,0.1117095511500288,0.0019059004756293713,-0.011936000997034306,0.0269684482987695,1.0106253263242144,0.9830773316450417,1.039185113376966,2000
LogisticRegression,individual,LogisticRegression,raw,Cached fitted individual; sigmoid fitted to cached training OOF,raw_fixed,0,0.5,fixed 0.5,7,CV17,LVEF,single variable,cardiovascular,1,0.6978542510121457,0.685804011109191,0.012050239902954729,0.8400570087189806,0.8140509725016767,0.026006036217303907,0.5851106263451289,0.549699915782849,0.035410710562279846,0.16278896131831536,0.16806223615376822,0.005273274835452868,-0.0146374582948269,0.03919398146912814,1.0175709673722455,0.9792389042823477,1.0589189488302164,2000
LogisticRegression,individual,LogisticRegression,raw,Cached fitted individual; sigmoid fitted to cached training OOF,raw_threshold,0,0.61,own validation,7,CV17,LVEF,single variable,cardiovascular,1,0.7397061730021741,0.7140251449416977,0.025681028060476452,0.8400570087189806,0.8140509725016767,0.026006036217303907,0.5851106263451289,0.549699915782849,0.035410710562279846,0.16278896131831536,0.16806223615376822,0.005273274835452868,-0.008035623778509634,0.0602436740238036,1.035966559780711,0.989032900112596,1.0864466682692007,2000
LogisticRegression,individual,LogisticRegression,sigmoid,Cached fitted individual; sigmoid fitted to cached training OOF,sigmoid,1,0.32999999999999996,own validation,7,CV17,LVEF,single variable,cardiovascular,1,0.7398703065405897,0.7092605207387224,0.03060978580186735,0.8400570087189806,0.8140509725016767,0.026006036217303907,0.5851106263451289,0.549699915782849,0.035410710562279846,0.11154514911142789,0.11990125752583339,0.008356108414405497,-0.004429743325311319,0.06514483390860724,1.0431573235882157,0.9939430209062498,1.0949101715258471,2000
SVC,individual,SVC,raw,Cached fitted individual; sigmoid fitted to cached training OOF,raw_fixed,2,0.5,fixed 0.5,7,CV17,LVEF,single variable,cardiovascular,1,0.7061175251250945,0.6854583943983065,0.020659130726788044,0.8287474849094567,0.805617035546613,0.023130449362843697,0.5532025204646347,0.5151934774027521,0.038009043061882575,0.16366850142026806,0.1636789043638183,1.0402943550230637e-05,-0.00033149437018389617,0.043558459729833,1.0301391461474807,0.9995461789396204,1.066001717124491,2000
SVC,individual,SVC,raw,Cached fitted individual; sigmoid fitted to cached training OOF,raw_threshold,2,0.7699999999999999,own validation,7,CV17,LVEF,single variable,cardiovascular,1,0.7059667789344763,0.6339977898079371,0.07196898912653926,0.8287474849094567,0.805617035546613,0.023130449362843697,0.5532025204646347,0.5151934774027521,0.038009043061882575,0.16366850142026806,0.1636789043638183,1.0402943550230637e-05,0.03254592559607575,0.11103067626434637,1.113516151449584,1.0487233101757505,1.1833091985485826,2000
SVC,individual,SVC,sigmoid,Cached fitted individual; sigmoid fitted to cached training OOF,sigmoid,3,0.42999999999999994,own validation,7,CV17,LVEF,single variable,cardiovascular,1,0.7059667789344763,0.6339977898079371,0.07196898912653926,0.8287474849094567,0.805617035546613,0.023130449362843697,0.5532025204646347,0.5151934774027521,0.038009043061882575,0.11597550866454256,0.12277845250104871,0.006802943836506148,0.03254592559607575,0.11103067626434637,1.113516151449584,1.0487233101757505,1.1833091985485826,2000
KNeighbors,individual,KNeighbors,raw,Cached fitted individual; sigmoid fitted to cached training OOF,raw_fixed,4,0.5,fixed 0.5,7,CV17,LVEF,single variable,cardiovascular,1,0.6881554279688324,0.6677398313996717,0.0204155965691607,0.8064721663313212,0.7751844399731723,0.031287726358148915,0.5460457640091161,0.4603791251928372,0.0856666388162789,0.15337400188564979,0.1581695195240958,0.004795517638446017,-0.006411485317119017,0.04844331838562363,1.0305741781591296,0.990550631071076,1.0742507544451056,2000
KNeighbors,individual,KNeighbors,raw,Cached fitted individual; sigmoid fitted to cached training OOF,raw_threshold,4,0.6699999999999999,own validation,7,CV17,LVEF,single variable,cardiovascular,1,0.6972794008516857,0.6466800804828974,0.050599320368788336,0.8064721663313212,0.7751844399731723,0.031287726358148915,0.5460457640091161,0.4603791251928372,0.0856666388162789,0.15337400188564979,0.1581695195240958,0.004795517638446017,0.020942396631608316,0.08376137150025814,1.078244748672333,1.0310963055895892,1.132993617895161,2000
KNeighbors,individual,KNeighbors,sigmoid,Cached fitted individual; sigmoid fitted to cached training OOF,sigmoid,5,0.3499999999999999,own validation,7,CV17,LVEF,single variable,cardiovascular,1,0.6976584022038568,0.6521324827475525,0.04552591945630424,0.8064721663313212,0.7751844399731723,0.031287726358148915,0.5460457640091161,0.4603791251928372,0.0856666388162789,0.12163144832469219,0.13080295843023138,0.009171510105539182,0.015978649998984455,0.07874735621469589,1.0698108446683952,1.0241044003696247,1.124512942635366,2000
RandomForest,individual,RandomForest,raw,Cached fitted individual; sigmoid fitted to cached training OOF,raw_fixed,6,0.5,fixed 0.5,7,CV17,LVEF,single variable,cardiovascular,1,0.7417235790637324,0.7181232446053479,0.023600334458384498,0.8438883299798793,0.8070715962441315,0.036816733735747786,0.6308391905099286,0.5619847355280192,0.06885445498190945,0.13488980382932303,0.14413780005369786,0.009247996224374833,-0.0034445204837120985,0.053830368244234345,1.032863905514372,0.9953388654809666,1.0767046555301445,2000
RandomForest,individual,RandomForest,raw,Cached fitted individual; sigmoid fitted to cached training OOF,raw_threshold,6,0.5299999999999999,own validation,7,CV17,LVEF,single variable,cardiovascular,1,0.7450960369852015,0.7209111655263578,0.024184871458843737,0.8438883299798793,0.8070715962441315,0.036816733735747786,0.6308391905099286,0.5619847355280192,0.06885445498190945,0.13488980382932303,0.14413780005369786,0.009247996224374833,-0.00648639813814586,0.05646101560378258,1.0335476444468517,0.991143886186069,1.0812380422526806,2000
RandomForest,individual,RandomForest,sigmoid,Cached fitted individual; sigmoid fitted to cached training OOF,sigmoid,7,0.33999999999999997,own validation,7,CV17,LVEF,single variable,cardiovascular,1,0.7570925553319919,0.7079981036080978,0.04909445172389415,0.8438883299798793,0.8070715962441315,0.036816733735747786,0.6308391905099286,0.5619847355280192,0.06885445498190945,0.10663169271947372,0.1193962769814503,0.012764584261976589,0.014239107351466506,0.08573874673786426,1.0693426316733041,1.0194741813892194,1.1245575501317338,2000
AdaBoost,individual,AdaBoost,raw,Cached fitted individual; sigmoid fitted to cached training OOF,raw_fixed,8,0.5,fixed 0.5,7,CV17,LVEF,single variable,cardiovascular,1,0.7019006243027696,0.6522999786496966,0.04960064565307298,0.8237592219986586,0.7734825620389001,0.050276659959758496,0.5763065060045852,0.5066224732388652,0.06968403276572,0.1964828308600174,0.2113080500047713,0.014825219144753904,0.019415882692229616,0.08021871596081459,1.0760396248298973,1.0291087564138055,1.1252228985147295,2000
AdaBoost,individual,AdaBoost,raw,Cached fitted individual; sigmoid fitted to cached training OOF,raw_threshold,8,0.5399999999999999,own validation,7,CV17,LVEF,single variable,cardiovascular,1,0.7362850277514552,0.6748631366416409,0.06142189110981433,0.8237592219986586,0.7734825620389001,0.050276659959758496,0.5763065060045852,0.5066224732388652,0.06968403276572,0.1964828308600174,0.2113080500047713,0.014825219144753904,0.019161378394838762,0.10460186031250991,1.0910138482529532,1.0271727656328826,1.1610346865173302,2000
AdaBoost,individual,AdaBoost,sigmoid,Cached fitted individual; sigmoid fitted to cached training OOF,sigmoid,9,0.32999999999999996,own validation,7,CV17,LVEF,single variable,cardiovascular,1,0.7337982263321459,0.6789985190670123,0.05479970726513361,0.8237592219986586,0.7734825620389001,0.050276659959758496,0.5763065060045852,0.5066224732388652,0.06968403276572,0.11428056911772555,0.12688945389649006,0.012608884778764512,0.013736358940393522,0.09777120417001606,1.0807066668428555,1.0197078459789768,1.1497742472645927,2000
MLP,individual,MLP,raw,Cached fitted individual; sigmoid fitted to cached training OOF,raw_fixed,10,0.5,fixed 0.5,7,CV17,LVEF,single variable,cardiovascular,1,0.7054598979906206,0.6987329519186315,0.006726946071989093,0.8405097250167672,0.8088279678068411,0.031681757209926165,0.6221975471780146,0.5666090311076039,0.05558851607041071,0.14837885503664802,0.14816833882283692,-0.00021051621381110164,-0.016611242909542332,0.03139129973189604,1.0096273491231775,0.9764515879739432,1.0459187913699473,2000
MLP,individual,MLP,raw,Cached fitted individual; sigmoid fitted to cached training OOF,raw_threshold,10,0.7499999999999999,own validation,7,CV17,LVEF,single variable,cardiovascular,1,0.7453939331666495,0.7027604166666667,0.042633516499982815,0.8405097250167672,0.8088279678068411,0.031681757209926165,0.6221975471780146,0.5666090311076039,0.05558851607041071,0.14837885503664802,0.14816833882283692,-0.00021051621381110164,0.011005610962189919,0.07584598674358402,1.0606657909137827,1.0150418622980455,1.1122252074317405,2000
MLP,individual,MLP,sigmoid,Cached fitted individual; sigmoid fitted to cached training OOF,sigmoid,11,0.41999999999999993,own validation,7,CV17,LVEF,single variable,cardiovascular,1,0.7467307692307692,0.6994996799519275,0.047231089278841676,0.8405097250167672,0.8088279678068411,0.031681757209926165,0.6221975471780146,0.5666090311076039,0.05558851607041071,0.1069901165628567,0.11744959878606495,0.01045948222320825,0.015368366408854157,0.08018491512432928,1.0675212450162774,1.02141912478169,1.1194840733587281,2000
GradientBoosting,individual,GradientBoosting,raw,Cached fitted individual; sigmoid fitted to cached training OOF,raw_fixed,12,0.5,fixed 0.5,7,CV17,LVEF,single variable,cardiovascular,1,0.72416251897349,0.6426524553834704,0.08151006359001967,0.8293678739101275,0.7700285043594903,0.05933936955063712,0.5888579484291103,0.49813588369280126,0.09072206473630906,0.1428185474058207,0.1809449815017052,0.03812643409588451,0.04942557944244817,0.1132887404733712,1.1268338164854326,1.0739438966126185,1.181347781794031,2000
GradientBoosting,individual,GradientBoosting,raw,Cached fitted individual; sigmoid fitted to cached training OOF,raw_threshold,12,0.5499999999999999,own validation,7,CV17,LVEF,single variable,cardiovascular,1,0.7400236880466473,0.6615610635945773,0.07846262445206997,0.8293678739101275,0.7700285043594903,0.05933936955063712,0.5888579484291103,0.49813588369280126,0.09072206473630906,0.1428185474058207,0.1809449815017052,0.03812643409588451,0.04470187724418312,0.11419431784357584,1.1186022406242366,1.065652293179404,1.1775032389278344,2000
GradientBoosting,individual,GradientBoosting,sigmoid,Cached fitted individual; sigmoid fitted to cached training OOF,sigmoid,13,0.29,own validation,7,CV17,LVEF,single variable,cardiovascular,1,0.7378650931143138,0.6625801622095173,0.07528493090479649,0.8293678739101275,0.7700285043594903,0.05933936955063712,0.5888579484291103,0.49813588369280126,0.09072206473630906,0.11236137073535046,0.12807146430549907,0.015710093570148603,0.04131578620328495,0.1104837978843716,1.113623883114373,1.0603910011223234,1.171245009394947,2000
XGBoost,individual,XGBoost,raw,Cached fitted individual; sigmoid fitted to cached training OOF,raw_fixed,14,0.5,fixed 0.5,7,CV17,LVEF,single variable,cardiovascular,1,0.7144805303793219,0.6870326146981307,0.027447915681191204,0.8388246143527833,0.7931296109993293,0.045695003353454,0.6062699193355928,0.5251891135009751,0.08108080583461774,0.2018152974883635,0.21458579174106238,0.012770494252698883,0.0006554342865703278,0.056183840829671844,1.039951401278455,1.0009373022687769,1.08428338040104,2000
XGBoost,individual,XGBoost,raw,Cached fitted individual; sigmoid fitted to cached training OOF,raw_threshold,14,0.5299999999999999,own validation,7,CV17,LVEF,single variable,cardiovascular,1,0.7592721834496511,0.6842422765925359,0.07502990685711519,0.8388246143527833,0.7931296109993293,0.045695003353454,0.6062699193355928,0.5251891135009751,0.08108080583461774,0.2018152974883635,0.21458579174106238,0.012770494252698883,0.03983013757715865,0.11420121970627044,1.1096540062253348,1.0575902763862874,1.1734068133149869,2000
XGBoost,individual,XGBoost,sigmoid,Cached fitted individual; sigmoid fitted to cached training OOF,sigmoid,15,0.31999999999999995,own validation,7,CV17,LVEF,single variable,cardiovascular,1,0.7486119537164402,0.6983919508964933,0.050220002819946874,0.8388246143527833,0.7931296109993293,0.045695003353454,0.6062699193355928,0.5251891135009751,0.08108080583461774,0.10890968022913168,0.12320519521964332,0.01429551499051164,0.018301083079609336,0.08326417717982261,1.0719080492773174,1.0257001132376657,1.1232964313810199,2000
paper,voting,"LogisticRegression,RandomForest,AdaBoost",raw,models/predictive_sensitivity/h7_CV17_paper.joblib,raw_fixed,16,0.5,fixed 0.5,7,CV17,LVEF,single variable,cardiovascular,1,0.719064834047819,0.7011488200570555,0.01791601399076348,0.8440727699530517,0.81182092555332,0.03225184439973172,0.617963404042573,0.5719502984300333,0.046013105612539684,0.15810708391593867,0.1684844171755967,0.010377333259658034,-0.011260820617427409,0.04840932796446165,1.0255523698796292,0.984314378332671,1.070110736636358,2000
paper,voting,"LogisticRegression,RandomForest,AdaBoost",raw,models/predictive_sensitivity/h7_CV17_paper.joblib,raw_threshold,16,0.43999999999999995,saved voting threshold (also applied to raw),7,CV17,LVEF,single variable,cardiovascular,1,0.6748584161766302,0.6654534207635637,0.009404995413066497,0.8440727699530517,0.81182092555332,0.03225184439973172,0.617963404042573,0.5719502984300333,0.046013105612539684,0.15810708391593867,0.1684844171755967,0.010377333259658034,-0.015397329752786211,0.03360496803020894,1.014133213715056,0.9775090905261765,1.0512405274729737,2000
paper,voting,"LogisticRegression,RandomForest,AdaBoost",sigmoid,models/predictive_sensitivity/h7_CV17_paper.joblib,sigmoid,17,0.43999999999999995,saved voting threshold (also applied to raw),7,CV17,LVEF,single variable,cardiovascular,1,0.7384422316831452,0.6585476179312285,0.07989461375191664,0.8440727699530517,0.81182092555332,0.03225184439973172,0.617963404042573,0.5719502984300333,0.046013105612539684,0.10768249189922874,0.1182941094223412,0.01061161752311246,0.03467239774840039,0.12578513953485101,1.1213194180291757,1.050985834903421,1.2001927226064955,2000
own,stacking,"KNeighbors,RandomForest,AdaBoost,MLP",raw,models/stacking_sensitivity/h7_CV17_own.joblib,raw_fixed,18,0.5,fixed 0.5,7,CV17,LVEF,single variable,cardiovascular,1,0.7298364878886543,0.656083120337937,0.07375336755071726,0.8426391683433937,0.8063464118041583,0.03629275653923536,0.6237599106106847,0.5713848678834038,0.052375042727280885,0.10654148968679936,0.11741879162568096,0.010877301938881603,0.03100803800635752,0.11885205983794443,1.112414670130102,1.0458100879335843,1.1898322522959106,2000
own,stacking,"KNeighbors,RandomForest,AdaBoost,MLP",raw,models/stacking_sensitivity/h7_CV17_own.joblib,raw_threshold,18,0.48999999999999994,saved stacking threshold,7,CV17,LVEF,single variable,cardiovascular,1,0.7271888482766964,0.6561195323372305,0.07106931593946586,0.8426391683433937,0.8063464118041583,0.03629275653923536,0.6237599106106847,0.5713848678834038,0.052375042727280885,0.10654148968679936,0.11741879162568096,0.010877301938881603,0.027386657195400673,0.11519612498842038,1.1083176348771429,1.0400669392732114,1.1859316193598417,2000
own,stacking,"KNeighbors,RandomForest,AdaBoost,MLP",sigmoid,models/stacking_sensitivity/h7_CV17_own.joblib,sigmoid,19,0.48999999999999994,saved stacking threshold,7,CV17,LVEF,single variable,cardiovascular,1,0.7298364878886543,0.6548625852173815,0.0749739026712728,0.8426391683433937,0.8063464118041583,0.03629275653923536,0.6237599106106847,0.5713848678834038,0.052375042727280885,0.10671044744873101,0.11764616266219749,0.01093571521346648,0.031734348808255444,0.12044401788462458,1.1144879923875712,1.0475547540557077,1.192418794308294,2000
own,stacking,"KNeighbors,RandomForest,AdaBoost,MLP",isotonic,models/stacking_sensitivity/h7_CV17_own.joblib,isotonic,20,0.42999999999999994,saved stacking threshold,7,CV17,LVEF,single variable,cardiovascular,1,0.7412137884572199,0.6728327063936963,0.06838108206352356,0.8405139168343394,0.8034875922199866,0.037026324614352846,0.5809162096170836,0.5432729886921642,0.03764322092491934,0.10909709189362679,0.11865092942171193,0.00955383752808514,0.024407261471476524,0.11249519724276218,1.101631626128935,1.0356017424138575,1.1752481167497064,2000
paper,stacking,"LogisticRegression,RandomForest,AdaBoost",raw,models/stacking_sensitivity/h7_CV17_paper.joblib,raw_fixed,21,0.5,fixed 0.5,7,CV17,LVEF,single variable,cardiovascular,1,0.7075843972346976,0.6093554593554593,0.09822893787923825,0.8422199865861838,0.8115023474178403,0.03071763916834347,0.6034110778583436,0.5621067740840588,0.041304303774284734,0.1090676171732286,0.11832961017950397,0.009261993006275365,0.04906612833058037,0.14637806695608283,1.1612013749464707,1.0775221829483206,1.2517285311896837,2000
paper,stacking,"LogisticRegression,RandomForest,AdaBoost",raw,models/stacking_sensitivity/h7_CV17_paper.joblib,raw_threshold,21,0.4799999999999999,saved stacking threshold,7,CV17,LVEF,single variable,cardiovascular,1,0.7350298381051587,0.6304231076275492,0.10460673047760949,0.8422199865861838,0.8115023474178403,0.03071763916834347,0.6034110778583436,0.5621067740840588,0.041304303774284734,0.1090676171732286,0.11832961017950397,0.009261993006275365,0.05859055997602035,0.15027318798634998,1.1659309901746346,1.088534001546504,1.2501834882954188,2000
paper,stacking,"LogisticRegression,RandomForest,AdaBoost",sigmoid,models/stacking_sensitivity/h7_CV17_paper.joblib,sigmoid,22,0.4699999999999999,saved stacking threshold,7,CV17,LVEF,single variable,cardiovascular,1,0.7350298381051587,0.62645701230884,0.10857282579631866,0.8422199865861838,0.8115023474178403,0.03071763916834347,0.6034110778583436,0.5621067740840588,0.041304303774284734,0.10912011138240431,0.11877895058905003,0.009658839206645717,0.06196458338361378,0.15376384106266483,1.173312491780031,1.0944977709753523,1.2576466828413941,2000
paper,stacking,"LogisticRegression,RandomForest,AdaBoost",isotonic,models/stacking_sensitivity/h7_CV17_paper.joblib,isotonic,23,0.42999999999999994,saved stacking threshold,7,CV17,LVEF,single variable,cardiovascular,1,0.7137798908682395,0.6093554593554593,0.10442443151278014,0.8405809859154929,0.809502850435949,0.031078135479543856,0.5821091827434924,0.5340425945418199,0.04806658820167253,0.10980365067439943,0.12009098359047485,0.01028733291607542,0.05536838927057529,0.15204398405630584,1.1713686648893475,1.0869494055538764,1.2624226778102825,2000
LogisticRegression,individual,LogisticRegression,raw,Cached fitted individual; sigmoid fitted to cached training OOF,raw_fixed,0,0.5,fixed 0.5,7,CV17,"cluster 1: Angina, Angiography, Vessels, Ischemia, Dyslipidemia, AFib",cluster,cardiovascular,6,0.6978542510121457,0.7051102003880725,-0.0072559493759267735,0.8400570087189806,0.8282863849765258,0.011770623742454744,0.5851106263451289,0.5604045188300365,0.02470610751509239,0.16278896131831536,0.16702404021991374,0.0042350789015983825,-0.029908268491824406,0.013478121432981282,0.9897094817633707,0.9581843221191881,1.0190239197102773,2000
LogisticRegression,individual,LogisticRegression,raw,Cached fitted individual; sigmoid fitted to cached training OOF,raw_threshold,0,0.61,own validation,7,CV17,"cluster 1: Angina, Angiography, Vessels, Ischemia, Dyslipidemia, AFib",cluster,cardiovascular,6,0.7397061730021741,0.7067158931082982,0.03299027989387593,0.8400570087189806,0.8282863849765258,0.011770623742454744,0.5851106263451289,0.5604045188300365,0.02470610751509239,0.16278896131831536,0.16702404021991374,0.0042350789015983825,0.005812098723466494,0.06128731419457707,1.0466811065317594,1.0080250514958196,1.0883132686461552,2000
LogisticRegression,individual,LogisticRegression,sigmoid,Cached fitted individual; sigmoid fitted to cached training OOF,sigmoid,1,0.32999999999999996,own validation,7,CV17,"cluster 1: Angina, Angiography, Vessels, Ischemia, Dyslipidemia, AFib",cluster,cardiovascular,6,0.7398703065405897,0.7140320349796994,0.025838271560890358,0.8400570087189806,0.8282863849765258,0.011770623742454744,0.5851106263451289,0.5604045188300365,0.02470610751509239,0.11154514911142789,0.116808607708393,0.005263458596965115,-0.0021132240532318715,0.053940948894199335,1.036186431833727,0.9970952987477192,1.0776420438472887,2000
SVC,individual,SVC,raw,Cached fitted individual; sigmoid fitted to cached training OOF,raw_fixed,2,0.5,fixed 0.5,7,CV17,"cluster 1: Angina, Angiography, Vessels, Ischemia, Dyslipidemia, AFib",cluster,cardiovascular,6,0.7061175251250945,0.7082466481738326,-0.002129123048738135,0.8287474849094567,0.8157612340710932,0.012986250838363467,0.5532025204646347,0.5211678488492837,0.03203467161535101,0.16366850142026806,0.15816119313436544,-0.0055073082859026234,-0.02775698746278222,0.023160339981540188,0.9969938113308013,0.9615628706612122,1.0338040018344279,2000
SVC,individual,SVC,raw,Cached fitted individual; sigmoid fitted to cached training OOF,raw_threshold,2,0.7699999999999999,own validation,7,CV17,"cluster 1: Angina, Angiography, Vessels, Ischemia, Dyslipidemia, AFib",cluster,cardiovascular,6,0.7059667789344763,0.6456049927034495,0.06036178623102684,0.8287474849094567,0.8157612340710932,0.012986250838363467,0.5532025204646347,0.5211678488492837,0.03203467161535101,0.16366850142026806,0.15816119313436544,-0.0055073082859026234,0.030449743268863877,0.09265817283624814,1.0934964675199674,1.0462767329249818,1.1490033145382097,2000
SVC,individual,SVC,sigmoid,Cached fitted individual; sigmoid fitted to cached training OOF,sigmoid,3,0.42999999999999994,own validation,7,CV17,"cluster 1: Angina, Angiography, Vessels, Ischemia, Dyslipidemia, AFib",cluster,cardiovascular,6,0.7059667789344763,0.6456049927034495,0.06036178623102684,0.8287474849094567,0.8157612340710932,0.012986250838363467,0.5532025204646347,0.5211678488492837,0.03203467161535101,0.11597550866454256,0.12301299967306271,0.00703749100852015,0.030449743268863877,0.09265817283624814,1.0934964675199674,1.0462767329249818,1.1490033145382097,2000
KNeighbors,individual,KNeighbors,raw,Cached fitted individual; sigmoid fitted to cached training OOF,raw_fixed,4,0.5,fixed 0.5,7,CV17,"cluster 1: Angina, Angiography, Vessels, Ischemia, Dyslipidemia, AFib",cluster,cardiovascular,6,0.6881554279688324,0.666438720461971,0.0217167075068615,0.8064721663313212,0.7620053655264923,0.0444668008048289,0.5460457640091161,0.46076657727098097,0.08527918673813512,0.15337400188564979,0.14813638184320974,-0.00523762004244005,-0.012614912363508863,0.05516175952541384,1.0325862031122797,0.9817513520333717,1.0852138867965528,2000
KNeighbors,individual,KNeighbors,raw,Cached fitted individual; sigmoid fitted to cached training OOF,raw_threshold,4,0.6699999999999999,own validation,7,CV17,"cluster 1: Angina, Angiography, Vessels, Ischemia, Dyslipidemia, AFib",cluster,cardiovascular,6,0.6972794008516857,0.6196735689227346,0.0776058319289511,0.8064721663313212,0.7620053655264923,0.0444668008048289,0.5460457640091161,0.46076657727098097,0.08527918673813512,0.15337400188564979,0.14813638184320974,-0.00523762004244005,0.04108538419643663,0.11739970931820554,1.1252366339649829,1.0636704482449504,1.1971360768985457,2000
KNeighbors,individual,KNeighbors,sigmoid,Cached fitted individual; sigmoid fitted to cached training OOF,sigmoid,5,0.3499999999999999,own validation,7,CV17,"cluster 1: Angina, Angiography, Vessels, Ischemia, Dyslipidemia, AFib",cluster,cardiovascular,6,0.6976584022038568,0.6211459808606108,0.07651242134324598,0.8064721663313212,0.7620053655264923,0.0444668008048289,0.5460457640091161,0.46076657727098097,0.08527918673813512,0.12163144832469219,0.1321157040335604,0.010484255708868212,0.03755503244609849,0.11494250138052972,1.1231794516922358,1.0588849082321545,1.194060098027274,2000
RandomForest,individual,RandomForest,raw,Cached fitted individual; sigmoid fitted to cached training OOF,raw_fixed,6,0.5,fixed 0.5,7,CV17,"cluster 1: Angina, Angiography, Vessels, Ischemia, Dyslipidemia, AFib",cluster,cardiovascular,6,0.7417235790637324,0.7262592055044885,0.015464373559243905,0.8438883299798793,0.8268947015425888,0.016993628437290464,0.6308391905099286,0.5558175632829515,0.07502162722697714,0.13488980382932303,0.13156405859241604,-0.003325745236906985,-0.012871276228295822,0.04512154100741748,1.021293187669135,0.9824277160479882,1.0633762356918985,2000
RandomForest,individual,RandomForest,raw,Cached fitted individual; sigmoid fitted to cached training OOF,raw_threshold,6,0.5299999999999999,own validation,7,CV17,"cluster 1: Angina, Angiography, Vessels, Ischemia, Dyslipidemia, AFib",cluster,cardiovascular,6,0.7450960369852015,0.6968002573418105,0.048295779643391046,0.8438883299798793,0.8268947015425888,0.016993628437290464,0.6308391905099286,0.5558175632829515,0.07502162722697714,0.13488980382932303,0.13156405859241604,-0.003325745236906985,0.015318716759534117,0.0834033608623301,1.069310794785915,1.0214987037802667,1.1232786789056737,2000
RandomForest,individual,RandomForest,sigmoid,Cached fitted individual; sigmoid fitted to cached training OOF,sigmoid,7,0.33999999999999997,own validation,7,CV17,"cluster 1: Angina, Angiography, Vessels, Ischemia, Dyslipidemia, AFib",cluster,cardiovascular,6,0.7570925553319919,0.6892475401713032,0.06784501516068875,0.8438883299798793,0.8268947015425888,0.016993628437290464,0.6308391905099286,0.5558175632829515,0.07502162722697714,0.10663169271947372,0.1180804562824647,0.011448763562990988,0.033971277754737156,0.10190227791044684,1.0984334527241502,1.0473494585084329,1.1539674751049902,2000
AdaBoost,individual,AdaBoost,raw,Cached fitted individual; sigmoid fitted to cached training OOF,raw_fixed,8,0.5,fixed 0.5,7,CV17,"cluster 1: Angina, Angiography, Vessels, Ischemia, Dyslipidemia, AFib",cluster,cardiovascular,6,0.7019006243027696,0.7204479698769328,-0.018547345574163265,0.8237592219986586,0.8232520120724346,0.0005072099262239949,0.5763065060045852,0.5754565890400066,0.0008499169645785898,0.1964828308600174,0.18987158054852518,-0.006611250311492206,-0.04520216745253131,0.008168090846992725,0.9742558153403756,0.9388374276586405,1.0120467930082508,2000
AdaBoost,individual,AdaBoost,raw,Cached fitted individual; sigmoid fitted to cached training OOF,raw_threshold,8,0.5399999999999999,own validation,7,CV17,"cluster 1: Angina, Angiography, Vessels, Ischemia, Dyslipidemia, AFib",cluster,cardiovascular,6,0.7362850277514552,0.7000587006938229,0.03622632705763229,0.8237592219986586,0.8232520120724346,0.0005072099262239949,0.5763065060045852,0.5754565890400066,0.0008499169645785898,0.1964828308600174,0.18987158054852518,-0.006611250311492206,0.008066963800346943,0.06616178455483505,1.0517475563431018,1.0110817666478666,1.0975912234778888,2000
AdaBoost,individual,AdaBoost,sigmoid,Cached fitted individual; sigmoid fitted to cached training OOF,sigmoid,9,0.32999999999999996,own validation,7,CV17,"cluster 1: Angina, Angiography, Vessels, Ischemia, Dyslipidemia, AFib",cluster,cardiovascular,6,0.7337982263321459,0.7183578993037527,0.015440327028393153,0.8237592219986586,0.8232520120724346,0.0005072099262239949,0.5763065060045852,0.5754565890400066,0.0008499169645785898,0.11428056911772555,0.11766302819822955,0.0033824590805039967,-0.007517086866065814,0.040679242631845774,1.021493919734659,0.9897229707177221,1.0580742891023034,2000
MLP,individual,MLP,raw,Cached fitted individual; sigmoid fitted to cached training OOF,raw_fixed,10,0.5,fixed 0.5,7,CV17,"cluster 1: Angina, Angiography, Vessels, Ischemia, Dyslipidemia, AFib",cluster,cardiovascular,6,0.7054598979906206,0.7097031039136302,-0.004243205923009641,0.8405097250167672,0.8354627766599597,0.0050469483568075235,0.6221975471780146,0.596021176258878,0.026176370919136605,0.14837885503664802,0.15843350809953574,0.01005465306288772,-0.032235708106148,0.02370439569168997,0.9940211534941715,0.9557976697089532,1.0338964519936338,2000
MLP,individual,MLP,raw,Cached fitted individual; sigmoid fitted to cached training OOF,raw_threshold,10,0.7499999999999999,own validation,7,CV17,"cluster 1: Angina, Angiography, Vessels, Ischemia, Dyslipidemia, AFib",cluster,cardiovascular,6,0.7453939331666495,0.7025745257452575,0.04281940742139201,0.8405097250167672,0.8354627766599597,0.0050469483568075235,0.6221975471780146,0.596021176258878,0.026176370919136605,0.14837885503664802,0.15843350809953574,0.01005465306288772,0.007701120304297029,0.07825828169141583,1.0609464275351732,1.010774888535834,1.115316332781231,2000
MLP,individual,MLP,sigmoid,Cached fitted individual; sigmoid fitted to cached training OOF,sigmoid,11,0.41999999999999993,own validation,7,CV17,"cluster 1: Angina, Angiography, Vessels, Ischemia, Dyslipidemia, AFib",cluster,cardiovascular,6,0.7467307692307692,0.7008401397961468,0.04589062943462241,0.8405097250167672,0.8354627766599597,0.0050469483568075235,0.6221975471780146,0.596021176258878,0.026176370919136605,0.1069901165628567,0.11260787690399195,0.0056177603411352445,0.011813402872479145,0.08083842322979382,1.0654794536282848,1.0163588014234461,1.1194612068794605,2000
GradientBoosting,individual,GradientBoosting,raw,Cached fitted individual; sigmoid fitted to cached training OOF,raw_fixed,12,0.5,fixed 0.5,7,CV17,"cluster 1: Angina, Angiography, Vessels, Ischemia, Dyslipidemia, AFib",cluster,cardiovascular,6,0.72416251897349,0.7161442975194867,0.008018221454003327,0.8293678739101275,0.825381455399061,0.003986418511066403,0.5888579484291103,0.5631440607416517,0.025713887687458636,0.1428185474058207,0.1477284349574193,0.004909887551598602,-0.013836680266643846,0.03019120826402887,1.0111963768779226,0.9809338875721283,1.0428491286651111,2000
GradientBoosting,individual,GradientBoosting,raw,Cached fitted individual; sigmoid fitted to cached training OOF,raw_threshold,12,0.5499999999999999,own validation,7,CV17,"cluster 1: Angina, Angiography, Vessels, Ischemia, Dyslipidemia, AFib",cluster,cardiovascular,6,0.7400236880466473,0.729263028060438,0.010760659986209342,0.8293678739101275,0.825381455399061,0.003986418511066403,0.5888579484291103,0.5631440607416517,0.025713887687458636,0.1428185474058207,0.1477284349574193,0.004909887551598602,-0.014478234080651135,0.035328516929866494,1.0147555265688275,0.980600676755524,1.0492722279197833,2000
GradientBoosting,individual,GradientBoosting,sigmoid,Cached fitted individual; sigmoid fitted to cached training OOF,sigmoid,13,0.29,own validation,7,CV17,"cluster 1: Angina, Angiography, Vessels, Ischemia, Dyslipidemia, AFib",cluster,cardiovascular,6,0.7378650931143138,0.729263028060438,0.00860206505387584,0.8293678739101275,0.825381455399061,0.003986418511066403,0.5888579484291103,0.5631440607416517,0.025713887687458636,0.11236137073535046,0.11574377936464093,0.0033824086292904704,-0.017326791126551843,0.03350819381713156,1.0117955589723973,0.9766254608713157,1.0470706812608537,2000
XGBoost,individual,XGBoost,raw,Cached fitted individual; sigmoid fitted to cached training OOF,raw_fixed,14,0.5,fixed 0.5,7,CV17,"cluster 1: Angina, Angiography, Vessels, Ischemia, Dyslipidemia, AFib",cluster,cardiovascular,6,0.7144805303793219,0.6761916001593226,0.03828893021999935,0.8388246143527833,0.8264964788732394,0.012328135479543922,0.6062699193355928,0.5726164168725061,0.03365350246308674,0.2018152974883635,0.21449901275112523,0.012683715262761741,0.01949262722008993,0.05859418357363838,1.0566243801475466,1.0285898944143899,1.087805209494272,2000
XGBoost,individual,XGBoost,raw,Cached fitted individual; sigmoid fitted to cached training OOF,raw_threshold,14,0.5299999999999999,own validation,7,CV17,"cluster 1: Angina, Angiography, Vessels, Ischemia, Dyslipidemia, AFib",cluster,cardiovascular,6,0.7592721834496511,0.733357628765792,0.02591455468385906,0.8388246143527833,0.8264964788732394,0.012328135479543922,0.6062699193355928,0.5726164168725061,0.03365350246308674,0.2018152974883635,0.21449901275112523,0.012683715262761741,0.002969909748410843,0.04887402570505227,1.035336858399458,1.003975157029684,1.0670948191313177,2000
XGBoost,individual,XGBoost,sigmoid,Cached fitted individual; sigmoid fitted to cached training OOF,sigmoid,15,0.31999999999999995,own validation,7,CV17,"cluster 1: Angina, Angiography, Vessels, Ischemia, Dyslipidemia, AFib",cluster,cardiovascular,6,0.7486119537164402,0.726546008236149,0.02206594548029117,0.8388246143527833,0.8264964788732394,0.012328135479543922,0.6062699193355928,0.5726164168725061,0.03365350246308674,0.10890968022913168,0.11625945020677309,0.007349769977641404,-0.0019911852893880117,0.047049056492469814,1.0303710229361265,0.997287860711825,1.0652572963749876,2000
paper,voting,"LogisticRegression,RandomForest,AdaBoost",raw,models/predictive_sensitivity/h7_CV17_paper.joblib,raw_fixed,16,0.5,fixed 0.5,7,CV17,"cluster 1: Angina, Angiography, Vessels, Ischemia, Dyslipidemia, AFib",cluster,cardiovascular,6,0.719064834047819,0.720260680666184,-0.0011958466183650263,0.8440727699530517,0.8302062374245472,0.01386653252850445,0.617963404042573,0.5687272896741068,0.0492361143684662,0.15810708391593867,0.15626426039939678,-0.001842823516541886,-0.024286924825279246,0.023092520214082392,0.9983397030402118,0.9677198711148066,1.0325808181498695,2000
paper,voting,"LogisticRegression,RandomForest,AdaBoost",raw,models/predictive_sensitivity/h7_CV17_paper.joblib,raw_threshold,16,0.43999999999999995,saved voting threshold (also applied to raw),7,CV17,"cluster 1: Angina, Angiography, Vessels, Ischemia, Dyslipidemia, AFib",cluster,cardiovascular,6,0.6748584161766302,0.6973805147058824,-0.022522098529252133,0.8440727699530517,0.8302062374245472,0.01386653252850445,0.617963404042573,0.5687272896741068,0.0492361143684662,0.15810708391593867,0.15626426039939678,-0.001842823516541886,-0.0418298236583306,-0.0015194842577132576,0.9677047206592075,0.9411302884119596,0.9977092382935866,2000
paper,voting,"LogisticRegression,RandomForest,AdaBoost",sigmoid,models/predictive_sensitivity/h7_CV17_paper.joblib,sigmoid,17,0.43999999999999995,saved voting threshold (also applied to raw),7,CV17,"cluster 1: Angina, Angiography, Vessels, Ischemia, Dyslipidemia, AFib",cluster,cardiovascular,6,0.7384422316831452,0.6737272389446303,0.06471499273851489,0.8440727699530517,0.8302062374245472,0.01386653252850445,0.617963404042573,0.5687272896741068,0.0492361143684662,0.10768249189922874,0.11597334816809,0.008290856268861266,0.037744966982573534,0.09484179148564985,1.0960551822721145,1.0549571370939372,1.144887642979454,2000
own,stacking,"KNeighbors,RandomForest,AdaBoost,MLP",raw,models/stacking_sensitivity/h7_CV17_own.joblib,raw_fixed,18,0.5,fixed 0.5,7,CV17,"cluster 1: Angina, Angiography, Vessels, Ischemia, Dyslipidemia, AFib",cluster,cardiovascular,6,0.7298364878886543,0.6738168308835406,0.05601965700511369,0.8426391683433937,0.8357645875251509,0.00687458081824277,0.6237599106106847,0.5915438434413721,0.03221606716931258,0.10654148968679936,0.11253756515069678,0.005996075463897424,0.02287260189810266,0.09161472325990695,1.0831378119950759,1.0329909108274993,1.1403888926950385,2000
own,stacking,"KNeighbors,RandomForest,AdaBoost,MLP",raw,models/stacking_sensitivity/h7_CV17_own.joblib,raw_threshold,18,0.48999999999999994,saved stacking threshold,7,CV17,"cluster 1: Angina, Angiography, Vessels, Ischemia, Dyslipidemia, AFib",cluster,cardiovascular,6,0.7271888482766964,0.6769281677277601,0.05026068054893629,0.8426391683433937,0.8357645875251509,0.00687458081824277,0.6237599106106847,0.5915438434413721,0.03221606716931258,0.10654148968679936,0.11253756515069678,0.005996075463897424,0.018601620663060703,0.0835698529101974,1.0742481742452024,1.026709140101023,1.1285352850358548,2000
own,stacking,"KNeighbors,RandomForest,AdaBoost,MLP",sigmoid,models/stacking_sensitivity/h7_CV17_own.joblib,sigmoid,19,0.48999999999999994,saved stacking threshold,7,CV17,"cluster 1: Angina, Angiography, Vessels, Ischemia, Dyslipidemia, AFib",cluster,cardiovascular,6,0.7298364878886543,0.6725664903963533,0.057269997492300995,0.8426391683433937,0.8357645875251509,0.00687458081824277,0.6237599106106847,0.5915438434413721,0.03221606716931258,0.10671044744873101,0.11267862084099214,0.0059681733922611335,0.024349482692138706,0.09261949450411258,1.0851514286097586,1.0354628139090893,1.1420161071288297,2000
own,stacking,"KNeighbors,RandomForest,AdaBoost,MLP",isotonic,models/stacking_sensitivity/h7_CV17_own.joblib,isotonic,20,0.42999999999999994,saved stacking threshold,7,CV17,"cluster 1: Angina, Angiography, Vessels, Ischemia, Dyslipidemia, AFib",cluster,cardiovascular,6,0.7412137884572199,0.6836734962223117,0.0575402922349082,0.8405139168343394,0.8311577800134138,0.00935613682092562,0.5809162096170836,0.5475997544842972,0.03331645513278636,0.10909709189362679,0.11470310357130956,0.005606011677682765,0.02623228648244357,0.09188450987767098,1.0841634092192418,1.0380938296528257,1.1396192738811006,2000
paper,stacking,"LogisticRegression,RandomForest,AdaBoost",raw,models/stacking_sensitivity/h7_CV17_paper.joblib,raw_fixed,21,0.5,fixed 0.5,7,CV17,"cluster 1: Angina, Angiography, Vessels, Ischemia, Dyslipidemia, AFib",cluster,cardiovascular,6,0.7075843972346976,0.6673851419315228,0.04019925530317481,0.8422199865861838,0.8302984574111335,0.011921529175050294,0.6034110778583436,0.5712356902457678,0.03217538761257577,0.1090676171732286,0.11543012320994082,0.0063625060367122205,0.017897504848704022,0.067153602042981,1.060233968030561,1.0262090437598355,1.1038006541025385,2000
paper,stacking,"LogisticRegression,RandomForest,AdaBoost",raw,models/stacking_sensitivity/h7_CV17_paper.joblib,raw_threshold,21,0.4799999999999999,saved stacking threshold,7,CV17,"cluster 1: Angina, Angiography, Vessels, Ischemia, Dyslipidemia, AFib",cluster,cardiovascular,6,0.7350298381051587,0.6695332556334573,0.06549658247170131,0.8422199865861838,0.8302984574111335,0.011921529175050294,0.6034110778583436,0.5712356902457678,0.03217538761257577,0.1090676171732286,0.11543012320994082,0.0063625060367122205,0.03958286334965218,0.09513935950229059,1.0978242408731944,1.0573381528064605,1.146331384802197,2000
paper,stacking,"LogisticRegression,RandomForest,AdaBoost",sigmoid,models/stacking_sensitivity/h7_CV17_paper.joblib,sigmoid,22,0.4699999999999999,saved stacking threshold,7,CV17,"cluster 1: Angina, Angiography, Vessels, Ischemia, Dyslipidemia, AFib",cluster,cardiovascular,6,0.7350298381051587,0.6695332556334573,0.06549658247170131,0.8422199865861838,0.8302984574111335,0.011921529175050294,0.6034110778583436,0.5712356902457678,0.03217538761257577,0.10912011138240431,0.11567677646047145,0.006556665078067139,0.03958286334965218,0.09513935950229059,1.0978242408731944,1.0573381528064605,1.146331384802197,2000
paper,stacking,"LogisticRegression,RandomForest,AdaBoost",isotonic,models/stacking_sensitivity/h7_CV17_paper.joblib,isotonic,23,0.42999999999999994,saved stacking threshold,7,CV17,"cluster 1: Angina, Angiography, Vessels, Ischemia, Dyslipidemia, AFib",cluster,cardiovascular,6,0.7137798908682395,0.6673851419315228,0.04639474893671669,0.8405809859154929,0.8280474513749162,0.012533534540576707,0.5821091827434924,0.5394774128125689,0.042631769930923546,0.10980365067439943,0.11623112691983724,0.00642747624543781,0.022201343197603862,0.07379360581945939,1.0695172038179372,1.0327385360280725,1.113915478325755,2000
LogisticRegression,individual,LogisticRegression,raw,Cached fitted individual; sigmoid fitted to cached training OOF,raw_fixed,0,0.5,fixed 0.5,7,CV17,"cluster 2: Previous_CABG, Previous_PCI, Previous_MI, PostIsch_DCM, LVEF",cluster,cardiovascular,5,0.6978542510121457,0.648033631489783,0.04982061952236272,0.8400570087189806,0.7805583501006036,0.059498658618377,0.5851106263451289,0.528853569290718,0.056257057054410864,0.16278896131831536,0.17389469927427098,0.011105737955955625,0.02005114990259092,0.0825165089863201,1.0768796820125348,1.030080665946511,1.1313303313796514,2000
LogisticRegression,individual,LogisticRegression,raw,Cached fitted individual; sigmoid fitted to cached training OOF,raw_threshold,0,0.61,own validation,7,CV17,"cluster 2: Previous_CABG, Previous_PCI, Previous_MI, PostIsch_DCM, LVEF",cluster,cardiovascular,5,0.7397061730021741,0.6917629593965655,0.0479432136056086,0.8400570087189806,0.7805583501006036,0.059498658618377,0.5851106263451289,0.528853569290718,0.056257057054410864,0.16278896131831536,0.17389469927427098,0.011105737955955625,0.005486681166980651,0.09076733451722684,1.0693058409016727,1.0076933983829308,1.136707930815685,2000
LogisticRegression,individual,LogisticRegression,sigmoid,Cached fitted individual; sigmoid fitted to cached training OOF,sigmoid,1,0.32999999999999996,own validation,7,CV17,"cluster 2: Previous_CABG, Previous_PCI, Previous_MI, PostIsch_DCM, LVEF",cluster,cardiovascular,5,0.7398703065405897,0.6872281807814041,0.05264212575918559,0.8400570087189806,0.7805583501006036,0.059498658618377,0.5851106263451289,0.528853569290718,0.056257057054410864,0.11154514911142789,0.12618716256383342,0.014642013452405525,0.010217120285613916,0.09510622160189888,1.076600650600983,1.0141659542313284,1.1430137803659093,2000
SVC,individual,SVC,raw,Cached fitted individual; sigmoid fitted to cached training OOF,raw_fixed,2,0.5,fixed 0.5,7,CV17,"cluster 2: Previous_CABG, Previous_PCI, Previous_MI, PostIsch_DCM, LVEF",cluster,cardiovascular,5,0.7061175251250945,0.6660878300803674,0.04002969504472709,0.8287474849094567,0.7666540912139503,0.06209339369550637,0.5532025204646347,0.47577127093374894,0.07743124953088576,0.16366850142026806,0.1676461453066626,0.003977643886394544,0.010115996330668443,0.0716476389457363,1.0600967218390662,1.014565427131684,1.1105532427341944,2000
SVC,individual,SVC,raw,Cached fitted individual; sigmoid fitted to cached training OOF,raw_threshold,2,0.7699999999999999,own validation,7,CV17,"cluster 2: Previous_CABG, Previous_PCI, Previous_MI, PostIsch_DCM, LVEF",cluster,cardiovascular,5,0.7059667789344763,0.6083805846123765,0.0975861943220998,0.8287474849094567,0.7666540912139503,0.06209339369550637,0.5532025204646347,0.47577127093374894,0.07743124953088576,0.16366850142026806,0.1676461453066626,0.003977643886394544,0.0484042960855148,0.1480747068918447,1.160403202847566,1.0761849286894944,1.2587515235486646,2000
SVC,individual,SVC,sigmoid,Cached fitted individual; sigmoid fitted to cached training OOF,sigmoid,3,0.42999999999999994,own validation,7,CV17,"cluster 2: Previous_CABG, Previous_PCI, Previous_MI, PostIsch_DCM, LVEF",cluster,cardiovascular,5,0.7059667789344763,0.6126380229964796,0.09332875593799672,0.8287474849094567,0.7666540912139503,0.06209339369550637,0.5532025204646347,0.47577127093374894,0.07743124953088576,0.11597550866454256,0.13113520438010612,0.015159695715563554,0.04297492001247163,0.1448547737171919,1.1523391504195504,1.0667705866136292,1.2514064741456847,2000
KNeighbors,individual,KNeighbors,raw,Cached fitted individual; sigmoid fitted to cached training OOF,raw_fixed,4,0.5,fixed 0.5,7,CV17,"cluster 2: Previous_CABG, Previous_PCI, Previous_MI, PostIsch_DCM, LVEF",cluster,cardiovascular,5,0.6881554279688324,0.6328798537830196,0.05527557418581286,0.8064721663313212,0.7315140845070423,0.07495808182427899,0.5460457640091161,0.4027084892244095,0.1433372747847066,0.15337400188564979,0.15576663245989383,0.002392630574244048,0.015474936908738005,0.09557581106210199,1.087339759443131,1.0236663026453627,1.1575853413954378,2000
KNeighbors,individual,KNeighbors,raw,Cached fitted individual; sigmoid fitted to cached training OOF,raw_threshold,4,0.6699999999999999,own validation,7,CV17,"cluster 2: Previous_CABG, Previous_PCI, Previous_MI, PostIsch_DCM, LVEF",cluster,cardiovascular,5,0.6972794008516857,0.5810119182543754,0.11626748259731035,0.8064721663313212,0.7315140845070423,0.07495808182427899,0.5460457640091161,0.4027084892244095,0.1433372747847066,0.15337400188564979,0.15576663245989383,0.002392630574244048,0.07381023559966624,0.1629718515795271,1.2001120440810076,1.1229885064440854,1.2959267402801529,2000
KNeighbors,individual,KNeighbors,sigmoid,Cached fitted individual; sigmoid fitted to cached training OOF,sigmoid,5,0.3499999999999999,own validation,7,CV17,"cluster 2: Previous_CABG, Previous_PCI, Previous_MI, PostIsch_DCM, LVEF",cluster,cardiovascular,5,0.6976584022038568,0.5790838068181818,0.11857459538567494,0.8064721663313212,0.7315140845070423,0.07495808182427899,0.5460457640091161,0.4027084892244095,0.1433372747847066,0.12163144832469219,0.13937284423172452,0.01774139590703233,0.07586114095029019,0.16447222605508127,1.2047624091531617,1.126824072495851,1.2996674040947493,2000
RandomForest,individual,RandomForest,raw,Cached fitted individual; sigmoid fitted to cached training OOF,raw_fixed,6,0.5,fixed 0.5,7,CV17,"cluster 2: Previous_CABG, Previous_PCI, Previous_MI, PostIsch_DCM, LVEF",cluster,cardiovascular,5,0.7417235790637324,0.6832167031428578,0.05850687592087467,0.8438883299798793,0.7765970824949698,0.06729124748490944,0.6308391905099286,0.5085204287036574,0.12231876180627121,0.13488980382932303,0.14615084232461362,0.011261038495290587,0.02415125847413524,0.09392654846185217,1.085634434362828,1.034531264299066,1.142435525990555,2000
RandomForest,individual,RandomForest,raw,Cached fitted individual; sigmoid fitted to cached training OOF,raw_threshold,6,0.5299999999999999,own validation,7,CV17,"cluster 2: Previous_CABG, Previous_PCI, Previous_MI, PostIsch_DCM, LVEF",cluster,cardiovascular,5,0.7450960369852015,0.6923908630030511,0.052705173982150466,0.8438883299798793,0.7765970824949698,0.06729124748490944,0.6308391905099286,0.5085204287036574,0.12231876180627121,0.13488980382932303,0.14615084232461362,0.011261038495290587,0.016636228064592425,0.09013258268545338,1.0761205509754368,1.0232527650000667,1.1360787144483673,2000
RandomForest,individual,RandomForest,sigmoid,Cached fitted individual; sigmoid fitted to cached training OOF,sigmoid,7,0.33999999999999997,own validation,7,CV17,"cluster 2: Previous_CABG, Previous_PCI, Previous_MI, PostIsch_DCM, LVEF",cluster,cardiovascular,5,0.7570925553319919,0.6910573840706848,0.06603517126130709,0.8438883299798793,0.7765970824949698,0.06729124748490944,0.6308391905099286,0.5085204287036574,0.12231876180627121,0.10663169271947372,0.1256078104107694,0.018976117691295688,0.026292860354932758,0.10677379025114846,1.0955567117629592,1.0366895762402157,1.1601344321215472,2000
AdaBoost,individual,AdaBoost,raw,Cached fitted individual; sigmoid fitted to cached training OOF,raw_fixed,8,0.5,fixed 0.5,7,CV17,"cluster 2: Previous_CABG, Previous_PCI, Previous_MI, PostIsch_DCM, LVEF",cluster,cardiovascular,5,0.7019006243027696,0.6468153800482361,0.05508524425453343,0.8237592219986586,0.7591046277665996,0.06465459423205899,0.5763065060045852,0.4896611670877173,0.08664533891686793,0.1964828308600174,0.21125362409576404,0.014770793235746649,0.022456209310770865,0.08753624262601686,1.0851637823615534,1.0336337663780817,1.1395760230986416,2000
AdaBoost,individual,AdaBoost,raw,Cached fitted individual; sigmoid fitted to cached training OOF,raw_threshold,8,0.5399999999999999,own validation,7,CV17,"cluster 2: Previous_CABG, Previous_PCI, Previous_MI, PostIsch_DCM, LVEF",cluster,cardiovascular,5,0.7362850277514552,0.6612284418430268,0.07505658590842845,0.8237592219986586,0.7591046277665996,0.06465459423205899,0.5763065060045852,0.4896611670877173,0.08664533891686793,0.1964828308600174,0.21125362409576404,0.014770793235746649,0.03020546844499116,0.12053933853109194,1.1135108249415664,1.043550133906445,1.1894159315564938,2000
AdaBoost,individual,AdaBoost,sigmoid,Cached fitted individual; sigmoid fitted to cached training OOF,sigmoid,9,0.32999999999999996,own validation,7,CV17,"cluster 2: Previous_CABG, Previous_PCI, Previous_MI, PostIsch_DCM, LVEF",cluster,cardiovascular,5,0.7337982263321459,0.6628191825587082,0.07097904377343767,0.8237592219986586,0.7591046277665996,0.06465459423205899,0.5763065060045852,0.4896611670877173,0.08664533891686793,0.11428056911772555,0.12971007381072364,0.015429504692998086,0.02635641493460474,0.11425034544400722,1.107086586570163,1.0386016151556525,1.1797854418828342,2000
MLP,individual,MLP,raw,Cached fitted individual; sigmoid fitted to cached training OOF,raw_fixed,10,0.5,fixed 0.5,7,CV17,"cluster 2: Previous_CABG, Previous_PCI, Previous_MI, PostIsch_DCM, LVEF",cluster,cardiovascular,5,0.7054598979906206,0.6582160706212175,0.047243827369403135,0.8405097250167672,0.7797032193158954,0.06080650570087187,0.6221975471780146,0.5193943883586559,0.10280315881935864,0.14837885503664802,0.1668896242711125,0.018510769234464486,0.018420079668283264,0.07663940892426516,1.0717755604551176,1.0271542681213899,1.1198418195893605,2000
MLP,individual,MLP,raw,Cached fitted individual; sigmoid fitted to cached training OOF,raw_threshold,10,0.7499999999999999,own validation,7,CV17,"cluster 2: Previous_CABG, Previous_PCI, Previous_MI, PostIsch_DCM, LVEF",cluster,cardiovascular,5,0.7453939331666495,0.684190933260892,0.061202999905757505,0.8405097250167672,0.7797032193158954,0.06080650570087187,0.6221975471780146,0.5193943883586559,0.10280315881935864,0.14837885503664802,0.1668896242711125,0.018510769234464486,0.019709313334135753,0.10361172752519673,1.0894530999030645,1.0277089581155385,1.1568593205582562,2000
MLP,individual,MLP,sigmoid,Cached fitted individual; sigmoid fitted to cached training OOF,sigmoid,11,0.41999999999999993,own validation,7,CV17,"cluster 2: Previous_CABG, Previous_PCI, Previous_MI, PostIsch_DCM, LVEF",cluster,cardiovascular,5,0.7467307692307692,0.6834734746933139,0.06325729453745532,0.8405097250167672,0.7797032193158954,0.06080650570087187,0.6221975471780146,0.5193943883586559,0.10280315881935864,0.1069901165628567,0.1235876082889579,0.0165974917261012,0.023091329764886256,0.10447946277904138,1.0925526693860943,1.032378825993816,1.159754874916923,2000
GradientBoosting,individual,GradientBoosting,raw,Cached fitted individual; sigmoid fitted to cached training OOF,raw_fixed,12,0.5,fixed 0.5,7,CV17,"cluster 2: Previous_CABG, Previous_PCI, Previous_MI, PostIsch_DCM, LVEF",cluster,cardiovascular,5,0.72416251897349,0.6396336991407674,0.08452881983272265,0.8293678739101275,0.7584968142186452,0.07087105969148222,0.5888579484291103,0.4852374680872317,0.1036204803418786,0.1428185474058207,0.1814606160370964,0.0386420686312757,0.05153115852996378,0.11669197705792055,1.1321519174900758,1.0772283649491377,1.1884796837640415,2000
GradientBoosting,individual,GradientBoosting,raw,Cached fitted individual; sigmoid fitted to cached training OOF,raw_threshold,12,0.5499999999999999,own validation,7,CV17,"cluster 2: Previous_CABG, Previous_PCI, Previous_MI, PostIsch_DCM, LVEF",cluster,cardiovascular,5,0.7400236880466473,0.6582065411080955,0.0818171469385518,0.8293678739101275,0.7584968142186452,0.07087105969148222,0.5888579484291103,0.4852374680872317,0.1036204803418786,0.1428185474058207,0.1814606160370964,0.0386420686312757,0.04788842974736437,0.11876834145491814,1.1243031508025005,1.0711885661902198,1.1851251341042297,2000
GradientBoosting,individual,GradientBoosting,sigmoid,Cached fitted individual; sigmoid fitted to cached training OOF,sigmoid,13,0.29,own validation,7,CV17,"cluster 2: Previous_CABG, Previous_PCI, Previous_MI, PostIsch_DCM, LVEF",cluster,cardiovascular,5,0.7378650931143138,0.6592213955123323,0.07864369760198153,0.8293678739101275,0.7584968142186452,0.07087105969148222,0.5888579484291103,0.4852374680872317,0.1036204803418786,0.11236137073535046,0.12996284025795335,0.017601469522602886,0.04470821355166177,0.1151932130367661,1.119297853706434,1.0657292214577572,1.1799124121313902,2000
XGBoost,individual,XGBoost,raw,Cached fitted individual; sigmoid fitted to cached training OOF,raw_fixed,14,0.5,fixed 0.5,7,CV17,"cluster 2: Previous_CABG, Previous_PCI, Previous_MI, PostIsch_DCM, LVEF",cluster,cardiovascular,5,0.7144805303793219,0.662339175834421,0.052141354544900875,0.8388246143527833,0.760471160295104,0.07835345405767935,0.6062699193355928,0.47484096451085506,0.13142895482473776,0.2018152974883635,0.21406384413185842,0.012248546643494923,0.01940497323203559,0.08598729384619447,1.0787230416790803,1.0289286715095725,1.1333663743956548,2000
XGBoost,individual,XGBoost,raw,Cached fitted individual; sigmoid fitted to cached training OOF,raw_threshold,14,0.5299999999999999,own validation,7,CV17,"cluster 2: Previous_CABG, Previous_PCI, Previous_MI, PostIsch_DCM, LVEF",cluster,cardiovascular,5,0.7592721834496511,0.6646886016451233,0.09458358180452775,0.8388246143527833,0.760471160295104,0.07835345405767935,0.6062699193355928,0.47484096451085506,0.13142895482473776,0.2018152974883635,0.21406384413185842,0.012248546643494923,0.054429763000136966,0.13561362304956404,1.1422975835156954,1.0781659872471987,1.215828586216278,2000
XGBoost,individual,XGBoost,sigmoid,Cached fitted individual; sigmoid fitted to cached training OOF,sigmoid,15,0.31999999999999995,own validation,7,CV17,"cluster 2: Previous_CABG, Previous_PCI, Previous_MI, PostIsch_DCM, LVEF",cluster,cardiovascular,5,0.7486119537164402,0.6668085894113291,0.08180336430511104,0.8388246143527833,0.760471160295104,0.07835345405767935,0.6062699193355928,0.47484096451085506,0.13142895482473776,0.10890968022913168,0.13010971004513316,0.021200029816001484,0.04316998312283827,0.12185647797823508,1.1226789300619666,1.0619683924764798,1.1905723191510333,2000
paper,voting,"LogisticRegression,RandomForest,AdaBoost",raw,models/predictive_sensitivity/h7_CV17_paper.joblib,raw_fixed,16,0.5,fixed 0.5,7,CV17,"cluster 2: Previous_CABG, Previous_PCI, Previous_MI, PostIsch_DCM, LVEF",cluster,cardiovascular,5,0.719064834047819,0.6736345324861094,0.045430301561709574,0.8440727699530517,0.7814134808853118,0.06265928906773988,0.617963404042573,0.529887432351626,0.08807597169094694,0.15810708391593867,0.17108870944034182,0.012981625524403156,0.011775926123963753,0.08182850476529059,1.067440577005524,1.0170763171722697,1.1265552804549732,2000
paper,voting,"LogisticRegression,RandomForest,AdaBoost",raw,models/predictive_sensitivity/h7_CV17_paper.joblib,raw_threshold,16,0.43999999999999995,saved voting threshold (also applied to raw),7,CV17,"cluster 2: Previous_CABG, Previous_PCI, Previous_MI, PostIsch_DCM, LVEF",cluster,cardiovascular,5,0.6748584161766302,0.6444355535171479,0.030422862659482353,0.8440727699530517,0.7814134808853118,0.06265928906773988,0.617963404042573,0.529887432351626,0.08807597169094694,0.15810708391593867,0.17108870944034182,0.012981625524403156,0.0014668116123480015,0.05990801596476073,1.0472085416353007,1.0022119570858161,1.0952207894730648,2000
paper,voting,"LogisticRegression,RandomForest,AdaBoost",sigmoid,models/predictive_sensitivity/h7_CV17_paper.joblib,sigmoid,17,0.43999999999999995,saved voting threshold (also applied to raw),7,CV17,"cluster 2: Previous_CABG, Previous_PCI, Previous_MI, PostIsch_DCM, LVEF",cluster,cardiovascular,5,0.7384422316831452,0.6481414852322156,0.09030074645092956,0.8440727699530517,0.7814134808853118,0.06265928906773988,0.617963404042573,0.529887432351626,0.08807597169094694,0.10768249189922874,0.12471577658683357,0.01703328468760483,0.037362312155787815,0.141910755975289,1.1393225838932015,1.0545890154872044,1.2331832816004367,2000
own,stacking,"KNeighbors,RandomForest,AdaBoost,MLP",raw,models/stacking_sensitivity/h7_CV17_own.joblib,raw_fixed,18,0.5,fixed 0.5,7,CV17,"cluster 2: Previous_CABG, Previous_PCI, Previous_MI, PostIsch_DCM, LVEF",cluster,cardiovascular,5,0.7298364878886543,0.6397743461165878,0.0900621417720665,0.8426391683433937,0.7786468812877264,0.06399228705566729,0.6237599106106847,0.5302514477321963,0.09350846287848835,0.10654148968679936,0.1235870332210408,0.01704554353424144,0.04012812695238001,0.13915988795633014,1.1407717304057925,1.0593041170397208,1.229918611481086,2000
own,stacking,"KNeighbors,RandomForest,AdaBoost,MLP",raw,models/stacking_sensitivity/h7_CV17_own.joblib,raw_threshold,18,0.48999999999999994,saved stacking threshold,7,CV17,"cluster 2: Previous_CABG, Previous_PCI, Previous_MI, PostIsch_DCM, LVEF",cluster,cardiovascular,5,0.7271888482766964,0.6536489151873768,0.07353993308931961,0.8426391683433937,0.7786468812877264,0.06399228705566729,0.6237599106106847,0.5302514477321963,0.09350846287848835,0.10654148968679936,0.1235870332210408,0.01704554353424144,0.02413620415979303,0.1210735424004764,1.1125067775385789,1.0351968506738427,1.1942741796431884,2000
own,stacking,"KNeighbors,RandomForest,AdaBoost,MLP",sigmoid,models/stacking_sensitivity/h7_CV17_own.joblib,sigmoid,19,0.48999999999999994,saved stacking threshold,7,CV17,"cluster 2: Previous_CABG, Previous_PCI, Previous_MI, PostIsch_DCM, LVEF",cluster,cardiovascular,5,0.7298364878886543,0.6435909445745511,0.08624554331410317,0.8426391683433937,0.7786468812877264,0.06399228705566729,0.6237599106106847,0.5302514477321963,0.09350846287848835,0.10671044744873101,0.12368479474172524,0.016974347292994227,0.03739968202808771,0.13511688809843345,1.134006769425751,1.0556383330010297,1.221242814890283,2000
own,stacking,"KNeighbors,RandomForest,AdaBoost,MLP",isotonic,models/stacking_sensitivity/h7_CV17_own.joblib,isotonic,20,0.42999999999999994,saved stacking threshold,7,CV17,"cluster 2: Previous_CABG, Previous_PCI, Previous_MI, PostIsch_DCM, LVEF",cluster,cardiovascular,5,0.7412137884572199,0.6561247826027417,0.0850890058544782,0.8405139168343394,0.7737047283702213,0.0668091884641181,0.5809162096170836,0.4912162873728609,0.08969992224422269,0.10909709189362679,0.12465292975400313,0.015555837860376343,0.03647695673872723,0.13219491994829416,1.1296841822022692,1.0529550642967462,1.210623273593182,2000
paper,stacking,"LogisticRegression,RandomForest,AdaBoost",raw,models/stacking_sensitivity/h7_CV17_paper.joblib,raw_fixed,21,0.5,fixed 0.5,7,CV17,"cluster 2: Previous_CABG, Previous_PCI, Previous_MI, PostIsch_DCM, LVEF",cluster,cardiovascular,5,0.7075843972346976,0.6029540641772937,0.10463033305740388,0.8422199865861838,0.7805499664654594,0.06167002012072442,0.6034110778583436,0.531704427978765,0.07170664987957853,0.1090676171732286,0.12480890378069268,0.015741286607464072,0.05088275128434406,0.15826616805725569,1.1735295261674166,1.080338934437134,1.2774336691379173,2000
paper,stacking,"LogisticRegression,RandomForest,AdaBoost",raw,models/stacking_sensitivity/h7_CV17_paper.joblib,raw_threshold,21,0.4799999999999999,saved stacking threshold,7,CV17,"cluster 2: Previous_CABG, Previous_PCI, Previous_MI, PostIsch_DCM, LVEF",cluster,cardiovascular,5,0.7350298381051587,0.6191098836640923,0.1159199544410664,0.8422199865861838,0.7805499664654594,0.06167002012072442,0.6034110778583436,0.531704427978765,0.07170664987957853,0.1090676171732286,0.12480890378069268,0.015741286607464072,0.06274072406293862,0.16541176027794918,1.1872364785311045,1.0960920298413959,1.2814280268833982,2000
paper,stacking,"LogisticRegression,RandomForest,AdaBoost",sigmoid,models/stacking_sensitivity/h7_CV17_paper.joblib,sigmoid,22,0.4699999999999999,saved stacking threshold,7,CV17,"cluster 2: Previous_CABG, Previous_PCI, Previous_MI, PostIsch_DCM, LVEF",cluster,cardiovascular,5,0.7350298381051587,0.6191098836640923,0.1159199544410664,0.8422199865861838,0.7805499664654594,0.06167002012072442,0.6034110778583436,0.531704427978765,0.07170664987957853,0.10912011138240431,0.12521668079609247,0.016096569413688158,0.06274072406293862,0.16541176027794918,1.1872364785311045,1.0960920298413959,1.2814280268833982,2000
paper,stacking,"LogisticRegression,RandomForest,AdaBoost",isotonic,models/stacking_sensitivity/h7_CV17_paper.joblib,isotonic,23,0.42999999999999994,saved stacking threshold,7,CV17,"cluster 2: Previous_CABG, Previous_PCI, Previous_MI, PostIsch_DCM, LVEF",cluster,cardiovascular,5,0.7137798908682395,0.6073345259391771,0.10644536492906231,0.8405809859154929,0.7763204225352113,0.06426056338028163,0.5821091827434924,0.5011828042812292,0.08092637846226325,0.10980365067439943,0.1268893527283123,0.017085702053912882,0.05388320697085055,0.15813601838650349,1.1752664477035224,1.0840582216777896,1.277008473321509,2000
LogisticRegression,individual,LogisticRegression,raw,Cached fitted individual; sigmoid fitted to cached training OOF,raw_fixed,0,0.5,fixed 0.5,7,CV17,"cluster 3: Gender, Smoke",cluster,cardiovascular,2,0.6978542510121457,0.6969893826508862,0.0008648683612595409,0.8400570087189806,0.8402665995975855,-0.0002095908786049483,0.5851106263451289,0.5861252386422725,-0.0010146122971436133,0.16278896131831536,0.16278279878266613,-6.162535649223422e-06,-0.0030697203560540536,0.005902764189183327,1.0012408630357756,0.9955480852484142,1.008526158212804,2000
LogisticRegression,individual,LogisticRegression,raw,Cached fitted individual; sigmoid fitted to cached training OOF,raw_threshold,0,0.61,own validation,7,CV17,"cluster 3: Gender, Smoke",cluster,cardiovascular,2,0.7397061730021741,0.7360909809605376,0.003615192041636517,0.8400570087189806,0.8402665995975855,-0.0002095908786049483,0.5851106263451289,0.5861252386422725,-0.0010146122971436133,0.16278896131831536,0.16278279878266613,-6.162535649223422e-06,-0.002298014222146258,0.01056982343499191,1.0049113385914863,0.9968360807232198,1.0143825518829017,2000
LogisticRegression,individual,LogisticRegression,sigmoid,Cached fitted individual; sigmoid fitted to cached training OOF,sigmoid,1,0.32999999999999996,own validation,7,CV17,"cluster 3: Gender, Smoke",cluster,cardiovascular,2,0.7398703065405897,0.7410352276503822,-0.0011649211097924939,0.8400570087189806,0.8402665995975855,-0.0002095908786049483,0.5851106263451289,0.5861252386422725,-0.0010146122971436133,0.11154514911142789,0.11161895795581991,7.380884439202318e-05,-0.008293347146870763,0.004752535994269505,0.9984279814692668,0.9889151407395286,1.006504517933121,2000
SVC,individual,SVC,raw,Cached fitted individual; sigmoid fitted to cached training OOF,raw_fixed,2,0.5,fixed 0.5,7,CV17,"cluster 3: Gender, Smoke",cluster,cardiovascular,2,0.7061175251250945,0.6950660642192665,0.011051460905827981,0.8287474849094567,0.8297786720321931,-0.001031187122736421,0.5532025204646347,0.5577506499217876,-0.004548129457152883,0.16366850142026806,0.16140037647088773,-0.0022681249493803346,0.0021272993822035206,0.021358904886770717,1.0158998712133092,1.003009203177705,1.0311448702947463,2000
SVC,individual,SVC,raw,Cached fitted individual; sigmoid fitted to cached training OOF,raw_threshold,2,0.7699999999999999,own validation,7,CV17,"cluster 3: Gender, Smoke",cluster,cardiovascular,2,0.7059667789344763,0.7038412164539668,0.0021255624805095463,0.8287474849094567,0.8297786720321931,-0.001031187122736421,0.5532025204646347,0.5577506499217876,-0.004548129457152883,0.16366850142026806,0.16140037647088773,-0.0022681249493803346,-0.014479704441528957,0.019476235882891574,1.0030199460202378,0.9796842059500861,1.0279432675571134,2000
SVC,individual,SVC,sigmoid,Cached fitted individual; sigmoid fitted to cached training OOF,sigmoid,3,0.42999999999999994,own validation,7,CV17,"cluster 3: Gender, Smoke",cluster,cardiovascular,2,0.7059667789344763,0.7038412164539668,0.0021255624805095463,0.8287474849094567,0.8297786720321931,-0.001031187122736421,0.5532025204646347,0.5577506499217876,-0.004548129457152883,0.11597550866454256,0.11593868942830626,-3.681923623630179e-05,-0.014479704441528957,0.019476235882891574,1.0030199460202378,0.9796842059500861,1.0279432675571134,2000
KNeighbors,individual,KNeighbors,raw,Cached fitted individual; sigmoid fitted to cached training OOF,raw_fixed,4,0.5,fixed 0.5,7,CV17,"cluster 3: Gender, Smoke",cluster,cardiovascular,2,0.6881554279688324,0.6945852129591658,-0.006429784990333309,0.8064721663313212,0.8060194500335346,0.00045271629778664835,0.5460457640091161,0.5464916624011271,-0.00044589839201103487,0.15337400188564979,0.15463840850557178,0.0012644066199219983,-0.03157666456568326,0.016993959684715242,0.990742986072306,0.9551013678459297,1.024597797722214,2000
KNeighbors,individual,KNeighbors,raw,Cached fitted individual; sigmoid fitted to cached training OOF,raw_threshold,4,0.6699999999999999,own validation,7,CV17,"cluster 3: Gender, Smoke",cluster,cardiovascular,2,0.6972794008516857,0.6807639314145744,0.016515469437111352,0.8064721663313212,0.8060194500335346,0.00045271629778664835,0.5460457640091161,0.5464916624011271,-0.00044589839201103487,0.15337400188564979,0.15463840850557178,0.0012644066199219983,-0.008271394615313028,0.04271311402505296,1.0242602004527377,0.9880362437342328,1.0640081784692674,2000
KNeighbors,individual,KNeighbors,sigmoid,Cached fitted individual; sigmoid fitted to cached training OOF,sigmoid,5,0.3499999999999999,own validation,7,CV17,"cluster 3: Gender, Smoke",cluster,cardiovascular,2,0.6976584022038568,0.6914306201248694,0.006227782078987332,0.8064721663313212,0.8060194500335346,0.00045271629778664835,0.5460457640091161,0.5464916624011271,-0.00044589839201103487,0.12163144832469219,0.12192599769225201,0.000294549367559821,-0.018547673958123387,0.031955857018542415,1.0090070961535702,0.9736195453212051,1.0462554081779467,2000
RandomForest,individual,RandomForest,raw,Cached fitted individual; sigmoid fitted to cached training OOF,raw_fixed,6,0.5,fixed 0.5,7,CV17,"cluster 3: Gender, Smoke",cluster,cardiovascular,2,0.7417235790637324,0.7310892621671536,0.010634316896578788,0.8438883299798793,0.8421277665995975,0.0017605633802817433,0.6308391905099286,0.6259878926494389,0.004851297860489767,0.13488980382932303,0.13731286384055702,0.0024230600112339906,-0.002150226274512268,0.023397383303774485,1.014545852944216,0.9971015035957939,1.032255472231974,2000
RandomForest,individual,RandomForest,raw,Cached fitted individual; sigmoid fitted to cached training OOF,raw_threshold,6,0.5299999999999999,own validation,7,CV17,"cluster 3: Gender, Smoke",cluster,cardiovascular,2,0.7450960369852015,0.7457904533054962,-0.0006944163202946552,0.8438883299798793,0.8421277665995975,0.0017605633802817433,0.6308391905099286,0.6259878926494389,0.004851297860489767,0.13488980382932303,0.13731286384055702,0.0024230600112339906,-0.010880288307176522,0.009755564873753777,0.9990688854795381,0.9853585171749448,1.0131292565059753,2000
RandomForest,individual,RandomForest,sigmoid,Cached fitted individual; sigmoid fitted to cached training OOF,sigmoid,7,0.33999999999999997,own validation,7,CV17,"cluster 3: Gender, Smoke",cluster,cardiovascular,2,0.7570925553319919,0.7483300099700898,0.00876254536190213,0.8438883299798793,0.8421277665995975,0.0017605633802817433,0.6308391905099286,0.6259878926494389,0.004851297860489767,0.10663169271947372,0.10749936470040583,0.0008676719809321137,0.0,0.017750080262488484,1.0117094667394835,1.0,1.0241326656105911,2000
AdaBoost,individual,AdaBoost,raw,Cached fitted individual; sigmoid fitted to cached training OOF,raw_fixed,8,0.5,fixed 0.5,7,CV17,"cluster 3: Gender, Smoke",cluster,cardiovascular,2,0.7019006243027696,0.7019006243027696,0.0,0.8237592219986586,0.8237592219986586,0.0,0.5763065060045852,0.5763065060045852,0.0,0.1964828308600174,0.1964828308600174,0.0,0.0,0.0,1.0,1.0,1.0,2000
AdaBoost,individual,AdaBoost,raw,Cached fitted individual; sigmoid fitted to cached training OOF,raw_threshold,8,0.5399999999999999,own validation,7,CV17,"cluster 3: Gender, Smoke",cluster,cardiovascular,2,0.7362850277514552,0.7362850277514552,0.0,0.8237592219986586,0.8237592219986586,0.0,0.5763065060045852,0.5763065060045852,0.0,0.1964828308600174,0.1964828308600174,0.0,0.0,0.0,1.0,1.0,1.0,2000
AdaBoost,individual,AdaBoost,sigmoid,Cached fitted individual; sigmoid fitted to cached training OOF,sigmoid,9,0.32999999999999996,own validation,7,CV17,"cluster 3: Gender, Smoke",cluster,cardiovascular,2,0.7337982263321459,0.7337982263321459,0.0,0.8237592219986586,0.8237592219986586,0.0,0.5763065060045852,0.5763065060045852,0.0,0.11428056911772555,0.11428056911772555,0.0,0.0,0.0,1.0,1.0,1.0,2000
MLP,individual,MLP,raw,Cached fitted individual; sigmoid fitted to cached training OOF,raw_fixed,10,0.5,fixed 0.5,7,CV17,"cluster 3: Gender, Smoke",cluster,cardiovascular,2,0.7054598979906206,0.7039909599006537,0.0014689380899668425,0.8405097250167672,0.8439721663313212,-0.0034624413145539767,0.6221975471780146,0.6243254227253366,-0.002127875547322078,0.14837885503664802,0.15345289884702776,0.005074043810379736,-0.014143529490612405,0.01857002398188799,1.0020865865808477,0.9804416900711689,1.0271247655045643,2000
MLP,individual,MLP,raw,Cached fitted individual; sigmoid fitted to cached training OOF,raw_threshold,10,0.7499999999999999,own validation,7,CV17,"cluster 3: Gender, Smoke",cluster,cardiovascular,2,0.7453939331666495,0.7427598222413072,0.00263411092534227,0.8405097250167672,0.8439721663313212,-0.0034624413145539767,0.6221975471780146,0.6243254227253366,-0.002127875547322078,0.14837885503664802,0.15345289884702776,0.005074043810379736,-0.012388149067166237,0.017040533213421003,1.003546383159759,0.9833394569023842,1.022693220772844,2000
MLP,individual,MLP,sigmoid,Cached fitted individual; sigmoid fitted to cached training OOF,sigmoid,11,0.41999999999999993,own validation,7,CV17,"cluster 3: Gender, Smoke",cluster,cardiovascular,2,0.7467307692307692,0.7440715361986081,0.00265923303216109,0.8405097250167672,0.8439721663313212,-0.0034624413145539767,0.6221975471780146,0.6243254227253366,-0.002127875547322078,0.1069901165628567,0.10686413225540399,-0.00012598430745271172,-0.012965805753540416,0.0172689791385349,1.0035738943136394,0.9825536441948646,1.0233512088782082,2000
GradientBoosting,individual,GradientBoosting,raw,Cached fitted individual; sigmoid fitted to cached training OOF,raw_fixed,12,0.5,fixed 0.5,7,CV17,"cluster 3: Gender, Smoke",cluster,cardiovascular,2,0.72416251897349,0.7208453440555926,0.003317174917897403,0.8293678739101275,0.8294139839034205,-4.610999329301979e-05,0.5888579484291103,0.5897395079938315,-0.000881559564721135,0.1428185474058207,0.1436523403157886,0.0008337929099679064,0.0,0.00758742779142405,1.0046017844815844,1.0,1.010696296711178,2000
GradientBoosting,individual,GradientBoosting,raw,Cached fitted individual; sigmoid fitted to cached training OOF,raw_threshold,12,0.5499999999999999,own validation,7,CV17,"cluster 3: Gender, Smoke",cluster,cardiovascular,2,0.7400236880466473,0.7376725539881245,0.00235113405852283,0.8293678739101275,0.8294139839034205,-4.610999329301979e-05,0.5888579484291103,0.5897395079938315,-0.000881559564721135,0.1428185474058207,0.1436523403157886,0.0008337929099679064,0.0,0.005978056461295876,1.003187232662801,1.0,1.0080983215352675,2000
GradientBoosting,individual,GradientBoosting,sigmoid,Cached fitted individual; sigmoid fitted to cached training OOF,sigmoid,13,0.29,own validation,7,CV17,"cluster 3: Gender, Smoke",cluster,cardiovascular,2,0.7378650931143138,0.7355196226093381,0.0023454705049756885,0.8293678739101275,0.8294139839034205,-4.610999329301979e-05,0.5888579484291103,0.5897395079938315,-0.000881559564721135,0.11236137073535046,0.112373342534855,1.1971799504531533e-05,0.0,0.005978056461295876,1.0031888619050773,1.0,1.008100376866363,2000
XGBoost,individual,XGBoost,raw,Cached fitted individual; sigmoid fitted to cached training OOF,raw_fixed,14,0.5,fixed 0.5,7,CV17,"cluster 3: Gender, Smoke",cluster,cardiovascular,2,0.7144805303793219,0.7060147153987748,0.008465814980547104,0.8388246143527833,0.8382126089872569,0.0006120053655264135,0.6062699193355928,0.6069528409256285,-0.00068292159003569,0.2018152974883635,0.2039571114762576,0.00214181398789412,0.0,0.017813886712242693,1.011990989416935,1.0,1.025545067424822,2000
XGBoost,individual,XGBoost,raw,Cached fitted individual; sigmoid fitted to cached training OOF,raw_threshold,14,0.5299999999999999,own validation,7,CV17,"cluster 3: Gender, Smoke",cluster,cardiovascular,2,0.7592721834496511,0.7579888708123064,0.0012833126373447135,0.8388246143527833,0.8382126089872569,0.0006120053655264135,0.6062699193355928,0.6069528409256285,-0.00068292159003569,0.2018152974883635,0.2039571114762576,0.00214181398789412,-0.007965530836218693,0.01094885867884039,1.0016930494453955,0.9894278112243401,1.0145810441992884,2000
XGBoost,individual,XGBoost,sigmoid,Cached fitted individual; sigmoid fitted to cached training OOF,sigmoid,15,0.31999999999999995,own validation,7,CV17,"cluster 3: Gender, Smoke",cluster,cardiovascular,2,0.7486119537164402,0.749455044111702,-0.0008430903952618696,0.8388246143527833,0.8382126089872569,0.0006120053655264135,0.6062699193355928,0.6069528409256285,-0.00068292159003569,0.10890968022913168,0.10918506630307222,0.0002753860739405367,-0.010899807765368618,0.007969759264712228,0.9988750620842627,0.9853024082947267,1.0104836265286112,2000
paper,voting,"LogisticRegression,RandomForest,AdaBoost",raw,models/predictive_sensitivity/h7_CV17_paper.joblib,raw_fixed,16,0.5,fixed 0.5,7,CV17,"cluster 3: Gender, Smoke",cluster,cardiovascular,2,0.719064834047819,0.7188590811845512,0.00020575286326773856,0.8440727699530517,0.843200871898055,0.000871898054996656,0.617963404042573,0.6155437159735044,0.0024196880690685596,0.15810708391593867,0.15914540254730403,0.0010383186313653592,-0.006305417741354538,0.0070719377111502675,1.000286221414813,0.991316096519698,1.0095480233165481,2000
paper,voting,"LogisticRegression,RandomForest,AdaBoost",raw,models/predictive_sensitivity/h7_CV17_paper.joblib,raw_threshold,16,0.43999999999999995,saved voting threshold (also applied to raw),7,CV17,"cluster 3: Gender, Smoke",cluster,cardiovascular,2,0.6748584161766302,0.6728471337579618,0.0020112824186684364,0.8440727699530517,0.843200871898055,0.000871898054996656,0.617963404042573,0.6155437159735044,0.0024196880690685596,0.15810708391593867,0.15914540254730403,0.0010383186313653592,-0.003112940346683135,0.007728585414178162,1.0029892115426502,0.995482435581691,1.0118131047059777,2000
paper,voting,"LogisticRegression,RandomForest,AdaBoost",sigmoid,models/predictive_sensitivity/h7_CV17_paper.joblib,sigmoid,17,0.43999999999999995,saved voting threshold (also applied to raw),7,CV17,"cluster 3: Gender, Smoke",cluster,cardiovascular,2,0.7384422316831452,0.7329983531701474,0.0054438785129977685,0.8440727699530517,0.843200871898055,0.000871898054996656,0.617963404042573,0.6155437159735044,0.0024196880690685596,0.10768249189922874,0.10819411325094658,0.0005116213517178392,-0.004538472090489432,0.016078063734283086,1.0074268632247991,0.9938110091822104,1.0221407905218898,2000
own,stacking,"KNeighbors,RandomForest,AdaBoost,MLP",raw,models/stacking_sensitivity/h7_CV17_own.joblib,raw_fixed,18,0.5,fixed 0.5,7,CV17,"cluster 3: Gender, Smoke",cluster,cardiovascular,2,0.7298364878886543,0.7296303780902066,0.00020610979844770672,0.8426391683433937,0.8423541247484909,0.00028504359490277853,0.6237599106106847,0.6212693730926531,0.0024905375180316325,0.10654148968679936,0.10718394940113044,0.0006424597143310784,-0.009845549563484829,0.011645501716840997,1.000282485220787,0.986474466467253,1.0161146519483362,2000
own,stacking,"KNeighbors,RandomForest,AdaBoost,MLP",raw,models/stacking_sensitivity/h7_CV17_own.joblib,raw_threshold,18,0.48999999999999994,saved stacking threshold,7,CV17,"cluster 3: Gender, Smoke",cluster,cardiovascular,2,0.7271888482766964,0.731523733358423,-0.004334885081726636,0.8426391683433937,0.8423541247484909,0.00028504359490277853,0.6237599106106847,0.6212693730926531,0.0024905375180316325,0.10654148968679936,0.10718394940113044,0.0006424597143310784,-0.014734660626966267,0.004071420181057688,0.994074170277668,0.9798631276133176,1.0055543413802144,2000
own,stacking,"KNeighbors,RandomForest,AdaBoost,MLP",sigmoid,models/stacking_sensitivity/h7_CV17_own.joblib,sigmoid,19,0.48999999999999994,saved stacking threshold,7,CV17,"cluster 3: Gender, Smoke",cluster,cardiovascular,2,0.7298364878886543,0.7313539040281971,-0.0015174161395428154,0.8426391683433937,0.8423541247484909,0.00028504359490277853,0.6237599106106847,0.6212693730926531,0.0024905375180316325,0.10671044744873101,0.10732616210573973,0.0006157146570087146,-0.013385866501706251,0.009893797370563643,0.9979251958167105,0.9818789440317323,1.0134883046264949,2000
own,stacking,"KNeighbors,RandomForest,AdaBoost,MLP",isotonic,models/stacking_sensitivity/h7_CV17_own.joblib,isotonic,20,0.42999999999999994,saved stacking threshold,7,CV17,"cluster 3: Gender, Smoke",cluster,cardiovascular,2,0.7412137884572199,0.7385372753752664,0.002676513081953491,0.8405139168343394,0.8394114688128773,0.001102448021462088,0.5809162096170836,0.5798114322682062,0.0011047773488773727,0.10909709189362679,0.10936670557114728,0.00026961367752048604,-0.006672320180668737,0.012567230012820845,1.0036240731120762,0.9911191142885379,1.016961657720166,2000
paper,stacking,"LogisticRegression,RandomForest,AdaBoost",raw,models/stacking_sensitivity/h7_CV17_paper.joblib,raw_fixed,21,0.5,fixed 0.5,7,CV17,"cluster 3: Gender, Smoke",cluster,cardiovascular,2,0.7075843972346976,0.7168471236465727,-0.009262726411875088,0.8422199865861838,0.8417421193829645,0.00047786720321929543,0.6034110778583436,0.6024967820791379,0.0009142957792056539,0.1090676171732286,0.1093267006689475,0.0002590834957188898,-0.020662792015905502,0.0,0.9870785191063389,0.9707573719703738,1.0,2000
paper,stacking,"LogisticRegression,RandomForest,AdaBoost",raw,models/stacking_sensitivity/h7_CV17_paper.joblib,raw_threshold,21,0.4799999999999999,saved stacking threshold,7,CV17,"cluster 3: Gender, Smoke",cluster,cardiovascular,2,0.7350298381051587,0.7336701586816248,0.0013596794235338772,0.8422199865861838,0.8417421193829645,0.00047786720321929543,0.6034110778583436,0.6024967820791379,0.0009142957792056539,0.1090676171732286,0.1093267006689475,0.0002590834957188898,0.0,0.004385879157909586,1.0018532570903214,1.0,1.0058494366799924,2000
paper,stacking,"LogisticRegression,RandomForest,AdaBoost",sigmoid,models/stacking_sensitivity/h7_CV17_paper.joblib,sigmoid,22,0.4699999999999999,saved stacking threshold,7,CV17,"cluster 3: Gender, Smoke",cluster,cardiovascular,2,0.7350298381051587,0.7336701586816248,0.0013596794235338772,0.8422199865861838,0.8417421193829645,0.00047786720321929543,0.6034110778583436,0.6024967820791379,0.0009142957792056539,0.10912011138240431,0.10936745116398855,0.00024733978158424097,0.0,0.004385879157909586,1.0018532570903214,1.0,1.0058494366799924,2000
paper,stacking,"LogisticRegression,RandomForest,AdaBoost",isotonic,models/stacking_sensitivity/h7_CV17_paper.joblib,isotonic,23,0.42999999999999994,saved stacking threshold,7,CV17,"cluster 3: Gender, Smoke",cluster,cardiovascular,2,0.7137798908682395,0.7168471236465727,-0.0030672327783332065,0.8405809859154929,0.8392060697518444,0.0013749161636484875,0.5821091827434924,0.5788938200031722,0.0032153627403201934,0.10980365067439943,0.11046814463259418,0.0006644939581947479,-0.01353851686567786,0.006532197411530112,0.9957212177085536,0.9811872123951014,1.0093105261300763,2000
LogisticRegression,individual,LogisticRegression,raw,Cached fitted individual; sigmoid fitted to cached training OOF,raw_fixed,0,0.5,fixed 0.5,7,CV17,cluster 4: Age,cluster,cardiovascular,1,0.6978542510121457,0.6806457354682434,0.017208515543902347,0.8400570087189806,0.7762282025486251,0.06382880617035547,0.5851106263451289,0.49283600925217996,0.09227461709294893,0.16278896131831536,0.17126483418507946,0.0084758728667641,-0.01631697092631211,0.051039030675738124,1.0252826318408708,0.9766242280707366,1.0773555110445714,2000
LogisticRegression,individual,LogisticRegression,raw,Cached fitted individual; sigmoid fitted to cached training OOF,raw_threshold,0,0.61,own validation,7,CV17,cluster 4: Age,cluster,cardiovascular,1,0.7397061730021741,0.6766569320807384,0.06304924092143571,0.8400570087189806,0.7762282025486251,0.06382880617035547,0.5851106263451289,0.49283600925217996,0.09227461709294893,0.16278896131831536,0.17126483418507946,0.0084758728667641,0.026817159989015512,0.09991300486299053,1.0931775585710142,1.0388162611031764,1.1546708670806645,2000
LogisticRegression,individual,LogisticRegression,sigmoid,Cached fitted individual; sigmoid fitted to cached training OOF,sigmoid,1,0.32999999999999996,own validation,7,CV17,cluster 4: Age,cluster,cardiovascular,1,0.7398703065405897,0.6748631366416409,0.06500716989894884,0.8400570087189806,0.7762282025486251,0.06382880617035547,0.5851106263451289,0.49283600925217996,0.09227461709294893,0.11154514911142789,0.1284226647924063,0.016877515680978408,0.030829947009278935,0.10026270905478368,1.096326449570868,1.0440486340204307,1.1562941111064249,2000
SVC,individual,SVC,raw,Cached fitted individual; sigmoid fitted to cached training OOF,raw_fixed,2,0.5,fixed 0.5,7,CV17,cluster 4: Age,cluster,cardiovascular,1,0.7061175251250945,0.673421201584863,0.03269632354023155,0.8287474849094567,0.772887323943662,0.055860160965794714,0.5532025204646347,0.4688469346701018,0.0843555857945329,0.16366850142026806,0.17111405135331112,0.007445549933043055,0.007731794234856868,0.06010505995948041,1.0485525603638293,1.011228972018755,1.0910106367323276,2000
SVC,individual,SVC,raw,Cached fitted individual; sigmoid fitted to cached training OOF,raw_threshold,2,0.7699999999999999,own validation,7,CV17,cluster 4: Age,cluster,cardiovascular,1,0.7059667789344763,0.6489422119447155,0.05702456698976088,0.8287474849094567,0.772887323943662,0.055860160965794714,0.5532025204646347,0.4688469346701018,0.0843555857945329,0.16366850142026806,0.17111405135331112,0.007445549933043055,0.027604863771062513,0.08702251736212575,1.0878731047852053,1.0411434126163075,1.1403657353240744,2000
SVC,individual,SVC,sigmoid,Cached fitted individual; sigmoid fitted to cached training OOF,sigmoid,3,0.42999999999999994,own validation,7,CV17,cluster 4: Age,cluster,cardiovascular,1,0.7059667789344763,0.6489422119447155,0.05702456698976088,0.8287474849094567,0.772887323943662,0.055860160965794714,0.5532025204646347,0.4688469346701018,0.0843555857945329,0.11597550866454256,0.12989483079627664,0.01391932213173408,0.027604863771062513,0.08702251736212575,1.0878731047852053,1.0411434126163075,1.1403657353240744,2000
KNeighbors,individual,KNeighbors,raw,Cached fitted individual; sigmoid fitted to cached training OOF,raw_fixed,4,0.5,fixed 0.5,7,CV17,cluster 4: Age,cluster,cardiovascular,1,0.6881554279688324,0.6574510403916769,0.030704387577155545,0.8064721663313212,0.7520246478873239,0.05444751844399731,0.5460457640091161,0.478965151535727,0.06708061247338909,0.15337400188564979,0.1607917235302357,0.007417721644585901,0.0050320916753633345,0.055741315016647724,1.046702165926855,1.0073966976654356,1.087521332711075,2000
KNeighbors,individual,KNeighbors,raw,Cached fitted individual; sigmoid fitted to cached training OOF,raw_threshold,4,0.6699999999999999,own validation,7,CV17,cluster 4: Age,cluster,cardiovascular,1,0.6972794008516857,0.6650249722530521,0.03225442859863359,0.8064721663313212,0.7520246478873239,0.05444751844399731,0.5460457640091161,0.478965151535727,0.06708061247338909,0.15337400188564979,0.1607917235302357,0.007417721644585901,0.003709754074416863,0.06316326792401106,1.0485010788231879,1.0055128043362422,1.0968874802623738,2000
KNeighbors,individual,KNeighbors,sigmoid,Cached fitted individual; sigmoid fitted to cached training OOF,sigmoid,5,0.3499999999999999,own validation,7,CV17,cluster 4: Age,cluster,cardiovascular,1,0.6976584022038568,0.6612284418430268,0.036429960360830016,0.8064721663313212,0.7520246478873239,0.05444751844399731,0.5460457640091161,0.478965151535727,0.06708061247338909,0.12163144832469219,0.13020431847157343,0.00857287014688124,0.008713565220266697,0.06515117432655329,1.0550943638469175,1.0132157885919342,1.101584272588286,2000
RandomForest,individual,RandomForest,raw,Cached fitted individual; sigmoid fitted to cached training OOF,raw_fixed,6,0.5,fixed 0.5,7,CV17,cluster 4: Age,cluster,cardiovascular,1,0.7417235790637324,0.6782820006159476,0.06344157844778486,0.8438883299798793,0.7578680415828303,0.086020288397049,0.6308391905099286,0.4990817394871471,0.13175745102278152,0.13488980382932303,0.14016258341002727,0.00527277958070424,0.027888158279750507,0.10264875215446509,1.0935327465422546,1.039714666051975,1.1587035623708173,2000
RandomForest,individual,RandomForest,raw,Cached fitted individual; sigmoid fitted to cached training OOF,raw_threshold,6,0.5299999999999999,own validation,7,CV17,cluster 4: Age,cluster,cardiovascular,1,0.7450960369852015,0.6730431235071856,0.0720529134780159,0.8438883299798793,0.7578680415828303,0.086020288397049,0.6308391905099286,0.4990817394871471,0.13175745102278152,0.13488980382932303,0.14016258341002727,0.00527277958070424,0.03287813308133544,0.11317860285649128,1.1070554188304498,1.0473518002417823,1.1756990944063013,2000
RandomForest,individual,RandomForest,sigmoid,Cached fitted individual; sigmoid fitted to cached training OOF,sigmoid,7,0.33999999999999997,own validation,7,CV17,cluster 4: Age,cluster,cardiovascular,1,0.7570925553319919,0.6678163360451862,0.08927621928680574,0.8438883299798793,0.7578680415828303,0.086020288397049,0.6308391905099286,0.4990817394871471,0.13175745102278152,0.10663169271947372,0.1285583018516007,0.021926609132126976,0.05227047389145957,0.12999762379444055,1.1336837906893686,1.0755869301814827,1.2029877219668608,2000
AdaBoost,individual,AdaBoost,raw,Cached fitted individual; sigmoid fitted to cached training OOF,raw_fixed,8,0.5,fixed 0.5,7,CV17,cluster 4: Age,cluster,cardiovascular,1,0.7019006243027696,0.6822483135868243,0.01965231071594531,0.8237592219986586,0.7485831656606304,0.07517605633802815,0.5763065060045852,0.45630759809870786,0.11999890790587736,0.1964828308600174,0.20594792873007015,0.009465097870052758,-0.014108156013993525,0.05287376939074396,1.0288052169929538,0.9801374790551741,1.079410706199702,2000
AdaBoost,individual,AdaBoost,raw,Cached fitted individual; sigmoid fitted to cached training OOF,raw_threshold,8,0.5399999999999999,own validation,7,CV17,cluster 4: Age,cluster,cardiovascular,1,0.7362850277514552,0.6689874657265962,0.06729756202485904,0.8237592219986586,0.7485831656606304,0.07517605633802815,0.5763065060045852,0.45630759809870786,0.11999890790587736,0.1964828308600174,0.20594792873007015,0.009465097870052758,0.028082722764419074,0.10830629931637016,1.1005961478691775,1.0407914957957882,1.16843404498649,2000
AdaBoost,individual,AdaBoost,sigmoid,Cached fitted individual; sigmoid fitted to cached training OOF,sigmoid,9,0.32999999999999996,own validation,7,CV17,cluster 4: Age,cluster,cardiovascular,1,0.7337982263321459,0.6697509967652148,0.0640472295669311,0.8237592219986586,0.7485831656606304,0.07517605633802815,0.5763065060045852,0.45630759809870786,0.11999890790587736,0.11428056911772555,0.13155602755029094,0.017275458432565394,0.026440506793110025,0.10389389153466656,1.0956284199295985,1.0379421637684978,1.1602640462182636,2000
MLP,individual,MLP,raw,Cached fitted individual; sigmoid fitted to cached training OOF,raw_fixed,10,0.5,fixed 0.5,7,CV17,cluster 4: Age,cluster,cardiovascular,1,0.7054598979906206,0.6933039076523597,0.01215599033826087,0.8405097250167672,0.771407612340711,0.06910211267605626,0.6221975471780146,0.5156498362771063,0.10654771090090831,0.14837885503664802,0.14637924279737036,-0.001999612239277665,-0.01911625498983265,0.04417207770852998,1.0175334225064778,0.9728173137818077,1.0660434340368798,2000
MLP,individual,MLP,raw,Cached fitted individual; sigmoid fitted to cached training OOF,raw_threshold,10,0.7499999999999999,own validation,7,CV17,cluster 4: Age,cluster,cardiovascular,1,0.7453939331666495,0.659527224435591,0.0858667087310585,0.8405097250167672,0.771407612340711,0.06910211267605626,0.6221975471780146,0.5156498362771063,0.10654771090090831,0.14837885503664802,0.14637924279737036,-0.001999612239277665,0.04677218516841398,0.1257885753431952,1.1301943355022854,1.0675086033590866,1.2015221249193646,2000
MLP,individual,MLP,sigmoid,Cached fitted individual; sigmoid fitted to cached training OOF,sigmoid,11,0.41999999999999993,own validation,7,CV17,cluster 4: Age,cluster,cardiovascular,1,0.7467307692307692,0.659527224435591,0.08720354479517822,0.8405097250167672,0.771407612340711,0.06910211267605626,0.6221975471780146,0.5156498362771063,0.10654771090090831,0.1069901165628567,0.12536407947050118,0.01837396290764448,0.04768902758568282,0.12781503716190315,1.1322212966565635,1.0694490396840304,1.2029658184139531,2000
GradientBoosting,individual,GradientBoosting,raw,Cached fitted individual; sigmoid fitted to cached training OOF,raw_fixed,12,0.5,fixed 0.5,7,CV17,cluster 4: Age,cluster,cardiovascular,1,0.72416251897349,0.6832533923666626,0.04090912660682744,0.8293678739101275,0.7463279678068411,0.08303990610328638,0.5888579484291103,0.46832814512243914,0.12052980330667118,0.1428185474058207,0.15125087753983177,0.008432330134011068,0.005910982257638267,0.07502656732547726,1.0598740190152967,1.008476708313603,1.1137731090517324,2000
GradientBoosting,individual,GradientBoosting,raw,Cached fitted individual; sigmoid fitted to cached training OOF,raw_threshold,12,0.5499999999999999,own validation,7,CV17,cluster 4: Age,cluster,cardiovascular,1,0.7400236880466473,0.69605332473257,0.04397036331407733,0.8293678739101275,0.7463279678068411,0.08303990610328638,0.5888579484291103,0.46832814512243914,0.12052980330667118,0.1428185474058207,0.15125087753983177,0.008432330134011068,0.009567941747495414,0.07670003688883785,1.0631709694526223,1.0133082695993594,1.1158669426823113,2000
GradientBoosting,individual,GradientBoosting,sigmoid,Cached fitted individual; sigmoid fitted to cached training OOF,sigmoid,13,0.29,own validation,7,CV17,cluster 4: Age,cluster,cardiovascular,1,0.7378650931143138,0.69605332473257,0.04181176838174383,0.8293678739101275,0.7463279678068411,0.08303990610328638,0.5888579484291103,0.46832814512243914,0.12052980330667118,0.11236137073535046,0.12951427655368886,0.017152905818338393,0.007203751414953036,0.07454169936219118,1.0600697775530463,1.010206088697889,1.1110682098416307,2000
XGBoost,individual,XGBoost,raw,Cached fitted individual; sigmoid fitted to cached training OOF,raw_fixed,14,0.5,fixed 0.5,7,CV17,cluster 4: Age,cluster,cardiovascular,1,0.7144805303793219,0.7042202514801621,0.010260278899159814,0.8388246143527833,0.7776701877934272,0.0611544265593561,0.6062699193355928,0.5136158566661257,0.09265406266946707,0.2018152974883635,0.2068186682158968,0.005003370727533318,-0.028261213277143836,0.04894511772722433,1.0145697015636717,0.9614561425887602,1.0724392092189539,2000
XGBoost,individual,XGBoost,raw,Cached fitted individual; sigmoid fitted to cached training OOF,raw_threshold,14,0.5299999999999999,own validation,7,CV17,cluster 4: Age,cluster,cardiovascular,1,0.7592721834496511,0.6717511589651562,0.08752102448449484,0.8388246143527833,0.7776701877934272,0.0611544265593561,0.6062699193355928,0.5136158566661257,0.09265406266946707,0.2018152974883635,0.2068186682158968,0.005003370727533318,0.05005283803966792,0.12712631130555774,1.1302878652555246,1.0707956273477157,1.1991886467315687,2000
XGBoost,individual,XGBoost,sigmoid,Cached fitted individual; sigmoid fitted to cached training OOF,sigmoid,15,0.31999999999999995,own validation,7,CV17,cluster 4: Age,cluster,cardiovascular,1,0.7486119537164402,0.6716569153748718,0.07695503834156836,0.8388246143527833,0.7776701877934272,0.0611544265593561,0.6062699193355928,0.5136158566661257,0.09265406266946707,0.10890968022913168,0.12657226754482367,0.017662587315691994,0.03886066436999676,0.11795798248623743,1.114574921481479,1.0559343156609546,1.1842268123340538,2000
paper,voting,"LogisticRegression,RandomForest,AdaBoost",raw,models/predictive_sensitivity/h7_CV17_paper.joblib,raw_fixed,16,0.5,fixed 0.5,7,CV17,cluster 4: Age,cluster,cardiovascular,1,0.719064834047819,0.6931285109106681,0.025936323137150885,0.8440727699530517,0.7682805164319249,0.07579225352112684,0.617963404042573,0.4935611645627423,0.1244022394798307,0.15810708391593867,0.1652978892482949,0.0071908053323562204,-0.00990174961902947,0.06414229030678006,1.0374192126407762,0.9860934762761684,1.0958936342009944,2000
paper,voting,"LogisticRegression,RandomForest,AdaBoost",raw,models/predictive_sensitivity/h7_CV17_paper.joblib,raw_threshold,16,0.43999999999999995,saved voting threshold (also applied to raw),7,CV17,cluster 4: Age,cluster,cardiovascular,1,0.6748584161766302,0.6657784545108489,0.009079961665781289,0.8440727699530517,0.7682805164319249,0.07579225352112684,0.617963404042573,0.4935611645627423,0.1244022394798307,0.15810708391593867,0.1652978892482949,0.0071908053323562204,-0.02271428930043997,0.039614581004525466,1.0136381128050358,0.966707475105168,1.0607842865775006,2000
paper,voting,"LogisticRegression,RandomForest,AdaBoost",sigmoid,models/predictive_sensitivity/h7_CV17_paper.joblib,sigmoid,17,0.43999999999999995,saved voting threshold (also applied to raw),7,CV17,cluster 4: Age,cluster,cardiovascular,1,0.7384422316831452,0.6596349539654337,0.07880727771771145,0.8440727699530517,0.7682805164319249,0.07579225352112684,0.617963404042573,0.4935611645627423,0.1244022394798307,0.10768249189922874,0.12781317099175438,0.02013067909252564,0.037018130361587,0.1235112174326998,1.1194710456805796,1.054275962229254,1.1957448590237987,2000
own,stacking,"KNeighbors,RandomForest,AdaBoost,MLP",raw,models/stacking_sensitivity/h7_CV17_own.joblib,raw_fixed,18,0.5,fixed 0.5,7,CV17,cluster 4: Age,cluster,cardiovascular,1,0.7298364878886543,0.6313408987795153,0.09849558910913903,0.8426391683433937,0.7689009054325956,0.0737382629107981,0.6237599106106847,0.4944650798474236,0.1292948307632611,0.10654148968679936,0.1268849740952882,0.02034348440848885,0.05476310891296077,0.14391809152641602,1.1560101512503738,1.0838772157584908,1.2386566115315838,2000
own,stacking,"KNeighbors,RandomForest,AdaBoost,MLP",raw,models/stacking_sensitivity/h7_CV17_own.joblib,raw_threshold,18,0.48999999999999994,saved stacking threshold,7,CV17,cluster 4: Age,cluster,cardiovascular,1,0.7271888482766964,0.6440177293325573,0.08317111894413909,0.8426391683433937,0.7689009054325956,0.0737382629107981,0.6237599106106847,0.4944650798474236,0.1292948307632611,0.10654148968679936,0.1268849740952882,0.02034348440848885,0.03876829735757921,0.12846076000950518,1.1291441448829918,1.0580012451712042,1.2090533893521482,2000
own,stacking,"KNeighbors,RandomForest,AdaBoost,MLP",sigmoid,models/stacking_sensitivity/h7_CV17_own.joblib,sigmoid,19,0.48999999999999994,saved stacking threshold,7,CV17,cluster 4: Age,cluster,cardiovascular,1,0.7298364878886543,0.637756467439786,0.09208002044886832,0.8426391683433937,0.7689009054325956,0.0737382629107981,0.6237599106106847,0.4944650798474236,0.1292948307632611,0.10671044744873101,0.12664380753539115,0.019933360086660135,0.04605930798181739,0.1381780935771589,1.1443811629516123,1.0690251707176812,1.2283628163942935,2000
own,stacking,"KNeighbors,RandomForest,AdaBoost,MLP",isotonic,models/stacking_sensitivity/h7_CV17_own.joblib,isotonic,20,0.42999999999999994,saved stacking threshold,7,CV17,cluster 4: Age,cluster,cardiovascular,1,0.7412137884572199,0.6513153390027799,0.08989844945443992,0.8405139168343394,0.7660295103957075,0.07448440643863186,0.5809162096170836,0.4686197684447979,0.11229644117228565,0.10909709189362679,0.12688848764310603,0.017791395749479244,0.04922549361333986,0.13212684123478774,1.1380259976558855,1.0727452327722364,1.2122970511339801,2000
paper,stacking,"LogisticRegression,RandomForest,AdaBoost",raw,models/stacking_sensitivity/h7_CV17_paper.joblib,raw_fixed,21,0.5,fixed 0.5,7,CV17,cluster 4: Age,cluster,cardiovascular,1,0.7075843972346976,0.6275115395058376,0.08007285772885997,0.8422199865861838,0.7721705231388329,0.07004946344735086,0.6034110778583436,0.49474826254848947,0.10866281530985411,0.1090676171732286,0.12804379016505046,0.01897617299182186,0.040848270228790666,0.1194828375646066,1.127603801185739,1.062086469434216,1.200148159515945,2000
paper,stacking,"LogisticRegression,RandomForest,AdaBoost",raw,models/stacking_sensitivity/h7_CV17_paper.joblib,raw_threshold,21,0.4799999999999999,saved stacking threshold,7,CV17,cluster 4: Age,cluster,cardiovascular,1,0.7350298381051587,0.6403272771559216,0.09470256094923701,0.8422199865861838,0.7721705231388329,0.07004946344735086,0.6034110778583436,0.49474826254848947,0.10866281530985411,0.1090676171732286,0.12804379016505046,0.01897617299182186,0.05207915294890726,0.1365422237073768,1.1478971212500395,1.0794451170948665,1.2232318834830824,2000
paper,stacking,"LogisticRegression,RandomForest,AdaBoost",sigmoid,models/stacking_sensitivity/h7_CV17_paper.joblib,sigmoid,22,0.4699999999999999,saved stacking threshold,7,CV17,cluster 4: Age,cluster,cardiovascular,1,0.7350298381051587,0.6403272771559216,0.09470256094923701,0.8422199865861838,0.7721705231388329,0.07004946344735086,0.6034110778583436,0.49474826254848947,0.10866281530985411,0.10912011138240431,0.12824516591080376,0.01912505452839945,0.05207915294890726,0.1365422237073768,1.1478971212500395,1.0794451170948665,1.2232318834830824,2000
paper,stacking,"LogisticRegression,RandomForest,AdaBoost",isotonic,models/stacking_sensitivity/h7_CV17_paper.joblib,isotonic,23,0.42999999999999994,saved stacking threshold,7,CV17,cluster 4: Age,cluster,cardiovascular,1,0.7137798908682395,0.6275115395058376,0.08626835136240185,0.8405809859154929,0.7655600268276325,0.07502095908786044,0.5821091827434924,0.46476823437744,0.11734094836605241,0.10980365067439943,0.12878323321582513,0.018979582541425705,0.046293144135182915,0.12562037943709572,1.1374769162497598,1.0709361363167558,1.2101177536062508,2000
LogisticRegression,individual,LogisticRegression,raw,Cached fitted individual; sigmoid fitted to cached training OOF,raw_fixed,0,0.5,fixed 0.5,7,CV17,cluster 5: Hypertension,cluster,cardiovascular,1,0.6978542510121457,0.7005082319869043,-0.002653980974758552,0.8400570087189806,0.8391767270288397,0.0008802816901408717,0.5851106263451289,0.5827604190428975,0.002350207302231344,0.16278896131831536,0.16298226938631105,0.00019330806799569555,-0.011956803928182607,0.007615870622045795,0.9962113493409908,0.9831781692320531,1.0109225741511745,2000
LogisticRegression,individual,LogisticRegression,raw,Cached fitted individual; sigmoid fitted to cached training OOF,raw_threshold,0,0.61,own validation,7,CV17,cluster 5: Hypertension,cluster,cardiovascular,1,0.7397061730021741,0.7433213650438105,-0.003615192041636406,0.8400570087189806,0.8391767270288397,0.0008802816901408717,0.5851106263451289,0.5827604190428975,0.002350207302231344,0.16278896131831536,0.16298226938631105,0.00019330806799569555,-0.013666908534845635,0.006229692111634682,0.9951364346409937,0.9815938083390873,1.0085165607101265,2000
LogisticRegression,individual,LogisticRegression,sigmoid,Cached fitted individual; sigmoid fitted to cached training OOF,sigmoid,1,0.32999999999999996,own validation,7,CV17,cluster 5: Hypertension,cluster,cardiovascular,1,0.7398703065405897,0.7422823989358048,-0.002412092395215115,0.8400570087189806,0.8391767270288397,0.0008802816901408717,0.5851106263451289,0.5827604190428975,0.002350207302231344,0.11154514911142789,0.11202088910838363,0.000475739996955743,-0.012919144099570712,0.008494383397453014,0.9967504383794182,0.9826478843763937,1.0112765996392605,2000
SVC,individual,SVC,raw,Cached fitted individual; sigmoid fitted to cached training OOF,raw_fixed,2,0.5,fixed 0.5,7,CV17,cluster 5: Hypertension,cluster,cardiovascular,1,0.7061175251250945,0.7035181995046238,0.002599325620470716,0.8287474849094567,0.8275192823608316,0.0012282025486251014,0.5532025204646347,0.5508799065370049,0.0023226139276297797,0.16366850142026806,0.163085137866019,-0.0005833635542490667,-0.006349018986041432,0.012246988540095309,1.0036947524915503,0.9908036059526568,1.0175416723578412,2000
SVC,individual,SVC,raw,Cached fitted individual; sigmoid fitted to cached training OOF,raw_threshold,2,0.7699999999999999,own validation,7,CV17,cluster 5: Hypertension,cluster,cardiovascular,1,0.7059667789344763,0.7101672535211268,-0.0042004745866504045,0.8287474849094567,0.8275192823608316,0.0012282025486251014,0.5532025204646347,0.5508799065370049,0.0023226139276297797,0.16366850142026806,0.163085137866019,-0.0005833635542490667,-0.022381308378627285,0.013536950603258182,0.994085231942442,0.9689515324490916,1.0193001869497562,2000
SVC,individual,SVC,sigmoid,Cached fitted individual; sigmoid fitted to cached training OOF,sigmoid,3,0.42999999999999994,own validation,7,CV17,cluster 5: Hypertension,cluster,cardiovascular,1,0.7059667789344763,0.7159792588364017,-0.01001247990192533,0.8287474849094567,0.8275192823608316,0.0012282025486251014,0.5532025204646347,0.5508799065370049,0.0023226139276297797,0.11597550866454256,0.11655677468403026,0.0005812660194877001,-0.0281969109012224,0.0069490420684853995,0.9860156844233205,0.9609897648716529,1.009939924338063,2000
KNeighbors,individual,KNeighbors,raw,Cached fitted individual; sigmoid fitted to cached training OOF,raw_fixed,4,0.5,fixed 0.5,7,CV17,cluster 5: Hypertension,cluster,cardiovascular,1,0.6881554279688324,0.6998127696524028,-0.011657341683570355,0.8064721663313212,0.794676391683434,0.01179577464788728,0.5460457640091161,0.5323244475640468,0.013721316445069243,0.15337400188564979,0.1567805304821815,0.003406528596531705,-0.03405730777933079,0.010242074300681577,0.9833421992437198,0.9525528930774394,1.0147244006390341,2000
KNeighbors,individual,KNeighbors,raw,Cached fitted individual; sigmoid fitted to cached training OOF,raw_threshold,4,0.6699999999999999,own validation,7,CV17,cluster 5: Hypertension,cluster,cardiovascular,1,0.6972794008516857,0.6914306201248694,0.005848780726816272,0.8064721663313212,0.794676391683434,0.01179577464788728,0.5460457640091161,0.5323244475640468,0.013721316445069243,0.15337400188564979,0.1567805304821815,0.003406528596531705,-0.017046482150730097,0.029714398286897346,1.008458955326219,0.9760772886102846,1.0444307527624588,2000
KNeighbors,individual,KNeighbors,sigmoid,Cached fitted individual; sigmoid fitted to cached training OOF,sigmoid,5,0.3499999999999999,own validation,7,CV17,cluster 5: Hypertension,cluster,cardiovascular,1,0.6976584022038568,0.6907145306642343,0.006943871539622504,0.8064721663313212,0.794676391683434,0.01179577464788728,0.5460457640091161,0.5323244475640468,0.013721316445069243,0.12163144832469219,0.12326706974144104,0.0016356214167488475,-0.01441204936383606,0.029555044009660164,1.0100531713629144,0.9792731310893277,1.0434183636762968,2000
RandomForest,individual,RandomForest,raw,Cached fitted individual; sigmoid fitted to cached training OOF,raw_fixed,6,0.5,fixed 0.5,7,CV17,cluster 5: Hypertension,cluster,cardiovascular,1,0.7417235790637324,0.7314850340022576,0.010238545061474813,0.8438883299798793,0.8415157612340711,0.002372568745808157,0.6308391905099286,0.6242584775349345,0.006580712974994185,0.13488980382932303,0.1376560897178447,0.00276628588852168,0.002324643293574541,0.019598965585493167,1.0139969303342482,1.003123260086765,1.0266493964009171,2000
RandomForest,individual,RandomForest,raw,Cached fitted individual; sigmoid fitted to cached training OOF,raw_threshold,6,0.5299999999999999,own validation,7,CV17,cluster 5: Hypertension,cluster,cardiovascular,1,0.7450960369852015,0.7411251326807407,0.003970904304460898,0.8438883299798793,0.8415157612340711,0.002372568745808157,0.6308391905099286,0.6242584775349345,0.006580712974994185,0.13488980382932303,0.1376560897178447,0.00276628588852168,-0.005043653141812246,0.013019134107849053,1.0053579404197206,0.9932300540802955,1.0175433345365748,2000
RandomForest,individual,RandomForest,sigmoid,Cached fitted individual; sigmoid fitted to cached training OOF,sigmoid,7,0.33999999999999997,own validation,7,CV17,cluster 5: Hypertension,cluster,cardiovascular,1,0.7570925553319919,0.7618530975371596,-0.004760542205167639,0.8438883299798793,0.8415157612340711,0.002372568745808157,0.6308391905099286,0.6242584775349345,0.006580712974994185,0.10663169271947372,0.10738325183006382,0.0007515591105901054,-0.013354385227393564,0.0027649762751129165,0.9937513646389875,0.9823595249150887,1.0036330508251716,2000
AdaBoost,individual,AdaBoost,raw,Cached fitted individual; sigmoid fitted to cached training OOF,raw_fixed,8,0.5,fixed 0.5,7,CV17,cluster 5: Hypertension,cluster,cardiovascular,1,0.7019006243027696,0.6809872090754334,0.02091341522733614,0.8237592219986586,0.8203596579476862,0.0033995640509724145,0.5763065060045852,0.5725774075363989,0.003729098468186365,0.1964828308600174,0.20250308722721885,0.006020256367201465,0.012911051900381063,0.030415615774128282,1.030710437653785,1.0184713258104867,1.0449348467856299,2000
AdaBoost,individual,AdaBoost,raw,Cached fitted individual; sigmoid fitted to cached training OOF,raw_threshold,8,0.5399999999999999,own validation,7,CV17,cluster 5: Hypertension,cluster,cardiovascular,1,0.7362850277514552,0.7323057228641983,0.003979304887256951,0.8237592219986586,0.8203596579476862,0.0033995640509724145,0.5763065060045852,0.5725774075363989,0.003729098468186365,0.1964828308600174,0.20250308722721885,0.006020256367201465,-0.010456722529697465,0.018483209724777572,1.0054339393548546,0.9859125066203259,1.0254815541627862,2000
AdaBoost,individual,AdaBoost,sigmoid,Cached fitted individual; sigmoid fitted to cached training OOF,sigmoid,9,0.32999999999999996,own validation,7,CV17,cluster 5: Hypertension,cluster,cardiovascular,1,0.7337982263321459,0.726328913611624,0.00746931272052187,0.8237592219986586,0.8203596579476862,0.0033995640509724145,0.5763065060045852,0.5725774075363989,0.003729098468186365,0.11428056911772555,0.11534649091476347,0.0010659217970379192,-0.007543477638751697,0.022312128544231473,1.0102836505342754,0.9897741225969915,1.031099931663462,2000
MLP,individual,MLP,raw,Cached fitted individual; sigmoid fitted to cached training OOF,raw_fixed,10,0.5,fixed 0.5,7,CV17,cluster 5: Hypertension,cluster,cardiovascular,1,0.7054598979906206,0.704393777034914,0.0010661209557065732,0.8405097250167672,0.8351945003353454,0.005315224681421871,0.6221975471780146,0.6130801807987694,0.009117366379245206,0.14837885503664802,0.14965262886259484,0.0012737738259468168,-0.011364767483754368,0.013560668081987514,1.001513529776192,0.9838843207839638,1.0194673025177645,2000
MLP,individual,MLP,raw,Cached fitted individual; sigmoid fitted to cached training OOF,raw_threshold,10,0.7499999999999999,own validation,7,CV17,cluster 5: Hypertension,cluster,cardiovascular,1,0.7453939331666495,0.7238885968556823,0.021505336310967182,0.8405097250167672,0.8351945003353454,0.005315224681421871,0.6221975471780146,0.6130801807987694,0.009117366379245206,0.14837885503664802,0.14965262886259484,0.0012737738259468168,0.004973799995599421,0.04060608014092737,1.0297080744252345,1.0070049024160717,1.0575332897595557,2000
MLP,individual,MLP,sigmoid,Cached fitted individual; sigmoid fitted to cached training OOF,sigmoid,11,0.41999999999999993,own validation,7,CV17,cluster 5: Hypertension,cluster,cardiovascular,1,0.7467307692307692,0.7249852086451118,0.021745560585657353,0.8405097250167672,0.8351945003353454,0.005315224681421871,0.6221975471780146,0.6130801807987694,0.009117366379245206,0.1069901165628567,0.1088375733377735,0.0018474567749167947,0.003371353376895006,0.04201665499160905,1.029994488613494,1.0045064488455901,1.0589787897138498,2000
GradientBoosting,individual,GradientBoosting,raw,Cached fitted individual; sigmoid fitted to cached training OOF,raw_fixed,12,0.5,fixed 0.5,7,CV17,cluster 5: Hypertension,cluster,cardiovascular,1,0.72416251897349,0.707394855440651,0.016767663532839094,0.8293678739101275,0.8252179745137491,0.0041498993963783315,0.5888579484291103,0.5810442308659068,0.007813717563203482,0.1428185474058207,0.1516002037762462,0.008781656370425495,0.006659395802765023,0.027537268393688988,1.0237034004472567,1.009288726885197,1.0391928305386875,2000
GradientBoosting,individual,GradientBoosting,raw,Cached fitted individual; sigmoid fitted to cached training OOF,raw_threshold,12,0.5499999999999999,own validation,7,CV17,cluster 5: Hypertension,cluster,cardiovascular,1,0.7400236880466473,0.7290063713926673,0.01101731665397998,0.8293678739101275,0.8252179745137491,0.0041498993963783315,0.5888579484291103,0.5810442308659068,0.007813717563203482,0.1428185474058207,0.1516002037762462,0.008781656370425495,-4.901628862985775e-05,0.022230434533477603,1.0151127851364767,0.9999334123568945,1.0307200979717874,2000
GradientBoosting,individual,GradientBoosting,sigmoid,Cached fitted individual; sigmoid fitted to cached training OOF,sigmoid,13,0.29,own validation,7,CV17,cluster 5: Hypertension,cluster,cardiovascular,1,0.7378650931143138,0.7269151843638137,0.01094990875050006,0.8293678739101275,0.8252179745137491,0.0041498993963783315,0.5888579484291103,0.5810442308659068,0.007813717563203482,0.11236137073535046,0.11361399499207363,0.0012526242567231644,-5.209289515578614e-05,0.022085532527819324,1.0150635300871906,0.9999286133853711,1.0307332505203113,2000
XGBoost,individual,XGBoost,raw,Cached fitted individual; sigmoid fitted to cached training OOF,raw_fixed,14,0.5,fixed 0.5,7,CV17,cluster 5: Hypertension,cluster,cardiovascular,1,0.7144805303793219,0.7196397818599312,-0.00515925148060925,0.8388246143527833,0.8375964118041583,0.0012282025486249903,0.6062699193355928,0.6010265713825649,0.005243347953027944,0.2018152974883635,0.19970067447023213,-0.0021146230181313674,-0.016109220595466427,0.005887948529716373,0.9928307861646072,0.9779669909241279,1.0081463338657282,2000
XGBoost,individual,XGBoost,raw,Cached fitted individual; sigmoid fitted to cached training OOF,raw_threshold,14,0.5299999999999999,own validation,7,CV17,cluster 5: Hypertension,cluster,cardiovascular,1,0.7592721834496511,0.7602408213728968,-0.000968637923245752,0.8388246143527833,0.8375964118041583,0.0012282025486249903,0.6062699193355928,0.6010265713825649,0.005243347953027944,0.2018152974883635,0.19970067447023213,-0.0021146230181313674,-0.0138783939165943,0.014012536778662741,0.9987258801474295,0.9816453044138901,1.018754798960231,2000
XGBoost,individual,XGBoost,sigmoid,Cached fitted individual; sigmoid fitted to cached training OOF,sigmoid,15,0.31999999999999995,own validation,7,CV17,cluster 5: Hypertension,cluster,cardiovascular,1,0.7486119537164402,0.7530790673052268,-0.004467113588786598,0.8388246143527833,0.8375964118041583,0.0012282025486249903,0.6062699193355928,0.6010265713825649,0.005243347953027944,0.10890968022913168,0.10985644641508509,0.0009467661859534071,-0.015900592785165778,0.00843759469218031,0.994068201092388,0.9790611009356713,1.011299328712311,2000
paper,voting,"LogisticRegression,RandomForest,AdaBoost",raw,models/predictive_sensitivity/h7_CV17_paper.joblib,raw_fixed,16,0.5,fixed 0.5,7,CV17,cluster 5: Hypertension,cluster,cardiovascular,1,0.719064834047819,0.7103266248762785,0.008738209171540445,0.8440727699530517,0.8427146210596915,0.001358148893360167,0.617963404042573,0.6129193653645656,0.005044038678007401,0.15810708391593867,0.1609793271029405,0.0028722431870018272,0.002165133553053819,0.01640101502397742,1.0123016776585876,1.003049852259868,1.0231424158227689,2000
paper,voting,"LogisticRegression,RandomForest,AdaBoost",raw,models/predictive_sensitivity/h7_CV17_paper.joblib,raw_threshold,16,0.43999999999999995,saved voting threshold (also applied to raw),7,CV17,cluster 5: Hypertension,cluster,cardiovascular,1,0.6748584161766302,0.6734018725613569,0.0014565436152733646,0.8440727699530517,0.8427146210596915,0.001358148893360167,0.617963404042573,0.6129193653645656,0.005044038678007401,0.15810708391593867,0.1609793271029405,0.0028722431870018272,-0.005921944973370091,0.008396736389164524,1.002162963416976,0.9910303007758472,1.0123565755525261,2000
paper,voting,"LogisticRegression,RandomForest,AdaBoost",sigmoid,models/predictive_sensitivity/h7_CV17_paper.joblib,sigmoid,17,0.43999999999999995,saved voting threshold (also applied to raw),7,CV17,cluster 5: Hypertension,cluster,cardiovascular,1,0.7384422316831452,0.7399481673454276,-0.0015059356622824094,0.8440727699530517,0.8427146210596915,0.001358148893360167,0.617963404042573,0.6129193653645656,0.005044038678007401,0.10768249189922874,0.10834610085252293,0.0006636089532941897,-0.014724811154495625,0.011362702482807038,0.9979648092545658,0.9799470367650281,1.0154166460264915,2000
own,stacking,"KNeighbors,RandomForest,AdaBoost,MLP",raw,models/stacking_sensitivity/h7_CV17_own.joblib,raw_fixed,18,0.5,fixed 0.5,7,CV17,cluster 5: Hypertension,cluster,cardiovascular,1,0.7298364878886543,0.7396840155311988,-0.009847527642544485,0.8426391683433937,0.8390677397719651,0.0035714285714285587,0.6237599106106847,0.6156977198674104,0.0080621907432743,0.10654148968679936,0.10830204964699676,0.0017605599601974026,-0.026963013358732777,0.007066003433507013,0.986686845415373,0.9640824842496544,1.0095576356553282,2000
own,stacking,"KNeighbors,RandomForest,AdaBoost,MLP",raw,models/stacking_sensitivity/h7_CV17_own.joblib,raw_threshold,18,0.48999999999999994,saved stacking threshold,7,CV17,cluster 5: Hypertension,cluster,cardiovascular,1,0.7271888482766964,0.7412137884572199,-0.01402494018052347,0.8426391683433937,0.8390677397719651,0.0035714285714285587,0.6237599106106847,0.6156977198674104,0.0080621907432743,0.10654148968679936,0.10830204964699676,0.0017605599601974026,-0.03085300650791172,0.0002505151194539784,0.9810784143536843,0.9580255562669766,1.0003559437811946,2000
own,stacking,"KNeighbors,RandomForest,AdaBoost,MLP",sigmoid,models/stacking_sensitivity/h7_CV17_own.joblib,sigmoid,19,0.48999999999999994,saved stacking threshold,7,CV17,cluster 5: Hypertension,cluster,cardiovascular,1,0.7298364878886543,0.7383344686648501,-0.00849798077619579,0.8426391683433937,0.8390677397719651,0.0035714285714285587,0.6237599106106847,0.6156977198674104,0.0080621907432743,0.10671044744873101,0.10840204828690188,0.0016916008381708675,-0.025624243268353428,0.008355365416105863,0.9884903371888314,0.9655876844114795,1.0114002659577355,2000
own,stacking,"KNeighbors,RandomForest,AdaBoost,MLP",isotonic,models/stacking_sensitivity/h7_CV17_own.joblib,isotonic,20,0.42999999999999994,saved stacking threshold,7,CV17,cluster 5: Hypertension,cluster,cardiovascular,1,0.7412137884572199,0.7399481673454276,0.0012656211117922922,0.8405139168343394,0.836531690140845,0.003982226693494351,0.5809162096170836,0.5716476554862944,0.009268554130789197,0.10909709189362679,0.11082729960512926,0.0017302077115024656,-0.013995199838427074,0.016706425965311415,1.0017104186044987,0.981074440793187,1.0227662400239734,2000
paper,stacking,"LogisticRegression,RandomForest,AdaBoost",raw,models/stacking_sensitivity/h7_CV17_paper.joblib,raw_fixed,21,0.5,fixed 0.5,7,CV17,cluster 5: Hypertension,cluster,cardiovascular,1,0.7075843972346976,0.7067643686755396,0.0008200285591579703,0.8422199865861838,0.8406354795439303,0.0015845070422535468,0.6034110778583436,0.598846776700434,0.004564301157909623,0.1090676171732286,0.10978865975588473,0.0007210425826561229,-0.011815519375881189,0.012643711790640362,1.0011602573580425,0.9833982414948227,1.0180866451732804,2000
paper,stacking,"LogisticRegression,RandomForest,AdaBoost",raw,models/stacking_sensitivity/h7_CV17_paper.joblib,raw_threshold,21,0.4799999999999999,saved stacking threshold,7,CV17,cluster 5: Hypertension,cluster,cardiovascular,1,0.7350298381051587,0.716956802063185,0.018073036041973634,0.8422199865861838,0.8406354795439303,0.0015845070422535468,0.6034110778583436,0.598846776700434,0.004564301157909623,0.1090676171732286,0.10978865975588473,0.0007210425826561229,0.004243908679344957,0.033331940319186494,1.0252079846232924,1.0061931265592903,1.0474445471105482,2000
paper,stacking,"LogisticRegression,RandomForest,AdaBoost",sigmoid,models/stacking_sensitivity/h7_CV17_paper.joblib,sigmoid,22,0.4699999999999999,saved stacking threshold,7,CV17,cluster 5: Hypertension,cluster,cardiovascular,1,0.7350298381051587,0.716956802063185,0.018073036041973634,0.8422199865861838,0.8406354795439303,0.0015845070422535468,0.6034110778583436,0.598846776700434,0.004564301157909623,0.10912011138240431,0.10977957501608426,0.0006594636336799548,0.004243908679344957,0.033331940319186494,1.0252079846232924,1.0061931265592903,1.0474445471105482,2000
paper,stacking,"LogisticRegression,RandomForest,AdaBoost",isotonic,models/stacking_sensitivity/h7_CV17_paper.joblib,isotonic,23,0.42999999999999994,saved stacking threshold,7,CV17,cluster 5: Hypertension,cluster,cardiovascular,1,0.7137798908682395,0.7054679637705468,0.008311927097692684,0.8405809859154929,0.8361837692823608,0.004397216633132084,0.5821091827434924,0.5766791947019667,0.005429988041525724,0.10980365067439943,0.11151091558987865,0.0017072649154792202,-0.00332005770913269,0.02091850629041868,1.011782146779944,0.9954399911172762,1.0300356433966897,2000
LogisticRegression,individual,LogisticRegression,raw,Cached fitted individual; sigmoid fitted to cached training OOF,raw_fixed,0,0.5,fixed 0.5,7,CV17,cluster 6: Diabetes,cluster,cardiovascular,1,0.6978542510121457,0.695942641850914,0.0019116091612316755,0.8400570087189806,0.8387491616364856,0.001307847082494984,0.5851106263451289,0.5999697595359661,-0.014859133190837204,0.16278896131831536,0.16146285412931713,-0.0013261071889982268,-0.014472578567504868,0.01785204465084575,1.0027467912530084,0.9795807141014073,1.0261689639094727,2000
LogisticRegression,individual,LogisticRegression,raw,Cached fitted individual; sigmoid fitted to cached training OOF,raw_threshold,0,0.61,own validation,7,CV17,cluster 6: Diabetes,cluster,cardiovascular,1,0.7397061730021741,0.7545255005383029,-0.014819327536128801,0.8400570087189806,0.8387491616364856,0.001307847082494984,0.5851106263451289,0.5999697595359661,-0.014859133190837204,0.16278896131831536,0.16146285412931713,-0.0013261071889982268,-0.035372594318386824,0.006703151460627497,0.9803594079649314,0.9535276722638335,1.008868475563683,2000
LogisticRegression,individual,LogisticRegression,sigmoid,Cached fitted individual; sigmoid fitted to cached training OOF,sigmoid,1,0.32999999999999996,own validation,7,CV17,cluster 6: Diabetes,cluster,cardiovascular,1,0.7398703065405897,0.7498623008110008,-0.009991994270411086,0.8400570087189806,0.8387491616364856,0.001307847082494984,0.5851106263451289,0.5999697595359661,-0.014859133190837204,0.11154514911142789,0.11015010534594424,-0.0013950437654836473,-0.03016265047650966,0.012315784719008233,0.9866748944978239,0.9598265262742246,1.0166044601564925,2000
SVC,individual,SVC,raw,Cached fitted individual; sigmoid fitted to cached training OOF,raw_fixed,2,0.5,fixed 0.5,7,CV17,cluster 6: Diabetes,cluster,cardiovascular,1,0.7061175251250945,0.6997720364741642,0.00634548865093032,0.8287474849094567,0.8282612340710932,0.00048625083836351113,0.5532025204646347,0.559803200938231,-0.006600680473596299,0.16366850142026806,0.1615066773747861,-0.002161824045481958,-0.00917787799022057,0.024016570975304866,1.0090679368711308,0.9871608694001647,1.0345866116151332,2000
SVC,individual,SVC,raw,Cached fitted individual; sigmoid fitted to cached training OOF,raw_threshold,2,0.7699999999999999,own validation,7,CV17,cluster 6: Diabetes,cluster,cardiovascular,1,0.7059667789344763,0.7097870800410158,-0.0038203011065394143,0.8287474849094567,0.8282612340710932,0.00048625083836351113,0.5532025204646347,0.559803200938231,-0.006600680473596299,0.16366850142026806,0.1615066773747861,-0.002161824045481958,-0.026670589973376155,0.01817819337431765,0.9946176801269493,0.9635208861936823,1.026611455244549,2000
SVC,individual,SVC,sigmoid,Cached fitted individual; sigmoid fitted to cached training OOF,sigmoid,3,0.42999999999999994,own validation,7,CV17,cluster 6: Diabetes,cluster,cardiovascular,1,0.7059667789344763,0.7097870800410158,-0.0038203011065394143,0.8287474849094567,0.8282612340710932,0.00048625083836351113,0.5532025204646347,0.559803200938231,-0.006600680473596299,0.11597550866454256,0.11515966261407422,-0.0008158460504683468,-0.026670589973376155,0.01817819337431765,0.9946176801269493,0.9635208861936823,1.026611455244549,2000
KNeighbors,individual,KNeighbors,raw,Cached fitted individual; sigmoid fitted to cached training OOF,raw_fixed,4,0.5,fixed 0.5,7,CV17,cluster 6: Diabetes,cluster,cardiovascular,1,0.6881554279688324,0.7011488200570555,-0.012993392088223032,0.8064721663313212,0.8096495640509725,-0.0031773977196513092,0.5460457640091161,0.5677023642394771,-0.02165660023036098,0.15337400188564979,0.1491804916828887,-0.004193510202761097,-0.03198556132308928,0.006988095105254771,0.9814684247958005,0.9548059149917829,1.0100193673004552,2000
KNeighbors,individual,KNeighbors,raw,Cached fitted individual; sigmoid fitted to cached training OOF,raw_threshold,4,0.6699999999999999,own validation,7,CV17,cluster 6: Diabetes,cluster,cardiovascular,1,0.6972794008516857,0.7025745257452575,-0.0052951248935717565,0.8064721663313212,0.8096495640509725,-0.0031773977196513092,0.5460457640091161,0.5677023642394771,-0.02165660023036098,0.15337400188564979,0.1491804916828887,-0.004193510202761097,-0.026357763191430312,0.016064401583657045,0.992463255214164,0.9633872196809594,1.0233853624090163,2000
KNeighbors,individual,KNeighbors,sigmoid,Cached fitted individual; sigmoid fitted to cached training OOF,sigmoid,5,0.3499999999999999,own validation,7,CV17,cluster 6: Diabetes,cluster,cardiovascular,1,0.6976584022038568,0.7017663043478262,-0.004107902143969389,0.8064721663313212,0.8096495640509725,-0.0031773977196513092,0.5460457640091161,0.5677023642394771,-0.02165660023036098,0.12163144832469219,0.12096346468484209,-0.0006679836398501005,-0.02468132936852177,0.017756355353117176,0.9941463388616428,0.9651280727703406,1.0256064418628794,2000
RandomForest,individual,RandomForest,raw,Cached fitted individual; sigmoid fitted to cached training OOF,raw_fixed,6,0.5,fixed 0.5,7,CV17,cluster 6: Diabetes,cluster,cardiovascular,1,0.7417235790637324,0.7385658820438468,0.0031576970198856635,0.8438883299798793,0.8411217303822938,0.0027665995975855173,0.6308391905099286,0.6327886152298965,-0.0019494247199678405,0.13488980382932303,0.1304691555077937,-0.00442064832152933,-0.010648530444093715,0.01741655916147063,1.004275443933515,0.9858524162605034,1.024038148838087,2000
RandomForest,individual,RandomForest,raw,Cached fitted individual; sigmoid fitted to cached training OOF,raw_threshold,6,0.5299999999999999,own validation,7,CV17,cluster 6: Diabetes,cluster,cardiovascular,1,0.7450960369852015,0.7312585379882702,0.013837498996931319,0.8438883299798793,0.8411217303822938,0.0027665995975855173,0.6308391905099286,0.6327886152298965,-0.0019494247199678405,0.13488980382932303,0.1304691555077937,-0.00442064832152933,0.001238358043017504,0.028609519988755907,1.018922854610353,1.001687646946539,1.0398675241547757,2000
RandomForest,individual,RandomForest,sigmoid,Cached fitted individual; sigmoid fitted to cached training OOF,sigmoid,7,0.33999999999999997,own validation,7,CV17,cluster 6: Diabetes,cluster,cardiovascular,1,0.7570925553319919,0.737586410793958,0.019506144538033898,0.8438883299798793,0.8411217303822938,0.0027665995975855173,0.6308391905099286,0.6327886152298965,-0.0019494247199678405,0.10663169271947372,0.10736748160614887,0.0007357888866751511,0.006064468513098942,0.035469003698385036,1.0264459109503346,1.0080354340052153,1.049715548525489,2000
AdaBoost,individual,AdaBoost,raw,Cached fitted individual; sigmoid fitted to cached training OOF,raw_fixed,8,0.5,fixed 0.5,7,CV17,cluster 6: Diabetes,cluster,cardiovascular,1,0.7019006243027696,0.7023378530537536,-0.00043722875098406444,0.8237592219986586,0.8220950704225352,0.0016641515761234293,0.5763065060045852,0.580897645428859,-0.004591139424273805,0.1964828308600174,0.19519961498546828,-0.001283215874549104,-0.00857249754757452,0.008193323787187344,0.9993774666293679,0.9878246232513515,1.0118233073906175,2000
AdaBoost,individual,AdaBoost,raw,Cached fitted individual; sigmoid fitted to cached training OOF,raw_threshold,8,0.5399999999999999,own validation,7,CV17,cluster 6: Diabetes,cluster,cardiovascular,1,0.7362850277514552,0.7325582393067056,0.003726788444749607,0.8237592219986586,0.8220950704225352,0.0016641515761234293,0.5763065060045852,0.580897645428859,-0.004591139424273805,0.1964828308600174,0.19519961498546828,-0.001283215874549104,-0.005090902622186447,0.013959956524348624,1.0050873613110634,0.9931619390260767,1.0190940274510616,2000
AdaBoost,individual,AdaBoost,sigmoid,Cached fitted individual; sigmoid fitted to cached training OOF,sigmoid,9,0.32999999999999996,own validation,7,CV17,cluster 6: Diabetes,cluster,cardiovascular,1,0.7337982263321459,0.7300676368108219,0.0037305895213239904,0.8237592219986586,0.8220950704225352,0.0016641515761234293,0.5763065060045852,0.580897645428859,-0.004591139424273805,0.11428056911772555,0.1141537571003,-0.00012681201742555104,-0.005072214198223871,0.013914471198607222,1.0051099231539977,0.9931851201924264,1.01911694993961,2000
MLP,individual,MLP,raw,Cached fitted individual; sigmoid fitted to cached training OOF,raw_fixed,10,0.5,fixed 0.5,7,CV17,cluster 6: Diabetes,cluster,cardiovascular,1,0.7054598979906206,0.7065281670223433,-0.0010682690317227461,0.8405097250167672,0.8415325285043594,-0.0010228034875922054,0.6221975471780146,0.6352888773850927,-0.013091330207078089,0.14837885503664802,0.14984553970500405,0.001466684668356033,-0.01448679336913151,0.01328618961250136,0.998488002203472,0.9794856784322725,1.0188694496332884,2000
MLP,individual,MLP,raw,Cached fitted individual; sigmoid fitted to cached training OOF,raw_threshold,10,0.7499999999999999,own validation,7,CV17,cluster 6: Diabetes,cluster,cardiovascular,1,0.7453939331666495,0.7547034813598359,-0.009309548193186412,0.8405097250167672,0.8415325285043594,-0.0010228034875922054,0.6221975471780146,0.6352888773850927,-0.013091330207078089,0.14837885503664802,0.14984553970500405,0.001466684668356033,-0.03053448843033559,0.011907659066078618,0.987664627998784,0.9599116505155829,1.0160001731586554,2000
MLP,individual,MLP,sigmoid,Cached fitted individual; sigmoid fitted to cached training OOF,sigmoid,11,0.41999999999999993,own validation,7,CV17,cluster 6: Diabetes,cluster,cardiovascular,1,0.7467307692307692,0.7467247295897056,6.0396410636043285e-06,0.8405097250167672,0.8415325285043594,-0.0010228034875922054,0.6221975471780146,0.6352888773850927,-0.013091330207078089,0.1069901165628567,0.10566094271257202,-0.001329173850284679,-0.02092287264803839,0.021952479150990342,1.0000080881760363,0.9726233667778551,1.0297106784209982,2000
GradientBoosting,individual,GradientBoosting,raw,Cached fitted individual; sigmoid fitted to cached training OOF,raw_fixed,12,0.5,fixed 0.5,7,CV17,cluster 6: Diabetes,cluster,cardiovascular,1,0.72416251897349,0.7252254452373845,-0.0010629262638944814,0.8293678739101275,0.8274228705566734,0.0019450033534540445,0.5888579484291103,0.5952627299965093,-0.006404781567398987,0.1428185474058207,0.13926235092107606,-0.0035561964847446448,-0.011292730977451574,0.01094058787034443,0.998534350565228,0.9842807073332365,1.015199394054766,2000
GradientBoosting,individual,GradientBoosting,raw,Cached fitted individual; sigmoid fitted to cached training OOF,raw_threshold,12,0.5499999999999999,own validation,7,CV17,cluster 6: Diabetes,cluster,cardiovascular,1,0.7400236880466473,0.7373749145378831,0.002648773508764246,0.8293678739101275,0.8274228705566734,0.0019450033534540445,0.5888579484291103,0.5952627299965093,-0.006404781567398987,0.1428185474058207,0.13926235092107606,-0.0035561964847446448,-0.008044233896443088,0.014465249422798176,1.003592166558072,0.9893946799891278,1.0199874544715344,2000
GradientBoosting,individual,GradientBoosting,sigmoid,Cached fitted individual; sigmoid fitted to cached training OOF,sigmoid,13,0.29,own validation,7,CV17,cluster 6: Diabetes,cluster,cardiovascular,1,0.7378650931143138,0.7351484425934396,0.0027166505208742198,0.8293678739101275,0.8274228705566734,0.0019450033534540445,0.5888579484291103,0.5952627299965093,-0.006404781567398987,0.11236137073535046,0.11245904128716136,9.767055181089668e-05,-0.007924869632442804,0.014558625381706254,1.003695376829325,0.9894678593011719,1.0200842566766584,2000
XGBoost,individual,XGBoost,raw,Cached fitted individual; sigmoid fitted to cached training OOF,raw_fixed,14,0.5,fixed 0.5,7,CV17,cluster 6: Diabetes,cluster,cardiovascular,1,0.7144805303793219,0.7166511315961699,-0.0021706012168479782,0.8388246143527833,0.8391725352112676,-0.0003479208584842297,0.6062699193355928,0.6200167582026062,-0.013746838867013333,0.2018152974883635,0.19962440139048832,-0.002190896097875178,-0.013996549296750394,0.011142444404765335,0.9969711884609552,0.9804646539363616,1.0157339459074992,2000
XGBoost,individual,XGBoost,raw,Cached fitted individual; sigmoid fitted to cached training OOF,raw_threshold,14,0.5299999999999999,own validation,7,CV17,cluster 6: Diabetes,cluster,cardiovascular,1,0.7592721834496511,0.7561498913446758,0.003122292104975277,0.8388246143527833,0.8391725352112676,-0.0003479208584842297,0.6062699193355928,0.6200167582026062,-0.013746838867013333,0.2018152974883635,0.19962440139048832,-0.002190896097875178,-0.006960974258530764,0.014839171291100205,1.004129197320154,0.9909731864689383,1.0199982261207454,2000
XGBoost,individual,XGBoost,sigmoid,Cached fitted individual; sigmoid fitted to cached training OOF,sigmoid,15,0.31999999999999995,own validation,7,CV17,cluster 6: Diabetes,cluster,cardiovascular,1,0.7486119537164402,0.7480424712007543,0.0005694825156858929,0.8388246143527833,0.8391725352112676,-0.0003479208584842297,0.6062699193355928,0.6200167582026062,-0.013746838867013333,0.10890968022913168,0.10888466798684457,-2.5012242287111852e-05,-0.009879163745325617,0.012883320761327708,1.00076129703541,0.9867992906925778,1.017274362817315,2000
paper,voting,"LogisticRegression,RandomForest,AdaBoost",raw,models/predictive_sensitivity/h7_CV17_paper.joblib,raw_fixed,16,0.5,fixed 0.5,7,CV17,cluster 6: Diabetes,cluster,cardiovascular,1,0.719064834047819,0.7256024344107246,-0.006537600362905627,0.8440727699530517,0.8412139503688799,0.002858819584171779,0.617963404042573,0.6224487179224608,-0.00448531387988782,0.15810708391593867,0.1555085063309455,-0.002598577584993156,-0.021010151480840213,0.008029986434422124,0.9909901069058362,0.9714193691070322,1.0111705586537443,2000
paper,voting,"LogisticRegression,RandomForest,AdaBoost",raw,models/predictive_sensitivity/h7_CV17_paper.joblib,raw_threshold,16,0.43999999999999995,saved voting threshold (also applied to raw),7,CV17,cluster 6: Diabetes,cluster,cardiovascular,1,0.6748584161766302,0.6740035305536195,0.000854885623010726,0.8440727699530517,0.8412139503688799,0.002858819584171779,0.617963404042573,0.6224487179224608,-0.00448531387988782,0.15810708391593867,0.1555085063309455,-0.002598577584993156,-0.012558614470347193,0.013912480764668063,1.0012683696512814,0.9814931527469184,1.0208953711097397,2000
paper,voting,"LogisticRegression,RandomForest,AdaBoost",sigmoid,models/predictive_sensitivity/h7_CV17_paper.joblib,sigmoid,17,0.43999999999999995,saved voting threshold (also applied to raw),7,CV17,cluster 6: Diabetes,cluster,cardiovascular,1,0.7384422316831452,0.735518959779698,0.002923271903447211,0.8440727699530517,0.8412139503688799,0.002858819584171779,0.617963404042573,0.6224487179224608,-0.00448531387988782,0.10768249189922874,0.10775800247052854,7.551057129979999e-05,-0.01365298583988174,0.019902210127272807,1.0039744344650514,0.981219200815648,1.0272629963324953,2000
own,stacking,"KNeighbors,RandomForest,AdaBoost,MLP",raw,models/stacking_sensitivity/h7_CV17_own.joblib,raw_fixed,18,0.5,fixed 0.5,7,CV17,cluster 6: Diabetes,cluster,cardiovascular,1,0.7298364878886543,0.7334704269486878,-0.0036339390600335086,0.8426391683433937,0.8411049631120053,0.0015342052313883636,0.6237599106106847,0.6309673129636606,-0.0072074023529759,0.10654148968679936,0.10668223759321865,0.00014074790641929735,-0.01665481299086156,0.01102931361091587,0.9950455547674212,0.9771915976153497,1.015112736584824,2000
own,stacking,"KNeighbors,RandomForest,AdaBoost,MLP",raw,models/stacking_sensitivity/h7_CV17_own.joblib,raw_threshold,18,0.48999999999999994,saved stacking threshold,7,CV17,cluster 6: Diabetes,cluster,cardiovascular,1,0.7271888482766964,0.7408149438637244,-0.013626095587027987,0.8426391683433937,0.8411049631120053,0.0015342052313883636,0.6237599106106847,0.6309673129636606,-0.0072074023529759,0.10654148968679936,0.10668223759321865,0.00014074790641929735,-0.0310420928803837,0.002914208654209779,0.9816066135005849,0.9583864608679341,1.0039502676942553,2000
own,stacking,"KNeighbors,RandomForest,AdaBoost,MLP",sigmoid,models/stacking_sensitivity/h7_CV17_own.joblib,sigmoid,19,0.48999999999999994,saved stacking threshold,7,CV17,cluster 6: Diabetes,cluster,cardiovascular,1,0.7298364878886543,0.7350298381051587,-0.0051933502165043555,0.8426391683433937,0.8411049631120053,0.0015342052313883636,0.6237599106106847,0.6309673129636606,-0.0072074023529759,0.10671044744873101,0.10685107812671416,0.00014063067798314455,-0.019793782087381646,0.010171915464442922,0.9929345042238117,0.9731651025868422,1.0142475989241475,2000
own,stacking,"KNeighbors,RandomForest,AdaBoost,MLP",isotonic,models/stacking_sensitivity/h7_CV17_own.joblib,isotonic,20,0.42999999999999994,saved stacking threshold,7,CV17,cluster 6: Diabetes,cluster,cardiovascular,1,0.7412137884572199,0.7465284794595688,-0.005314691002348937,0.8405139168343394,0.8419014084507043,-0.0013874916163648665,0.5809162096170836,0.6032783559462219,-0.022362146329138355,0.10909709189362679,0.1067704602836687,-0.0023266316099580936,-0.022132106197536118,0.012480176648248109,0.9928807926976927,0.9704509989945507,1.01711876212775,2000
paper,stacking,"LogisticRegression,RandomForest,AdaBoost",raw,models/stacking_sensitivity/h7_CV17_paper.joblib,raw_fixed,21,0.5,fixed 0.5,7,CV17,cluster 6: Diabetes,cluster,cardiovascular,1,0.7075843972346976,0.7239431234798006,-0.01635872624510304,0.8422199865861838,0.8396294433266265,0.002590543259557321,0.6034110778583436,0.6135075695207648,-0.010096491662421214,0.1090676171732286,0.10891167711401073,-0.0001559400592178739,-0.037863002611610144,0.004708899116260679,0.9774032990789787,0.9484155937214002,1.0064477455704313,2000
paper,stacking,"LogisticRegression,RandomForest,AdaBoost",raw,models/stacking_sensitivity/h7_CV17_paper.joblib,raw_threshold,21,0.4799999999999999,saved stacking threshold,7,CV17,cluster 6: Diabetes,cluster,cardiovascular,1,0.7350298381051587,0.7215791977168227,0.013450640388335988,0.8422199865861838,0.8396294433266265,0.002590543259557321,0.6034110778583436,0.6135075695207648,-0.010096491662421214,0.1090676171732286,0.10891167711401073,-0.0001559400592178739,-0.0027283107047539833,0.03005557011732527,1.0186405600811328,0.9962446411717882,1.0430034359507705,2000
paper,stacking,"LogisticRegression,RandomForest,AdaBoost",sigmoid,models/stacking_sensitivity/h7_CV17_paper.joblib,sigmoid,22,0.4699999999999999,saved stacking threshold,7,CV17,cluster 6: Diabetes,cluster,cardiovascular,1,0.7350298381051587,0.7215791977168227,0.013450640388335988,0.8422199865861838,0.8396294433266265,0.002590543259557321,0.6034110778583436,0.6135075695207648,-0.010096491662421214,0.10912011138240431,0.10900070703017618,-0.00011940435222812518,-0.0027283107047539833,0.03005557011732527,1.0186405600811328,0.9962446411717882,1.0430034359507705,2000
paper,stacking,"LogisticRegression,RandomForest,AdaBoost",isotonic,models/stacking_sensitivity/h7_CV17_paper.joblib,isotonic,23,0.42999999999999994,saved stacking threshold,7,CV17,cluster 6: Diabetes,cluster,cardiovascular,1,0.7137798908682395,0.7212370907218196,-0.0074571998535801765,0.8405809859154929,0.8357813547954394,0.004799631120053549,0.5821091827434924,0.5844990977823926,-0.002389915038900181,0.10980365067439943,0.1098428770039271,3.9226329527672354e-05,-0.027620757645489467,0.012122710598696068,0.9896605430453986,0.962122827026414,1.0166254302424085,2000
LogisticRegression,individual,LogisticRegression,raw,Cached fitted individual; sigmoid fitted to cached training OOF,raw_fixed,0,0.5,fixed 0.5,7,CV17,cluster 7: Acute_MI,cluster,cardiovascular,1,0.6978542510121457,0.6968043083132456,0.0010499426989001304,0.8400570087189806,0.8380784708249497,0.0019785378940309073,0.5851106263451289,0.5736837863971287,0.0114268399480002,0.16278896131831536,0.1634733066086751,0.0006843452903597391,-0.004288709399994301,0.006879898147184473,1.0015067970825866,0.9939401769758883,1.0104295070746434,2000
LogisticRegression,individual,LogisticRegression,raw,Cached fitted individual; sigmoid fitted to cached training OOF,raw_threshold,0,0.61,own validation,7,CV17,cluster 7: Acute_MI,cluster,cardiovascular,1,0.7397061730021741,0.7374462309939502,0.002259942008223881,0.8400570087189806,0.8380784708249497,0.0019785378940309073,0.5851106263451289,0.5736837863971287,0.0114268399480002,0.16278896131831536,0.1634733066086751,0.0006843452903597391,-0.01360356666863131,0.019300995746702326,1.0030645515743946,0.981756602881481,1.026526655033483,2000
LogisticRegression,individual,LogisticRegression,sigmoid,Cached fitted individual; sigmoid fitted to cached training OOF,sigmoid,1,0.32999999999999996,own validation,7,CV17,cluster 7: Acute_MI,cluster,cardiovascular,1,0.7398703065405897,0.7387450697359341,0.0011252368046555938,0.8400570087189806,0.8380784708249497,0.0019785378940309073,0.5851106263451289,0.5736837863971287,0.0114268399480002,0.11154514911142789,0.11337265314044791,0.0018275040290200162,-0.016096039955974938,0.019608756038518464,1.0015231733526937,0.9783359085250719,1.0271060763937832,2000
SVC,individual,SVC,raw,Cached fitted individual; sigmoid fitted to cached training OOF,raw_fixed,2,0.5,fixed 0.5,7,CV17,cluster 7: Acute_MI,cluster,cardiovascular,1,0.7061175251250945,0.701208099370427,0.0049094257546674624,0.8287474849094567,0.8279929577464789,0.0007545271629778583,0.5532025204646347,0.5539717896728162,-0.0007692692081815444,0.16366850142026806,0.1630145209850142,-0.0006539804352538592,0.0,0.011410627611923116,1.007001381984999,1.0,1.0164916794987076,2000
SVC,individual,SVC,raw,Cached fitted individual; sigmoid fitted to cached training OOF,raw_threshold,2,0.7699999999999999,own validation,7,CV17,cluster 7: Acute_MI,cluster,cardiovascular,1,0.7059667789344763,0.7030218850978389,0.00294489383663743,0.8287474849094567,0.8279929577464789,0.0007545271629778583,0.5532025204646347,0.5539717896728162,-0.0007692692081815444,0.16366850142026806,0.1630145209850142,-0.0006539804352538592,0.0,0.00946894994758972,1.004188907769532,1.0,1.0139122229996385,2000
SVC,individual,SVC,sigmoid,Cached fitted individual; sigmoid fitted to cached training OOF,sigmoid,3,0.42999999999999994,own validation,7,CV17,cluster 7: Acute_MI,cluster,cardiovascular,1,0.7059667789344763,0.7059667789344763,0.0,0.8287474849094567,0.8279929577464789,0.0007545271629778583,0.5532025204646347,0.5539717896728162,-0.0007692692081815444,0.11597550866454256,0.11614668079536677,0.0001711721308242098,-0.008277622137786305,0.00846728667472243,1.0,0.9883965828481533,1.0119384365248503,2000
KNeighbors,individual,KNeighbors,raw,Cached fitted individual; sigmoid fitted to cached training OOF,raw_fixed,4,0.5,fixed 0.5,7,CV17,cluster 7: Acute_MI,cluster,cardiovascular,1,0.6881554279688324,0.6859188579541557,0.0022365700146766976,0.8064721663313212,0.8016264252179746,0.00484574111334668,0.5460457640091161,0.528291336575557,0.01775442743355904,0.15337400188564979,0.15269028415956584,-0.0006837177260839433,-0.011925778354370692,0.016052936987962205,1.003260691827817,0.9830322074989594,1.0236509174191288,2000
KNeighbors,individual,KNeighbors,raw,Cached fitted individual; sigmoid fitted to cached training OOF,raw_threshold,4,0.6699999999999999,own validation,7,CV17,cluster 7: Acute_MI,cluster,cardiovascular,1,0.6972794008516857,0.684894972027726,0.012384428823959737,0.8064721663313212,0.8016264252179746,0.00484574111334668,0.5460457640091161,0.528291336575557,0.01775442743355904,0.15337400188564979,0.15269028415956584,-0.0006837177260839433,-0.005907803686018495,0.033196884976266404,1.018082230604342,0.991450925159188,1.0488173738719782,2000
KNeighbors,individual,KNeighbors,sigmoid,Cached fitted individual; sigmoid fitted to cached training OOF,sigmoid,5,0.3499999999999999,own validation,7,CV17,cluster 7: Acute_MI,cluster,cardiovascular,1,0.6976584022038568,0.6911884487226954,0.006469953481161417,0.8064721663313212,0.8016264252179746,0.00484574111334668,0.5460457640091161,0.528291336575557,0.01775442743355904,0.12163144832469219,0.12336821475758097,0.001736766432888781,-0.009755869754815568,0.024433931020221265,1.009360621539781,0.9860497282907609,1.036278640943611,2000
RandomForest,individual,RandomForest,raw,Cached fitted individual; sigmoid fitted to cached training OOF,raw_fixed,6,0.5,fixed 0.5,7,CV17,cluster 7: Acute_MI,cluster,cardiovascular,1,0.7417235790637324,0.7455000142089858,-0.0037764351452533873,0.8438883299798793,0.8422786720321932,0.0016096579476860828,0.6308391905099286,0.6218557430111378,0.008983447498790875,0.13488980382932303,0.13490355844760438,1.3754618281347497e-05,-0.010315980493185158,0.0030128858539760915,0.9949343593919842,0.9860983988320682,1.0041185565383695,2000
RandomForest,individual,RandomForest,raw,Cached fitted individual; sigmoid fitted to cached training OOF,raw_threshold,6,0.5299999999999999,own validation,7,CV17,cluster 7: Acute_MI,cluster,cardiovascular,1,0.7450960369852015,0.7500338206877614,-0.004937783702559817,0.8438883299798793,0.8422786720321932,0.0016096579476860828,0.6308391905099286,0.6218557430111378,0.008983447498790875,0.13488980382932303,0.13490355844760438,1.3754618281347497e-05,-0.010128329841252134,-0.0011768457830994316,0.9934165852707388,0.9866162925437816,0.9983931683392638,2000
RandomForest,individual,RandomForest,sigmoid,Cached fitted individual; sigmoid fitted to cached training OOF,sigmoid,7,0.33999999999999997,own validation,7,CV17,cluster 7: Acute_MI,cluster,cardiovascular,1,0.7570925553319919,0.7572737881943785,-0.0001812328623865822,0.8438883299798793,0.8422786720321932,0.0016096579476860828,0.6308391905099286,0.6218557430111378,0.008983447498790875,0.10663169271947372,0.10774535442549132,0.0011136617060176074,-0.005595912259693997,0.005968109302799088,0.9997606772276924,0.9928174284882242,1.0080543555547778,2000
AdaBoost,individual,AdaBoost,raw,Cached fitted individual; sigmoid fitted to cached training OOF,raw_fixed,8,0.5,fixed 0.5,7,CV17,cluster 7: Acute_MI,cluster,cardiovascular,1,0.7019006243027696,0.7019006243027696,0.0,0.8237592219986586,0.8237592219986586,0.0,0.5763065060045852,0.5763065060045852,0.0,0.1964828308600174,0.1964828308600174,0.0,0.0,0.0,1.0,1.0,1.0,2000
AdaBoost,individual,AdaBoost,raw,Cached fitted individual; sigmoid fitted to cached training OOF,raw_threshold,8,0.5399999999999999,own validation,7,CV17,cluster 7: Acute_MI,cluster,cardiovascular,1,0.7362850277514552,0.7362850277514552,0.0,0.8237592219986586,0.8237592219986586,0.0,0.5763065060045852,0.5763065060045852,0.0,0.1964828308600174,0.1964828308600174,0.0,0.0,0.0,1.0,1.0,1.0,2000
AdaBoost,individual,AdaBoost,sigmoid,Cached fitted individual; sigmoid fitted to cached training OOF,sigmoid,9,0.32999999999999996,own validation,7,CV17,cluster 7: Acute_MI,cluster,cardiovascular,1,0.7337982263321459,0.7337982263321459,0.0,0.8237592219986586,0.8237592219986586,0.0,0.5763065060045852,0.5763065060045852,0.0,0.11428056911772555,0.11428056911772555,0.0,0.0,0.0,1.0,1.0,1.0,2000
MLP,individual,MLP,raw,Cached fitted individual; sigmoid fitted to cached training OOF,raw_fixed,10,0.5,fixed 0.5,7,CV17,cluster 7: Acute_MI,cluster,cardiovascular,1,0.7054598979906206,0.7008164642375169,0.004643433753103721,0.8405097250167672,0.8379359490274984,0.0025737759892688894,0.6221975471780146,0.605871973697086,0.016325573480928557,0.14837885503664802,0.15309038980281825,0.004711534766170228,-0.007201829144735975,0.015596399947041017,1.0066257486661014,0.9897757626556796,1.022610679530978,2000
MLP,individual,MLP,raw,Cached fitted individual; sigmoid fitted to cached training OOF,raw_threshold,10,0.7499999999999999,own validation,7,CV17,cluster 7: Acute_MI,cluster,cardiovascular,1,0.7453939331666495,0.7558836191432876,-0.01048968597663813,0.8405097250167672,0.8379359490274984,0.0025737759892688894,0.6221975471780146,0.605871973697086,0.016325573480928557,0.14837885503664802,0.15309038980281825,0.004711534766170228,-0.033370672664835725,0.010851910988773071,0.98612261767423,0.9567988142750132,1.014767192651105,2000
MLP,individual,MLP,sigmoid,Cached fitted individual; sigmoid fitted to cached training OOF,sigmoid,11,0.41999999999999993,own validation,7,CV17,cluster 7: Acute_MI,cluster,cardiovascular,1,0.7467307692307692,0.7532837428036409,-0.0065529735728716565,0.8405097250167672,0.8379359490274984,0.0025737759892688894,0.6221975471780146,0.605871973697086,0.016325573480928557,0.1069901165628567,0.10895770579041461,0.0019675892275579088,-0.02809115616749286,0.014270088990564945,0.9913007898610925,0.9628806809880106,1.019232249262881,2000
GradientBoosting,individual,GradientBoosting,raw,Cached fitted individual; sigmoid fitted to cached training OOF,raw_fixed,12,0.5,fixed 0.5,7,CV17,cluster 7: Acute_MI,cluster,cardiovascular,1,0.72416251897349,0.72416251897349,0.0,0.8293678739101275,0.8293678739101275,0.0,0.5888579484291103,0.5889231216336913,-6.517320458099274e-05,0.1428185474058207,0.14281901053946874,4.6313364804317914e-07,0.0,0.0,1.0,1.0,1.0,2000
GradientBoosting,individual,GradientBoosting,raw,Cached fitted individual; sigmoid fitted to cached training OOF,raw_threshold,12,0.5499999999999999,own validation,7,CV17,cluster 7: Acute_MI,cluster,cardiovascular,1,0.7400236880466473,0.7400236880466473,0.0,0.8293678739101275,0.8293678739101275,0.0,0.5888579484291103,0.5889231216336913,-6.517320458099274e-05,0.1428185474058207,0.14281901053946874,4.6313364804317914e-07,0.0,0.0,1.0,1.0,1.0,2000
GradientBoosting,individual,GradientBoosting,sigmoid,Cached fitted individual; sigmoid fitted to cached training OOF,sigmoid,13,0.29,own validation,7,CV17,cluster 7: Acute_MI,cluster,cardiovascular,1,0.7378650931143138,0.7378650931143138,0.0,0.8293678739101275,0.8293678739101275,0.0,0.5888579484291103,0.5889231216336913,-6.517320458099274e-05,0.11236137073535046,0.11235102520727239,-1.0345528078076205e-05,0.0,0.0,1.0,1.0,1.0,2000
XGBoost,individual,XGBoost,raw,Cached fitted individual; sigmoid fitted to cached training OOF,raw_fixed,14,0.5,fixed 0.5,7,CV17,cluster 7: Acute_MI,cluster,cardiovascular,1,0.7144805303793219,0.7168655272492744,-0.002384996869952527,0.8388246143527833,0.8376928236083165,0.0011317907444667874,0.6062699193355928,0.6007122741527867,0.0055576451828061035,0.2018152974883635,0.20167253642436975,-0.000142761063993746,-0.008096323419106474,0.003853282284671175,0.9966730205606286,0.9890141584100044,1.0054688454154512,2000
XGBoost,individual,XGBoost,raw,Cached fitted individual; sigmoid fitted to cached training OOF,raw_threshold,14,0.5299999999999999,own validation,7,CV17,cluster 7: Acute_MI,cluster,cardiovascular,1,0.7592721834496511,0.759478715106346,-0.00020653165669493045,0.8388246143527833,0.8376928236083165,0.0011317907444667874,0.6062699193355928,0.6007122741527867,0.0055576451828061035,0.2018152974883635,0.20167253642436975,-0.000142761063993746,-0.005378857166292927,0.006365155721630935,0.9997280612970622,0.9930338985717779,1.0085428455342076,2000
XGBoost,individual,XGBoost,sigmoid,Cached fitted individual; sigmoid fitted to cached training OOF,sigmoid,15,0.31999999999999995,own validation,7,CV17,cluster 7: Acute_MI,cluster,cardiovascular,1,0.7486119537164402,0.7502133712660028,-0.001601417549562667,0.8388246143527833,0.8376928236083165,0.0011317907444667874,0.6062699193355928,0.6007122741527867,0.0055576451828061035,0.10890968022913168,0.10985780408512326,0.0009481238559915783,-0.00975784456993561,0.0076605849309536135,0.9978653838882394,0.986858847601967,1.0102901339063333,2000
paper,voting,"LogisticRegression,RandomForest,AdaBoost",raw,models/predictive_sensitivity/h7_CV17_paper.joblib,raw_fixed,16,0.5,fixed 0.5,7,CV17,cluster 7: Acute_MI,cluster,cardiovascular,1,0.719064834047819,0.7183490162532078,0.0007158177946111621,0.8440727699530517,0.8422535211267606,0.0018192488262911422,0.617963404042573,0.6095830907711822,0.008380313271390771,0.15810708391593867,0.15840118308108453,0.0002940991651458613,-0.006468072024111526,0.008372264823664537,1.000996476334505,0.9909915060490679,1.0118666796938227,2000
paper,voting,"LogisticRegression,RandomForest,AdaBoost",raw,models/predictive_sensitivity/h7_CV17_paper.joblib,raw_threshold,16,0.43999999999999995,saved voting threshold (also applied to raw),7,CV17,cluster 7: Acute_MI,cluster,cardiovascular,1,0.6748584161766302,0.6718435638682794,0.003014852308350857,0.8440727699530517,0.8422535211267606,0.0018192488262911422,0.617963404042573,0.6095830907711822,0.008380313271390771,0.15810708391593867,0.15840118308108453,0.0002940991651458613,-0.001023755785972355,0.008016634776147525,1.0044874320012716,0.998499889280751,1.012002757718972,2000
paper,voting,"LogisticRegression,RandomForest,AdaBoost",sigmoid,models/predictive_sensitivity/h7_CV17_paper.joblib,sigmoid,17,0.43999999999999995,saved voting threshold (also applied to raw),7,CV17,cluster 7: Acute_MI,cluster,cardiovascular,1,0.7384422316831452,0.7313539040281971,0.007088327654948046,0.8440727699530517,0.8422535211267606,0.0018192488262911422,0.617963404042573,0.6095830907711822,0.008380313271390771,0.10768249189922874,0.10887650620298445,0.0011940143037557083,-0.002165327744822637,0.018956592865261055,1.0096920623735055,0.9969534744331617,1.0261863651385874,2000
own,stacking,"KNeighbors,RandomForest,AdaBoost,MLP",raw,models/stacking_sensitivity/h7_CV17_own.joblib,raw_fixed,18,0.5,fixed 0.5,7,CV17,cluster 7: Acute_MI,cluster,cardiovascular,1,0.7298364878886543,0.7211813274055255,0.008655160483128754,0.8426391683433937,0.8413648558014756,0.0012743125419181212,0.6237599106106847,0.6148184528324123,0.008941457778272377,0.10654148968679936,0.10735705660612402,0.0008155669193246617,-0.004163788014067679,0.02318315541167786,1.0120013651965531,0.9942050927777788,1.0326946589729091,2000
own,stacking,"KNeighbors,RandomForest,AdaBoost,MLP",raw,models/stacking_sensitivity/h7_CV17_own.joblib,raw_threshold,18,0.48999999999999994,saved stacking threshold,7,CV17,cluster 7: Acute_MI,cluster,cardiovascular,1,0.7271888482766964,0.7269691518677281,0.0002196964089682396,0.8426391683433937,0.8413648558014756,0.0012743125419181212,0.6237599106106847,0.6148184528324123,0.008941457778272377,0.10654148968679936,0.10735705660612402,0.0008155669193246617,-0.015438952823861813,0.01597992747354292,1.0003022087091369,0.9790842446168564,1.0224947750400935,2000
own,stacking,"KNeighbors,RandomForest,AdaBoost,MLP",sigmoid,models/stacking_sensitivity/h7_CV17_own.joblib,sigmoid,19,0.48999999999999994,saved stacking threshold,7,CV17,cluster 7: Acute_MI,cluster,cardiovascular,1,0.7298364878886543,0.7211813274055255,0.008655160483128754,0.8426391683433937,0.8413648558014756,0.0012743125419181212,0.6237599106106847,0.6148184528324123,0.008941457778272377,0.10671044744873101,0.10752494435065862,0.0008144969019276138,-0.004163788014067679,0.02318315541167786,1.0120013651965531,0.9942050927777788,1.0326946589729091,2000
own,stacking,"KNeighbors,RandomForest,AdaBoost,MLP",isotonic,models/stacking_sensitivity/h7_CV17_own.joblib,isotonic,20,0.42999999999999994,saved stacking threshold,7,CV17,cluster 7: Acute_MI,cluster,cardiovascular,1,0.7412137884572199,0.7425612516566389,-0.00134746319941903,0.8405139168343394,0.8406815895372234,-0.00016767270288398084,0.5809162096170836,0.5759040403267086,0.005012169290374957,0.10909709189362679,0.10921556446288387,0.00011847256925708038,-0.014763853922129528,0.012850421089564884,0.9981853844428148,0.9804416212655429,1.0175543691373576,2000
paper,stacking,"LogisticRegression,RandomForest,AdaBoost",raw,models/stacking_sensitivity/h7_CV17_paper.joblib,raw_fixed,21,0.5,fixed 0.5,7,CV17,cluster 7: Acute_MI,cluster,cardiovascular,1,0.7075843972346976,0.7106923934068312,-0.0031079961721336424,0.8422199865861838,0.8401827632461435,0.002037223340040306,0.6034110778583436,0.5942298266767594,0.009181251181584194,0.1090676171732286,0.11029081917592638,0.0012232020026977791,-0.019964283060830448,0.01585454320881781,0.9956268053507159,0.9717817941786511,1.0228557588330751,2000
paper,stacking,"LogisticRegression,RandomForest,AdaBoost",raw,models/stacking_sensitivity/h7_CV17_paper.joblib,raw_threshold,21,0.4799999999999999,saved stacking threshold,7,CV17,cluster 7: Acute_MI,cluster,cardiovascular,1,0.7350298381051587,0.721902891166902,0.013126946938256667,0.8422199865861838,0.8401827632461435,0.002037223340040306,0.6034110778583436,0.5942298266767594,0.009181251181584194,0.1090676171732286,0.11029081917592638,0.0012232020026977791,0.0024528913411681645,0.026814710905263366,1.0181838126690945,1.003504593223892,1.0381377833119276,2000
paper,stacking,"LogisticRegression,RandomForest,AdaBoost",sigmoid,models/stacking_sensitivity/h7_CV17_paper.joblib,sigmoid,22,0.4699999999999999,saved stacking threshold,7,CV17,cluster 7: Acute_MI,cluster,cardiovascular,1,0.7350298381051587,0.7232384723740851,0.011791365731073533,0.8422199865861838,0.8401827632461435,0.002037223340040306,0.6034110778583436,0.5942298266767594,0.009181251181584194,0.10912011138240431,0.11035823664992682,0.0012381252675225107,0.0013723224596182831,0.025406071715257546,1.0163035653957504,1.0018643642502645,1.0357831907122612,2000
paper,stacking,"LogisticRegression,RandomForest,AdaBoost",isotonic,models/stacking_sensitivity/h7_CV17_paper.joblib,isotonic,23,0.42999999999999994,saved stacking threshold,7,CV17,cluster 7: Acute_MI,cluster,cardiovascular,1,0.7137798908682395,0.7155176711031355,-0.0017377802348960136,0.8405809859154929,0.8400570087189806,0.0005239771965123152,0.5821091827434924,0.578159090799373,0.003950091944119438,0.10980365067439943,0.11054952167099903,0.0007458709965996041,-0.018319572500037445,0.0155620495855123,0.9975712965520239,0.9748381071653255,1.021866196460761,2000
LogisticRegression,individual,LogisticRegression,raw,Cached fitted individual; sigmoid fitted to cached training OOF,raw_fixed,0,0.5,fixed 0.5,7,CV17,all cardiovascular variables,block,cardiovascular,17,0.6978542510121457,0.44710327455919396,0.25075097645295175,0.8400570087189806,0.5,0.3400570087189806,0.5851106263451289,0.19134396355353117,0.3937666627915977,0.16278896131831536,0.19775486188859173,0.034965900570276376,0.21365110699844636,0.2895024630782895,1.560834578320123,1.4733935594290013,1.6542115325931337,2000
LogisticRegression,individual,LogisticRegression,raw,Cached fitted individual; sigmoid fitted to cached training OOF,raw_threshold,0,0.61,own validation,7,CV17,all cardiovascular variables,block,cardiovascular,17,0.7397061730021741,0.44710327455919396,0.29260289844298015,0.8400570087189806,0.5,0.3400570087189806,0.5851106263451289,0.19134396355353117,0.3937666627915977,0.16278896131831536,0.19775486188859173,0.034965900570276376,0.2541769350292032,0.3299966913176258,1.6544414122921867,1.5655278028963748,1.7438998477284187,2000
LogisticRegression,individual,LogisticRegression,sigmoid,Cached fitted individual; sigmoid fitted to cached training OOF,sigmoid,1,0.32999999999999996,own validation,7,CV17,all cardiovascular variables,block,cardiovascular,17,0.7398703065405897,0.44710327455919396,0.29276703198139575,0.8400570087189806,0.5,0.3400570087189806,0.5851106263451289,0.19134396355353117,0.3937666627915977,0.11154514911142789,0.160413580340336,0.04886843122890812,0.25401243096479204,0.3299612723291222,1.654808516600643,1.5654200534442282,1.7442086878841951,2000
SVC,individual,SVC,raw,Cached fitted individual; sigmoid fitted to cached training OOF,raw_fixed,2,0.5,fixed 0.5,7,CV17,all cardiovascular variables,block,cardiovascular,17,0.7061175251250945,0.44710327455919396,0.25901425056590055,0.8287474849094567,0.5,0.3287474849094567,0.5532025204646347,0.19134396355353117,0.3618585569111035,0.16366850142026806,0.16947576152682065,0.005807260106552581,0.22223962939644226,0.29688874924389635,1.5793163801389438,1.4914383496668129,1.6730422418023443,2000
SVC,individual,SVC,raw,Cached fitted individual; sigmoid fitted to cached training OOF,raw_threshold,2,0.7699999999999999,own validation,7,CV17,all cardiovascular variables,block,cardiovascular,17,0.7059667789344763,0.44710327455919396,0.2588635043752824,0.8287474849094567,0.5,0.3287474849094567,0.5532025204646347,0.19134396355353117,0.3618585569111035,0.16366850142026806,0.16947576152682065,0.005807260106552581,0.21870644283285096,0.2978749175371376,1.578979218236547,1.4864563471118686,1.6672856367210547,2000
SVC,individual,SVC,sigmoid,Cached fitted individual; sigmoid fitted to cached training OOF,sigmoid,3,0.42999999999999994,own validation,7,CV17,all cardiovascular variables,block,cardiovascular,17,0.7059667789344763,0.44710327455919396,0.2588635043752824,0.8287474849094567,0.5,0.3287474849094567,0.5532025204646347,0.19134396355353117,0.3618585569111035,0.11597550866454256,0.16290123000578563,0.046925721341243065,0.21870644283285096,0.2978749175371376,1.578979218236547,1.4864563471118686,1.6672856367210547,2000
KNeighbors,individual,KNeighbors,raw,Cached fitted individual; sigmoid fitted to cached training OOF,raw_fixed,4,0.5,fixed 0.5,7,CV17,all cardiovascular variables,block,cardiovascular,17,0.6881554279688324,0.44710327455919396,0.24105215340963848,0.8064721663313212,0.5,0.30647216633132124,0.5460457640091161,0.19134396355353117,0.3547018004555849,0.15337400188564979,0.15725761657091436,0.0038836146852645748,0.202099143691108,0.28051487858833346,1.5391419994570505,1.4458632911376408,1.632268188083948,2000
KNeighbors,individual,KNeighbors,raw,Cached fitted individual; sigmoid fitted to cached training OOF,raw_threshold,4,0.6699999999999999,own validation,7,CV17,all cardiovascular variables,block,cardiovascular,17,0.6972794008516857,0.44710327455919396,0.25017612629249175,0.8064721663313212,0.5,0.30647216633132124,0.5460457640091161,0.19134396355353117,0.3547018004555849,0.15337400188564979,0.15725761657091436,0.0038836146852645748,0.20729604025937803,0.2921557084871741,1.5595488571161646,1.4612283075822254,1.6583387948428099,2000
KNeighbors,individual,KNeighbors,sigmoid,Cached fitted individual; sigmoid fitted to cached training OOF,sigmoid,5,0.3499999999999999,own validation,7,CV17,all cardiovascular variables,block,cardiovascular,17,0.6976584022038568,0.44710327455919396,0.2505551276446628,0.8064721663313212,0.5,0.30647216633132124,0.5460457640091161,0.19134396355353117,0.3547018004555849,0.12163144832469219,0.15957022534149812,0.037938777016805925,0.20846910577602312,0.29181570267824086,1.5603965390136965,1.4650188700205466,1.6591164554019164,2000
RandomForest,individual,RandomForest,raw,Cached fitted individual; sigmoid fitted to cached training OOF,raw_fixed,6,0.5,fixed 0.5,7,CV17,all cardiovascular variables,block,cardiovascular,17,0.7417235790637324,0.44710327455919396,0.29462030450453847,0.8438883299798793,0.5,0.3438883299798793,0.6308391905099286,0.19134396355353117,0.4394952269563975,0.13488980382932303,0.15768775055332007,0.022797946723997042,0.25872780902775777,0.33186373814947917,1.6589535824693058,1.5739786304506769,1.7508535216571435,2000
RandomForest,individual,RandomForest,raw,Cached fitted individual; sigmoid fitted to cached training OOF,raw_threshold,6,0.5299999999999999,own validation,7,CV17,all cardiovascular variables,block,cardiovascular,17,0.7450960369852015,0.44710327455919396,0.2979927624260076,0.8438883299798793,0.5,0.3438883299798793,0.6308391905099286,0.19134396355353117,0.4394952269563975,0.13488980382932303,0.15768775055332007,0.022797946723997042,0.2611057060439314,0.3367746174057714,1.666496488355634,1.5798443306236758,1.7605444328006377,2000
RandomForest,individual,RandomForest,sigmoid,Cached fitted individual; sigmoid fitted to cached training OOF,sigmoid,7,0.33999999999999997,own validation,7,CV17,all cardiovascular variables,block,cardiovascular,17,0.7570925553319919,0.44710327455919396,0.30998928077279797,0.8438883299798793,0.5,0.3438883299798793,0.6308391905099286,0.19134396355353117,0.4394952269563975,0.10663169271947372,0.16536118537683078,0.058729492657357066,0.2718476178593176,0.34832187061912556,1.6933281378411311,1.6023624798408196,1.7830897372302752,2000
AdaBoost,individual,AdaBoost,raw,Cached fitted individual; sigmoid fitted to cached training OOF,raw_fixed,8,0.5,fixed 0.5,7,CV17,all cardiovascular variables,block,cardiovascular,17,0.7019006243027696,0.44710327455919396,0.2547973497435756,0.8237592219986586,0.5,0.3237592219986586,0.5763065060045852,0.19134396355353117,0.38496254245105405,0.1964828308600174,0.22080872846347527,0.02432589760345788,0.21752130942568337,0.29150786971679216,1.5698847766095747,1.482198343684574,1.6587076763905508,2000
AdaBoost,individual,AdaBoost,raw,Cached fitted individual; sigmoid fitted to cached training OOF,raw_threshold,8,0.5399999999999999,own validation,7,CV17,all cardiovascular variables,block,cardiovascular,17,0.7362850277514552,0.44710327455919396,0.28918175319226125,0.8237592219986586,0.5,0.3237592219986586,0.5763065060045852,0.19134396355353117,0.38496254245105405,0.1964828308600174,0.22080872846347527,0.02432589760345788,0.2507280132037826,0.32823084661199764,1.6467896113652265,1.5575217542658182,1.7398595249506466,2000
AdaBoost,individual,AdaBoost,sigmoid,Cached fitted individual; sigmoid fitted to cached training OOF,sigmoid,9,0.32999999999999996,own validation,7,CV17,all cardiovascular variables,block,cardiovascular,17,0.7337982263321459,0.44710327455919396,0.2866949517729519,0.8237592219986586,0.5,0.3237592219986586,0.5763065060045852,0.19134396355353117,0.38496254245105405,0.11428056911772555,0.160364711297275,0.04608414217954945,0.24731132724508106,0.3264473120671525,1.6412275822752784,1.5520976406255547,1.734565719255641,2000
MLP,individual,MLP,raw,Cached fitted individual; sigmoid fitted to cached training OOF,raw_fixed,10,0.5,fixed 0.5,7,CV17,all cardiovascular variables,block,cardiovascular,17,0.7054598979906206,0.44710327455919396,0.2583566234314266,0.8405097250167672,0.5,0.34050972501676724,0.6221975471780146,0.19134396355353117,0.4308535836244834,0.14837885503664802,0.24867317116612658,0.10029431612947856,0.22058876708474962,0.2949839241954541,1.5778455183226838,1.4869489021711342,1.6657062111219028,2000
MLP,individual,MLP,raw,Cached fitted individual; sigmoid fitted to cached training OOF,raw_threshold,10,0.7499999999999999,own validation,7,CV17,all cardiovascular variables,block,cardiovascular,17,0.7453939331666495,0.44710327455919396,0.2982906586074555,0.8405097250167672,0.5,0.34050972501676724,0.6221975471780146,0.19134396355353117,0.4308535836244834,0.14837885503664802,0.24867317116612658,0.10029431612947856,0.2582427567984609,0.3372501094964204,1.6671627688290696,1.5745868124934517,1.758768502882391,2000
MLP,individual,MLP,sigmoid,Cached fitted individual; sigmoid fitted to cached training OOF,sigmoid,11,0.41999999999999993,own validation,7,CV17,all cardiovascular variables,block,cardiovascular,17,0.7467307692307692,0.44710327455919396,0.29962749467157523,0.8405097250167672,0.5,0.34050972501676724,0.6221975471780146,0.19134396355353117,0.4308535836244834,0.1069901165628567,0.15525239534328295,0.04826227878042624,0.2603350314297316,0.3385191553420673,1.6701527627302275,1.5801892612072304,1.7619767050685593,2000
GradientBoosting,individual,GradientBoosting,raw,Cached fitted individual; sigmoid fitted to cached training OOF,raw_fixed,12,0.5,fixed 0.5,7,CV17,all cardiovascular variables,block,cardiovascular,17,0.72416251897349,0.44710327455919396,0.2770592444142961,0.8293678739101275,0.5,0.32936787391012745,0.5888579484291103,0.19134396355353117,0.39751398487557915,0.1428185474058207,0.2104591799528005,0.0676406325469798,0.24043700054866046,0.31441708987771533,1.6196761691970454,1.5332406951945259,1.709800617442734,2000
GradientBoosting,individual,GradientBoosting,raw,Cached fitted individual; sigmoid fitted to cached training OOF,raw_threshold,12,0.5499999999999999,own validation,7,CV17,all cardiovascular variables,block,cardiovascular,17,0.7400236880466473,0.44710327455919396,0.29292041348745335,0.8293678739101275,0.5,0.32936787391012745,0.5888579484291103,0.19134396355353117,0.39751398487557915,0.1428185474058207,0.2104591799528005,0.0676406325469798,0.25585854691829235,0.3297626573088205,1.6551515727015154,1.5680356683026193,1.7451895940681421,2000
GradientBoosting,individual,GradientBoosting,sigmoid,Cached fitted individual; sigmoid fitted to cached training OOF,sigmoid,13,0.29,own validation,7,CV17,all cardiovascular variables,block,cardiovascular,17,0.7378650931143138,0.44710327455919396,0.29076181855511984,0.8293678739101275,0.5,0.32936787391012745,0.5888579484291103,0.19134396355353117,0.39751398487557915,0.11236137073535046,0.15482768662148394,0.04246631588613348,0.2534126277925403,0.32810861219997894,1.6503236167120146,1.5619207231126788,1.7418941324751502,2000
XGBoost,individual,XGBoost,raw,Cached fitted individual; sigmoid fitted to cached training OOF,raw_fixed,14,0.5,fixed 0.5,7,CV17,all cardiovascular variables,block,cardiovascular,17,0.7144805303793219,0.44710327455919396,0.26737725582012795,0.8388246143527833,0.5,0.3388246143527833,0.6062699193355928,0.19134396355353117,0.41492595578206165,0.2018152974883635,0.21643522639415824,0.014619928905794749,0.2288402629862467,0.305145966605908,1.5980212425948777,1.5075282211232077,1.688663725106542,2000
XGBoost,individual,XGBoost,raw,Cached fitted individual; sigmoid fitted to cached training OOF,raw_threshold,14,0.5299999999999999,own validation,7,CV17,all cardiovascular variables,block,cardiovascular,17,0.7592721834496511,0.44710327455919396,0.3121689088904571,0.8388246143527833,0.5,0.3388246143527833,0.6062699193355928,0.19134396355353117,0.41492595578206165,0.2018152974883635,0.21643522639415824,0.014619928905794749,0.2753517614935763,0.349375126166447,1.6982031370676702,1.6127307750509372,1.7880635046281037,2000
XGBoost,individual,XGBoost,sigmoid,Cached fitted individual; sigmoid fitted to cached training OOF,sigmoid,15,0.31999999999999995,own validation,7,CV17,all cardiovascular variables,block,cardiovascular,17,0.7486119537164402,0.44710327455919396,0.3015086791572462,0.8388246143527833,0.5,0.3388246143527833,0.6062699193355928,0.19134396355353117,0.41492595578206165,0.10890968022913168,0.16383079598506003,0.054921115755928354,0.2643279141279061,0.3383878803367801,1.6743602570446576,1.5893985802332993,1.76306725265273,2000
paper,voting,"LogisticRegression,RandomForest,AdaBoost",raw,models/predictive_sensitivity/h7_CV17_paper.joblib,raw_fixed,16,0.5,fixed 0.5,7,CV17,all cardiovascular variables,block,cardiovascular,17,0.719064834047819,0.44710327455919396,0.271961559488625,0.8440727699530517,0.5,0.3440727699530517,0.617963404042573,0.19134396355353117,0.4266194404890418,0.15810708391593867,0.1846428913040995,0.02653580738816083,0.23431692018288153,0.3107608204150368,1.6082745865745585,1.5190883929794496,1.7017039767654787,2000
paper,voting,"LogisticRegression,RandomForest,AdaBoost",raw,models/predictive_sensitivity/h7_CV17_paper.joblib,raw_threshold,16,0.43999999999999995,saved voting threshold (also applied to raw),7,CV17,all cardiovascular variables,block,cardiovascular,17,0.6748584161766302,0.44710327455919396,0.22775514161743626,0.8440727699530517,0.5,0.3440727699530517,0.617963404042573,0.19134396355353117,0.4266194404890418,0.15810708391593867,0.1846428913040995,0.02653580738816083,0.18958330455335448,0.2655118051321598,1.5094016406880124,1.418782264049202,1.6011645196448168,2000
paper,voting,"LogisticRegression,RandomForest,AdaBoost",sigmoid,models/predictive_sensitivity/h7_CV17_paper.joblib,sigmoid,17,0.43999999999999995,saved voting threshold (also applied to raw),7,CV17,all cardiovascular variables,block,cardiovascular,17,0.7384422316831452,0.44710327455919396,0.2913389571239512,0.8440727699530517,0.5,0.3440727699530517,0.617963404042573,0.19134396355353117,0.4266194404890418,0.10768249189922874,0.16365366714621848,0.055971175246989746,0.25124919413286745,0.33099271792699897,1.65161445621526,1.5594501171653194,1.7459475340377202,2000
own,stacking,"KNeighbors,RandomForest,AdaBoost,MLP",raw,models/stacking_sensitivity/h7_CV17_own.joblib,raw_fixed,18,0.5,fixed 0.5,7,CV17,all cardiovascular variables,block,cardiovascular,17,0.7298364878886543,0.44710327455919396,0.28273321332946033,0.8426391683433937,0.5,0.3426391683433937,0.6237599106106847,0.19134396355353117,0.4324159470571535,0.10654148968679936,0.15813658531627564,0.051595095629476284,0.2413563406233481,0.32169327169434386,1.6323666799537788,1.5374154948278882,1.7236422198003751,2000
own,stacking,"KNeighbors,RandomForest,AdaBoost,MLP",raw,models/stacking_sensitivity/h7_CV17_own.joblib,raw_threshold,18,0.48999999999999994,saved stacking threshold,7,CV17,all cardiovascular variables,block,cardiovascular,17,0.7271888482766964,0.44710327455919396,0.2800855737175024,0.8426391683433937,0.5,0.3426391683433937,0.6237599106106847,0.19134396355353117,0.4324159470571535,0.10654148968679936,0.15813658531627564,0.051595095629476284,0.23890055160153253,0.31922944359930183,1.6264449169906956,1.532320208142068,1.7173172585051424,2000
own,stacking,"KNeighbors,RandomForest,AdaBoost,MLP",sigmoid,models/stacking_sensitivity/h7_CV17_own.joblib,sigmoid,19,0.48999999999999994,saved stacking threshold,7,CV17,all cardiovascular variables,block,cardiovascular,17,0.7298364878886543,0.44710327455919396,0.28273321332946033,0.8426391683433937,0.5,0.3426391683433937,0.6237599106106847,0.19134396355353117,0.4324159470571535,0.10671044744873101,0.15752707172718838,0.05081662427845737,0.2413563406233481,0.32169327169434386,1.6323666799537788,1.5374154948278882,1.7236422198003751,2000
own,stacking,"KNeighbors,RandomForest,AdaBoost,MLP",isotonic,models/stacking_sensitivity/h7_CV17_own.joblib,isotonic,20,0.42999999999999994,saved stacking threshold,7,CV17,all cardiovascular variables,block,cardiovascular,17,0.7412137884572199,0.44710327455919396,0.2941105138980259,0.8405139168343394,0.5,0.3405139168343394,0.5809162096170836,0.19134396355353117,0.3895722460635524,0.10909709189362679,0.1549902180120771,0.04589312611845031,0.2544281485763101,0.3337475527566305,1.6578133747465706,1.5669075608581324,1.7507573448960505,2000
paper,stacking,"LogisticRegression,RandomForest,AdaBoost",raw,models/stacking_sensitivity/h7_CV17_paper.joblib,raw_fixed,21,0.5,fixed 0.5,7,CV17,all cardiovascular variables,block,cardiovascular,17,0.7075843972346976,0.44710327455919396,0.2604811226755036,0.8422199865861838,0.5,0.3422199865861838,0.6034110778583436,0.19134396355353117,0.4120671143048124,0.1090676171732286,0.1631784881183622,0.05411087094513359,0.2174638068983969,0.3006743748280432,1.5825972152235208,1.485965619544884,1.6768650493479844,2000
paper,stacking,"LogisticRegression,RandomForest,AdaBoost",raw,models/stacking_sensitivity/h7_CV17_paper.joblib,raw_threshold,21,0.4799999999999999,saved stacking threshold,7,CV17,all cardiovascular variables,block,cardiovascular,17,0.7350298381051587,0.44710327455919396,0.2879265635459647,0.8422199865861838,0.5,0.3422199865861838,0.6034110778583436,0.19134396355353117,0.4120671143048124,0.1090676171732286,0.1631784881183622,0.05411087094513359,0.2473202425733764,0.32669699735199337,1.6439822294521014,1.549401085576855,1.734533940009248,2000
paper,stacking,"LogisticRegression,RandomForest,AdaBoost",sigmoid,models/stacking_sensitivity/h7_CV17_paper.joblib,sigmoid,22,0.4699999999999999,saved stacking threshold,7,CV17,all cardiovascular variables,block,cardiovascular,17,0.7350298381051587,0.44710327455919396,0.2879265635459647,0.8422199865861838,0.5,0.3422199865861838,0.6034110778583436,0.19134396355353117,0.4120671143048124,0.10912011138240431,0.16342623347921262,0.05430612209680831,0.2473202425733764,0.32669699735199337,1.6439822294521014,1.549401085576855,1.734533940009248,2000
paper,stacking,"LogisticRegression,RandomForest,AdaBoost",isotonic,models/stacking_sensitivity/h7_CV17_paper.joblib,isotonic,23,0.42999999999999994,saved stacking threshold,7,CV17,all cardiovascular variables,block,cardiovascular,17,0.7137798908682395,0.44710327455919396,0.2666766163090455,0.8405809859154929,0.5,0.3405809859154929,0.5821091827434924,0.19134396355353117,0.39076521918996127,0.10980365067439943,0.1651892753712159,0.05538562469681646,0.22341422375520614,0.30594134356218367,1.5964541784489636,1.5009956466477596,1.690462193154476,2000
