threshold,n_flagged,flagged_fraction,true_positives,false_positives,net_benefit_model,net_benefit_treat_all,net_benefit_treat_none,degenerate,arm,horizon,feature_set,policy,configuration,mode
0.1,408,0.4646924829157175,144,264,0.13059984813971148,0.10149329283725639,0.0,False,h7_CV17_own,7,CV17,own,KNeighbors+RandomForest+AdaBoost+MLP;C=1,raw_fixed
0.2,295,0.3359908883826879,129,166,0.09965831435079725,-0.01082004555808655,0.0,False,h7_CV17_own,7,CV17,own,KNeighbors+RandomForest+AdaBoost+MLP;C=1,raw_fixed
0.3,210,0.23917995444191345,113,97,0.08135372600065083,-0.15522290920924178,0.0,False,h7_CV17_own,7,CV17,own,KNeighbors+RandomForest+AdaBoost+MLP;C=1,raw_fixed
0.4,149,0.16970387243735763,98,51,0.07289293849658314,-0.3477600607441155,0.0,False,h7_CV17_own,7,CV17,own,KNeighbors+RandomForest+AdaBoost+MLP;C=1,raw_fixed
0.5,117,0.13325740318906606,78,39,0.04441913439635535,-0.6173120728929384,0.0,False,h7_CV17_own,7,CV17,own,KNeighbors+RandomForest+AdaBoost+MLP;C=1,raw_fixed
0.1,408,0.4646924829157175,144,264,0.13059984813971148,0.10149329283725639,0.0,False,h7_CV17_own,7,CV17,own,KNeighbors+RandomForest+AdaBoost+MLP;C=1,raw_threshold
0.2,295,0.3359908883826879,129,166,0.09965831435079725,-0.01082004555808655,0.0,False,h7_CV17_own,7,CV17,own,KNeighbors+RandomForest+AdaBoost+MLP;C=1,raw_threshold
0.3,210,0.23917995444191345,113,97,0.08135372600065083,-0.15522290920924178,0.0,False,h7_CV17_own,7,CV17,own,KNeighbors+RandomForest+AdaBoost+MLP;C=1,raw_threshold
0.4,149,0.16970387243735763,98,51,0.07289293849658314,-0.3477600607441155,0.0,False,h7_CV17_own,7,CV17,own,KNeighbors+RandomForest+AdaBoost+MLP;C=1,raw_threshold
0.5,117,0.13325740318906606,78,39,0.04441913439635535,-0.6173120728929384,0.0,False,h7_CV17_own,7,CV17,own,KNeighbors+RandomForest+AdaBoost+MLP;C=1,raw_threshold
0.1,419,0.4772209567198178,145,274,0.130473297899266,0.10149329283725639,0.0,False,h7_CV17_own,7,CV17,own,KNeighbors+RandomForest+AdaBoost+MLP;C=1,sigmoid
0.2,298,0.33940774487471526,129,169,0.09880410022779043,-0.01082004555808655,0.0,False,h7_CV17_own,7,CV17,own,KNeighbors+RandomForest+AdaBoost+MLP;C=1,sigmoid
0.3,213,0.24259681093394078,114,99,0.08151643345265214,-0.15522290920924178,0.0,False,h7_CV17_own,7,CV17,own,KNeighbors+RandomForest+AdaBoost+MLP;C=1,sigmoid
0.4,148,0.16856492027334852,97,51,0.07175398633257403,-0.3477600607441155,0.0,False,h7_CV17_own,7,CV17,own,KNeighbors+RandomForest+AdaBoost+MLP;C=1,sigmoid
0.5,112,0.1275626423690205,75,37,0.04328018223234624,-0.6173120728929384,0.0,False,h7_CV17_own,7,CV17,own,KNeighbors+RandomForest+AdaBoost+MLP;C=1,sigmoid
0.1,446,0.5079726651480638,148,298,0.13085294862060237,0.10149329283725639,0.0,False,h7_CV17_own,7,CV17,own,KNeighbors+RandomForest+AdaBoost+MLP;C=1,isotonic
0.2,272,0.3097949886104784,126,146,0.10193621867881549,-0.01082004555808655,0.0,False,h7_CV17_own,7,CV17,own,KNeighbors+RandomForest+AdaBoost+MLP;C=1,isotonic
0.3,204,0.23234624145785876,112,92,0.08265538561666125,-0.15522290920924178,0.0,False,h7_CV17_own,7,CV17,own,KNeighbors+RandomForest+AdaBoost+MLP;C=1,isotonic
0.4,125,0.14236902050113895,84,41,0.06454062262718299,-0.3477600607441155,0.0,False,h7_CV17_own,7,CV17,own,KNeighbors+RandomForest+AdaBoost+MLP;C=1,isotonic
0.5,97,0.11047835990888383,69,28,0.04669703872437358,-0.6173120728929384,0.0,False,h7_CV17_own,7,CV17,own,KNeighbors+RandomForest+AdaBoost+MLP;C=1,isotonic
0.1,427,0.4863325740318907,145,282,0.12946089597570234,0.10149329283725639,0.0,False,h7_CV17_paper,7,CV17,paper,LogisticRegression+RandomForest+AdaBoost;C=10,raw_fixed
0.2,283,0.3223234624145786,125,158,0.09738041002277904,-0.01082004555808655,0.0,False,h7_CV17_paper,7,CV17,paper,LogisticRegression+RandomForest+AdaBoost;C=10,raw_fixed
0.3,206,0.23462414578587698,115,91,0.0865603644646925,-0.15522290920924178,0.0,False,h7_CV17_paper,7,CV17,paper,LogisticRegression+RandomForest+AdaBoost;C=10,raw_fixed
0.4,147,0.1674259681093394,91,56,0.06112376613515564,-0.3477600607441155,0.0,False,h7_CV17_paper,7,CV17,paper,LogisticRegression+RandomForest+AdaBoost;C=10,raw_fixed
0.5,98,0.11161731207289294,67,31,0.04100227790432801,-0.6173120728929384,0.0,False,h7_CV17_paper,7,CV17,paper,LogisticRegression+RandomForest+AdaBoost;C=10,raw_fixed
0.1,427,0.4863325740318907,145,282,0.12946089597570234,0.10149329283725639,0.0,False,h7_CV17_paper,7,CV17,paper,LogisticRegression+RandomForest+AdaBoost;C=10,raw_threshold
0.2,283,0.3223234624145786,125,158,0.09738041002277904,-0.01082004555808655,0.0,False,h7_CV17_paper,7,CV17,paper,LogisticRegression+RandomForest+AdaBoost;C=10,raw_threshold
0.3,206,0.23462414578587698,115,91,0.0865603644646925,-0.15522290920924178,0.0,False,h7_CV17_paper,7,CV17,paper,LogisticRegression+RandomForest+AdaBoost;C=10,raw_threshold
0.4,147,0.1674259681093394,91,56,0.06112376613515564,-0.3477600607441155,0.0,False,h7_CV17_paper,7,CV17,paper,LogisticRegression+RandomForest+AdaBoost;C=10,raw_threshold
0.5,98,0.11161731207289294,67,31,0.04100227790432801,-0.6173120728929384,0.0,False,h7_CV17_paper,7,CV17,paper,LogisticRegression+RandomForest+AdaBoost;C=10,raw_threshold
0.1,424,0.48291571753986334,145,279,0.1298405466970387,0.10149329283725639,0.0,False,h7_CV17_paper,7,CV17,paper,LogisticRegression+RandomForest+AdaBoost;C=10,sigmoid
0.2,279,0.31776765375854216,124,155,0.09709567198177677,-0.01082004555808655,0.0,False,h7_CV17_paper,7,CV17,paper,LogisticRegression+RandomForest+AdaBoost;C=10,sigmoid
0.3,197,0.224373576309795,113,84,0.0876993166287016,-0.15522290920924178,0.0,False,h7_CV17_paper,7,CV17,paper,LogisticRegression+RandomForest+AdaBoost;C=10,sigmoid
0.4,140,0.15945330296127563,88,52,0.06074411541381928,-0.3477600607441155,0.0,False,h7_CV17_paper,7,CV17,paper,LogisticRegression+RandomForest+AdaBoost;C=10,sigmoid
0.5,94,0.1070615034168565,65,29,0.04100227790432801,-0.6173120728929384,0.0,False,h7_CV17_paper,7,CV17,paper,LogisticRegression+RandomForest+AdaBoost;C=10,sigmoid
0.1,406,0.4624145785876993,145,261,0.13211845102505695,0.10149329283725639,0.0,False,h7_CV17_paper,7,CV17,paper,LogisticRegression+RandomForest+AdaBoost;C=10,isotonic
0.2,274,0.3120728929384966,124,150,0.09851936218678815,-0.01082004555808655,0.0,False,h7_CV17_paper,7,CV17,paper,LogisticRegression+RandomForest+AdaBoost;C=10,isotonic
0.3,222,0.2528473804100228,117,105,0.08200455580865604,-0.15522290920924178,0.0,False,h7_CV17_paper,7,CV17,paper,LogisticRegression+RandomForest+AdaBoost;C=10,isotonic
0.4,151,0.17198177676537585,93,58,0.061883067577828396,-0.3477600607441155,0.0,False,h7_CV17_paper,7,CV17,paper,LogisticRegression+RandomForest+AdaBoost;C=10,isotonic
0.5,81,0.09225512528473805,53,28,0.02847380410022779,-0.6173120728929384,0.0,False,h7_CV17_paper,7,CV17,paper,LogisticRegression+RandomForest+AdaBoost;C=10,isotonic
0.1,420,0.4783599088838269,147,273,0.13287775246772968,0.10149329283725639,0.0,False,h7_CV17_THY_CONT_own,7,CV17_THY_CONT,own,LogisticRegression+KNeighbors+AdaBoost;C=1,raw_fixed
0.2,286,0.32574031890660593,128,158,0.10079726651480637,-0.01082004555808655,0.0,False,h7_CV17_THY_CONT_own,7,CV17_THY_CONT,own,LogisticRegression+KNeighbors+AdaBoost;C=1,raw_fixed
0.3,207,0.2357630979498861,115,92,0.08607224210868858,-0.15522290920924178,0.0,False,h7_CV17_THY_CONT_own,7,CV17_THY_CONT,own,LogisticRegression+KNeighbors+AdaBoost;C=1,raw_fixed
0.4,143,0.16287015945330297,91,52,0.0641609719058466,-0.3477600607441155,0.0,False,h7_CV17_THY_CONT_own,7,CV17_THY_CONT,own,LogisticRegression+KNeighbors+AdaBoost;C=1,raw_fixed
0.5,101,0.11503416856492027,67,34,0.037585421412300674,-0.6173120728929384,0.0,False,h7_CV17_THY_CONT_own,7,CV17_THY_CONT,own,LogisticRegression+KNeighbors+AdaBoost;C=1,raw_fixed
0.1,420,0.4783599088838269,147,273,0.13287775246772968,0.10149329283725639,0.0,False,h7_CV17_THY_CONT_own,7,CV17_THY_CONT,own,LogisticRegression+KNeighbors+AdaBoost;C=1,raw_threshold
0.2,286,0.32574031890660593,128,158,0.10079726651480637,-0.01082004555808655,0.0,False,h7_CV17_THY_CONT_own,7,CV17_THY_CONT,own,LogisticRegression+KNeighbors+AdaBoost;C=1,raw_threshold
0.3,207,0.2357630979498861,115,92,0.08607224210868858,-0.15522290920924178,0.0,False,h7_CV17_THY_CONT_own,7,CV17_THY_CONT,own,LogisticRegression+KNeighbors+AdaBoost;C=1,raw_threshold
0.4,143,0.16287015945330297,91,52,0.0641609719058466,-0.3477600607441155,0.0,False,h7_CV17_THY_CONT_own,7,CV17_THY_CONT,own,LogisticRegression+KNeighbors+AdaBoost;C=1,raw_threshold
0.5,101,0.11503416856492027,67,34,0.037585421412300674,-0.6173120728929384,0.0,False,h7_CV17_THY_CONT_own,7,CV17_THY_CONT,own,LogisticRegression+KNeighbors+AdaBoost;C=1,raw_threshold
0.1,420,0.4783599088838269,147,273,0.13287775246772968,0.10149329283725639,0.0,False,h7_CV17_THY_CONT_own,7,CV17_THY_CONT,own,LogisticRegression+KNeighbors+AdaBoost;C=1,sigmoid
0.2,282,0.3211845102505695,127,155,0.1005125284738041,-0.01082004555808655,0.0,False,h7_CV17_THY_CONT_own,7,CV17_THY_CONT,own,LogisticRegression+KNeighbors+AdaBoost;C=1,sigmoid
0.3,199,0.2266514806378132,112,87,0.08509599739668078,-0.15522290920924178,0.0,False,h7_CV17_THY_CONT_own,7,CV17_THY_CONT,own,LogisticRegression+KNeighbors+AdaBoost;C=1,sigmoid
0.4,140,0.15945330296127563,90,50,0.06454062262718299,-0.3477600607441155,0.0,False,h7_CV17_THY_CONT_own,7,CV17_THY_CONT,own,LogisticRegression+KNeighbors+AdaBoost;C=1,sigmoid
0.5,98,0.11161731207289294,66,32,0.03872437357630979,-0.6173120728929384,0.0,False,h7_CV17_THY_CONT_own,7,CV17_THY_CONT,own,LogisticRegression+KNeighbors+AdaBoost;C=1,sigmoid
0.1,426,0.48519362186788156,148,278,0.1333839534295115,0.10149329283725639,0.0,False,h7_CV17_THY_CONT_own,7,CV17_THY_CONT,own,LogisticRegression+KNeighbors+AdaBoost;C=1,isotonic
0.2,290,0.33029612756264237,129,161,0.10108200455580865,-0.01082004555808655,0.0,False,h7_CV17_THY_CONT_own,7,CV17_THY_CONT,own,LogisticRegression+KNeighbors+AdaBoost;C=1,isotonic
0.3,209,0.23804100227790434,115,94,0.08509599739668078,-0.15522290920924178,0.0,False,h7_CV17_THY_CONT_own,7,CV17_THY_CONT,own,LogisticRegression+KNeighbors+AdaBoost;C=1,isotonic
0.4,114,0.12984054669703873,72,42,0.05011389521640091,-0.3477600607441155,0.0,False,h7_CV17_THY_CONT_own,7,CV17_THY_CONT,own,LogisticRegression+KNeighbors+AdaBoost;C=1,isotonic
0.5,87,0.09908883826879271,58,29,0.03302961275626424,-0.6173120728929384,0.0,False,h7_CV17_THY_CONT_own,7,CV17_THY_CONT,own,LogisticRegression+KNeighbors+AdaBoost;C=1,isotonic
0.1,427,0.4863325740318907,149,278,0.13452290559352062,0.10149329283725639,0.0,False,h7_CV17_THY_CONT_paper,7,CV17_THY_CONT,paper,LogisticRegression+RandomForest+AdaBoost;C=100,raw_fixed
0.2,278,0.31662870159453305,128,150,0.1030751708428246,-0.01082004555808655,0.0,False,h7_CV17_THY_CONT_paper,7,CV17_THY_CONT,paper,LogisticRegression+RandomForest+AdaBoost;C=100,raw_fixed
0.3,209,0.23804100227790434,112,97,0.08021477383664172,-0.15522290920924178,0.0,False,h7_CV17_THY_CONT_paper,7,CV17_THY_CONT,paper,LogisticRegression+RandomForest+AdaBoost;C=100,raw_fixed
0.4,142,0.16173120728929385,93,49,0.06871678056188307,-0.3477600607441155,0.0,False,h7_CV17_THY_CONT_paper,7,CV17_THY_CONT,paper,LogisticRegression+RandomForest+AdaBoost;C=100,raw_fixed
0.5,107,0.12186788154897495,70,37,0.03758542141230069,-0.6173120728929384,0.0,False,h7_CV17_THY_CONT_paper,7,CV17_THY_CONT,paper,LogisticRegression+RandomForest+AdaBoost;C=100,raw_fixed
0.1,427,0.4863325740318907,149,278,0.13452290559352062,0.10149329283725639,0.0,False,h7_CV17_THY_CONT_paper,7,CV17_THY_CONT,paper,LogisticRegression+RandomForest+AdaBoost;C=100,raw_threshold
0.2,278,0.31662870159453305,128,150,0.1030751708428246,-0.01082004555808655,0.0,False,h7_CV17_THY_CONT_paper,7,CV17_THY_CONT,paper,LogisticRegression+RandomForest+AdaBoost;C=100,raw_threshold
0.3,209,0.23804100227790434,112,97,0.08021477383664172,-0.15522290920924178,0.0,False,h7_CV17_THY_CONT_paper,7,CV17_THY_CONT,paper,LogisticRegression+RandomForest+AdaBoost;C=100,raw_threshold
0.4,142,0.16173120728929385,93,49,0.06871678056188307,-0.3477600607441155,0.0,False,h7_CV17_THY_CONT_paper,7,CV17_THY_CONT,paper,LogisticRegression+RandomForest+AdaBoost;C=100,raw_threshold
0.5,107,0.12186788154897495,70,37,0.03758542141230069,-0.6173120728929384,0.0,False,h7_CV17_THY_CONT_paper,7,CV17_THY_CONT,paper,LogisticRegression+RandomForest+AdaBoost;C=100,raw_threshold
0.1,420,0.4783599088838269,148,272,0.13414325487218426,0.10149329283725639,0.0,False,h7_CV17_THY_CONT_paper,7,CV17_THY_CONT,paper,LogisticRegression+RandomForest+AdaBoost;C=100,sigmoid
0.2,272,0.3097949886104784,128,144,0.10478359908883826,-0.01082004555808655,0.0,False,h7_CV17_THY_CONT_paper,7,CV17_THY_CONT,paper,LogisticRegression+RandomForest+AdaBoost;C=100,sigmoid
0.3,200,0.22779043280182232,110,90,0.08135372600065084,-0.15522290920924178,0.0,False,h7_CV17_THY_CONT_paper,7,CV17_THY_CONT,paper,LogisticRegression+RandomForest+AdaBoost;C=100,sigmoid
0.4,138,0.1571753986332574,92,46,0.06985573272589218,-0.3477600607441155,0.0,False,h7_CV17_THY_CONT_paper,7,CV17_THY_CONT,paper,LogisticRegression+RandomForest+AdaBoost;C=100,sigmoid
0.5,101,0.11503416856492027,66,35,0.03530751708428245,-0.6173120728929384,0.0,False,h7_CV17_THY_CONT_paper,7,CV17_THY_CONT,paper,LogisticRegression+RandomForest+AdaBoost;C=100,sigmoid
0.1,371,0.42255125284738043,143,228,0.13401670463173881,0.10149329283725639,0.0,False,h7_CV17_THY_CONT_paper,7,CV17_THY_CONT,paper,LogisticRegression+RandomForest+AdaBoost;C=100,isotonic
0.2,300,0.3416856492027335,131,169,0.10108200455580865,-0.01082004555808655,0.0,False,h7_CV17_THY_CONT_paper,7,CV17_THY_CONT,paper,LogisticRegression+RandomForest+AdaBoost;C=100,isotonic
0.3,226,0.25740318906605925,117,109,0.08005206638464041,-0.15522290920924178,0.0,False,h7_CV17_THY_CONT_paper,7,CV17_THY_CONT,paper,LogisticRegression+RandomForest+AdaBoost;C=100,isotonic
0.4,145,0.16514806378132119,93,52,0.06643887623386485,-0.3477600607441155,0.0,False,h7_CV17_THY_CONT_paper,7,CV17_THY_CONT,paper,LogisticRegression+RandomForest+AdaBoost;C=100,isotonic
0.5,86,0.0979498861047836,60,26,0.0387243735763098,-0.6173120728929384,0.0,False,h7_CV17_THY_CONT_paper,7,CV17_THY_CONT,paper,LogisticRegression+RandomForest+AdaBoost;C=100,isotonic
0.1,413,0.47038724373576307,147,266,0.13376360415084787,0.10149329283725639,0.0,False,h7_CV17_THY_CONT_same_baseline,7,CV17_THY_CONT,same_baseline,KNeighbors+RandomForest+AdaBoost+MLP;C=1,raw_fixed
0.2,290,0.33029612756264237,128,162,0.09965831435079725,-0.01082004555808655,0.0,False,h7_CV17_THY_CONT_same_baseline,7,CV17_THY_CONT,same_baseline,KNeighbors+RandomForest+AdaBoost+MLP;C=1,raw_fixed
0.3,204,0.23234624145785876,113,91,0.08428246013667427,-0.15522290920924178,0.0,False,h7_CV17_THY_CONT_same_baseline,7,CV17_THY_CONT,same_baseline,KNeighbors+RandomForest+AdaBoost+MLP;C=1,raw_fixed
0.4,144,0.16400911161731208,93,51,0.06719817767653759,-0.3477600607441155,0.0,False,h7_CV17_THY_CONT_same_baseline,7,CV17_THY_CONT,same_baseline,KNeighbors+RandomForest+AdaBoost+MLP;C=1,raw_fixed
0.5,107,0.12186788154897495,69,38,0.035307517084282466,-0.6173120728929384,0.0,False,h7_CV17_THY_CONT_same_baseline,7,CV17_THY_CONT,same_baseline,KNeighbors+RandomForest+AdaBoost+MLP;C=1,raw_fixed
0.1,413,0.47038724373576307,147,266,0.13376360415084787,0.10149329283725639,0.0,False,h7_CV17_THY_CONT_same_baseline,7,CV17_THY_CONT,same_baseline,KNeighbors+RandomForest+AdaBoost+MLP;C=1,raw_threshold
0.2,290,0.33029612756264237,128,162,0.09965831435079725,-0.01082004555808655,0.0,False,h7_CV17_THY_CONT_same_baseline,7,CV17_THY_CONT,same_baseline,KNeighbors+RandomForest+AdaBoost+MLP;C=1,raw_threshold
0.3,204,0.23234624145785876,113,91,0.08428246013667427,-0.15522290920924178,0.0,False,h7_CV17_THY_CONT_same_baseline,7,CV17_THY_CONT,same_baseline,KNeighbors+RandomForest+AdaBoost+MLP;C=1,raw_threshold
0.4,144,0.16400911161731208,93,51,0.06719817767653759,-0.3477600607441155,0.0,False,h7_CV17_THY_CONT_same_baseline,7,CV17_THY_CONT,same_baseline,KNeighbors+RandomForest+AdaBoost+MLP;C=1,raw_threshold
0.5,107,0.12186788154897495,69,38,0.035307517084282466,-0.6173120728929384,0.0,False,h7_CV17_THY_CONT_same_baseline,7,CV17_THY_CONT,same_baseline,KNeighbors+RandomForest+AdaBoost+MLP;C=1,raw_threshold
0.1,414,0.4715261958997722,148,266,0.13490255631485698,0.10149329283725639,0.0,False,h7_CV17_THY_CONT_same_baseline,7,CV17_THY_CONT,same_baseline,KNeighbors+RandomForest+AdaBoost+MLP;C=1,sigmoid
0.2,290,0.33029612756264237,128,162,0.09965831435079725,-0.01082004555808655,0.0,False,h7_CV17_THY_CONT_same_baseline,7,CV17_THY_CONT,same_baseline,KNeighbors+RandomForest+AdaBoost+MLP;C=1,sigmoid
0.3,203,0.23120728929384965,113,90,0.08477058249267817,-0.15522290920924178,0.0,False,h7_CV17_THY_CONT_same_baseline,7,CV17_THY_CONT,same_baseline,KNeighbors+RandomForest+AdaBoost+MLP;C=1,sigmoid
0.4,141,0.16059225512528474,92,49,0.06757782839787396,-0.3477600607441155,0.0,False,h7_CV17_THY_CONT_same_baseline,7,CV17_THY_CONT,same_baseline,KNeighbors+RandomForest+AdaBoost+MLP;C=1,sigmoid
0.5,107,0.12186788154897495,69,38,0.035307517084282466,-0.6173120728929384,0.0,False,h7_CV17_THY_CONT_same_baseline,7,CV17_THY_CONT,same_baseline,KNeighbors+RandomForest+AdaBoost+MLP;C=1,sigmoid
0.1,490,0.5580865603644647,154,336,0.13287775246772968,0.10149329283725639,0.0,False,h7_CV17_THY_CONT_same_baseline,7,CV17_THY_CONT,same_baseline,KNeighbors+RandomForest+AdaBoost+MLP;C=1,isotonic
0.2,323,0.3678815489749431,137,186,0.10307517084282461,-0.01082004555808655,0.0,False,h7_CV17_THY_CONT_same_baseline,7,CV17_THY_CONT,same_baseline,KNeighbors+RandomForest+AdaBoost+MLP;C=1,isotonic
0.3,202,0.23006833712984054,113,89,0.08525870484868209,-0.15522290920924178,0.0,False,h7_CV17_THY_CONT_same_baseline,7,CV17_THY_CONT,same_baseline,KNeighbors+RandomForest+AdaBoost+MLP;C=1,isotonic
0.4,126,0.14350797266514806,84,42,0.06378132118451024,-0.3477600607441155,0.0,False,h7_CV17_THY_CONT_same_baseline,7,CV17_THY_CONT,same_baseline,KNeighbors+RandomForest+AdaBoost+MLP;C=1,isotonic
0.5,87,0.09908883826879271,59,28,0.03530751708428246,-0.6173120728929384,0.0,False,h7_CV17_THY_CONT_same_baseline,7,CV17_THY_CONT,same_baseline,KNeighbors+RandomForest+AdaBoost+MLP;C=1,isotonic
0.1,416,0.47380410022779046,148,268,0.1346494558339661,0.10149329283725639,0.0,False,h7_CV17_THY_CONT_locked_baseline,7,CV17_THY_CONT,locked_baseline,KNeighbors+RandomForest+AdaBoost+MLP;C=1,raw_fixed
0.2,293,0.3337129840546697,130,163,0.10165148063781321,-0.01082004555808655,0.0,False,h7_CV17_THY_CONT_locked_baseline,7,CV17_THY_CONT,locked_baseline,KNeighbors+RandomForest+AdaBoost+MLP;C=1,raw_fixed
0.3,220,0.2505694760820046,117,103,0.08298080052066385,-0.15522290920924178,0.0,False,h7_CV17_THY_CONT_locked_baseline,7,CV17_THY_CONT,locked_baseline,KNeighbors+RandomForest+AdaBoost+MLP;C=1,raw_fixed
0.4,155,0.1765375854214123,97,58,0.06643887623386484,-0.3477600607441155,0.0,False,h7_CV17_THY_CONT_locked_baseline,7,CV17_THY_CONT,locked_baseline,KNeighbors+RandomForest+AdaBoost+MLP;C=1,raw_fixed
0.5,111,0.1264236902050114,76,35,0.04669703872437357,-0.6173120728929384,0.0,False,h7_CV17_THY_CONT_locked_baseline,7,CV17_THY_CONT,locked_baseline,KNeighbors+RandomForest+AdaBoost+MLP;C=1,raw_fixed
0.1,416,0.47380410022779046,148,268,0.1346494558339661,0.10149329283725639,0.0,False,h7_CV17_THY_CONT_locked_baseline,7,CV17_THY_CONT,locked_baseline,KNeighbors+RandomForest+AdaBoost+MLP;C=1,raw_threshold
0.2,293,0.3337129840546697,130,163,0.10165148063781321,-0.01082004555808655,0.0,False,h7_CV17_THY_CONT_locked_baseline,7,CV17_THY_CONT,locked_baseline,KNeighbors+RandomForest+AdaBoost+MLP;C=1,raw_threshold
0.3,220,0.2505694760820046,117,103,0.08298080052066385,-0.15522290920924178,0.0,False,h7_CV17_THY_CONT_locked_baseline,7,CV17_THY_CONT,locked_baseline,KNeighbors+RandomForest+AdaBoost+MLP;C=1,raw_threshold
0.4,155,0.1765375854214123,97,58,0.06643887623386484,-0.3477600607441155,0.0,False,h7_CV17_THY_CONT_locked_baseline,7,CV17_THY_CONT,locked_baseline,KNeighbors+RandomForest+AdaBoost+MLP;C=1,raw_threshold
0.5,111,0.1264236902050114,76,35,0.04669703872437357,-0.6173120728929384,0.0,False,h7_CV17_THY_CONT_locked_baseline,7,CV17_THY_CONT,locked_baseline,KNeighbors+RandomForest+AdaBoost+MLP;C=1,raw_threshold
0.1,412,0.46924829157175396,147,265,0.13389015439129334,0.10149329283725639,0.0,False,h7_CV17_THY_CONT_locked_baseline,7,CV17_THY_CONT,locked_baseline,KNeighbors+RandomForest+AdaBoost+MLP;C=1,sigmoid
0.2,288,0.32801822323462415,130,158,0.1030751708428246,-0.01082004555808655,0.0,False,h7_CV17_THY_CONT_locked_baseline,7,CV17_THY_CONT,locked_baseline,KNeighbors+RandomForest+AdaBoost+MLP;C=1,sigmoid
0.3,213,0.24259681093394078,114,99,0.08151643345265214,-0.15522290920924178,0.0,False,h7_CV17_THY_CONT_locked_baseline,7,CV17_THY_CONT,locked_baseline,KNeighbors+RandomForest+AdaBoost+MLP;C=1,sigmoid
0.4,150,0.17084282460136674,97,53,0.07023538344722854,-0.3477600607441155,0.0,False,h7_CV17_THY_CONT_locked_baseline,7,CV17_THY_CONT,locked_baseline,KNeighbors+RandomForest+AdaBoost+MLP;C=1,sigmoid
0.5,109,0.12414578587699317,75,34,0.04669703872437357,-0.6173120728929384,0.0,False,h7_CV17_THY_CONT_locked_baseline,7,CV17_THY_CONT,locked_baseline,KNeighbors+RandomForest+AdaBoost+MLP;C=1,sigmoid
0.1,455,0.5182232346241458,151,304,0.13351050366995698,0.10149329283725639,0.0,False,h7_CV17_THY_CONT_locked_baseline,7,CV17_THY_CONT,locked_baseline,KNeighbors+RandomForest+AdaBoost+MLP;C=1,isotonic
0.2,296,0.33712984054669703,130,166,0.10079726651480636,-0.01082004555808655,0.0,False,h7_CV17_THY_CONT_locked_baseline,7,CV17_THY_CONT,locked_baseline,KNeighbors+RandomForest+AdaBoost+MLP;C=1,isotonic
0.3,210,0.23917995444191345,114,96,0.08298080052066385,-0.15522290920924178,0.0,False,h7_CV17_THY_CONT_locked_baseline,7,CV17_THY_CONT,locked_baseline,KNeighbors+RandomForest+AdaBoost+MLP;C=1,isotonic
0.4,113,0.12870159453302962,77,36,0.06036446469248291,-0.3477600607441155,0.0,False,h7_CV17_THY_CONT_locked_baseline,7,CV17_THY_CONT,locked_baseline,KNeighbors+RandomForest+AdaBoost+MLP;C=1,isotonic
0.5,105,0.11958997722095673,71,34,0.04214123006833713,-0.6173120728929384,0.0,False,h7_CV17_THY_CONT_locked_baseline,7,CV17_THY_CONT,locked_baseline,KNeighbors+RandomForest+AdaBoost+MLP;C=1,isotonic
0.1,382,0.43507972665148065,144,238,0.13389015439129334,0.10149329283725639,0.0,False,h7_CV17_THY_STATES_own,7,CV17_THY_STATES,own,KNeighbors+RandomForest+MLP+GradientBoosting;C=0.1,raw_fixed
0.2,265,0.30182232346241455,128,137,0.1067767653758542,-0.01082004555808655,0.0,False,h7_CV17_THY_STATES_own,7,CV17_THY_STATES,own,KNeighbors+RandomForest+MLP+GradientBoosting;C=0.1,raw_fixed
0.3,200,0.22779043280182232,111,89,0.08298080052066387,-0.15522290920924178,0.0,False,h7_CV17_THY_STATES_own,7,CV17_THY_STATES,own,KNeighbors+RandomForest+MLP+GradientBoosting;C=0.1,raw_fixed
0.4,148,0.16856492027334852,92,56,0.062262718299164764,-0.3477600607441155,0.0,False,h7_CV17_THY_STATES_own,7,CV17_THY_STATES,own,KNeighbors+RandomForest+MLP+GradientBoosting;C=0.1,raw_fixed
0.5,111,0.1264236902050114,77,34,0.04897494305239179,-0.6173120728929384,0.0,False,h7_CV17_THY_STATES_own,7,CV17_THY_STATES,own,KNeighbors+RandomForest+MLP+GradientBoosting;C=0.1,raw_fixed
0.1,382,0.43507972665148065,144,238,0.13389015439129334,0.10149329283725639,0.0,False,h7_CV17_THY_STATES_own,7,CV17_THY_STATES,own,KNeighbors+RandomForest+MLP+GradientBoosting;C=0.1,raw_threshold
0.2,265,0.30182232346241455,128,137,0.1067767653758542,-0.01082004555808655,0.0,False,h7_CV17_THY_STATES_own,7,CV17_THY_STATES,own,KNeighbors+RandomForest+MLP+GradientBoosting;C=0.1,raw_threshold
0.3,200,0.22779043280182232,111,89,0.08298080052066387,-0.15522290920924178,0.0,False,h7_CV17_THY_STATES_own,7,CV17_THY_STATES,own,KNeighbors+RandomForest+MLP+GradientBoosting;C=0.1,raw_threshold
0.4,148,0.16856492027334852,92,56,0.062262718299164764,-0.3477600607441155,0.0,False,h7_CV17_THY_STATES_own,7,CV17_THY_STATES,own,KNeighbors+RandomForest+MLP+GradientBoosting;C=0.1,raw_threshold
0.5,111,0.1264236902050114,77,34,0.04897494305239179,-0.6173120728929384,0.0,False,h7_CV17_THY_STATES_own,7,CV17_THY_STATES,own,KNeighbors+RandomForest+MLP+GradientBoosting;C=0.1,raw_threshold
0.1,376,0.428246013667426,143,233,0.1333839534295115,0.10149329283725639,0.0,False,h7_CV17_THY_STATES_own,7,CV17_THY_STATES,own,KNeighbors+RandomForest+MLP+GradientBoosting;C=0.1,sigmoid
0.2,261,0.2972665148063781,128,133,0.10791571753986332,-0.01082004555808655,0.0,False,h7_CV17_THY_STATES_own,7,CV17_THY_STATES,own,KNeighbors+RandomForest+MLP+GradientBoosting;C=0.1,sigmoid
0.3,199,0.2266514806378132,110,89,0.08184184835665476,-0.15522290920924178,0.0,False,h7_CV17_THY_STATES_own,7,CV17_THY_STATES,own,KNeighbors+RandomForest+MLP+GradientBoosting;C=0.1,sigmoid
0.4,146,0.1662870159453303,92,54,0.06378132118451024,-0.3477600607441155,0.0,False,h7_CV17_THY_STATES_own,7,CV17_THY_STATES,own,KNeighbors+RandomForest+MLP+GradientBoosting;C=0.1,sigmoid
0.5,110,0.1252847380410023,77,33,0.05011389521640091,-0.6173120728929384,0.0,False,h7_CV17_THY_STATES_own,7,CV17_THY_STATES,own,KNeighbors+RandomForest+MLP+GradientBoosting;C=0.1,sigmoid
0.1,435,0.49544419134396356,148,287,0.1322450012655024,0.10149329283725639,0.0,False,h7_CV17_THY_STATES_own,7,CV17_THY_STATES,own,KNeighbors+RandomForest+MLP+GradientBoosting;C=0.1,isotonic
0.2,277,0.31548974943052394,130,147,0.10620728929384965,-0.01082004555808655,0.0,False,h7_CV17_THY_STATES_own,7,CV17_THY_STATES,own,KNeighbors+RandomForest+MLP+GradientBoosting;C=0.1,isotonic
0.3,236,0.26879271070615035,119,117,0.0784249918646274,-0.15522290920924178,0.0,False,h7_CV17_THY_STATES_own,7,CV17_THY_STATES,own,KNeighbors+RandomForest+MLP+GradientBoosting;C=0.1,isotonic
0.4,101,0.11503416856492027,70,31,0.056188306757782844,-0.3477600607441155,0.0,False,h7_CV17_THY_STATES_own,7,CV17_THY_STATES,own,KNeighbors+RandomForest+MLP+GradientBoosting;C=0.1,isotonic
0.5,101,0.11503416856492027,70,31,0.04441913439635536,-0.6173120728929384,0.0,False,h7_CV17_THY_STATES_own,7,CV17_THY_STATES,own,KNeighbors+RandomForest+MLP+GradientBoosting;C=0.1,isotonic
0.1,431,0.4908883826879271,147,284,0.13148569982282965,0.10149329283725639,0.0,False,h7_CV17_THY_STATES_paper,7,CV17_THY_STATES,paper,LogisticRegression+RandomForest+AdaBoost;C=1,raw_fixed
0.2,277,0.31548974943052394,126,151,0.1005125284738041,-0.01082004555808655,0.0,False,h7_CV17_THY_STATES_paper,7,CV17_THY_STATES,paper,LogisticRegression+RandomForest+AdaBoost;C=1,raw_fixed
0.3,206,0.23462414578587698,114,92,0.08493328994467947,-0.15522290920924178,0.0,False,h7_CV17_THY_STATES_paper,7,CV17_THY_STATES,paper,LogisticRegression+RandomForest+AdaBoost;C=1,raw_fixed
0.4,147,0.1674259681093394,89,58,0.05732725892179194,-0.3477600607441155,0.0,False,h7_CV17_THY_STATES_paper,7,CV17_THY_STATES,paper,LogisticRegression+RandomForest+AdaBoost;C=1,raw_fixed
0.5,100,0.11389521640091116,65,35,0.03416856492027334,-0.6173120728929384,0.0,False,h7_CV17_THY_STATES_paper,7,CV17_THY_STATES,paper,LogisticRegression+RandomForest+AdaBoost;C=1,raw_fixed
0.1,431,0.4908883826879271,147,284,0.13148569982282965,0.10149329283725639,0.0,False,h7_CV17_THY_STATES_paper,7,CV17_THY_STATES,paper,LogisticRegression+RandomForest+AdaBoost;C=1,raw_threshold
0.2,277,0.31548974943052394,126,151,0.1005125284738041,-0.01082004555808655,0.0,False,h7_CV17_THY_STATES_paper,7,CV17_THY_STATES,paper,LogisticRegression+RandomForest+AdaBoost;C=1,raw_threshold
0.3,206,0.23462414578587698,114,92,0.08493328994467947,-0.15522290920924178,0.0,False,h7_CV17_THY_STATES_paper,7,CV17_THY_STATES,paper,LogisticRegression+RandomForest+AdaBoost;C=1,raw_threshold
0.4,147,0.1674259681093394,89,58,0.05732725892179194,-0.3477600607441155,0.0,False,h7_CV17_THY_STATES_paper,7,CV17_THY_STATES,paper,LogisticRegression+RandomForest+AdaBoost;C=1,raw_threshold
0.5,100,0.11389521640091116,65,35,0.03416856492027334,-0.6173120728929384,0.0,False,h7_CV17_THY_STATES_paper,7,CV17_THY_STATES,paper,LogisticRegression+RandomForest+AdaBoost;C=1,raw_threshold
0.1,433,0.49316628701594534,147,286,0.13123259934193876,0.10149329283725639,0.0,False,h7_CV17_THY_STATES_paper,7,CV17_THY_STATES,paper,LogisticRegression+RandomForest+AdaBoost;C=1,sigmoid
0.2,274,0.3120728929384966,126,148,0.10136674259681093,-0.01082004555808655,0.0,False,h7_CV17_THY_STATES_paper,7,CV17_THY_STATES,paper,LogisticRegression+RandomForest+AdaBoost;C=1,sigmoid
0.3,200,0.22779043280182232,111,89,0.08298080052066387,-0.15522290920924178,0.0,False,h7_CV17_THY_STATES_paper,7,CV17_THY_STATES,paper,LogisticRegression+RandomForest+AdaBoost;C=1,sigmoid
0.4,139,0.15831435079726652,87,52,0.05960516324981017,-0.3477600607441155,0.0,False,h7_CV17_THY_STATES_paper,7,CV17_THY_STATES,paper,LogisticRegression+RandomForest+AdaBoost;C=1,sigmoid
0.5,94,0.1070615034168565,61,33,0.03189066059225513,-0.6173120728929384,0.0,False,h7_CV17_THY_STATES_paper,7,CV17_THY_STATES,paper,LogisticRegression+RandomForest+AdaBoost;C=1,sigmoid
0.1,454,0.5170842824601367,147,307,0.12857504429258415,0.10149329283725639,0.0,False,h7_CV17_THY_STATES_paper,7,CV17_THY_STATES,paper,LogisticRegression+RandomForest+AdaBoost;C=1,isotonic
0.2,271,0.3086560364464693,125,146,0.10079726651480637,-0.01082004555808655,0.0,False,h7_CV17_THY_STATES_paper,7,CV17_THY_STATES,paper,LogisticRegression+RandomForest+AdaBoost;C=1,isotonic
0.3,256,0.29157175398633256,122,134,0.07354376830458835,-0.15522290920924178,0.0,False,h7_CV17_THY_STATES_paper,7,CV17_THY_STATES,paper,LogisticRegression+RandomForest+AdaBoost;C=1,isotonic
0.4,124,0.14123006833712984,78,46,0.0539104024297646,-0.3477600607441155,0.0,False,h7_CV17_THY_STATES_paper,7,CV17_THY_STATES,paper,LogisticRegression+RandomForest+AdaBoost;C=1,isotonic
0.5,83,0.09453302961275627,53,30,0.02619589977220957,-0.6173120728929384,0.0,False,h7_CV17_THY_STATES_paper,7,CV17_THY_STATES,paper,LogisticRegression+RandomForest+AdaBoost;C=1,isotonic
0.1,414,0.4715261958997722,145,269,0.1311060491014933,0.10149329283725639,0.0,False,h7_CV17_THY_STATES_same_baseline,7,CV17_THY_STATES,same_baseline,KNeighbors+RandomForest+AdaBoost+MLP;C=1,raw_fixed
0.2,284,0.3234624145785877,127,157,0.09994305239179954,-0.01082004555808655,0.0,False,h7_CV17_THY_STATES_same_baseline,7,CV17_THY_STATES,same_baseline,KNeighbors+RandomForest+AdaBoost+MLP;C=1,raw_fixed
0.3,200,0.22779043280182232,108,92,0.07809957696062479,-0.15522290920924178,0.0,False,h7_CV17_THY_STATES_same_baseline,7,CV17_THY_STATES,same_baseline,KNeighbors+RandomForest+AdaBoost+MLP;C=1,raw_fixed
0.4,140,0.15945330296127563,89,51,0.06264236902050113,-0.3477600607441155,0.0,False,h7_CV17_THY_STATES_same_baseline,7,CV17_THY_STATES,same_baseline,KNeighbors+RandomForest+AdaBoost+MLP;C=1,raw_fixed
0.5,108,0.12300683371298406,72,36,0.04100227790432802,-0.6173120728929384,0.0,False,h7_CV17_THY_STATES_same_baseline,7,CV17_THY_STATES,same_baseline,KNeighbors+RandomForest+AdaBoost+MLP;C=1,raw_fixed
0.1,414,0.4715261958997722,145,269,0.1311060491014933,0.10149329283725639,0.0,False,h7_CV17_THY_STATES_same_baseline,7,CV17_THY_STATES,same_baseline,KNeighbors+RandomForest+AdaBoost+MLP;C=1,raw_threshold
0.2,284,0.3234624145785877,127,157,0.09994305239179954,-0.01082004555808655,0.0,False,h7_CV17_THY_STATES_same_baseline,7,CV17_THY_STATES,same_baseline,KNeighbors+RandomForest+AdaBoost+MLP;C=1,raw_threshold
0.3,200,0.22779043280182232,108,92,0.07809957696062479,-0.15522290920924178,0.0,False,h7_CV17_THY_STATES_same_baseline,7,CV17_THY_STATES,same_baseline,KNeighbors+RandomForest+AdaBoost+MLP;C=1,raw_threshold
0.4,140,0.15945330296127563,89,51,0.06264236902050113,-0.3477600607441155,0.0,False,h7_CV17_THY_STATES_same_baseline,7,CV17_THY_STATES,same_baseline,KNeighbors+RandomForest+AdaBoost+MLP;C=1,raw_threshold
0.5,108,0.12300683371298406,72,36,0.04100227790432802,-0.6173120728929384,0.0,False,h7_CV17_THY_STATES_same_baseline,7,CV17_THY_STATES,same_baseline,KNeighbors+RandomForest+AdaBoost+MLP;C=1,raw_threshold
0.1,409,0.46583143507972663,145,264,0.1317388003037206,0.10149329283725639,0.0,False,h7_CV17_THY_STATES_same_baseline,7,CV17_THY_STATES,same_baseline,KNeighbors+RandomForest+AdaBoost+MLP;C=1,sigmoid
0.2,282,0.3211845102505695,127,155,0.1005125284738041,-0.01082004555808655,0.0,False,h7_CV17_THY_STATES_same_baseline,7,CV17_THY_STATES,same_baseline,KNeighbors+RandomForest+AdaBoost+MLP;C=1,sigmoid
0.3,197,0.224373576309795,108,89,0.07956394402863651,-0.15522290920924178,0.0,False,h7_CV17_THY_STATES_same_baseline,7,CV17_THY_STATES,same_baseline,KNeighbors+RandomForest+AdaBoost+MLP;C=1,sigmoid
0.4,139,0.15831435079726652,89,50,0.06340167046317388,-0.3477600607441155,0.0,False,h7_CV17_THY_STATES_same_baseline,7,CV17_THY_STATES,same_baseline,KNeighbors+RandomForest+AdaBoost+MLP;C=1,sigmoid
0.5,103,0.11731207289293849,68,35,0.03758542141230069,-0.6173120728929384,0.0,False,h7_CV17_THY_STATES_same_baseline,7,CV17_THY_STATES,same_baseline,KNeighbors+RandomForest+AdaBoost+MLP;C=1,sigmoid
0.1,449,0.5113895216400911,149,300,0.13173880030372057,0.10149329283725639,0.0,False,h7_CV17_THY_STATES_same_baseline,7,CV17_THY_STATES,same_baseline,KNeighbors+RandomForest+AdaBoost+MLP;C=1,isotonic
0.2,282,0.3211845102505695,127,155,0.1005125284738041,-0.01082004555808655,0.0,False,h7_CV17_THY_STATES_same_baseline,7,CV17_THY_STATES,same_baseline,KNeighbors+RandomForest+AdaBoost+MLP;C=1,isotonic
0.3,251,0.285876993166287,122,129,0.07598438008460788,-0.15522290920924178,0.0,False,h7_CV17_THY_STATES_same_baseline,7,CV17_THY_STATES,same_baseline,KNeighbors+RandomForest+AdaBoost+MLP;C=1,isotonic
0.4,119,0.13553530751708429,80,39,0.061503416856492035,-0.3477600607441155,0.0,False,h7_CV17_THY_STATES_same_baseline,7,CV17_THY_STATES,same_baseline,KNeighbors+RandomForest+AdaBoost+MLP;C=1,isotonic
0.5,79,0.08997722095671981,53,26,0.030751708428246014,-0.6173120728929384,0.0,False,h7_CV17_THY_STATES_same_baseline,7,CV17_THY_STATES,same_baseline,KNeighbors+RandomForest+AdaBoost+MLP;C=1,isotonic
0.1,430,0.489749430523918,147,283,0.13161225006327512,0.10149329283725639,0.0,False,h7_CV17_THY_STATES_locked_baseline,7,CV17_THY_STATES,locked_baseline,KNeighbors+RandomForest+AdaBoost+MLP;C=1,raw_fixed
0.2,294,0.3348519362186788,128,166,0.09851936218678814,-0.01082004555808655,0.0,False,h7_CV17_THY_STATES_locked_baseline,7,CV17_THY_STATES,locked_baseline,KNeighbors+RandomForest+AdaBoost+MLP;C=1,raw_fixed
0.3,214,0.2437357630979499,116,98,0.08428246013667426,-0.15522290920924178,0.0,False,h7_CV17_THY_STATES_locked_baseline,7,CV17_THY_STATES,locked_baseline,KNeighbors+RandomForest+AdaBoost+MLP;C=1,raw_fixed
0.4,154,0.17539863325740318,95,59,0.06340167046317388,-0.3477600607441155,0.0,False,h7_CV17_THY_STATES_locked_baseline,7,CV17_THY_STATES,locked_baseline,KNeighbors+RandomForest+AdaBoost+MLP;C=1,raw_fixed
0.5,106,0.12072892938496584,69,37,0.03644646924829158,-0.6173120728929384,0.0,False,h7_CV17_THY_STATES_locked_baseline,7,CV17_THY_STATES,locked_baseline,KNeighbors+RandomForest+AdaBoost+MLP;C=1,raw_fixed
0.1,430,0.489749430523918,147,283,0.13161225006327512,0.10149329283725639,0.0,False,h7_CV17_THY_STATES_locked_baseline,7,CV17_THY_STATES,locked_baseline,KNeighbors+RandomForest+AdaBoost+MLP;C=1,raw_threshold
0.2,294,0.3348519362186788,128,166,0.09851936218678814,-0.01082004555808655,0.0,False,h7_CV17_THY_STATES_locked_baseline,7,CV17_THY_STATES,locked_baseline,KNeighbors+RandomForest+AdaBoost+MLP;C=1,raw_threshold
0.3,214,0.2437357630979499,116,98,0.08428246013667426,-0.15522290920924178,0.0,False,h7_CV17_THY_STATES_locked_baseline,7,CV17_THY_STATES,locked_baseline,KNeighbors+RandomForest+AdaBoost+MLP;C=1,raw_threshold
0.4,154,0.17539863325740318,95,59,0.06340167046317388,-0.3477600607441155,0.0,False,h7_CV17_THY_STATES_locked_baseline,7,CV17_THY_STATES,locked_baseline,KNeighbors+RandomForest+AdaBoost+MLP;C=1,raw_threshold
0.5,106,0.12072892938496584,69,37,0.03644646924829158,-0.6173120728929384,0.0,False,h7_CV17_THY_STATES_locked_baseline,7,CV17_THY_STATES,locked_baseline,KNeighbors+RandomForest+AdaBoost+MLP;C=1,raw_threshold
0.1,421,0.479498861047836,147,274,0.13275120222728423,0.10149329283725639,0.0,False,h7_CV17_THY_STATES_locked_baseline,7,CV17_THY_STATES,locked_baseline,KNeighbors+RandomForest+AdaBoost+MLP;C=1,sigmoid
0.2,293,0.3337129840546697,128,165,0.09880410022779043,-0.01082004555808655,0.0,False,h7_CV17_THY_STATES_locked_baseline,7,CV17_THY_STATES,locked_baseline,KNeighbors+RandomForest+AdaBoost+MLP;C=1,sigmoid
0.3,213,0.24259681093394078,116,97,0.08477058249267816,-0.15522290920924178,0.0,False,h7_CV17_THY_STATES_locked_baseline,7,CV17_THY_STATES,locked_baseline,KNeighbors+RandomForest+AdaBoost+MLP;C=1,sigmoid
0.4,154,0.17539863325740318,95,59,0.06340167046317388,-0.3477600607441155,0.0,False,h7_CV17_THY_STATES_locked_baseline,7,CV17_THY_STATES,locked_baseline,KNeighbors+RandomForest+AdaBoost+MLP;C=1,sigmoid
0.5,106,0.12072892938496584,69,37,0.03644646924829158,-0.6173120728929384,0.0,False,h7_CV17_THY_STATES_locked_baseline,7,CV17_THY_STATES,locked_baseline,KNeighbors+RandomForest+AdaBoost+MLP;C=1,sigmoid
0.1,467,0.5318906605922551,150,317,0.13072639838015693,0.10149329283725639,0.0,False,h7_CV17_THY_STATES_locked_baseline,7,CV17_THY_STATES,locked_baseline,KNeighbors+RandomForest+AdaBoost+MLP;C=1,isotonic
0.2,265,0.30182232346241455,125,140,0.10250569476082004,-0.01082004555808655,0.0,False,h7_CV17_THY_STATES_locked_baseline,7,CV17_THY_STATES,locked_baseline,KNeighbors+RandomForest+AdaBoost+MLP;C=1,isotonic
0.3,252,0.2870159453302961,122,130,0.07549625772860397,-0.15522290920924178,0.0,False,h7_CV17_THY_STATES_locked_baseline,7,CV17_THY_STATES,locked_baseline,KNeighbors+RandomForest+AdaBoost+MLP;C=1,isotonic
0.4,133,0.15148063781321183,89,44,0.06795747911921032,-0.3477600607441155,0.0,False,h7_CV17_THY_STATES_locked_baseline,7,CV17_THY_STATES,locked_baseline,KNeighbors+RandomForest+AdaBoost+MLP;C=1,isotonic
0.5,89,0.10136674259681093,61,28,0.03758542141230068,-0.6173120728929384,0.0,False,h7_CV17_THY_STATES_locked_baseline,7,CV17_THY_STATES,locked_baseline,KNeighbors+RandomForest+AdaBoost+MLP;C=1,isotonic
0.1,413,0.47038724373576307,146,267,0.13249810174639332,0.10149329283725639,0.0,False,h7_CV17_THY_CONT_STATES_own,7,CV17_THY_CONT_STATES,own,MLP+GradientBoosting+XGBoost;C=0.1,raw_fixed
0.2,291,0.3314350797266515,132,159,0.10506833712984054,-0.01082004555808655,0.0,False,h7_CV17_THY_CONT_STATES_own,7,CV17_THY_CONT_STATES,own,MLP+GradientBoosting+XGBoost;C=0.1,raw_fixed
0.3,214,0.2437357630979499,113,101,0.07940123657663523,-0.15522290920924178,0.0,False,h7_CV17_THY_CONT_STATES_own,7,CV17_THY_CONT_STATES,own,MLP+GradientBoosting+XGBoost;C=0.1,raw_fixed
0.4,161,0.18337129840546698,96,65,0.05998481397114654,-0.3477600607441155,0.0,False,h7_CV17_THY_CONT_STATES_own,7,CV17_THY_CONT_STATES,own,MLP+GradientBoosting+XGBoost;C=0.1,raw_fixed
0.5,111,0.1264236902050114,79,32,0.05353075170842824,-0.6173120728929384,0.0,False,h7_CV17_THY_CONT_STATES_own,7,CV17_THY_CONT_STATES,own,MLP+GradientBoosting+XGBoost;C=0.1,raw_fixed
0.1,413,0.47038724373576307,146,267,0.13249810174639332,0.10149329283725639,0.0,False,h7_CV17_THY_CONT_STATES_own,7,CV17_THY_CONT_STATES,own,MLP+GradientBoosting+XGBoost;C=0.1,raw_threshold
0.2,291,0.3314350797266515,132,159,0.10506833712984054,-0.01082004555808655,0.0,False,h7_CV17_THY_CONT_STATES_own,7,CV17_THY_CONT_STATES,own,MLP+GradientBoosting+XGBoost;C=0.1,raw_threshold
0.3,214,0.2437357630979499,113,101,0.07940123657663523,-0.15522290920924178,0.0,False,h7_CV17_THY_CONT_STATES_own,7,CV17_THY_CONT_STATES,own,MLP+GradientBoosting+XGBoost;C=0.1,raw_threshold
0.4,161,0.18337129840546698,96,65,0.05998481397114654,-0.3477600607441155,0.0,False,h7_CV17_THY_CONT_STATES_own,7,CV17_THY_CONT_STATES,own,MLP+GradientBoosting+XGBoost;C=0.1,raw_threshold
0.5,111,0.1264236902050114,79,32,0.05353075170842824,-0.6173120728929384,0.0,False,h7_CV17_THY_CONT_STATES_own,7,CV17_THY_CONT_STATES,own,MLP+GradientBoosting+XGBoost;C=0.1,raw_threshold
0.1,412,0.46924829157175396,146,266,0.13262465198683876,0.10149329283725639,0.0,False,h7_CV17_THY_CONT_STATES_own,7,CV17_THY_CONT_STATES,own,MLP+GradientBoosting+XGBoost;C=0.1,sigmoid
0.2,290,0.33029612756264237,131,159,0.10392938496583143,-0.01082004555808655,0.0,False,h7_CV17_THY_CONT_STATES_own,7,CV17_THY_CONT_STATES,own,MLP+GradientBoosting+XGBoost;C=0.1,sigmoid
0.3,214,0.2437357630979499,113,101,0.07940123657663523,-0.15522290920924178,0.0,False,h7_CV17_THY_CONT_STATES_own,7,CV17_THY_CONT_STATES,own,MLP+GradientBoosting+XGBoost;C=0.1,sigmoid
0.4,162,0.1845102505694761,96,66,0.05922551252847381,-0.3477600607441155,0.0,False,h7_CV17_THY_CONT_STATES_own,7,CV17_THY_CONT_STATES,own,MLP+GradientBoosting+XGBoost;C=0.1,sigmoid
0.5,113,0.12870159453302962,80,33,0.053530751708428255,-0.6173120728929384,0.0,False,h7_CV17_THY_CONT_STATES_own,7,CV17_THY_CONT_STATES,own,MLP+GradientBoosting+XGBoost;C=0.1,sigmoid
0.1,405,0.4612756264236902,144,261,0.13097949886104784,0.10149329283725639,0.0,False,h7_CV17_THY_CONT_STATES_own,7,CV17_THY_CONT_STATES,own,MLP+GradientBoosting+XGBoost;C=0.1,isotonic
0.2,305,0.34738041002277903,133,172,0.10250569476082003,-0.01082004555808655,0.0,False,h7_CV17_THY_CONT_STATES_own,7,CV17_THY_CONT_STATES,own,MLP+GradientBoosting+XGBoost;C=0.1,isotonic
0.3,208,0.23690205011389523,112,96,0.08070289619264563,-0.15522290920924178,0.0,False,h7_CV17_THY_CONT_STATES_own,7,CV17_THY_CONT_STATES,own,MLP+GradientBoosting+XGBoost;C=0.1,isotonic
0.4,115,0.13097949886104784,81,34,0.06643887623386485,-0.3477600607441155,0.0,False,h7_CV17_THY_CONT_STATES_own,7,CV17_THY_CONT_STATES,own,MLP+GradientBoosting+XGBoost;C=0.1,isotonic
0.5,69,0.0785876993166287,51,18,0.03758542141230068,-0.6173120728929384,0.0,False,h7_CV17_THY_CONT_STATES_own,7,CV17_THY_CONT_STATES,own,MLP+GradientBoosting+XGBoost;C=0.1,isotonic
0.1,417,0.47494305239179957,148,269,0.13452290559352062,0.10149329283725639,0.0,False,h7_CV17_THY_CONT_STATES_paper,7,CV17_THY_CONT_STATES,paper,LogisticRegression+RandomForest+AdaBoost;C=1,raw_fixed
0.2,285,0.3246013667425968,131,154,0.10535307517084282,-0.01082004555808655,0.0,False,h7_CV17_THY_CONT_STATES_paper,7,CV17_THY_CONT_STATES,paper,LogisticRegression+RandomForest+AdaBoost;C=1,raw_fixed
0.3,211,0.24031890660592256,113,98,0.08086560364464693,-0.15522290920924178,0.0,False,h7_CV17_THY_CONT_STATES_paper,7,CV17_THY_CONT_STATES,paper,LogisticRegression+RandomForest+AdaBoost;C=1,raw_fixed
0.4,145,0.16514806378132119,92,53,0.06454062262718299,-0.3477600607441155,0.0,False,h7_CV17_THY_CONT_STATES_paper,7,CV17_THY_CONT_STATES,paper,LogisticRegression+RandomForest+AdaBoost;C=1,raw_fixed
0.5,100,0.11389521640091116,67,33,0.03872437357630979,-0.6173120728929384,0.0,False,h7_CV17_THY_CONT_STATES_paper,7,CV17_THY_CONT_STATES,paper,LogisticRegression+RandomForest+AdaBoost;C=1,raw_fixed
0.1,417,0.47494305239179957,148,269,0.13452290559352062,0.10149329283725639,0.0,False,h7_CV17_THY_CONT_STATES_paper,7,CV17_THY_CONT_STATES,paper,LogisticRegression+RandomForest+AdaBoost;C=1,raw_threshold
0.2,285,0.3246013667425968,131,154,0.10535307517084282,-0.01082004555808655,0.0,False,h7_CV17_THY_CONT_STATES_paper,7,CV17_THY_CONT_STATES,paper,LogisticRegression+RandomForest+AdaBoost;C=1,raw_threshold
0.3,211,0.24031890660592256,113,98,0.08086560364464693,-0.15522290920924178,0.0,False,h7_CV17_THY_CONT_STATES_paper,7,CV17_THY_CONT_STATES,paper,LogisticRegression+RandomForest+AdaBoost;C=1,raw_threshold
0.4,145,0.16514806378132119,92,53,0.06454062262718299,-0.3477600607441155,0.0,False,h7_CV17_THY_CONT_STATES_paper,7,CV17_THY_CONT_STATES,paper,LogisticRegression+RandomForest+AdaBoost;C=1,raw_threshold
0.5,100,0.11389521640091116,67,33,0.03872437357630979,-0.6173120728929384,0.0,False,h7_CV17_THY_CONT_STATES_paper,7,CV17_THY_CONT_STATES,paper,LogisticRegression+RandomForest+AdaBoost;C=1,raw_threshold
0.1,411,0.46810933940774485,148,263,0.13528220703619337,0.10149329283725639,0.0,False,h7_CV17_THY_CONT_STATES_paper,7,CV17_THY_CONT_STATES,paper,LogisticRegression+RandomForest+AdaBoost;C=1,sigmoid
0.2,278,0.31662870159453305,128,150,0.1030751708428246,-0.01082004555808655,0.0,False,h7_CV17_THY_CONT_STATES_paper,7,CV17_THY_CONT_STATES,paper,LogisticRegression+RandomForest+AdaBoost;C=1,sigmoid
0.3,202,0.23006833712984054,111,91,0.08200455580865605,-0.15522290920924178,0.0,False,h7_CV17_THY_CONT_STATES_paper,7,CV17_THY_CONT_STATES,paper,LogisticRegression+RandomForest+AdaBoost;C=1,sigmoid
0.4,138,0.1571753986332574,89,49,0.0641609719058466,-0.3477600607441155,0.0,False,h7_CV17_THY_CONT_STATES_paper,7,CV17_THY_CONT_STATES,paper,LogisticRegression+RandomForest+AdaBoost;C=1,sigmoid
0.5,98,0.11161731207289294,66,32,0.03872437357630979,-0.6173120728929384,0.0,False,h7_CV17_THY_CONT_STATES_paper,7,CV17_THY_CONT_STATES,paper,LogisticRegression+RandomForest+AdaBoost;C=1,sigmoid
0.1,390,0.44419134396355353,146,244,0.1354087572766388,0.10149329283725639,0.0,False,h7_CV17_THY_CONT_STATES_paper,7,CV17_THY_CONT_STATES,paper,LogisticRegression+RandomForest+AdaBoost;C=1,isotonic
0.2,286,0.32574031890660593,132,154,0.10649202733485193,-0.01082004555808655,0.0,False,h7_CV17_THY_CONT_STATES_paper,7,CV17_THY_CONT_STATES,paper,LogisticRegression+RandomForest+AdaBoost;C=1,isotonic
0.3,189,0.2152619589977221,104,85,0.0769606247966157,-0.15522290920924178,0.0,False,h7_CV17_THY_CONT_STATES_paper,7,CV17_THY_CONT_STATES,paper,LogisticRegression+RandomForest+AdaBoost;C=1,isotonic
0.4,122,0.13895216400911162,81,41,0.06112376613515566,-0.3477600607441155,0.0,False,h7_CV17_THY_CONT_STATES_paper,7,CV17_THY_CONT_STATES,paper,LogisticRegression+RandomForest+AdaBoost;C=1,isotonic
0.5,94,0.1070615034168565,64,30,0.03872437357630979,-0.6173120728929384,0.0,False,h7_CV17_THY_CONT_STATES_paper,7,CV17_THY_CONT_STATES,paper,LogisticRegression+RandomForest+AdaBoost;C=1,isotonic
0.1,414,0.4715261958997722,149,265,0.13616805871931156,0.10149329283725639,0.0,False,h7_CV17_THY_CONT_STATES_same_baseline,7,CV17_THY_CONT_STATES,same_baseline,KNeighbors+RandomForest+AdaBoost+MLP;C=1,raw_fixed
0.2,288,0.32801822323462415,131,157,0.10449886104783598,-0.01082004555808655,0.0,False,h7_CV17_THY_CONT_STATES_same_baseline,7,CV17_THY_CONT_STATES,same_baseline,KNeighbors+RandomForest+AdaBoost+MLP;C=1,raw_fixed
0.3,207,0.2357630979498861,110,97,0.0779368695086235,-0.15522290920924178,0.0,False,h7_CV17_THY_CONT_STATES_same_baseline,7,CV17_THY_CONT_STATES,same_baseline,KNeighbors+RandomForest+AdaBoost+MLP;C=1,raw_fixed
0.4,141,0.16059225512528474,91,50,0.0656795747911921,-0.3477600607441155,0.0,False,h7_CV17_THY_CONT_STATES_same_baseline,7,CV17_THY_CONT_STATES,same_baseline,KNeighbors+RandomForest+AdaBoost+MLP;C=1,raw_fixed
0.5,101,0.11503416856492027,69,32,0.042141230068337136,-0.6173120728929384,0.0,False,h7_CV17_THY_CONT_STATES_same_baseline,7,CV17_THY_CONT_STATES,same_baseline,KNeighbors+RandomForest+AdaBoost+MLP;C=1,raw_fixed
0.1,414,0.4715261958997722,149,265,0.13616805871931156,0.10149329283725639,0.0,False,h7_CV17_THY_CONT_STATES_same_baseline,7,CV17_THY_CONT_STATES,same_baseline,KNeighbors+RandomForest+AdaBoost+MLP;C=1,raw_threshold
0.2,288,0.32801822323462415,131,157,0.10449886104783598,-0.01082004555808655,0.0,False,h7_CV17_THY_CONT_STATES_same_baseline,7,CV17_THY_CONT_STATES,same_baseline,KNeighbors+RandomForest+AdaBoost+MLP;C=1,raw_threshold
0.3,207,0.2357630979498861,110,97,0.0779368695086235,-0.15522290920924178,0.0,False,h7_CV17_THY_CONT_STATES_same_baseline,7,CV17_THY_CONT_STATES,same_baseline,KNeighbors+RandomForest+AdaBoost+MLP;C=1,raw_threshold
0.4,141,0.16059225512528474,91,50,0.0656795747911921,-0.3477600607441155,0.0,False,h7_CV17_THY_CONT_STATES_same_baseline,7,CV17_THY_CONT_STATES,same_baseline,KNeighbors+RandomForest+AdaBoost+MLP;C=1,raw_threshold
0.5,101,0.11503416856492027,69,32,0.042141230068337136,-0.6173120728929384,0.0,False,h7_CV17_THY_CONT_STATES_same_baseline,7,CV17_THY_CONT_STATES,same_baseline,KNeighbors+RandomForest+AdaBoost+MLP;C=1,raw_threshold
0.1,412,0.46924829157175396,148,264,0.13515565679574792,0.10149329283725639,0.0,False,h7_CV17_THY_CONT_STATES_same_baseline,7,CV17_THY_CONT_STATES,same_baseline,KNeighbors+RandomForest+AdaBoost+MLP;C=1,sigmoid
0.2,278,0.31662870159453305,128,150,0.1030751708428246,-0.01082004555808655,0.0,False,h7_CV17_THY_CONT_STATES_same_baseline,7,CV17_THY_CONT_STATES,same_baseline,KNeighbors+RandomForest+AdaBoost+MLP;C=1,sigmoid
0.3,201,0.22892938496583143,108,93,0.07761145460462089,-0.15522290920924178,0.0,False,h7_CV17_THY_CONT_STATES_same_baseline,7,CV17_THY_CONT_STATES,same_baseline,KNeighbors+RandomForest+AdaBoost+MLP;C=1,sigmoid
0.4,141,0.16059225512528474,91,50,0.0656795747911921,-0.3477600607441155,0.0,False,h7_CV17_THY_CONT_STATES_same_baseline,7,CV17_THY_CONT_STATES,same_baseline,KNeighbors+RandomForest+AdaBoost+MLP;C=1,sigmoid
0.5,100,0.11389521640091116,68,32,0.041002277904328026,-0.6173120728929384,0.0,False,h7_CV17_THY_CONT_STATES_same_baseline,7,CV17_THY_CONT_STATES,same_baseline,KNeighbors+RandomForest+AdaBoost+MLP;C=1,sigmoid
0.1,461,0.5250569476082004,151,310,0.13275120222728423,0.10149329283725639,0.0,False,h7_CV17_THY_CONT_STATES_same_baseline,7,CV17_THY_CONT_STATES,same_baseline,KNeighbors+RandomForest+AdaBoost+MLP;C=1,isotonic
0.2,297,0.33826879271070615,133,164,0.10478359908883825,-0.01082004555808655,0.0,False,h7_CV17_THY_CONT_STATES_same_baseline,7,CV17_THY_CONT_STATES,same_baseline,KNeighbors+RandomForest+AdaBoost+MLP;C=1,isotonic
0.3,192,0.21867881548974943,108,84,0.08200455580865604,-0.15522290920924178,0.0,False,h7_CV17_THY_CONT_STATES_same_baseline,7,CV17_THY_CONT_STATES,same_baseline,KNeighbors+RandomForest+AdaBoost+MLP;C=1,isotonic
0.4,101,0.11503416856492027,69,32,0.05429005315110099,-0.3477600607441155,0.0,False,h7_CV17_THY_CONT_STATES_same_baseline,7,CV17_THY_CONT_STATES,same_baseline,KNeighbors+RandomForest+AdaBoost+MLP;C=1,isotonic
0.5,100,0.11389521640091116,68,32,0.041002277904328026,-0.6173120728929384,0.0,False,h7_CV17_THY_CONT_STATES_same_baseline,7,CV17_THY_CONT_STATES,same_baseline,KNeighbors+RandomForest+AdaBoost+MLP;C=1,isotonic
0.1,416,0.47380410022779046,149,267,0.13591495823842065,0.10149329283725639,0.0,False,h7_CV17_THY_CONT_STATES_locked_baseline,7,CV17_THY_CONT_STATES,locked_baseline,KNeighbors+RandomForest+AdaBoost+MLP;C=1,raw_fixed
0.2,293,0.3337129840546697,130,163,0.10165148063781321,-0.01082004555808655,0.0,False,h7_CV17_THY_CONT_STATES_locked_baseline,7,CV17_THY_CONT_STATES,locked_baseline,KNeighbors+RandomForest+AdaBoost+MLP;C=1,raw_fixed
0.3,209,0.23804100227790434,114,95,0.08346892287666775,-0.15522290920924178,0.0,False,h7_CV17_THY_CONT_STATES_locked_baseline,7,CV17_THY_CONT_STATES,locked_baseline,KNeighbors+RandomForest+AdaBoost+MLP;C=1,raw_fixed
0.4,146,0.1662870159453303,91,55,0.06188306757782838,-0.3477600607441155,0.0,False,h7_CV17_THY_CONT_STATES_locked_baseline,7,CV17_THY_CONT_STATES,locked_baseline,KNeighbors+RandomForest+AdaBoost+MLP;C=1,raw_fixed
0.5,106,0.12072892938496584,72,34,0.04328018223234624,-0.6173120728929384,0.0,False,h7_CV17_THY_CONT_STATES_locked_baseline,7,CV17_THY_CONT_STATES,locked_baseline,KNeighbors+RandomForest+AdaBoost+MLP;C=1,raw_fixed
0.1,416,0.47380410022779046,149,267,0.13591495823842065,0.10149329283725639,0.0,False,h7_CV17_THY_CONT_STATES_locked_baseline,7,CV17_THY_CONT_STATES,locked_baseline,KNeighbors+RandomForest+AdaBoost+MLP;C=1,raw_threshold
0.2,293,0.3337129840546697,130,163,0.10165148063781321,-0.01082004555808655,0.0,False,h7_CV17_THY_CONT_STATES_locked_baseline,7,CV17_THY_CONT_STATES,locked_baseline,KNeighbors+RandomForest+AdaBoost+MLP;C=1,raw_threshold
0.3,209,0.23804100227790434,114,95,0.08346892287666775,-0.15522290920924178,0.0,False,h7_CV17_THY_CONT_STATES_locked_baseline,7,CV17_THY_CONT_STATES,locked_baseline,KNeighbors+RandomForest+AdaBoost+MLP;C=1,raw_threshold
0.4,146,0.1662870159453303,91,55,0.06188306757782838,-0.3477600607441155,0.0,False,h7_CV17_THY_CONT_STATES_locked_baseline,7,CV17_THY_CONT_STATES,locked_baseline,KNeighbors+RandomForest+AdaBoost+MLP;C=1,raw_threshold
0.5,106,0.12072892938496584,72,34,0.04328018223234624,-0.6173120728929384,0.0,False,h7_CV17_THY_CONT_STATES_locked_baseline,7,CV17_THY_CONT_STATES,locked_baseline,KNeighbors+RandomForest+AdaBoost+MLP;C=1,raw_threshold
0.1,407,0.4635535307517084,148,259,0.1357884079979752,0.10149329283725639,0.0,False,h7_CV17_THY_CONT_STATES_locked_baseline,7,CV17_THY_CONT_STATES,locked_baseline,KNeighbors+RandomForest+AdaBoost+MLP;C=1,sigmoid
0.2,286,0.32574031890660593,129,157,0.10222095671981776,-0.01082004555808655,0.0,False,h7_CV17_THY_CONT_STATES_locked_baseline,7,CV17_THY_CONT_STATES,locked_baseline,KNeighbors+RandomForest+AdaBoost+MLP;C=1,sigmoid
0.3,205,0.23348519362186787,113,92,0.08379433778067036,-0.15522290920924178,0.0,False,h7_CV17_THY_CONT_STATES_locked_baseline,7,CV17_THY_CONT_STATES,locked_baseline,KNeighbors+RandomForest+AdaBoost+MLP;C=1,sigmoid
0.4,142,0.16173120728929385,91,51,0.06492027334851935,-0.3477600607441155,0.0,False,h7_CV17_THY_CONT_STATES_locked_baseline,7,CV17_THY_CONT_STATES,locked_baseline,KNeighbors+RandomForest+AdaBoost+MLP;C=1,sigmoid
0.5,104,0.11845102505694761,71,33,0.04328018223234625,-0.6173120728929384,0.0,False,h7_CV17_THY_CONT_STATES_locked_baseline,7,CV17_THY_CONT_STATES,locked_baseline,KNeighbors+RandomForest+AdaBoost+MLP;C=1,sigmoid
0.1,413,0.47038724373576307,148,265,0.13502910655530245,0.10149329283725639,0.0,False,h7_CV17_THY_CONT_STATES_locked_baseline,7,CV17_THY_CONT_STATES,locked_baseline,KNeighbors+RandomForest+AdaBoost+MLP;C=1,isotonic
0.2,280,0.31890660592255127,129,151,0.10392938496583143,-0.01082004555808655,0.0,False,h7_CV17_THY_CONT_STATES_locked_baseline,7,CV17_THY_CONT_STATES,locked_baseline,KNeighbors+RandomForest+AdaBoost+MLP;C=1,isotonic
0.3,191,0.21753986332574032,109,82,0.08411975268467295,-0.15522290920924178,0.0,False,h7_CV17_THY_CONT_STATES_locked_baseline,7,CV17_THY_CONT_STATES,locked_baseline,KNeighbors+RandomForest+AdaBoost+MLP;C=1,isotonic
0.4,114,0.12984054669703873,76,38,0.057706909643128315,-0.3477600607441155,0.0,False,h7_CV17_THY_CONT_STATES_locked_baseline,7,CV17_THY_CONT_STATES,locked_baseline,KNeighbors+RandomForest+AdaBoost+MLP;C=1,isotonic
0.5,101,0.11503416856492027,70,31,0.04441913439635536,-0.6173120728929384,0.0,False,h7_CV17_THY_CONT_STATES_locked_baseline,7,CV17_THY_CONT_STATES,locked_baseline,KNeighbors+RandomForest+AdaBoost+MLP;C=1,isotonic
0.1,412,0.46924829157175396,146,266,0.13262465198683876,0.10149329283725639,0.0,False,h7_CV17_THY_CONT_RATIO_own,7,CV17_THY_CONT_RATIO,own,AdaBoost+MLP;C=100,raw_fixed
0.2,274,0.3120728929384966,126,148,0.10136674259681093,-0.01082004555808655,0.0,False,h7_CV17_THY_CONT_RATIO_own,7,CV17_THY_CONT_RATIO,own,AdaBoost+MLP;C=100,raw_fixed
0.3,197,0.224373576309795,104,93,0.07305564594858445,-0.15522290920924178,0.0,False,h7_CV17_THY_CONT_RATIO_own,7,CV17_THY_CONT_RATIO,own,AdaBoost+MLP;C=100,raw_fixed
0.4,138,0.1571753986332574,87,51,0.06036446469248291,-0.3477600607441155,0.0,False,h7_CV17_THY_CONT_RATIO_own,7,CV17_THY_CONT_RATIO,own,AdaBoost+MLP;C=100,raw_fixed
0.5,103,0.11731207289293849,68,35,0.03758542141230069,-0.6173120728929384,0.0,False,h7_CV17_THY_CONT_RATIO_own,7,CV17_THY_CONT_RATIO,own,AdaBoost+MLP;C=100,raw_fixed
0.1,412,0.46924829157175396,146,266,0.13262465198683876,0.10149329283725639,0.0,False,h7_CV17_THY_CONT_RATIO_own,7,CV17_THY_CONT_RATIO,own,AdaBoost+MLP;C=100,raw_threshold
0.2,274,0.3120728929384966,126,148,0.10136674259681093,-0.01082004555808655,0.0,False,h7_CV17_THY_CONT_RATIO_own,7,CV17_THY_CONT_RATIO,own,AdaBoost+MLP;C=100,raw_threshold
0.3,197,0.224373576309795,104,93,0.07305564594858445,-0.15522290920924178,0.0,False,h7_CV17_THY_CONT_RATIO_own,7,CV17_THY_CONT_RATIO,own,AdaBoost+MLP;C=100,raw_threshold
0.4,138,0.1571753986332574,87,51,0.06036446469248291,-0.3477600607441155,0.0,False,h7_CV17_THY_CONT_RATIO_own,7,CV17_THY_CONT_RATIO,own,AdaBoost+MLP;C=100,raw_threshold
0.5,103,0.11731207289293849,68,35,0.03758542141230069,-0.6173120728929384,0.0,False,h7_CV17_THY_CONT_RATIO_own,7,CV17_THY_CONT_RATIO,own,AdaBoost+MLP;C=100,raw_threshold
0.1,408,0.4646924829157175,146,262,0.1331308529486206,0.10149329283725639,0.0,False,h7_CV17_THY_CONT_RATIO_own,7,CV17_THY_CONT_RATIO,own,AdaBoost+MLP;C=100,sigmoid
0.2,272,0.3097949886104784,126,146,0.10193621867881549,-0.01082004555808655,0.0,False,h7_CV17_THY_CONT_RATIO_own,7,CV17_THY_CONT_RATIO,own,AdaBoost+MLP;C=100,sigmoid
0.3,194,0.22095671981776766,104,90,0.07452001301659616,-0.15522290920924178,0.0,False,h7_CV17_THY_CONT_RATIO_own,7,CV17_THY_CONT_RATIO,own,AdaBoost+MLP;C=100,sigmoid
0.4,138,0.1571753986332574,87,51,0.06036446469248291,-0.3477600607441155,0.0,False,h7_CV17_THY_CONT_RATIO_own,7,CV17_THY_CONT_RATIO,own,AdaBoost+MLP;C=100,sigmoid
0.5,103,0.11731207289293849,68,35,0.03758542141230069,-0.6173120728929384,0.0,False,h7_CV17_THY_CONT_RATIO_own,7,CV17_THY_CONT_RATIO,own,AdaBoost+MLP;C=100,sigmoid
0.1,355,0.4043280182232346,139,216,0.13097949886104784,0.10149329283725639,0.0,False,h7_CV17_THY_CONT_RATIO_own,7,CV17_THY_CONT_RATIO,own,AdaBoost+MLP;C=100,isotonic
0.2,294,0.3348519362186788,132,162,0.10421412300683369,-0.01082004555808655,0.0,False,h7_CV17_THY_CONT_RATIO_own,7,CV17_THY_CONT_RATIO,own,AdaBoost+MLP;C=100,isotonic
0.3,226,0.25740318906605925,116,110,0.0784249918646274,-0.15522290920924178,0.0,False,h7_CV17_THY_CONT_RATIO_own,7,CV17_THY_CONT_RATIO,own,AdaBoost+MLP;C=100,isotonic
0.4,138,0.1571753986332574,87,51,0.06036446469248291,-0.3477600607441155,0.0,False,h7_CV17_THY_CONT_RATIO_own,7,CV17_THY_CONT_RATIO,own,AdaBoost+MLP;C=100,isotonic
0.5,87,0.09908883826879271,57,30,0.030751708428246018,-0.6173120728929384,0.0,False,h7_CV17_THY_CONT_RATIO_own,7,CV17_THY_CONT_RATIO,own,AdaBoost+MLP;C=100,isotonic
0.1,452,0.5148063781321185,151,301,0.13389015439129334,0.10149329283725639,0.0,False,h7_CV17_THY_CONT_RATIO_paper,7,CV17_THY_CONT_RATIO,paper,LogisticRegression+RandomForest+AdaBoost;C=0.01,raw_fixed
0.2,285,0.3246013667425968,129,156,0.10250569476082004,-0.01082004555808655,0.0,False,h7_CV17_THY_CONT_RATIO_paper,7,CV17_THY_CONT_RATIO,paper,LogisticRegression+RandomForest+AdaBoost;C=0.01,raw_fixed
0.3,206,0.23462414578587698,110,96,0.07842499186462741,-0.15522290920924178,0.0,False,h7_CV17_THY_CONT_RATIO_paper,7,CV17_THY_CONT_RATIO,paper,LogisticRegression+RandomForest+AdaBoost;C=0.01,raw_fixed
0.4,129,0.1469248291571754,85,44,0.06340167046317388,-0.3477600607441155,0.0,False,h7_CV17_THY_CONT_RATIO_paper,7,CV17_THY_CONT_RATIO,paper,LogisticRegression+RandomForest+AdaBoost;C=0.01,raw_fixed
0.5,95,0.1082004555808656,62,33,0.03302961275626424,-0.6173120728929384,0.0,False,h7_CV17_THY_CONT_RATIO_paper,7,CV17_THY_CONT_RATIO,paper,LogisticRegression+RandomForest+AdaBoost;C=0.01,raw_fixed
0.1,452,0.5148063781321185,151,301,0.13389015439129334,0.10149329283725639,0.0,False,h7_CV17_THY_CONT_RATIO_paper,7,CV17_THY_CONT_RATIO,paper,LogisticRegression+RandomForest+AdaBoost;C=0.01,raw_threshold
0.2,285,0.3246013667425968,129,156,0.10250569476082004,-0.01082004555808655,0.0,False,h7_CV17_THY_CONT_RATIO_paper,7,CV17_THY_CONT_RATIO,paper,LogisticRegression+RandomForest+AdaBoost;C=0.01,raw_threshold
0.3,206,0.23462414578587698,110,96,0.07842499186462741,-0.15522290920924178,0.0,False,h7_CV17_THY_CONT_RATIO_paper,7,CV17_THY_CONT_RATIO,paper,LogisticRegression+RandomForest+AdaBoost;C=0.01,raw_threshold
0.4,129,0.1469248291571754,85,44,0.06340167046317388,-0.3477600607441155,0.0,False,h7_CV17_THY_CONT_RATIO_paper,7,CV17_THY_CONT_RATIO,paper,LogisticRegression+RandomForest+AdaBoost;C=0.01,raw_threshold
0.5,95,0.1082004555808656,62,33,0.03302961275626424,-0.6173120728929384,0.0,False,h7_CV17_THY_CONT_RATIO_paper,7,CV17_THY_CONT_RATIO,paper,LogisticRegression+RandomForest+AdaBoost;C=0.01,raw_threshold
0.1,410,0.46697038724373574,147,263,0.13414325487218426,0.10149329283725639,0.0,False,h7_CV17_THY_CONT_RATIO_paper,7,CV17_THY_CONT_RATIO,paper,LogisticRegression+RandomForest+AdaBoost;C=0.01,sigmoid
0.2,277,0.31548974943052394,128,149,0.10335990888382687,-0.01082004555808655,0.0,False,h7_CV17_THY_CONT_RATIO_paper,7,CV17_THY_CONT_RATIO,paper,LogisticRegression+RandomForest+AdaBoost;C=0.01,sigmoid
0.3,206,0.23462414578587698,110,96,0.07842499186462741,-0.15522290920924178,0.0,False,h7_CV17_THY_CONT_RATIO_paper,7,CV17_THY_CONT_RATIO,paper,LogisticRegression+RandomForest+AdaBoost;C=0.01,sigmoid
0.4,138,0.1571753986332574,88,50,0.062262718299164764,-0.3477600607441155,0.0,False,h7_CV17_THY_CONT_RATIO_paper,7,CV17_THY_CONT_RATIO,paper,LogisticRegression+RandomForest+AdaBoost;C=0.01,sigmoid
0.5,106,0.12072892938496584,71,35,0.04100227790432802,-0.6173120728929384,0.0,False,h7_CV17_THY_CONT_RATIO_paper,7,CV17_THY_CONT_RATIO,paper,LogisticRegression+RandomForest+AdaBoost;C=0.01,sigmoid
0.1,452,0.5148063781321185,151,301,0.13389015439129334,0.10149329283725639,0.0,False,h7_CV17_THY_CONT_RATIO_paper,7,CV17_THY_CONT_RATIO,paper,LogisticRegression+RandomForest+AdaBoost;C=0.01,isotonic
0.2,287,0.32687927107061504,129,158,0.10193621867881549,-0.01082004555808655,0.0,False,h7_CV17_THY_CONT_RATIO_paper,7,CV17_THY_CONT_RATIO,paper,LogisticRegression+RandomForest+AdaBoost;C=0.01,isotonic
0.3,235,0.26765375854214124,119,116,0.0789131142206313,-0.15522290920924178,0.0,False,h7_CV17_THY_CONT_RATIO_paper,7,CV17_THY_CONT_RATIO,paper,LogisticRegression+RandomForest+AdaBoost;C=0.01,isotonic
0.4,99,0.11275626423690205,66,33,0.0501138952164009,-0.3477600607441155,0.0,False,h7_CV17_THY_CONT_RATIO_paper,7,CV17_THY_CONT_RATIO,paper,LogisticRegression+RandomForest+AdaBoost;C=0.01,isotonic
0.5,99,0.11275626423690205,66,33,0.03758542141230068,-0.6173120728929384,0.0,False,h7_CV17_THY_CONT_RATIO_paper,7,CV17_THY_CONT_RATIO,paper,LogisticRegression+RandomForest+AdaBoost;C=0.01,isotonic
0.1,408,0.4646924829157175,148,260,0.13566185775752973,0.10149329283725639,0.0,False,h7_CV17_THY_CONT_RATIO_same_baseline,7,CV17_THY_CONT_RATIO,same_baseline,KNeighbors+RandomForest+AdaBoost+MLP;C=1,raw_fixed
0.2,278,0.31662870159453305,130,148,0.10592255125284737,-0.01082004555808655,0.0,False,h7_CV17_THY_CONT_RATIO_same_baseline,7,CV17_THY_CONT_RATIO,same_baseline,KNeighbors+RandomForest+AdaBoost+MLP;C=1,raw_fixed
0.3,199,0.2266514806378132,109,90,0.08021477383664172,-0.15522290920924178,0.0,False,h7_CV17_THY_CONT_RATIO_same_baseline,7,CV17_THY_CONT_RATIO,same_baseline,KNeighbors+RandomForest+AdaBoost+MLP;C=1,raw_fixed
0.4,140,0.15945330296127563,90,50,0.06454062262718299,-0.3477600607441155,0.0,False,h7_CV17_THY_CONT_RATIO_same_baseline,7,CV17_THY_CONT_RATIO,same_baseline,KNeighbors+RandomForest+AdaBoost+MLP;C=1,raw_fixed
0.5,110,0.1252847380410023,71,39,0.03644646924829158,-0.6173120728929384,0.0,False,h7_CV17_THY_CONT_RATIO_same_baseline,7,CV17_THY_CONT_RATIO,same_baseline,KNeighbors+RandomForest+AdaBoost+MLP;C=1,raw_fixed
0.1,408,0.4646924829157175,148,260,0.13566185775752973,0.10149329283725639,0.0,False,h7_CV17_THY_CONT_RATIO_same_baseline,7,CV17_THY_CONT_RATIO,same_baseline,KNeighbors+RandomForest+AdaBoost+MLP;C=1,raw_threshold
0.2,278,0.31662870159453305,130,148,0.10592255125284737,-0.01082004555808655,0.0,False,h7_CV17_THY_CONT_RATIO_same_baseline,7,CV17_THY_CONT_RATIO,same_baseline,KNeighbors+RandomForest+AdaBoost+MLP;C=1,raw_threshold
0.3,199,0.2266514806378132,109,90,0.08021477383664172,-0.15522290920924178,0.0,False,h7_CV17_THY_CONT_RATIO_same_baseline,7,CV17_THY_CONT_RATIO,same_baseline,KNeighbors+RandomForest+AdaBoost+MLP;C=1,raw_threshold
0.4,140,0.15945330296127563,90,50,0.06454062262718299,-0.3477600607441155,0.0,False,h7_CV17_THY_CONT_RATIO_same_baseline,7,CV17_THY_CONT_RATIO,same_baseline,KNeighbors+RandomForest+AdaBoost+MLP;C=1,raw_threshold
0.5,110,0.1252847380410023,71,39,0.03644646924829158,-0.6173120728929384,0.0,False,h7_CV17_THY_CONT_RATIO_same_baseline,7,CV17_THY_CONT_RATIO,same_baseline,KNeighbors+RandomForest+AdaBoost+MLP;C=1,raw_threshold
0.1,403,0.45899772209567197,148,255,0.13629460895975704,0.10149329283725639,0.0,False,h7_CV17_THY_CONT_RATIO_same_baseline,7,CV17_THY_CONT_RATIO,same_baseline,KNeighbors+RandomForest+AdaBoost+MLP;C=1,sigmoid
0.2,273,0.3109339407744875,126,147,0.10165148063781321,-0.01082004555808655,0.0,False,h7_CV17_THY_CONT_RATIO_same_baseline,7,CV17_THY_CONT_RATIO,same_baseline,KNeighbors+RandomForest+AdaBoost+MLP;C=1,sigmoid
0.3,199,0.2266514806378132,109,90,0.08021477383664172,-0.15522290920924178,0.0,False,h7_CV17_THY_CONT_RATIO_same_baseline,7,CV17_THY_CONT_RATIO,same_baseline,KNeighbors+RandomForest+AdaBoost+MLP;C=1,sigmoid
0.4,139,0.15831435079726652,89,50,0.06340167046317388,-0.3477600607441155,0.0,False,h7_CV17_THY_CONT_RATIO_same_baseline,7,CV17_THY_CONT_RATIO,same_baseline,KNeighbors+RandomForest+AdaBoost+MLP;C=1,sigmoid
0.5,109,0.12414578587699317,70,39,0.035307517084282466,-0.6173120728929384,0.0,False,h7_CV17_THY_CONT_RATIO_same_baseline,7,CV17_THY_CONT_RATIO,same_baseline,KNeighbors+RandomForest+AdaBoost+MLP;C=1,sigmoid
0.1,389,0.4430523917995444,145,244,0.1342698051126297,0.10149329283725639,0.0,False,h7_CV17_THY_CONT_RATIO_same_baseline,7,CV17_THY_CONT_RATIO,same_baseline,KNeighbors+RandomForest+AdaBoost+MLP;C=1,isotonic
0.2,248,0.2824601366742597,122,126,0.10307517084282461,-0.01082004555808655,0.0,False,h7_CV17_THY_CONT_RATIO_same_baseline,7,CV17_THY_CONT_RATIO,same_baseline,KNeighbors+RandomForest+AdaBoost+MLP;C=1,isotonic
0.3,248,0.2824601366742597,122,126,0.0774487471526196,-0.15522290920924178,0.0,False,h7_CV17_THY_CONT_RATIO_same_baseline,7,CV17_THY_CONT_RATIO,same_baseline,KNeighbors+RandomForest+AdaBoost+MLP;C=1,isotonic
0.4,139,0.15831435079726652,89,50,0.06340167046317388,-0.3477600607441155,0.0,False,h7_CV17_THY_CONT_RATIO_same_baseline,7,CV17_THY_CONT_RATIO,same_baseline,KNeighbors+RandomForest+AdaBoost+MLP;C=1,isotonic
0.5,91,0.10364464692482915,58,33,0.028473804100227797,-0.6173120728929384,0.0,False,h7_CV17_THY_CONT_RATIO_same_baseline,7,CV17_THY_CONT_RATIO,same_baseline,KNeighbors+RandomForest+AdaBoost+MLP;C=1,isotonic
0.1,425,0.48405466970387245,147,278,0.1322450012655024,0.10149329283725639,0.0,False,h7_CV17_THY_CONT_RATIO_locked_baseline,7,CV17_THY_CONT_RATIO,locked_baseline,KNeighbors+RandomForest+AdaBoost+MLP;C=1,raw_fixed
0.2,286,0.32574031890660593,129,157,0.10222095671981776,-0.01082004555808655,0.0,False,h7_CV17_THY_CONT_RATIO_locked_baseline,7,CV17_THY_CONT_RATIO,locked_baseline,KNeighbors+RandomForest+AdaBoost+MLP;C=1,raw_fixed
0.3,232,0.2642369020501139,120,112,0.08200455580865604,-0.15522290920924178,0.0,False,h7_CV17_THY_CONT_RATIO_locked_baseline,7,CV17_THY_CONT_RATIO,locked_baseline,KNeighbors+RandomForest+AdaBoost+MLP;C=1,raw_fixed
0.4,156,0.1776765375854214,97,59,0.0656795747911921,-0.3477600607441155,0.0,False,h7_CV17_THY_CONT_RATIO_locked_baseline,7,CV17_THY_CONT_RATIO,locked_baseline,KNeighbors+RandomForest+AdaBoost+MLP;C=1,raw_fixed
0.5,112,0.1275626423690205,76,36,0.04555808656036446,-0.6173120728929384,0.0,False,h7_CV17_THY_CONT_RATIO_locked_baseline,7,CV17_THY_CONT_RATIO,locked_baseline,KNeighbors+RandomForest+AdaBoost+MLP;C=1,raw_fixed
0.1,425,0.48405466970387245,147,278,0.1322450012655024,0.10149329283725639,0.0,False,h7_CV17_THY_CONT_RATIO_locked_baseline,7,CV17_THY_CONT_RATIO,locked_baseline,KNeighbors+RandomForest+AdaBoost+MLP;C=1,raw_threshold
0.2,286,0.32574031890660593,129,157,0.10222095671981776,-0.01082004555808655,0.0,False,h7_CV17_THY_CONT_RATIO_locked_baseline,7,CV17_THY_CONT_RATIO,locked_baseline,KNeighbors+RandomForest+AdaBoost+MLP;C=1,raw_threshold
0.3,232,0.2642369020501139,120,112,0.08200455580865604,-0.15522290920924178,0.0,False,h7_CV17_THY_CONT_RATIO_locked_baseline,7,CV17_THY_CONT_RATIO,locked_baseline,KNeighbors+RandomForest+AdaBoost+MLP;C=1,raw_threshold
0.4,156,0.1776765375854214,97,59,0.0656795747911921,-0.3477600607441155,0.0,False,h7_CV17_THY_CONT_RATIO_locked_baseline,7,CV17_THY_CONT_RATIO,locked_baseline,KNeighbors+RandomForest+AdaBoost+MLP;C=1,raw_threshold
0.5,112,0.1275626423690205,76,36,0.04555808656036446,-0.6173120728929384,0.0,False,h7_CV17_THY_CONT_RATIO_locked_baseline,7,CV17_THY_CONT_RATIO,locked_baseline,KNeighbors+RandomForest+AdaBoost+MLP;C=1,raw_threshold
0.1,423,0.48177676537585423,147,276,0.13249810174639332,0.10149329283725639,0.0,False,h7_CV17_THY_CONT_RATIO_locked_baseline,7,CV17_THY_CONT_RATIO,locked_baseline,KNeighbors+RandomForest+AdaBoost+MLP;C=1,sigmoid
0.2,280,0.31890660592255127,127,153,0.10108200455580865,-0.01082004555808655,0.0,False,h7_CV17_THY_CONT_RATIO_locked_baseline,7,CV17_THY_CONT_RATIO,locked_baseline,KNeighbors+RandomForest+AdaBoost+MLP;C=1,sigmoid
0.3,228,0.25968109339407747,119,109,0.08232997071265863,-0.15522290920924178,0.0,False,h7_CV17_THY_CONT_RATIO_locked_baseline,7,CV17_THY_CONT_RATIO,locked_baseline,KNeighbors+RandomForest+AdaBoost+MLP;C=1,sigmoid
0.4,151,0.17198177676537585,95,56,0.0656795747911921,-0.3477600607441155,0.0,False,h7_CV17_THY_CONT_RATIO_locked_baseline,7,CV17_THY_CONT_RATIO,locked_baseline,KNeighbors+RandomForest+AdaBoost+MLP;C=1,sigmoid
0.5,107,0.12186788154897495,72,35,0.04214123006833713,-0.6173120728929384,0.0,False,h7_CV17_THY_CONT_RATIO_locked_baseline,7,CV17_THY_CONT_RATIO,locked_baseline,KNeighbors+RandomForest+AdaBoost+MLP;C=1,sigmoid
0.1,477,0.5432801822323462,154,323,0.13452290559352062,0.10149329283725639,0.0,False,h7_CV17_THY_CONT_RATIO_locked_baseline,7,CV17_THY_CONT_RATIO,locked_baseline,KNeighbors+RandomForest+AdaBoost+MLP;C=1,isotonic
0.2,313,0.3564920273348519,133,180,0.1002277904328018,-0.01082004555808655,0.0,False,h7_CV17_THY_CONT_RATIO_locked_baseline,7,CV17_THY_CONT_RATIO,locked_baseline,KNeighbors+RandomForest+AdaBoost+MLP;C=1,isotonic
0.3,248,0.2824601366742597,122,126,0.0774487471526196,-0.15522290920924178,0.0,False,h7_CV17_THY_CONT_RATIO_locked_baseline,7,CV17_THY_CONT_RATIO,locked_baseline,KNeighbors+RandomForest+AdaBoost+MLP;C=1,isotonic
0.4,119,0.13553530751708429,79,40,0.05960516324981016,-0.3477600607441155,0.0,False,h7_CV17_THY_CONT_RATIO_locked_baseline,7,CV17_THY_CONT_RATIO,locked_baseline,KNeighbors+RandomForest+AdaBoost+MLP;C=1,isotonic
0.5,99,0.11275626423690205,66,33,0.03758542141230068,-0.6173120728929384,0.0,False,h7_CV17_THY_CONT_RATIO_locked_baseline,7,CV17_THY_CONT_RATIO,locked_baseline,KNeighbors+RandomForest+AdaBoost+MLP;C=1,isotonic
0.1,401,0.7667304015296367,187,214,0.3120883790099851,0.2967920118971744,0.0,False,h10_CV17_own,10,CV17,own,KNeighbors+AdaBoost+MLP+GradientBoosting;C=0.01,raw_fixed
0.2,314,0.6003824091778203,175,139,0.2681644359464627,0.20889101338432126,0.0,False,h10_CV17_own,10,CV17,own,KNeighbors+AdaBoost+MLP+GradientBoosting;C=0.01,raw_fixed
0.3,267,0.5105162523900574,162,105,0.2237093690248566,0.09587544386779573,0.0,False,h10_CV17_own,10,CV17,own,KNeighbors+AdaBoost+MLP+GradientBoosting;C=0.01,raw_fixed
0.4,235,0.44933078393881454,153,82,0.1880178457616316,-0.05481198215423838,0.0,False,h10_CV17_own,10,CV17,own,KNeighbors+AdaBoost+MLP+GradientBoosting;C=0.01,raw_fixed
0.5,193,0.3690248565965583,138,55,0.15869980879541107,-0.26577437858508596,0.0,False,h10_CV17_own,10,CV17,own,KNeighbors+AdaBoost+MLP+GradientBoosting;C=0.01,raw_fixed
0.1,401,0.7667304015296367,187,214,0.3120883790099851,0.2967920118971744,0.0,False,h10_CV17_own,10,CV17,own,KNeighbors+AdaBoost+MLP+GradientBoosting;C=0.01,raw_threshold
0.2,314,0.6003824091778203,175,139,0.2681644359464627,0.20889101338432126,0.0,False,h10_CV17_own,10,CV17,own,KNeighbors+AdaBoost+MLP+GradientBoosting;C=0.01,raw_threshold
0.3,267,0.5105162523900574,162,105,0.2237093690248566,0.09587544386779573,0.0,False,h10_CV17_own,10,CV17,own,KNeighbors+AdaBoost+MLP+GradientBoosting;C=0.01,raw_threshold
0.4,235,0.44933078393881454,153,82,0.1880178457616316,-0.05481198215423838,0.0,False,h10_CV17_own,10,CV17,own,KNeighbors+AdaBoost+MLP+GradientBoosting;C=0.01,raw_threshold
0.5,193,0.3690248565965583,138,55,0.15869980879541107,-0.26577437858508596,0.0,False,h10_CV17_own,10,CV17,own,KNeighbors+AdaBoost+MLP+GradientBoosting;C=0.01,raw_threshold
0.1,361,0.6902485659655831,184,177,0.31421287444231993,0.2967920118971744,0.0,False,h10_CV17_own,10,CV17,own,KNeighbors+AdaBoost+MLP+GradientBoosting;C=0.01,sigmoid
0.2,296,0.5659655831739961,170,126,0.26481835564053535,0.20889101338432126,0.0,False,h10_CV17_own,10,CV17,own,KNeighbors+AdaBoost+MLP+GradientBoosting;C=0.01,sigmoid
0.3,257,0.491395793499044,159,98,0.2237093690248566,0.09587544386779573,0.0,False,h10_CV17_own,10,CV17,own,KNeighbors+AdaBoost+MLP+GradientBoosting;C=0.01,sigmoid
0.4,235,0.44933078393881454,153,82,0.1880178457616316,-0.05481198215423838,0.0,False,h10_CV17_own,10,CV17,own,KNeighbors+AdaBoost+MLP+GradientBoosting;C=0.01,sigmoid
0.5,199,0.38049713193116635,140,59,0.15487571701720843,-0.26577437858508596,0.0,False,h10_CV17_own,10,CV17,own,KNeighbors+AdaBoost+MLP+GradientBoosting;C=0.01,sigmoid
0.1,338,0.6462715105162524,181,157,0.31272572763968554,0.2967920118971744,0.0,False,h10_CV17_own,10,CV17,own,KNeighbors+AdaBoost+MLP+GradientBoosting;C=0.01,isotonic
0.2,329,0.6290630975143403,179,150,0.2705544933078394,0.20889101338432126,0.0,False,h10_CV17_own,10,CV17,own,KNeighbors+AdaBoost+MLP+GradientBoosting;C=0.01,isotonic
0.3,280,0.5353728489483748,164,116,0.21851953018301007,0.09587544386779573,0.0,False,h10_CV17_own,10,CV17,own,KNeighbors+AdaBoost+MLP+GradientBoosting;C=0.01,isotonic
0.4,194,0.37093690248565964,138,56,0.1924792861695347,-0.05481198215423838,0.0,False,h10_CV17_own,10,CV17,own,KNeighbors+AdaBoost+MLP+GradientBoosting;C=0.01,isotonic
0.5,194,0.37093690248565964,138,56,0.15678776290630975,-0.26577437858508596,0.0,False,h10_CV17_own,10,CV17,own,KNeighbors+AdaBoost+MLP+GradientBoosting;C=0.01,isotonic
0.1,369,0.7055449330783938,184,185,0.3125132780964521,0.2967920118971744,0.0,False,h10_CV17_paper,10,CV17,paper,LogisticRegression+RandomForest+AdaBoost;C=10,raw_fixed
0.2,302,0.5774378585086042,172,130,0.26673040152963673,0.20889101338432126,0.0,False,h10_CV17_paper,10,CV17,paper,LogisticRegression+RandomForest+AdaBoost;C=10,raw_fixed
0.3,263,0.502868068833652,160,103,0.2215241737230265,0.09587544386779573,0.0,False,h10_CV17_paper,10,CV17,paper,LogisticRegression+RandomForest+AdaBoost;C=10,raw_fixed
0.4,229,0.4378585086042065,149,80,0.18291905672402806,-0.05481198215423838,0.0,False,h10_CV17_paper,10,CV17,paper,LogisticRegression+RandomForest+AdaBoost;C=10,raw_fixed
0.5,199,0.38049713193116635,138,61,0.14722753346080303,-0.26577437858508596,0.0,False,h10_CV17_paper,10,CV17,paper,LogisticRegression+RandomForest+AdaBoost;C=10,raw_fixed
0.1,369,0.7055449330783938,184,185,0.3125132780964521,0.2967920118971744,0.0,False,h10_CV17_paper,10,CV17,paper,LogisticRegression+RandomForest+AdaBoost;C=10,raw_threshold
0.2,302,0.5774378585086042,172,130,0.26673040152963673,0.20889101338432126,0.0,False,h10_CV17_paper,10,CV17,paper,LogisticRegression+RandomForest+AdaBoost;C=10,raw_threshold
0.3,263,0.502868068833652,160,103,0.2215241737230265,0.09587544386779573,0.0,False,h10_CV17_paper,10,CV17,paper,LogisticRegression+RandomForest+AdaBoost;C=10,raw_threshold
0.4,229,0.4378585086042065,149,80,0.18291905672402806,-0.05481198215423838,0.0,False,h10_CV17_paper,10,CV17,paper,LogisticRegression+RandomForest+AdaBoost;C=10,raw_threshold
0.5,199,0.38049713193116635,138,61,0.14722753346080303,-0.26577437858508596,0.0,False,h10_CV17_paper,10,CV17,paper,LogisticRegression+RandomForest+AdaBoost;C=10,raw_threshold
0.1,386,0.7380497131931166,186,200,0.31315062672615257,0.2967920118971744,0.0,False,h10_CV17_paper,10,CV17,paper,LogisticRegression+RandomForest+AdaBoost;C=10,sigmoid
0.2,307,0.5869980879541109,173,134,0.26673040152963673,0.20889101338432126,0.0,False,h10_CV17_paper,10,CV17,paper,LogisticRegression+RandomForest+AdaBoost;C=10,sigmoid
0.3,265,0.5066921606118547,160,105,0.2198852772466539,0.09587544386779573,0.0,False,h10_CV17_paper,10,CV17,paper,LogisticRegression+RandomForest+AdaBoost;C=10,sigmoid
0.4,225,0.43021032504780116,149,76,0.1880178457616316,-0.05481198215423838,0.0,False,h10_CV17_paper,10,CV17,paper,LogisticRegression+RandomForest+AdaBoost;C=10,sigmoid
0.5,193,0.3690248565965583,135,58,0.14722753346080303,-0.26577437858508596,0.0,False,h10_CV17_paper,10,CV17,paper,LogisticRegression+RandomForest+AdaBoost;C=10,sigmoid
0.1,409,0.7820267686424475,186,223,0.30826428723178245,0.2967920118971744,0.0,False,h10_CV17_paper,10,CV17,paper,LogisticRegression+RandomForest+AdaBoost;C=10,isotonic
0.2,297,0.5678776290630975,170,127,0.26434034416826,0.20889101338432126,0.0,False,h10_CV17_paper,10,CV17,paper,LogisticRegression+RandomForest+AdaBoost;C=10,isotonic
0.3,285,0.5449330783938815,166,119,0.2198852772466539,0.09587544386779573,0.0,False,h10_CV17_paper,10,CV17,paper,LogisticRegression+RandomForest+AdaBoost;C=10,isotonic
0.4,219,0.4187380497131931,148,71,0.19247928616953472,-0.05481198215423838,0.0,False,h10_CV17_paper,10,CV17,paper,LogisticRegression+RandomForest+AdaBoost;C=10,isotonic
0.5,205,0.3919694072657744,140,65,0.14340344168260039,-0.26577437858508596,0.0,False,h10_CV17_paper,10,CV17,paper,LogisticRegression+RandomForest+AdaBoost;C=10,isotonic
0.1,371,0.7093690248565966,183,188,0.3099638835776503,0.2967920118971744,0.0,False,h10_CV17_THY_CONT_own,10,CV17_THY_CONT,own,LogisticRegression+SVC+KNeighbors+GradientBoosting+XGBoost;C=10,raw_fixed
0.2,305,0.5831739961759083,170,135,0.2605162523900574,0.20889101338432126,0.0,False,h10_CV17_THY_CONT_own,10,CV17_THY_CONT,own,LogisticRegression+SVC+KNeighbors+GradientBoosting+XGBoost;C=10,raw_fixed
0.3,262,0.5009560229445507,159,103,0.21961212783392517,0.09587544386779573,0.0,False,h10_CV17_THY_CONT_own,10,CV17_THY_CONT,own,LogisticRegression+SVC+KNeighbors+GradientBoosting+XGBoost;C=10,raw_fixed
0.4,226,0.4321223709369025,149,77,0.18674314850223073,-0.05481198215423838,0.0,False,h10_CV17_THY_CONT_own,10,CV17_THY_CONT,own,LogisticRegression+SVC+KNeighbors+GradientBoosting+XGBoost;C=10,raw_fixed
0.5,202,0.3862332695984704,141,61,0.15296367112810705,-0.26577437858508596,0.0,False,h10_CV17_THY_CONT_own,10,CV17_THY_CONT,own,LogisticRegression+SVC+KNeighbors+GradientBoosting+XGBoost;C=10,raw_fixed
0.1,371,0.7093690248565966,183,188,0.3099638835776503,0.2967920118971744,0.0,False,h10_CV17_THY_CONT_own,10,CV17_THY_CONT,own,LogisticRegression+SVC+KNeighbors+GradientBoosting+XGBoost;C=10,raw_threshold
0.2,305,0.5831739961759083,170,135,0.2605162523900574,0.20889101338432126,0.0,False,h10_CV17_THY_CONT_own,10,CV17_THY_CONT,own,LogisticRegression+SVC+KNeighbors+GradientBoosting+XGBoost;C=10,raw_threshold
0.3,262,0.5009560229445507,159,103,0.21961212783392517,0.09587544386779573,0.0,False,h10_CV17_THY_CONT_own,10,CV17_THY_CONT,own,LogisticRegression+SVC+KNeighbors+GradientBoosting+XGBoost;C=10,raw_threshold
0.4,226,0.4321223709369025,149,77,0.18674314850223073,-0.05481198215423838,0.0,False,h10_CV17_THY_CONT_own,10,CV17_THY_CONT,own,LogisticRegression+SVC+KNeighbors+GradientBoosting+XGBoost;C=10,raw_threshold
0.5,202,0.3862332695984704,141,61,0.15296367112810705,-0.26577437858508596,0.0,False,h10_CV17_THY_CONT_own,10,CV17_THY_CONT,own,LogisticRegression+SVC+KNeighbors+GradientBoosting+XGBoost;C=10,raw_threshold
0.1,384,0.734225621414914,184,200,0.3093265349479498,0.2967920118971744,0.0,False,h10_CV17_THY_CONT_own,10,CV17_THY_CONT,own,LogisticRegression+SVC+KNeighbors+GradientBoosting+XGBoost;C=10,sigmoid
0.2,310,0.5927342256214149,172,138,0.26290630975143403,0.20889101338432126,0.0,False,h10_CV17_THY_CONT_own,10,CV17_THY_CONT,own,LogisticRegression+SVC+KNeighbors+GradientBoosting+XGBoost;C=10,sigmoid
0.3,265,0.5066921606118547,161,104,0.22261677137394154,0.09587544386779573,0.0,False,h10_CV17_THY_CONT_own,10,CV17_THY_CONT,own,LogisticRegression+SVC+KNeighbors+GradientBoosting+XGBoost;C=10,sigmoid
0.4,225,0.43021032504780116,149,76,0.1880178457616316,-0.05481198215423838,0.0,False,h10_CV17_THY_CONT_own,10,CV17_THY_CONT,own,LogisticRegression+SVC+KNeighbors+GradientBoosting+XGBoost;C=10,sigmoid
0.5,199,0.38049713193116635,139,60,0.15105162523900578,-0.26577437858508596,0.0,False,h10_CV17_THY_CONT_own,10,CV17_THY_CONT,own,LogisticRegression+SVC+KNeighbors+GradientBoosting+XGBoost;C=10,sigmoid
0.1,384,0.734225621414914,184,200,0.3093265349479498,0.2967920118971744,0.0,False,h10_CV17_THY_CONT_own,10,CV17_THY_CONT,own,LogisticRegression+SVC+KNeighbors+GradientBoosting+XGBoost;C=10,isotonic
0.2,305,0.5831739961759083,170,135,0.2605162523900574,0.20889101338432126,0.0,False,h10_CV17_THY_CONT_own,10,CV17_THY_CONT,own,LogisticRegression+SVC+KNeighbors+GradientBoosting+XGBoost;C=10,isotonic
0.3,270,0.5162523900573613,162,108,0.22125102431029775,0.09587544386779573,0.0,False,h10_CV17_THY_CONT_own,10,CV17_THY_CONT,own,LogisticRegression+SVC+KNeighbors+GradientBoosting+XGBoost;C=10,isotonic
0.4,228,0.4359464627151052,150,78,0.18738049713193117,-0.05481198215423838,0.0,False,h10_CV17_THY_CONT_own,10,CV17_THY_CONT,own,LogisticRegression+SVC+KNeighbors+GradientBoosting+XGBoost;C=10,isotonic
0.5,213,0.4072657743785851,146,67,0.15105162523900575,-0.26577437858508596,0.0,False,h10_CV17_THY_CONT_own,10,CV17_THY_CONT,own,LogisticRegression+SVC+KNeighbors+GradientBoosting+XGBoost;C=10,isotonic
0.1,426,0.8145315487571702,188,238,0.3089016358614829,0.2967920118971744,0.0,False,h10_CV17_THY_CONT_paper,10,CV17_THY_CONT,paper,LogisticRegression+RandomForest+AdaBoost;C=0.01,raw_fixed
0.2,317,0.6061185468451242,175,142,0.26673040152963673,0.20889101338432126,0.0,False,h10_CV17_THY_CONT_paper,10,CV17_THY_CONT,paper,LogisticRegression+RandomForest+AdaBoost;C=0.01,raw_fixed
0.3,273,0.5219885277246654,164,109,0.2242556678503141,0.09587544386779573,0.0,False,h10_CV17_THY_CONT_paper,10,CV17_THY_CONT,paper,LogisticRegression+RandomForest+AdaBoost;C=0.01,raw_fixed
0.4,237,0.45315487571701724,152,85,0.18228170809432762,-0.05481198215423838,0.0,False,h10_CV17_THY_CONT_paper,10,CV17_THY_CONT,paper,LogisticRegression+RandomForest+AdaBoost;C=0.01,raw_fixed
0.5,188,0.35946462715105165,131,57,0.14149139579349904,-0.26577437858508596,0.0,False,h10_CV17_THY_CONT_paper,10,CV17_THY_CONT,paper,LogisticRegression+RandomForest+AdaBoost;C=0.01,raw_fixed
0.1,426,0.8145315487571702,188,238,0.3089016358614829,0.2967920118971744,0.0,False,h10_CV17_THY_CONT_paper,10,CV17_THY_CONT,paper,LogisticRegression+RandomForest+AdaBoost;C=0.01,raw_threshold
0.2,317,0.6061185468451242,175,142,0.26673040152963673,0.20889101338432126,0.0,False,h10_CV17_THY_CONT_paper,10,CV17_THY_CONT,paper,LogisticRegression+RandomForest+AdaBoost;C=0.01,raw_threshold
0.3,273,0.5219885277246654,164,109,0.2242556678503141,0.09587544386779573,0.0,False,h10_CV17_THY_CONT_paper,10,CV17_THY_CONT,paper,LogisticRegression+RandomForest+AdaBoost;C=0.01,raw_threshold
0.4,237,0.45315487571701724,152,85,0.18228170809432762,-0.05481198215423838,0.0,False,h10_CV17_THY_CONT_paper,10,CV17_THY_CONT,paper,LogisticRegression+RandomForest+AdaBoost;C=0.01,raw_threshold
0.5,188,0.35946462715105165,131,57,0.14149139579349904,-0.26577437858508596,0.0,False,h10_CV17_THY_CONT_paper,10,CV17_THY_CONT,paper,LogisticRegression+RandomForest+AdaBoost;C=0.01,raw_threshold
0.1,370,0.7074569789674953,186,184,0.31654981941788823,0.2967920118971744,0.0,False,h10_CV17_THY_CONT_paper,10,CV17_THY_CONT,paper,LogisticRegression+RandomForest+AdaBoost;C=0.01,sigmoid
0.2,299,0.5717017208413002,173,126,0.27055449330783937,0.20889101338432126,0.0,False,h10_CV17_THY_CONT_paper,10,CV17_THY_CONT,paper,LogisticRegression+RandomForest+AdaBoost;C=0.01,sigmoid
0.3,268,0.5124282982791587,163,105,0.22562141491395793,0.09587544386779573,0.0,False,h10_CV17_THY_CONT_paper,10,CV17_THY_CONT,paper,LogisticRegression+RandomForest+AdaBoost;C=0.01,sigmoid
0.4,236,0.45124282982791586,152,84,0.18355640535372852,-0.05481198215423838,0.0,False,h10_CV17_THY_CONT_paper,10,CV17_THY_CONT,paper,LogisticRegression+RandomForest+AdaBoost;C=0.01,sigmoid
0.5,202,0.3862332695984704,139,63,0.14531548757170176,-0.26577437858508596,0.0,False,h10_CV17_THY_CONT_paper,10,CV17_THY_CONT,paper,LogisticRegression+RandomForest+AdaBoost;C=0.01,sigmoid
0.1,389,0.7437858508604207,187,202,0.3146377735287869,0.2967920118971744,0.0,False,h10_CV17_THY_CONT_paper,10,CV17_THY_CONT,paper,LogisticRegression+RandomForest+AdaBoost;C=0.01,isotonic
0.2,306,0.5850860420650096,174,132,0.2695984703632887,0.20889101338432126,0.0,False,h10_CV17_THY_CONT_paper,10,CV17_THY_CONT,paper,LogisticRegression+RandomForest+AdaBoost;C=0.01,isotonic
0.3,254,0.48565965583174,160,94,0.2288992078667031,0.09587544386779573,0.0,False,h10_CV17_THY_CONT_paper,10,CV17_THY_CONT,paper,LogisticRegression+RandomForest+AdaBoost;C=0.01,isotonic
0.4,216,0.4130019120458891,145,71,0.1867431485022307,-0.05481198215423838,0.0,False,h10_CV17_THY_CONT_paper,10,CV17_THY_CONT,paper,LogisticRegression+RandomForest+AdaBoost;C=0.01,isotonic
0.5,197,0.37667304015296366,134,63,0.13575525812619504,-0.26577437858508596,0.0,False,h10_CV17_THY_CONT_paper,10,CV17_THY_CONT,paper,LogisticRegression+RandomForest+AdaBoost;C=0.01,isotonic
0.1,422,0.8068833652007649,188,234,0.30975143403441685,0.2967920118971744,0.0,False,h10_CV17_THY_CONT_same_baseline,10,CV17_THY_CONT,same_baseline,KNeighbors+AdaBoost+MLP+GradientBoosting;C=0.01,raw_fixed
0.2,304,0.5812619502868069,169,135,0.25860420650095606,0.20889101338432126,0.0,False,h10_CV17_THY_CONT_same_baseline,10,CV17_THY_CONT,same_baseline,KNeighbors+AdaBoost+MLP+GradientBoosting;C=0.01,raw_fixed
0.3,257,0.491395793499044,162,95,0.23190385140671949,0.09587544386779573,0.0,False,h10_CV17_THY_CONT_same_baseline,10,CV17_THY_CONT,same_baseline,KNeighbors+AdaBoost+MLP+GradientBoosting;C=0.01,raw_fixed
0.4,213,0.4072657743785851,145,68,0.19056724028043337,-0.05481198215423838,0.0,False,h10_CV17_THY_CONT_same_baseline,10,CV17_THY_CONT,same_baseline,KNeighbors+AdaBoost+MLP+GradientBoosting;C=0.01,raw_fixed
0.5,178,0.3403441682600382,129,49,0.15296367112810708,-0.26577437858508596,0.0,False,h10_CV17_THY_CONT_same_baseline,10,CV17_THY_CONT,same_baseline,KNeighbors+AdaBoost+MLP+GradientBoosting;C=0.01,raw_fixed
0.1,422,0.8068833652007649,188,234,0.30975143403441685,0.2967920118971744,0.0,False,h10_CV17_THY_CONT_same_baseline,10,CV17_THY_CONT,same_baseline,KNeighbors+AdaBoost+MLP+GradientBoosting;C=0.01,raw_threshold
0.2,304,0.5812619502868069,169,135,0.25860420650095606,0.20889101338432126,0.0,False,h10_CV17_THY_CONT_same_baseline,10,CV17_THY_CONT,same_baseline,KNeighbors+AdaBoost+MLP+GradientBoosting;C=0.01,raw_threshold
0.3,257,0.491395793499044,162,95,0.23190385140671949,0.09587544386779573,0.0,False,h10_CV17_THY_CONT_same_baseline,10,CV17_THY_CONT,same_baseline,KNeighbors+AdaBoost+MLP+GradientBoosting;C=0.01,raw_threshold
0.4,213,0.4072657743785851,145,68,0.19056724028043337,-0.05481198215423838,0.0,False,h10_CV17_THY_CONT_same_baseline,10,CV17_THY_CONT,same_baseline,KNeighbors+AdaBoost+MLP+GradientBoosting;C=0.01,raw_threshold
0.5,178,0.3403441682600382,129,49,0.15296367112810708,-0.26577437858508596,0.0,False,h10_CV17_THY_CONT_same_baseline,10,CV17_THY_CONT,same_baseline,KNeighbors+AdaBoost+MLP+GradientBoosting;C=0.01,raw_threshold
0.1,368,0.7036328871892925,186,182,0.3169747185043552,0.2967920118971744,0.0,False,h10_CV17_THY_CONT_same_baseline,10,CV17_THY_CONT,same_baseline,KNeighbors+AdaBoost+MLP+GradientBoosting;C=0.01,sigmoid
0.2,288,0.5506692160611855,167,121,0.26147227533460804,0.20889101338432126,0.0,False,h10_CV17_THY_CONT_same_baseline,10,CV17_THY_CONT,same_baseline,KNeighbors+AdaBoost+MLP+GradientBoosting;C=0.01,sigmoid
0.3,249,0.47609942638623326,158,91,0.22753346080305925,0.09587544386779573,0.0,False,h10_CV17_THY_CONT_same_baseline,10,CV17_THY_CONT,same_baseline,KNeighbors+AdaBoost+MLP+GradientBoosting;C=0.01,sigmoid
0.4,212,0.40535372848948376,145,67,0.19184193753983425,-0.05481198215423838,0.0,False,h10_CV17_THY_CONT_same_baseline,10,CV17_THY_CONT,same_baseline,KNeighbors+AdaBoost+MLP+GradientBoosting;C=0.01,sigmoid
0.5,186,0.35564053537284895,134,52,0.15678776290630975,-0.26577437858508596,0.0,False,h10_CV17_THY_CONT_same_baseline,10,CV17_THY_CONT,same_baseline,KNeighbors+AdaBoost+MLP+GradientBoosting;C=0.01,sigmoid
0.1,370,0.7074569789674953,186,184,0.31654981941788823,0.2967920118971744,0.0,False,h10_CV17_THY_CONT_same_baseline,10,CV17_THY_CONT,same_baseline,KNeighbors+AdaBoost+MLP+GradientBoosting;C=0.01,isotonic
0.2,320,0.6118546845124283,176,144,0.2676864244741874,0.20889101338432126,0.0,False,h10_CV17_THY_CONT_same_baseline,10,CV17_THY_CONT,same_baseline,KNeighbors+AdaBoost+MLP+GradientBoosting;C=0.01,isotonic
0.3,231,0.4416826003824092,150,81,0.22043157607211145,0.09587544386779573,0.0,False,h10_CV17_THY_CONT_same_baseline,10,CV17_THY_CONT,same_baseline,KNeighbors+AdaBoost+MLP+GradientBoosting;C=0.01,isotonic
0.4,208,0.3977055449330784,141,67,0.1841937539834289,-0.05481198215423838,0.0,False,h10_CV17_THY_CONT_same_baseline,10,CV17_THY_CONT,same_baseline,KNeighbors+AdaBoost+MLP+GradientBoosting;C=0.01,isotonic
0.5,208,0.3977055449330784,141,67,0.14149139579349904,-0.26577437858508596,0.0,False,h10_CV17_THY_CONT_same_baseline,10,CV17_THY_CONT,same_baseline,KNeighbors+AdaBoost+MLP+GradientBoosting;C=0.01,isotonic
0.1,409,0.7820267686424475,187,222,0.31038878266411724,0.2967920118971744,0.0,False,h10_CV17_THY_CONT_locked_baseline,10,CV17_THY_CONT,locked_baseline,KNeighbors+AdaBoost+MLP+GradientBoosting;C=0.01,raw_fixed
0.2,314,0.6003824091778203,175,139,0.2681644359464627,0.20889101338432126,0.0,False,h10_CV17_THY_CONT_locked_baseline,10,CV17_THY_CONT,locked_baseline,KNeighbors+AdaBoost+MLP+GradientBoosting;C=0.01,raw_fixed
0.3,264,0.5047801147227533,160,104,0.22070472548484021,0.09587544386779573,0.0,False,h10_CV17_THY_CONT_locked_baseline,10,CV17_THY_CONT,locked_baseline,KNeighbors+AdaBoost+MLP+GradientBoosting;C=0.01,raw_fixed
0.4,235,0.44933078393881454,153,82,0.1880178457616316,-0.05481198215423838,0.0,False,h10_CV17_THY_CONT_locked_baseline,10,CV17_THY_CONT,locked_baseline,KNeighbors+AdaBoost+MLP+GradientBoosting;C=0.01,raw_fixed
0.5,191,0.3652007648183556,137,54,0.1586998087954111,-0.26577437858508596,0.0,False,h10_CV17_THY_CONT_locked_baseline,10,CV17_THY_CONT,locked_baseline,KNeighbors+AdaBoost+MLP+GradientBoosting;C=0.01,raw_fixed
0.1,409,0.7820267686424475,187,222,0.31038878266411724,0.2967920118971744,0.0,False,h10_CV17_THY_CONT_locked_baseline,10,CV17_THY_CONT,locked_baseline,KNeighbors+AdaBoost+MLP+GradientBoosting;C=0.01,raw_threshold
0.2,314,0.6003824091778203,175,139,0.2681644359464627,0.20889101338432126,0.0,False,h10_CV17_THY_CONT_locked_baseline,10,CV17_THY_CONT,locked_baseline,KNeighbors+AdaBoost+MLP+GradientBoosting;C=0.01,raw_threshold
0.3,264,0.5047801147227533,160,104,0.22070472548484021,0.09587544386779573,0.0,False,h10_CV17_THY_CONT_locked_baseline,10,CV17_THY_CONT,locked_baseline,KNeighbors+AdaBoost+MLP+GradientBoosting;C=0.01,raw_threshold
0.4,235,0.44933078393881454,153,82,0.1880178457616316,-0.05481198215423838,0.0,False,h10_CV17_THY_CONT_locked_baseline,10,CV17_THY_CONT,locked_baseline,KNeighbors+AdaBoost+MLP+GradientBoosting;C=0.01,raw_threshold
0.5,191,0.3652007648183556,137,54,0.1586998087954111,-0.26577437858508596,0.0,False,h10_CV17_THY_CONT_locked_baseline,10,CV17_THY_CONT,locked_baseline,KNeighbors+AdaBoost+MLP+GradientBoosting;C=0.01,raw_threshold
0.1,384,0.734225621414914,186,198,0.3135755258126195,0.2967920118971744,0.0,False,h10_CV17_THY_CONT_locked_baseline,10,CV17_THY_CONT,locked_baseline,KNeighbors+AdaBoost+MLP+GradientBoosting;C=0.01,sigmoid
0.2,296,0.5659655831739961,168,128,0.260038240917782,0.20889101338432126,0.0,False,h10_CV17_THY_CONT_locked_baseline,10,CV17_THY_CONT,locked_baseline,KNeighbors+AdaBoost+MLP+GradientBoosting;C=0.01,sigmoid
0.3,256,0.4894837476099426,160,96,0.2272603113903305,0.09587544386779573,0.0,False,h10_CV17_THY_CONT_locked_baseline,10,CV17_THY_CONT,locked_baseline,KNeighbors+AdaBoost+MLP+GradientBoosting;C=0.01,sigmoid
0.4,235,0.44933078393881454,153,82,0.1880178457616316,-0.05481198215423838,0.0,False,h10_CV17_THY_CONT_locked_baseline,10,CV17_THY_CONT,locked_baseline,KNeighbors+AdaBoost+MLP+GradientBoosting;C=0.01,sigmoid
0.5,197,0.37667304015296366,139,58,0.15487571701720843,-0.26577437858508596,0.0,False,h10_CV17_THY_CONT_locked_baseline,10,CV17_THY_CONT,locked_baseline,KNeighbors+AdaBoost+MLP+GradientBoosting;C=0.01,sigmoid
0.1,413,0.7896749521988528,187,226,0.30953898449118333,0.2967920118971744,0.0,False,h10_CV17_THY_CONT_locked_baseline,10,CV17_THY_CONT,locked_baseline,KNeighbors+AdaBoost+MLP+GradientBoosting;C=0.01,isotonic
0.2,286,0.5468451242829828,167,119,0.2624282982791587,0.20889101338432126,0.0,False,h10_CV17_THY_CONT_locked_baseline,10,CV17_THY_CONT,locked_baseline,KNeighbors+AdaBoost+MLP+GradientBoosting;C=0.01,isotonic
0.3,280,0.5353728489483748,166,114,0.22398251843758538,0.09587544386779573,0.0,False,h10_CV17_THY_CONT_locked_baseline,10,CV17_THY_CONT,locked_baseline,KNeighbors+AdaBoost+MLP+GradientBoosting;C=0.01,isotonic
0.4,221,0.4225621414913958,151,70,0.19949012109623962,-0.05481198215423838,0.0,False,h10_CV17_THY_CONT_locked_baseline,10,CV17_THY_CONT,locked_baseline,KNeighbors+AdaBoost+MLP+GradientBoosting;C=0.01,isotonic
0.5,195,0.372848948374761,138,57,0.1548757170172084,-0.26577437858508596,0.0,False,h10_CV17_THY_CONT_locked_baseline,10,CV17_THY_CONT,locked_baseline,KNeighbors+AdaBoost+MLP+GradientBoosting;C=0.01,isotonic
0.1,458,0.875717017208413,190,268,0.30635224134268113,0.2967920118971744,0.0,False,h10_CV17_THY_STATES_own,10,CV17_THY_STATES,own,GradientBoosting+XGBoost;C=0.01,raw_fixed
0.2,323,0.6175908221797323,176,147,0.2662523900573614,0.20889101338432126,0.0,False,h10_CV17_THY_STATES_own,10,CV17_THY_STATES,own,GradientBoosting+XGBoost;C=0.01,raw_fixed
0.3,269,0.51434034416826,162,107,0.22207047254848405,0.09587544386779573,0.0,False,h10_CV17_THY_STATES_own,10,CV17_THY_STATES,own,GradientBoosting+XGBoost;C=0.01,raw_fixed
0.4,230,0.4397705544933078,150,80,0.18483110261312938,-0.05481198215423838,0.0,False,h10_CV17_THY_STATES_own,10,CV17_THY_STATES,own,GradientBoosting+XGBoost;C=0.01,raw_fixed
0.5,186,0.35564053537284895,135,51,0.16061185468451242,-0.26577437858508596,0.0,False,h10_CV17_THY_STATES_own,10,CV17_THY_STATES,own,GradientBoosting+XGBoost;C=0.01,raw_fixed
0.1,458,0.875717017208413,190,268,0.30635224134268113,0.2967920118971744,0.0,False,h10_CV17_THY_STATES_own,10,CV17_THY_STATES,own,GradientBoosting+XGBoost;C=0.01,raw_threshold
0.2,323,0.6175908221797323,176,147,0.2662523900573614,0.20889101338432126,0.0,False,h10_CV17_THY_STATES_own,10,CV17_THY_STATES,own,GradientBoosting+XGBoost;C=0.01,raw_threshold
0.3,269,0.51434034416826,162,107,0.22207047254848405,0.09587544386779573,0.0,False,h10_CV17_THY_STATES_own,10,CV17_THY_STATES,own,GradientBoosting+XGBoost;C=0.01,raw_threshold
0.4,230,0.4397705544933078,150,80,0.18483110261312938,-0.05481198215423838,0.0,False,h10_CV17_THY_STATES_own,10,CV17_THY_STATES,own,GradientBoosting+XGBoost;C=0.01,raw_threshold
0.5,186,0.35564053537284895,135,51,0.16061185468451242,-0.26577437858508596,0.0,False,h10_CV17_THY_STATES_own,10,CV17_THY_STATES,own,GradientBoosting+XGBoost;C=0.01,raw_threshold
0.1,371,0.7093690248565966,182,189,0.30783938814531553,0.2967920118971744,0.0,False,h10_CV17_THY_STATES_own,10,CV17_THY_STATES,own,GradientBoosting+XGBoost;C=0.01,sigmoid
0.2,297,0.5678776290630975,171,126,0.2667304015296367,0.20889101338432126,0.0,False,h10_CV17_THY_STATES_own,10,CV17_THY_STATES,own,GradientBoosting+XGBoost;C=0.01,sigmoid
0.3,262,0.5009560229445507,161,101,0.2250751160885004,0.09587544386779573,0.0,False,h10_CV17_THY_STATES_own,10,CV17_THY_STATES,own,GradientBoosting+XGBoost;C=0.01,sigmoid
0.4,230,0.4397705544933078,150,80,0.18483110261312938,-0.05481198215423838,0.0,False,h10_CV17_THY_STATES_own,10,CV17_THY_STATES,own,GradientBoosting+XGBoost;C=0.01,sigmoid
0.5,199,0.38049713193116635,140,59,0.15487571701720843,-0.26577437858508596,0.0,False,h10_CV17_THY_STATES_own,10,CV17_THY_STATES,own,GradientBoosting+XGBoost;C=0.01,sigmoid
0.1,416,0.7954110898661568,188,228,0.31102613129381773,0.2967920118971744,0.0,False,h10_CV17_THY_STATES_own,10,CV17_THY_STATES,own,GradientBoosting+XGBoost;C=0.01,isotonic
0.2,318,0.6080305927342257,176,142,0.26864244741873805,0.20889101338432126,0.0,False,h10_CV17_THY_STATES_own,10,CV17_THY_STATES,own,GradientBoosting+XGBoost;C=0.01,isotonic
0.3,253,0.4837476099426386,156,97,0.2187926795957389,0.09587544386779573,0.0,False,h10_CV17_THY_STATES_own,10,CV17_THY_STATES,own,GradientBoosting+XGBoost;C=0.01,isotonic
0.4,224,0.42829827915869984,146,78,0.17973231357552583,-0.05481198215423838,0.0,False,h10_CV17_THY_STATES_own,10,CV17_THY_STATES,own,GradientBoosting+XGBoost;C=0.01,isotonic
0.5,204,0.390057361376673,141,63,0.1491395793499044,-0.26577437858508596,0.0,False,h10_CV17_THY_STATES_own,10,CV17_THY_STATES,own,GradientBoosting+XGBoost;C=0.01,isotonic
0.1,369,0.7055449330783938,183,186,0.3103887826641173,0.2967920118971744,0.0,False,h10_CV17_THY_STATES_paper,10,CV17_THY_STATES,paper,LogisticRegression+RandomForest+AdaBoost;C=100,raw_fixed
0.2,294,0.5621414913957935,171,123,0.2681644359464627,0.20889101338432126,0.0,False,h10_CV17_THY_STATES_paper,10,CV17_THY_STATES,paper,LogisticRegression+RandomForest+AdaBoost;C=100,raw_fixed
0.3,255,0.4875717017208413,158,97,0.22261677137394154,0.09587544386779573,0.0,False,h10_CV17_THY_STATES_paper,10,CV17_THY_STATES,paper,LogisticRegression+RandomForest+AdaBoost;C=100,raw_fixed
0.4,223,0.42638623326959846,148,75,0.18738049713193114,-0.05481198215423838,0.0,False,h10_CV17_THY_STATES_paper,10,CV17_THY_STATES,paper,LogisticRegression+RandomForest+AdaBoost;C=100,raw_fixed
0.5,189,0.361376673040153,135,54,0.1548757170172084,-0.26577437858508596,0.0,False,h10_CV17_THY_STATES_paper,10,CV17_THY_STATES,paper,LogisticRegression+RandomForest+AdaBoost;C=100,raw_fixed
0.1,369,0.7055449330783938,183,186,0.3103887826641173,0.2967920118971744,0.0,False,h10_CV17_THY_STATES_paper,10,CV17_THY_STATES,paper,LogisticRegression+RandomForest+AdaBoost;C=100,raw_threshold
0.2,294,0.5621414913957935,171,123,0.2681644359464627,0.20889101338432126,0.0,False,h10_CV17_THY_STATES_paper,10,CV17_THY_STATES,paper,LogisticRegression+RandomForest+AdaBoost;C=100,raw_threshold
0.3,255,0.4875717017208413,158,97,0.22261677137394154,0.09587544386779573,0.0,False,h10_CV17_THY_STATES_paper,10,CV17_THY_STATES,paper,LogisticRegression+RandomForest+AdaBoost;C=100,raw_threshold
0.4,223,0.42638623326959846,148,75,0.18738049713193114,-0.05481198215423838,0.0,False,h10_CV17_THY_STATES_paper,10,CV17_THY_STATES,paper,LogisticRegression+RandomForest+AdaBoost;C=100,raw_threshold
0.5,189,0.361376673040153,135,54,0.1548757170172084,-0.26577437858508596,0.0,False,h10_CV17_THY_STATES_paper,10,CV17_THY_STATES,paper,LogisticRegression+RandomForest+AdaBoost;C=100,raw_threshold
0.1,382,0.7304015296367112,187,195,0.31612492033142126,0.2967920118971744,0.0,False,h10_CV17_THY_STATES_paper,10,CV17_THY_STATES,paper,LogisticRegression+RandomForest+AdaBoost;C=100,sigmoid
0.2,302,0.5774378585086042,174,128,0.27151051625239003,0.20889101338432126,0.0,False,h10_CV17_THY_STATES_paper,10,CV17_THY_STATES,paper,LogisticRegression+RandomForest+AdaBoost;C=100,sigmoid
0.3,257,0.491395793499044,159,98,0.2237093690248566,0.09587544386779573,0.0,False,h10_CV17_THY_STATES_paper,10,CV17_THY_STATES,paper,LogisticRegression+RandomForest+AdaBoost;C=100,sigmoid
0.4,223,0.42638623326959846,148,75,0.18738049713193114,-0.05481198215423838,0.0,False,h10_CV17_THY_STATES_paper,10,CV17_THY_STATES,paper,LogisticRegression+RandomForest+AdaBoost;C=100,sigmoid
0.5,188,0.35946462715105165,134,54,0.15296367112810708,-0.26577437858508596,0.0,False,h10_CV17_THY_STATES_paper,10,CV17_THY_STATES,paper,LogisticRegression+RandomForest+AdaBoost;C=100,sigmoid
0.1,386,0.7380497131931166,187,199,0.31527512215848735,0.2967920118971744,0.0,False,h10_CV17_THY_STATES_paper,10,CV17_THY_STATES,paper,LogisticRegression+RandomForest+AdaBoost;C=100,isotonic
0.2,306,0.5850860420650096,175,131,0.2719885277246654,0.20889101338432126,0.0,False,h10_CV17_THY_STATES_paper,10,CV17_THY_STATES,paper,LogisticRegression+RandomForest+AdaBoost;C=100,isotonic
0.3,277,0.5296367112810707,163,114,0.21824638077028136,0.09587544386779573,0.0,False,h10_CV17_THY_STATES_paper,10,CV17_THY_STATES,paper,LogisticRegression+RandomForest+AdaBoost;C=100,isotonic
0.4,231,0.4416826003824092,151,80,0.1867431485022307,-0.05481198215423838,0.0,False,h10_CV17_THY_STATES_paper,10,CV17_THY_STATES,paper,LogisticRegression+RandomForest+AdaBoost;C=100,isotonic
0.5,184,0.35181644359464626,131,53,0.1491395793499044,-0.26577437858508596,0.0,False,h10_CV17_THY_STATES_paper,10,CV17_THY_STATES,paper,LogisticRegression+RandomForest+AdaBoost;C=100,isotonic
0.1,418,0.7992351816443595,188,230,0.3106012322073508,0.2967920118971744,0.0,False,h10_CV17_THY_STATES_same_baseline,10,CV17_THY_STATES,same_baseline,KNeighbors+AdaBoost+MLP+GradientBoosting;C=0.01,raw_fixed
0.2,309,0.5908221797323135,176,133,0.2729445506692161,0.20889101338432126,0.0,False,h10_CV17_THY_STATES_same_baseline,10,CV17_THY_STATES,same_baseline,KNeighbors+AdaBoost+MLP+GradientBoosting;C=0.01,raw_fixed
0.3,266,0.5086042065009561,164,102,0.2299918055176181,0.09587544386779573,0.0,False,h10_CV17_THY_STATES_same_baseline,10,CV17_THY_STATES,same_baseline,KNeighbors+AdaBoost+MLP+GradientBoosting;C=0.01,raw_fixed
0.4,227,0.4340344168260038,148,79,0.1822817080943276,-0.05481198215423838,0.0,False,h10_CV17_THY_STATES_same_baseline,10,CV17_THY_STATES,same_baseline,KNeighbors+AdaBoost+MLP+GradientBoosting;C=0.01,raw_fixed
0.5,192,0.367112810707457,137,55,0.15678776290630975,-0.26577437858508596,0.0,False,h10_CV17_THY_STATES_same_baseline,10,CV17_THY_STATES,same_baseline,KNeighbors+AdaBoost+MLP+GradientBoosting;C=0.01,raw_fixed
0.1,418,0.7992351816443595,188,230,0.3106012322073508,0.2967920118971744,0.0,False,h10_CV17_THY_STATES_same_baseline,10,CV17_THY_STATES,same_baseline,KNeighbors+AdaBoost+MLP+GradientBoosting;C=0.01,raw_threshold
0.2,309,0.5908221797323135,176,133,0.2729445506692161,0.20889101338432126,0.0,False,h10_CV17_THY_STATES_same_baseline,10,CV17_THY_STATES,same_baseline,KNeighbors+AdaBoost+MLP+GradientBoosting;C=0.01,raw_threshold
0.3,266,0.5086042065009561,164,102,0.2299918055176181,0.09587544386779573,0.0,False,h10_CV17_THY_STATES_same_baseline,10,CV17_THY_STATES,same_baseline,KNeighbors+AdaBoost+MLP+GradientBoosting;C=0.01,raw_threshold
0.4,227,0.4340344168260038,148,79,0.1822817080943276,-0.05481198215423838,0.0,False,h10_CV17_THY_STATES_same_baseline,10,CV17_THY_STATES,same_baseline,KNeighbors+AdaBoost+MLP+GradientBoosting;C=0.01,raw_threshold
0.5,192,0.367112810707457,137,55,0.15678776290630975,-0.26577437858508596,0.0,False,h10_CV17_THY_STATES_same_baseline,10,CV17_THY_STATES,same_baseline,KNeighbors+AdaBoost+MLP+GradientBoosting;C=0.01,raw_threshold
0.1,363,0.6940726577437859,183,180,0.31166347992351817,0.2967920118971744,0.0,False,h10_CV17_THY_STATES_same_baseline,10,CV17_THY_STATES,same_baseline,KNeighbors+AdaBoost+MLP+GradientBoosting;C=0.01,sigmoid
0.2,288,0.5506692160611855,169,119,0.2662523900573614,0.20889101338432126,0.0,False,h10_CV17_THY_STATES_same_baseline,10,CV17_THY_STATES,same_baseline,KNeighbors+AdaBoost+MLP+GradientBoosting;C=0.01,sigmoid
0.3,254,0.48565965583174,159,95,0.22616771373941547,0.09587544386779573,0.0,False,h10_CV17_THY_STATES_same_baseline,10,CV17_THY_STATES,same_baseline,KNeighbors+AdaBoost+MLP+GradientBoosting;C=0.01,sigmoid
0.4,223,0.42638623326959846,147,76,0.1841937539834289,-0.05481198215423838,0.0,False,h10_CV17_THY_STATES_same_baseline,10,CV17_THY_STATES,same_baseline,KNeighbors+AdaBoost+MLP+GradientBoosting;C=0.01,sigmoid
0.5,197,0.37667304015296366,137,60,0.14722753346080308,-0.26577437858508596,0.0,False,h10_CV17_THY_STATES_same_baseline,10,CV17_THY_STATES,same_baseline,KNeighbors+AdaBoost+MLP+GradientBoosting;C=0.01,sigmoid
0.1,347,0.6634799235181644,181,166,0.3108136817505842,0.2967920118971744,0.0,False,h10_CV17_THY_STATES_same_baseline,10,CV17_THY_STATES,same_baseline,KNeighbors+AdaBoost+MLP+GradientBoosting;C=0.01,isotonic
0.2,300,0.5736137667304015,173,127,0.27007648183556404,0.20889101338432126,0.0,False,h10_CV17_THY_STATES_same_baseline,10,CV17_THY_STATES,same_baseline,KNeighbors+AdaBoost+MLP+GradientBoosting;C=0.01,isotonic
0.3,269,0.51434034416826,166,103,0.23299644905763453,0.09587544386779573,0.0,False,h10_CV17_THY_STATES_same_baseline,10,CV17_THY_STATES,same_baseline,KNeighbors+AdaBoost+MLP+GradientBoosting;C=0.01,isotonic
0.4,238,0.45506692160611856,153,85,0.18419375398342894,-0.05481198215423838,0.0,False,h10_CV17_THY_STATES_same_baseline,10,CV17_THY_STATES,same_baseline,KNeighbors+AdaBoost+MLP+GradientBoosting;C=0.01,isotonic
0.5,184,0.35181644359464626,134,50,0.16061185468451245,-0.26577437858508596,0.0,False,h10_CV17_THY_STATES_same_baseline,10,CV17_THY_STATES,same_baseline,KNeighbors+AdaBoost+MLP+GradientBoosting;C=0.01,isotonic
0.1,406,0.7762906309751434,187,219,0.31102613129381773,0.2967920118971744,0.0,False,h10_CV17_THY_STATES_locked_baseline,10,CV17_THY_STATES,locked_baseline,KNeighbors+AdaBoost+MLP+GradientBoosting;C=0.01,raw_fixed
0.2,307,0.5869980879541109,174,133,0.2691204588910134,0.20889101338432126,0.0,False,h10_CV17_THY_STATES_locked_baseline,10,CV17_THY_STATES,locked_baseline,KNeighbors+AdaBoost+MLP+GradientBoosting;C=0.01,raw_fixed
0.3,261,0.49904397705544934,162,99,0.22862605845397432,0.09587544386779573,0.0,False,h10_CV17_THY_STATES_locked_baseline,10,CV17_THY_STATES,locked_baseline,KNeighbors+AdaBoost+MLP+GradientBoosting;C=0.01,raw_fixed
0.4,229,0.4378585086042065,150,79,0.1861057998725303,-0.05481198215423838,0.0,False,h10_CV17_THY_STATES_locked_baseline,10,CV17_THY_STATES,locked_baseline,KNeighbors+AdaBoost+MLP+GradientBoosting;C=0.01,raw_fixed
0.5,195,0.372848948374761,136,59,0.14722753346080308,-0.26577437858508596,0.0,False,h10_CV17_THY_STATES_locked_baseline,10,CV17_THY_STATES,locked_baseline,KNeighbors+AdaBoost+MLP+GradientBoosting;C=0.01,raw_fixed
0.1,406,0.7762906309751434,187,219,0.31102613129381773,0.2967920118971744,0.0,False,h10_CV17_THY_STATES_locked_baseline,10,CV17_THY_STATES,locked_baseline,KNeighbors+AdaBoost+MLP+GradientBoosting;C=0.01,raw_threshold
0.2,307,0.5869980879541109,174,133,0.2691204588910134,0.20889101338432126,0.0,False,h10_CV17_THY_STATES_locked_baseline,10,CV17_THY_STATES,locked_baseline,KNeighbors+AdaBoost+MLP+GradientBoosting;C=0.01,raw_threshold
0.3,261,0.49904397705544934,162,99,0.22862605845397432,0.09587544386779573,0.0,False,h10_CV17_THY_STATES_locked_baseline,10,CV17_THY_STATES,locked_baseline,KNeighbors+AdaBoost+MLP+GradientBoosting;C=0.01,raw_threshold
0.4,229,0.4378585086042065,150,79,0.1861057998725303,-0.05481198215423838,0.0,False,h10_CV17_THY_STATES_locked_baseline,10,CV17_THY_STATES,locked_baseline,KNeighbors+AdaBoost+MLP+GradientBoosting;C=0.01,raw_threshold
0.5,195,0.372848948374761,136,59,0.14722753346080308,-0.26577437858508596,0.0,False,h10_CV17_THY_STATES_locked_baseline,10,CV17_THY_STATES,locked_baseline,KNeighbors+AdaBoost+MLP+GradientBoosting;C=0.01,raw_threshold
0.1,356,0.6806883365200764,183,173,0.3131506267261525,0.2967920118971744,0.0,False,h10_CV17_THY_STATES_locked_baseline,10,CV17_THY_STATES,locked_baseline,KNeighbors+AdaBoost+MLP+GradientBoosting;C=0.01,sigmoid
0.2,292,0.5583173996175909,171,121,0.2691204588910134,0.20889101338432126,0.0,False,h10_CV17_THY_STATES_locked_baseline,10,CV17_THY_STATES,locked_baseline,KNeighbors+AdaBoost+MLP+GradientBoosting;C=0.01,sigmoid
0.3,257,0.491395793499044,161,96,0.22917235727943183,0.09587544386779573,0.0,False,h10_CV17_THY_STATES_locked_baseline,10,CV17_THY_STATES,locked_baseline,KNeighbors+AdaBoost+MLP+GradientBoosting;C=0.01,sigmoid
0.4,226,0.4321223709369025,147,79,0.18036966220522627,-0.05481198215423838,0.0,False,h10_CV17_THY_STATES_locked_baseline,10,CV17_THY_STATES,locked_baseline,KNeighbors+AdaBoost+MLP+GradientBoosting;C=0.01,sigmoid
0.5,201,0.384321223709369,139,62,0.14722753346080308,-0.26577437858508596,0.0,False,h10_CV17_THY_STATES_locked_baseline,10,CV17_THY_STATES,locked_baseline,KNeighbors+AdaBoost+MLP+GradientBoosting;C=0.01,sigmoid
0.1,374,0.7151051625239006,185,189,0.3135755258126195,0.2967920118971744,0.0,False,h10_CV17_THY_STATES_locked_baseline,10,CV17_THY_STATES,locked_baseline,KNeighbors+AdaBoost+MLP+GradientBoosting;C=0.01,isotonic
0.2,302,0.5774378585086042,174,128,0.27151051625239003,0.20889101338432126,0.0,False,h10_CV17_THY_STATES_locked_baseline,10,CV17_THY_STATES,locked_baseline,KNeighbors+AdaBoost+MLP+GradientBoosting;C=0.01,isotonic
0.3,264,0.5047801147227533,162,102,0.22616771373941547,0.09587544386779573,0.0,False,h10_CV17_THY_STATES_locked_baseline,10,CV17_THY_STATES,locked_baseline,KNeighbors+AdaBoost+MLP+GradientBoosting;C=0.01,isotonic
0.4,216,0.4130019120458891,146,70,0.18992989165073296,-0.05481198215423838,0.0,False,h10_CV17_THY_STATES_locked_baseline,10,CV17_THY_STATES,locked_baseline,KNeighbors+AdaBoost+MLP+GradientBoosting;C=0.01,isotonic
0.5,216,0.4130019120458891,146,70,0.14531548757170173,-0.26577437858508596,0.0,False,h10_CV17_THY_STATES_locked_baseline,10,CV17_THY_STATES,locked_baseline,KNeighbors+AdaBoost+MLP+GradientBoosting;C=0.01,isotonic
0.1,377,0.7208413001912046,185,192,0.31293817718291905,0.2967920118971744,0.0,False,h10_CV17_THY_CONT_STATES_own,10,CV17_THY_CONT_STATES,own,RandomForest+AdaBoost+MLP+GradientBoosting;C=10,raw_fixed
0.2,303,0.5793499043977055,172,131,0.2662523900573614,0.20889101338432126,0.0,False,h10_CV17_THY_CONT_STATES_own,10,CV17_THY_CONT_STATES,own,RandomForest+AdaBoost+MLP+GradientBoosting;C=10,raw_fixed
0.3,263,0.502868068833652,161,102,0.2242556678503141,0.09587544386779573,0.0,False,h10_CV17_THY_CONT_STATES_own,10,CV17_THY_CONT_STATES,own,RandomForest+AdaBoost+MLP+GradientBoosting;C=10,raw_fixed
0.4,230,0.4397705544933078,153,77,0.19439133205863607,-0.05481198215423838,0.0,False,h10_CV17_THY_CONT_STATES_own,10,CV17_THY_CONT_STATES,own,RandomForest+AdaBoost+MLP+GradientBoosting;C=10,raw_fixed
0.5,181,0.34608030592734224,129,52,0.14722753346080306,-0.26577437858508596,0.0,False,h10_CV17_THY_CONT_STATES_own,10,CV17_THY_CONT_STATES,own,RandomForest+AdaBoost+MLP+GradientBoosting;C=10,raw_fixed
0.1,377,0.7208413001912046,185,192,0.31293817718291905,0.2967920118971744,0.0,False,h10_CV17_THY_CONT_STATES_own,10,CV17_THY_CONT_STATES,own,RandomForest+AdaBoost+MLP+GradientBoosting;C=10,raw_threshold
0.2,303,0.5793499043977055,172,131,0.2662523900573614,0.20889101338432126,0.0,False,h10_CV17_THY_CONT_STATES_own,10,CV17_THY_CONT_STATES,own,RandomForest+AdaBoost+MLP+GradientBoosting;C=10,raw_threshold
0.3,263,0.502868068833652,161,102,0.2242556678503141,0.09587544386779573,0.0,False,h10_CV17_THY_CONT_STATES_own,10,CV17_THY_CONT_STATES,own,RandomForest+AdaBoost+MLP+GradientBoosting;C=10,raw_threshold
0.4,230,0.4397705544933078,153,77,0.19439133205863607,-0.05481198215423838,0.0,False,h10_CV17_THY_CONT_STATES_own,10,CV17_THY_CONT_STATES,own,RandomForest+AdaBoost+MLP+GradientBoosting;C=10,raw_threshold
0.5,181,0.34608030592734224,129,52,0.14722753346080306,-0.26577437858508596,0.0,False,h10_CV17_THY_CONT_STATES_own,10,CV17_THY_CONT_STATES,own,RandomForest+AdaBoost+MLP+GradientBoosting;C=10,raw_threshold
0.1,382,0.7304015296367112,185,197,0.3118759294667517,0.2967920118971744,0.0,False,h10_CV17_THY_CONT_STATES_own,10,CV17_THY_CONT_STATES,own,RandomForest+AdaBoost+MLP+GradientBoosting;C=10,sigmoid
0.2,304,0.5812619502868069,172,132,0.26577437858508607,0.20889101338432126,0.0,False,h10_CV17_THY_CONT_STATES_own,10,CV17_THY_CONT_STATES,own,RandomForest+AdaBoost+MLP+GradientBoosting;C=10,sigmoid
0.3,264,0.5047801147227533,161,103,0.2234362196121278,0.09587544386779573,0.0,False,h10_CV17_THY_CONT_STATES_own,10,CV17_THY_CONT_STATES,own,RandomForest+AdaBoost+MLP+GradientBoosting;C=10,sigmoid
0.4,231,0.4416826003824092,153,78,0.1931166347992352,-0.05481198215423838,0.0,False,h10_CV17_THY_CONT_STATES_own,10,CV17_THY_CONT_STATES,own,RandomForest+AdaBoost+MLP+GradientBoosting;C=10,sigmoid
0.5,181,0.34608030592734224,129,52,0.14722753346080306,-0.26577437858508596,0.0,False,h10_CV17_THY_CONT_STATES_own,10,CV17_THY_CONT_STATES,own,RandomForest+AdaBoost+MLP+GradientBoosting;C=10,sigmoid
0.1,393,0.751434034416826,187,206,0.31378797535585295,0.2967920118971744,0.0,False,h10_CV17_THY_CONT_STATES_own,10,CV17_THY_CONT_STATES,own,RandomForest+AdaBoost+MLP+GradientBoosting;C=10,isotonic
0.2,266,0.5086042065009561,161,105,0.25764818355640534,0.20889101338432126,0.0,False,h10_CV17_THY_CONT_STATES_own,10,CV17_THY_CONT_STATES,own,RandomForest+AdaBoost+MLP+GradientBoosting;C=10,isotonic
0.3,266,0.5086042065009561,161,105,0.22179732313575523,0.09587544386779573,0.0,False,h10_CV17_THY_CONT_STATES_own,10,CV17_THY_CONT_STATES,own,RandomForest+AdaBoost+MLP+GradientBoosting;C=10,isotonic
0.4,217,0.4149139579349904,149,68,0.19821542383683877,-0.05481198215423838,0.0,False,h10_CV17_THY_CONT_STATES_own,10,CV17_THY_CONT_STATES,own,RandomForest+AdaBoost+MLP+GradientBoosting;C=10,isotonic
0.5,176,0.3365200764818356,125,51,0.14149139579349904,-0.26577437858508596,0.0,False,h10_CV17_THY_CONT_STATES_own,10,CV17_THY_CONT_STATES,own,RandomForest+AdaBoost+MLP+GradientBoosting;C=10,isotonic
0.1,376,0.7189292543021033,185,191,0.31315062672615257,0.2967920118971744,0.0,False,h10_CV17_THY_CONT_STATES_paper,10,CV17_THY_CONT_STATES,paper,LogisticRegression+RandomForest+AdaBoost;C=100,raw_fixed
0.2,296,0.5659655831739961,168,128,0.260038240917782,0.20889101338432126,0.0,False,h10_CV17_THY_CONT_STATES_paper,10,CV17_THY_CONT_STATES,paper,LogisticRegression+RandomForest+AdaBoost;C=100,raw_fixed
0.3,262,0.5009560229445507,161,101,0.2250751160885004,0.09587544386779573,0.0,False,h10_CV17_THY_CONT_STATES_paper,10,CV17_THY_CONT_STATES,paper,LogisticRegression+RandomForest+AdaBoost;C=100,raw_fixed
0.4,229,0.4378585086042065,150,79,0.1861057998725303,-0.05481198215423838,0.0,False,h10_CV17_THY_CONT_STATES_paper,10,CV17_THY_CONT_STATES,paper,LogisticRegression+RandomForest+AdaBoost;C=100,raw_fixed
0.5,185,0.35372848948374763,132,53,0.15105162523900573,-0.26577437858508596,0.0,False,h10_CV17_THY_CONT_STATES_paper,10,CV17_THY_CONT_STATES,paper,LogisticRegression+RandomForest+AdaBoost;C=100,raw_fixed
0.1,376,0.7189292543021033,185,191,0.31315062672615257,0.2967920118971744,0.0,False,h10_CV17_THY_CONT_STATES_paper,10,CV17_THY_CONT_STATES,paper,LogisticRegression+RandomForest+AdaBoost;C=100,raw_threshold
0.2,296,0.5659655831739961,168,128,0.260038240917782,0.20889101338432126,0.0,False,h10_CV17_THY_CONT_STATES_paper,10,CV17_THY_CONT_STATES,paper,LogisticRegression+RandomForest+AdaBoost;C=100,raw_threshold
0.3,262,0.5009560229445507,161,101,0.2250751160885004,0.09587544386779573,0.0,False,h10_CV17_THY_CONT_STATES_paper,10,CV17_THY_CONT_STATES,paper,LogisticRegression+RandomForest+AdaBoost;C=100,raw_threshold
0.4,229,0.4378585086042065,150,79,0.1861057998725303,-0.05481198215423838,0.0,False,h10_CV17_THY_CONT_STATES_paper,10,CV17_THY_CONT_STATES,paper,LogisticRegression+RandomForest+AdaBoost;C=100,raw_threshold
0.5,185,0.35372848948374763,132,53,0.15105162523900573,-0.26577437858508596,0.0,False,h10_CV17_THY_CONT_STATES_paper,10,CV17_THY_CONT_STATES,paper,LogisticRegression+RandomForest+AdaBoost;C=100,raw_threshold
0.1,385,0.7361376673040153,185,200,0.31123858083705125,0.2967920118971744,0.0,False,h10_CV17_THY_CONT_STATES_paper,10,CV17_THY_CONT_STATES,paper,LogisticRegression+RandomForest+AdaBoost;C=100,sigmoid
0.2,302,0.5774378585086042,170,132,0.26195028680688337,0.20889101338432126,0.0,False,h10_CV17_THY_CONT_STATES_paper,10,CV17_THY_CONT_STATES,paper,LogisticRegression+RandomForest+AdaBoost;C=100,sigmoid
0.3,265,0.5066921606118547,162,103,0.2253482655012292,0.09587544386779573,0.0,False,h10_CV17_THY_CONT_STATES_paper,10,CV17_THY_CONT_STATES,paper,LogisticRegression+RandomForest+AdaBoost;C=100,sigmoid
0.4,229,0.4378585086042065,150,79,0.1861057998725303,-0.05481198215423838,0.0,False,h10_CV17_THY_CONT_STATES_paper,10,CV17_THY_CONT_STATES,paper,LogisticRegression+RandomForest+AdaBoost;C=100,sigmoid
0.5,184,0.35181644359464626,131,53,0.1491395793499044,-0.26577437858508596,0.0,False,h10_CV17_THY_CONT_STATES_paper,10,CV17_THY_CONT_STATES,paper,LogisticRegression+RandomForest+AdaBoost;C=100,sigmoid
0.1,392,0.7495219885277247,187,205,0.31400042489908647,0.2967920118971744,0.0,False,h10_CV17_THY_CONT_STATES_paper,10,CV17_THY_CONT_STATES,paper,LogisticRegression+RandomForest+AdaBoost;C=100,isotonic
0.2,285,0.5449330783938815,166,119,0.2605162523900574,0.20889101338432126,0.0,False,h10_CV17_THY_CONT_STATES_paper,10,CV17_THY_CONT_STATES,paper,LogisticRegression+RandomForest+AdaBoost;C=100,isotonic
0.3,252,0.4818355640535373,159,93,0.22780661021578805,0.09587544386779573,0.0,False,h10_CV17_THY_CONT_STATES_paper,10,CV17_THY_CONT_STATES,paper,LogisticRegression+RandomForest+AdaBoost;C=100,isotonic
0.4,216,0.4130019120458891,146,70,0.18992989165073296,-0.05481198215423838,0.0,False,h10_CV17_THY_CONT_STATES_paper,10,CV17_THY_CONT_STATES,paper,LogisticRegression+RandomForest+AdaBoost;C=100,isotonic
0.5,199,0.38049713193116635,139,60,0.15105162523900578,-0.26577437858508596,0.0,False,h10_CV17_THY_CONT_STATES_paper,10,CV17_THY_CONT_STATES,paper,LogisticRegression+RandomForest+AdaBoost;C=100,isotonic
0.1,418,0.7992351816443595,187,231,0.3084767367750159,0.2967920118971744,0.0,False,h10_CV17_THY_CONT_STATES_same_baseline,10,CV17_THY_CONT_STATES,same_baseline,KNeighbors+AdaBoost+MLP+GradientBoosting;C=0.01,raw_fixed
0.2,314,0.6003824091778203,171,143,0.258604206500956,0.20889101338432126,0.0,False,h10_CV17_THY_CONT_STATES_same_baseline,10,CV17_THY_CONT_STATES,same_baseline,KNeighbors+AdaBoost+MLP+GradientBoosting;C=0.01,raw_fixed
0.3,257,0.491395793499044,158,99,0.22097787489756893,0.09587544386779573,0.0,False,h10_CV17_THY_CONT_STATES_same_baseline,10,CV17_THY_CONT_STATES,same_baseline,KNeighbors+AdaBoost+MLP+GradientBoosting;C=0.01,raw_fixed
0.4,217,0.4149139579349904,146,71,0.18865519439133208,-0.05481198215423838,0.0,False,h10_CV17_THY_CONT_STATES_same_baseline,10,CV17_THY_CONT_STATES,same_baseline,KNeighbors+AdaBoost+MLP+GradientBoosting;C=0.01,raw_fixed
0.5,182,0.3479923518164436,132,50,0.15678776290630975,-0.26577437858508596,0.0,False,h10_CV17_THY_CONT_STATES_same_baseline,10,CV17_THY_CONT_STATES,same_baseline,KNeighbors+AdaBoost+MLP+GradientBoosting;C=0.01,raw_fixed
0.1,418,0.7992351816443595,187,231,0.3084767367750159,0.2967920118971744,0.0,False,h10_CV17_THY_CONT_STATES_same_baseline,10,CV17_THY_CONT_STATES,same_baseline,KNeighbors+AdaBoost+MLP+GradientBoosting;C=0.01,raw_threshold
0.2,314,0.6003824091778203,171,143,0.258604206500956,0.20889101338432126,0.0,False,h10_CV17_THY_CONT_STATES_same_baseline,10,CV17_THY_CONT_STATES,same_baseline,KNeighbors+AdaBoost+MLP+GradientBoosting;C=0.01,raw_threshold
0.3,257,0.491395793499044,158,99,0.22097787489756893,0.09587544386779573,0.0,False,h10_CV17_THY_CONT_STATES_same_baseline,10,CV17_THY_CONT_STATES,same_baseline,KNeighbors+AdaBoost+MLP+GradientBoosting;C=0.01,raw_threshold
0.4,217,0.4149139579349904,146,71,0.18865519439133208,-0.05481198215423838,0.0,False,h10_CV17_THY_CONT_STATES_same_baseline,10,CV17_THY_CONT_STATES,same_baseline,KNeighbors+AdaBoost+MLP+GradientBoosting;C=0.01,raw_threshold
0.5,182,0.3479923518164436,132,50,0.15678776290630975,-0.26577437858508596,0.0,False,h10_CV17_THY_CONT_STATES_same_baseline,10,CV17_THY_CONT_STATES,same_baseline,KNeighbors+AdaBoost+MLP+GradientBoosting;C=0.01,raw_threshold
0.1,372,0.7112810707456979,183,189,0.30975143403441685,0.2967920118971744,0.0,False,h10_CV17_THY_CONT_STATES_same_baseline,10,CV17_THY_CONT_STATES,same_baseline,KNeighbors+AdaBoost+MLP+GradientBoosting;C=0.01,sigmoid
0.2,290,0.5544933078393881,168,122,0.26290630975143403,0.20889101338432126,0.0,False,h10_CV17_THY_CONT_STATES_same_baseline,10,CV17_THY_CONT_STATES,same_baseline,KNeighbors+AdaBoost+MLP+GradientBoosting;C=0.01,sigmoid
0.3,248,0.47418738049713194,158,90,0.22835290904124556,0.09587544386779573,0.0,False,h10_CV17_THY_CONT_STATES_same_baseline,10,CV17_THY_CONT_STATES,same_baseline,KNeighbors+AdaBoost+MLP+GradientBoosting;C=0.01,sigmoid
0.4,216,0.4130019120458891,146,70,0.18992989165073296,-0.05481198215423838,0.0,False,h10_CV17_THY_CONT_STATES_same_baseline,10,CV17_THY_CONT_STATES,same_baseline,KNeighbors+AdaBoost+MLP+GradientBoosting;C=0.01,sigmoid
0.5,186,0.35564053537284895,134,52,0.15678776290630975,-0.26577437858508596,0.0,False,h10_CV17_THY_CONT_STATES_same_baseline,10,CV17_THY_CONT_STATES,same_baseline,KNeighbors+AdaBoost+MLP+GradientBoosting;C=0.01,sigmoid
0.1,378,0.722753346080306,183,195,0.3084767367750159,0.2967920118971744,0.0,False,h10_CV17_THY_CONT_STATES_same_baseline,10,CV17_THY_CONT_STATES,same_baseline,KNeighbors+AdaBoost+MLP+GradientBoosting;C=0.01,isotonic
0.2,273,0.5219885277246654,161,112,0.254302103250478,0.20889101338432126,0.0,False,h10_CV17_THY_CONT_STATES_same_baseline,10,CV17_THY_CONT_STATES,same_baseline,KNeighbors+AdaBoost+MLP+GradientBoosting;C=0.01,isotonic
0.3,250,0.4780114722753346,158,92,0.22671401256487295,0.09587544386779573,0.0,False,h10_CV17_THY_CONT_STATES_same_baseline,10,CV17_THY_CONT_STATES,same_baseline,KNeighbors+AdaBoost+MLP+GradientBoosting;C=0.01,isotonic
0.4,207,0.39579349904397704,142,65,0.18865519439133202,-0.05481198215423838,0.0,False,h10_CV17_THY_CONT_STATES_same_baseline,10,CV17_THY_CONT_STATES,same_baseline,KNeighbors+AdaBoost+MLP+GradientBoosting;C=0.01,isotonic
0.5,199,0.38049713193116635,138,61,0.14722753346080303,-0.26577437858508596,0.0,False,h10_CV17_THY_CONT_STATES_same_baseline,10,CV17_THY_CONT_STATES,same_baseline,KNeighbors+AdaBoost+MLP+GradientBoosting;C=0.01,isotonic
0.1,419,0.8011472275334608,187,232,0.30826428723178245,0.2967920118971744,0.0,False,h10_CV17_THY_CONT_STATES_locked_baseline,10,CV17_THY_CONT_STATES,locked_baseline,KNeighbors+AdaBoost+MLP+GradientBoosting;C=0.01,raw_fixed
0.2,316,0.6042065009560229,173,143,0.2624282982791587,0.20889101338432126,0.0,False,h10_CV17_THY_CONT_STATES_locked_baseline,10,CV17_THY_CONT_STATES,locked_baseline,KNeighbors+AdaBoost+MLP+GradientBoosting;C=0.01,raw_fixed
0.3,264,0.5047801147227533,163,101,0.2288992078667031,0.09587544386779573,0.0,False,h10_CV17_THY_CONT_STATES_locked_baseline,10,CV17_THY_CONT_STATES,locked_baseline,KNeighbors+AdaBoost+MLP+GradientBoosting;C=0.01,raw_fixed
0.4,227,0.4340344168260038,148,79,0.1822817080943276,-0.05481198215423838,0.0,False,h10_CV17_THY_CONT_STATES_locked_baseline,10,CV17_THY_CONT_STATES,locked_baseline,KNeighbors+AdaBoost+MLP+GradientBoosting;C=0.01,raw_fixed
0.5,191,0.3652007648183556,135,56,0.15105162523900573,-0.26577437858508596,0.0,False,h10_CV17_THY_CONT_STATES_locked_baseline,10,CV17_THY_CONT_STATES,locked_baseline,KNeighbors+AdaBoost+MLP+GradientBoosting;C=0.01,raw_fixed
0.1,419,0.8011472275334608,187,232,0.30826428723178245,0.2967920118971744,0.0,False,h10_CV17_THY_CONT_STATES_locked_baseline,10,CV17_THY_CONT_STATES,locked_baseline,KNeighbors+AdaBoost+MLP+GradientBoosting;C=0.01,raw_threshold
0.2,316,0.6042065009560229,173,143,0.2624282982791587,0.20889101338432126,0.0,False,h10_CV17_THY_CONT_STATES_locked_baseline,10,CV17_THY_CONT_STATES,locked_baseline,KNeighbors+AdaBoost+MLP+GradientBoosting;C=0.01,raw_threshold
0.3,264,0.5047801147227533,163,101,0.2288992078667031,0.09587544386779573,0.0,False,h10_CV17_THY_CONT_STATES_locked_baseline,10,CV17_THY_CONT_STATES,locked_baseline,KNeighbors+AdaBoost+MLP+GradientBoosting;C=0.01,raw_threshold
0.4,227,0.4340344168260038,148,79,0.1822817080943276,-0.05481198215423838,0.0,False,h10_CV17_THY_CONT_STATES_locked_baseline,10,CV17_THY_CONT_STATES,locked_baseline,KNeighbors+AdaBoost+MLP+GradientBoosting;C=0.01,raw_threshold
0.5,191,0.3652007648183556,135,56,0.15105162523900573,-0.26577437858508596,0.0,False,h10_CV17_THY_CONT_STATES_locked_baseline,10,CV17_THY_CONT_STATES,locked_baseline,KNeighbors+AdaBoost+MLP+GradientBoosting;C=0.01,raw_threshold
0.1,370,0.7074569789674953,185,185,0.31442532398555345,0.2967920118971744,0.0,False,h10_CV17_THY_CONT_STATES_locked_baseline,10,CV17_THY_CONT_STATES,locked_baseline,KNeighbors+AdaBoost+MLP+GradientBoosting;C=0.01,sigmoid
0.2,298,0.5697896749521989,170,128,0.2638623326959847,0.20889101338432126,0.0,False,h10_CV17_THY_CONT_STATES_locked_baseline,10,CV17_THY_CONT_STATES,locked_baseline,KNeighbors+AdaBoost+MLP+GradientBoosting;C=0.01,sigmoid
0.3,258,0.4933078393881453,161,97,0.22835290904124556,0.09587544386779573,0.0,False,h10_CV17_THY_CONT_STATES_locked_baseline,10,CV17_THY_CONT_STATES,locked_baseline,KNeighbors+AdaBoost+MLP+GradientBoosting;C=0.01,sigmoid
0.4,227,0.4340344168260038,148,79,0.1822817080943276,-0.05481198215423838,0.0,False,h10_CV17_THY_CONT_STATES_locked_baseline,10,CV17_THY_CONT_STATES,locked_baseline,KNeighbors+AdaBoost+MLP+GradientBoosting;C=0.01,sigmoid
0.5,194,0.37093690248565964,136,58,0.1491395793499044,-0.26577437858508596,0.0,False,h10_CV17_THY_CONT_STATES_locked_baseline,10,CV17_THY_CONT_STATES,locked_baseline,KNeighbors+AdaBoost+MLP+GradientBoosting;C=0.01,sigmoid
0.1,367,0.7017208413001912,184,183,0.31293817718291905,0.2967920118971744,0.0,False,h10_CV17_THY_CONT_STATES_locked_baseline,10,CV17_THY_CONT_STATES,locked_baseline,KNeighbors+AdaBoost+MLP+GradientBoosting;C=0.01,isotonic
0.2,292,0.5583173996175909,169,123,0.2643403441682601,0.20889101338432126,0.0,False,h10_CV17_THY_CONT_STATES_locked_baseline,10,CV17_THY_CONT_STATES,locked_baseline,KNeighbors+AdaBoost+MLP+GradientBoosting;C=0.01,isotonic
0.3,259,0.49521988527724664,161,98,0.22753346080305925,0.09587544386779573,0.0,False,h10_CV17_THY_CONT_STATES_locked_baseline,10,CV17_THY_CONT_STATES,locked_baseline,KNeighbors+AdaBoost+MLP+GradientBoosting;C=0.01,isotonic
0.4,192,0.367112810707457,136,56,0.18865519439133205,-0.05481198215423838,0.0,False,h10_CV17_THY_CONT_STATES_locked_baseline,10,CV17_THY_CONT_STATES,locked_baseline,KNeighbors+AdaBoost+MLP+GradientBoosting;C=0.01,isotonic
0.5,158,0.30210325047801145,119,39,0.15296367112810708,-0.26577437858508596,0.0,False,h10_CV17_THY_CONT_STATES_locked_baseline,10,CV17_THY_CONT_STATES,locked_baseline,KNeighbors+AdaBoost+MLP+GradientBoosting;C=0.01,isotonic
0.1,379,0.7246653919694073,184,195,0.31038878266411724,0.2967920118971744,0.0,False,h10_CV17_THY_CONT_RATIO_own,10,CV17_THY_CONT_RATIO,own,LogisticRegression+SVC+AdaBoost;C=1,raw_fixed
0.2,307,0.5869980879541109,172,135,0.2643403441682601,0.20889101338432126,0.0,False,h10_CV17_THY_CONT_RATIO_own,10,CV17_THY_CONT_RATIO,own,LogisticRegression+SVC+AdaBoost;C=1,raw_fixed
0.3,259,0.49521988527724664,157,102,0.21660748429390875,0.09587544386779573,0.0,False,h10_CV17_THY_CONT_RATIO_own,10,CV17_THY_CONT_RATIO,own,LogisticRegression+SVC+AdaBoost;C=1,raw_fixed
0.4,234,0.4474187380497132,152,82,0.1861057998725303,-0.05481198215423838,0.0,False,h10_CV17_THY_CONT_RATIO_own,10,CV17_THY_CONT_RATIO,own,LogisticRegression+SVC+AdaBoost;C=1,raw_fixed
0.5,203,0.3881453154875717,139,64,0.1434034416826004,-0.26577437858508596,0.0,False,h10_CV17_THY_CONT_RATIO_own,10,CV17_THY_CONT_RATIO,own,LogisticRegression+SVC+AdaBoost;C=1,raw_fixed
0.1,379,0.7246653919694073,184,195,0.31038878266411724,0.2967920118971744,0.0,False,h10_CV17_THY_CONT_RATIO_own,10,CV17_THY_CONT_RATIO,own,LogisticRegression+SVC+AdaBoost;C=1,raw_threshold
0.2,307,0.5869980879541109,172,135,0.2643403441682601,0.20889101338432126,0.0,False,h10_CV17_THY_CONT_RATIO_own,10,CV17_THY_CONT_RATIO,own,LogisticRegression+SVC+AdaBoost;C=1,raw_threshold
0.3,259,0.49521988527724664,157,102,0.21660748429390875,0.09587544386779573,0.0,False,h10_CV17_THY_CONT_RATIO_own,10,CV17_THY_CONT_RATIO,own,LogisticRegression+SVC+AdaBoost;C=1,raw_threshold
0.4,234,0.4474187380497132,152,82,0.1861057998725303,-0.05481198215423838,0.0,False,h10_CV17_THY_CONT_RATIO_own,10,CV17_THY_CONT_RATIO,own,LogisticRegression+SVC+AdaBoost;C=1,raw_threshold
0.5,203,0.3881453154875717,139,64,0.1434034416826004,-0.26577437858508596,0.0,False,h10_CV17_THY_CONT_RATIO_own,10,CV17_THY_CONT_RATIO,own,LogisticRegression+SVC+AdaBoost;C=1,raw_threshold
0.1,388,0.7418738049713193,188,200,0.3169747185043552,0.2967920118971744,0.0,False,h10_CV17_THY_CONT_RATIO_own,10,CV17_THY_CONT_RATIO,own,LogisticRegression+SVC+AdaBoost;C=1,sigmoid
0.2,308,0.5889101338432122,173,135,0.2662523900573614,0.20889101338432126,0.0,False,h10_CV17_THY_CONT_RATIO_own,10,CV17_THY_CONT_RATIO,own,LogisticRegression+SVC+AdaBoost;C=1,sigmoid
0.3,259,0.49521988527724664,157,102,0.21660748429390875,0.09587544386779573,0.0,False,h10_CV17_THY_CONT_RATIO_own,10,CV17_THY_CONT_RATIO,own,LogisticRegression+SVC+AdaBoost;C=1,sigmoid
0.4,234,0.4474187380497132,152,82,0.1861057998725303,-0.05481198215423838,0.0,False,h10_CV17_THY_CONT_RATIO_own,10,CV17_THY_CONT_RATIO,own,LogisticRegression+SVC+AdaBoost;C=1,sigmoid
0.5,196,0.37476099426386233,136,60,0.14531548757170176,-0.26577437858508596,0.0,False,h10_CV17_THY_CONT_RATIO_own,10,CV17_THY_CONT_RATIO,own,LogisticRegression+SVC+AdaBoost;C=1,sigmoid
0.1,396,0.7571701720841301,188,208,0.3152751221584874,0.2967920118971744,0.0,False,h10_CV17_THY_CONT_RATIO_own,10,CV17_THY_CONT_RATIO,own,LogisticRegression+SVC+AdaBoost;C=1,isotonic
0.2,308,0.5889101338432122,173,135,0.2662523900573614,0.20889101338432126,0.0,False,h10_CV17_THY_CONT_RATIO_own,10,CV17_THY_CONT_RATIO,own,LogisticRegression+SVC+AdaBoost;C=1,isotonic
0.3,270,0.5162523900573613,161,109,0.21851953018301007,0.09587544386779573,0.0,False,h10_CV17_THY_CONT_RATIO_own,10,CV17_THY_CONT_RATIO,own,LogisticRegression+SVC+AdaBoost;C=1,isotonic
0.4,228,0.4359464627151052,150,78,0.18738049713193117,-0.05481198215423838,0.0,False,h10_CV17_THY_CONT_RATIO_own,10,CV17_THY_CONT_RATIO,own,LogisticRegression+SVC+AdaBoost;C=1,isotonic
0.5,191,0.3652007648183556,134,57,0.14722753346080306,-0.26577437858508596,0.0,False,h10_CV17_THY_CONT_RATIO_own,10,CV17_THY_CONT_RATIO,own,LogisticRegression+SVC+AdaBoost;C=1,isotonic
0.1,366,0.6998087954110899,185,181,0.3152751221584874,0.2967920118971744,0.0,False,h10_CV17_THY_CONT_RATIO_paper,10,CV17_THY_CONT_RATIO,paper,LogisticRegression+RandomForest+AdaBoost;C=10,raw_fixed
0.2,301,0.5755258126195029,174,127,0.27198852772466536,0.20889101338432126,0.0,False,h10_CV17_THY_CONT_RATIO_paper,10,CV17_THY_CONT_RATIO,paper,LogisticRegression+RandomForest+AdaBoost;C=10,raw_fixed
0.3,263,0.502868068833652,160,103,0.2215241737230265,0.09587544386779573,0.0,False,h10_CV17_THY_CONT_RATIO_paper,10,CV17_THY_CONT_RATIO,paper,LogisticRegression+RandomForest+AdaBoost;C=10,raw_fixed
0.4,233,0.44550669216061184,152,81,0.18738049713193117,-0.05481198215423838,0.0,False,h10_CV17_THY_CONT_RATIO_paper,10,CV17_THY_CONT_RATIO,paper,LogisticRegression+RandomForest+AdaBoost;C=10,raw_fixed
0.5,204,0.390057361376673,140,64,0.14531548757170173,-0.26577437858508596,0.0,False,h10_CV17_THY_CONT_RATIO_paper,10,CV17_THY_CONT_RATIO,paper,LogisticRegression+RandomForest+AdaBoost;C=10,raw_fixed
0.1,366,0.6998087954110899,185,181,0.3152751221584874,0.2967920118971744,0.0,False,h10_CV17_THY_CONT_RATIO_paper,10,CV17_THY_CONT_RATIO,paper,LogisticRegression+RandomForest+AdaBoost;C=10,raw_threshold
0.2,301,0.5755258126195029,174,127,0.27198852772466536,0.20889101338432126,0.0,False,h10_CV17_THY_CONT_RATIO_paper,10,CV17_THY_CONT_RATIO,paper,LogisticRegression+RandomForest+AdaBoost;C=10,raw_threshold
0.3,263,0.502868068833652,160,103,0.2215241737230265,0.09587544386779573,0.0,False,h10_CV17_THY_CONT_RATIO_paper,10,CV17_THY_CONT_RATIO,paper,LogisticRegression+RandomForest+AdaBoost;C=10,raw_threshold
0.4,233,0.44550669216061184,152,81,0.18738049713193117,-0.05481198215423838,0.0,False,h10_CV17_THY_CONT_RATIO_paper,10,CV17_THY_CONT_RATIO,paper,LogisticRegression+RandomForest+AdaBoost;C=10,raw_threshold
0.5,204,0.390057361376673,140,64,0.14531548757170173,-0.26577437858508596,0.0,False,h10_CV17_THY_CONT_RATIO_paper,10,CV17_THY_CONT_RATIO,paper,LogisticRegression+RandomForest+AdaBoost;C=10,raw_threshold
0.1,373,0.7131931166347992,186,187,0.3159124707881878,0.2967920118971744,0.0,False,h10_CV17_THY_CONT_RATIO_paper,10,CV17_THY_CONT_RATIO,paper,LogisticRegression+RandomForest+AdaBoost;C=10,sigmoid
0.2,303,0.5793499043977055,174,129,0.2710325047801147,0.20889101338432126,0.0,False,h10_CV17_THY_CONT_RATIO_paper,10,CV17_THY_CONT_RATIO,paper,LogisticRegression+RandomForest+AdaBoost;C=10,sigmoid
0.3,263,0.502868068833652,160,103,0.2215241737230265,0.09587544386779573,0.0,False,h10_CV17_THY_CONT_RATIO_paper,10,CV17_THY_CONT_RATIO,paper,LogisticRegression+RandomForest+AdaBoost;C=10,sigmoid
0.4,231,0.4416826003824092,151,80,0.1867431485022307,-0.05481198215423838,0.0,False,h10_CV17_THY_CONT_RATIO_paper,10,CV17_THY_CONT_RATIO,paper,LogisticRegression+RandomForest+AdaBoost;C=10,sigmoid
0.5,196,0.37476099426386233,135,61,0.141491395793499,-0.26577437858508596,0.0,False,h10_CV17_THY_CONT_RATIO_paper,10,CV17_THY_CONT_RATIO,paper,LogisticRegression+RandomForest+AdaBoost;C=10,sigmoid
0.1,405,0.7743785850860421,188,217,0.31336307626938603,0.2967920118971744,0.0,False,h10_CV17_THY_CONT_RATIO_paper,10,CV17_THY_CONT_RATIO,paper,LogisticRegression+RandomForest+AdaBoost;C=10,isotonic
0.2,309,0.5908221797323135,174,135,0.2681644359464627,0.20889101338432126,0.0,False,h10_CV17_THY_CONT_RATIO_paper,10,CV17_THY_CONT_RATIO,paper,LogisticRegression+RandomForest+AdaBoost;C=10,isotonic
0.3,254,0.48565965583174,158,96,0.2234362196121278,0.09587544386779573,0.0,False,h10_CV17_THY_CONT_RATIO_paper,10,CV17_THY_CONT_RATIO,paper,LogisticRegression+RandomForest+AdaBoost;C=10,isotonic
0.4,225,0.43021032504780116,149,76,0.1880178457616316,-0.05481198215423838,0.0,False,h10_CV17_THY_CONT_RATIO_paper,10,CV17_THY_CONT_RATIO,paper,LogisticRegression+RandomForest+AdaBoost;C=10,isotonic
0.5,180,0.3441682600382409,127,53,0.14149139579349906,-0.26577437858508596,0.0,False,h10_CV17_THY_CONT_RATIO_paper,10,CV17_THY_CONT_RATIO,paper,LogisticRegression+RandomForest+AdaBoost;C=10,isotonic
0.1,420,0.8030592734225621,189,231,0.3123008285532186,0.2967920118971744,0.0,False,h10_CV17_THY_CONT_RATIO_same_baseline,10,CV17_THY_CONT_RATIO,same_baseline,KNeighbors+AdaBoost+MLP+GradientBoosting;C=0.01,raw_fixed
0.2,313,0.5984703632887189,172,141,0.26147227533460804,0.20889101338432126,0.0,False,h10_CV17_THY_CONT_RATIO_same_baseline,10,CV17_THY_CONT_RATIO,same_baseline,KNeighbors+AdaBoost+MLP+GradientBoosting;C=0.01,raw_fixed
0.3,256,0.4894837476099426,159,97,0.2245288172630429,0.09587544386779573,0.0,False,h10_CV17_THY_CONT_RATIO_same_baseline,10,CV17_THY_CONT_RATIO,same_baseline,KNeighbors+AdaBoost+MLP+GradientBoosting;C=0.01,raw_fixed
0.4,219,0.4187380497131931,147,72,0.1892925430210325,-0.05481198215423838,0.0,False,h10_CV17_THY_CONT_RATIO_same_baseline,10,CV17_THY_CONT_RATIO,same_baseline,KNeighbors+AdaBoost+MLP+GradientBoosting;C=0.01,raw_fixed
0.5,187,0.3575525812619503,132,55,0.14722753346080303,-0.26577437858508596,0.0,False,h10_CV17_THY_CONT_RATIO_same_baseline,10,CV17_THY_CONT_RATIO,same_baseline,KNeighbors+AdaBoost+MLP+GradientBoosting;C=0.01,raw_fixed
0.1,420,0.8030592734225621,189,231,0.3123008285532186,0.2967920118971744,0.0,False,h10_CV17_THY_CONT_RATIO_same_baseline,10,CV17_THY_CONT_RATIO,same_baseline,KNeighbors+AdaBoost+MLP+GradientBoosting;C=0.01,raw_threshold
0.2,313,0.5984703632887189,172,141,0.26147227533460804,0.20889101338432126,0.0,False,h10_CV17_THY_CONT_RATIO_same_baseline,10,CV17_THY_CONT_RATIO,same_baseline,KNeighbors+AdaBoost+MLP+GradientBoosting;C=0.01,raw_threshold
0.3,256,0.4894837476099426,159,97,0.2245288172630429,0.09587544386779573,0.0,False,h10_CV17_THY_CONT_RATIO_same_baseline,10,CV17_THY_CONT_RATIO,same_baseline,KNeighbors+AdaBoost+MLP+GradientBoosting;C=0.01,raw_threshold
0.4,219,0.4187380497131931,147,72,0.1892925430210325,-0.05481198215423838,0.0,False,h10_CV17_THY_CONT_RATIO_same_baseline,10,CV17_THY_CONT_RATIO,same_baseline,KNeighbors+AdaBoost+MLP+GradientBoosting;C=0.01,raw_threshold
0.5,187,0.3575525812619503,132,55,0.14722753346080303,-0.26577437858508596,0.0,False,h10_CV17_THY_CONT_RATIO_same_baseline,10,CV17_THY_CONT_RATIO,same_baseline,KNeighbors+AdaBoost+MLP+GradientBoosting;C=0.01,raw_threshold
0.1,373,0.7131931166347992,185,188,0.313787975355853,0.2967920118971744,0.0,False,h10_CV17_THY_CONT_RATIO_same_baseline,10,CV17_THY_CONT_RATIO,same_baseline,KNeighbors+AdaBoost+MLP+GradientBoosting;C=0.01,sigmoid
0.2,288,0.5506692160611855,166,122,0.2590822179732314,0.20889101338432126,0.0,False,h10_CV17_THY_CONT_RATIO_same_baseline,10,CV17_THY_CONT_RATIO,same_baseline,KNeighbors+AdaBoost+MLP+GradientBoosting;C=0.01,sigmoid
0.3,251,0.47992351816443596,159,92,0.22862605845397432,0.09587544386779573,0.0,False,h10_CV17_THY_CONT_RATIO_same_baseline,10,CV17_THY_CONT_RATIO,same_baseline,KNeighbors+AdaBoost+MLP+GradientBoosting;C=0.01,sigmoid
0.4,217,0.4149139579349904,146,71,0.18865519439133208,-0.05481198215423838,0.0,False,h10_CV17_THY_CONT_RATIO_same_baseline,10,CV17_THY_CONT_RATIO,same_baseline,KNeighbors+AdaBoost+MLP+GradientBoosting;C=0.01,sigmoid
0.5,191,0.3652007648183556,133,58,0.14340344168260039,-0.26577437858508596,0.0,False,h10_CV17_THY_CONT_RATIO_same_baseline,10,CV17_THY_CONT_RATIO,same_baseline,KNeighbors+AdaBoost+MLP+GradientBoosting;C=0.01,sigmoid
0.1,367,0.7017208413001912,184,183,0.31293817718291905,0.2967920118971744,0.0,False,h10_CV17_THY_CONT_RATIO_same_baseline,10,CV17_THY_CONT_RATIO,same_baseline,KNeighbors+AdaBoost+MLP+GradientBoosting;C=0.01,isotonic
0.2,313,0.5984703632887189,172,141,0.26147227533460804,0.20889101338432126,0.0,False,h10_CV17_THY_CONT_RATIO_same_baseline,10,CV17_THY_CONT_RATIO,same_baseline,KNeighbors+AdaBoost+MLP+GradientBoosting;C=0.01,isotonic
0.3,259,0.49521988527724664,160,99,0.22480196667577163,0.09587544386779573,0.0,False,h10_CV17_THY_CONT_RATIO_same_baseline,10,CV17_THY_CONT_RATIO,same_baseline,KNeighbors+AdaBoost+MLP+GradientBoosting;C=0.01,isotonic
0.4,201,0.384321223709369,141,60,0.1931166347992352,-0.05481198215423838,0.0,False,h10_CV17_THY_CONT_RATIO_same_baseline,10,CV17_THY_CONT_RATIO,same_baseline,KNeighbors+AdaBoost+MLP+GradientBoosting;C=0.01,isotonic
0.5,187,0.3575525812619503,132,55,0.14722753346080303,-0.26577437858508596,0.0,False,h10_CV17_THY_CONT_RATIO_same_baseline,10,CV17_THY_CONT_RATIO,same_baseline,KNeighbors+AdaBoost+MLP+GradientBoosting;C=0.01,isotonic
0.1,422,0.8068833652007649,188,234,0.30975143403441685,0.2967920118971744,0.0,False,h10_CV17_THY_CONT_RATIO_locked_baseline,10,CV17_THY_CONT_RATIO,locked_baseline,KNeighbors+AdaBoost+MLP+GradientBoosting;C=0.01,raw_fixed
0.2,320,0.6118546845124283,174,146,0.26290630975143403,0.20889101338432126,0.0,False,h10_CV17_THY_CONT_RATIO_locked_baseline,10,CV17_THY_CONT_RATIO,locked_baseline,KNeighbors+AdaBoost+MLP+GradientBoosting;C=0.01,raw_fixed
0.3,268,0.5124282982791587,164,104,0.22835290904124556,0.09587544386779573,0.0,False,h10_CV17_THY_CONT_RATIO_locked_baseline,10,CV17_THY_CONT_RATIO,locked_baseline,KNeighbors+AdaBoost+MLP+GradientBoosting;C=0.01,raw_fixed
0.4,234,0.4474187380497132,154,80,0.19247928616953472,-0.05481198215423838,0.0,False,h10_CV17_THY_CONT_RATIO_locked_baseline,10,CV17_THY_CONT_RATIO,locked_baseline,KNeighbors+AdaBoost+MLP+GradientBoosting;C=0.01,raw_fixed
0.5,190,0.3632887189292543,136,54,0.15678776290630977,-0.26577437858508596,0.0,False,h10_CV17_THY_CONT_RATIO_locked_baseline,10,CV17_THY_CONT_RATIO,locked_baseline,KNeighbors+AdaBoost+MLP+GradientBoosting;C=0.01,raw_fixed
0.1,422,0.8068833652007649,188,234,0.30975143403441685,0.2967920118971744,0.0,False,h10_CV17_THY_CONT_RATIO_locked_baseline,10,CV17_THY_CONT_RATIO,locked_baseline,KNeighbors+AdaBoost+MLP+GradientBoosting;C=0.01,raw_threshold
0.2,320,0.6118546845124283,174,146,0.26290630975143403,0.20889101338432126,0.0,False,h10_CV17_THY_CONT_RATIO_locked_baseline,10,CV17_THY_CONT_RATIO,locked_baseline,KNeighbors+AdaBoost+MLP+GradientBoosting;C=0.01,raw_threshold
0.3,268,0.5124282982791587,164,104,0.22835290904124556,0.09587544386779573,0.0,False,h10_CV17_THY_CONT_RATIO_locked_baseline,10,CV17_THY_CONT_RATIO,locked_baseline,KNeighbors+AdaBoost+MLP+GradientBoosting;C=0.01,raw_threshold
0.4,234,0.4474187380497132,154,80,0.19247928616953472,-0.05481198215423838,0.0,False,h10_CV17_THY_CONT_RATIO_locked_baseline,10,CV17_THY_CONT_RATIO,locked_baseline,KNeighbors+AdaBoost+MLP+GradientBoosting;C=0.01,raw_threshold
0.5,190,0.3632887189292543,136,54,0.15678776290630977,-0.26577437858508596,0.0,False,h10_CV17_THY_CONT_RATIO_locked_baseline,10,CV17_THY_CONT_RATIO,locked_baseline,KNeighbors+AdaBoost+MLP+GradientBoosting;C=0.01,raw_threshold
0.1,397,0.7590822179732314,186,211,0.3108136817505842,0.2967920118971744,0.0,False,h10_CV17_THY_CONT_RATIO_locked_baseline,10,CV17_THY_CONT_RATIO,locked_baseline,KNeighbors+AdaBoost+MLP+GradientBoosting;C=0.01,sigmoid
0.2,310,0.5927342256214149,172,138,0.26290630975143403,0.20889101338432126,0.0,False,h10_CV17_THY_CONT_RATIO_locked_baseline,10,CV17_THY_CONT_RATIO,locked_baseline,KNeighbors+AdaBoost+MLP+GradientBoosting;C=0.01,sigmoid
0.3,261,0.49904397705544934,162,99,0.22862605845397432,0.09587544386779573,0.0,False,h10_CV17_THY_CONT_RATIO_locked_baseline,10,CV17_THY_CONT_RATIO,locked_baseline,KNeighbors+AdaBoost+MLP+GradientBoosting;C=0.01,sigmoid
0.4,234,0.4474187380497132,154,80,0.19247928616953472,-0.05481198215423838,0.0,False,h10_CV17_THY_CONT_RATIO_locked_baseline,10,CV17_THY_CONT_RATIO,locked_baseline,KNeighbors+AdaBoost+MLP+GradientBoosting;C=0.01,sigmoid
0.5,193,0.3690248565965583,138,55,0.15869980879541107,-0.26577437858508596,0.0,False,h10_CV17_THY_CONT_RATIO_locked_baseline,10,CV17_THY_CONT_RATIO,locked_baseline,KNeighbors+AdaBoost+MLP+GradientBoosting;C=0.01,sigmoid
0.1,389,0.7437858508604207,186,203,0.3125132780964521,0.2967920118971744,0.0,False,h10_CV17_THY_CONT_RATIO_locked_baseline,10,CV17_THY_CONT_RATIO,locked_baseline,KNeighbors+AdaBoost+MLP+GradientBoosting;C=0.01,isotonic
0.2,330,0.6309751434034416,178,152,0.26768642447418733,0.20889101338432126,0.0,False,h10_CV17_THY_CONT_RATIO_locked_baseline,10,CV17_THY_CONT_RATIO,locked_baseline,KNeighbors+AdaBoost+MLP+GradientBoosting;C=0.01,isotonic
0.3,278,0.5315487571701721,165,113,0.22288992078667028,0.09587544386779573,0.0,False,h10_CV17_THY_CONT_RATIO_locked_baseline,10,CV17_THY_CONT_RATIO,locked_baseline,KNeighbors+AdaBoost+MLP+GradientBoosting;C=0.01,isotonic
0.4,205,0.3919694072657744,144,61,0.19757807520713827,-0.05481198215423838,0.0,False,h10_CV17_THY_CONT_RATIO_locked_baseline,10,CV17_THY_CONT_RATIO,locked_baseline,KNeighbors+AdaBoost+MLP+GradientBoosting;C=0.01,isotonic
0.5,189,0.361376673040153,135,54,0.1548757170172084,-0.26577437858508596,0.0,False,h10_CV17_THY_CONT_RATIO_locked_baseline,10,CV17_THY_CONT_RATIO,locked_baseline,KNeighbors+AdaBoost+MLP+GradientBoosting;C=0.01,isotonic
