arm,kind,members,scale,source,mode,probability_index,threshold,threshold_source,horizon,feature_set,target,target_kind,block,n_variables,baseline_f1_macro,altered_f1_macro,f1_macro_drop,baseline_roc_auc,altered_roc_auc,roc_auc_drop,baseline_auprc,altered_auprc,auprc_drop,baseline_brier,altered_brier,brier_drop,f1_drop_ci_lo,f1_drop_ci_hi,importance_ratio,importance_ratio_ci_lo,importance_ratio_ci_hi,bootstrap_valid,f1_macro_drop_mean,f1_macro_drop_std,roc_auc_drop_mean,auprc_drop_mean,brier_drop_mean
LogisticRegression,individual,LogisticRegression,raw,Cached fitted individual; sigmoid fitted to cached training OOF,raw_fixed,0,0.5,fixed 0.5,10,CV17_THY_CONT,complete thyroid block,block,thyroid,3,0.7454699790617396,0.7451122621300903,0.0003577169316493,0.8461417421953675,0.8485492195367573,-0.0024074773413897,0.7789607215596778,0.7793799545959978,-0.00041923303632,0.1675268304241409,0.1674844632882102,-4.236713593069874e-05,-0.0088526168071541,0.0097535240103458,1.000480084612521,0.9883282245017652,1.0134517122277829,2000,0.0012217419495979,0.0048191565074842,-0.000343026183283,0.0024739085110509,0.0001372774938649
LogisticRegression,individual,LogisticRegression,raw,Cached fitted individual; sigmoid fitted to cached training OOF,raw_threshold,0,0.5399999999999999,own validation,10,CV17_THY_CONT,complete thyroid block,block,thyroid,3,0.7647160604907084,0.7647160604907084,0.0,0.8461417421953675,0.8485492195367573,-0.0024074773413897,0.7789607215596778,0.7793799545959978,-0.00041923303632,0.1675268304241409,0.1674844632882102,-4.236713593069874e-05,-0.0072284231007623,0.0071771028558282,1.0,0.9906063792176524,1.0094194558374316,2000,0.0031039009375291,0.0026374066267234,-0.000343026183283,0.0024739085110509,0.0001372774938649
LogisticRegression,individual,LogisticRegression,sigmoid,Cached fitted individual; sigmoid fitted to cached training OOF,sigmoid,1,0.4299999999999999,own validation,10,CV17_THY_CONT,complete thyroid block,block,thyroid,3,0.7575224629767994,0.7579342766104755,-0.0004118136336761,0.8461417421953675,0.8485492195367573,-0.0024074773413897,0.7789607215596778,0.7793799545959978,-0.00041923303632,0.1533388288482108,0.1529605025356131,-0.0003783263125977,-0.009766136514701,0.0086660887132708,0.9994566631350704,0.9872670298709244,1.011486086869779,2000,0.0006519480174989,0.0030329904997327,-0.000343026183283,0.0024739085110509,0.000657618690712
SVC,individual,SVC,raw,Cached fitted individual; sigmoid fitted to cached training OOF,raw_fixed,2,0.5,fixed 0.5,10,CV17_THY_CONT,complete thyroid block,block,thyroid,3,0.7587789243277048,0.7644144144144144,-0.0056354900867096,0.8366062437059416,0.8406344410876133,-0.0040281973816717,0.7671970288415518,0.7724309900462177,-0.0052339612046659,0.160188428807806,0.1570672436400228,-0.0031211851677832,-0.0190010868863529,0.0072784809489302,0.9926277030097258,0.975482815207898,1.0096229601966058,2000,0.0010378848998246,0.0074217883191385,-0.0015160813192346,-0.0001418197776159,-0.0012707696703724
SVC,individual,SVC,raw,Cached fitted individual; sigmoid fitted to cached training OOF,raw_threshold,2,0.4999999999999999,own validation,10,CV17_THY_CONT,complete thyroid block,block,thyroid,3,0.7587789243277048,0.7644144144144144,-0.0056354900867096,0.8366062437059416,0.8406344410876133,-0.0040281973816717,0.7671970288415518,0.7724309900462177,-0.0052339612046659,0.160188428807806,0.1570672436400228,-0.0031211851677832,-0.0190010868863529,0.0072784809489302,0.9926277030097258,0.975482815207898,1.0096229601966058,2000,0.0010378848998246,0.0074217883191385,-0.0015160813192346,-0.0001418197776159,-0.0012707696703724
SVC,individual,SVC,sigmoid,Cached fitted individual; sigmoid fitted to cached training OOF,sigmoid,3,0.4599999999999999,own validation,10,CV17_THY_CONT,complete thyroid block,block,thyroid,3,0.7587789243277048,0.7644144144144144,-0.0056354900867096,0.8366062437059416,0.8406344410876133,-0.0040281973816717,0.7671970288415518,0.7724309900462177,-0.0052339612046659,0.1575934247669877,0.1550487100943306,-0.002544714672657,-0.0190010868863529,0.0072784809489302,0.9926277030097258,0.975482815207898,1.0096229601966058,2000,0.0010378848998246,0.0074217883191385,-0.0015160813192346,-0.0001418197776159,-0.0009768820904493
KNeighbors,individual,KNeighbors,raw,Cached fitted individual; sigmoid fitted to cached training OOF,raw_fixed,4,0.5,fixed 0.5,10,CV17_THY_CONT,complete thyroid block,block,thyroid,3,0.7297970451250733,0.7368808049535605,-0.0070837598284871,0.8221928499496476,0.8194549345417925,0.002737915407855,0.7417037259908287,0.7387979768902104,0.0029057491006182,0.169111860908216,0.1706451654715807,0.0015333045633646,-0.0216178456713482,0.0072998003403286,0.9903868308403914,0.9707852804736588,1.009890508047561,2000,-0.0023447484602885,0.0034124840489857,0.0011140483383686,0.0003472532335825,0.0006044125227725
KNeighbors,individual,KNeighbors,raw,Cached fitted individual; sigmoid fitted to cached training OOF,raw_threshold,4,0.4899999999999999,own validation,10,CV17_THY_CONT,complete thyroid block,block,thyroid,3,0.7339277585883739,0.7360875175747771,-0.0021597589864031,0.8221928499496476,0.8194549345417925,0.002737915407855,0.7417037259908287,0.7387979768902104,0.0029057491006182,0.169111860908216,0.1706451654715807,0.0015333045633646,-0.0205712634512565,0.0153991409617987,0.9970658937492664,0.9724229907396036,1.0212867266111172,2000,0.0006434333728214,0.0057877138831523,0.0011140483383686,0.0003472532335825,0.0006044125227725
KNeighbors,individual,KNeighbors,sigmoid,Cached fitted individual; sigmoid fitted to cached training OOF,sigmoid,5,0.4099999999999999,own validation,10,CV17_THY_CONT,complete thyroid block,block,thyroid,3,0.7374829971071134,0.7356027306862605,0.0018802664208529,0.8221928499496476,0.8194549345417925,0.002737915407855,0.7417037259908287,0.7387979768902104,0.0029057491006182,0.1628112159805556,0.1650029222054687,0.0021917062249131,-0.0165227308493247,0.0202196837146646,1.0025560895064904,0.9774772128503648,1.0277777781572637,2000,0.0052924719808196,0.0059499196429665,0.0011140483383686,0.0003472532335825,0.0010131887860978
RandomForest,individual,RandomForest,raw,Cached fitted individual; sigmoid fitted to cached training OOF,raw_fixed,6,0.5,fixed 0.5,10,CV17_THY_CONT,complete thyroid block,block,thyroid,3,0.7423596127775762,0.7660929644366306,-0.0237333516590543,0.8538204934541792,0.8562122356495468,-0.0023917421953676,0.7855789041723958,0.7824466208423965,0.0031322833299993,0.1526685890397779,0.1501837998601476,-0.0024847891796303,-0.0445534983538928,-0.003081750125173,0.9690202720024882,0.9416178758441276,0.9958401979140052,2000,-0.007620399161297,0.0095212822912504,0.0044672079556897,0.012085263239606,0.0029627106050018
RandomForest,individual,RandomForest,raw,Cached fitted individual; sigmoid fitted to cached training OOF,raw_threshold,6,0.4599999999999999,own validation,10,CV17_THY_CONT,complete thyroid block,block,thyroid,3,0.7476173241645554,0.7641867954911433,-0.0165694713265879,0.8538204934541792,0.8562122356495468,-0.0023917421953676,0.7855789041723958,0.7824466208423965,0.0031322833299993,0.1526685890397779,0.1501837998601476,-0.0024847891796303,-0.0357254522315358,0.0020217843869442,0.9783175116027244,0.9535052930284448,1.0026167718190384,2000,-0.000901081922279,0.009643598576497,0.0044672079556897,0.012085263239606,0.0029627106050018
RandomForest,individual,RandomForest,sigmoid,Cached fitted individual; sigmoid fitted to cached training OOF,sigmoid,7,0.5599999999999999,own validation,10,CV17_THY_CONT,complete thyroid block,block,thyroid,3,0.7491606714628297,0.753448523232696,-0.0042878517698662,0.8538204934541792,0.8562122356495468,-0.0023917421953676,0.7855789041723958,0.7824466208423965,0.0031322833299993,0.1487732204499478,0.1484179068452032,-0.0003553136047446,-0.0274782312473593,0.0194120861475995,0.9943090315560392,0.9639581168522574,1.0265003456497246,2000,-0.0028185247914259,0.0080093379599383,0.0044672079556897,0.012085263239606,0.0024089359856484
AdaBoost,individual,AdaBoost,raw,Cached fitted individual; sigmoid fitted to cached training OOF,raw_fixed,8,0.5,fixed 0.5,10,CV17_THY_CONT,complete thyroid block,block,thyroid,3,0.7456301816766933,0.7495435634970519,-0.0039133818203586,0.8610350579053374,0.8610586606243706,-2.36027190332333e-05,0.8031376961446833,0.7988009602079705,0.0043367359367127,0.1950569331746488,0.1963582128593356,0.0013012796846868,-0.0191856078207289,0.0114911337135195,0.9947789801541348,0.9745887802589368,1.0154953786673626,2000,-0.0089700960884071,0.0052082728740758,9.047708962744982e-05,0.004368135278908,0.0006808480001205
AdaBoost,individual,AdaBoost,raw,Cached fitted individual; sigmoid fitted to cached training OOF,raw_threshold,8,0.4999999999999999,own validation,10,CV17_THY_CONT,complete thyroid block,block,thyroid,3,0.7456301816766933,0.7495435634970519,-0.0039133818203586,0.8610350579053374,0.8610586606243706,-2.36027190332333e-05,0.8031376961446833,0.7988009602079705,0.0043367359367127,0.1950569331746488,0.1963582128593356,0.0013012796846868,-0.0191856078207289,0.0114911337135195,0.9947789801541348,0.9745887802589368,1.0154953786673626,2000,-0.0089700960884071,0.0052082728740758,9.047708962744982e-05,0.004368135278908,0.0006808480001205
AdaBoost,individual,AdaBoost,sigmoid,Cached fitted individual; sigmoid fitted to cached training OOF,sigmoid,9,0.4099999999999999,own validation,10,CV17_THY_CONT,complete thyroid block,block,thyroid,3,0.756260301221938,0.7555042827844131,0.0007560184375249,0.8610350579053374,0.8610586606243706,-2.36027190332333e-05,0.8031376961446833,0.7988009602079705,0.0043367359367127,0.1449937808649474,0.1456163724083579,0.0006225915434105,-0.0112555517755514,0.0133172438616725,1.0010006805451035,0.9846757662739006,1.01766837725005,2000,-0.003266907128041,0.0030379997948543,9.047708962744982e-05,0.004368135278908,0.0002407871599739
MLP,individual,MLP,raw,Cached fitted individual; sigmoid fitted to cached training OOF,raw_fixed,10,0.5,fixed 0.5,10,CV17_THY_CONT,complete thyroid block,block,thyroid,3,0.7604387656702025,0.7568166915052161,0.0036220741649863,0.8479670191339376,0.8505318479355488,-0.0025648288016112,0.7767498930122939,0.7774608878505506,-0.0007109948382566,0.1532256368232716,0.1528123755463534,-0.0004132612769181,-0.0112276634263681,0.0181987717664257,1.0047859332459788,0.9853484969041448,1.024278406798571,2000,0.0119654720136844,0.0065755728622741,0.0049487034239677,0.0068906778029319,0.0024932876796061
MLP,individual,MLP,raw,Cached fitted individual; sigmoid fitted to cached training OOF,raw_threshold,10,0.3799999999999999,own validation,10,CV17_THY_CONT,complete thyroid block,block,thyroid,3,0.7611687306501548,0.7529485264986439,0.0082202041515109,0.8479670191339376,0.8505318479355488,-0.0025648288016112,0.7767498930122939,0.7774608878505506,-0.0007109948382566,0.1532256368232716,0.1528123755463534,-0.0004132612769181,-0.0105233768729748,0.026851529154204,1.0109173520661985,0.986284393603303,1.036371628290175,2000,0.0035670862587069,0.0076078573971068,0.0049487034239677,0.0068906778029319,0.0024932876796061
MLP,individual,MLP,sigmoid,Cached fitted individual; sigmoid fitted to cached training OOF,sigmoid,11,0.3799999999999999,own validation,10,CV17_THY_CONT,complete thyroid block,block,thyroid,3,0.7611687306501548,0.7551358326386589,0.0060328980114958,0.8479591515609265,0.8505318479355488,-0.0025726963746223,0.7767462300891347,0.7774608878505506,-0.0007146577614158,0.151414518443768,0.1509154647153719,-0.000499053728396,-0.0131786662988315,0.025292789239781,1.0079891560574146,0.9825040036149764,1.0340622090620688,2000,0.0030380498607432,0.0074754868419058,0.00494319612286,0.0068855854418791,0.002427008867154
GradientBoosting,individual,GradientBoosting,raw,Cached fitted individual; sigmoid fitted to cached training OOF,raw_fixed,12,0.5,fixed 0.5,10,CV17_THY_CONT,complete thyroid block,block,thyroid,3,0.7597317080640715,0.7551646028390214,0.0045671052250501,0.8514444864048338,0.8573294310171199,-0.005884944612286,0.7937677219266499,0.7960393048461892,-0.0022715829195393,0.1570891650824448,0.1568549421637721,-0.0002342229186726,-0.0165927208100697,0.0257926263805343,1.0060478274642113,0.9783747421146602,1.0347533806202012,2000,0.002974765100365,0.0071984227196016,0.0001274546827794,0.0095117304885877,0.0007615939421815
GradientBoosting,individual,GradientBoosting,raw,Cached fitted individual; sigmoid fitted to cached training OOF,raw_threshold,12,0.4599999999999999,own validation,10,CV17_THY_CONT,complete thyroid block,block,thyroid,3,0.7494161809367513,0.7477350483276936,0.0016811326090577,0.8514444864048338,0.8573294310171199,-0.005884944612286,0.7937677219266499,0.7960393048461892,-0.0022715829195393,0.1570891650824448,0.1568549421637721,-0.0002342229186726,-0.0147953310559426,0.0193015436776937,1.0022482998661326,0.9804948556916198,1.0258897471461084,2000,-0.0026390276419668,0.0049623299852005,0.0001274546827794,0.0095117304885877,0.0007615939421815
GradientBoosting,individual,GradientBoosting,sigmoid,Cached fitted individual; sigmoid fitted to cached training OOF,sigmoid,13,0.3799999999999999,own validation,10,CV17_THY_CONT,complete thyroid block,block,thyroid,3,0.7494161809367513,0.7477350483276936,0.0016811326090577,0.8514444864048338,0.8573294310171199,-0.005884944612286,0.7937677219266499,0.7960393048461892,-0.0022715829195393,0.1489119693177538,0.1474698542470423,-0.0014421150707115,-0.0147953310559426,0.0193015436776937,1.0022482998661326,0.9804948556916198,1.0258897471461084,2000,-0.002819596918782,0.0052409168461872,0.0001274546827794,0.0095117304885877,0.0012073536945425
XGBoost,individual,XGBoost,raw,Cached fitted individual; sigmoid fitted to cached training OOF,raw_fixed,14,0.5,fixed 0.5,10,CV17_THY_CONT,complete thyroid block,block,thyroid,3,0.7667436307303692,0.7695745216515609,-0.0028308909211917,0.8411222306143001,0.8428845669687814,-0.0017623363544813,0.774141206997418,0.7735226176111399,0.000618589386278,0.1769341295271051,0.1769164635414832,-1.76659856218897e-05,-0.0140471433231802,0.0082396475669736,0.9963214856501272,0.9817997538447244,1.010738844751231,2000,0.0059097664502057,0.0033181221100386,0.0002250125881168,0.004343637341942,0.0001175854129932
XGBoost,individual,XGBoost,raw,Cached fitted individual; sigmoid fitted to cached training OOF,raw_threshold,14,0.4899999999999999,own validation,10,CV17_THY_CONT,complete thyroid block,block,thyroid,3,0.7584464376506387,0.7508105658272419,0.0076358718233967,0.8411222306143001,0.8428845669687814,-0.0017623363544813,0.774141206997418,0.7735226176111399,0.000618589386278,0.1769341295271051,0.1769164635414832,-1.76659856218897e-05,0.0,0.0174928452584455,1.0101701709737976,1.0,1.0237811591261388,2000,0.0027489710372184,0.0043681999704231,0.0002250125881168,0.004343637341942,0.0001175854129932
XGBoost,individual,XGBoost,sigmoid,Cached fitted individual; sigmoid fitted to cached training OOF,sigmoid,15,0.4499999999999999,own validation,10,CV17_THY_CONT,complete thyroid block,block,thyroid,3,0.7574825916011051,0.7579692391452293,-0.0004866475441241,0.8411222306143001,0.8428845669687814,-0.0017623363544813,0.774141206997418,0.7735226176111399,0.000618589386278,0.1541884842797085,0.1540966514268246,-9.183285288386078e-05,-0.0098880152451255,0.0094999116052829,0.9993579587152204,0.9867834109780436,1.0126510114344065,2000,0.000378360493252,0.0028115306325905,0.0002250125881168,0.004343637341942,0.000850584527853
diverse,voting,"LogisticRegression,XGBoost,MLP",raw,models/final_h10_CV17_THY_CONT_diverse.joblib,raw_fixed,16,0.5,fixed 0.5,10,CV17_THY_CONT,complete thyroid block,block,thyroid,3,0.7659679698539802,0.7638348229578649,0.0021331468961153,0.8495562688821753,0.8511769889224572,-0.0016207200402819,0.7827598718545535,0.7820831780750775,0.0006766937794759,0.1563718015412622,0.1569806355023031,0.0006088339610409,-0.0118670085109371,0.0150714685065037,1.0027926808676448,0.9847889643637872,1.0200794201727588,2000,0.0027102551523621,0.0079699007673828,0.0013957074521652,0.0048189026069085,0.001043210071158
diverse,voting,"LogisticRegression,XGBoost,MLP",raw,models/final_h10_CV17_THY_CONT_diverse.joblib,raw_threshold,16,0.3799999999999999,saved voting threshold (also applied to raw),10,CV17_THY_CONT,complete thyroid block,block,thyroid,3,0.7338105976453805,0.71930116780486,0.0145094298405205,0.8495562688821753,0.8511769889224572,-0.0016207200402819,0.7827598718545535,0.7820831780750775,0.0006766937794759,0.1563718015412622,0.1569806355023031,0.0006088339610409,0.0036548250364985,0.0273649752600283,1.0201715644155005,1.0050589321567116,1.0384358611732944,2000,0.0054410108362629,0.0048935890973601,0.0013957074521652,0.0048189026069085,0.001043210071158
diverse,voting,"LogisticRegression,XGBoost,MLP",sigmoid,models/final_h10_CV17_THY_CONT_diverse.joblib,sigmoid,17,0.3799999999999999,saved voting threshold (also applied to raw),10,CV17_THY_CONT,complete thyroid block,block,thyroid,3,0.7477182934672751,0.74756864608076,0.0001496473865151,0.8495562688821753,0.8511769889224572,-0.0016207200402819,0.7827598718545535,0.7820831780750775,0.0006766937794759,0.1511242796179478,0.15129100364824,0.0001667240302921,-0.0133739491562598,0.0139500364946088,1.0002001787893322,0.9820522043576192,1.0188392347177322,2000,-0.004319445569931,0.0043263092052494,0.0013957074521652,0.0048189026069085,0.0015040461222386
paper,voting,"LogisticRegression,RandomForest,AdaBoost",raw,models/predictive_sensitivity/h10_CV17_THY_CONT_paper.joblib,raw_fixed,18,0.5,fixed 0.5,10,CV17_THY_CONT,complete thyroid block,block,thyroid,3,0.7548165623204186,0.7594945368171022,-0.0046779744966836,0.8580375125881168,0.858965886203424,-0.0009283736153071,0.7934856954408889,0.7930138220188572,0.0004718734220316,0.1649916709584005,0.1637034229899907,-0.0012882479684097,-0.0200685287797328,0.0109976980938279,0.9938406739352096,0.9737688938056308,1.0148696500926142,2000,-0.0028064596807794,0.0049030310115061,0.0021730236656596,0.0056376936354976,0.0014515433917764
paper,voting,"LogisticRegression,RandomForest,AdaBoost",raw,models/predictive_sensitivity/h10_CV17_THY_CONT_paper.joblib,raw_threshold,18,0.3799999999999999,saved voting threshold (also applied to raw),10,CV17_THY_CONT,complete thyroid block,block,thyroid,3,0.7125362764928327,0.7181213221140625,-0.0055850456212298,0.8580375125881168,0.858965886203424,-0.0009283736153071,0.7934856954408889,0.7930138220188572,0.0004718734220316,0.1649916709584005,0.1637034229899907,-0.0012882479684097,-0.0175214104267437,0.005948381908819,0.9922226990771028,0.9749823676663928,1.0084625631513842,2000,0.0069661561408951,0.0032784191123897,0.0021730236656596,0.0056376936354976,0.0014515433917764
paper,voting,"LogisticRegression,RandomForest,AdaBoost",sigmoid,models/predictive_sensitivity/h10_CV17_THY_CONT_paper.joblib,sigmoid,19,0.3799999999999999,saved voting threshold (also applied to raw),10,CV17_THY_CONT,complete thyroid block,block,thyroid,3,0.7561588208753196,0.7591135608577468,-0.0029547399824272,0.8580375125881168,0.858965886203424,-0.0009283736153071,0.7934856954408889,0.7930138220188572,0.0004718734220316,0.1476512653772961,0.1472585117382102,-0.0003927536390859,-0.0165592512980508,0.0109243929392255,0.9961076443172896,0.9782968926652278,1.014656560400017,2000,0.0006774295622287,0.0054681580521811,0.0021730236656596,0.0056376936354976,0.0010024588721944
paper_locked,voting,"LogisticRegression,RandomForest,AdaBoost",raw,models/final_h10_CV17_THY_CONT_paper_locked.joblib,raw_fixed,20,0.5,fixed 0.5,10,CV17_THY_CONT,complete thyroid block,block,thyroid,3,0.7497493620123952,0.7619353629474924,-0.0121860009350972,0.8556457703927492,0.857345166163142,-0.0016993957703927,0.7894821209749883,0.7879175337581102,0.001564587216878,0.1709009068817357,0.1700367590155981,-0.0008641478661375,-0.0287968375328046,0.0027346122561181,0.984006516132869,0.9627115998972108,1.0037289666627045,2000,-0.0082801870524728,0.0066955745918968,0.0007757426988922,0.0057907629873707,0.0013174407739985
paper_locked,voting,"LogisticRegression,RandomForest,AdaBoost",raw,models/final_h10_CV17_THY_CONT_paper_locked.joblib,raw_threshold,20,0.3799999999999999,saved voting threshold (also applied to raw),10,CV17_THY_CONT,complete thyroid block,block,thyroid,3,0.6920885670926811,0.7014053579270971,-0.009316790834416,0.8556457703927492,0.857345166163142,-0.0016993957703927,0.7894821209749883,0.7879175337581102,0.001564587216878,0.1709009068817357,0.1700367590155981,-0.0008641478661375,-0.0236862122613916,0.0039215042339464,0.9867169665456356,0.9665691360428192,1.0056855839898633,2000,0.0013126284014971,0.003714050155647,0.0007757426988922,0.0057907629873707,0.0013174407739985
paper_locked,voting,"LogisticRegression,RandomForest,AdaBoost",sigmoid,models/final_h10_CV17_THY_CONT_paper_locked.joblib,sigmoid,21,0.3799999999999999,saved voting threshold (also applied to raw),10,CV17_THY_CONT,complete thyroid block,block,thyroid,3,0.7476173241645554,0.7487032419896108,-0.0010859178250554,0.8556457703927492,0.857345166163142,-0.0016993957703927,0.7894821209749883,0.7879175337581102,0.001564587216878,0.148551448940152,0.147916961482579,-0.0006344874575729,-0.0129867640433204,0.0100356487561542,0.998549601812636,0.9828217252215468,1.01344116687418,2000,-0.0029634327337087,0.0068314660108574,0.0007757426988922,0.0057907629873707,0.0007356830363872
own,stacking,"LogisticRegression,SVC,KNeighbors,GradientBoosting,XGBoost",raw,models/stacking_sensitivity/h10_CV17_THY_CONT_own.joblib,raw_fixed,22,0.5,fixed 0.5,10,CV17_THY_CONT,complete thyroid block,block,thyroid,3,0.7719784497524214,0.7805594405594405,-0.0085809908070191,0.8508780211480362,0.8524672708962739,-0.0015892497482377,0.7862526638853771,0.785900504193756,0.000352159691621,0.1517861871096783,0.1520036218111673,0.0002174347014889,-0.0210552104689851,0.0018456384179978,0.9890066145367878,0.9732180215913084,1.002391899192176,2000,-0.0024852978403014,0.0043398436989708,2.67497482376422e-05,0.0031395509901132,0.0006821454772277
own,stacking,"LogisticRegression,SVC,KNeighbors,GradientBoosting,XGBoost",raw,models/stacking_sensitivity/h10_CV17_THY_CONT_own.joblib,raw_threshold,22,0.4999999999999999,saved stacking threshold,10,CV17_THY_CONT,complete thyroid block,block,thyroid,3,0.7719784497524214,0.7805594405594405,-0.0085809908070191,0.8508780211480362,0.8524672708962739,-0.0015892497482377,0.7862526638853771,0.785900504193756,0.000352159691621,0.1517861871096783,0.1520036218111673,0.0002174347014889,-0.0210552104689851,0.0018456384179978,0.9890066145367878,0.9732180215913084,1.002391899192176,2000,-0.0024852978403014,0.0043398436989708,2.67497482376422e-05,0.0031395509901132,0.0006821454772277
own,stacking,"LogisticRegression,SVC,KNeighbors,GradientBoosting,XGBoost",sigmoid,models/stacking_sensitivity/h10_CV17_THY_CONT_own.joblib,sigmoid,23,0.4899999999999999,saved stacking threshold,10,CV17_THY_CONT,complete thyroid block,block,thyroid,3,0.7719784497524214,0.7783079585447898,-0.0063295087923684,0.8508780211480362,0.8524672708962739,-0.0015892497482377,0.7862526638853771,0.785900504193756,0.000352159691621,0.1506113985565886,0.1507465127265562,0.0001351141699676,-0.019202863140025,0.0049036687088466,0.9918676036614056,0.975351911603571,1.0064055639474483,2000,-0.0020318620948445,0.0043887987804858,2.67497482376422e-05,0.0031395509901132,0.0006450272970508
own,stacking,"LogisticRegression,SVC,KNeighbors,GradientBoosting,XGBoost",isotonic,models/stacking_sensitivity/h10_CV17_THY_CONT_own.joblib,isotonic,24,0.5099999999999999,saved stacking threshold,10,CV17_THY_CONT,complete thyroid block,block,thyroid,3,0.7701258443601369,0.7745689655172414,-0.0044431211571045,0.8484390735146022,0.8493595795568983,-0.000920506042296,0.7621116687884865,0.7556499830823582,0.0064616857061282,0.1510420625843957,0.1517909374827452,0.0007488748983494,-0.015631911046231,0.0054459634503035,0.9942637500921075,0.9799749742738084,1.0072123270221576,2000,0.001167761461421,0.0042592080169282,-0.0010361593655588,0.005831957088233,0.0004997789860894
same_baseline,stacking,"KNeighbors,AdaBoost,MLP,GradientBoosting",raw,models/stacking_sensitivity/h10_CV17_THY_CONT_same_baseline.joblib,raw_fixed,25,0.5,fixed 0.5,10,CV17_THY_CONT,complete thyroid block,block,thyroid,3,0.7658084119622581,0.7773134422506781,-0.0115050302884199,0.8595480866062437,0.8590917673716012,0.0004563192346425,0.798462772801225,0.7957935966434748,0.0026691761577501,0.1457455719968426,0.1465641397508472,0.0008185677540045,-0.0276358113383313,0.002753701372649,0.9851989819510806,0.9648061656416352,1.0035191821553338,2000,-0.0032072478122699,0.0078748710233656,0.0015499118831822,0.0044569910511372,0.0011635443193839
same_baseline,stacking,"KNeighbors,AdaBoost,MLP,GradientBoosting",raw,models/stacking_sensitivity/h10_CV17_THY_CONT_same_baseline.joblib,raw_threshold,25,0.4599999999999999,saved stacking threshold,10,CV17_THY_CONT,complete thyroid block,block,thyroid,3,0.7659679698539802,0.7661047269050536,-0.0001367570510734,0.8595480866062437,0.8590917673716012,0.0004563192346425,0.798462772801225,0.7957935966434748,0.0026691761577501,0.1457455719968426,0.1465641397508472,0.0008185677540045,-0.0138047047477146,0.013653550897093,0.9998214903964556,0.9818774951031148,1.0178103584664548,2000,-0.0040980070772616,0.0034709598758352,0.0015499118831822,0.0044569910511372,0.0011635443193839
same_baseline,stacking,"KNeighbors,AdaBoost,MLP,GradientBoosting",sigmoid,models/stacking_sensitivity/h10_CV17_THY_CONT_same_baseline.joblib,sigmoid,26,0.5199999999999999,saved stacking threshold,10,CV17_THY_CONT,complete thyroid block,block,thyroid,3,0.765230216750032,0.7773134422506781,-0.0120832255006461,0.8595480866062437,0.8590917673716012,0.0004563192346425,0.798462772801225,0.7957935966434748,0.0026691761577501,0.1471204783685137,0.1481347359565133,0.0010142575879996,-0.0290095479571184,0.0031070967995114,0.984455144033455,0.9633382304153472,1.00399924830591,2000,-0.0027431530017066,0.0085700786403833,0.0015499118831822,0.0044569910511372,0.0011769033745633
same_baseline,stacking,"KNeighbors,AdaBoost,MLP,GradientBoosting",isotonic,models/stacking_sensitivity/h10_CV17_THY_CONT_same_baseline.joblib,isotonic,27,0.5199999999999999,saved stacking threshold,10,CV17_THY_CONT,complete thyroid block,block,thyroid,3,0.7731001123126264,0.7778071694241375,-0.004707057111511,0.8567000251762337,0.8580847180261832,-0.0013846928499495,0.7778620219720368,0.776203888092342,0.0016581338796948,0.1480307253567357,0.1489107147331105,0.0008799893763747,-0.0213932257876084,0.0120456658695105,0.9939482981173908,0.9727141636842198,1.0153923307430133,2000,0.0122655179388748,0.0091148044670414,0.0009323074018127,0.005259502950855,0.0010165375142272
locked_baseline,stacking,"KNeighbors,AdaBoost,MLP,GradientBoosting",raw,models/stacking_sensitivity/h10_CV17_THY_CONT_locked_baseline.joblib,raw_fixed,28,0.5,fixed 0.5,10,CV17_THY_CONT,complete thyroid block,block,thyroid,3,0.7755002382555753,0.7677702025659665,0.0077300356896088,0.8588085347432024,0.8568101711983888,0.0019983635448136,0.7928575609749798,0.7892032371724195,0.0036543238025603,0.1465375860424942,0.1474008495618253,0.0008632635193311,-0.0064857429394194,0.0229336563074279,1.0100681631870765,0.9916378251978512,1.0300527125320764,2000,0.0054161002364452,0.0057141098771899,0.0020565835850956,0.0043021958992556,0.0009998849994502
locked_baseline,stacking,"KNeighbors,AdaBoost,MLP,GradientBoosting",raw,models/stacking_sensitivity/h10_CV17_THY_CONT_locked_baseline.joblib,raw_threshold,28,0.4999999999999999,saved stacking threshold,10,CV17_THY_CONT,complete thyroid block,block,thyroid,3,0.7755002382555753,0.7677702025659665,0.0077300356896088,0.8588085347432024,0.8568101711983888,0.0019983635448136,0.7928575609749798,0.7892032371724195,0.0036543238025603,0.1465375860424942,0.1474008495618253,0.0008632635193311,-0.0064857429394194,0.0229336563074279,1.0100681631870765,0.9916378251978512,1.0300527125320764,2000,0.0054161002364452,0.0057141098771899,0.0020565835850956,0.0043021958992556,0.0009998849994502
locked_baseline,stacking,"KNeighbors,AdaBoost,MLP,GradientBoosting",sigmoid,models/stacking_sensitivity/h10_CV17_THY_CONT_locked_baseline.joblib,sigmoid,29,0.5199999999999999,saved stacking threshold,10,CV17_THY_CONT,complete thyroid block,block,thyroid,3,0.7768136557610241,0.7644144144144144,0.0123992413466097,0.8588085347432024,0.8568101711983888,0.0019983635448136,0.7928575609749798,0.7892032371724195,0.0036543238025603,0.1473690604819858,0.1482281983578954,0.0008591378759096,-0.0025114391582025,0.0272127928931417,1.016220575008529,0.9967820798135936,1.0356979775992428,2000,0.0061625181894409,0.008241805660078,0.0020565835850956,0.0043021958992556,0.0009996991259903
locked_baseline,stacking,"KNeighbors,AdaBoost,MLP,GradientBoosting",isotonic,models/stacking_sensitivity/h10_CV17_THY_CONT_locked_baseline.joblib,isotonic,30,0.3899999999999999,saved stacking threshold,10,CV17_THY_CONT,complete thyroid block,block,thyroid,3,0.7779397082955601,0.7727599558585474,0.0051797524370127,0.8572114174219537,0.8570776686807654,0.0001337487411883,0.7714614184975286,0.7739253215182297,-0.002463903020701,0.1464598289780401,0.1476334668715347,0.0011736378934946,-0.0087174112505268,0.0189444946457021,1.006702925530423,0.9886931220802412,1.0250423438736365,2000,0.007628784943277,0.0040184406919562,0.0007403386203424,-0.0002231547321771,0.0014947103586506
paper,stacking,"LogisticRegression,RandomForest,AdaBoost",raw,models/stacking_sensitivity/h10_CV17_THY_CONT_paper.joblib,raw_fixed,31,0.5,fixed 0.5,10,CV17_THY_CONT,complete thyroid block,block,thyroid,3,0.7561482535166746,0.7736892623363545,-0.0175410088196799,0.8585410372608258,0.8592019133937563,-0.0006608761329305,0.7957854395145127,0.7941306374118349,0.0016548021026778,0.1465031908759224,0.146083858308381,-0.0004193325675413,-0.035814099344637,-0.0004031278746461,0.977328095821428,0.9536160300596106,0.9994897229652316,2000,-0.0115608741465852,0.0035980325336867,0.0016931017119838,0.0056733692067933,0.0008362016084359
paper,stacking,"LogisticRegression,RandomForest,AdaBoost",raw,models/stacking_sensitivity/h10_CV17_THY_CONT_paper.joblib,raw_threshold,31,0.3799999999999999,saved stacking threshold,10,CV17_THY_CONT,complete thyroid block,block,thyroid,3,0.7540305133848788,0.7597738019939159,-0.005743288609037,0.8585410372608258,0.8592019133937563,-0.0006608761329305,0.7957854395145127,0.7941306374118349,0.0016548021026778,0.1465031908759224,0.146083858308381,-0.0004193325675413,-0.0179016518998847,0.0061696385464057,0.9924407914645588,0.9768499948892104,1.0080840242544566,2000,-0.001044047915191,0.0032805354993973,0.0016931017119838,0.0056733692067933,0.0008362016084359
paper,stacking,"LogisticRegression,RandomForest,AdaBoost",sigmoid,models/stacking_sensitivity/h10_CV17_THY_CONT_paper.joblib,sigmoid,32,0.3799999999999999,saved stacking threshold,10,CV17_THY_CONT,complete thyroid block,block,thyroid,3,0.7537006129699467,0.7615821933549085,-0.0078815803849617,0.8585410372608258,0.8592019133937563,-0.0006608761329305,0.7957854395145127,0.7941306374118349,0.0016548021026778,0.1479656519363867,0.1475445299098723,-0.0004211220265144,-0.0214681318988057,0.0057324620713738,0.9896510442947176,0.9718753307966111,1.0075932604074238,2000,-0.0035410673644747,0.0036590809905795,0.0016931017119838,0.0056733692067933,0.0006631469289022
paper,stacking,"LogisticRegression,RandomForest,AdaBoost",isotonic,models/stacking_sensitivity/h10_CV17_THY_CONT_paper.joblib,isotonic,33,0.3399999999999999,saved stacking threshold,10,CV17_THY_CONT,complete thyroid block,block,thyroid,3,0.753744394618834,0.7456301816766933,0.0081142129421407,0.8564167925478349,0.8583443479355488,-0.0019275553877139,0.7729225015746121,0.7736060226321576,-0.0006835210575455,0.1499450604259741,0.1488356935325374,-0.0011093668934366,-0.0052502552561427,0.0219573907146625,1.010882355813299,0.993045573959296,1.0296990174699538,2000,0.0069554196642226,0.0082690739708819,0.0010377328801611,0.0072756529544496,0.0001595504381895
same_members_reselected_C,stacking,"KNeighbors,AdaBoost,MLP,GradientBoosting",raw,cache/classification_explainability/prepared_h10_CV17_THY_CONT.joblib,raw_fixed,34,0.5,fixed 0.5,10,CV17_THY_CONT,complete thyroid block,block,thyroid,3,0.7658084119622581,0.7773134422506781,-0.0115050302884199,0.8595480866062437,0.8590917673716012,0.0004563192346425,0.798462772801225,0.7957935966434748,0.0026691761577501,0.1457455719968426,0.1465641397508472,0.0008185677540046,-0.0276358113383313,0.002753701372649,0.9851989819510806,0.9648061656416352,1.0035191821553338,2000,-0.0032072478122699,0.0078748710233656,0.0015499118831822,0.0044569910511372,0.0011635443193839
same_members_reselected_C,stacking,"KNeighbors,AdaBoost,MLP,GradientBoosting",raw,cache/classification_explainability/prepared_h10_CV17_THY_CONT.joblib,raw_threshold,34,0.4599999999999999,saved reselected-C validation threshold,10,CV17_THY_CONT,complete thyroid block,block,thyroid,3,0.7659679698539802,0.7661047269050536,-0.0001367570510734,0.8595480866062437,0.8590917673716012,0.0004563192346425,0.798462772801225,0.7957935966434748,0.0026691761577501,0.1457455719968426,0.1465641397508472,0.0008185677540046,-0.0138047047477146,0.013653550897093,0.9998214903964556,0.9818774951031148,1.0178103584664548,2000,-0.0040980070772616,0.0034709598758352,0.0015499118831822,0.0044569910511372,0.0011635443193839
same_members_reselected_C,stacking,"KNeighbors,AdaBoost,MLP,GradientBoosting",sigmoid,cache/classification_explainability/prepared_h10_CV17_THY_CONT.joblib,sigmoid,35,0.5199999999999999,saved reselected-C validation threshold,10,CV17_THY_CONT,complete thyroid block,block,thyroid,3,0.765230216750032,0.7773134422506781,-0.0120832255006461,0.8595480866062437,0.8590917673716012,0.0004563192346425,0.798462772801225,0.7957935966434748,0.0026691761577501,0.1471204783685137,0.1481347359565133,0.0010142575879996,-0.0290095479571184,0.0031070967995114,0.984455144033455,0.9633382304153472,1.00399924830591,2000,-0.0027431530017066,0.0085700786403833,0.0015499118831822,0.0044569910511372,0.0011769033745633
same_members_reselected_C,stacking,"KNeighbors,AdaBoost,MLP,GradientBoosting",isotonic,cache/classification_explainability/prepared_h10_CV17_THY_CONT.joblib,isotonic,36,0.5199999999999999,saved reselected-C validation threshold,10,CV17_THY_CONT,complete thyroid block,block,thyroid,3,0.7731001123126264,0.7778071694241375,-0.004707057111511,0.8567000251762337,0.8580847180261832,-0.0013846928499495,0.7778620219720368,0.776203888092342,0.0016581338796948,0.1480307253567357,0.1489107147331105,0.0008799893763747,-0.0213932257876084,0.0120456658695105,0.9939482981173908,0.9727141636842198,1.0153923307430133,2000,0.0122655179388748,0.0091148044670414,0.0009323074018127,0.005259502950855,0.0010165375142272
LogisticRegression,individual,LogisticRegression,raw,Cached fitted individual; sigmoid fitted to cached training OOF,raw_fixed,0,0.5,fixed 0.5,10,CV17_THY_CONT_RATIO,complete thyroid block,block,thyroid,4,0.7440212644197464,0.7436738448546266,0.0003474195651197,0.8489111278952669,0.8505003776435045,-0.0015892497482375,0.7831902733209893,0.7827313774666583,0.000458895854331,0.1639181055811721,0.1637917070752294,-0.0001263985059427,-0.0071791225392537,0.0079388196711336,1.0004671665778264,0.9904556527202948,1.0106445011227585,2000,-0.0017652053856606,0.0046170506739335,-0.0004877895266867,0.0025191594043346,2.3851156466489497e-05
LogisticRegression,individual,LogisticRegression,raw,Cached fitted individual; sigmoid fitted to cached training OOF,raw_threshold,0,0.5599999999999999,own validation,10,CV17_THY_CONT_RATIO,complete thyroid block,block,thyroid,4,0.7624923029556651,0.7624923029556651,0.0,0.8489111278952669,0.8505003776435045,-0.0015892497482375,0.7831902733209893,0.7827313774666583,0.000458895854331,0.1639181055811721,0.1637917070752294,-0.0001263985059427,-0.0072279110280819,0.0072132323176069,1.0,0.9905947266324282,1.0094689268166606,2000,0.0009555756642914,0.0019553866473658,-0.0004877895266867,0.0025191594043346,2.3851156466489497e-05
LogisticRegression,individual,LogisticRegression,sigmoid,Cached fitted individual; sigmoid fitted to cached training OOF,sigmoid,1,0.4599999999999999,own validation,10,CV17_THY_CONT_RATIO,complete thyroid block,block,thyroid,4,0.7624923029556651,0.7642919050095337,-0.0017996020538686,0.8489111278952669,0.8505003776435045,-0.0015892497482375,0.7831902733209893,0.7827313774666583,0.000458895854331,0.1518596305191487,0.151390289759141,-0.0004693407600076,-0.0088830291986483,0.0036332476742809,0.9976453995625584,0.9885130334898728,1.004801922648551,2000,-0.0006223445193677,0.0023605377779915,-0.0004877895266867,0.0025191594043346,0.0002455923113507
SVC,individual,SVC,raw,Cached fitted individual; sigmoid fitted to cached training OOF,raw_fixed,2,0.5,fixed 0.5,10,CV17_THY_CONT_RATIO,complete thyroid block,block,thyroid,4,0.7569863923000332,0.7620780638704394,-0.0050916715704062,0.8368108006042296,0.840602970795569,-0.0037921701913393,0.7674123650215718,0.772604453199965,-0.0051920881783931,0.1601956390965817,0.1570195095214457,-0.0031761295751359,-0.0201953239917417,0.0100007899901833,0.993318700784344,0.9736716343632906,1.0131672660648383,2000,-1.7306332749000842e-05,0.0071669956639645,-0.0013823325780462,7.027889318010905e-05,-0.0013098603268448
SVC,individual,SVC,raw,Cached fitted individual; sigmoid fitted to cached training OOF,raw_threshold,2,0.4899999999999999,own validation,10,CV17_THY_CONT_RATIO,complete thyroid block,block,thyroid,4,0.7551956562441491,0.7626151994158625,-0.0074195431717134,0.8368108006042296,0.840602970795569,-0.0037921701913393,0.7674123650215718,0.772604453199965,-0.0051920881783931,0.1601956390965817,0.1570195095214457,-0.0031761295751359,-0.0222070089200613,0.0065456484649553,0.9902709214589526,0.9710601678086732,1.0086428304822428,2000,-0.001825096066446,0.0073612976105051,-0.0013823325780462,7.027889318010905e-05,-0.0013098603268448
SVC,individual,SVC,sigmoid,Cached fitted individual; sigmoid fitted to cached training OOF,sigmoid,3,0.4499999999999999,own validation,10,CV17_THY_CONT_RATIO,complete thyroid block,block,thyroid,4,0.7551956562441491,0.7626151994158625,-0.0074195431717134,0.8368108006042296,0.840602970795569,-0.0037921701913393,0.7674123650215718,0.772604453199965,-0.0051920881783931,0.1575767245441686,0.1550376291071603,-0.0025390954370082,-0.0222070089200613,0.0065456484649553,0.9902709214589526,0.9710601678086732,1.0086428304822428,2000,-0.0020372160018609,0.0067992228426325,-0.0013823325780462,7.027889318010905e-05,-0.0009925108768653
KNeighbors,individual,KNeighbors,raw,Cached fitted individual; sigmoid fitted to cached training OOF,raw_fixed,4,0.5,fixed 0.5,10,CV17_THY_CONT_RATIO,complete thyroid block,block,thyroid,4,0.7274993587277158,0.7354050727206817,-0.0079057139929659,0.818495090634441,0.813916163141994,0.004578927492447,0.7379700468498696,0.733682345278829,0.0042877015710405,0.1650605616389014,0.1663934799066566,0.0013329182677552,-0.0295265361407449,0.0117613239566586,0.9892498511552033,0.9603720643450204,1.016376426432955,2000,-0.008445042161715,0.008779773083446,0.0037072004028196,0.001998024327243,0.0013562372287138
KNeighbors,individual,KNeighbors,raw,Cached fitted individual; sigmoid fitted to cached training OOF,raw_threshold,4,0.4599999999999999,own validation,10,CV17_THY_CONT_RATIO,complete thyroid block,block,thyroid,4,0.7283965561000372,0.7270196601519456,0.0013768959480915,0.818495090634441,0.813916163141994,0.004578927492447,0.7379700468498696,0.733682345278829,0.0042877015710405,0.1650605616389014,0.1663934799066566,0.0013329182677552,-0.0223033422170149,0.0220096674664132,1.001893890940726,0.969906240555682,1.0308698277409296,2000,0.0026019622957013,0.0095720952701097,0.0037072004028196,0.001998024327243,0.0013562372287138
KNeighbors,individual,KNeighbors,sigmoid,Cached fitted individual; sigmoid fitted to cached training OOF,sigmoid,5,0.4199999999999999,own validation,10,CV17_THY_CONT_RATIO,complete thyroid block,block,thyroid,4,0.7248752089592368,0.7270196601519456,-0.0021444511927087,0.818495090634441,0.813916163141994,0.004578927492447,0.7379700468498696,0.733682345278829,0.0042877015710405,0.1640997097428646,0.1659596267224976,0.001859916979633,-0.0262351479877195,0.0181785815553571,0.997050353229429,0.9646664046732268,1.0255496699383515,2000,-0.0017513734751259,0.0092341013099852,0.0037072004028196,0.001998024327243,0.0009984643280466
RandomForest,individual,RandomForest,raw,Cached fitted individual; sigmoid fitted to cached training OOF,raw_fixed,6,0.5,fixed 0.5,10,CV17_THY_CONT_RATIO,complete thyroid block,block,thyroid,4,0.7637361795963371,0.7656592812335836,-0.0019231016372465,0.8538362286002014,0.8543869587109768,-0.0005507301107754,0.7868173440670648,0.7784712286441421,0.0083461154229227,0.1554640793539203,0.1533681881573411,-0.0020958911965791,-0.0243580115116316,0.019373348541845,0.9974883062422384,0.9686857577231288,1.0259918238076624,2000,0.0140050923957653,0.0099790570271607,0.0068101711983886,0.0227947060987204,0.0047020235091043
RandomForest,individual,RandomForest,raw,Cached fitted individual; sigmoid fitted to cached training OOF,raw_threshold,6,0.5199999999999999,own validation,10,CV17_THY_CONT_RATIO,complete thyroid block,block,thyroid,4,0.7475475693687521,0.753650494583137,-0.0061029252143849,0.8538362286002014,0.8543869587109768,-0.0005507301107754,0.7868173440670648,0.7784712286441421,0.0083461154229227,0.1554640793539203,0.1533681881573411,-0.0020958911965791,-0.0283079696534755,0.0158162402403819,0.991902181106163,0.9627047368648768,1.021187357745867,2000,-0.0090753375631966,0.0083089551094968,0.0068101711983886,0.0227947060987204,0.0047020235091043
RandomForest,individual,RandomForest,sigmoid,Cached fitted individual; sigmoid fitted to cached training OOF,sigmoid,7,0.4399999999999999,own validation,10,CV17_THY_CONT_RATIO,complete thyroid block,block,thyroid,4,0.7530727554179566,0.7518634843334,0.0012092710845565,0.8538362286002014,0.8543869587109768,-0.0005507301107754,0.7868173440670648,0.7784712286441421,0.0083461154229227,0.1487014756878527,0.1487742407496329,7.276506178025e-05,-0.0208609311157065,0.0224497068143425,1.001608365228202,0.9728570000061356,1.0306078607579563,2000,-0.0026157972568251,0.0080803442442926,0.0068101711983886,0.0227947060987204,0.0039139031871435
AdaBoost,individual,AdaBoost,raw,Cached fitted individual; sigmoid fitted to cached training OOF,raw_fixed,8,0.5,fixed 0.5,10,CV17_THY_CONT_RATIO,complete thyroid block,block,thyroid,4,0.737577575311716,0.7445665445665446,-0.0069889692548286,0.8538755664652568,0.8526875629405841,0.0011880035246726,0.7928113843895117,0.7895301965272948,0.0032811878622168,0.1957489776365941,0.1955499755263909,-0.0001990021102031,-0.0223464147023521,0.0077672661995154,0.990613371892908,0.9704605810896056,1.010373527089891,2000,-0.0026441481037417,0.0071060335953093,0.0013626636455185,0.0044595320508116,0.0014736002164394
AdaBoost,individual,AdaBoost,raw,Cached fitted individual; sigmoid fitted to cached training OOF,raw_threshold,8,0.4899999999999999,own validation,10,CV17_THY_CONT_RATIO,complete thyroid block,block,thyroid,4,0.7263826606875934,0.7225464190981432,0.0038362415894501,0.8538755664652568,0.8526875629405841,0.0011880035246726,0.7928113843895117,0.7895301965272948,0.0032811878622168,0.1957489776365941,0.1955499755263909,-0.0001990021102031,-0.0086353870579127,0.0167478871645489,1.0053093358268088,0.9879774849453616,1.023371585796472,2000,-0.0020924170565201,0.0092433362186012,0.0013626636455185,0.0044595320508116,0.0014736002164394
AdaBoost,individual,AdaBoost,sigmoid,Cached fitted individual; sigmoid fitted to cached training OOF,sigmoid,9,0.4899999999999999,own validation,10,CV17_THY_CONT_RATIO,complete thyroid block,block,thyroid,4,0.7638770078889839,0.7610378991919968,0.0028391086969871,0.8538755664652568,0.8526875629405841,0.0011880035246726,0.7928113843895117,0.7895301965272948,0.0032811878622168,0.147991785988072,0.1482205859260752,0.0002287999380032,-0.0096824041462858,0.0161302045037228,1.0037305746533798,0.9875760701025904,1.0213195936425292,2000,0.0037129073618128,0.0026888951152913,0.0013626636455185,0.0044595320508116,0.0010036417392603
MLP,individual,MLP,raw,Cached fitted individual; sigmoid fitted to cached training OOF,raw_fixed,10,0.5,fixed 0.5,10,CV17_THY_CONT_RATIO,complete thyroid block,block,thyroid,4,0.7543583367868489,0.7597630095605867,-0.0054046727737377,0.8491471550855992,0.8510353726082578,-0.0018882175226585,0.7782840152385918,0.7770291656732707,0.001254849565321,0.1520034805933786,0.1516249832311558,-0.0003784973622228,-0.0244547842444397,0.013935779643312,0.9928863702158076,0.9672818759376764,1.018809490253885,2000,-0.0017120830258774,0.0080183093696411,0.0061886329305136,0.0104591473965372,0.0027755825419913
MLP,individual,MLP,raw,Cached fitted individual; sigmoid fitted to cached training OOF,raw_threshold,10,0.4199999999999999,own validation,10,CV17_THY_CONT_RATIO,complete thyroid block,block,thyroid,4,0.7659364492845093,0.761666059059424,0.0042703902250853,0.8491471550855992,0.8510353726082578,-0.0018882175226585,0.7782840152385918,0.7770291656732707,0.001254849565321,0.1520034805933786,0.1516249832311558,-0.0003784973622228,-0.0100596986114705,0.0184036466989016,1.0056066437177975,0.9867444557323728,1.024401220676341,2000,0.0149897682884723,0.0073216056800868,0.0061886329305136,0.0104591473965372,0.0027755825419913
MLP,individual,MLP,sigmoid,Cached fitted individual; sigmoid fitted to cached training OOF,sigmoid,11,0.3399999999999999,own validation,10,CV17_THY_CONT_RATIO,complete thyroid block,block,thyroid,4,0.7428895235164539,0.7363054755689011,0.0065840479475527,0.8491471550855992,0.8510353726082578,-0.0018882175226585,0.7782840152385918,0.7770291656732707,0.001254849565321,0.1511800537207832,0.1508463893034618,-0.0003336644173213,-0.0066871767186244,0.0195220402871567,1.00894200595543,0.990835807578478,1.0267088970287548,2000,-0.000499331907851,0.006035883337875,0.0061886329305136,0.0104591473965372,0.0027522181024549
GradientBoosting,individual,GradientBoosting,raw,Cached fitted individual; sigmoid fitted to cached training OOF,raw_fixed,12,0.5,fixed 0.5,10,CV17_THY_CONT_RATIO,complete thyroid block,block,thyroid,4,0.7580272045896178,0.7684903882896414,-0.0104631837000236,0.8393126888217523,0.8456539526686808,-0.0063412638469285,0.7868109332527372,0.7836268541109912,0.003184079141746,0.1643464524850615,0.1659335163301941,0.0015870638451326,-0.0388929439411071,0.0169813342350704,0.9863847565832145,0.9498499331701148,1.022818601570794,2000,0.0154938288789528,0.0130868475892155,0.0087833585095669,0.0317640261023699,0.0053846104560758
GradientBoosting,individual,GradientBoosting,raw,Cached fitted individual; sigmoid fitted to cached training OOF,raw_threshold,12,0.58,own validation,10,CV17_THY_CONT_RATIO,complete thyroid block,block,thyroid,4,0.7723706343884909,0.7795936515300895,-0.0072230171415986,0.8393126888217523,0.8456539526686808,-0.0063412638469285,0.7868109332527372,0.7836268541109912,0.003184079141746,0.1643464524850615,0.1659335163301941,0.0015870638451326,-0.0346397491783107,0.0203586534517886,0.9907348948680864,0.9560269160878824,1.0269643662347887,2000,0.0236815607841452,0.0093285526092384,0.0087833585095669,0.0317640261023699,0.0053846104560758
GradientBoosting,individual,GradientBoosting,sigmoid,Cached fitted individual; sigmoid fitted to cached training OOF,sigmoid,13,0.4699999999999999,own validation,10,CV17_THY_CONT_RATIO,complete thyroid block,block,thyroid,4,0.771880464467454,0.7814086687306501,-0.0095282042631961,0.8393126888217523,0.8456539526686808,-0.0063412638469285,0.7868109332527372,0.7836268541109912,0.003184079141746,0.1524870428722207,0.152934400850097,0.0004473579778762,-0.0364582494214109,0.0170018335008031,0.987806375019266,0.9545765141207904,1.0222154363271136,2000,0.0242312916885399,0.0088590839305517,0.0087833585095669,0.0317640261023699,0.0058656254407835
XGBoost,individual,XGBoost,raw,Cached fitted individual; sigmoid fitted to cached training OOF,raw_fixed,14,0.5,fixed 0.5,10,CV17_THY_CONT_RATIO,complete thyroid block,block,thyroid,4,0.7637361795963371,0.7601357549073564,0.0036004246889806,0.8465193856998993,0.8488953927492447,-0.0023760070493454,0.7809209360632617,0.7818464396806178,-0.0009255036173561,0.1616009869857186,0.161268652808693,-0.0003323341770256,-0.0035648959169172,0.0108118709240572,1.0047365548400229,0.9953811368315034,1.0143510683031822,2000,0.0040819628492066,0.002235279539367,-0.0001148665659617,0.0020933114160813,2.3010608093346207e-05
XGBoost,individual,XGBoost,raw,Cached fitted individual; sigmoid fitted to cached training OOF,raw_threshold,14,0.5099999999999999,own validation,10,CV17_THY_CONT_RATIO,complete thyroid block,block,thyroid,4,0.7669340463458111,0.7651314804650466,0.0018025658807644,0.8465193856998993,0.8488953927492447,-0.0023760070493454,0.7809209360632617,0.7818464396806178,-0.0009255036173561,0.1616009869857186,0.161268652808693,-0.0003323341770256,-0.0036257448083102,0.007306685530664,1.0023558903623582,0.995262532822755,1.009667160501047,2000,0.0028568342900997,0.0028533054217655,-0.0001148665659617,0.0020933114160813,2.3010608093346207e-05
XGBoost,individual,XGBoost,sigmoid,Cached fitted individual; sigmoid fitted to cached training OOF,sigmoid,15,0.4499999999999999,own validation,10,CV17_THY_CONT_RATIO,complete thyroid block,block,thyroid,4,0.7665178571428571,0.7687380081746279,-0.0022201510317707,0.8465193856998993,0.8488953927492447,-0.0023760070493454,0.7809209360632617,0.7818464396806178,-0.0009255036173561,0.1517099896185258,0.151308022848118,-0.0004019667704078,-0.0091825179941798,0.0036375613017965,0.99711195360687,0.9879982375047266,1.0047425409029096,2000,0.0018342415421179,0.0034623642348701,-0.0001148665659617,0.0020933114160813,0.0004670159274565
diverse,voting,"LogisticRegression,XGBoost,MLP",raw,models/final_h10_CV17_THY_CONT_RATIO_diverse.joblib,raw_fixed,16,0.5,fixed 0.5,10,CV17_THY_CONT_RATIO,complete thyroid block,block,thyroid,4,0.7535145698028622,0.7539331902734585,-0.0004186204705962,0.8501856747230614,0.8523571248741189,-0.0021714501510574,0.7840536220742663,0.784510102764956,-0.0004564806906897,0.1546910982348119,0.1550378325486519,0.00034673431384,-0.0114475025820251,0.0111938095515256,0.9994447512379122,0.9848308745899598,1.0147127199687802,2000,-0.001573212782459,0.0058758775138414,0.000643567472306,0.0032127978114121,0.0008706800525741
diverse,voting,"LogisticRegression,XGBoost,MLP",raw,models/final_h10_CV17_THY_CONT_RATIO_diverse.joblib,raw_threshold,16,0.4199999999999999,saved voting threshold (also applied to raw),10,CV17_THY_CONT_RATIO,complete thyroid block,block,thyroid,4,0.7446902787791396,0.7381091180866965,0.006581160692443,0.8501856747230614,0.8523571248741189,-0.0021714501510574,0.7840536220742663,0.784510102764956,-0.0004564806906897,0.1546910982348119,0.1550378325486519,0.00034673431384,-0.0043513293141164,0.0179796737869705,1.0089162435894337,0.994236426144088,1.0248694494548425,2000,0.0065855044694044,0.0028208596434382,0.000643567472306,0.0032127978114121,0.0008706800525741
diverse,voting,"LogisticRegression,XGBoost,MLP",sigmoid,models/final_h10_CV17_THY_CONT_RATIO_diverse.joblib,sigmoid,17,0.4199999999999999,saved voting threshold (also applied to raw),10,CV17_THY_CONT_RATIO,complete thyroid block,block,thyroid,4,0.7587316474324515,0.7529485264986439,0.0057831209338076,0.8501856747230614,0.8523571248741189,-0.0021714501510574,0.7840536220742663,0.784510102764956,-0.0004564806906897,0.1504887608620986,0.150347258214598,-0.0001415026475005,-0.0039639446497663,0.0162196438735596,1.0076806325137526,0.9947226376786764,1.0217814944323398,2000,0.0051170402711469,0.0054524803519709,0.000643567472306,0.0032127978114121,0.0011732432084602
paper,voting,"LogisticRegression,RandomForest,AdaBoost",raw,models/predictive_sensitivity/h10_CV17_THY_CONT_RATIO_paper.joblib,raw_fixed,18,0.5,fixed 0.5,10,CV17_THY_CONT_RATIO,complete thyroid block,block,thyroid,4,0.7530157578779946,0.7612962117754449,-0.0082804538974503,0.8564797331319235,0.8561178247734139,0.0003619083585095,0.7920631113585269,0.7869010456103394,0.0051620657481875,0.1651067298658372,0.1641335399412277,-0.0009731899246094,-0.0216575336569988,0.0043245712609713,0.9891232167330254,0.9720135706280076,1.0057620553532087,2000,-0.0066583614431267,0.0068616413562874,0.0026230488418932,0.0091890953998606,0.0020463700927734
paper,voting,"LogisticRegression,RandomForest,AdaBoost",raw,models/predictive_sensitivity/h10_CV17_THY_CONT_RATIO_paper.joblib,raw_threshold,18,0.3699999999999999,saved voting threshold (also applied to raw),10,CV17_THY_CONT_RATIO,complete thyroid block,block,thyroid,4,0.690111481741573,0.7013266561237042,-0.0112151743821311,0.8564797331319235,0.8561178247734139,0.0003619083585095,0.7920631113585269,0.7869010456103394,0.0051620657481875,0.1651067298658372,0.1641335399412277,-0.0009731899246094,-0.0246774777116083,0.0018885066882431,0.9840086295249086,0.9645943232891436,1.0027281695930763,2000,-0.0036491012479608,0.0030990470053527,0.0026230488418932,0.0091890953998606,0.0020463700927734
paper,voting,"LogisticRegression,RandomForest,AdaBoost",sigmoid,models/predictive_sensitivity/h10_CV17_THY_CONT_RATIO_paper.joblib,sigmoid,19,0.3699999999999999,saved voting threshold (also applied to raw),10,CV17_THY_CONT_RATIO,complete thyroid block,block,thyroid,4,0.7543521472346534,0.7587711338958958,-0.0044189866612424,0.8564797331319235,0.8561178247734139,0.0003619083585095,0.7920631113585269,0.7869010456103394,0.0051620657481875,0.1482643414367686,0.1479930726048545,-0.0002712688319141,-0.018010860666071,0.0093974457669555,0.994176127077274,0.97668449165955,1.0124850633684932,2000,0.0006733919808376,0.0047621122412754,0.0026230488418932,0.0091890953998606,0.0014272361438291
top3_train_cv,voting,"RandomForest,LogisticRegression,SVC",raw,models/predictive_sensitivity/h10_CV17_THY_CONT_RATIO_top3_train_cv.joblib,raw_fixed,20,0.5,fixed 0.5,10,CV17_THY_CONT_RATIO,complete thyroid block,block,thyroid,4,0.7655382493246738,0.7705434113300493,-0.0050051620053754,0.8521210976837865,0.8522312437059416,-0.000110146022155,0.7860857324107461,0.7829332707150499,0.0031524616956961,0.1549257876199364,0.1538858628912991,-0.0010399247286372,-0.0181070087479196,0.0072882642311973,0.9935043737552228,0.9767577970472692,1.0097508418953822,2000,0.0026059550175525,0.0071561535484011,0.0015011329305136,0.0072033943027713,0.001084307653535
top3_train_cv,voting,"RandomForest,LogisticRegression,SVC",raw,models/predictive_sensitivity/h10_CV17_THY_CONT_RATIO_top3_train_cv.joblib,raw_threshold,20,0.4099999999999999,saved voting threshold (also applied to raw),10,CV17_THY_CONT_RATIO,complete thyroid block,block,thyroid,4,0.733271538069233,0.7378034180359762,-0.0045318799667432,0.8521210976837865,0.8522312437059416,-0.000110146022155,0.7860857324107461,0.7829332707150499,0.0031524616956961,0.1549257876199364,0.1538858628912991,-0.0010399247286372,-0.0174677110486774,0.0083177172734807,0.9938576050802164,0.9768982462958384,1.0112748694295166,2000,-0.0026581623588991,0.0031015589459501,0.0015011329305136,0.0072033943027713,0.001084307653535
top3_train_cv,voting,"RandomForest,LogisticRegression,SVC",sigmoid,models/predictive_sensitivity/h10_CV17_THY_CONT_RATIO_top3_train_cv.joblib,sigmoid,21,0.4099999999999999,saved voting threshold (also applied to raw),10,CV17_THY_CONT_RATIO,complete thyroid block,block,thyroid,4,0.7645222832722833,0.7757495941931334,-0.01122731092085,0.8521210976837865,0.8522312437059416,-0.000110146022155,0.7860857324107461,0.7829332707150499,0.0031524616956961,0.1498181455745423,0.1499320857086865,0.0001139401341442,-0.0212129545088326,-0.003629246880555,0.9855271456087222,0.972779792602224,0.9953249774039904,2000,0.0016720254555117,0.0070078866168341,0.0015011329305136,0.0072033943027713,0.0012500399517399
paper_locked,voting,"LogisticRegression,RandomForest,AdaBoost",raw,models/final_h10_CV17_THY_CONT_RATIO_paper_locked.joblib,raw_fixed,22,0.5,fixed 0.5,10,CV17_THY_CONT_RATIO,complete thyroid block,block,thyroid,4,0.7503484619937755,0.768321103214499,-0.0179726412207235,0.8543240181268882,0.8560076787512588,-0.0016836606243706,0.7902030127634528,0.7848181336166813,0.0053848791467715,0.1714464605744895,0.1703765728887817,-0.0010698876857078,-0.036134628202836,-0.0014715363132084,0.976607903719513,0.9539509502037156,0.9980520413349716,2000,-0.0090207219978567,0.0052007941514738,0.0011266364551862,0.0097717677720653,0.0020100365362597
paper_locked,voting,"LogisticRegression,RandomForest,AdaBoost",raw,models/final_h10_CV17_THY_CONT_RATIO_paper_locked.joblib,raw_threshold,22,0.3799999999999999,saved voting threshold (also applied to raw),10,CV17_THY_CONT_RATIO,complete thyroid block,block,thyroid,4,0.6825992220174899,0.6976480402774932,-0.0150488182600032,0.8543240181268882,0.8560076787512588,-0.0016836606243706,0.7902030127634528,0.7848181336166813,0.0053848791467715,0.1714464605744895,0.1703765728887817,-0.0010698876857078,-0.0310865915070463,0.0003407743291679,0.9784292115921124,0.9552851197950494,1.0005247684070353,2000,-0.0028565572955105,0.0034386402306061,0.0011266364551862,0.0097717677720653,0.0020100365362597
paper_locked,voting,"LogisticRegression,RandomForest,AdaBoost",sigmoid,models/final_h10_CV17_THY_CONT_RATIO_paper_locked.joblib,sigmoid,23,0.3799999999999999,saved voting threshold (also applied to raw),10,CV17_THY_CONT_RATIO,complete thyroid block,block,thyroid,4,0.751215644820296,0.7612962117754449,-0.0100805669551489,0.8543240181268882,0.8560076787512588,-0.0016836606243706,0.7902030127634528,0.7848181336166813,0.0053848791467715,0.1489926863800432,0.1481422009884701,-0.000850485391573,-0.0254533891457677,0.0046702382123839,0.9867586797369716,0.9668221938842366,1.0062650150332515,2000,-0.0015044758081014,0.0073920844503678,0.0011266364551862,0.0097717677720653,0.0010578380508123
own,stacking,"LogisticRegression,SVC,AdaBoost",raw,models/stacking_sensitivity/h10_CV17_THY_CONT_RATIO_own.joblib,raw_fixed,24,0.5,fixed 0.5,10,CV17_THY_CONT_RATIO,complete thyroid block,block,thyroid,4,0.7620369830251414,0.7551956562441491,0.0068413267809923,0.8532697633434039,0.853490055387714,-0.0002202920443101,0.7905517363019529,0.7883568437393963,0.0021948925625565,0.1500348880479794,0.1499834691204033,-5.141892757609679e-05,-0.005269979542837,0.0192538364728788,1.0090590123558398,0.9931029963347404,1.0255484736220226,2000,0.0009511472531704,0.0053752026243053,0.0001258811681772,0.0033031175861058,0.0004404312849769
own,stacking,"LogisticRegression,SVC,AdaBoost",raw,models/stacking_sensitivity/h10_CV17_THY_CONT_RATIO_own.joblib,raw_threshold,24,0.4599999999999999,saved stacking threshold,10,CV17_THY_CONT_RATIO,complete thyroid block,block,thyroid,4,0.7642919050095337,0.7647651839444134,-0.0004732789348796,0.8532697633434039,0.853490055387714,-0.0002202920443101,0.7905517363019529,0.7883568437393963,0.0021948925625565,0.1500348880479794,0.1499834691204033,-5.141892757609679e-05,-0.0126241026974255,0.0115936096975765,0.999381144768596,0.9835540205998424,1.015134996660565,2000,0.0002153392484811,0.0049390961683033,0.0001258811681772,0.0033031175861058,0.0004404312849769
own,stacking,"LogisticRegression,SVC,AdaBoost",sigmoid,models/stacking_sensitivity/h10_CV17_THY_CONT_RATIO_own.joblib,sigmoid,25,0.4599999999999999,saved stacking threshold,10,CV17_THY_CONT_RATIO,complete thyroid block,block,thyroid,4,0.7678955269383203,0.7625061613876027,0.0053893655507175,0.8532697633434039,0.853490055387714,-0.0002202920443101,0.7905517363019529,0.7883568437393963,0.0021948925625565,0.1493142982745931,0.149356051301236,4.175302664288783e-05,-0.0038498040322219,0.015701407472982,1.0070679632816475,0.9949739751989573,1.0208024911373417,2000,0.0048003684893844,0.0047688082053245,0.0001258811681772,0.0033031175861058,0.000460602330981
own,stacking,"LogisticRegression,SVC,AdaBoost",isotonic,models/stacking_sensitivity/h10_CV17_THY_CONT_RATIO_own.joblib,isotonic,26,0.4099999999999999,saved stacking threshold,10,CV17_THY_CONT_RATIO,complete thyroid block,block,thyroid,4,0.7579342766104755,0.767461191981287,-0.0095269153708115,0.852671827794562,0.8529078549848943,-0.0002360271903323,0.7666383851198372,0.7681109524545559,-0.0014725673347186,0.1499029347971485,0.1494055808222801,-0.0004973539748684,-0.0229121192510344,0.0032903599874648,0.9875864532691006,0.9701787729355272,1.0041848409523857,2000,-0.0078254884226822,0.005720454748292,-0.0002879531722054,-0.0008808615037603,-4.5913127972313504e-05
same_baseline,stacking,"KNeighbors,AdaBoost,MLP,GradientBoosting",raw,models/stacking_sensitivity/h10_CV17_THY_CONT_RATIO_same_baseline.joblib,raw_fixed,27,0.5,fixed 0.5,10,CV17_THY_CONT_RATIO,complete thyroid block,block,thyroid,4,0.7620780638704394,0.7708720620448759,-0.0087939981744364,0.8553940080563948,0.8555985649546828,-0.000204556898288,0.7928764297616056,0.7898332967324674,0.0030431330291381,0.147036340039746,0.147573630929294,0.0005372908895479,-0.0257963402033276,0.0079571081765732,0.98859214309686,0.9671181714906126,1.0103875460343712,2000,-0.0051449909674755,0.0081082567783209,0.002300478348439,0.0060280302202261,0.0020998558796065
same_baseline,stacking,"KNeighbors,AdaBoost,MLP,GradientBoosting",raw,models/stacking_sensitivity/h10_CV17_THY_CONT_RATIO_same_baseline.joblib,raw_threshold,27,0.3999999999999999,saved stacking threshold,10,CV17_THY_CONT_RATIO,complete thyroid block,block,thyroid,4,0.7655382493246738,0.7637361795963371,0.0018020697283367,0.8553940080563948,0.8555985649546828,-0.000204556898288,0.7928764297616056,0.7898332967324674,0.0030431330291381,0.147036340039746,0.147573630929294,0.0005372908895479,-0.0126869301685587,0.0175219288391853,1.0023595447963316,0.9833780918688724,1.0233724592575946,2000,0.008023256600084,0.0055152163408532,0.002300478348439,0.0060280302202261,0.0020998558796065
same_baseline,stacking,"KNeighbors,AdaBoost,MLP,GradientBoosting",sigmoid,models/stacking_sensitivity/h10_CV17_THY_CONT_RATIO_same_baseline.joblib,sigmoid,28,0.3799999999999999,saved stacking threshold,10,CV17_THY_CONT_RATIO,complete thyroid block,block,thyroid,4,0.7569332276841496,0.7623317358180742,-0.0053985081339246,0.8553940080563948,0.8555985649546828,-0.000204556898288,0.7928764297616056,0.7898332967324674,0.0030431330291381,0.1483919031706723,0.148816288464698,0.0004243852940256,-0.0221305625678885,0.0108778947517518,0.9929184266110456,0.971366699916092,1.014786527883377,2000,-0.0011180192109405,0.0045921742627778,0.002300478348439,0.0060280302202261,0.0021807900017088
same_baseline,stacking,"KNeighbors,AdaBoost,MLP,GradientBoosting",isotonic,models/stacking_sensitivity/h10_CV17_THY_CONT_RATIO_same_baseline.joblib,isotonic,29,0.2499999999999999,saved stacking threshold,10,CV17_THY_CONT_RATIO,complete thyroid block,block,thyroid,4,0.7428711897738447,0.7485811175911606,-0.0057099278173159,0.8556379028197382,0.8554648162134945,0.0001730866062437,0.7748637143511342,0.7765050023863869,-0.0016412880352526,0.1480773941494158,0.1475393721389627,-0.000538022010453,-0.0209718819319318,0.0093482353353779,0.992372332559376,0.9721049614866032,1.012730579916002,2000,0.0020519726650047,0.0044270509835311,0.0040927114803625,0.0064051537120994,0.0020063492104579
locked_baseline,stacking,"KNeighbors,AdaBoost,MLP,GradientBoosting",raw,models/stacking_sensitivity/h10_CV17_THY_CONT_RATIO_locked_baseline.joblib,raw_fixed,30,0.5,fixed 0.5,10,CV17_THY_CONT_RATIO,complete thyroid block,block,thyroid,4,0.7731896171071722,0.7739727928377997,-0.0007831757306275,0.8581319234642497,0.8552838620342397,0.00284806143001,0.7924422960996704,0.7874630142433717,0.0049792818562987,0.146827032494844,0.1478240736228633,0.0009970411280193,-0.0148602859351356,0.0135202716716253,0.9989881094815284,0.980806675170461,1.0176153632808815,2000,0.0052291761439098,0.0055967866066511,0.0029157225579052,0.0059540822110347,0.0014610818234665
locked_baseline,stacking,"KNeighbors,AdaBoost,MLP,GradientBoosting",raw,models/stacking_sensitivity/h10_CV17_THY_CONT_RATIO_locked_baseline.joblib,raw_threshold,30,0.4999999999999999,saved stacking threshold,10,CV17_THY_CONT_RATIO,complete thyroid block,block,thyroid,4,0.7731896171071722,0.7739727928377997,-0.0007831757306275,0.8581319234642497,0.8552838620342397,0.00284806143001,0.7924422960996704,0.7874630142433717,0.0049792818562987,0.146827032494844,0.1478240736228633,0.0009970411280193,-0.0148602859351356,0.0135202716716253,0.9989881094815284,0.980806675170461,1.0176153632808815,2000,0.0052291761439098,0.0055967866066511,0.0029157225579052,0.0059540822110347,0.0014610818234665
locked_baseline,stacking,"KNeighbors,AdaBoost,MLP,GradientBoosting",sigmoid,models/stacking_sensitivity/h10_CV17_THY_CONT_RATIO_locked_baseline.joblib,sigmoid,31,0.5199999999999999,saved stacking threshold,10,CV17_THY_CONT_RATIO,complete thyroid block,block,thyroid,4,0.7708720620448759,0.7716338520165131,-0.0007617899716372,0.8581319234642497,0.8552838620342397,0.00284806143001,0.7924422960996704,0.7874630142433717,0.0049792818562987,0.1473950927219896,0.1483070012549917,0.0009119085330021,-0.0150159623555735,0.0138432553476142,0.9990127571909314,0.9807212427633584,1.0182019653025114,2000,0.0041457365762795,0.0052159608432749,0.0029157225579052,0.0059540822110347,0.001475944377173
locked_baseline,stacking,"KNeighbors,AdaBoost,MLP,GradientBoosting",isotonic,models/stacking_sensitivity/h10_CV17_THY_CONT_RATIO_locked_baseline.joblib,isotonic,32,0.3899999999999999,saved stacking threshold,10,CV17_THY_CONT_RATIO,complete thyroid block,block,thyroid,4,0.778745056335459,0.777407703871459,0.001337352464,0.8563459843907352,0.8539463746223565,0.0023996097683787,0.7650194314825707,0.7596652375428055,0.0053541939397652,0.1486059697359475,0.1491100555203795,0.000504085784432,-0.014096491561665,0.0167585063699892,1.0017202716892823,0.9822251159479268,1.0216536217333254,2000,0.007045180800411,0.004259773224881,0.0036025616817724,0.0106633204007768,0.0015640657412763
paper,stacking,"LogisticRegression,RandomForest,AdaBoost",raw,models/stacking_sensitivity/h10_CV17_THY_CONT_RATIO_paper.joblib,raw_fixed,33,0.5,fixed 0.5,10,CV17_THY_CONT_RATIO,complete thyroid block,block,thyroid,4,0.7643045843045844,0.7633558010360108,0.0009487832685736,0.8547960725075529,0.8548904833836858,-9.44108761329332e-05,0.7888421713847659,0.785894234863682,0.0029479365210838,0.1501163832134174,0.1497391439198336,-0.0003772392935838,-0.0165507401834297,0.017375212281242,1.001242910929983,0.9784971803548648,1.0233310442485664,2000,0.0028531758431487,0.0073537087733622,0.0017607628398791,0.0068090252633452,0.0011437299242812
paper,stacking,"LogisticRegression,RandomForest,AdaBoost",raw,models/stacking_sensitivity/h10_CV17_THY_CONT_RATIO_paper.joblib,raw_threshold,33,0.4399999999999999,saved stacking threshold,10,CV17_THY_CONT_RATIO,complete thyroid block,block,thyroid,4,0.7579342766104755,0.7669340463458111,-0.0089997697353355,0.8547960725075529,0.8548904833836858,-9.44108761329332e-05,0.7888421713847659,0.785894234863682,0.0029479365210838,0.1501163832134174,0.1497391439198336,-0.0003772392935838,-0.0209374427594074,0.0008627663901989,0.9882652624717648,0.97290716032732,1.0011196388834456,2000,-0.0024299308790752,0.004453136221206,0.0017607628398791,0.0068090252633452,0.0011437299242812
paper,stacking,"LogisticRegression,RandomForest,AdaBoost",sigmoid,models/stacking_sensitivity/h10_CV17_THY_CONT_RATIO_paper.joblib,sigmoid,34,0.4399999999999999,saved stacking threshold,10,CV17_THY_CONT_RATIO,complete thyroid block,block,thyroid,4,0.7597317080640715,0.7660929644366306,-0.006361256372559,0.8547960725075529,0.8548904833836858,-9.44108761329332e-05,0.7888421713847659,0.785894234863682,0.0029479365210838,0.1493683793953652,0.1490816979057007,-0.0002866814896644,-0.0173267265080349,0.0034642017727624,0.9916964955066034,0.9775343028687968,1.004568218756143,2000,-0.0008388018674282,0.0045548299283686,0.0017607628398791,0.0068090252633452,0.0011589867354455
paper,stacking,"LogisticRegression,RandomForest,AdaBoost",isotonic,models/stacking_sensitivity/h10_CV17_THY_CONT_RATIO_paper.joblib,isotonic,35,0.3199999999999999,saved stacking threshold,10,CV17_THY_CONT_RATIO,complete thyroid block,block,thyroid,4,0.7627195540864606,0.7673416168123945,-0.0046220627259339,0.8533405715005036,0.8537182150050352,-0.0003776435045316,0.7677423679942148,0.7680125508066161,-0.0002701828124013,0.1504866532331605,0.1490463414190289,-0.0014403118141315,-0.0172948081270256,0.0079718414433599,0.993976525416236,0.9776037242743986,1.0106345449576597,2000,2.7784885000148307e-05,0.0048300729641687,0.0016521903323263,0.0072349918210255,0.0008422666365123
same_members_reselected_C,stacking,"KNeighbors,AdaBoost,MLP,GradientBoosting",raw,cache/classification_explainability/prepared_h10_CV17_THY_CONT_RATIO.joblib,raw_fixed,36,0.5,fixed 0.5,10,CV17_THY_CONT_RATIO,complete thyroid block,block,thyroid,4,0.7620780638704394,0.7626151994158625,-0.0005371355454231,0.856227970795569,0.8547960725075529,0.0014318982880161,0.7922824293216696,0.7867473547331705,0.0055350745884991,0.149731362747413,0.150263944577795,0.000532581830382,-0.0152784223413512,0.0144911460202949,0.9992956663520024,0.980070909336142,1.0191113091486068,2000,-0.0005957530886237,0.0089449255749393,0.003066779959718,0.0070571500410107,0.0014974122169921
same_members_reselected_C,stacking,"KNeighbors,AdaBoost,MLP,GradientBoosting",raw,cache/classification_explainability/prepared_h10_CV17_THY_CONT_RATIO.joblib,raw_threshold,36,0.3699999999999999,saved reselected-C validation threshold,10,CV17_THY_CONT_RATIO,complete thyroid block,block,thyroid,4,0.7576938267104144,0.7573178153050357,0.0003760114053786,0.856227970795569,0.8547960725075529,0.0014318982880161,0.7922824293216696,0.7867473547331705,0.0055350745884991,0.149731362747413,0.150263944577795,0.000532581830382,-0.0112253395395683,0.0121537194313958,1.0004965041067035,0.9852836459458372,1.0161446883987264,2000,0.0023095843208285,0.0081696816543188,0.003066779959718,0.0070571500410107,0.0014974122169921
same_members_reselected_C,stacking,"KNeighbors,AdaBoost,MLP,GradientBoosting",sigmoid,cache/classification_explainability/prepared_h10_CV17_THY_CONT_RATIO.joblib,sigmoid,37,0.3399999999999999,saved reselected-C validation threshold,10,CV17_THY_CONT_RATIO,complete thyroid block,block,thyroid,4,0.7551646028390214,0.7526606712496169,0.0025039315894045,0.856227970795569,0.8547960725075529,0.0014318982880161,0.7922824293216696,0.7867473547331705,0.0055350745884991,0.1490161068152759,0.1495886213075172,0.0005725144922412,-0.0096913007136859,0.0149269893772573,1.0033267735183338,0.9871527990578416,1.020193593494984,2000,0.0038396705821573,0.0071883012139675,0.003066779959718,0.0070571500410107,0.001503317694653
same_members_reselected_C,stacking,"KNeighbors,AdaBoost,MLP,GradientBoosting",isotonic,cache/classification_explainability/prepared_h10_CV17_THY_CONT_RATIO.joblib,isotonic,38,0.3199999999999999,saved reselected-C validation threshold,10,CV17_THY_CONT_RATIO,complete thyroid block,block,thyroid,4,0.7655382493246738,0.7642919050095337,0.0012463443151401,0.8535451283987915,0.8541351963746223,-0.0005900679758308,0.7739336608680016,0.7693372104125031,0.0045964504554985,0.1505069223207195,0.1502776772185713,-0.0002292451021481,-0.0128893908022153,0.0163811787093558,1.001630717670789,0.9834550083436702,1.0218084576686113,2000,0.0037585012894755,0.0076990995531089,0.0009047708962738,0.0045199321768246,0.0008353401916209
LogisticRegression,individual,LogisticRegression,raw,Cached fitted individual; sigmoid fitted to cached training OOF,raw_fixed,0,0.5,fixed 0.5,10,CV17_THY_CONT_STATES,complete thyroid block,block,thyroid,8,0.7555192399049881,0.7407883834695985,0.0147308564353896,0.8405400302114804,0.8425698640483383,-0.0020298338368579,0.7743889829576017,0.7727484140012982,0.0016405689563034,0.1849136508716005,0.186018531098928,0.0011048802273274,-0.00228357535191,0.031181084759588,1.0198853772063694,0.996878155731216,1.042621750922355,2000,0.0123954905814846,0.0055311237654805,0.0032666163141994,0.0121635288409077,0.0015929564009449
LogisticRegression,individual,LogisticRegression,raw,Cached fitted individual; sigmoid fitted to cached training OOF,raw_threshold,0,0.5199999999999999,own validation,10,CV17_THY_CONT_STATES,complete thyroid block,block,thyroid,8,0.7661047269050536,0.7553287324324847,0.0107759944725689,0.8405400302114804,0.8425698640483383,-0.0020298338368579,0.7743889829576017,0.7727484140012982,0.0016405689563034,0.1849136508716005,0.186018531098928,0.0011048802273274,-0.0082700058244865,0.0323128172030735,1.0142666285682864,0.9890333876385802,1.043410831041608,2000,0.0184662828489685,0.0091791802024789,0.0032666163141994,0.0121635288409077,0.0015929564009449
LogisticRegression,individual,LogisticRegression,sigmoid,Cached fitted individual; sigmoid fitted to cached training OOF,sigmoid,1,0.4799999999999999,own validation,10,CV17_THY_CONT_STATES,complete thyroid block,block,thyroid,8,0.7496647454636798,0.7638770078889839,-0.0142122624253041,0.8405400302114804,0.8425698640483383,-0.0020298338368579,0.7743889829576017,0.7727484140012982,0.0016405689563034,0.1556492240302574,0.1551726199045975,-0.0004766041256598,-0.0327580599462936,0.0027589224712575,0.9813945670853734,0.9575285479861596,1.0036413964012492,2000,0.0013992718137582,0.0103621021566007,0.0032666163141994,0.0121635288409077,0.0025578377898172
SVC,individual,SVC,raw,Cached fitted individual; sigmoid fitted to cached training OOF,raw_fixed,2,0.5,fixed 0.5,10,CV17_THY_CONT_STATES,complete thyroid block,block,thyroid,8,0.7513291549600173,0.760406168211641,-0.0090770132516236,0.8391317346424975,0.8417280337361531,-0.0025962990936556,0.7709681826449657,0.772284136802531,-0.0013159541575653,0.1572411741767831,0.1551686989128374,-0.0020724752639457,-0.0294312201511606,0.0102332909509852,0.9880629410556052,0.9617335520439436,1.0136629082779454,2000,-0.0005932751325224,0.0114477773838195,0.0018252769385699,0.0070242615002692,0.0010436131087779
SVC,individual,SVC,raw,Cached fitted individual; sigmoid fitted to cached training OOF,raw_threshold,2,0.4699999999999999,own validation,10,CV17_THY_CONT_STATES,complete thyroid block,block,thyroid,8,0.748817867671463,0.7667436307303692,-0.0179257630589062,0.8391317346424975,0.8417280337361531,-0.0025962990936556,0.7709681826449657,0.772284136802531,-0.0013159541575653,0.1572411741767831,0.1551686989128374,-0.0020724752639457,-0.0366928267779426,4.444298980003566e-05,0.9766209169004366,0.9526814778034648,1.000056434023001,2000,9.250257676124418e-05,0.0101969617228741,0.0018252769385699,0.0070242615002692,0.0010436131087779
SVC,individual,SVC,sigmoid,Cached fitted individual; sigmoid fitted to cached training OOF,sigmoid,3,0.4399999999999999,own validation,10,CV17_THY_CONT_STATES,complete thyroid block,block,thyroid,8,0.748817867671463,0.7644144144144144,-0.0155965467429514,0.8391317346424975,0.8417280337361531,-0.0025962990936556,0.7709681826449657,0.772284136802531,-0.0013159541575653,0.1553781864920385,0.1538301416044977,-0.0015480448875408,-0.0343179854193581,0.0031297647288971,0.9795967390870052,0.9554789027441084,1.004015511005159,2000,-0.0015620633299604,0.0105246598755666,0.0018252769385699,0.0070242615002692,0.0011412392156674
KNeighbors,individual,KNeighbors,raw,Cached fitted individual; sigmoid fitted to cached training OOF,raw_fixed,4,0.5,fixed 0.5,10,CV17_THY_CONT_STATES,complete thyroid block,block,thyroid,8,0.708515072210914,0.7407164561010715,-0.0322013838901574,0.8015090005035247,0.7995499748237663,0.0019590256797583,0.7114552479295023,0.7028868424848528,0.0085684054446495,0.1714110898661566,0.1719801147227531,0.0005690248565964,-0.0564440963345385,-0.0070498670637104,0.956526706508376,0.9251693847824736,0.9902492444826996,2000,-0.0076032472481186,0.0126270088888304,0.0081767686304129,0.0203166220172976,0.0043484512428298
KNeighbors,individual,KNeighbors,raw,Cached fitted individual; sigmoid fitted to cached training OOF,raw_threshold,4,0.5299999999999999,own validation,10,CV17_THY_CONT_STATES,complete thyroid block,block,thyroid,8,0.7167069817445058,0.7097466423846777,0.006960339359828,0.8015090005035247,0.7995499748237663,0.0019590256797583,0.7114552479295023,0.7028868424848528,0.0085684054446495,0.1714110898661566,0.1719801147227531,0.0005690248565964,-0.0189139465846851,0.0338600340181147,1.0098067943462783,0.97409776795686,1.049166761820575,2000,0.0033047170946242,0.0134861371162188,0.0081767686304129,0.0203166220172976,0.0043484512428298
KNeighbors,individual,KNeighbors,sigmoid,Cached fitted individual; sigmoid fitted to cached training OOF,sigmoid,5,0.4999999999999999,own validation,10,CV17_THY_CONT_STATES,complete thyroid block,block,thyroid,8,0.7167069817445058,0.7097466423846777,0.006960339359828,0.8015090005035247,0.7995499748237663,0.0019590256797583,0.7114552479295023,0.7028868424848528,0.0085684054446495,0.1695777582743379,0.1705593088592336,0.0009815505848957,-0.0189139465846851,0.0338600340181147,1.0098067943462783,0.97409776795686,1.049166761820575,2000,0.0033047170946242,0.0134861371162188,0.0081767686304129,0.0203166220172976,0.0047324131767905
RandomForest,individual,RandomForest,raw,Cached fitted individual; sigmoid fitted to cached training OOF,raw_fixed,6,0.5,fixed 0.5,10,CV17_THY_CONT_STATES,complete thyroid block,block,thyroid,8,0.7673416168123945,0.7652167182662539,0.0021248985461406,0.853285498489426,0.8557873867069486,-0.0025018882175226,0.7799028567098616,0.7801983457283858,-0.0002954890185241,0.1541486864649006,0.1508415492643058,-0.0033071372005947,-0.0185145848215258,0.0225649886114962,1.0027768584969694,0.976124743709638,1.029835204822249,2000,0.0082673862630358,0.0103500932491089,0.005702416918429,0.0145953820187824,0.0036766969476199
RandomForest,individual,RandomForest,raw,Cached fitted individual; sigmoid fitted to cached training OOF,raw_threshold,6,0.4599999999999999,own validation,10,CV17_THY_CONT_STATES,complete thyroid block,block,thyroid,8,0.7591135608577468,0.761666059059424,-0.0025524982016771,0.853285498489426,0.8557873867069486,-0.0025018882175226,0.7799028567098616,0.7801983457283858,-0.0002954890185241,0.1541486864649006,0.1508415492643058,-0.0033071372005947,-0.0244535268149904,0.0194645718714092,0.996648796186574,0.9680367869488694,1.0259853353048405,2000,0.0104490056184192,0.0085676024443943,0.005702416918429,0.0145953820187824,0.0036766969476199
RandomForest,individual,RandomForest,sigmoid,Cached fitted individual; sigmoid fitted to cached training OOF,sigmoid,7,0.3699999999999999,own validation,10,CV17_THY_CONT_STATES,complete thyroid block,block,thyroid,8,0.757308584686775,0.761666059059424,-0.0043574743726489,0.853285498489426,0.8557873867069486,-0.0025018882175226,0.7799028567098616,0.7801983457283858,-0.0002954890185241,0.149194224082945,0.1486250188683624,-0.0005692052145825,-0.0269834633226437,0.0179772895346307,0.9942790225180442,0.9654190920696786,1.0242429565993822,2000,0.0078805181696041,0.0080075406577032,0.005702416918429,0.0145953820187824,0.0026983133086619
AdaBoost,individual,AdaBoost,raw,Cached fitted individual; sigmoid fitted to cached training OOF,raw_fixed,8,0.5,fixed 0.5,10,CV17_THY_CONT_STATES,complete thyroid block,block,thyroid,8,0.7415237771867278,0.741804897314376,-0.0002811201276482,0.8531517497482377,0.8515074269889225,0.0016443227593152,0.7928089932127099,0.7882305606107386,0.0045784326019713,0.1964066344614046,0.1962871229489031,-0.0001195115125015,-0.0130342496816989,0.0123046577765197,0.9996210322570448,0.9825645111791252,1.0168682599716456,2000,0.000163569449706,0.0044903550123226,0.0020778260322256,0.0054406698141465,0.000897207990666
AdaBoost,individual,AdaBoost,raw,Cached fitted individual; sigmoid fitted to cached training OOF,raw_threshold,8,0.4899999999999999,own validation,10,CV17_THY_CONT_STATES,complete thyroid block,block,thyroid,8,0.7263826606875934,0.7289789113193943,-0.0025962506318009,0.8531517497482377,0.8515074269889225,0.0016443227593152,0.7928089932127099,0.7882305606107386,0.0045784326019713,0.1964066344614046,0.1962871229489031,-0.0001195115125015,-0.0135874369461542,0.0081916243088154,0.9964385106462108,0.9813161253925832,1.0115014574375631,2000,-0.002717971747924,0.0065707749733897,0.0020778260322256,0.0054406698141465,0.000897207990666
AdaBoost,individual,AdaBoost,sigmoid,Cached fitted individual; sigmoid fitted to cached training OOF,sigmoid,9,0.4099999999999999,own validation,10,CV17_THY_CONT_STATES,complete thyroid block,block,thyroid,8,0.7471727702854446,0.7522043103946381,-0.0050315401091934,0.8531517497482377,0.8515074269889225,0.0016443227593152,0.7928089932127099,0.7882305606107386,0.0045784326019713,0.1484126409535286,0.1487329748337129,0.0003203338801843,-0.0202072997217837,0.0097924770670407,0.99331093954174,0.973469077597842,1.0131312801644887,2000,-0.0022701504790023,0.005043478156233,0.0020778260322256,0.0054406698141465,0.0010661403763325
MLP,individual,MLP,raw,Cached fitted individual; sigmoid fitted to cached training OOF,raw_fixed,10,0.5,fixed 0.5,10,CV17_THY_CONT_STATES,complete thyroid block,block,thyroid,8,0.7397093504027442,0.7271345612920788,0.0125747891106654,0.8339942094662638,0.8339155337361531,7.867573011066664e-05,0.7508092925008408,0.747612925726625,0.0031963667742158,0.1679155989449922,0.1710347699817405,0.0031191710367482,-0.0068760748728858,0.0322556739644248,1.017293620438452,0.9907378287267876,1.0450074363465618,2000,0.0124043769189308,0.0094501746603073,0.0074710473313191,0.0119108455696726,0.0055822127784777
MLP,individual,MLP,raw,Cached fitted individual; sigmoid fitted to cached training OOF,raw_threshold,10,0.58,own validation,10,CV17_THY_CONT_STATES,complete thyroid block,block,thyroid,8,0.757756319673418,0.7470355114522873,0.0107208082211307,0.8339942094662638,0.8339155337361531,7.867573011066664e-05,0.7508092925008408,0.747612925726625,0.0031963667742158,0.1679155989449922,0.1710347699817405,0.0031191710367482,-0.0062847994440309,0.0285309726327619,1.014351135999263,0.9916591251736696,1.0386428037770017,2000,0.0137619780298811,0.009569436694005,0.0074710473313191,0.0119108455696726,0.0055822127784777
MLP,individual,MLP,sigmoid,Cached fitted individual; sigmoid fitted to cached training OOF,sigmoid,11,0.4399999999999999,own validation,10,CV17_THY_CONT_STATES,complete thyroid block,block,thyroid,8,0.757756319673418,0.7470355114522873,0.0107208082211307,0.8339942094662638,0.8339155337361531,7.867573011066664e-05,0.7508092925008408,0.747612925726625,0.0031963667742158,0.1574687770871283,0.1582930517989562,0.0008242747118279,-0.0062847994440309,0.0285309726327619,1.014351135999263,0.9916591251736696,1.0386428037770017,2000,0.0141406311012342,0.0083366757328546,0.0074710473313191,0.0119108455696726,0.0035515172711986
GradientBoosting,individual,GradientBoosting,raw,Cached fitted individual; sigmoid fitted to cached training OOF,raw_fixed,12,0.5,fixed 0.5,10,CV17_THY_CONT_STATES,complete thyroid block,block,thyroid,8,0.7571017874894928,0.7602408702408703,-0.0031390827513775,0.8398162134944612,0.8506734642497482,-0.0108572507552869,0.7782823150417731,0.7896624986197245,-0.0113801835779513,0.1629376529268545,0.1536216171560002,-0.0093160357708543,-0.0311237063299894,0.0244883520951223,0.9958709366014707,0.9598036061835176,1.033057537654632,2000,0.0132125740089705,0.0110618783457962,0.0016159994964753,0.0086648562923623,0.003366654467684
GradientBoosting,individual,GradientBoosting,raw,Cached fitted individual; sigmoid fitted to cached training OOF,raw_threshold,12,0.5099999999999999,own validation,10,CV17_THY_CONT_STATES,complete thyroid block,block,thyroid,8,0.7539943246661114,0.75927572864008,-0.0052814039739685,0.8398162134944612,0.8506734642497482,-0.0108572507552869,0.7782823150417731,0.7896624986197245,-0.0113801835779513,0.1629376529268545,0.1536216171560002,-0.0093160357708543,-0.0339394233176807,0.0233516271956605,0.993044155403956,0.9556215573844452,1.031741235026876,2000,0.0087790758378508,0.0114884918910812,0.0016159994964753,0.0086648562923623,0.003366654467684
GradientBoosting,individual,GradientBoosting,sigmoid,Cached fitted individual; sigmoid fitted to cached training OOF,sigmoid,13,0.3999999999999999,own validation,10,CV17_THY_CONT_STATES,complete thyroid block,block,thyroid,8,0.7591173638152661,0.768321103214499,-0.0092037393992329,0.8398162134944612,0.8506734642497482,-0.0108572507552869,0.7782823150417731,0.7896624986197245,-0.0113801835779513,0.1536515723498297,0.1483753604800302,-0.0052762118697994,-0.0353857883711693,0.018071792737539,0.9880209727928514,0.9547455351547652,1.0234518740148182,2000,0.0148542872986192,0.0085355850148091,0.0016159994964753,0.0086648562923623,0.00250040957226
XGBoost,individual,XGBoost,raw,Cached fitted individual; sigmoid fitted to cached training OOF,raw_fixed,14,0.5,fixed 0.5,10,CV17_THY_CONT_STATES,complete thyroid block,block,thyroid,8,0.7629156678345319,0.7507558341244334,0.0121598337100985,0.8420820745216515,0.8439388217522659,-0.0018567472306143,0.775203288810448,0.7735169356807682,0.0016863531296797,0.1742877641106466,0.1751892536951137,0.000901489584467,-0.0063182582094287,0.0305832380497124,1.0161967888325236,0.9916509756249972,1.041818403457384,2000,0.0113556379283846,0.0049778128472232,0.0031249999999999,0.0111531567199222,0.0015635652690974
XGBoost,individual,XGBoost,raw,Cached fitted individual; sigmoid fitted to cached training OOF,raw_threshold,14,0.5099999999999999,own validation,10,CV17_THY_CONT_STATES,complete thyroid block,block,thyroid,8,0.7584464376506387,0.7624923029556651,-0.0040458653050263,0.8420820745216515,0.8439388217522659,-0.0018567472306143,0.775203288810448,0.7735169356807682,0.0016863531296797,0.1742877641106466,0.1751892536951137,0.000901489584467,-0.0222564148142771,0.0139860399725725,0.9946938935785408,0.9704912256035824,1.0189498265957542,2000,0.0088346583790862,0.0088867105620562,0.0031249999999999,0.0111531567199222,0.0015635652690974
XGBoost,individual,XGBoost,sigmoid,Cached fitted individual; sigmoid fitted to cached training OOF,sigmoid,15,0.4399999999999999,own validation,10,CV17_THY_CONT_STATES,complete thyroid block,block,thyroid,8,0.7605732999964785,0.763417038798353,-0.0028437388018744,0.8420820745216515,0.8439388217522659,-0.0018567472306143,0.775203288810448,0.7735169356807682,0.0016863531296797,0.1540549317045274,0.1536089920052263,-0.0004459396993011,-0.023850673715243,0.0174894084993461,0.9962749864656536,0.9689533300285088,1.0231034909406582,2000,0.0109219599677414,0.0076206885525632,0.0031249999999999,0.0111531567199222,0.002134281906095
diverse,voting,"LogisticRegression,XGBoost,MLP",raw,models/final_h10_CV17_THY_CONT_STATES_diverse.joblib,raw_fixed,16,0.5,fixed 0.5,10,CV17_THY_CONT_STATES,complete thyroid block,block,thyroid,8,0.7419299312624077,0.741804897314376,0.0001250339480316,0.8402095921450151,0.8404141490433031,-0.000204556898288,0.7696247554600681,0.7692320649847124,0.0003926904753557,0.1683644381348757,0.1703393164967594,0.0019748783618836,-0.0205156967278561,0.0202154194098495,1.0001685536837035,0.9726367146591356,1.0278657313963948,2000,0.003809702336801,0.0074788360721378,0.0057291666666666,0.0111517446176246,0.0028402271661741
diverse,voting,"LogisticRegression,XGBoost,MLP",raw,models/final_h10_CV17_THY_CONT_STATES_diverse.joblib,raw_threshold,16,0.4799999999999999,saved voting threshold (also applied to raw),10,CV17_THY_CONT_STATES,complete thyroid block,block,thyroid,8,0.7404073126835276,0.7314480613181912,0.0089592513653363,0.8402095921450151,0.8404141490433031,-0.000204556898288,0.7696247554600681,0.7692320649847124,0.0003926904753557,0.1683644381348757,0.1703393164967594,0.0019748783618836,-0.0097365504864539,0.028300469708422,1.012248650094431,0.9868278541364974,1.039445945767764,2000,0.0070292481514289,0.0088387621517187,0.0057291666666666,0.0111517446176246,0.0028402271661741
diverse,voting,"LogisticRegression,XGBoost,MLP",sigmoid,models/final_h10_CV17_THY_CONT_STATES_diverse.joblib,sigmoid,17,0.4799999999999999,saved voting threshold (also applied to raw),10,CV17_THY_CONT_STATES,complete thyroid block,block,thyroid,8,0.7631424532054236,0.7613450402819738,0.0017974129234498,0.8402095921450151,0.8404141490433031,-0.000204556898288,0.7696247554600681,0.7692320649847124,0.0003926904753557,0.1557659634643544,0.1562834312402464,0.0005174677758919,-0.0157031628647785,0.0193498037247339,1.0023608388159777,0.9795165655358128,1.0256113070120678,2000,0.0160217187288667,0.0084134112423119,0.0057291666666666,0.0111517446176246,0.0036555353718879
paper,voting,"LogisticRegression,RandomForest,AdaBoost",raw,models/predictive_sensitivity/h10_CV17_THY_CONT_STATES_paper.joblib,raw_fixed,18,0.5,fixed 0.5,10,CV17_THY_CONT_STATES,complete thyroid block,block,thyroid,8,0.7605311355311355,0.7651314804650466,-0.0046003449339111,0.856637084592145,0.8566213494461229,1.5735146022155533e-05,0.7906295684838184,0.7889044657122618,0.0017251027715565,0.1726000732537125,0.1707596865304342,-0.0018403867232783,-0.0218938732294215,0.0130059405822348,0.9939875105764632,0.971495041458059,1.0168814932414865,2000,9.960223408128632e-05,0.0091090768326152,0.004183975327291,0.0091030249429132,0.0024198680321241
paper,voting,"LogisticRegression,RandomForest,AdaBoost",raw,models/predictive_sensitivity/h10_CV17_THY_CONT_STATES_paper.joblib,raw_threshold,18,0.4199999999999999,saved voting threshold (also applied to raw),10,CV17_THY_CONT_STATES,complete thyroid block,block,thyroid,8,0.7207770450637534,0.7279147249925284,-0.007137679928775,0.856637084592145,0.8566213494461229,1.5735146022155533e-05,0.7906295684838184,0.7889044657122618,0.0017251027715565,0.1726000732537125,0.1707596865304342,-0.0018403867232783,-0.0206792996408154,0.0060144864613102,0.9901943460082522,0.9717670760484453,1.0084206782883711,2000,0.0052672755947828,0.0067438269240009,0.004183975327291,0.0091030249429132,0.0024198680321241
paper,voting,"LogisticRegression,RandomForest,AdaBoost",sigmoid,models/predictive_sensitivity/h10_CV17_THY_CONT_STATES_paper.joblib,sigmoid,19,0.4199999999999999,saved voting threshold (also applied to raw),10,CV17_THY_CONT_STATES,complete thyroid block,block,thyroid,8,0.7633302653781255,0.7642919050095337,-0.0009616396314081,0.856637084592145,0.8566213494461229,1.5735146022155533e-05,0.7906295684838184,0.7889044657122618,0.0017251027715565,0.1482295200038766,0.1479265295339105,-0.000302990469966,-0.020029900387857,0.0193212853809819,0.9987417901130378,0.9742168095716366,1.0255672859684104,2000,0.0009602371806819,0.0084704694493548,0.004183975327291,0.0091030249429132,0.0019057091002304
top3_train_cv,voting,"RandomForest,LogisticRegression,SVC",raw,models/predictive_sensitivity/h10_CV17_THY_CONT_STATES_top3_train_cv.joblib,raw_fixed,20,0.5,fixed 0.5,10,CV17_THY_CONT_STATES,complete thyroid block,block,thyroid,8,0.7566536385631863,0.7715159458278724,-0.014862307264686,0.8514130161127895,0.850956696878147,0.0004563192346425,0.7839089224828014,0.7815252636829516,0.0023836587998498,0.157199713953952,0.1557459651614874,-0.0014537487924645,-0.0349821458632103,0.0031989913752046,0.9807362280130996,0.955259938640024,1.0042776048879922,2000,0.0006644478725552,0.009182702095155,0.0045584718026183,0.0110589008541635,0.0023831727734274
top3_train_cv,voting,"RandomForest,LogisticRegression,SVC",raw,models/predictive_sensitivity/h10_CV17_THY_CONT_STATES_top3_train_cv.joblib,raw_threshold,20,0.3799999999999999,saved voting threshold (also applied to raw),10,CV17_THY_CONT_STATES,complete thyroid block,block,thyroid,8,0.7252256918750924,0.7278471602735652,-0.0026214683984727,0.8514130161127895,0.850956696878147,0.0004563192346425,0.7839089224828014,0.7815252636829516,0.0023836587998498,0.157199713953952,0.1557459651614874,-0.0014537487924645,-0.0200710422708321,0.014265757303542,0.996398325717878,0.972575348775473,1.0196954101256246,2000,-0.0005073476174956,0.005350038295283,0.0045584718026183,0.0110589008541635,0.0023831727734274
top3_train_cv,voting,"RandomForest,LogisticRegression,SVC",sigmoid,models/predictive_sensitivity/h10_CV17_THY_CONT_STATES_top3_train_cv.joblib,sigmoid,21,0.3799999999999999,saved voting threshold (also applied to raw),10,CV17_THY_CONT_STATES,complete thyroid block,block,thyroid,8,0.7663261604261737,0.7699375356215263,-0.0036113751953525,0.8514130161127895,0.850956696878147,0.0004563192346425,0.7839089224828014,0.7815252636829516,0.0023836587998498,0.1504884274666068,0.1504225427037138,-6.588476289301481e-05,-0.0166128653640633,0.0085882860867637,0.9953095218400576,0.9787669927601113,1.0113685340122065,2000,0.0091913118392594,0.0071140785081119,0.0045584718026183,0.0110589008541635,0.0025126173273677
paper_locked,voting,"LogisticRegression,RandomForest,AdaBoost",raw,models/final_h10_CV17_THY_CONT_STATES_paper_locked.joblib,raw_fixed,22,0.5,fixed 0.5,10,CV17_THY_CONT_STATES,complete thyroid block,block,thyroid,8,0.7569332276841496,0.7575224629767994,-0.0005892352926497,0.8553310674723061,0.8557087109768379,-0.0003776435045317,0.7881761832772587,0.7839068993856074,0.0042692838916512,0.1726388353781344,0.1721973291797416,-0.0004415061983928,-0.0164072559348787,0.0160594331715211,0.9992221546931634,0.9783458026527362,1.02115460399616,2000,0.0002146121631885,0.0080671554143074,0.0020644511581067,0.0079016669988481,0.0017906426190205
paper_locked,voting,"LogisticRegression,RandomForest,AdaBoost",raw,models/final_h10_CV17_THY_CONT_STATES_paper_locked.joblib,raw_threshold,22,0.3799999999999999,saved voting threshold (also applied to raw),10,CV17_THY_CONT_STATES,complete thyroid block,block,thyroid,8,0.6845078146421717,0.6882635803484907,-0.0037557657063189,0.8553310674723061,0.8557087109768379,-0.0003776435045317,0.7881761832772587,0.7839068993856074,0.0042692838916512,0.1726388353781344,0.1721973291797416,-0.0004415061983928,-0.0191665643159433,0.0114155398296003,0.9945431288047852,0.9716441574793556,1.0164860611442268,2000,0.0032524970117339,0.0052741274222651,0.0020644511581067,0.0079016669988481,0.0017906426190205
paper_locked,voting,"LogisticRegression,RandomForest,AdaBoost",sigmoid,models/final_h10_CV17_THY_CONT_STATES_paper_locked.joblib,sigmoid,23,0.3799999999999999,saved voting threshold (also applied to raw),10,CV17_THY_CONT_STATES,complete thyroid block,block,thyroid,8,0.7533623828117632,0.7555192399049881,-0.0021568570932249,0.8553310674723061,0.8557087109768379,-0.0003776435045317,0.7881761832772587,0.7839068993856074,0.0042692838916512,0.1488412570098931,0.1484063991968138,-0.0004348578130793,-0.0180347129529449,0.0135787006709344,0.9971451989846132,0.9761122112723885,1.018445865695868,2000,0.0018635788901243,0.0062746402899294,0.0020644511581067,0.0079016669988481,0.0011279283359558
own,stacking,"RandomForest,AdaBoost,MLP,GradientBoosting",raw,models/stacking_sensitivity/h10_CV17_THY_CONT_STATES_own.joblib,raw_fixed,24,0.5,fixed 0.5,10,CV17_THY_CONT_STATES,complete thyroid block,block,thyroid,8,0.760406168211641,0.7739727928377997,-0.0135666246261587,0.85754972306143,0.8551894511581067,0.0023602719033232,0.7919955692264846,0.7879542730237095,0.0040412962027751,0.1478921243879171,0.1487090908738237,0.0008169664859065,-0.0333823778374215,0.0042700661219959,0.9824714450537516,0.9575548731239604,1.0055170426532627,2000,-0.0086942253526895,0.0060113614882081,0.0052335095669687,0.0097258306828981,0.0023041362153881
own,stacking,"RandomForest,AdaBoost,MLP,GradientBoosting",raw,models/stacking_sensitivity/h10_CV17_THY_CONT_STATES_own.joblib,raw_threshold,24,0.4399999999999999,saved stacking threshold,10,CV17_THY_CONT_STATES,complete thyroid block,block,thyroid,8,0.7678955269383203,0.767461191981287,0.0004343349570332,0.85754972306143,0.8551894511581067,0.0023602719033232,0.7919955692264846,0.7879542730237095,0.0040412962027751,0.1478921243879171,0.1487090908738237,0.0008169664859065,-0.0170581144584494,0.0162326240145097,1.0005659373549716,0.978100272086697,1.0215343318061605,2000,0.0026492566068637,0.0067467539505581,0.0052335095669687,0.0097258306828981,0.0023041362153881
own,stacking,"RandomForest,AdaBoost,MLP,GradientBoosting",sigmoid,models/stacking_sensitivity/h10_CV17_THY_CONT_STATES_own.joblib,sigmoid,25,0.4499999999999999,saved stacking threshold,10,CV17_THY_CONT_STATES,complete thyroid block,block,thyroid,8,0.768820956635027,0.768820956635027,0.0,0.85754972306143,0.8551894511581067,0.0023602719033232,0.7919955692264846,0.7879542730237095,0.0040412962027751,0.1478520831013535,0.1486447716024736,0.0007926885011201,-0.0159388533761587,0.0159002801613812,1.0,0.9797718635291676,1.0205940201940142,2000,0.0026992011917282,0.0068354602097157,0.0052335095669687,0.0097258306828981,0.0023148343501264
own,stacking,"RandomForest,AdaBoost,MLP,GradientBoosting",isotonic,models/stacking_sensitivity/h10_CV17_THY_CONT_STATES_own.joblib,isotonic,26,0.4199999999999999,saved stacking threshold,10,CV17_THY_CONT_STATES,complete thyroid block,block,thyroid,8,0.7586102622867328,0.7791289246738895,-0.0205186623871567,0.8581869964753273,0.856330249244713,0.0018567472306142,0.7759601974523368,0.7716654334038759,0.0042947640484608,0.1500969836575485,0.1476638379340272,-0.0024331457235213,-0.0410993075452969,-0.0014377308770597,0.973664612187585,0.9481312875219025,0.9981375581683593,2000,-0.0107542665665259,0.0055746535079439,0.0068243328298086,0.0125974139882227,0.0006777125638544
same_baseline,stacking,"KNeighbors,AdaBoost,MLP,GradientBoosting",raw,models/stacking_sensitivity/h10_CV17_THY_CONT_STATES_same_baseline.joblib,raw_fixed,27,0.5,fixed 0.5,10,CV17_THY_CONT_STATES,complete thyroid block,block,thyroid,8,0.7710959383753502,0.7729067159571206,-0.0018107775817703,0.8510825780463243,0.8508150805639476,0.0002674974823766,0.7875737553788569,0.7864600167009447,0.0011137386779122,0.1487275431165225,0.1492394355598324,0.0005118924433098,-0.0228727808376273,0.0195031399410803,0.9976571848265956,0.9701793006766848,1.025788108769235,2000,0.0115516059758009,0.0076575124462253,0.0048369838872104,0.009656536941819,0.0034993956037324
same_baseline,stacking,"KNeighbors,AdaBoost,MLP,GradientBoosting",raw,models/stacking_sensitivity/h10_CV17_THY_CONT_STATES_same_baseline.joblib,raw_threshold,27,0.4499999999999999,saved stacking threshold,10,CV17_THY_CONT_STATES,complete thyroid block,block,thyroid,8,0.7656344372615722,0.7683682983682985,-0.0027338611067262,0.8510825780463243,0.8508150805639476,0.0002674974823766,0.7875737553788569,0.7864600167009447,0.0011137386779122,0.1487275431165225,0.1492394355598324,0.0005118924433098,-0.0222477425632977,0.0161831295056319,0.9964419912787502,0.9711064074312182,1.021290309779548,2000,0.0034417613602153,0.0059151433124332,0.0048369838872104,0.009656536941819,0.0034993956037324
same_baseline,stacking,"KNeighbors,AdaBoost,MLP,GradientBoosting",sigmoid,models/stacking_sensitivity/h10_CV17_THY_CONT_STATES_same_baseline.joblib,sigmoid,28,0.4499999999999999,saved stacking threshold,10,CV17_THY_CONT_STATES,complete thyroid block,block,thyroid,8,0.7638348229578649,0.7647651839444134,-0.0009303609865485,0.8510825780463243,0.8508150805639476,0.0002674974823766,0.7875737553788569,0.7864600167009447,0.0011137386779122,0.150291875837141,0.150831496379092,0.0005396205419509,-0.0207651863093047,0.0179979705097863,0.9987834684343893,0.9733073131890352,1.0239132471847117,2000,0.0020281502004791,0.0055260433067566,0.0048369838872104,0.009656536941819,0.0039474212067958
same_baseline,stacking,"KNeighbors,AdaBoost,MLP,GradientBoosting",isotonic,models/stacking_sensitivity/h10_CV17_THY_CONT_STATES_same_baseline.joblib,isotonic,29,0.4599999999999999,saved stacking threshold,10,CV17_THY_CONT_STATES,complete thyroid block,block,thyroid,8,0.7674358734319415,0.7701724707849658,-0.0027365973530242,0.850445304632427,0.8473376132930514,0.0031076913393756,0.7688537236866307,0.7644658720884264,0.0043878515982043,0.1504816513680502,0.1522009226768765,0.0017192713088263,-0.0216248140687165,0.015941123940866,0.9964467733438525,0.9722113698116022,1.021015107146627,2000,0.0052049971947661,0.0059281235859246,0.0055434919436052,0.0101409855607873,0.0043307204162185
locked_baseline,stacking,"KNeighbors,AdaBoost,MLP,GradientBoosting",raw,models/stacking_sensitivity/h10_CV17_THY_CONT_STATES_locked_baseline.joblib,raw_fixed,30,0.5,fixed 0.5,10,CV17_THY_CONT_STATES,complete thyroid block,block,thyroid,8,0.7672617148888075,0.7781200810426108,-0.0108583661538033,0.8568416414904331,0.8540722557905337,0.0027693856998993,0.7951511697736454,0.7856022751068318,0.0095488946668136,0.1470381375552816,0.1481010585710911,0.0010629210158094,-0.0246803143014701,0.0026052070486034,0.986045385001176,0.968262914633434,1.0032824537483944,2000,0.0020855787941359,0.0064035702223601,0.004206004531722,0.0101345636128511,0.0024328153134752
locked_baseline,stacking,"KNeighbors,AdaBoost,MLP,GradientBoosting",raw,models/stacking_sensitivity/h10_CV17_THY_CONT_STATES_locked_baseline.joblib,raw_threshold,30,0.4999999999999999,saved stacking threshold,10,CV17_THY_CONT_STATES,complete thyroid block,block,thyroid,8,0.7672617148888075,0.7781200810426108,-0.0108583661538033,0.8568416414904331,0.8540722557905337,0.0027693856998993,0.7951511697736454,0.7856022751068318,0.0095488946668136,0.1470381375552816,0.1481010585710911,0.0010629210158094,-0.0246803143014701,0.0026052070486034,0.986045385001176,0.968262914633434,1.0032824537483944,2000,0.0020855787941359,0.0064035702223601,0.004206004531722,0.0101345636128511,0.0024328153134752
locked_baseline,stacking,"KNeighbors,AdaBoost,MLP,GradientBoosting",sigmoid,models/stacking_sensitivity/h10_CV17_THY_CONT_STATES_locked_baseline.joblib,sigmoid,31,0.5199999999999999,saved stacking threshold,10,CV17_THY_CONT_STATES,complete thyroid block,block,thyroid,8,0.7672617148888075,0.7757859637980311,-0.0085242489092236,0.8568416414904331,0.8540722557905337,0.0027693856998993,0.7951511697736454,0.7856022751068318,0.0095488946668136,0.148528333181316,0.1495795869814234,0.0010512538001073,-0.0213671965525922,0.0045221525087958,0.9890121124807528,0.972836643958055,1.005840053680347,2000,0.0020096515562584,0.0061659617711175,0.004206004531722,0.0101345636128511,0.0024773766622192
locked_baseline,stacking,"KNeighbors,AdaBoost,MLP,GradientBoosting",isotonic,models/stacking_sensitivity/h10_CV17_THY_CONT_STATES_locked_baseline.joblib,isotonic,32,0.3899999999999999,saved stacking threshold,10,CV17_THY_CONT_STATES,complete thyroid block,block,thyroid,8,0.7551358326386589,0.7663261604261737,-0.0111903277875148,0.8533956445115811,0.8545443101711984,-0.0011486656596172,0.7739460533982472,0.7674587391836326,0.0064873142146145,0.150124089401315,0.1502069478444895,8.285844317451607e-05,-0.0251010469385836,0.0026475680749483,0.9853974347146238,0.9672572484343394,1.0035288049640232,2000,-0.0007413675557366,0.0051477752868416,0.0026238355991944,0.011530008008301,0.0022920822293069
paper,stacking,"LogisticRegression,RandomForest,AdaBoost",raw,models/stacking_sensitivity/h10_CV17_THY_CONT_STATES_paper.joblib,raw_fixed,33,0.5,fixed 0.5,10,CV17_THY_CONT_STATES,complete thyroid block,block,thyroid,8,0.7656782164281778,0.7781200810426108,-0.0124418646144329,0.8554097432024169,0.8559604733131924,-0.0005507301107754,0.7912555405383732,0.7891243666465629,0.0021311738918102,0.1489260827940789,0.1486089498717802,-0.0003171329222987,-0.0306028872260055,0.0036673104251742,0.9840103540346088,0.9610896997841732,1.0047961232037588,2000,-0.0039747512941152,0.0056703892834467,0.0033783358509566,0.0089166296044747,0.0017882580589389
paper,stacking,"LogisticRegression,RandomForest,AdaBoost",raw,models/stacking_sensitivity/h10_CV17_THY_CONT_STATES_paper.joblib,raw_threshold,33,0.4399999999999999,saved stacking threshold,10,CV17_THY_CONT_STATES,complete thyroid block,block,thyroid,8,0.7598223278753053,0.7611687306501548,-0.0013464027748494,0.8554097432024169,0.8559604733131924,-0.0005507301107754,0.7912555405383732,0.7891243666465629,0.0021311738918102,0.1489260827940789,0.1486089498717802,-0.0003171329222987,-0.0185652746114564,0.016087822636525,0.9982311375643356,0.9757611207719132,1.021325508731925,2000,-0.0054728119823055,0.0042777935602984,0.0033783358509566,0.0089166296044747,0.0017882580589389
paper,stacking,"LogisticRegression,RandomForest,AdaBoost",sigmoid,models/stacking_sensitivity/h10_CV17_THY_CONT_STATES_paper.joblib,sigmoid,34,0.4199999999999999,saved stacking threshold,10,CV17_THY_CONT_STATES,complete thyroid block,block,thyroid,8,0.7673416168123945,0.7705434113300493,-0.0032017945176547,0.8554097432024169,0.8559604733131924,-0.0005507301107754,0.7912555405383732,0.7891243666465629,0.0021311738918102,0.1481909331269922,0.1478719591517485,-0.0003189739752436,-0.0196910673987264,0.0127065453578254,0.9958447577766864,0.974492427819738,1.0165985361588237,2000,0.0045490575863765,0.0072919468794949,0.0033783358509566,0.0089166296044747,0.0017886021864076
paper,stacking,"LogisticRegression,RandomForest,AdaBoost",isotonic,models/stacking_sensitivity/h10_CV17_THY_CONT_STATES_paper.joblib,isotonic,35,0.3099999999999999,saved stacking threshold,10,CV17_THY_CONT_STATES,complete thyroid block,block,thyroid,8,0.7637361795963371,0.7687380081746279,-0.0050018285782907,0.8538598313192346,0.8564797331319235,-0.0026199018126888,0.7737161615704743,0.7752600883675327,-0.0015439267970583,0.1498090693938317,0.1474775656386585,-0.0023315037551731,-0.0214215705254079,0.0109491420568285,0.9934934548245278,0.972171984048776,1.0144687195532884,2000,0.0016015844920103,0.007406028805228,0.0026096739677743,0.0054949983695754,0.0007848740208332
same_members_reselected_C,stacking,"KNeighbors,AdaBoost,MLP,GradientBoosting",raw,cache/classification_explainability/prepared_h10_CV17_THY_CONT_STATES.joblib,raw_fixed,36,0.5,fixed 0.5,10,CV17_THY_CONT_STATES,complete thyroid block,block,thyroid,8,0.7786291550794524,0.7763045337895638,0.0023246212898886,0.8539463746223565,0.8506734642497482,0.0032729103726082,0.791555968135227,0.7859704510855492,0.0055855170496778,0.148536233980378,0.1499044620013472,0.0013682280209691,-0.0170796083197657,0.0210336650658831,1.0029944708406389,0.9779272425366778,1.027401974722054,2000,0.0125236817705314,0.0054445627213303,0.0048967774420946,0.0100288350477277,0.0031783142420762
same_members_reselected_C,stacking,"KNeighbors,AdaBoost,MLP,GradientBoosting",raw,cache/classification_explainability/prepared_h10_CV17_THY_CONT_STATES.joblib,raw_threshold,36,0.4899999999999999,saved reselected-C validation threshold,10,CV17_THY_CONT_STATES,complete thyroid block,block,thyroid,8,0.7773134422506781,0.7773134422506781,0.0,0.8539463746223565,0.8506734642497482,0.0032729103726082,0.791555968135227,0.7859704510855492,0.0055855170496778,0.148536233980378,0.1499044620013472,0.0013682280209691,-0.0180126119403866,0.0182849318580622,1.0,0.97691692227697,1.02405862367822,2000,0.0091017501656283,0.0067976910768532,0.0048967774420946,0.0100288350477277,0.0031783142420762
same_members_reselected_C,stacking,"KNeighbors,AdaBoost,MLP,GradientBoosting",sigmoid,cache/classification_explainability/prepared_h10_CV17_THY_CONT_STATES.joblib,sigmoid,37,0.4899999999999999,saved reselected-C validation threshold,10,CV17_THY_CONT_STATES,complete thyroid block,block,thyroid,8,0.7791289246738895,0.7773134422506781,0.0018154824232113,0.8539463746223565,0.8506734642497482,0.0032729103726082,0.791555968135227,0.7859704510855492,0.0055855170496778,0.1485031726656946,0.1498771733587449,0.0013740006930502,-0.0172143015261038,0.0206201705834839,1.0023355860384386,0.9783143755443526,1.0268779726999206,2000,0.010787007098101,0.0067527800186921,0.0048967774420946,0.0100288350477277,0.0031769955086811
same_members_reselected_C,stacking,"KNeighbors,AdaBoost,MLP,GradientBoosting",isotonic,cache/classification_explainability/prepared_h10_CV17_THY_CONT_STATES.joblib,isotonic,38,0.4199999999999999,saved reselected-C validation threshold,10,CV17_THY_CONT_STATES,complete thyroid block,block,thyroid,8,0.7759907263689412,0.7741796200345423,0.0018111063343988,0.852270581570997,0.8489662009063444,0.0033043806646525,0.7689832693822827,0.7635844892832805,0.0053987800990021,0.1512795408052618,0.1525934634531267,0.0013139226478648,-0.0141955397905697,0.0174666523247294,1.002339387769363,0.9818794895338206,1.0228115527513408,2000,0.008515606787247,0.0056262718541399,0.0052106936052366,0.0109437494585605,0.0040099102797148
LogisticRegression,individual,LogisticRegression,raw,Cached fitted individual; sigmoid fitted to cached training OOF,raw_fixed,0,0.5,fixed 0.5,10,CV17_THY_STATES,complete thyroid block,block,thyroid,5,0.7436738448546266,0.7433177287828451,0.0003561160717815,0.8491156847935549,0.8492730362537765,-0.0001573514602215,0.7796199766317002,0.7802106021254712,-0.0005906254937709,0.1657703428981803,0.1660966578071797,0.0003263149089993,-0.0086566735350855,0.0095712962156399,1.000479089974572,0.9884433098180888,1.013134058154089,2000,-0.0017207227193554,0.0034283366428405,0.0010542547834844,0.0016222667630111,0.0006545228161215
LogisticRegression,individual,LogisticRegression,raw,Cached fitted individual; sigmoid fitted to cached training OOF,raw_threshold,0,0.5099999999999999,own validation,10,CV17_THY_STATES,complete thyroid block,block,thyroid,5,0.756260301221938,0.7487032419896108,0.0075570592323271,0.8491156847935549,0.8492730362537765,-0.0001573514602215,0.7796199766317002,0.7802106021254712,-0.0005906254937709,0.1657703428981803,0.1660966578071797,0.0003263149089993,-0.0018070937016911,0.0186990227620282,1.0100935307989918,0.997592857381905,1.0250496949281538,2000,0.0041096693775697,0.0023718054922562,0.0010542547834844,0.0016222667630111,0.0006545228161215
LogisticRegression,individual,LogisticRegression,sigmoid,Cached fitted individual; sigmoid fitted to cached training OOF,sigmoid,1,0.4099999999999999,own validation,10,CV17_THY_STATES,complete thyroid block,block,thyroid,5,0.7533394188346265,0.7551358326386589,-0.0017964138040323,0.8491156847935549,0.8492730362537765,-0.0001573514602215,0.7796199766317002,0.7802106021254712,-0.0005906254937709,0.1526241617627871,0.1523133822592465,-0.0003107795035406,-0.0121676144003169,0.009108226581097,0.997621071962967,0.9838773686028024,1.012434013979432,2000,0.0030245876717907,0.0018428142730281,0.0010542547834844,0.0016222667630111,0.0004827733949822
SVC,individual,SVC,raw,Cached fitted individual; sigmoid fitted to cached training OOF,raw_fixed,2,0.5,fixed 0.5,10,CV17_THY_STATES,complete thyroid block,block,thyroid,5,0.7514744933612858,0.7651306507699951,-0.0136561574087092,0.8417831067472307,0.8429789778449144,-0.0011958710976837,0.7716893447237277,0.7739113160928066,-0.0022219713690788,0.1555908942466334,0.1546098312473345,-0.0009810629992988,-0.0302883122545292,0.0027396503243291,0.9821518620447812,0.9603592565964426,1.0036763613939308,2000,-0.0005995916385873,0.0059855923514763,0.0016372419436052,0.0046329238847793,0.0006584589571674
SVC,individual,SVC,raw,Cached fitted individual; sigmoid fitted to cached training OOF,raw_threshold,2,0.4899999999999999,own validation,10,CV17_THY_STATES,complete thyroid block,block,thyroid,5,0.7544483702571938,0.7656782164281778,-0.0112298461709839,0.8417831067472307,0.8429789778449144,-0.0011958710976837,0.7716893447237277,0.7739113160928066,-0.0022219713690788,0.1555908942466334,0.1546098312473345,-0.0009810629992988,-0.0273161660587076,0.0048868956863855,0.9853334652468366,0.9644098784110368,1.0063326304711453,2000,0.0025238286793113,0.0071965287453618,0.0016372419436052,0.0046329238847793,0.0006584589571674
SVC,individual,SVC,sigmoid,Cached fitted individual; sigmoid fitted to cached training OOF,sigmoid,3,0.4699999999999999,own validation,10,CV17_THY_STATES,complete thyroid block,block,thyroid,5,0.7526597118728267,0.7620780638704394,-0.0094183519976127,0.8417831067472307,0.8429789778449144,-0.0011958710976837,0.7716893447237277,0.7739113160928066,-0.0022219713690788,0.1546188101128991,0.1536812120687534,-0.0009375980441457,-0.0261033703502527,0.0070757104201645,0.9876412241158355,0.9659854443911904,1.009147714197933,2000,0.0021164654581798,0.0066169974719384,0.0016372419436052,0.0046329238847793,0.0006487216767779
KNeighbors,individual,KNeighbors,raw,Cached fitted individual; sigmoid fitted to cached training OOF,raw_fixed,4,0.5,fixed 0.5,10,CV17_THY_STATES,complete thyroid block,block,thyroid,5,0.727877739191462,0.7219071251329315,0.0059706140585304,0.8201000755287009,0.8092113544813696,0.0108887210473312,0.73821364054095,0.7328523214325826,0.0053613191083673,0.1641345451238872,0.1676064406381951,0.0034718955143079,-0.0151300551866823,0.0290652530603275,1.0082706124523029,0.9794537333949958,1.0414422282222815,2000,0.0051432925064867,0.0087061255246609,0.0124984264853977,0.0197944748043987,0.0055982570525295
KNeighbors,individual,KNeighbors,raw,Cached fitted individual; sigmoid fitted to cached training OOF,raw_threshold,4,0.4099999999999999,own validation,10,CV17_THY_STATES,complete thyroid block,block,thyroid,5,0.735642755344418,0.7290403193856094,0.0066024359588086,0.8201000755287009,0.8092113544813696,0.0108887210473312,0.73821364054095,0.7328523214325826,0.0053613191083673,0.1641345451238872,0.1676064406381951,0.0034718955143079,-0.0154443642909657,0.0284586335516791,1.0090563385635145,0.97912035650194,1.0399269205849415,2000,0.005412571123181,0.0067435402816361,0.0124984264853977,0.0197944748043987,0.0055982570525295
KNeighbors,individual,KNeighbors,sigmoid,Cached fitted individual; sigmoid fitted to cached training OOF,sigmoid,5,0.3299999999999999,own validation,10,CV17_THY_STATES,complete thyroid block,block,thyroid,5,0.7300558718150616,0.7325612874116408,-0.0025054155965792,0.8201000755287009,0.8092113544813696,0.0108887210473312,0.73821364054095,0.7328523214325826,0.0053613191083673,0.1630909748559562,0.1663505124484248,0.0032595375924686,-0.0241921421170058,0.0195887769243058,0.9965799235645776,0.9674438613981412,1.027429916459859,2000,0.0130699621748796,0.007544816366497,0.0124984264853977,0.0197944748043987,0.0060001443841203
RandomForest,individual,RandomForest,raw,Cached fitted individual; sigmoid fitted to cached training OOF,raw_fixed,6,0.5,fixed 0.5,10,CV17_THY_STATES,complete thyroid block,block,thyroid,5,0.754983683887435,0.7603767541245494,-0.0053930702371144,0.8536631419939577,0.8541509315206445,-0.0004877895266868,0.7834329131248139,0.7810144870864172,0.0024184260383967,0.1493095068812661,0.149151709323539,-0.000157797557727,-0.0124794361862945,0.0,0.9929073709738488,0.983572639985775,1.0,2000,-0.003346752559658,0.0029801042552646,0.0007426988922456,0.0043637147478345,0.0004351096164064
RandomForest,individual,RandomForest,raw,Cached fitted individual; sigmoid fitted to cached training OOF,raw_threshold,6,0.4399999999999999,own validation,10,CV17_THY_STATES,complete thyroid block,block,thyroid,5,0.7638348229578649,0.7741796200345423,-0.0103447970766774,0.8536631419939577,0.8541509315206445,-0.0004877895266868,0.7834329131248139,0.7810144870864172,0.0024184260383967,0.1493095068812661,0.149151709323539,-0.000157797557727,-0.0209626434034591,-0.0004123550654109,0.9866377300448494,0.9729226763786676,0.9994783257513012,2000,0.0013521219920408,0.0035762638179677,0.0007426988922456,0.0043637147478345,0.0004351096164064
RandomForest,individual,RandomForest,sigmoid,Cached fitted individual; sigmoid fitted to cached training OOF,sigmoid,7,0.4499999999999999,own validation,10,CV17_THY_STATES,complete thyroid block,block,thyroid,5,0.7548624265454982,0.7656344372615722,-0.010772010716074,0.8536631419939577,0.8541509315206445,-0.0004877895266868,0.7834329131248139,0.7810144870864172,0.0024184260383967,0.1497599158265794,0.1489385942853285,-0.0008213215412508,-0.0197350460230282,-0.003555402044227,0.9859306084054916,0.9742931379233932,0.9953743094980092,2000,-0.0034735914463458,0.0024331287117535,0.0007426988922456,0.0043637147478345,0.0001194511730179
AdaBoost,individual,AdaBoost,raw,Cached fitted individual; sigmoid fitted to cached training OOF,raw_fixed,8,0.5,fixed 0.5,10,CV17_THY_STATES,complete thyroid block,block,thyroid,5,0.7562359369977499,0.7562359369977499,0.0,0.8527898413897281,0.8527898413897281,0.0,0.7822158493920263,0.7822158493920263,0.0,0.1737060183350613,0.1737060183350613,0.0,0.0,0.0,1.0,1.0,1.0,2000,0.0,0.0,0.0,0.0,0.0
AdaBoost,individual,AdaBoost,raw,Cached fitted individual; sigmoid fitted to cached training OOF,raw_threshold,8,0.4999999999999999,own validation,10,CV17_THY_STATES,complete thyroid block,block,thyroid,5,0.7562359369977499,0.7562359369977499,0.0,0.8527898413897281,0.8527898413897281,0.0,0.7822158493920263,0.7822158493920263,0.0,0.1737060183350613,0.1737060183350613,0.0,0.0,0.0,1.0,1.0,1.0,2000,0.0,0.0,0.0,0.0,0.0
AdaBoost,individual,AdaBoost,sigmoid,Cached fitted individual; sigmoid fitted to cached training OOF,sigmoid,9,0.5299999999999999,own validation,10,CV17_THY_STATES,complete thyroid block,block,thyroid,5,0.7556153523895459,0.7556153523895459,0.0,0.8527898413897281,0.8527898413897281,0.0,0.7822158493920263,0.7822158493920263,0.0,0.1496853591002458,0.1496853591002458,0.0,0.0,0.0,1.0,1.0,1.0,2000,0.0,0.0,0.0,0.0,0.0
MLP,individual,MLP,raw,Cached fitted individual; sigmoid fitted to cached training OOF,raw_fixed,10,0.5,fixed 0.5,10,CV17_THY_STATES,complete thyroid block,block,thyroid,5,0.757308584686775,0.7451122621300903,0.0121963225566846,0.8408862034239678,0.8414211983887211,-0.0005349949647532,0.7690102774502634,0.769590047030066,-0.0005797695798025,0.1703791759569682,0.1698416114506465,-0.0005375645063216,-0.0052689788671039,0.0306338578956145,1.0163684362431755,0.9932162287752646,1.041845518376341,2000,0.0155697566458087,0.0069266932086732,0.0034365558912386,0.0053972875600034,0.0033873972427813
MLP,individual,MLP,raw,Cached fitted individual; sigmoid fitted to cached training OOF,raw_threshold,10,0.57,own validation,10,CV17_THY_STATES,complete thyroid block,block,thyroid,5,0.7566721651228694,0.7530869410017157,0.0035852241211536,0.8408862034239678,0.8414211983887211,-0.0005349949647532,0.7690102774502634,0.769590047030066,-0.0005797695798025,0.1703791759569682,0.1698416114506465,-0.0005375645063216,-0.0155790365867601,0.0209089363470697,1.0047607041444442,0.97968744025137,1.0279786627807908,2000,0.0087278212756445,0.0065303155263766,0.0034365558912386,0.0053972875600034,0.0033873972427813
MLP,individual,MLP,sigmoid,Cached fitted individual; sigmoid fitted to cached training OOF,sigmoid,11,0.4399999999999999,own validation,10,CV17_THY_STATES,complete thyroid block,block,thyroid,5,0.7602627068045684,0.7530869410017157,0.0071757658028527,0.8408862034239678,0.8414211983887211,-0.0005349949647532,0.7690102774502634,0.769590047030066,-0.0005797695798025,0.1547426276552976,0.1539885597515573,-0.0007540679037403,-0.0130543553985092,0.0262101315233306,1.0095284693070203,0.9827386218278544,1.0353367593168414,2000,0.007893652680091,0.0065145890214941,0.0034365558912386,0.0053972875600034,0.002023779497079
GradientBoosting,individual,GradientBoosting,raw,Cached fitted individual; sigmoid fitted to cached training OOF,raw_fixed,12,0.5,fixed 0.5,10,CV17_THY_STATES,complete thyroid block,block,thyroid,5,0.7382302978826669,0.7469074191694643,-0.0086771212867974,0.8534585850956697,0.8555749622356495,-0.0021163771399798,0.7841892285235715,0.7869112541810037,-0.0027220256574321,0.1583070270002093,0.157822621645426,-0.0004844053547833,-0.0177334727352561,-0.0020912178449911,0.9883826012915414,0.9761337594917764,0.9972540497850624,2000,-0.0086714965934797,0.0021479434265164,-0.0005515168680764,-0.0009737495395674,0.0003311685621802
GradientBoosting,individual,GradientBoosting,raw,Cached fitted individual; sigmoid fitted to cached training OOF,raw_threshold,12,0.58,own validation,10,CV17_THY_STATES,complete thyroid block,block,thyroid,5,0.7548624265454982,0.7477125292807829,0.0071498972647152,0.8534585850956697,0.8555749622356495,-0.0021163771399798,0.7841892285235715,0.7869112541810037,-0.0027220256574321,0.1583070270002093,0.157822621645426,-0.0004844053547833,0.0,0.0161071702396316,1.009562361181232,1.0,1.0217746055591257,2000,0.0076261793055267,0.0038482728712589,-0.0005515168680764,-0.0009737495395674,0.0003311685621802
GradientBoosting,individual,GradientBoosting,sigmoid,Cached fitted individual; sigmoid fitted to cached training OOF,sigmoid,13,0.4799999999999999,own validation,10,CV17_THY_STATES,complete thyroid block,block,thyroid,5,0.7584464376506387,0.7530727554179566,0.005373682232682,0.8534585850956697,0.8555749622356495,-0.0021163771399798,0.7841892285235715,0.7869112541810037,-0.0027220256574321,0.1494965997933289,0.1486589119468749,-0.000837687846454,-0.001792389873072,0.0139662862794687,1.0071356747326488,0.9976259516448436,1.0188148195332336,2000,0.0062100221821742,0.0040629957656821,-0.0005515168680764,-0.0009737495395674,-1.7171556335204842e-05
XGBoost,individual,XGBoost,raw,Cached fitted individual; sigmoid fitted to cached training OOF,raw_fixed,14,0.5,fixed 0.5,10,CV17_THY_STATES,complete thyroid block,block,thyroid,5,0.7665178571428571,0.7535145698028622,0.0130032873399948,0.8434195619335347,0.8429160372608258,0.0005035246727089,0.7736932680443928,0.7732182527316332,0.0004750153127595,0.1692823872335091,0.1702351193093911,0.0009527320758819,-0.0042648846086979,0.0305213106442699,1.01725684925163,0.9944164824373514,1.041425517999213,2000,0.0164618930561907,0.0070651011224949,0.0033452920443101,0.0071499912819753,0.0016445265480402
XGBoost,individual,XGBoost,raw,Cached fitted individual; sigmoid fitted to cached training OOF,raw_threshold,14,0.5299999999999999,own validation,10,CV17_THY_STATES,complete thyroid block,block,thyroid,5,0.753802518265933,0.7597344992554573,-0.0059319809895242,0.8434195619335347,0.8429160372608258,0.0005035246727089,0.7736932680443928,0.7732182527316332,0.0004750153127595,0.1692823872335091,0.1702351193093911,0.0009527320758819,-0.0207231496122922,0.0090446657599974,0.9921920341970284,0.9728422111450552,1.0120378384104642,2000,0.0041793794503566,0.0093097834189975,0.0033452920443101,0.0071499912819753,0.0016445265480402
XGBoost,individual,XGBoost,sigmoid,Cached fitted individual; sigmoid fitted to cached training OOF,sigmoid,15,0.4699999999999999,own validation,10,CV17_THY_STATES,complete thyroid block,block,thyroid,5,0.7520151730678046,0.7597344992554573,-0.0077193261876526,0.8434195619335347,0.8429160372608258,0.0005035246727089,0.7736932680443928,0.7732182527316332,0.0004750153127595,0.1543561400539255,0.1539470795221136,-0.0004090605318118,-0.0228880411659619,0.0065118487952942,0.9898394423377934,0.9700626627965624,1.0086742300737457,2000,0.0021111194472112,0.0097596301811834,0.0033452920443101,0.0071499912819753,0.0014217425860594
diverse,voting,"LogisticRegression,XGBoost,MLP",raw,models/final_h10_CV17_THY_STATES_diverse.joblib,raw_fixed,16,0.5,fixed 0.5,10,CV17_THY_STATES,complete thyroid block,block,thyroid,5,0.7508619907449414,0.7483338069527328,0.0025281837922086,0.846393504531722,0.8463620342396777,3.1470292044311066e-05,0.7761922783338382,0.7776931197371422,-0.0015008414033039,0.162965629279633,0.1633763440331929,0.0004107147535599,-0.0100275704354911,0.0153625897545164,1.0033784171832405,0.9868112438751696,1.0207391174822673,2000,0.0064322598646142,0.0057828828295793,0.003249307653575,0.0043539844113571,0.0018917537749263
diverse,voting,"LogisticRegression,XGBoost,MLP",raw,models/final_h10_CV17_THY_STATES_diverse.joblib,raw_threshold,16,0.4599999999999999,saved voting threshold (also applied to raw),10,CV17_THY_STATES,complete thyroid block,block,thyroid,5,0.7378034180359762,0.7350388219444371,0.002764596091539,0.846393504531722,0.8463620342396777,3.1470292044311066e-05,0.7761922783338382,0.7776931197371422,-0.0015008414033039,0.162965629279633,0.1633763440331929,0.0004107147535599,-0.0146610406161074,0.0207912240192403,1.0037611565661602,0.9802647503376404,1.0284865520685649,2000,0.0050673200515382,0.0075259718042899,0.003249307653575,0.0043539844113571,0.0018917537749263
diverse,voting,"LogisticRegression,XGBoost,MLP",sigmoid,models/final_h10_CV17_THY_STATES_diverse.joblib,sigmoid,17,0.4599999999999999,saved voting threshold (also applied to raw),10,CV17_THY_STATES,complete thyroid block,block,thyroid,5,0.7691463269528236,0.7553075625095873,0.0138387644432362,0.846393504531722,0.8463620342396777,3.1470292044311066e-05,0.7761922783338382,0.7776931197371422,-0.0015008414033039,0.1539920609155983,0.1539547988069662,-3.7262108632168944e-05,-0.0018092492804817,0.0296090720190352,1.018322025529912,0.9976296647949608,1.0397114368457363,2000,0.0094092766888814,0.0046158748493277,0.003249307653575,0.0043539844113571,0.0019491205504887
paper,voting,"LogisticRegression,RandomForest,AdaBoost",raw,models/predictive_sensitivity/h10_CV17_THY_STATES_paper.joblib,raw_fixed,18,0.5,fixed 0.5,10,CV17_THY_STATES,complete thyroid block,block,thyroid,5,0.7628674171357097,0.7659679698539802,-0.0031005527182704,0.8559132678751259,0.8557401812688822,0.0001730866062437,0.7877237838211081,0.7863488081036759,0.0013749757174321,0.1574721960857908,0.1573809243604326,-9.127172535819406e-05,-0.0124884645034051,0.0059534502170934,0.9959521117849596,0.9838531942932408,1.007848042602244,2000,0.0025315151835699,0.0036235539838753,0.000832389224572,0.0022598257311621,0.0004158636699044
paper,voting,"LogisticRegression,RandomForest,AdaBoost",raw,models/predictive_sensitivity/h10_CV17_THY_STATES_paper.joblib,raw_threshold,18,0.3499999999999999,saved voting threshold (also applied to raw),10,CV17_THY_STATES,complete thyroid block,block,thyroid,5,0.725275774795855,0.725275774795855,0.0,0.8559132678751259,0.8557401812688822,0.0001730866062437,0.7877237838211081,0.7863488081036759,0.0013749757174321,0.1574721960857908,0.1573809243604326,-9.127172535819406e-05,-0.0055087407753543,0.0055292935342988,1.0,0.9925065493938966,1.007598242950382,2000,0.0051409148959587,0.0028675957237906,0.000832389224572,0.0022598257311621,0.0004158636699044
paper,voting,"LogisticRegression,RandomForest,AdaBoost",sigmoid,models/predictive_sensitivity/h10_CV17_THY_STATES_paper.joblib,sigmoid,19,0.3499999999999999,saved voting threshold (also applied to raw),10,CV17_THY_STATES,complete thyroid block,block,thyroid,5,0.7525459625090123,0.7543521472346534,-0.001806184725641,0.8559132678751259,0.8557401812688822,0.0001730866062437,0.7877237838211081,0.7863488081036759,0.0013749757174321,0.1491510331476063,0.1485439809402901,-0.0006070522073162,-0.0088899993808276,0.0036512702017929,0.9976056477969044,0.988306022468862,1.0048978497321417,2000,-0.0008530542638875,0.0021889283043394,0.000832389224572,0.0022598257311621,0.000147884197349
top3_train_cv,voting,"RandomForest,LogisticRegression,SVC",raw,models/predictive_sensitivity/h10_CV17_THY_STATES_top3_train_cv.joblib,raw_fixed,20,0.5,fixed 0.5,10,CV17_THY_STATES,complete thyroid block,block,thyroid,5,0.7682692043774727,0.7764720643995091,-0.0082028600220364,0.8514130161127895,0.8513658106747231,4.72054380664666e-05,0.7825561144512626,0.7819626574443962,0.0005934570068664,0.1519331526021944,0.151595604427859,-0.0003375481743354,-0.0237929283320425,0.0064671253353639,0.9894357306616304,0.9695208272289592,1.0084880383937675,2000,0.0024784519304101,0.0074484456051321,0.0010463872104733,0.0030084630293763,0.0006010171423872
top3_train_cv,voting,"RandomForest,LogisticRegression,SVC",raw,models/predictive_sensitivity/h10_CV17_THY_STATES_top3_train_cv.joblib,raw_threshold,20,0.4199999999999999,saved voting threshold (also applied to raw),10,CV17_THY_STATES,complete thyroid block,block,thyroid,5,0.7598632408577424,0.7576938267104144,0.0021694141473279,0.8514130161127895,0.8513658106747231,4.72054380664666e-05,0.7825561144512626,0.7819626574443962,0.0005934570068664,0.1519331526021944,0.151595604427859,-0.0003375481743354,-0.0072172025891081,0.0118390215749558,1.0028631804441994,0.99057269632642,1.0157152880495257,2000,0.0048648994708871,0.0041179177425373,0.0010463872104733,0.0030084630293763,0.0006010171423872
top3_train_cv,voting,"RandomForest,LogisticRegression,SVC",sigmoid,models/predictive_sensitivity/h10_CV17_THY_STATES_top3_train_cv.joblib,sigmoid,21,0.4199999999999999,saved voting threshold (also applied to raw),10,CV17_THY_STATES,complete thyroid block,block,thyroid,5,0.7633302653781255,0.7753643196809327,-0.0120340543028071,0.8514130161127895,0.8513658106747231,4.72054380664666e-05,0.7825561144512626,0.7819626574443962,0.0005934570068664,0.1509875647363706,0.1501719958379598,-0.0008155688984108,-0.0257680404737241,0.0008131948264977,0.984479484034345,0.966744107249298,1.0010532676103132,2000,-0.0040127055578392,0.0049715588410815,0.0010463872104733,0.0030084630293763,0.0003527692061068
paper_locked,voting,"LogisticRegression,RandomForest,AdaBoost",raw,models/final_h10_CV17_THY_STATES_paper_locked.joblib,raw_fixed,22,0.5,fixed 0.5,10,CV17_THY_STATES,complete thyroid block,block,thyroid,5,0.754342886601875,0.7551358326386589,-0.0007929460367839,0.8542925478348439,0.8544184290030211,-0.0001258811681772,0.7840475202337535,0.7829708517925741,0.0010766684411793,0.1713298507112901,0.1712288403546054,-0.0001010103566846,-0.0120456699010749,0.0110405904397819,0.9989499292676748,0.9841698050987074,1.014647819658142,2000,-0.002871113625719,0.0039562078884368,0.0001778071500503,0.0012549358452499,0.0003742095601067
paper_locked,voting,"LogisticRegression,RandomForest,AdaBoost",raw,models/final_h10_CV17_THY_STATES_paper_locked.joblib,raw_threshold,22,0.3799999999999999,saved voting threshold (also applied to raw),10,CV17_THY_STATES,complete thyroid block,block,thyroid,5,0.6940178440836624,0.6901568122641233,0.0038610318195391,0.8542925478348439,0.8544184290030211,-0.0001258811681772,0.7840475202337535,0.7829708517925741,0.0010766684411793,0.1713298507112901,0.1712288403546054,-0.0001010103566846,-0.0055699530385434,0.0133931933960179,1.0055944268765131,0.9919575857994182,1.0196985755464347,2000,0.0017328078294912,0.0028774666909329,0.0001778071500503,0.0012549358452499,0.0003742095601067
paper_locked,voting,"LogisticRegression,RandomForest,AdaBoost",sigmoid,models/final_h10_CV17_THY_STATES_paper_locked.joblib,sigmoid,23,0.3799999999999999,saved voting threshold (also applied to raw),10,CV17_THY_STATES,complete thyroid block,block,thyroid,5,0.7487032419896108,0.7490640100040424,-0.0003607680144316,0.8542925478348439,0.8544184290030211,-0.0001258811681772,0.7840475202337535,0.7829708517925741,0.0010766684411793,0.1503302533087353,0.1496041120216944,-0.0007261412870409,-0.0109150595918313,0.0098727382028919,0.9995183749190812,0.9855798673131764,1.0130616543992184,2000,0.0011845992171028,0.0037907801105489,0.0001778071500503,0.0012549358452499,-8.729303998245286e-05
own,stacking,"GradientBoosting,XGBoost",raw,models/stacking_sensitivity/h10_CV17_THY_STATES_own.joblib,raw_fixed,24,0.5,fixed 0.5,10,CV17_THY_STATES,complete thyroid block,block,thyroid,5,0.7763045337895638,0.7731896171071722,0.0031149166823916,0.8555041540785498,0.8562437059415912,-0.0007395518630413,0.787655537882352,0.7898360950920048,-0.0021805572096528,0.1485249215338376,0.1483367808007426,-0.000188140733095,-0.0082611083561134,0.014936516844841,1.0040286581887194,0.9894492689508712,1.0194924765827356,2000,0.0022059673459442,0.0069448972842629,0.0012021651560926,0.0022969214966439,0.0007506953920063
own,stacking,"GradientBoosting,XGBoost",raw,models/stacking_sensitivity/h10_CV17_THY_STATES_own.joblib,raw_threshold,24,0.4599999999999999,saved stacking threshold,10,CV17_THY_STATES,complete thyroid block,block,thyroid,5,0.7701724707849658,0.768820956635027,0.0013515141499387,0.8555041540785498,0.8562437059415912,-0.0007395518630413,0.787655537882352,0.7898360950920048,-0.0021805572096528,0.1485249215338376,0.1483367808007426,-0.000188140733095,-0.0116928070474098,0.014496999174791,1.0017579049299774,0.9849070058050204,1.0189212716759668,2000,0.0037852715884171,0.0040394491006681,0.0012021651560926,0.0022969214966439,0.0007506953920063
own,stacking,"GradientBoosting,XGBoost",sigmoid,models/stacking_sensitivity/h10_CV17_THY_STATES_own.joblib,sigmoid,25,0.4799999999999999,saved stacking threshold,10,CV17_THY_STATES,complete thyroid block,block,thyroid,5,0.7701724707849658,0.769264705882353,0.0009077649026127,0.8555041540785498,0.8562437059415912,-0.0007395518630413,0.787655537882352,0.7898360950920048,-0.0021805572096528,0.1498905785940788,0.149415038718601,-0.0004755398754777,-0.0118423750738443,0.0143753933900115,1.0011800423127064,0.9844524798218292,1.0189724557859894,2000,0.0037852715884171,0.0040394491006681,0.0012021651560926,0.0022969214966439,0.000770905601587
own,stacking,"GradientBoosting,XGBoost",isotonic,models/stacking_sensitivity/h10_CV17_THY_STATES_own.joblib,isotonic,26,0.4899999999999999,saved stacking threshold,10,CV17_THY_STATES,complete thyroid block,block,thyroid,5,0.7683682983682985,0.767461191981287,0.0009071063870114,0.8545443101711984,0.8534192472306144,0.001125062940584,0.7728586713020161,0.7703128867341494,0.0025457845678666,0.1495152174106117,0.1492808967885512,-0.0002343206220604,-0.0121351534897773,0.0141148719758858,1.001181957337373,0.9842246783103392,1.01886982076429,2000,0.0046364781780804,0.0039247656218569,0.0022249496475326,0.0068580265157424,0.0010519058247034
same_baseline,stacking,"KNeighbors,AdaBoost,MLP,GradientBoosting",raw,models/stacking_sensitivity/h10_CV17_THY_STATES_same_baseline.joblib,raw_fixed,27,0.5,fixed 0.5,10,CV17_THY_STATES,complete thyroid block,block,thyroid,5,0.7736892623363545,0.7755002382555753,-0.0018109759192208,0.8547803373615307,0.8529235901309165,0.0018567472306142,0.7854844112692821,0.7842250095046729,0.0012594017646092,0.1486449801484027,0.1493715933113852,0.0007266131629825,-0.0149314556006671,0.0119454313823977,0.99766476420008,0.9807720852926204,1.0151679406526994,2000,0.002531714308464,0.0043306569786705,0.002380727593152,0.0029687200684251,0.001877563909773
same_baseline,stacking,"KNeighbors,AdaBoost,MLP,GradientBoosting",raw,models/stacking_sensitivity/h10_CV17_THY_STATES_same_baseline.joblib,raw_threshold,27,0.4899999999999999,saved stacking threshold,10,CV17_THY_STATES,complete thyroid block,block,thyroid,5,0.7646660640991028,0.7700737949442613,-0.0054077308451585,0.8547803373615307,0.8529235901309165,0.0018567472306142,0.7854844112692821,0.7842250095046729,0.0012594017646092,0.1486449801484027,0.1493715933113852,0.0007266131629825,-0.0183362366439823,0.0062535206591,0.992977645933855,0.9762561185711326,1.0082228402923692,2000,0.0001498786273271,0.0048108969771598,0.002380727593152,0.0029687200684251,0.001877563909773
same_baseline,stacking,"KNeighbors,AdaBoost,MLP,GradientBoosting",sigmoid,models/stacking_sensitivity/h10_CV17_THY_STATES_same_baseline.joblib,sigmoid,28,0.4999999999999999,saved stacking threshold,10,CV17_THY_STATES,complete thyroid block,block,thyroid,5,0.7646660640991028,0.7723706343884909,-0.007704570289388,0.8547803373615307,0.8529235901309165,0.0018567472306142,0.7854844112692821,0.7842250095046729,0.0012594017646092,0.1505569440840544,0.151097074562223,0.0005401304781686,-0.020836781583244,0.0045669638936978,0.9900247757406158,0.9731954038681444,1.0061151497472127,2000,0.0001498786273271,0.0048108969771598,0.002380727593152,0.0029687200684251,0.0019886526609143
same_baseline,stacking,"KNeighbors,AdaBoost,MLP,GradientBoosting",isotonic,models/stacking_sensitivity/h10_CV17_THY_STATES_same_baseline.joblib,isotonic,29,0.4499999999999999,saved stacking threshold,10,CV17_THY_STATES,complete thyroid block,block,thyroid,5,0.7664666436875255,0.7700737949442613,-0.0036071512567358,0.8544892371601208,0.8534428499496476,0.0010463872104732,0.7689312858167208,0.7674125934386179,0.0015186923781028,0.1510470624399362,0.150467359743559,-0.0005797026963771,-0.0150393010631253,0.0073348125627451,0.9953158368971678,0.9805531108415512,1.0098668027461035,2000,0.0010984381793163,0.0044514419421054,0.0037449647532728,0.0076540899509476,0.0013422232561682
locked_baseline,stacking,"KNeighbors,AdaBoost,MLP,GradientBoosting",raw,models/stacking_sensitivity/h10_CV17_THY_STATES_locked_baseline.joblib,raw_fixed,30,0.5,fixed 0.5,10,CV17_THY_STATES,complete thyroid block,block,thyroid,5,0.7641677743664546,0.771880464467454,-0.0077126901009993,0.8587927995971802,0.8580060422960725,0.0007867573011077,0.7945025002379035,0.7910496124296191,0.0034528878082843,0.1471144665503636,0.1469242988767792,-0.0001901676735843,-0.0228840996261603,0.0072899680586849,0.9900079216199354,0.9702774156500724,1.009554982288322,2000,-0.0002819340301292,0.0023003420252115,0.0021258182275931,0.0045218542975844,0.0009002195409725
locked_baseline,stacking,"KNeighbors,AdaBoost,MLP,GradientBoosting",raw,models/stacking_sensitivity/h10_CV17_THY_STATES_locked_baseline.joblib,raw_threshold,30,0.4999999999999999,saved stacking threshold,10,CV17_THY_STATES,complete thyroid block,block,thyroid,5,0.7641677743664546,0.771880464467454,-0.0077126901009993,0.8587927995971802,0.8580060422960725,0.0007867573011077,0.7945025002379035,0.7910496124296191,0.0034528878082843,0.1471144665503636,0.1469242988767792,-0.0001901676735843,-0.0228840996261603,0.0072899680586849,0.9900079216199354,0.9702774156500724,1.009554982288322,2000,-0.0002819340301292,0.0023003420252115,0.0021258182275931,0.0045218542975844,0.0009002195409725
locked_baseline,stacking,"KNeighbors,AdaBoost,MLP,GradientBoosting",sigmoid,models/stacking_sensitivity/h10_CV17_THY_STATES_locked_baseline.joblib,sigmoid,31,0.5199999999999999,saved stacking threshold,10,CV17_THY_STATES,complete thyroid block,block,thyroid,5,0.7623695672609908,0.771880464467454,-0.0095108972064631,0.8587927995971802,0.8580060422960725,0.0007867573011077,0.7945025002379035,0.7910496124296191,0.0034528878082843,0.149910045910249,0.1494709991690624,-0.0004390467411865,-0.0243738606477266,0.0048694847136489,0.9876782770852672,0.968246236071486,1.0063197557185088,2000,-0.0013603174379563,0.0022118894460589,0.0021258182275931,0.0045218542975844,0.000734755377212
locked_baseline,stacking,"KNeighbors,AdaBoost,MLP,GradientBoosting",isotonic,models/stacking_sensitivity/h10_CV17_THY_STATES_locked_baseline.joblib,isotonic,32,0.3899999999999999,saved stacking threshold,10,CV17_THY_STATES,complete thyroid block,block,thyroid,5,0.7669340463458111,0.7687380081746279,-0.0018039618288168,0.8585803751258811,0.853804758308157,0.004775616817724,0.7668210764402748,0.7552621698831641,0.0115589065571106,0.1480031245898526,0.150967102152524,0.0029639775626714,-0.012630038624177,0.0088544182059693,0.997653346381168,0.9838716657619622,1.0116026366291415,2000,0.0048045954541875,0.0054889122651307,0.006455343655589,0.0152020250197435,0.0049936370496956
paper,stacking,"LogisticRegression,RandomForest,AdaBoost",raw,models/stacking_sensitivity/h10_CV17_THY_STATES_paper.joblib,raw_fixed,33,0.5,fixed 0.5,10,CV17_THY_STATES,complete thyroid block,block,thyroid,5,0.7708720620448759,0.7796194999389594,-0.0087474378940834,0.8542453423967774,0.8543240181268882,-7.867573011077766e-05,0.7847428433385591,0.7845013760725777,0.0002414672659813,0.1510503832950182,0.1501475254641382,-0.0009028578308799,-0.0191034792985278,0.0,0.9887798626191772,0.9755704545792652,1.0,2000,0.0042847572443947,0.0037353733855886,0.0009126384692849,0.002060319385374,0.0002000369081651
paper,stacking,"LogisticRegression,RandomForest,AdaBoost",raw,models/stacking_sensitivity/h10_CV17_THY_STATES_paper.joblib,raw_threshold,33,0.4099999999999999,saved stacking threshold,10,CV17_THY_STATES,complete thyroid block,block,thyroid,5,0.7615303561507367,0.7673416168123945,-0.0058112606616578,0.8542453423967774,0.8543240181268882,-7.867573011077766e-05,0.7847428433385591,0.7845013760725777,0.0002414672659813,0.1510503832950182,0.1501475254641382,-0.0009028578308799,-0.0185864969832993,0.0064446513268939,0.9924267620387928,0.9757838992386144,1.0083749878779065,2000,-0.0009046597757013,0.0061247043706317,0.0009126384692849,0.002060319385374,0.0002000369081651
paper,stacking,"LogisticRegression,RandomForest,AdaBoost",sigmoid,models/stacking_sensitivity/h10_CV17_THY_STATES_paper.joblib,sigmoid,34,0.4399999999999999,saved stacking threshold,10,CV17_THY_STATES,complete thyroid block,block,thyroid,5,0.767461191981287,0.769264705882353,-0.0018035139010659,0.8542453423967774,0.8543240181268882,-7.867573011077766e-05,0.7847428433385591,0.7845013760725777,0.0002414672659813,0.1502285230572375,0.1494212305657458,-0.0008072924914916,-0.0108666693232951,0.0072392679107946,0.9976555353608778,0.9858756403888012,1.0095441962768503,2000,-0.003175576039016,0.0037449437065123,0.0009126384692849,0.002060319385374,0.0002154961603907
paper,stacking,"LogisticRegression,RandomForest,AdaBoost",isotonic,models/stacking_sensitivity/h10_CV17_THY_STATES_paper.joblib,isotonic,35,0.3399999999999999,saved stacking threshold,10,CV17_THY_STATES,complete thyroid block,block,thyroid,5,0.7580613359218589,0.7598632408577424,-0.0018019049358835,0.8520502895266868,0.8523649924471299,-0.0003147029204431,0.7657261560527431,0.7635194298124034,0.0022067262403396,0.152184779737477,0.1507230817999431,-0.0014616979375338,-0.0092757098078882,0.0049344862420731,0.997628645736502,0.9878195898691412,1.0065333901396358,2000,0.0019868744180085,0.0040052258583655,-1.9668932527683317e-05,0.0016685188845249,0.0002179812441605
same_members_reselected_C,stacking,"KNeighbors,AdaBoost,MLP,GradientBoosting",raw,cache/classification_explainability/prepared_h10_CV17_THY_STATES.joblib,raw_fixed,36,0.5,fixed 0.5,10,CV17_THY_STATES,complete thyroid block,block,thyroid,5,0.7736892623363545,0.7755002382555753,-0.0018109759192208,0.8547803373615307,0.8529235901309165,0.0018567472306142,0.7854844112692821,0.7842250095046729,0.0012594017646092,0.1486449801484027,0.1493715933113853,0.0007266131629825,-0.0149314556006671,0.0119454313823977,0.99766476420008,0.9807720852926204,1.0151679406526994,2000,0.002531714308464,0.0043306569786705,0.002380727593152,0.0029687200684251,0.001877563909773
same_members_reselected_C,stacking,"KNeighbors,AdaBoost,MLP,GradientBoosting",raw,cache/classification_explainability/prepared_h10_CV17_THY_STATES.joblib,raw_threshold,36,0.4899999999999999,saved reselected-C validation threshold,10,CV17_THY_STATES,complete thyroid block,block,thyroid,5,0.7646660640991028,0.7700737949442613,-0.0054077308451585,0.8547803373615307,0.8529235901309165,0.0018567472306142,0.7854844112692821,0.7842250095046729,0.0012594017646092,0.1486449801484027,0.1493715933113853,0.0007266131629825,-0.0183362366439823,0.0062535206591,0.992977645933855,0.9762561185711326,1.0082228402923692,2000,0.0001498786273271,0.0048108969771598,0.002380727593152,0.0029687200684251,0.001877563909773
same_members_reselected_C,stacking,"KNeighbors,AdaBoost,MLP,GradientBoosting",sigmoid,cache/classification_explainability/prepared_h10_CV17_THY_STATES.joblib,sigmoid,37,0.4999999999999999,saved reselected-C validation threshold,10,CV17_THY_STATES,complete thyroid block,block,thyroid,5,0.7646660640991028,0.7723706343884909,-0.007704570289388,0.8547803373615307,0.8529235901309165,0.0018567472306142,0.7854844112692821,0.7842250095046729,0.0012594017646092,0.1505569440840544,0.151097074562223,0.0005401304781686,-0.020836781583244,0.0045669638936978,0.9900247757406158,0.9731954038681444,1.0061151497472127,2000,0.0001498786273271,0.0048108969771598,0.002380727593152,0.0029687200684251,0.0019886526609143
same_members_reselected_C,stacking,"KNeighbors,AdaBoost,MLP,GradientBoosting",isotonic,cache/classification_explainability/prepared_h10_CV17_THY_STATES.joblib,isotonic,38,0.4499999999999999,saved reselected-C validation threshold,10,CV17_THY_STATES,complete thyroid block,block,thyroid,5,0.7664666436875255,0.7700737949442613,-0.0036071512567358,0.8544892371601208,0.8534428499496476,0.0010463872104732,0.7689312858167208,0.7674125934386179,0.0015186923781028,0.1510470624399361,0.150467359743559,-0.0005797026963771,-0.0150393010631253,0.0073348125627451,0.9953158368971678,0.9805531108415512,1.0098668027461035,2000,0.0010984381793163,0.0044514419421054,0.0037449647532728,0.0076540899509476,0.0013422232561683
LogisticRegression,individual,LogisticRegression,raw,Cached fitted individual; sigmoid fitted to cached training OOF,raw_fixed,0,0.5,fixed 0.5,7,CV17_THY_CONT,complete thyroid block,block,thyroid,3,0.7027203218095723,0.6999600749778383,0.002760246831734,0.8415828303152246,0.8401659959758552,0.0014168343393694,0.586842265981418,0.5852546009833078,0.0015876649981101,0.1621926511310154,0.1622866444160957,9.399328508033487e-05,-0.0031953543741234,0.0095768019785399,1.0039434346763585,0.9954506902312792,1.013711296600003,2000,0.0017708572481869,0.0033170083920479,0.0018435613682092,0.0041763479274842,0.0004132484871838
LogisticRegression,individual,LogisticRegression,raw,Cached fitted individual; sigmoid fitted to cached training OOF,raw_threshold,0,0.6399999999999999,own validation,7,CV17_THY_CONT,complete thyroid block,block,thyroid,3,0.7426812986420919,0.7388756221516607,0.0038056764904311,0.8415828303152246,0.8401659959758552,0.0014168343393694,0.586842265981418,0.5852546009833078,0.0015876649981101,0.1621926511310154,0.1622866444160957,9.399328508033487e-05,-0.006844585247604,0.0155920583868457,1.00515063209062,0.9908013900687068,1.0212833605821596,2000,0.0048325075565076,0.0059650731205351,0.0018435613682092,0.0041763479274842,0.0004132484871838
LogisticRegression,individual,LogisticRegression,sigmoid,Cached fitted individual; sigmoid fitted to cached training OOF,sigmoid,1,0.3899999999999999,own validation,7,CV17_THY_CONT,complete thyroid block,block,thyroid,3,0.7361367513642372,0.7401046197647749,-0.0039678684005377,0.8415828303152246,0.8401659959758552,0.0014168343393694,0.586842265981418,0.5852546009833078,0.0015876649981101,0.1113700876781142,0.111498606699799,0.0001285190216847,-0.0138734609209586,0.0053741061501794,0.9946387736347344,0.9813508044530874,1.0074116648035498,2000,-0.0015967606295117,0.0053271943234365,0.0018435613682092,0.0041763479274842,0.0004698040148037
SVC,individual,SVC,raw,Cached fitted individual; sigmoid fitted to cached training OOF,raw_fixed,2,0.5,fixed 0.5,7,CV17_THY_CONT,complete thyroid block,block,thyroid,3,0.7011045261967771,0.6898622394913458,0.0112422867054312,0.8283702213279678,0.8275570087189805,0.0008132126089872,0.5568024589994544,0.5538249659501772,0.0029774930492771,0.1171514061765465,0.1172927741385105,0.000141367961964,-4.590988269323179e-05,0.0261358381753296,1.016296422766552,0.9999341791825118,1.0388343630940575,2000,0.0129536056255632,0.0042224310136293,0.0016851106639838,0.006053332421667,0.0007456550473147
SVC,individual,SVC,raw,Cached fitted individual; sigmoid fitted to cached training OOF,raw_threshold,2,0.3799999999999999,own validation,7,CV17_THY_CONT,complete thyroid block,block,thyroid,3,0.716891790418474,0.7115739754243909,0.005317814994083,0.8283702213279678,0.8275570087189805,0.0008132126089872,0.5568024589994544,0.5538249659501772,0.0029774930492771,0.1171514061765465,0.1172927741385105,0.000141367961964,-0.0013051299642972,0.0143353088841762,1.0074733129340647,0.998217658217896,1.0201742288940805,2000,0.0032895242549081,0.0036423656189462,0.0016851106639838,0.006053332421667,0.0007456550473147
SVC,individual,SVC,sigmoid,Cached fitted individual; sigmoid fitted to cached training OOF,sigmoid,3,0.4099999999999999,own validation,7,CV17_THY_CONT,complete thyroid block,block,thyroid,3,0.7072343406283659,0.7072343406283659,0.0,0.8283702213279678,0.8275570087189805,0.0008132126089872,0.5568024589994544,0.5538249659501772,0.0029774930492771,0.1169250023920927,0.1171077174984259,0.0001827151063332,-0.0051273221170349,0.0049971804336283,1.0,0.992809664749982,1.0071547123031752,2000,0.0005588231081618,0.0035763554709744,0.0016851106639838,0.006053332421667,0.0007443864286984
KNeighbors,individual,KNeighbors,raw,Cached fitted individual; sigmoid fitted to cached training OOF,raw_fixed,4,0.5,fixed 0.5,7,CV17_THY_CONT,complete thyroid block,block,thyroid,3,0.7063464648956876,0.6902480689245396,0.016098395971148,0.8055122401073105,0.7919307511737089,0.0135814889336015,0.5386758931409478,0.529357628948081,0.0093182641928667,0.1499207685451123,0.1525953684047349,0.0026745998596226,-0.0026259865391288,0.0364375102639819,1.0233226236999555,0.996399740982138,1.053602893566923,2000,0.0171525085425098,0.0076807544318481,0.0148122065727699,0.0146148410589525,0.0038371276875181
KNeighbors,individual,KNeighbors,raw,Cached fitted individual; sigmoid fitted to cached training OOF,raw_threshold,4,0.59,own validation,7,CV17_THY_CONT,complete thyroid block,block,thyroid,3,0.6881589091885617,0.6866469359331476,0.001511973255414,0.8055122401073105,0.7919307511737089,0.0135814889336015,0.5386758931409478,0.529357628948081,0.0093182641928667,0.1499207685451123,0.1525953684047349,0.0026745998596226,-0.0227656502491984,0.0269149075146378,1.0022019660706114,0.9677395287858244,1.0408288064123294,2000,0.0032501283846267,0.0088512692016397,0.0148122065727699,0.0146148410589525,0.0038371276875181
KNeighbors,individual,KNeighbors,sigmoid,Cached fitted individual; sigmoid fitted to cached training OOF,sigmoid,5,0.3099999999999999,own validation,7,CV17_THY_CONT,complete thyroid block,block,thyroid,3,0.6881589091885617,0.6866469359331476,0.001511973255414,0.8055122401073105,0.7919307511737089,0.0135814889336015,0.5386758931409478,0.529357628948081,0.0093182641928667,0.1217334190743216,0.1235094543885814,0.0017760353142598,-0.0227656502491984,0.0269149075146378,1.0022019660706114,0.9677395287858244,1.0408288064123294,2000,0.0032501283846267,0.0088512692016397,0.0148122065727699,0.0146148410589525,0.0022958584891825
RandomForest,individual,RandomForest,raw,Cached fitted individual; sigmoid fitted to cached training OOF,raw_fixed,6,0.5,fixed 0.5,7,CV17_THY_CONT,complete thyroid block,block,thyroid,3,0.7491346656217346,0.7471979035394464,0.0019367620822882,0.8410127431254192,0.8395539906103286,0.0014587525150905,0.6356546074048491,0.610891040736564,0.0247635666682851,0.1220973002553696,0.1206406838200134,-0.0014566164353561,-0.0200502308869014,0.0253435114093461,1.0025920336140048,0.973549212786556,1.0344454063139843,2000,0.0196989454818697,0.0119022411388998,0.0106078135479543,0.0385894354119025,0.0045302856006199
RandomForest,individual,RandomForest,raw,Cached fitted individual; sigmoid fitted to cached training OOF,raw_threshold,6,0.5299999999999999,own validation,7,CV17_THY_CONT,complete thyroid block,block,thyroid,3,0.74400817251728,0.7477115060958088,-0.0037033335785288,0.8410127431254192,0.8395539906103286,0.0014587525150905,0.6356546074048491,0.610891040736564,0.0247635666682851,0.1220973002553696,0.1206406838200134,-0.0014566164353561,-0.029778473010201,0.0213963512315909,0.9950471090141894,0.9610817528470058,1.0291414576912834,2000,0.014351008073282,0.0114038088471442,0.0106078135479543,0.0385894354119025,0.0045302856006199
RandomForest,individual,RandomForest,sigmoid,Cached fitted individual; sigmoid fitted to cached training OOF,sigmoid,7,0.3799999999999999,own validation,7,CV17_THY_CONT,complete thyroid block,block,thyroid,3,0.7452590842555569,0.7477115060958088,-0.0024524218402519,0.8410127431254192,0.8395539906103286,0.0014587525150905,0.6356546074048491,0.610891040736564,0.0247635666682851,0.10692705464634,0.1083783082394174,0.0014512535930773,-0.0287167414835939,0.0229272919634445,0.9967200961597376,0.961908021277944,1.0312827584898896,2000,0.0169779585811937,0.0121219360004279,0.0106078135479543,0.0385894354119025,0.0048499843576571
AdaBoost,individual,AdaBoost,raw,Cached fitted individual; sigmoid fitted to cached training OOF,raw_fixed,8,0.5,fixed 0.5,7,CV17_THY_CONT,complete thyroid block,block,thyroid,3,0.7035592443093917,0.7035181995046238,4.104480476785355e-05,0.8369634473507713,0.8325326961770624,0.0044307511737089,0.5904214779938294,0.5773646420483679,0.0130568359454614,0.1861595753416243,0.1869574823792024,0.0007979070375781,-0.0118125781331037,0.0126011056357163,1.0000583422074891,0.983297477833854,1.0182383015272547,2000,0.0075905752337524,0.0058260680477759,0.009385060362173,0.0207370636647826,0.0021124790329498
AdaBoost,individual,AdaBoost,raw,Cached fitted individual; sigmoid fitted to cached training OOF,raw_threshold,8,0.58,own validation,7,CV17_THY_CONT,complete thyroid block,block,thyroid,3,0.7308812260536399,0.7371060708136836,-0.0062248447600437,0.8369634473507713,0.8325326961770624,0.0044307511737089,0.5904214779938294,0.5773646420483679,0.0130568359454614,0.1861595753416243,0.1869574823792024,0.0007979070375781,-0.0246995724762146,0.0127379762205015,0.9915550217173328,0.9669217928122076,1.0175133928066558,2000,0.0002286003788068,0.0098731511368589,0.009385060362173,0.0207370636647826,0.0021124790329498
AdaBoost,individual,AdaBoost,sigmoid,Cached fitted individual; sigmoid fitted to cached training OOF,sigmoid,9,0.4099999999999999,own validation,7,CV17_THY_CONT,complete thyroid block,block,thyroid,3,0.7293557557283282,0.7383344686648501,-0.0089787129365218,0.8369634473507713,0.8325326961770624,0.0044307511737089,0.5904214779938294,0.5773646420483679,0.0130568359454614,0.1113880080541191,0.1131823334777446,0.0017943254236254,-0.0247069843258601,0.0079295684190618,0.987839233683945,0.966508789334136,1.0110204818199904,2000,0.0003453129854807,0.0094795093395229,0.009385060362173,0.0207370636647826,0.003073518436971
MLP,individual,MLP,raw,Cached fitted individual; sigmoid fitted to cached training OOF,raw_fixed,10,0.5,fixed 0.5,7,CV17_THY_CONT,complete thyroid block,block,thyroid,3,0.7086712317698171,0.7101403947734223,-0.0014691630036052,0.8466968477531858,0.8477699530516432,-0.0010731052984573,0.6105382221434775,0.6103802563609888,0.0001579657824887,0.1532963653207495,0.1521371606845694,-0.0011592046361801,-0.0098883142658969,0.0067746092673288,0.997931165422474,0.9861916479517432,1.0095967053772583,2000,-0.0032897392066838,0.003036488958041,-0.000449362843729,0.0052658748703154,-0.0004292692217481
MLP,individual,MLP,raw,Cached fitted individual; sigmoid fitted to cached training OOF,raw_threshold,10,0.6799999999999999,own validation,7,CV17_THY_CONT,complete thyroid block,block,thyroid,3,0.7489136160834274,0.7526893511799172,-0.0037757350964897,0.8466968477531858,0.8477699530516432,-0.0010731052984573,0.6105382221434775,0.6103802563609888,0.0001579657824887,0.1532963653207495,0.1521371606845694,-0.0011592046361801,-0.0157273576432379,0.0075743678447331,0.994983674087363,0.979352960917791,1.0100962154703677,2000,-0.0050898436655617,0.0063314916070333,-0.000449362843729,0.0052658748703154,-0.0004292692217481
MLP,individual,MLP,sigmoid,Cached fitted individual; sigmoid fitted to cached training OOF,sigmoid,11,0.3199999999999999,own validation,7,CV17_THY_CONT,complete thyroid block,block,thyroid,3,0.7574482553444686,0.7538579404771841,0.0035903148672844,0.8466968477531858,0.8477699530516432,-0.0010731052984573,0.6105382221434775,0.6103802563609888,0.0001579657824887,0.1129974381875963,0.1129825270370525,-1.4911150543819862e-05,-0.0078498720987028,0.0148259322188526,1.0047625881144289,0.9896893027118188,1.0198170207053876,2000,0.0031724740999483,0.0047392290998831,-0.000449362843729,0.0052658748703154,0.0003733235567824
GradientBoosting,individual,GradientBoosting,raw,Cached fitted individual; sigmoid fitted to cached training OOF,raw_fixed,12,0.5,fixed 0.5,7,CV17_THY_CONT,complete thyroid block,block,thyroid,3,0.7196397818599312,0.7341710498850051,-0.0145312680250739,0.840627095908786,0.8399144869215291,0.0007126089872568,0.6218609666423225,0.5982127770383209,0.0236481896040016,0.1379755929220985,0.1275165160931756,-0.0104590768289229,-0.037624339514456,0.0075701112578597,0.9802072445823762,0.949950351899412,1.010648517110897,2000,0.0047887964635445,0.0068181403056638,0.0099111334674714,0.0378958645565363,0.0030155023215429
GradientBoosting,individual,GradientBoosting,raw,Cached fitted individual; sigmoid fitted to cached training OOF,raw_threshold,12,0.6599999999999999,own validation,7,CV17_THY_CONT,complete thyroid block,block,thyroid,3,0.7604147716936511,0.7427377975237304,0.0176769741699207,0.840627095908786,0.8399144869215291,0.0007126089872568,0.6218609666423225,0.5982127770383209,0.0236481896040016,0.1379755929220985,0.1275165160931756,-0.0104590768289229,-0.0070223610032812,0.0448016277633632,1.02379975036797,0.9907796999281516,1.0617220193595946,2000,0.023372740275557,0.0104687226781018,0.0099111334674714,0.0378958645565363,0.0030155023215429
GradientBoosting,individual,GradientBoosting,sigmoid,Cached fitted individual; sigmoid fitted to cached training OOF,sigmoid,13,0.3799999999999999,own validation,7,CV17_THY_CONT,complete thyroid block,block,thyroid,3,0.7579298142781161,0.7427377975237304,0.0151920167543857,0.840627095908786,0.8399144869215291,0.0007126089872568,0.6218609666423225,0.5982127770383209,0.0236481896040016,0.1081876582723698,0.1101084069549112,0.0019207486825414,-0.0103847210784672,0.0424439090556859,1.0204540778792133,0.9862097213432298,1.0582146938400407,2000,0.0216628937938792,0.0095954410286235,0.0099111334674714,0.0378958645565363,0.0041389340810365
XGBoost,individual,XGBoost,raw,Cached fitted individual; sigmoid fitted to cached training OOF,raw_fixed,14,0.5,fixed 0.5,7,CV17_THY_CONT,complete thyroid block,block,thyroid,3,0.7340850209815728,0.7318531425948306,0.0022318783867422,0.8427649228705567,0.8403336686787392,0.0024312541918175,0.6207142319116041,0.5994141983042844,0.0213000336073196,0.142721285120714,0.1369934382787878,-0.0057278468419262,-0.0170917388667567,0.021934132138028,1.0030496260203638,0.9762953992416502,1.0305495699139244,2000,0.0156027817736661,0.0057894268934066,0.0132721327967807,0.032881341790061,0.0049005733627567
XGBoost,individual,XGBoost,raw,Cached fitted individual; sigmoid fitted to cached training OOF,raw_threshold,14,0.6,own validation,7,CV17_THY_CONT,complete thyroid block,block,thyroid,3,0.7375657580105213,0.7440391529810861,-0.0064733949705648,0.8427649228705567,0.8403336686787392,0.0024312541918175,0.6207142319116041,0.5994141983042844,0.0213000336073196,0.142721285120714,0.1369934382787878,-0.0057278468419262,-0.0316776763172216,0.0182512668337114,0.9912996581636484,0.9583839380041738,1.0249689434626603,2000,0.0033382408186454,0.0087568546941141,0.0132721327967807,0.032881341790061,0.0049005733627567
XGBoost,individual,XGBoost,sigmoid,Cached fitted individual; sigmoid fitted to cached training OOF,sigmoid,15,0.3699999999999999,own validation,7,CV17_THY_CONT,complete thyroid block,block,thyroid,3,0.738826364323119,0.7427598222413072,-0.0039334579181882,0.8427649228705567,0.8403336686787392,0.0024312541918175,0.6207142319116041,0.5994141983042844,0.0213000336073196,0.1077912217292238,0.1102172892027738,0.00242606747355,-0.029687639660815,0.0214803451462581,0.9947042667085588,0.960161200076639,1.0297511125581813,2000,0.0049654734517109,0.0100764247053457,0.0132721327967807,0.032881341790061,0.0045610347283662
paper,voting,"LogisticRegression,RandomForest,AdaBoost",raw,models/predictive_sensitivity/h7_CV17_THY_CONT_paper.joblib,raw_fixed,16,0.5,fixed 0.5,7,CV17_THY_CONT,complete thyroid block,block,thyroid,3,0.7329425928388122,0.7288117626632307,0.0041308301755815,0.8474765258215963,0.844257209926224,0.0032193158953722,0.6249100841759544,0.6066414559299808,0.0182686282459736,0.14916737933582,0.147948593166254,-0.0012187861695659,-0.0086617331230938,0.0174344660732754,1.005667897236574,0.988104960362431,1.0242387527881864,2000,0.0028109263734911,0.0049389968249831,0.0076886317907444,0.0228861756869671,0.0023726384668664
paper,voting,"LogisticRegression,RandomForest,AdaBoost",raw,models/predictive_sensitivity/h7_CV17_THY_CONT_paper.joblib,raw_threshold,16,0.3899999999999999,saved voting threshold (also applied to raw),7,CV17_THY_CONT,complete thyroid block,block,thyroid,3,0.661069806744196,0.6678776500232366,-0.0068078432790406,0.8474765258215963,0.844257209926224,0.0032193158953722,0.6249100841759544,0.6066414559299808,0.0182686282459736,0.14916737933582,0.147948593166254,-0.0012187861695659,-0.0191173200598155,0.0057846656914254,0.9898067508640188,0.9714052138711208,1.0087367956681097,2000,0.0061728191497268,0.0055097172601601,0.0076886317907444,0.0228861756869671,0.0023726384668664
paper,voting,"LogisticRegression,RandomForest,AdaBoost",sigmoid,models/predictive_sensitivity/h7_CV17_THY_CONT_paper.joblib,sigmoid,17,0.3899999999999999,saved voting threshold (also applied to raw),7,CV17_THY_CONT,complete thyroid block,block,thyroid,3,0.7596902502253029,0.7517955422846896,0.0078947079406133,0.8474765258215963,0.844257209926224,0.0032193158953722,0.6249100841759544,0.6066414559299808,0.0182686282459736,0.1068194029272927,0.1084501646473582,0.0016307617200655,-0.0087566217461603,0.0252749215089227,1.0105011369402663,0.9885511882440348,1.034508899557793,2000,0.0156464840774939,0.0062535470514289,0.0076886317907444,0.0228861756869671,0.002744504891114
paper_locked,voting,"LogisticRegression,RandomForest,AdaBoost",raw,models/final_h7_CV17_THY_CONT_paper_locked.joblib,raw_fixed,18,0.5,fixed 0.5,7,CV17_THY_CONT,complete thyroid block,block,thyroid,3,0.7281870738748857,0.7225898468947863,0.0055972269800993,0.8466381623071764,0.8427146210596915,0.0039235412474848,0.6220693480215564,0.6054158422179824,0.016653505803574,0.1566021485441328,0.1586455334895469,0.0020433849454141,-0.0070413499973919,0.0182920238413595,1.0077460636959577,0.9902985065255182,1.0256279845291214,2000,-0.0008296705934659,0.0049067888671424,0.0072191482226693,0.0193908349684821,0.002065138653489
paper_locked,voting,"LogisticRegression,RandomForest,AdaBoost",raw,models/final_h7_CV17_THY_CONT_paper_locked.joblib,raw_threshold,18,0.4399999999999999,saved voting threshold (also applied to raw),7,CV17_THY_CONT,complete thyroid block,block,thyroid,3,0.6898933929555102,0.6793259037079175,0.0105674892475927,0.8466381623071764,0.8427146210596915,0.0039235412474848,0.6220693480215564,0.6054158422179824,0.016653505803574,0.1566021485441328,0.1586455334895469,0.0020433849454141,-0.0017344779375331,0.0232599019546209,1.0155558461555978,0.99756762582739,1.0346541495710908,2000,0.0099288874191316,0.0037803626713505,0.0072191482226693,0.0193908349684821,0.002065138653489
paper_locked,voting,"LogisticRegression,RandomForest,AdaBoost",sigmoid,models/final_h7_CV17_THY_CONT_paper_locked.joblib,sigmoid,19,0.4399999999999999,saved voting threshold (also applied to raw),7,CV17_THY_CONT,complete thyroid block,block,thyroid,3,0.7243328100470958,0.7413843888070693,-0.0170515787599734,0.8466381623071764,0.8427146210596915,0.0039235412474848,0.6220693480215564,0.6054158422179824,0.016653505803574,0.1073539552886484,0.108990317232683,0.0016363619440346,-0.0366692078411573,0.000640371445516,0.9770003536392096,0.9508856699492676,1.000891785780039,2000,-0.0024492587507933,0.0070437878876544,0.0072191482226693,0.0193908349684821,0.0022665064835619
own,stacking,"LogisticRegression,KNeighbors,AdaBoost",raw,models/stacking_sensitivity/h7_CV17_THY_CONT_own.joblib,raw_fixed,20,0.5,fixed 0.5,7,CV17_THY_CONT,complete thyroid block,block,thyroid,3,0.7036772224208319,0.6911228376548599,0.0125543847659719,0.8452045606975185,0.840878604963112,0.0043259557344065,0.6027119778421592,0.5936214365386298,0.0090905413035294,0.1091799334556725,0.11055887269569,0.0013789392400174,0.0007356485030958,0.0269221439788406,1.018165200282734,1.001073118594353,1.0394215919242804,2000,0.0077680867949449,0.0087719506971433,0.0069206908115359,0.0145023388357214,0.0019650460255807
own,stacking,"LogisticRegression,KNeighbors,AdaBoost",raw,models/stacking_sensitivity/h7_CV17_THY_CONT_own.joblib,raw_threshold,20,0.3399999999999999,saved stacking threshold,7,CV17_THY_CONT,complete thyroid block,block,thyroid,3,0.7554362964476055,0.747316898967513,0.0081193974800924,0.8452045606975185,0.840878604963112,0.0043259557344065,0.6027119778421592,0.5936214365386298,0.0090905413035294,0.1091799334556725,0.11055887269569,0.0013789392400174,-0.0053958260071716,0.0225512993209211,1.0108647315366617,0.9929620854855484,1.0307494551396927,2000,0.0084462345956277,0.0063240123345537,0.0069206908115359,0.0145023388357214,0.0019650460255807
own,stacking,"LogisticRegression,KNeighbors,AdaBoost",sigmoid,models/stacking_sensitivity/h7_CV17_THY_CONT_own.joblib,sigmoid,21,0.3299999999999999,saved stacking threshold,7,CV17_THY_CONT,complete thyroid block,block,thyroid,3,0.7554362964476055,0.747316898967513,0.0081193974800924,0.8452045606975185,0.840878604963112,0.0043259557344065,0.6027119778421592,0.5936214365386298,0.0090905413035294,0.1092138884086197,0.1106587194692523,0.0014448310606326,-0.0053958260071716,0.0225512993209211,1.0108647315366617,0.9929620854855484,1.0307494551396927,2000,0.0085875669309724,0.0068979874853233,0.0069206908115359,0.0145023388357214,0.0019836839696492
own,stacking,"LogisticRegression,KNeighbors,AdaBoost",isotonic,models/stacking_sensitivity/h7_CV17_THY_CONT_own.joblib,isotonic,22,0.3399999999999999,saved stacking threshold,7,CV17_THY_CONT,complete thyroid block,block,thyroid,3,0.756166353170578,0.7525281098234835,0.0036382433470945,0.8448608316566063,0.8393737424547284,0.0054870892018779,0.5843766539391511,0.5725418808153774,0.0118347731237736,0.1106608918970254,0.112544370741211,0.0018834788441856,-0.0106525608663424,0.020149851632442,1.00483469427866,0.9859582086666724,1.0275207757350242,2000,0.007473062503057,0.0063609215204595,0.0079061871227364,0.0162988759193732,0.0023760775221681
same_baseline,stacking,"KNeighbors,RandomForest,AdaBoost,MLP",raw,models/stacking_sensitivity/h7_CV17_THY_CONT_same_baseline.joblib,raw_fixed,23,0.5,fixed 0.5,7,CV17_THY_CONT,complete thyroid block,block,thyroid,3,0.7046565588361673,0.7195702671312427,-0.0149137082950754,0.8468226022803488,0.841004359490275,0.0058182427900738,0.6266442551545337,0.6034862498311998,0.0231580053233338,0.1069471101206537,0.1090526561766566,0.0021055460560028,-0.0378576218351065,0.0069652519923315,0.9792741460058754,0.9478466000663864,1.0099467450430908,2000,-0.0066136783305334,0.0117273723172931,0.0111519114688128,0.0293033015553706,0.0034588369975958
same_baseline,stacking,"KNeighbors,RandomForest,AdaBoost,MLP",raw,models/stacking_sensitivity/h7_CV17_THY_CONT_same_baseline.joblib,raw_threshold,23,0.3899999999999999,saved stacking threshold,7,CV17_THY_CONT,complete thyroid block,block,thyroid,3,0.7542358796721512,0.7517955422846896,0.0024403373874616,0.8468226022803488,0.841004359490275,0.0058182427900738,0.6266442551545337,0.6034862498311998,0.0231580053233338,0.1069471101206537,0.1090526561766566,0.0021055460560028,-0.0182149085358208,0.0230838805439144,1.0032460120474318,0.9759426615789596,1.031112124513382,2000,0.0129236068319111,0.0094179178735008,0.0111519114688128,0.0293033015553706,0.0034588369975958
same_baseline,stacking,"KNeighbors,RandomForest,AdaBoost,MLP",sigmoid,models/stacking_sensitivity/h7_CV17_THY_CONT_same_baseline.joblib,sigmoid,24,0.3999999999999999,saved stacking threshold,7,CV17_THY_CONT,complete thyroid block,block,thyroid,3,0.7545418151157511,0.7531190566334336,0.0014227584823175,0.8468226022803488,0.841004359490275,0.0058182427900738,0.6266442551545337,0.6034862498311998,0.0231580053233338,0.106977825803903,0.1090595551396748,0.0020817293357718,-0.0181561208456651,0.0211852147430806,1.001889154802001,0.9758636555799152,1.0285549303270385,2000,0.0171724209200182,0.0068064043274568,0.0111519114688128,0.0293033015553706,0.0034545933379579
same_baseline,stacking,"KNeighbors,RandomForest,AdaBoost,MLP",isotonic,models/stacking_sensitivity/h7_CV17_THY_CONT_same_baseline.joblib,isotonic,25,0.3299999999999999,saved stacking threshold,7,CV17_THY_CONT,complete thyroid block,block,thyroid,3,0.7498623008110008,0.7414000710344171,0.0084622297765837,0.8466339704896043,0.8405432595573441,0.0060907109322602,0.6078162488237903,0.584256373384471,0.0235598754393192,0.1076345955847821,0.1099535037850948,0.0023189082003126,-0.0097042943522587,0.027882459850282,1.0114138507766488,0.9871652348413,1.038532547406537,2000,0.0057419256763534,0.0101568067889781,0.0121248323272971,0.0312103952265985,0.003747735264294
locked_baseline,stacking,"KNeighbors,RandomForest,AdaBoost,MLP",raw,models/stacking_sensitivity/h7_CV17_THY_CONT_locked_baseline.joblib,raw_fixed,26,0.5,fixed 0.5,7,CV17_THY_CONT,complete thyroid block,block,thyroid,3,0.7294088812205308,0.7439149456649574,-0.0145060644444265,0.8484657947686117,0.8429409792085848,0.0055248155600269,0.6414093765224447,0.6166465442925189,0.0247628322299258,0.1052171334831979,0.1073590986961962,0.0021419652129983,-0.0356878799821687,0.0062374749910998,0.9805003723490724,0.9517467714247488,1.0086411115137175,2000,0.0124804324306834,0.0094401959873175,0.0104996646545942,0.0301309696173166,0.0034889430520523
locked_baseline,stacking,"KNeighbors,RandomForest,AdaBoost,MLP",raw,models/stacking_sensitivity/h7_CV17_THY_CONT_locked_baseline.joblib,raw_threshold,26,0.4899999999999999,saved stacking threshold,7,CV17_THY_CONT,complete thyroid block,block,thyroid,3,0.7309705048555402,0.7426226304475279,-0.0116521255919876,0.8484657947686117,0.8429409792085848,0.0055248155600269,0.6414093765224447,0.6166465442925189,0.0247628322299258,0.1052171334831979,0.1073590986961962,0.0021419652129983,-0.0335236067043425,0.0089340964324539,0.9843094929857366,0.9553735057034898,1.0123558676131998,2000,0.0102674526665104,0.0093922761254256,0.0104996646545942,0.0301309696173166,0.0034889430520523
locked_baseline,stacking,"KNeighbors,RandomForest,AdaBoost,MLP",sigmoid,models/stacking_sensitivity/h7_CV17_THY_CONT_locked_baseline.joblib,sigmoid,27,0.4899999999999999,saved stacking threshold,7,CV17_THY_CONT,complete thyroid block,block,thyroid,3,0.7294088812205308,0.7425612516566389,-0.013152370436108,0.8484657947686117,0.8429409792085848,0.0055248155600269,0.6414093765224447,0.6166465442925189,0.0247628322299258,0.1051682988278454,0.1072753416627056,0.0021070428348601,-0.0343228769153477,0.0076221521959695,0.9822878309273944,0.9535923092839428,1.0105817361759728,2000,0.0120928388808129,0.0090816377940606,0.0104996646545942,0.0301309696173166,0.0035328879276801
locked_baseline,stacking,"KNeighbors,RandomForest,AdaBoost,MLP",isotonic,models/stacking_sensitivity/h7_CV17_THY_CONT_locked_baseline.joblib,isotonic,28,0.4299999999999999,saved stacking threshold,7,CV17_THY_CONT,complete thyroid block,block,thyroid,3,0.7278237075983138,0.7438490712826995,-0.0160253636843856,0.8465459423205902,0.8402162977867204,0.0063296445338698,0.6069580639148737,0.583242354380509,0.0237157095343647,0.1069667870155232,0.1091648457515635,0.0021980587360402,-0.0393106142950783,0.0067485284399533,0.9784561622739524,0.9476892662411815,1.009173953866565,2000,0.0119365366581528,0.0082438882911056,0.0107411133467471,0.0239992833484383,0.0029936645221316
paper,stacking,"LogisticRegression,RandomForest,AdaBoost",raw,models/stacking_sensitivity/h7_CV17_THY_CONT_paper.joblib,raw_fixed,29,0.5,fixed 0.5,7,CV17_THY_CONT,complete thyroid block,block,thyroid,3,0.7089681419188509,0.7195702671312427,-0.0106021252123917,0.8476190476190476,0.8442823608316566,0.0033366867873909,0.6237386907226503,0.605149452354401,0.0185892383682493,0.1068427741814506,0.1082519176361626,0.0014091434547119,-0.0314500378146629,0.0084467746626194,0.9852660321073856,0.9563114936605176,1.0121887813482258,2000,-0.0044037677071079,0.0108234272151103,0.0073801140174379,0.0226014411715521,0.0024757201712935
paper,stacking,"LogisticRegression,RandomForest,AdaBoost",raw,models/stacking_sensitivity/h7_CV17_THY_CONT_paper.joblib,raw_threshold,29,0.3999999999999999,saved stacking threshold,7,CV17_THY_CONT,complete thyroid block,block,thyroid,3,0.7571230982019364,0.7531190566334336,0.0040040415685027,0.8476190476190476,0.8442823608316566,0.0033366867873909,0.6237386907226503,0.605149452354401,0.0185892383682493,0.1068427741814506,0.1082519176361626,0.0014091434547119,-0.0109793226955259,0.0201715460158654,1.0053166116741243,0.9852510342724634,1.0271992790115705,2000,0.0114962482119122,0.0066801030941367,0.0073801140174379,0.0226014411715521,0.0024757201712935
paper,stacking,"LogisticRegression,RandomForest,AdaBoost",sigmoid,models/stacking_sensitivity/h7_CV17_THY_CONT_paper.joblib,sigmoid,30,0.3899999999999999,saved stacking threshold,7,CV17_THY_CONT,complete thyroid block,block,thyroid,3,0.7571230982019364,0.7544481142126571,0.0026749839892792,0.8476190476190476,0.8442823608316566,0.0033366867873909,0.6237386907226503,0.605149452354401,0.0185892383682493,0.1069133048829949,0.1082961291191851,0.0013828242361901,-0.0124969316918741,0.0187579440565578,1.0035456169070962,0.9834787877433636,1.0250887073790071,2000,0.0117599868699979,0.0065754443272339,0.0073801140174379,0.0226014411715521,0.0024878640667061
paper,stacking,"LogisticRegression,RandomForest,AdaBoost",isotonic,models/stacking_sensitivity/h7_CV17_THY_CONT_paper.joblib,isotonic,31,0.3499999999999999,saved stacking threshold,7,CV17_THY_CONT,complete thyroid block,block,thyroid,3,0.7531190566334336,0.7491649085794656,0.0039541480539679,0.8453093561368209,0.8422157947686116,0.0030935613682092,0.6000089471701715,0.5862308355605204,0.0137781116096511,0.1081881815376192,0.1101531731170269,0.0019649915794076,-0.0116658776541376,0.0204376477433719,1.0052780743047158,0.9847562870358084,1.0280190386517891,2000,0.010509523369139,0.0081785826236188,0.0070116532528504,0.0245712287534482,0.0032300443404456
same_members_reselected_C,stacking,"KNeighbors,RandomForest,AdaBoost,MLP",raw,cache/classification_explainability/prepared_h7_CV17_THY_CONT.joblib,raw_fixed,32,0.5,fixed 0.5,7,CV17_THY_CONT,complete thyroid block,block,thyroid,3,0.6911228376548599,0.7005697319852351,-0.0094468943303751,0.8478286384976526,0.8424882629107981,0.0053403755868544,0.6291219667126018,0.6071789082099994,0.0219430585026023,0.1071066888152954,0.108984415582377,0.0018777267670815,-0.0350529017232192,0.0150945601870703,0.986515411815459,0.9501440813564148,1.0224302549162412,2000,-0.0061638377399713,0.0115416985623692,0.0099077800134137,0.0274756426625415,0.0030976680407419
same_members_reselected_C,stacking,"KNeighbors,RandomForest,AdaBoost,MLP",raw,cache/classification_explainability/prepared_h7_CV17_THY_CONT.joblib,raw_threshold,32,0.3699999999999999,saved reselected-C validation threshold,7,CV17_THY_CONT,complete thyroid block,block,thyroid,3,0.7617419431871222,0.7478576736824337,0.0138842695046884,0.8478286384976526,0.8424882629107981,0.0053403755868544,0.6291219667126018,0.6071789082099994,0.0219430585026023,0.1071066888152954,0.108984415582377,0.0018777267670815,-0.0026223961889505,0.0320978318182149,1.0185653901715317,0.9964989345127035,1.0440007390247843,2000,0.0186060360700945,0.0078511989214248,0.0099077800134137,0.0274756426625415,0.0030976680407419
same_members_reselected_C,stacking,"KNeighbors,RandomForest,AdaBoost,MLP",sigmoid,cache/classification_explainability/prepared_h7_CV17_THY_CONT.joblib,sigmoid,33,0.3599999999999999,saved reselected-C validation threshold,7,CV17_THY_CONT,complete thyroid block,block,thyroid,3,0.7511422092865845,0.7439176941574,0.0072245151291845,0.8478286384976526,0.8424882629107981,0.0053403755868544,0.6291219667126018,0.6071789082099994,0.0219430585026023,0.1066145268567442,0.1086954439659715,0.0020809171092272,-0.0101065688748203,0.0258973671644563,1.0097114441367971,0.986551808827715,1.035651309794003,2000,0.0068865534028017,0.0083308041603007,0.0099077800134137,0.0274756426625415,0.0031706922175929
same_members_reselected_C,stacking,"KNeighbors,RandomForest,AdaBoost,MLP",isotonic,cache/classification_explainability/prepared_h7_CV17_THY_CONT.joblib,isotonic,34,0.3399999999999999,saved reselected-C validation threshold,7,CV17_THY_CONT,complete thyroid block,block,thyroid,3,0.7556737369364912,0.7504775123095734,0.0051962246269178,0.8462692823608317,0.8426182092555332,0.0036510731052984,0.6070559198389371,0.5788964405202458,0.0281594793186913,0.1082408444482857,0.1104367446608227,0.0021959002125369,-0.0158750156708743,0.0268135752479427,1.0069238911782,0.9790670386918188,1.0364620877705912,2000,0.0124298356031578,0.0064563420270692,0.0100347920858484,0.0312817334126818,0.0034625348239488
LogisticRegression,individual,LogisticRegression,raw,Cached fitted individual; sigmoid fitted to cached training OOF,raw_fixed,0,0.5,fixed 0.5,7,CV17_THY_CONT_RATIO,complete thyroid block,block,thyroid,4,0.7027203218095723,0.6999600749778383,0.002760246831734,0.8415744466800805,0.8401659959758552,0.0014084507042253,0.5867863297662693,0.5852546009833078,0.0015317287829614,0.1622092778027225,0.1623032314133431,9.395361062056184e-05,-0.0031953543741234,0.0095768019785399,1.0039434346763585,0.9954506902312792,1.013711296600003,2000,0.0016837782778247,0.0032420769547006,0.0018376928236083,0.0041319865850304,0.0004131336295991
LogisticRegression,individual,LogisticRegression,raw,Cached fitted individual; sigmoid fitted to cached training OOF,raw_threshold,0,0.6399999999999999,own validation,7,CV17_THY_CONT_RATIO,complete thyroid block,block,thyroid,4,0.7426812986420919,0.7388756221516607,0.0038056764904311,0.8415744466800805,0.8401659959758552,0.0014084507042253,0.5867863297662693,0.5852546009833078,0.0015317287829614,0.1622092778027225,0.1623032314133431,9.395361062056184e-05,-0.006844585247604,0.0155920583868457,1.00515063209062,0.9908013900687068,1.0212833605821596,2000,0.0048325075565076,0.0059650731205351,0.0018376928236083,0.0041319865850304,0.0004131336295991
LogisticRegression,individual,LogisticRegression,sigmoid,Cached fitted individual; sigmoid fitted to cached training OOF,sigmoid,1,0.3599999999999999,own validation,7,CV17_THY_CONT_RATIO,complete thyroid block,block,thyroid,4,0.7426812986420919,0.7388756221516607,0.0038056764904311,0.8415744466800805,0.8401659959758552,0.0014084507042253,0.5867863297662693,0.5852546009833078,0.0015317287829614,0.111385671957247,0.1115239083703965,0.0001382364131494,-0.006844585247604,0.0155920583868457,1.00515063209062,0.9908013900687068,1.0212833605821596,2000,0.0048325075565076,0.0059650731205351,0.0018376928236083,0.0041319865850304,0.0004704893389332
SVC,individual,SVC,raw,Cached fitted individual; sigmoid fitted to cached training OOF,raw_fixed,2,0.5,fixed 0.5,7,CV17_THY_CONT_RATIO,complete thyroid block,block,thyroid,4,0.6980110662479437,0.6814842065462869,0.0165268597016567,0.8280600268276325,0.8269282360831657,0.0011317907444667,0.5580557654318655,0.5523015465424985,0.005754218889367,0.1169721772901374,0.1175249370666879,0.0005527597765505,0.001914326112565,0.0330180740001653,1.0242512732399387,1.0027565850704554,1.049262871792752,2000,0.0165952442408628,0.0051408661387402,0.003608316566063,0.0115440400851319,0.0016520894981087
SVC,individual,SVC,raw,Cached fitted individual; sigmoid fitted to cached training OOF,raw_threshold,2,0.3699999999999999,own validation,7,CV17_THY_CONT_RATIO,complete thyroid block,block,thyroid,4,0.7184442510192997,0.7193692733858938,-0.0009250223665941,0.8280600268276325,0.8269282360831657,0.0011317907444667,0.5580557654318655,0.5523015465424985,0.005754218889367,0.1169721772901374,0.1175249370666879,0.0005527597765505,-0.0137764641762931,0.0118694477333066,0.9987141202706082,0.981000841351681,1.0167884369950413,2000,0.0073172532345732,0.0067821503049722,0.003608316566063,0.0115440400851319,0.0016520894981087
SVC,individual,SVC,sigmoid,Cached fitted individual; sigmoid fitted to cached training OOF,sigmoid,3,0.3499999999999999,own validation,7,CV17_THY_CONT_RATIO,complete thyroid block,block,thyroid,4,0.7117918553033057,0.7167080185582839,-0.0049161632549782,0.8280600268276325,0.8269282360831657,0.0011317907444667,0.5580557654318655,0.5523015465424985,0.005754218889367,0.116780876948113,0.1174579968269048,0.0006771198787917,-0.0205455647184171,0.010043080001031,0.993140633106258,0.9712947497770356,1.0142502916212883,2000,0.0014949609766897,0.0057326165539955,0.003608316566063,0.0115440400851319,0.001626422555802
KNeighbors,individual,KNeighbors,raw,Cached fitted individual; sigmoid fitted to cached training OOF,raw_fixed,4,0.5,fixed 0.5,7,CV17_THY_CONT_RATIO,complete thyroid block,block,thyroid,4,0.6934892651422586,0.6945916535682066,-0.001102388425948,0.8010186116700201,0.788426391683434,0.0125922199865861,0.5368434986741091,0.5260048908225393,0.0108386078515697,0.1519858501012397,0.1523254595355602,0.0003396094343204,-0.0195243016553268,0.0175852159951031,0.9984128971025136,0.9727965826542252,1.0257783233879731,2000,0.0015913249354248,0.0054709677716397,0.012124832327297,0.0135669333249578,0.0019614298595292
KNeighbors,individual,KNeighbors,raw,Cached fitted individual; sigmoid fitted to cached training OOF,raw_threshold,4,0.61,own validation,7,CV17_THY_CONT_RATIO,complete thyroid block,block,thyroid,4,0.6826930799089814,0.6857238654487459,-0.0030307855397644,0.8010186116700201,0.788426391683434,0.0125922199865861,0.5368434986741091,0.5260048908225393,0.0108386078515697,0.1519858501012397,0.1523254595355602,0.0003396094343204,-0.0269333073453281,0.0226021801239252,0.9955801661682272,0.9612186268269226,1.0334142373608035,2000,-0.0076114019323388,0.0058050411893116,0.012124832327297,0.0135669333249578,0.0019614298595292
KNeighbors,individual,KNeighbors,sigmoid,Cached fitted individual; sigmoid fitted to cached training OOF,sigmoid,5,0.3299999999999999,own validation,7,CV17_THY_CONT_RATIO,complete thyroid block,block,thyroid,4,0.6826930799089814,0.6857238654487459,-0.0030307855397644,0.8010186116700201,0.788426391683434,0.0125922199865861,0.5368434986741091,0.5260048908225393,0.0108386078515697,0.1216933112558707,0.1231777694714852,0.0014844582156145,-0.0269333073453281,0.0226021801239252,0.9955801661682272,0.9612186268269226,1.0334142373608035,2000,-0.0076114019323388,0.0058050411893116,0.012124832327297,0.0135669333249578,0.0017824312258597
RandomForest,individual,RandomForest,raw,Cached fitted individual; sigmoid fitted to cached training OOF,raw_fixed,6,0.5,fixed 0.5,7,CV17_THY_CONT_RATIO,complete thyroid block,block,thyroid,4,0.7481899644904975,0.7427551672704027,0.0054347972200947,0.843754191817572,0.8386904761904762,0.0050637156270958,0.6365115879952783,0.599529895204826,0.0369816927904522,0.1213394097377041,0.1181544523777716,-0.0031849573599325,-0.0231862128701459,0.0333001490548789,1.0073170776314724,0.969433279366508,1.045682506627454,2000,0.0285608335663901,0.0088240435957312,0.0193443997317236,0.059177704751168,0.0065826135860895
RandomForest,individual,RandomForest,raw,Cached fitted individual; sigmoid fitted to cached training OOF,raw_threshold,6,0.4999999999999999,own validation,7,CV17_THY_CONT_RATIO,complete thyroid block,block,thyroid,4,0.7481899644904975,0.7427551672704027,0.0054347972200947,0.843754191817572,0.8386904761904762,0.0050637156270958,0.6365115879952783,0.599529895204826,0.0369816927904522,0.1213394097377041,0.1181544523777716,-0.0031849573599325,-0.0231862128701459,0.0333001490548789,1.0073170776314724,0.969433279366508,1.045682506627454,2000,0.0285608335663901,0.0088240435957312,0.0193443997317236,0.059177704751168,0.0065826135860895
RandomForest,individual,RandomForest,sigmoid,Cached fitted individual; sigmoid fitted to cached training OOF,sigmoid,7,0.3499999999999999,own validation,7,CV17_THY_CONT_RATIO,complete thyroid block,block,thyroid,4,0.7480424712007543,0.746555750911906,0.0014867202888483,0.843754191817572,0.8386904761904762,0.0050637156270958,0.6365115879952783,0.599529895204826,0.0369816927904522,0.1069068465926982,0.1102754075599644,0.0033685609672662,-0.0263313616239021,0.0280202416635031,1.0019914390680569,0.9648260127637042,1.037909526991309,2000,0.0274818547240677,0.0085329558372167,0.0193443997317236,0.059177704751168,0.0073214370783463
AdaBoost,individual,AdaBoost,raw,Cached fitted individual; sigmoid fitted to cached training OOF,raw_fixed,8,0.5,fixed 0.5,7,CV17_THY_CONT_RATIO,complete thyroid block,block,thyroid,4,0.7020739453824855,0.7246482864106782,-0.0225743410281927,0.8383635144198525,0.8349429912810195,0.003420523138833,0.5899823919056046,0.5846438552064164,0.0053385366991882,0.1882840528462493,0.1845060752804429,-0.0037779775658064,-0.0419308776372501,-0.0023059069567583,0.9688478653002716,0.9428712859480376,0.9965919397999232,2000,0.0031340155855325,0.0104185672750887,0.0115274983232729,0.0231118398351566,0.0025212889876476
AdaBoost,individual,AdaBoost,raw,Cached fitted individual; sigmoid fitted to cached training OOF,raw_threshold,8,0.5499999999999999,own validation,7,CV17_THY_CONT_RATIO,complete thyroid block,block,thyroid,4,0.7300930541708208,0.7373748444474889,-0.007281790276668,0.8383635144198525,0.8349429912810195,0.003420523138833,0.5899823919056046,0.5846438552064164,0.0053385366991882,0.1882840528462493,0.1845060752804429,-0.0037779775658064,-0.0311978081610022,0.0168033239786877,0.9901247102047204,0.958343769187208,1.0233914531708084,2000,-0.0014585658928983,0.0075346985600702,0.0115274983232729,0.0231118398351566,0.0025212889876476
AdaBoost,individual,AdaBoost,sigmoid,Cached fitted individual; sigmoid fitted to cached training OOF,sigmoid,9,0.3399999999999999,own validation,7,CV17_THY_CONT_RATIO,complete thyroid block,block,thyroid,4,0.7276492287055667,0.7332560002209517,-0.005606771515385,0.8383635144198525,0.8349429912810195,0.003420523138833,0.5899823919056046,0.5846438552064164,0.0053385366991882,0.111823846584747,0.1136890746593706,0.0018652280746236,-0.0289200824651298,0.0183450817748622,0.99235359613328,0.961148388422402,1.0254493328260703,2000,-0.0020866554210295,0.0065620870911404,0.0115274983232729,0.0231118398351566,0.0031995196428738
MLP,individual,MLP,raw,Cached fitted individual; sigmoid fitted to cached training OOF,raw_fixed,10,0.5,fixed 0.5,7,CV17_THY_CONT_RATIO,complete thyroid block,block,thyroid,4,0.6910402500491611,0.6790555910576739,0.0119846589914872,0.8288816230717639,0.8314553990610328,-0.0025737759892688,0.5783130880556625,0.575245919569878,0.0030671684857844,0.1132631971551542,0.1137562400231772,0.000493042868023,-0.0027971588160931,0.0292277223109763,1.0176490101094968,0.996170893414588,1.0443082750781345,2000,0.023226323224199,0.0061492598158995,0.003059188464118,0.0147671672622169,0.0019922560429837
MLP,individual,MLP,raw,Cached fitted individual; sigmoid fitted to cached training OOF,raw_threshold,10,0.4299999999999999,own validation,7,CV17_THY_CONT_RATIO,complete thyroid block,block,thyroid,4,0.7136612766620263,0.7140237650039206,-0.0003624883418943,0.8288816230717639,0.8314553990610328,-0.0025737759892688,0.5783130880556625,0.575245919569878,0.0030671684857844,0.1132631971551542,0.1137562400231772,0.000493042868023,-0.0210243068102753,0.0202407003240062,0.999492330144092,0.9708665260668368,1.028870780536374,2000,0.0097736852271605,0.0102888312956235,0.003059188464118,0.0147671672622169,0.0019922560429837
MLP,individual,MLP,sigmoid,Cached fitted individual; sigmoid fitted to cached training OOF,sigmoid,11,0.4499999999999999,own validation,7,CV17_THY_CONT_RATIO,complete thyroid block,block,thyroid,4,0.7136612766620263,0.7140237650039206,-0.0003624883418943,0.8288816230717639,0.8314553990610328,-0.0025737759892688,0.5783130880556625,0.575245919569878,0.0030671684857844,0.1134070852875283,0.11364503565206,0.0002379503645317,-0.0210243068102753,0.0202407003240062,0.999492330144092,0.9708665260668368,1.028870780536374,2000,0.0097736852271605,0.0102888312956235,0.003059188464118,0.0147671672622169,0.002183702843989
GradientBoosting,individual,GradientBoosting,raw,Cached fitted individual; sigmoid fitted to cached training OOF,raw_fixed,12,0.5,fixed 0.5,7,CV17_THY_CONT_RATIO,complete thyroid block,block,thyroid,4,0.7075228585210117,0.6703305014924567,0.037192357028555,0.8464201877934272,0.8377682763246144,0.0086519114688128,0.6276862602322422,0.594871735851474,0.0328145243807681,0.1059158384595022,0.1111346936950864,0.0052188552355842,0.0043096178471222,0.0695791373527655,1.0554836113614825,1.006334188265937,1.1066314241217283,2000,0.022824471590097,0.014075988235071,0.0176098256203889,0.0469090593021709,0.006640036497267
GradientBoosting,individual,GradientBoosting,raw,Cached fitted individual; sigmoid fitted to cached training OOF,raw_threshold,12,0.3999999999999999,own validation,7,CV17_THY_CONT_RATIO,complete thyroid block,block,thyroid,4,0.7654416549645511,0.7211813274055255,0.0442603275590255,0.8464201877934272,0.8377682763246144,0.0086519114688128,0.6276862602322422,0.594871735851474,0.0328145243807681,0.1059158384595022,0.1111346936950864,0.0052188552355842,0.0159024614557193,0.0728225137408168,1.0613719821591243,1.0218227797022394,1.102709578764146,2000,0.0420268312534473,0.0072940162756578,0.0176098256203889,0.0469090593021709,0.006640036497267
GradientBoosting,individual,GradientBoosting,sigmoid,Cached fitted individual; sigmoid fitted to cached training OOF,sigmoid,13,0.3799999999999999,own validation,7,CV17_THY_CONT_RATIO,complete thyroid block,block,thyroid,4,0.7750647101954999,0.7399481673454276,0.0351165428500723,0.8464201877934272,0.8377682763246144,0.0086519114688128,0.6276862602322422,0.594871735851474,0.0328145243807681,0.1053449405556377,0.1106344683503809,0.0052895277947432,0.0070328913643349,0.0622657025351375,1.0474581117972808,1.0093005787827312,1.0867511126903142,2000,0.0418041063390456,0.010390463770372,0.0176098256203889,0.0469090593021709,0.0068686372466954
XGBoost,individual,XGBoost,raw,Cached fitted individual; sigmoid fitted to cached training OOF,raw_fixed,14,0.5,fixed 0.5,7,CV17_THY_CONT_RATIO,complete thyroid block,block,thyroid,4,0.753370786516854,0.7478576736824337,0.0055131128344202,0.8397635814889336,0.8372149564050972,0.0025486250838363,0.6160126372016281,0.5836887641774461,0.032323873024182,0.1300014096423648,0.1226407671215084,-0.0073606425208564,-0.0230760786645433,0.0366337319917619,1.007371874393257,0.9696165951700538,1.0498306800618695,2000,0.030826452858046,0.0123243024886541,0.0207461435278336,0.051083527869935,0.006222545671761
XGBoost,individual,XGBoost,raw,Cached fitted individual; sigmoid fitted to cached training OOF,raw_threshold,14,0.5499999999999999,own validation,7,CV17_THY_CONT_RATIO,complete thyroid block,block,thyroid,4,0.750206910821436,0.7371060708136836,0.0131008400077523,0.8397635814889336,0.8372149564050972,0.0025486250838363,0.6160126372016281,0.5836887641774461,0.032323873024182,0.1300014096423648,0.1226407671215084,-0.0073606425208564,-0.0180518960282252,0.0437706759583429,1.017773344334677,0.9758056079995492,1.061550191400295,2000,0.0314890080209442,0.0092568022780449,0.0207461435278336,0.051083527869935,0.006222545671761
XGBoost,individual,XGBoost,sigmoid,Cached fitted individual; sigmoid fitted to cached training OOF,sigmoid,15,0.3799999999999999,own validation,7,CV17_THY_CONT_RATIO,complete thyroid block,block,thyroid,4,0.75256200040992,0.7398724860553494,0.0126895143545706,0.8397635814889336,0.8372149564050972,0.0025486250838363,0.6160126372016281,0.5836887641774461,0.032323873024182,0.1085075503199707,0.1119045973696206,0.0033970470496499,-0.0190638700794038,0.0454910595938876,1.0171509477561804,0.9748987637661672,1.0621372470868915,2000,0.0343915881531741,0.0100347602050787,0.0207461435278336,0.051083527869935,0.0071049961999721
paper,voting,"LogisticRegression,RandomForest,AdaBoost",raw,models/predictive_sensitivity/h7_CV17_THY_CONT_RATIO_paper.joblib,raw_fixed,16,0.5,fixed 0.5,7,CV17_THY_CONT_RATIO,complete thyroid block,block,thyroid,4,0.7372888159095056,0.7469281794321164,-0.0096393635226108,0.848013078470825,0.8431757209926224,0.0048373574782025,0.6230342014204447,0.5983820119012478,0.0246521895191969,0.1492894135364164,0.1456480488202615,-0.0036413647161548,-0.0271749125180134,0.0071451030170755,0.9870946581103158,0.9641271200903024,1.009691880817713,2000,0.0070501341259093,0.0059605688800276,0.010591046277666,0.0312826892317725,0.0029607776196826
paper,voting,"LogisticRegression,RandomForest,AdaBoost",raw,models/predictive_sensitivity/h7_CV17_THY_CONT_RATIO_paper.joblib,raw_threshold,16,0.3499999999999999,saved voting threshold (also applied to raw),7,CV17_THY_CONT_RATIO,complete thyroid block,block,thyroid,4,0.614120079081147,0.6286281030308334,-0.0145080239496864,0.848013078470825,0.8431757209926224,0.0048373574782025,0.6230342014204447,0.5983820119012478,0.0246521895191969,0.1492894135364164,0.1456480488202615,-0.0036413647161548,-0.0291021919552552,0.0001659823443623,0.9769211336882042,0.9538097137409836,1.000261560364158,2000,0.0046120936056957,0.0050086021700599,0.010591046277666,0.0312826892317725,0.0029607776196826
paper,voting,"LogisticRegression,RandomForest,AdaBoost",sigmoid,models/predictive_sensitivity/h7_CV17_THY_CONT_RATIO_paper.joblib,sigmoid,17,0.3499999999999999,saved voting threshold (also applied to raw),7,CV17_THY_CONT_RATIO,complete thyroid block,block,thyroid,4,0.7556247922897972,0.7503958152920286,0.0052289769977685,0.848013078470825,0.8431757209926224,0.0048373574782025,0.6230342014204447,0.5983820119012478,0.0246521895191969,0.1073857167910792,0.1097413976835951,0.0023556808925159,-0.0191464967268642,0.0303049905384072,1.006968291788426,0.9749710027886188,1.0415949253319403,2000,0.014639967086073,0.0114827961473904,0.010591046277666,0.0312826892317725,0.0035416217480574
top3_train_cv,voting,"GradientBoosting,LogisticRegression,AdaBoost",raw,models/predictive_sensitivity/h7_CV17_THY_CONT_RATIO_top3_train_cv.joblib,raw_fixed,18,0.5,fixed 0.5,7,CV17_THY_CONT_RATIO,complete thyroid block,block,thyroid,4,0.7561498913446758,0.7544481142126571,0.0017017771320186,0.8497736418511066,0.8439470154258887,0.0058266264252179,0.6243930031082516,0.599664338360634,0.0247286647476175,0.1350459166663134,0.1347428103526889,-0.0003031063136244,-0.0206385663455492,0.0244282092727257,1.0022556582751814,0.972668755177953,1.0332298447637456,2000,0.0081300204781613,0.007088249347585,0.0091641515761233,0.0267408732478,0.0027319905648529
top3_train_cv,voting,"GradientBoosting,LogisticRegression,AdaBoost",raw,models/predictive_sensitivity/h7_CV17_THY_CONT_RATIO_top3_train_cv.joblib,raw_threshold,18,0.3899999999999999,saved voting threshold (also applied to raw),7,CV17_THY_CONT_RATIO,complete thyroid block,block,thyroid,4,0.7097031039136302,0.7101403947734223,-0.000437290859792,0.8497736418511066,0.8439470154258887,0.0058266264252179,0.6243930031082516,0.599664338360634,0.0247286647476175,0.1350459166663134,0.1347428103526889,-0.0003031063136244,-0.0146771719225929,0.0148404107124633,0.9993842191445376,0.9796012574700692,1.021232705499017,2000,0.0103529081468954,0.0058441540595479,0.0091641515761233,0.0267408732478,0.0027319905648529
top3_train_cv,voting,"GradientBoosting,LogisticRegression,AdaBoost",sigmoid,models/predictive_sensitivity/h7_CV17_THY_CONT_RATIO_top3_train_cv.joblib,sigmoid,19,0.3899999999999999,saved voting threshold (also applied to raw),7,CV17_THY_CONT_RATIO,complete thyroid block,block,thyroid,4,0.7467307692307692,0.7328493288329406,0.0138814403978285,0.8497736418511066,0.8439470154258887,0.0058266264252179,0.6243930031082516,0.599664338360634,0.0247286647476175,0.1061190357747416,0.1098911753186265,0.0037721395438849,-0.0054834205696986,0.0346360934278214,1.0189417385698294,0.9927070553830624,1.0481943954716342,2000,0.0081828304486458,0.0081366266170804,0.0091641515761233,0.0267408732478,0.0039051679492635
paper_locked,voting,"LogisticRegression,RandomForest,AdaBoost",raw,models/final_h7_CV17_THY_CONT_RATIO_paper_locked.joblib,raw_fixed,20,0.5,fixed 0.5,7,CV17_THY_CONT_RATIO,complete thyroid block,block,thyroid,4,0.7284020296855073,0.7308812260536398,-0.0024791963681325,0.8451039570757881,0.8408953722334004,0.0042085848423877,0.6181926131183804,0.5957172882987127,0.0224753248196676,0.1565405803323707,0.1574120822681253,0.0008715019357546,-0.0177744839494998,0.0126888981705522,0.9966079353528906,0.9762869661854814,1.0175396122165847,2000,0.0061225887617134,0.0066814202008265,0.0089570757880617,0.0240507316838648,0.002166850298477
paper_locked,voting,"LogisticRegression,RandomForest,AdaBoost",raw,models/final_h7_CV17_THY_CONT_RATIO_paper_locked.joblib,raw_threshold,20,0.4399999999999999,saved voting threshold (also applied to raw),7,CV17_THY_CONT_RATIO,complete thyroid block,block,thyroid,4,0.6909228061352779,0.6805447268569053,0.0103780792783726,0.8451039570757881,0.8408953722334004,0.0042085848423877,0.6181926131183804,0.5957172882987127,0.0224753248196676,0.1565405803323707,0.1574120822681253,0.0008715019357546,-0.0040837738967677,0.0257554051601112,1.01524966525904,0.9939886199364312,1.03867019642111,2000,0.0106000246724718,0.0056033689538591,0.0089570757880617,0.0240507316838648,0.002166850298477
paper_locked,voting,"LogisticRegression,RandomForest,AdaBoost",sigmoid,models/final_h7_CV17_THY_CONT_RATIO_paper_locked.joblib,sigmoid,21,0.4399999999999999,saved voting threshold (also applied to raw),7,CV17_THY_CONT_RATIO,complete thyroid block,block,thyroid,4,0.7271888482766964,0.7357759897727565,-0.0085871414960601,0.8451039570757881,0.8408953722334004,0.0042085848423877,0.6181926131183804,0.5957172882987127,0.0224753248196676,0.1082867226348149,0.1099374247600854,0.0016507021252704,-0.0282143547916878,0.009687528532093,0.9883291360204453,0.9622751483877066,1.0132831842927537,2000,0.0042942343681478,0.0109378641273897,0.0089570757880617,0.0240507316838648,0.0026467278611159
own,stacking,"AdaBoost,MLP",raw,models/stacking_sensitivity/h7_CV17_THY_CONT_RATIO_own.joblib,raw_fixed,22,0.5,fixed 0.5,7,CV17_THY_CONT_RATIO,complete thyroid block,block,thyroid,4,0.7054679637705468,0.68446875,0.0209992137705468,0.84189302481556,0.8388749161636485,0.0030181086519115,0.5987794483598768,0.5935133411382528,0.005266107221624,0.1108770283132215,0.1116095409016844,0.0007325125884629,0.001620562680415,0.0417668803710571,1.0306795799962334,1.0023809400497987,1.0632394932502207,2000,0.0113062271076844,0.011123229974424,0.0096789067739772,0.0216555873491524,0.0025995385210642
own,stacking,"AdaBoost,MLP",raw,models/stacking_sensitivity/h7_CV17_THY_CONT_RATIO_own.joblib,raw_threshold,22,0.3799999999999999,saved stacking threshold,7,CV17_THY_CONT_RATIO,complete thyroid block,block,thyroid,4,0.7362827636774827,0.7329983531701474,0.0032844105073353,0.84189302481556,0.8388749161636485,0.0030181086519115,0.5987794483598768,0.5935133411382528,0.005266107221624,0.1108770283132215,0.1116095409016844,0.0007325125884629,-0.0179982542353654,0.02579725713591,1.0044807883853089,0.9757664259348988,1.0361101662625776,2000,0.0046440248566276,0.0065500362399514,0.0096789067739772,0.0216555873491524,0.0025995385210642
own,stacking,"AdaBoost,MLP",sigmoid,models/stacking_sensitivity/h7_CV17_THY_CONT_RATIO_own.joblib,sigmoid,23,0.3799999999999999,saved stacking threshold,7,CV17_THY_CONT_RATIO,complete thyroid block,block,thyroid,4,0.7362453965887471,0.7329983531701474,0.0032470434185997,0.84189302481556,0.8388749161636485,0.0030181086519115,0.5987794483598768,0.5935133411382528,0.005266107221624,0.1108816820038252,0.1117106136357484,0.0008289316319231,-0.0169138309579458,0.0244412817619803,1.0044298099778213,0.9772438004126116,1.0342601119633583,2000,0.0056223796383916,0.0072303728946936,0.0096789067739772,0.0216555873491524,0.0026300057351163
own,stacking,"AdaBoost,MLP",isotonic,models/stacking_sensitivity/h7_CV17_THY_CONT_RATIO_own.joblib,isotonic,24,0.3699999999999999,saved stacking threshold,7,CV17_THY_CONT_RATIO,complete thyroid block,block,thyroid,4,0.7387964841108857,0.7300276264002422,0.0087688577106435,0.8408995640509725,0.838007209926224,0.0028923541247485,0.5697854311282068,0.5755825969261112,-0.0057971657979044,0.1134785590143057,0.1131591659685664,-0.0003193930457393,-0.0103132081872057,0.0299561848822578,1.0120116792755949,0.986174936566756,1.042246896615803,2000,0.0096313418610376,0.0063710573408977,0.0096671696847753,0.0123737950580792,0.0020141123300035
same_baseline,stacking,"KNeighbors,RandomForest,AdaBoost,MLP",raw,models/stacking_sensitivity/h7_CV17_THY_CONT_RATIO_same_baseline.joblib,raw_fixed,25,0.5,fixed 0.5,7,CV17_THY_CONT_RATIO,complete thyroid block,block,thyroid,4,0.7093875643733998,0.6839777869189634,0.0254097774544364,0.846579476861167,0.8405767940979209,0.0060026827632461,0.6196125522956771,0.5981289743576385,0.0214835779380386,0.108296472061616,0.1103807669581297,0.0020842948965137,0.0037397506143147,0.0488608076067642,1.037150003904216,1.005367840493788,1.073466800950721,2000,0.008741405890818,0.0123797466499031,0.0138656941649898,0.0332650295704718,0.0039512649922556
same_baseline,stacking,"KNeighbors,RandomForest,AdaBoost,MLP",raw,models/stacking_sensitivity/h7_CV17_THY_CONT_RATIO_same_baseline.joblib,raw_threshold,25,0.3699999999999999,saved stacking threshold,7,CV17_THY_CONT_RATIO,complete thyroid block,block,thyroid,4,0.7463421524001514,0.7414413624582157,0.0049007899419357,0.846579476861167,0.8405767940979209,0.0060026827632461,0.6196125522956771,0.5981289743576385,0.0214835779380386,0.108296472061616,0.1103807669581297,0.0020842948965137,-0.0205185511458487,0.0284457019068759,1.006609814599077,0.972556815308086,1.038703074475704,2000,0.0068641543586336,0.0094557967480358,0.0138656941649898,0.0332650295704718,0.0039512649922556
same_baseline,stacking,"KNeighbors,RandomForest,AdaBoost,MLP",sigmoid,models/stacking_sensitivity/h7_CV17_THY_CONT_RATIO_same_baseline.joblib,sigmoid,26,0.3699999999999999,saved stacking threshold,7,CV17_THY_CONT_RATIO,complete thyroid block,block,thyroid,4,0.7541176853691101,0.7374401913875598,0.0166774939815502,0.846579476861167,0.8405767940979209,0.0060026827632461,0.6196125522956771,0.5981289743576385,0.0214835779380386,0.1082846342751613,0.1104798486029241,0.0021952143277628,-0.0091417690552493,0.0423679789892134,1.0226153851882822,0.987669430419133,1.0589436039221478,2000,0.0158287463469067,0.0090686682731465,0.0138656941649898,0.0332650295704718,0.0039886307447997
same_baseline,stacking,"KNeighbors,RandomForest,AdaBoost,MLP",isotonic,models/stacking_sensitivity/h7_CV17_THY_CONT_RATIO_same_baseline.joblib,isotonic,27,0.3599999999999999,saved stacking threshold,7,CV17_THY_CONT_RATIO,complete thyroid block,block,thyroid,4,0.7453888225733574,0.7372080882608847,0.0081807343124726,0.8448231052984574,0.8405893695506371,0.0042337357478202,0.5965741290114818,0.5786387263114994,0.0179354026999823,0.1094017676448759,0.1105606852311867,0.0011589175863108,-0.0170874939298038,0.0339463021694418,1.011096913398999,0.9773627742156186,1.0462771157054327,2000,0.0130953859481422,0.009136363438627,0.0130294265593561,0.0323321056011691,0.0040142740885537
locked_baseline,stacking,"KNeighbors,RandomForest,AdaBoost,MLP",raw,models/stacking_sensitivity/h7_CV17_THY_CONT_RATIO_locked_baseline.joblib,raw_fixed,28,0.5,fixed 0.5,7,CV17_THY_CONT_RATIO,complete thyroid block,block,thyroid,4,0.7280681378242353,0.7267338198926353,0.0013343179315999,0.845732729711603,0.8405851777330651,0.0051475519785378,0.63530329104368,0.6145854262987622,0.0207178647449177,0.1068180026469211,0.1078838110064002,0.0010658083594791,-0.0237329173444326,0.0252791498803615,1.001836047662949,0.9679726333877472,1.0357395895213282,2000,0.0136338355344551,0.010979230212863,0.0120975855130784,0.0317068856809592,0.0036065577317054
locked_baseline,stacking,"KNeighbors,RandomForest,AdaBoost,MLP",raw,models/stacking_sensitivity/h7_CV17_THY_CONT_RATIO_locked_baseline.joblib,raw_threshold,28,0.4899999999999999,saved stacking threshold,7,CV17_THY_CONT_RATIO,complete thyroid block,block,thyroid,4,0.7269691518677281,0.7410399124684839,-0.0140707606007557,0.845732729711603,0.8405851777330651,0.0051475519785378,0.63530329104368,0.6145854262987622,0.0207178647449177,0.1068180026469211,0.1078838110064002,0.0010658083594791,-0.0387158835519479,0.0093878130921235,0.9810121420398472,0.9482390708801164,1.012991712632567,2000,0.0097826149080648,0.0095002239810076,0.0120975855130784,0.0317068856809592,0.0036065577317054
locked_baseline,stacking,"KNeighbors,RandomForest,AdaBoost,MLP",sigmoid,models/stacking_sensitivity/h7_CV17_THY_CONT_RATIO_locked_baseline.joblib,sigmoid,29,0.4899999999999999,saved stacking threshold,7,CV17_THY_CONT_RATIO,complete thyroid block,block,thyroid,4,0.7267338198926353,0.7267338198926353,0.0,0.845732729711603,0.8405851777330651,0.0051475519785378,0.63530329104368,0.6145854262987622,0.0207178647449177,0.1067173662362033,0.1078399907543123,0.001122624518109,-0.025739460605211,0.0243862050105121,1.0,0.965129066012035,1.0343745081315807,2000,0.0119474732586425,0.0103239346144128,0.0120975855130784,0.0317068856809592,0.0036904872406988
locked_baseline,stacking,"KNeighbors,RandomForest,AdaBoost,MLP",isotonic,models/stacking_sensitivity/h7_CV17_THY_CONT_RATIO_locked_baseline.joblib,isotonic,30,0.4299999999999999,saved stacking threshold,7,CV17_THY_CONT_RATIO,complete thyroid block,block,thyroid,4,0.7018585733581848,0.7057640750670242,-0.0039055017088394,0.8462567069081154,0.8413774312541918,0.0048792756539235,0.6081008676537986,0.5834648954210296,0.0246359722327689,0.1076655886837315,0.1101366281162957,0.0024710394325641,-0.0279428014163777,0.0208168394862187,0.9944662786803528,0.960861248263634,1.0301434238536438,2000,0.0015967604039604,0.0121641143266902,0.0150951542588866,0.0343801989229604,0.0041125700139014
paper,stacking,"LogisticRegression,RandomForest,AdaBoost",raw,models/stacking_sensitivity/h7_CV17_THY_CONT_RATIO_paper.joblib,raw_fixed,31,0.5,fixed 0.5,7,CV17_THY_CONT_RATIO,complete thyroid block,block,thyroid,4,0.6891908755434104,0.6849459642012833,0.0042449113421271,0.8478705566733735,0.8431841046277666,0.0046864520456069,0.6221181037045188,0.600450233374819,0.0216678703296998,0.1079861188966794,0.1102045313002292,0.0022184124035497,-0.0149796160976516,0.0255015687045263,1.0061974397455968,0.9784973406807024,1.0374351693137005,2000,0.0059185882536496,0.0109813633547859,0.0112432930918845,0.031626401434643,0.003492905035802
paper,stacking,"LogisticRegression,RandomForest,AdaBoost",raw,models/stacking_sensitivity/h7_CV17_THY_CONT_RATIO_paper.joblib,raw_threshold,31,0.3399999999999999,saved stacking threshold,7,CV17_THY_CONT_RATIO,complete thyroid block,block,thyroid,4,0.7567102574919146,0.7504775123095734,0.0062327451823411,0.8478705566733735,0.8431841046277666,0.0046864520456069,0.6221181037045188,0.600450233374819,0.0216678703296998,0.1079861188966794,0.1102045313002292,0.0022184124035497,-0.0175828191112893,0.0308037560243059,1.0083050392318351,0.9765680303844344,1.0419475117785082,2000,0.0161415072124653,0.0108400777171219,0.0112432930918845,0.031626401434643,0.003492905035802
paper,stacking,"LogisticRegression,RandomForest,AdaBoost",sigmoid,models/stacking_sensitivity/h7_CV17_THY_CONT_RATIO_paper.joblib,sigmoid,32,0.3599999999999999,saved stacking threshold,7,CV17_THY_CONT_RATIO,complete thyroid block,block,thyroid,4,0.7535680445026895,0.7414536206665774,0.0121144238361121,0.8478705566733735,0.8431841046277666,0.0046864520456069,0.6221181037045188,0.600450233374819,0.0216678703296998,0.1076110938531894,0.1097620095423412,0.0021509156891517,-0.0118588055158866,0.0368489061487623,1.0163387479654102,0.984414813421406,1.0507864842859531,2000,0.0121890028402986,0.0126304179368288,0.0112432930918845,0.031626401434643,0.0034859328818558
paper,stacking,"LogisticRegression,RandomForest,AdaBoost",isotonic,models/stacking_sensitivity/h7_CV17_THY_CONT_RATIO_paper.joblib,isotonic,33,0.3599999999999999,saved stacking threshold,7,CV17_THY_CONT_RATIO,complete thyroid block,block,thyroid,4,0.7574482553444686,0.7427598222413072,0.0146884331031613,0.8450955734406439,0.839231220657277,0.0058643527833669,0.5988961416564514,0.5733569919798042,0.0255391496766472,0.1094005890590723,0.1120920664499648,0.0026914773908924,-0.0089307412045152,0.0393470022538495,1.0197754814723805,0.9879822690470742,1.054216662837295,2000,0.0166629487770309,0.0127834785883192,0.0100947350771294,0.0321523127009151,0.0037013709993228
same_members_reselected_C,stacking,"KNeighbors,RandomForest,AdaBoost,MLP",raw,cache/classification_explainability/prepared_h7_CV17_THY_CONT_RATIO.joblib,raw_fixed,34,0.5,fixed 0.5,7,CV17_THY_CONT_RATIO,complete thyroid block,block,thyroid,4,0.7063925034721967,0.6827278668358129,0.0236646366363838,0.846495640509725,0.8404175050301811,0.0060781354795439,0.6194249018843708,0.5979487398586368,0.0214761620257339,0.1082647441577204,0.1103770967373645,0.002112352579644,0.002886742161856,0.0468577981643809,1.0346618876801683,1.0041788240545844,1.0692254336515516,2000,0.0066954814183659,0.0131528517287966,0.0137508383635144,0.032940561142683,0.0039419917718963
same_members_reselected_C,stacking,"KNeighbors,RandomForest,AdaBoost,MLP",raw,cache/classification_explainability/prepared_h7_CV17_THY_CONT_RATIO.joblib,raw_threshold,34,0.3699999999999999,saved reselected-C validation threshold,7,CV17_THY_CONT_RATIO,complete thyroid block,block,thyroid,4,0.7513921661160925,0.7466871531994552,0.0047050129166372,0.846495640509725,0.8404175050301811,0.0060781354795439,0.6194249018843708,0.5979487398586368,0.0214761620257339,0.1082647441577204,0.1103770967373645,0.002112352579644,-0.020000201255367,0.0277786664529747,1.0063011836971842,0.9736058530346212,1.03849625484981,2000,0.011134358556228,0.0091110877616355,0.0137508383635144,0.032940561142683,0.0039419917718963
same_members_reselected_C,stacking,"KNeighbors,RandomForest,AdaBoost,MLP",sigmoid,cache/classification_explainability/prepared_h7_CV17_THY_CONT_RATIO.joblib,sigmoid,35,0.3699999999999999,saved reselected-C validation threshold,7,CV17_THY_CONT_RATIO,complete thyroid block,block,thyroid,4,0.7539916545968688,0.7466871531994552,0.0073045013974135,0.846495640509725,0.8404175050301811,0.0060781354795439,0.6194249018843708,0.5979487398586368,0.0214761620257339,0.1083122337346111,0.110479915661362,0.0021676819267509,-0.0171984097027691,0.0305834239904729,1.0097825459646852,0.9771650682247394,1.042109522696809,2000,0.0134836602673562,0.0090184239809444,0.0137508383635144,0.032940561142683,0.0039598863003827
same_members_reselected_C,stacking,"KNeighbors,RandomForest,AdaBoost,MLP",isotonic,cache/classification_explainability/prepared_h7_CV17_THY_CONT_RATIO.joblib,isotonic,36,0.3799999999999999,saved reselected-C validation threshold,7,CV17_THY_CONT_RATIO,complete thyroid block,block,thyroid,4,0.7526893511799172,0.7466871531994552,0.0060021979804619,0.8467932595573441,0.8405223004694836,0.0062709590878604,0.5963925934408925,0.5772638017603869,0.0191287916805055,0.1094426647775204,0.1113725599924801,0.0019298952149596,-0.0182977478257463,0.028922592101193,1.008038437456361,0.9758893638963524,1.0398201926737125,2000,0.0121813568504046,0.0090184239809444,0.0146810026827632,0.0299340335279993,0.0040951712503475
LogisticRegression,individual,LogisticRegression,raw,Cached fitted individual; sigmoid fitted to cached training OOF,raw_fixed,0,0.5,fixed 0.5,7,CV17_THY_CONT_STATES,complete thyroid block,block,thyroid,8,0.6990946848363103,0.7061175251250945,-0.0070228402887841,0.8258048289738431,0.829476861167002,-0.0036720321931589,0.5599970734756259,0.5609644619093337,-0.0009673884337078,0.1694025268159388,0.1686250504577817,-0.000777476358157,-0.0151352334976899,-0.0010499153638481,0.9900542897762804,0.9784632412657526,0.9984998209708844,2000,-0.0029335554566589,0.0031059829836157,-0.0018653588195841,0.0014833601671613,-0.0004031089826675
LogisticRegression,individual,LogisticRegression,raw,Cached fitted individual; sigmoid fitted to cached training OOF,raw_threshold,0,0.5599999999999999,own validation,7,CV17_THY_CONT_STATES,complete thyroid block,block,thyroid,8,0.7308688269022101,0.7321928254094556,-0.0013239985072455,0.8258048289738431,0.829476861167002,-0.0036720321931589,0.5599970734756259,0.5609644619093337,-0.0009673884337078,0.1694025268159388,0.1686250504577817,-0.000777476358157,-0.0125510842228226,0.0101685739903628,0.99819173520786,0.9828683641522176,1.0141500637382497,2000,0.0025445112937515,0.0042314460746041,-0.0018653588195841,0.0014833601671613,-0.0004031089826675
LogisticRegression,individual,LogisticRegression,sigmoid,Cached fitted individual; sigmoid fitted to cached training OOF,sigmoid,1,0.2799999999999999,own validation,7,CV17_THY_CONT_STATES,complete thyroid block,block,thyroid,8,0.7278471985836508,0.7325032622254413,-0.0046560636417904,0.8258048289738431,0.829476861167002,-0.0036720321931589,0.5599970734756259,0.5609644619093337,-0.0009673884337078,0.1153157422027936,0.114822660513787,-0.0004930816890065,-0.0167280154248306,0.0068715861933603,0.9936436274322592,0.9773031625769288,1.009568576414172,2000,-0.0005808424861132,0.0032854493516577,-0.0018653588195841,0.0014833601671613,2.8944403616640302e-05
SVC,individual,SVC,raw,Cached fitted individual; sigmoid fitted to cached training OOF,raw_fixed,2,0.5,fixed 0.5,7,CV17_THY_CONT_STATES,complete thyroid block,block,thyroid,8,0.6836507759016984,0.6782275528902215,0.0054232230114769,0.8275067069081153,0.8259557344064387,0.0015509725016766,0.5517908931955727,0.5493555158084332,0.0024353773871395,0.1185249412135626,0.1183973973373896,-0.000127543876173,-0.0126604542708907,0.0258179398520139,1.0079961702947131,0.9813698313920228,1.0392330353720074,2000,0.0088419695836251,0.007913157231328,0.0080902079141515,0.0164409003339707,0.0019386719928815
SVC,individual,SVC,raw,Cached fitted individual; sigmoid fitted to cached training OOF,raw_threshold,2,0.4099999999999999,own validation,7,CV17_THY_CONT_STATES,complete thyroid block,block,thyroid,8,0.7046137426188239,0.7005164168068029,0.004097325812021,0.8275067069081153,0.8259557344064387,0.0015509725016766,0.5517908931955727,0.5493555158084332,0.0024353773871395,0.1185249412135626,0.1183973973373896,-0.000127543876173,-0.0121676693613072,0.0219540140553692,1.0058490075517403,0.9825898155357624,1.0322925738146005,2000,0.0036580258712574,0.0032846986609836,0.0080902079141515,0.0164409003339707,0.0019386719928815
SVC,individual,SVC,sigmoid,Cached fitted individual; sigmoid fitted to cached training OOF,sigmoid,3,0.3899999999999999,own validation,7,CV17_THY_CONT_STATES,complete thyroid block,block,thyroid,8,0.7046137426188239,0.7021985137676914,0.0024152288511325,0.8275067069081153,0.8259557344064387,0.0015509725016766,0.5517908931955727,0.5493555158084332,0.0024353773871395,0.1181860247840378,0.1182367057294107,5.068094537286072e-05,-0.014443154551107,0.0211060674779138,1.003439524299437,0.9799995610163396,1.030887673099519,2000,0.0031690119284102,0.0048857401526144,0.0080902079141515,0.0164409003339707,0.0019622083713454
KNeighbors,individual,KNeighbors,raw,Cached fitted individual; sigmoid fitted to cached training OOF,raw_fixed,4,0.5,fixed 0.5,7,CV17_THY_CONT_STATES,complete thyroid block,block,thyroid,8,0.6978465970742606,0.6940311364490666,0.003815460625194,0.8016431924882629,0.7951249161636486,0.0065182763246143,0.5260458230461986,0.5042471058739505,0.0217987171722481,0.1495907356195442,0.143877691976414,-0.0057130436431301,-0.0211457608119826,0.0297798140516431,1.0054975352326632,0.9700284545967436,1.044091923033706,2000,0.015985541523424,0.0096025695666513,0.0246474681421864,0.0392628200685475,0.0058271420020097
KNeighbors,individual,KNeighbors,raw,Cached fitted individual; sigmoid fitted to cached training OOF,raw_threshold,4,0.5199999999999999,own validation,7,CV17_THY_CONT_STATES,complete thyroid block,block,thyroid,8,0.7064947468958931,0.6959047245474499,0.0105900223484431,0.8016431924882629,0.7951249161636486,0.0065182763246143,0.5260458230461986,0.5042471058739505,0.0217987171722481,0.1495907356195442,0.143877691976414,-0.0057130436431301,-0.0150596028147331,0.038074219126564,1.015217632493198,0.9791537171094282,1.0556603006615672,2000,0.0155792190921672,0.0101127239459274,0.0246474681421864,0.0392628200685475,0.0058271420020097
KNeighbors,individual,KNeighbors,sigmoid,Cached fitted individual; sigmoid fitted to cached training OOF,sigmoid,5,0.2799999999999999,own validation,7,CV17_THY_CONT_STATES,complete thyroid block,block,thyroid,8,0.7064947468958931,0.6959047245474499,0.0105900223484431,0.8016431924882629,0.7951249161636486,0.0065182763246143,0.5260458230461986,0.5042471058739505,0.0217987171722481,0.1230083080576048,0.1246841978314842,0.0016758897738793,-0.0150596028147331,0.038074219126564,1.015217632493198,0.9791537171094282,1.0556603006615672,2000,0.0155792190921672,0.0101127239459274,0.0246474681421864,0.0392628200685475,0.0041730354895186
RandomForest,individual,RandomForest,raw,Cached fitted individual; sigmoid fitted to cached training OOF,raw_fixed,6,0.5,fixed 0.5,7,CV17_THY_CONT_STATES,complete thyroid block,block,thyroid,8,0.7380642035227243,0.743431810410039,-0.0053676068873147,0.8435446009389671,0.837709590878605,0.0058350100603621,0.6363609114751326,0.6017999704553026,0.0345609410198299,0.125808008353521,0.1226931427942363,-0.0031148655592846,-0.028971121785739,0.0177887826908904,0.992779960700963,0.961616807407275,1.0246622405640944,2000,0.0132642158337358,0.009156494913582,0.0167261904761904,0.048234458254726,0.0060259021008789
RandomForest,individual,RandomForest,raw,Cached fitted individual; sigmoid fitted to cached training OOF,raw_threshold,6,0.6,own validation,7,CV17_THY_CONT_STATES,complete thyroid block,block,thyroid,8,0.7282966182810016,0.7195702671312427,0.0087263511497588,0.8435446009389671,0.837709590878605,0.0058350100603621,0.6363609114751326,0.6017999704553026,0.0345609410198299,0.125808008353521,0.1226931427942363,-0.0031148655592846,-0.01641650853512,0.0373821972887,1.0121271702686503,0.97696775352898,1.0534148814725943,2000,0.020156408023721,0.0123752401120483,0.0167261904761904,0.048234458254726,0.0060259021008789
RandomForest,individual,RandomForest,sigmoid,Cached fitted individual; sigmoid fitted to cached training OOF,sigmoid,7,0.4599999999999999,own validation,7,CV17_THY_CONT_STATES,complete thyroid block,block,thyroid,8,0.7205738347042695,0.7189140735049302,0.0016597611993393,0.8435446009389671,0.837709590878605,0.0058350100603621,0.6363609114751326,0.6017999704553026,0.0345609410198299,0.1065492070425125,0.1094838282998935,0.0029346212573809,-0.0242882062719097,0.029552559794279,1.002308705950417,0.9664299754777712,1.0411696441256992,2000,0.0179375087201155,0.0119934814137688,0.0167261904761904,0.048234458254726,0.0064096716071923
AdaBoost,individual,AdaBoost,raw,Cached fitted individual; sigmoid fitted to cached training OOF,raw_fixed,8,0.5,fixed 0.5,7,CV17_THY_CONT_STATES,complete thyroid block,block,thyroid,8,0.7035592443093917,0.7035181995046238,4.104480476785355e-05,0.8369634473507713,0.8325326961770624,0.0044307511737089,0.5904214779938294,0.5773646420483679,0.0130568359454614,0.1861595753416243,0.1869574823792024,0.0007979070375781,-0.0118125781331037,0.0126011056357163,1.0000583422074891,0.983297477833854,1.0182383015272547,2000,0.0075905752337524,0.0058260680477759,0.009385060362173,0.0207370636647826,0.0021124790329498
AdaBoost,individual,AdaBoost,raw,Cached fitted individual; sigmoid fitted to cached training OOF,raw_threshold,8,0.58,own validation,7,CV17_THY_CONT_STATES,complete thyroid block,block,thyroid,8,0.7308812260536399,0.7371060708136836,-0.0062248447600437,0.8369634473507713,0.8325326961770624,0.0044307511737089,0.5904214779938294,0.5773646420483679,0.0130568359454614,0.1861595753416243,0.1869574823792024,0.0007979070375781,-0.0246995724762146,0.0127379762205015,0.9915550217173328,0.9669217928122076,1.0175133928066558,2000,0.0002286003788068,0.0098731511368589,0.009385060362173,0.0207370636647826,0.0021124790329498
AdaBoost,individual,AdaBoost,sigmoid,Cached fitted individual; sigmoid fitted to cached training OOF,sigmoid,9,0.4099999999999999,own validation,7,CV17_THY_CONT_STATES,complete thyroid block,block,thyroid,8,0.7293557557283282,0.7383344686648501,-0.0089787129365218,0.8369634473507713,0.8325326961770624,0.0044307511737089,0.5904214779938294,0.5773646420483679,0.0130568359454614,0.1113880080541191,0.1131823334777446,0.0017943254236254,-0.0247069843258601,0.0079295684190618,0.987839233683945,0.966508789334136,1.0110204818199904,2000,0.0003453129854807,0.0094795093395229,0.009385060362173,0.0207370636647826,0.003073518436971
MLP,individual,MLP,raw,Cached fitted individual; sigmoid fitted to cached training OOF,raw_fixed,10,0.5,fixed 0.5,7,CV17_THY_CONT_STATES,complete thyroid block,block,thyroid,8,0.7140679457597994,0.704393777034914,0.0096741687248853,0.839528839704896,0.8404761904761905,-0.0009473507712944,0.6042522680335844,0.6135751488737986,-0.0093228808402141,0.1493165273814276,0.1503625276576923,0.0010460002762647,-0.0084167795615761,0.0287864930839729,1.0137340349109951,0.988028360287709,1.0417982868709146,2000,0.0031270336537346,0.0076227639134209,0.005653085177733,0.0136661679922308,0.0005747775775892
MLP,individual,MLP,raw,Cached fitted individual; sigmoid fitted to cached training OOF,raw_threshold,10,0.6599999999999999,own validation,7,CV17_THY_CONT_STATES,complete thyroid block,block,thyroid,8,0.749455044111702,0.7598944172737145,-0.0104393731620124,0.839528839704896,0.8404761904761905,-0.0009473507712944,0.6042522680335844,0.6135751488737986,-0.0093228808402141,0.1493165273814276,0.1503625276576923,0.0010460002762647,-0.0324950103463686,0.0121107934885201,0.9862620741451608,0.9573739596078292,1.0159081084802293,2000,0.0023923382804699,0.0082478814385851,0.005653085177733,0.0136661679922308,0.0005747775775892
MLP,individual,MLP,sigmoid,Cached fitted individual; sigmoid fitted to cached training OOF,sigmoid,11,0.3199999999999999,own validation,7,CV17_THY_CONT_STATES,complete thyroid block,block,thyroid,8,0.749455044111702,0.7583834571686913,-0.0089284130569892,0.839528839704896,0.8404761904761905,-0.0009473507712944,0.6042522680335844,0.6135751488737986,-0.0093228808402141,0.1108063428861379,0.1102037208803844,-0.0006026220057534,-0.0310370984042769,0.0129319538285622,0.9882270466574756,0.9592636706313796,1.017404128874507,2000,0.0013054427447028,0.0082547853388302,0.005653085177733,0.0136661679922308,0.0015150782432726
GradientBoosting,individual,GradientBoosting,raw,Cached fitted individual; sigmoid fitted to cached training OOF,raw_fixed,12,0.5,fixed 0.5,7,CV17_THY_CONT_STATES,complete thyroid block,block,thyroid,8,0.713485222451993,0.7254174666899401,-0.0119322442379471,0.8393108651911468,0.8376341381623071,0.0016767270288396,0.6169786784610722,0.5911711642189512,0.025807514242121,0.1414620807841352,0.1338591499979287,-0.0076029307862064,-0.0306622055383602,0.0056068795845055,0.9835512035677972,0.9575341515967712,1.007830831509354,2000,0.0016770567058585,0.005644896558263,0.0111468812877263,0.0329680197753897,0.0040991976962036
GradientBoosting,individual,GradientBoosting,raw,Cached fitted individual; sigmoid fitted to cached training OOF,raw_threshold,12,0.58,own validation,7,CV17_THY_CONT_STATES,complete thyroid block,block,thyroid,8,0.7372145788076273,0.7414358484559058,-0.0042212696482785,0.8393108651911468,0.8376341381623071,0.0016767270288396,0.6169786784610722,0.5911711642189512,0.025807514242121,0.1414620807841352,0.1338591499979287,-0.0076029307862064,-0.0273764302430078,0.02004381245371,0.9943066286084364,0.9633401169587098,1.027657596269058,2000,0.0113248959190857,0.008445641548405,0.0111468812877263,0.0329680197753897,0.0040991976962036
GradientBoosting,individual,GradientBoosting,sigmoid,Cached fitted individual; sigmoid fitted to cached training OOF,sigmoid,13,0.3199999999999999,own validation,7,CV17_THY_CONT_STATES,complete thyroid block,block,thyroid,8,0.741983321494254,0.7475565742779302,-0.0055732527836762,0.8393108651911468,0.8376341381623071,0.0016767270288396,0.6169786784610722,0.5911711642189512,0.025807514242121,0.1088132971589441,0.1108417829786434,0.0020284858196993,-0.0301487002779068,0.0191052487051027,0.992544707684419,0.9606201043768292,1.0257402903533686,2000,0.0157989108115616,0.007600292839633,0.0111468812877263,0.0329680197753897,0.0041511898311271
XGBoost,individual,XGBoost,raw,Cached fitted individual; sigmoid fitted to cached training OOF,raw_fixed,14,0.5,fixed 0.5,7,CV17_THY_CONT_STATES,complete thyroid block,block,thyroid,8,0.7145425336597307,0.7172198654654875,-0.0026773318057567,0.8140845070422535,0.8168427230046948,-0.0027582159624413,0.575368409433313,0.5850075182115558,-0.0096391087782428,0.1334389739023375,0.1400255982424599,0.0065866243401223,-0.027898017581473,0.0222421101370411,0.9962670696467404,0.9618588505383208,1.0315222879471064,2000,0.00160366028524,0.0088062573509043,0.0076031187122736,0.0132215564462092,0.0016345404399315
XGBoost,individual,XGBoost,raw,Cached fitted individual; sigmoid fitted to cached training OOF,raw_threshold,14,0.6,own validation,7,CV17_THY_CONT_STATES,complete thyroid block,block,thyroid,8,0.7220159456581181,0.7216535119026923,0.0003624337554257,0.8140845070422535,0.8168427230046948,-0.0027582159624413,0.575368409433313,0.5850075182115558,-0.0096391087782428,0.1334389739023375,0.1400255982424599,0.0065866243401223,-0.0261675097684272,0.0276027994455418,1.0005022268297017,0.9642040040474747,1.038799143849901,2000,0.0101607208235203,0.0127241617925416,0.0076031187122736,0.0132215564462092,0.0016345404399315
XGBoost,individual,XGBoost,sigmoid,Cached fitted individual; sigmoid fitted to cached training OOF,sigmoid,15,0.3699999999999999,own validation,7,CV17_THY_CONT_STATES,complete thyroid block,block,thyroid,8,0.7209111655263578,0.7216535119026923,-0.0007423463763345,0.8140845070422535,0.8168427230046948,-0.0027582159624413,0.575368409433313,0.5850075182115558,-0.0096391087782428,0.1158067399318236,0.1154308001275864,-0.0003759398042371,-0.0278803262452874,0.0254815275702584,0.9989713257621692,0.9622018836769548,1.03577353094674,2000,0.0083390787003792,0.0117907024336684,0.0076031187122736,0.0132215564462092,0.0019964997783457
paper,voting,"LogisticRegression,RandomForest,AdaBoost",raw,models/predictive_sensitivity/h7_CV17_THY_CONT_STATES_paper.joblib,raw_fixed,16,0.5,fixed 0.5,7,CV17_THY_CONT_STATES,complete thyroid block,block,thyroid,8,0.7324806773170542,0.7366105032621398,-0.0041298259450855,0.8436116700201207,0.8403169014084507,0.0032947686116699,0.6170842060713844,0.5976465244068523,0.019437681664532,0.1538035320441882,0.1515712257346753,-0.0022323063095129,-0.018549876757065,0.0113948592305814,0.9943934739909404,0.9753768126442128,1.015854624699977,2000,0.0072538577103698,0.0063495973092144,0.0087483232729711,0.025639048190855,0.0026792654899337
paper,voting,"LogisticRegression,RandomForest,AdaBoost",raw,models/predictive_sensitivity/h7_CV17_THY_CONT_STATES_paper.joblib,raw_threshold,16,0.3999999999999999,saved voting threshold (also applied to raw),7,CV17_THY_CONT_STATES,complete thyroid block,block,thyroid,8,0.6584010650650164,0.6721433905899925,-0.0137423255249761,0.8436116700201207,0.8403169014084507,0.0032947686116699,0.6170842060713844,0.5976465244068523,0.019437681664532,0.1538035320441882,0.1515712257346753,-0.0022323063095129,-0.0259448795531625,-0.0017599601846556,0.9795544734689522,0.9615719797160978,0.9973183607564392,2000,0.0047573770703207,0.0052462323652148,0.0087483232729711,0.025639048190855,0.0026792654899337
paper,voting,"LogisticRegression,RandomForest,AdaBoost",sigmoid,models/predictive_sensitivity/h7_CV17_THY_CONT_STATES_paper.joblib,sigmoid,17,0.3999999999999999,saved voting threshold (also applied to raw),7,CV17_THY_CONT_STATES,complete thyroid block,block,thyroid,8,0.7440715361986081,0.7414413624582157,0.0026301737403924,0.8436116700201207,0.8403169014084507,0.0032947686116699,0.6170842060713844,0.5976465244068523,0.019437681664532,0.1081966218159368,0.1099280605256788,0.001731438709742,-0.0162894678500305,0.0220256884705988,1.003547379298711,0.9779089604260256,1.0303899433539514,2000,0.0110463578947047,0.0083074494795891,0.0087483232729711,0.025639048190855,0.0032500597962848
paper_locked,voting,"LogisticRegression,RandomForest,AdaBoost",raw,models/final_h7_CV17_THY_CONT_STATES_paper_locked.joblib,raw_fixed,18,0.5,fixed 0.5,7,CV17_THY_CONT_STATES,complete thyroid block,block,thyroid,8,0.7279654991466125,0.7227898966704936,0.0051756024761188,0.8467639168343394,0.842614017437961,0.0041498993963783,0.617698441652995,0.6019158543926538,0.0157825872603412,0.1569675427717071,0.1579089522719534,0.0009414095002462,-0.0071943559060809,0.0182738865690794,1.0071605905117933,0.9904641462076436,1.0254533624441446,2000,0.0004186568797097,0.0060194458247128,0.0090652246814218,0.0231176787042844,0.0023880138745776
paper_locked,voting,"LogisticRegression,RandomForest,AdaBoost",raw,models/final_h7_CV17_THY_CONT_STATES_paper_locked.joblib,raw_threshold,18,0.4399999999999999,saved voting threshold (also applied to raw),7,CV17_THY_CONT_STATES,complete thyroid block,block,thyroid,8,0.6896489945332436,0.6785133339814005,0.0111356605518431,0.8467639168343394,0.842614017437961,0.0041498993963783,0.617698441652995,0.6019158543926538,0.0157825872603412,0.1569675427717071,0.1579089522719534,0.0009414095002462,-0.001886164899806,0.0255441936422945,1.016411852198248,0.9970288451050728,1.0384465716966729,2000,0.0089923064582868,0.0051673195007415,0.0090652246814218,0.0231176787042844,0.0023880138745776
paper_locked,voting,"LogisticRegression,RandomForest,AdaBoost",sigmoid,models/final_h7_CV17_THY_CONT_STATES_paper_locked.joblib,sigmoid,19,0.4399999999999999,saved voting threshold (also applied to raw),7,CV17_THY_CONT_STATES,complete thyroid block,block,thyroid,8,0.7256479063055328,0.7372975759751798,-0.0116496696696469,0.8467639168343394,0.842614017437961,0.0041498993963783,0.617698441652995,0.6019158543926538,0.0157825872603412,0.1078336763156494,0.1091795591421741,0.0013458828265246,-0.0321878634857668,0.007971055089205,0.9841995009216752,0.9570019726859558,1.0108198443031449,2000,0.0029810598864041,0.0071627948017152,0.0090652246814218,0.0231176787042844,0.0027350701387555
own,stacking,"MLP,GradientBoosting,XGBoost",raw,models/stacking_sensitivity/h7_CV17_THY_CONT_STATES_own.joblib,raw_fixed,20,0.5,fixed 0.5,7,CV17_THY_CONT_STATES,complete thyroid block,block,thyroid,8,0.7421927136038129,0.7269691518677281,0.0152235617360847,0.8439973172367539,0.8415576794097921,0.0024396378269617,0.626985025033135,0.6089280876910307,0.0180569373421043,0.1071099927017284,0.1077075630062954,0.000597570304567,-0.011821724598877,0.0428223430124439,1.0209411385572171,0.9842557349450974,1.05982168351976,2000,0.0193291563183932,0.0054255083086947,0.008268779342723,0.0232285879894617,0.0027075158472622
own,stacking,"MLP,GradientBoosting,XGBoost",raw,models/stacking_sensitivity/h7_CV17_THY_CONT_STATES_own.joblib,raw_threshold,20,0.4499999999999999,saved stacking threshold,7,CV17_THY_CONT_STATES,complete thyroid block,block,thyroid,8,0.7427106227106227,0.7599439617674639,-0.0172333390568412,0.8439973172367539,0.8415576794097921,0.0024396378269617,0.626985025033135,0.6089280876910307,0.0180569373421043,0.1071099927017284,0.1077075630062954,0.000597570304567,-0.0441659642705917,0.0082194443604245,0.9773228817862304,0.9422977337047244,1.010928570246225,2000,0.0090003579968583,0.0076302793819709,0.008268779342723,0.0232285879894617,0.0027075158472622
own,stacking,"MLP,GradientBoosting,XGBoost",sigmoid,models/stacking_sensitivity/h7_CV17_THY_CONT_STATES_own.joblib,sigmoid,21,0.4499999999999999,saved stacking threshold,7,CV17_THY_CONT_STATES,complete thyroid block,block,thyroid,8,0.748061980196216,0.7585846292540004,-0.0105226490577844,0.8439973172367539,0.8415576794097921,0.0024396378269617,0.626985025033135,0.6089280876910307,0.0180569373421043,0.1070598327479904,0.107656990397778,0.0005971576497875,-0.0371205067187184,0.0144805475068993,0.9861285759663592,0.951619988935389,1.0194015065651776,2000,0.0148727835588614,0.0077020222804544,0.008268779342723,0.0232285879894617,0.0027158422667743
own,stacking,"MLP,GradientBoosting,XGBoost",isotonic,models/stacking_sensitivity/h7_CV17_THY_CONT_STATES_own.joblib,isotonic,22,0.3799999999999999,saved stacking threshold,7,CV17_THY_CONT_STATES,complete thyroid block,block,thyroid,8,0.7451464404031098,0.7411330705745549,0.0040133698285549,0.8399689805499665,0.8404258886653253,-0.0004569081153588,0.592032587785085,0.5815484486824174,0.0104841391026676,0.1087576321603456,0.1095921192764024,0.0008344871160567,-0.0223994162041736,0.0310987330383603,1.0054151811434398,0.9699688486534984,1.0428286354234402,2000,0.0181471074464795,0.0065676269434457,0.0063183266264252,0.0224844901030564,0.0022070276816325
same_baseline,stacking,"KNeighbors,RandomForest,AdaBoost,MLP",raw,models/stacking_sensitivity/h7_CV17_THY_CONT_STATES_same_baseline.joblib,raw_fixed,23,0.5,fixed 0.5,7,CV17_THY_CONT_STATES,complete thyroid block,block,thyroid,8,0.7124571565713257,0.7067643686755396,0.005692787895786,0.8470573440643863,0.8405348759221999,0.0065224681421863,0.627339803798027,0.6023628854410774,0.0249769183569495,0.106710700258026,0.1088901986736002,0.0021794984155741,-0.0160636203275769,0.0259936371005215,1.0080547183023023,0.9778387180190908,1.037766733118437,2000,0.0055007709979628,0.0087329646546144,0.0136837692823607,0.0349552688688457,0.0045319950162303
same_baseline,stacking,"KNeighbors,RandomForest,AdaBoost,MLP",raw,models/stacking_sensitivity/h7_CV17_THY_CONT_STATES_same_baseline.joblib,raw_threshold,23,0.3599999999999999,saved stacking threshold,7,CV17_THY_CONT_STATES,complete thyroid block,block,thyroid,8,0.7545255005383029,0.7464934275510979,0.0080320729872049,0.8470573440643863,0.8405348759221999,0.0065224681421863,0.627339803798027,0.6023628854410774,0.0249769183569495,0.106710700258026,0.1088901986736002,0.0021794984155741,-0.0134127910328057,0.0298724803086455,1.0107597370462518,0.982354321655812,1.0402462790882567,2000,0.0165481154465918,0.0087372599650085,0.0136837692823607,0.0349552688688457,0.0045319950162303
same_baseline,stacking,"KNeighbors,RandomForest,AdaBoost,MLP",sigmoid,models/stacking_sensitivity/h7_CV17_THY_CONT_STATES_same_baseline.joblib,sigmoid,24,0.3499999999999999,saved stacking threshold,7,CV17_THY_CONT_STATES,complete thyroid block,block,thyroid,8,0.7519774011299435,0.7452030111662639,0.0067743899636796,0.8470573440643863,0.8405348759221999,0.0065224681421863,0.627339803798027,0.6023628854410774,0.0249769183569495,0.1067292460416929,0.1089884016947484,0.0022591556530554,-0.0146713701048543,0.0285114102128821,1.009090663701261,0.980588068876071,1.0389703205833327,2000,0.0138833715220301,0.0084388392821496,0.0136837692823607,0.0349552688688457,0.0045475513808123
same_baseline,stacking,"KNeighbors,RandomForest,AdaBoost,MLP",isotonic,models/stacking_sensitivity/h7_CV17_THY_CONT_STATES_same_baseline.joblib,isotonic,25,0.3399999999999999,saved stacking threshold,7,CV17_THY_CONT_STATES,complete thyroid block,block,thyroid,8,0.7484240687679082,0.7411183116793496,0.0073057570885586,0.8460638832997988,0.8420271629778672,0.0040367203219315,0.5987654379544383,0.5835686357039036,0.0151968022505346,0.108080137610272,0.1109964287373467,0.0029162911270746,-0.0135395169930073,0.0282785861770305,1.0098577473710022,0.9818871806523825,1.038929923353594,2000,0.0108687656420803,0.0083271143037002,0.0138682092555331,0.0326030166461293,0.0044344364397888
locked_baseline,stacking,"KNeighbors,RandomForest,AdaBoost,MLP",raw,models/stacking_sensitivity/h7_CV17_THY_CONT_STATES_locked_baseline.joblib,raw_fixed,26,0.5,fixed 0.5,7,CV17_THY_CONT_STATES,complete thyroid block,block,thyroid,8,0.7189140735049302,0.7296303780902066,-0.0107163045852763,0.8466465459423206,0.84189302481556,0.0047535211267605,0.6339995326555906,0.6139345335081672,0.0200649991474234,0.1060438997953791,0.1075785789597661,0.001534679164387,-0.0364856190381984,0.015435993276497,0.9853126940611682,0.950655211683837,1.0218680555316553,2000,0.0137041140515311,0.0088917472702702,0.0117421193829644,0.0311835752808136,0.0039809562937373
locked_baseline,stacking,"KNeighbors,RandomForest,AdaBoost,MLP",raw,models/stacking_sensitivity/h7_CV17_THY_CONT_STATES_locked_baseline.joblib,raw_threshold,26,0.4899999999999999,saved stacking threshold,7,CV17_THY_CONT_STATES,complete thyroid block,block,thyroid,8,0.7222087012392793,0.7298364878886543,-0.007627786649375,0.8466465459423206,0.84189302481556,0.0047535211267605,0.6339995326555906,0.6139345335081672,0.0200649991474234,0.1060438997953791,0.1075785789597661,0.001534679164387,-0.0335677538534529,0.0174692574645201,0.9895486362000872,0.9536918172788826,1.0242980842730278,2000,0.0092219187186752,0.0074468598213198,0.0117421193829644,0.0311835752808136,0.0039809562937373
locked_baseline,stacking,"KNeighbors,RandomForest,AdaBoost,MLP",sigmoid,models/stacking_sensitivity/h7_CV17_THY_CONT_STATES_locked_baseline.joblib,sigmoid,27,0.4899999999999999,saved stacking threshold,7,CV17_THY_CONT_STATES,complete thyroid block,block,thyroid,8,0.721902891166902,0.7296303780902066,-0.0077274869233046,0.8466465459423206,0.84189302481556,0.0047535211267605,0.6339995326555906,0.6139345335081672,0.0200649991474234,0.1059945100978149,0.1075164785352726,0.0015219684374577,-0.0326876315395484,0.0173904173068053,0.9894090389389608,0.9564079973149904,1.0246433181056176,2000,0.012771358373452,0.0084138325343281,0.0117421193829644,0.0311835752808136,0.004024282230167
locked_baseline,stacking,"KNeighbors,RandomForest,AdaBoost,MLP",isotonic,models/stacking_sensitivity/h7_CV17_THY_CONT_STATES_locked_baseline.joblib,isotonic,28,0.4299999999999999,saved stacking threshold,7,CV17_THY_CONT_STATES,complete thyroid block,block,thyroid,8,0.7254058527478661,0.7329983531701474,-0.0075925004222813,0.8448063380281691,0.8396671696847753,0.0051391683433937,0.6015769577841856,0.5872156241723109,0.0143613336118747,0.1067037081466114,0.108594715145828,0.0018910069992166,-0.029731231587361,0.0142911579524186,0.9896418588262246,0.9591510533169312,1.020097068909156,2000,0.0082406459553385,0.008239672880242,0.0117769114688129,0.0273238849940856,0.0043000967437609
paper,stacking,"LogisticRegression,RandomForest,AdaBoost",raw,models/stacking_sensitivity/h7_CV17_THY_CONT_STATES_paper.joblib,raw_fixed,29,0.5,fixed 0.5,7,CV17_THY_CONT_STATES,complete thyroid block,block,thyroid,8,0.7049731182795699,0.7141948389180861,-0.0092217206385162,0.8455482897384305,0.8404678068410463,0.0050804828973842,0.6265253631148197,0.6033228467825718,0.0232025163322479,0.1070004469962626,0.1092001103452579,0.0021996633489953,-0.0278896650673452,0.0098795688637564,0.9870879483636624,0.961326163886951,1.0140610583630814,2000,0.0010637386161453,0.0090804546430143,0.0123138832997987,0.03422198509469,0.0043643739049075
paper,stacking,"LogisticRegression,RandomForest,AdaBoost",raw,models/stacking_sensitivity/h7_CV17_THY_CONT_STATES_paper.joblib,raw_threshold,29,0.3699999999999999,saved stacking threshold,7,CV17_THY_CONT_STATES,complete thyroid block,block,thyroid,8,0.7546945077567826,0.746555750911906,0.0081387568448766,0.8455482897384305,0.8404678068410463,0.0050804828973842,0.6265253631148197,0.6033228467825718,0.0232025163322479,0.1070004469962626,0.1092001103452579,0.0021996633489953,-0.0133440178701027,0.0299326942300671,1.0109017402048477,0.9825972508313904,1.0405288956453094,2000,0.018017811524071,0.0072434555955649,0.0123138832997987,0.03422198509469,0.0043643739049075
paper,stacking,"LogisticRegression,RandomForest,AdaBoost",sigmoid,models/stacking_sensitivity/h7_CV17_THY_CONT_STATES_paper.joblib,sigmoid,30,0.3599999999999999,saved stacking threshold,7,CV17_THY_CONT_STATES,complete thyroid block,block,thyroid,8,0.7534121395036888,0.746555750911906,0.0068563885917828,0.8455482897384305,0.8404678068410463,0.0050804828973842,0.6265253631148197,0.6033228467825718,0.0232025163322479,0.10702103047568,0.1092976463977271,0.0022766159220471,-0.01478754854079,0.0284804374536061,1.009184027560444,0.9802099999717452,1.0387196188521943,2000,0.0162399718714558,0.0076365114933234,0.0123138832997987,0.03422198509469,0.0043799741356006
paper,stacking,"LogisticRegression,RandomForest,AdaBoost",isotonic,models/stacking_sensitivity/h7_CV17_THY_CONT_STATES_paper.joblib,isotonic,31,0.3999999999999999,saved stacking threshold,7,CV17_THY_CONT_STATES,complete thyroid block,block,thyroid,8,0.7356541374606012,0.7453215061007561,-0.0096673686401549,0.8436871227364185,0.8403252850435949,0.0033618376928236,0.6027673086837927,0.5840110002961255,0.0187563083876671,0.1083075856201395,0.1109176591808138,0.0026100735606742,-0.0295628182708635,0.0102573317113805,0.98702926379955,0.9604410327320336,1.0136051144134195,2000,0.0124612639800075,0.0095266560261979,0.0106857813547954,0.0302618166458695,0.0040361217278345
same_members_reselected_C,stacking,"KNeighbors,RandomForest,AdaBoost,MLP",raw,cache/classification_explainability/prepared_h7_CV17_THY_CONT_STATES.joblib,raw_fixed,32,0.5,fixed 0.5,7,CV17_THY_CONT_STATES,complete thyroid block,block,thyroid,8,0.7111410198893375,0.7036772224208319,0.0074637974685056,0.8475855130784709,0.841088195841717,0.0064973172367538,0.6276183850027349,0.6025162234727094,0.0251021615300255,0.1067234861028856,0.1088164989022897,0.0020930127994041,-0.0141272445803718,0.028817768964828,1.0106068481836434,0.9803938699070608,1.041454904755988,2000,0.0055016131667658,0.0090569109737062,0.013807847082495,0.0348158804740372,0.0043927722784402
same_members_reselected_C,stacking,"KNeighbors,RandomForest,AdaBoost,MLP",raw,cache/classification_explainability/prepared_h7_CV17_THY_CONT_STATES.joblib,raw_threshold,32,0.3599999999999999,saved reselected-C validation threshold,7,CV17_THY_CONT_STATES,complete thyroid block,block,thyroid,8,0.7559817074711337,0.7490897747178793,0.0068919327532543,0.8475855130784709,0.841088195841717,0.0064973172367538,0.6276183850027349,0.6025162234727094,0.0251021615300255,0.1067234861028856,0.1088164989022897,0.0020930127994041,-0.0151033550005164,0.0294705404319889,1.0092004095982354,0.980010244370586,1.0398881674222982,2000,0.0201233439145441,0.009305307076077,0.013807847082495,0.0348158804740372,0.0043927722784402
same_members_reselected_C,stacking,"KNeighbors,RandomForest,AdaBoost,MLP",sigmoid,cache/classification_explainability/prepared_h7_CV17_THY_CONT_STATES.joblib,sigmoid,33,0.3399999999999999,saved reselected-C validation threshold,7,CV17_THY_CONT_STATES,complete thyroid block,block,thyroid,8,0.7492948777206011,0.7425842583616352,0.0067106193589658,0.8475855130784709,0.841088195841717,0.0064973172367538,0.6276183850027349,0.6025162234727094,0.0251021615300255,0.1067051858361294,0.1088715860266426,0.0021664001905132,-0.0153565731493254,0.0285886402004936,1.0090368456958292,0.9797535116555224,1.039481145872386,2000,0.009796494628407,0.0077599411964409,0.013807847082495,0.0348158804740372,0.0044252255858482
same_members_reselected_C,stacking,"KNeighbors,RandomForest,AdaBoost,MLP",isotonic,cache/classification_explainability/prepared_h7_CV17_THY_CONT_STATES.joblib,isotonic,34,0.3399999999999999,saved reselected-C validation threshold,7,CV17_THY_CONT_STATES,complete thyroid block,block,thyroid,8,0.7572737881943785,0.7503958152920286,0.0068779729023499,0.8455482897384305,0.8423038229376257,0.0032444668008048,0.6012294380236989,0.5811456793222528,0.020083758701446,0.1082013074021455,0.1107781900903049,0.0025768826881593,-0.0152133935643072,0.029810262345532,1.0091657932549547,0.980054043542118,1.039687606518178,2000,0.020399539138188,0.009681005844158,0.0129359490274982,0.0333612223398615,0.0044573656378922
LogisticRegression,individual,LogisticRegression,raw,Cached fitted individual; sigmoid fitted to cached training OOF,raw_fixed,0,0.5,fixed 0.5,7,CV17_THY_STATES,complete thyroid block,block,thyroid,5,0.7116901827359329,0.7186464124677143,-0.0069562297317814,0.8326961770623742,0.8319919517102615,0.0007042253521126,0.5621428660932963,0.5632509623466678,-0.0011080962533714,0.1778887600973288,0.1783562605486827,0.0004675004513538,-0.0201483945533244,0.0062041803879318,0.99032037228448,0.9721492680852488,1.0088539409207693,2000,0.0012126260763657,0.0052275507445456,0.0046277665995975,0.0084968779186932,0.0010368493042503
LogisticRegression,individual,LogisticRegression,raw,Cached fitted individual; sigmoid fitted to cached training OOF,raw_threshold,0,0.63,own validation,7,CV17_THY_STATES,complete thyroid block,block,thyroid,5,0.6917218095881161,0.7016164780283105,-0.0098946684401943,0.8326961770623742,0.8319919517102615,0.0007042253521126,0.5621428660932963,0.5632509623466678,-0.0011080962533714,0.1778887600973288,0.1783562605486827,0.0004675004513538,-0.0278787362038469,0.0081116213728738,0.9858973260320218,0.9602118652889168,1.0116457541834272,2000,-0.0008903337225319,0.0043706251490751,0.0046277665995975,0.0084968779186932,0.0010368493042503
LogisticRegression,individual,LogisticRegression,sigmoid,Cached fitted individual; sigmoid fitted to cached training OOF,sigmoid,1,0.4599999999999999,own validation,7,CV17_THY_STATES,complete thyroid block,block,thyroid,5,0.6947806502154328,0.7016164780283105,-0.0068358278128777,0.8326961770623742,0.8319919517102615,0.0007042253521126,0.5621428660932963,0.5632509623466678,-0.0011080962533714,0.1160894163095528,0.1157102674524256,-0.0003791488571272,-0.0260021608746015,0.0127698342743369,0.990257030689918,0.9633983045376084,1.0183183257098218,2000,0.0014304323771678,0.004538585883773,0.0046277665995975,0.0084968779186932,0.000940813903883
SVC,individual,SVC,raw,Cached fitted individual; sigmoid fitted to cached training OOF,raw_fixed,2,0.5,fixed 0.5,7,CV17_THY_STATES,complete thyroid block,block,thyroid,5,0.7252347083926032,0.7239688128772637,0.0012658955153395,0.8275234741784038,0.8256287726358149,0.0018947015425888,0.5486871699445074,0.547042647449542,0.0016445224949653,0.1820357711620621,0.1818925065484508,-0.0001432646136112,-0.0177404378398736,0.021015201024918,1.0017485497894705,0.9755556400765074,1.0300537565079713,2000,0.013864260070748,0.0045749836434604,0.0072099262240107,0.0125614762398244,0.0012799584356921
SVC,individual,SVC,raw,Cached fitted individual; sigmoid fitted to cached training OOF,raw_threshold,2,0.5199999999999999,own validation,7,CV17_THY_STATES,complete thyroid block,block,thyroid,5,0.701636581122227,0.7030040195120131,-0.001367438389786,0.8275234741784038,0.8256287726358149,0.0018947015425888,0.5486871699445074,0.547042647449542,0.0016445224949653,0.1820357711620621,0.1818925065484508,-0.0001432646136112,-0.0199600103323564,0.0177527674600274,0.9980548640522208,0.9718952896299022,1.0254942247685332,2000,-0.0003060910035116,0.00222345599011,0.0072099262240107,0.0125614762398244,0.0012799584356921
SVC,individual,SVC,sigmoid,Cached fitted individual; sigmoid fitted to cached training OOF,sigmoid,3,0.4999999999999999,own validation,7,CV17_THY_STATES,complete thyroid block,block,thyroid,5,0.6830986434227487,0.6790153546185718,0.0040832888041769,0.8275234741784038,0.8256287726358149,0.0018947015425888,0.5486871699445074,0.547042647449542,0.0016445224949653,0.1226787150187883,0.1230806189216975,0.0004019039029091,-0.0157828616895904,0.0274508095382896,1.0060135441362306,0.9770802541624616,1.0411938538571477,2000,0.0063425964506232,0.0072820755217439,0.0072099262240107,0.0125614762398244,0.0016324625297018
KNeighbors,individual,KNeighbors,raw,Cached fitted individual; sigmoid fitted to cached training OOF,raw_fixed,4,0.5,fixed 0.5,7,CV17_THY_STATES,complete thyroid block,block,thyroid,5,0.7022517634291916,0.6928018241144789,0.0094499393147127,0.7993293091884641,0.7855717639168344,0.0137575452716297,0.5176075414365258,0.5140227604490231,0.0035847809875027,0.1511247152619592,0.1471030010378621,-0.004021714224097,-0.0129410375516921,0.0340373491012962,1.0136401767226744,0.9816012194481332,1.0502917299832857,2000,0.0180143355494846,0.007080608175648,0.024808433936955,0.028771049890855,0.0058955095631547
KNeighbors,individual,KNeighbors,raw,Cached fitted individual; sigmoid fitted to cached training OOF,raw_threshold,4,0.6399999999999999,own validation,7,CV17_THY_STATES,complete thyroid block,block,thyroid,5,0.6681625076546234,0.676388817695633,-0.0082263100410095,0.7993293091884641,0.7855717639168344,0.0137575452716297,0.5176075414365258,0.5140227604490231,0.0035847809875027,0.1511247152619592,0.1471030010378621,-0.004021714224097,-0.0304987430239426,0.0150732907108064,0.9878378976325548,0.955938388559322,1.0227025186485592,2000,0.0039666424446697,0.0054830171669361,0.024808433936955,0.028771049890855,0.0058955095631547
KNeighbors,individual,KNeighbors,sigmoid,Cached fitted individual; sigmoid fitted to cached training OOF,sigmoid,5,0.3499999999999999,own validation,7,CV17_THY_STATES,complete thyroid block,block,thyroid,5,0.6681625076546234,0.676388817695633,-0.0082263100410095,0.7993293091884641,0.7855717639168344,0.0137575452716297,0.5176075414365258,0.5140227604490231,0.0035847809875027,0.1232951582208451,0.1246844696792002,0.001389311458355,-0.0304987430239426,0.0150732907108064,0.9878378976325548,0.955938388559322,1.0227025186485592,2000,0.0039666424446697,0.0054830171669361,0.024808433936955,0.028771049890855,0.0039258107457029
RandomForest,individual,RandomForest,raw,Cached fitted individual; sigmoid fitted to cached training OOF,raw_fixed,6,0.5,fixed 0.5,7,CV17_THY_STATES,complete thyroid block,block,thyroid,5,0.727677431125707,0.7320265870862723,-0.0043491559605652,0.8443075117370892,0.8412474849094568,0.0030600268276324,0.6149128251013385,0.6121754764100765,0.0027373486912619,0.1341813916818494,0.1302002363898629,-0.0039811552919864,-0.016580083114144,0.008809395923845,0.9940587459017348,0.9775918901511842,1.0119721503158008,2000,0.0044184818572856,0.0040734607049969,0.0054711602951039,0.0043729936054479,0.0011983152248879
RandomForest,individual,RandomForest,raw,Cached fitted individual; sigmoid fitted to cached training OOF,raw_threshold,6,0.62,own validation,7,CV17_THY_STATES,complete thyroid block,block,thyroid,5,0.7480088971801679,0.7467307692307692,0.0012781279493987,0.8443075117370892,0.8412474849094568,0.0030600268276324,0.6149128251013385,0.6121754764100765,0.0027373486912619,0.1341813916818494,0.1302002363898629,-0.0039811552919864,-0.0113043382849059,0.0142924151890587,1.0017116315572685,0.9850398627733984,1.0195267146838054,2000,0.0019717728298956,0.0040479423259361,0.0054711602951039,0.0043729936054479,0.0011983152248879
RandomForest,individual,RandomForest,sigmoid,Cached fitted individual; sigmoid fitted to cached training OOF,sigmoid,7,0.3999999999999999,own validation,7,CV17_THY_STATES,complete thyroid block,block,thyroid,5,0.7480088971801679,0.7467307692307692,0.0012781279493987,0.8443075117370892,0.8412474849094568,0.0030600268276324,0.6149128251013385,0.6121754764100765,0.0027373486912619,0.1082024824362202,0.1085390051558817,0.0003365227196615,-0.0113043382849059,0.0142924151890587,1.0017116315572685,0.9850398627733984,1.0195267146838054,2000,0.00130100603218,0.0041363537957169,0.0054711602951039,0.0043729936054479,0.0010079525843809
AdaBoost,individual,AdaBoost,raw,Cached fitted individual; sigmoid fitted to cached training OOF,raw_fixed,8,0.5,fixed 0.5,7,CV17_THY_STATES,complete thyroid block,block,thyroid,5,0.6983916202234401,0.7015697099538563,-0.0031780897304161,0.8369341046277666,0.8372191482226693,-0.0002850435949026,0.594839302430699,0.5970200426328288,-0.0021807402021297,0.1952193368978445,0.1945910313548106,-0.0006283055430338,-0.0072282116993537,0.0,0.9954700300122348,0.9895353899748062,1.0,2000,-5.426672951275302e-05,0.0021477156414047,0.0003076794097921,-0.0001990121508951,0.0002095489044991
AdaBoost,individual,AdaBoost,raw,Cached fitted individual; sigmoid fitted to cached training OOF,raw_threshold,8,0.5599999999999999,own validation,7,CV17_THY_STATES,complete thyroid block,block,thyroid,5,0.7337670128685894,0.7285263743738792,0.0052406384947101,0.8369341046277666,0.8372191482226693,-0.0002850435949026,0.594839302430699,0.5970200426328288,-0.0021807402021297,0.1952193368978445,0.1945910313548106,-0.0006283055430338,-0.0028143634801835,0.0161311471308964,1.0071934780662046,0.9959852488323058,1.0228318122789062,2000,0.003005715179329,0.0023255882583899,0.0003076794097921,-0.0001990121508951,0.0002095489044991
AdaBoost,individual,AdaBoost,sigmoid,Cached fitted individual; sigmoid fitted to cached training OOF,sigmoid,9,0.3899999999999999,own validation,7,CV17_THY_STATES,complete thyroid block,block,thyroid,5,0.7294838335508192,0.7280668992594077,0.0014169342914115,0.8369341046277666,0.8372191482226693,-0.0002850435949026,0.594839302430699,0.5970200426328288,-0.0021807402021297,0.1112512694308209,0.1112086293494471,-4.264008137376541e-05,-0.0037180043587922,0.0087991271303068,1.0019461594708574,0.9948197434006212,1.0122681092980732,2000,0.0018342750005556,0.0014730429976097,0.0003076794097921,-0.0001990121508951,0.0001317666639651
MLP,individual,MLP,raw,Cached fitted individual; sigmoid fitted to cached training OOF,raw_fixed,10,0.5,fixed 0.5,7,CV17_THY_STATES,complete thyroid block,block,thyroid,5,0.710505454417903,0.7172453672813971,-0.006739912863494,0.828672032193159,0.8310529845741114,-0.0023809523809523,0.5919835949884705,0.6119728830476535,-0.0199892880591829,0.1530038131286876,0.1489504777409754,-0.0040533353877121,-0.0283064672809146,0.0151313504726054,0.9906030583522056,0.9612586746039674,1.02104476931755,2000,0.0029318526866766,0.006633673931185,0.0027448021462106,0.0021938047620289,0.0002193119034006
MLP,individual,MLP,raw,Cached fitted individual; sigmoid fitted to cached training OOF,raw_threshold,10,0.71,own validation,7,CV17_THY_STATES,complete thyroid block,block,thyroid,5,0.7288605968772646,0.7461565571193118,-0.0172959602420472,0.828672032193159,0.8310529845741114,-0.0023809523809523,0.5919835949884705,0.6119728830476535,-0.0199892880591829,0.1530038131286876,0.1489504777409754,-0.0040533353877121,-0.0377105739312284,0.0025896166578888,0.976819931317334,0.9500974272523648,1.003532335326471,2000,-0.0038938501186074,0.0062997090969592,0.0027448021462106,0.0021938047620289,0.0002193119034006
MLP,individual,MLP,sigmoid,Cached fitted individual; sigmoid fitted to cached training OOF,sigmoid,11,0.3799999999999999,own validation,7,CV17_THY_STATES,complete thyroid block,block,thyroid,5,0.717806463810434,0.7449811840780198,-0.0271747202675858,0.828672032193159,0.8310529845741114,-0.0023809523809523,0.5919835949884705,0.6119728830476535,-0.0199892880591829,0.1141019031092725,0.1102904627309606,-0.0038114403783119,-0.0512235137265979,-0.0040202627661403,0.963522944138224,0.9324779302357902,0.994631227562496,2000,-0.0089709641077263,0.0064282902476651,0.0027448021462106,0.0021938047620289,-0.0006479796329644
GradientBoosting,individual,GradientBoosting,raw,Cached fitted individual; sigmoid fitted to cached training OOF,raw_fixed,12,0.5,fixed 0.5,7,CV17_THY_STATES,complete thyroid block,block,thyroid,5,0.7028940939932173,0.6891908755434104,0.0137032184498069,0.8423708920187793,0.8405181086519115,0.0018527833668678,0.5938883342517388,0.5916111224572455,0.0022772117944933,0.1101746763802358,0.1101811522596884,6.475879452613742e-06,-0.0004245777824076,0.0305007201469388,1.0198830526289284,0.9993792112642848,1.0450434555501682,2000,0.0045245763441655,0.0042532202245122,0.003414654594232,0.005429152112408,0.000465646109928
GradientBoosting,individual,GradientBoosting,raw,Cached fitted individual; sigmoid fitted to cached training OOF,raw_threshold,12,0.3899999999999999,own validation,7,CV17_THY_STATES,complete thyroid block,block,thyroid,5,0.7580759440522739,0.7467263588024322,0.0113495852498416,0.8423708920187793,0.8405181086519115,0.0018527833668678,0.5938883342517388,0.5916111224572455,0.0022772117944933,0.1101746763802358,0.1101811522596884,6.475879452613742e-06,-0.0034894169576883,0.0286524267905473,1.0151991222970134,0.995417061577292,1.0383789073973058,2000,0.0083040688063115,0.00353855921072,0.003414654594232,0.005429152112408,0.000465646109928
GradientBoosting,individual,GradientBoosting,sigmoid,Cached fitted individual; sigmoid fitted to cached training OOF,sigmoid,13,0.4099999999999999,own validation,7,CV17_THY_STATES,complete thyroid block,block,thyroid,5,0.7344519203030049,0.7136612766620263,0.0207906436409786,0.8423708920187793,0.8405181086519115,0.0018527833668678,0.5938883342517388,0.5916111224572455,0.0022772117944933,0.1105899251949695,0.110991680614777,0.0004017554198075,0.0029496107942582,0.0404694768124218,1.0291323689835348,1.0039725546803704,1.0573879402078628,2000,0.0072912484623345,0.00616768330293,0.003414654594232,0.005429152112408,0.0006340669055662
XGBoost,individual,XGBoost,raw,Cached fitted individual; sigmoid fitted to cached training OOF,raw_fixed,14,0.5,fixed 0.5,7,CV17_THY_STATES,complete thyroid block,block,thyroid,5,0.6929898176121742,0.7022001230838089,-0.0092103054716347,0.817907444668008,0.8270120724346076,-0.0091046277665995,0.5397794477700132,0.5484883829743966,-0.0087089352043834,0.2471336176285635,0.24710886732948,-2.4750299083498017e-05,-0.0231484854887328,0.0050538187398774,0.9868836458883168,0.9672220916502028,1.007168540319914,2000,-0.0034007896076161,0.0050820638705378,-0.0049643695506371,-0.0051344612155578,-1.955107778423004e-05
XGBoost,individual,XGBoost,raw,Cached fitted individual; sigmoid fitted to cached training OOF,raw_threshold,14,0.4999999999999999,own validation,7,CV17_THY_STATES,complete thyroid block,block,thyroid,5,0.6929898176121742,0.7022001230838089,-0.0092103054716347,0.817907444668008,0.8270120724346076,-0.0091046277665995,0.5397794477700132,0.5484883829743966,-0.0087089352043834,0.2471336176285635,0.24710886732948,-2.4750299083498017e-05,-0.0231484854887328,0.0050538187398774,0.9868836458883168,0.9672220916502028,1.007168540319914,2000,-0.0034007896076161,0.0050820638705378,-0.0049643695506371,-0.0051344612155578,-1.955107778423004e-05
XGBoost,individual,XGBoost,sigmoid,Cached fitted individual; sigmoid fitted to cached training OOF,sigmoid,15,0.2099999999999999,own validation,7,CV17_THY_STATES,complete thyroid block,block,thyroid,5,0.7338124768113639,0.738826364323119,-0.0050138875117551,0.817907444668008,0.8270120724346076,-0.0091046277665995,0.5397794477700132,0.5484883829743966,-0.0087089352043834,0.1469493220790416,0.1468510366532162,-9.828542582540624e-05,-0.0171081626283744,0.0073726638453081,0.9932137133244444,0.9771111248659052,1.0102358155881022,2000,0.0049263411175073,0.0061886197066948,-0.0049643695506371,-0.0051344612155578,-0.0001012521483385
paper,voting,"LogisticRegression,RandomForest,AdaBoost",raw,models/predictive_sensitivity/h7_CV17_THY_STATES_paper.joblib,raw_fixed,16,0.5,fixed 0.5,7,CV17_THY_STATES,complete thyroid block,block,thyroid,5,0.7385404707233065,0.7329425928388122,0.0055978778844942,0.8446763916834339,0.8438212608987257,0.0008551307847082,0.603586994932989,0.6047684397483293,-0.0011814448153403,0.1620372516133109,0.1600241955129339,-0.0020130561003769,-0.007170625899284,0.0186221329319532,1.0076375393368977,0.9901969407930946,1.02551502247252,2000,0.0085892027698311,0.0030702932827762,0.0035202883970489,0.0036599870165027,0.0009065910169969
paper,voting,"LogisticRegression,RandomForest,AdaBoost",raw,models/predictive_sensitivity/h7_CV17_THY_STATES_paper.joblib,raw_threshold,16,0.4099999999999999,saved voting threshold (also applied to raw),7,CV17_THY_STATES,complete thyroid block,block,thyroid,5,0.6568257719465835,0.661069806744196,-0.0042440347976124,0.8446763916834339,0.8438212608987257,0.0008551307847082,0.603586994932989,0.6047684397483293,-0.0011814448153403,0.1620372516133109,0.1600241955129339,-0.0020130561003769,-0.0138002659975569,0.0048970469364063,0.9935800504662065,0.9792406262438133,1.0074648685551213,2000,0.0057550170512821,0.0022817673934569,0.0035202883970489,0.0036599870165027,0.0009065910169969
paper,voting,"LogisticRegression,RandomForest,AdaBoost",sigmoid,models/predictive_sensitivity/h7_CV17_THY_STATES_paper.joblib,sigmoid,17,0.4099999999999999,saved voting threshold (also applied to raw),7,CV17_THY_STATES,complete thyroid block,block,thyroid,5,0.7412823814661422,0.7426226304475279,-0.0013402489813856,0.8446763916834339,0.8438212608987257,0.0008551307847082,0.603586994932989,0.6047684397483293,-0.0011814448153403,0.1087006531730733,0.1087141649283943,1.3511755320924634e-05,-0.0096942672574869,0.0066508623558177,0.9981952489374342,0.9868568520641818,1.008906513341714,2000,0.001962086379645,0.0046145679427688,0.0035202883970489,0.0036599870165027,0.0008347415352399
top3_train_cv,voting,"GradientBoosting,LogisticRegression,AdaBoost",raw,models/predictive_sensitivity/h7_CV17_THY_STATES_top3_train_cv.joblib,raw_fixed,18,0.5,fixed 0.5,7,CV17_THY_STATES,complete thyroid block,block,thyroid,5,0.7615611421477344,0.7594061771778948,0.0021549649698395,0.8443661971830986,0.8441649899396378,0.0002012072434607,0.5971678882348981,0.5993432846708069,-0.0021753964359088,0.142665636282659,0.1417706844707044,-0.0008949518119546,-0.0111607139340253,0.0167600289331273,1.0028376974465072,0.9855777286908168,1.0221138472025777,2000,0.0057524769668754,0.0036561962060107,0.0023180751173708,0.0041017542948836,0.0004855587362579
top3_train_cv,voting,"GradientBoosting,LogisticRegression,AdaBoost",raw,models/predictive_sensitivity/h7_CV17_THY_STATES_top3_train_cv.joblib,raw_threshold,18,0.3999999999999999,saved voting threshold (also applied to raw),7,CV17_THY_STATES,complete thyroid block,block,thyroid,5,0.7215780046109411,0.7138511678435633,0.0077268367673778,0.8443661971830986,0.8441649899396378,0.0002012072434607,0.5971678882348981,0.5993432846708069,-0.0021753964359088,0.142665636282659,0.1417706844707044,-0.0008949518119546,-0.0021078683776286,0.0195215685786307,1.0108241565125116,0.9969439845300572,1.02763391274283,2000,0.0092946646471681,0.0034851675568568,0.0023180751173708,0.0041017542948836,0.0004855587362579
top3_train_cv,voting,"GradientBoosting,LogisticRegression,AdaBoost",sigmoid,models/predictive_sensitivity/h7_CV17_THY_STATES_top3_train_cv.joblib,sigmoid,19,0.3999999999999999,saved voting threshold (also applied to raw),7,CV17_THY_STATES,complete thyroid block,block,thyroid,5,0.7386904761904762,0.7227686772810777,0.0159217989093984,0.8443661971830986,0.8441649899396378,0.0002012072434607,0.5971678882348981,0.5993432846708069,-0.0021753964359088,0.1104918229673468,0.1105954514996519,0.000103628532305,-0.0006350770577955,0.034254837679363,1.0220288999923093,0.99913141397023,1.0485613787879189,2000,0.006456528027908,0.0028002667400819,0.0023180751173708,0.0041017542948836,0.0005649077456969
paper_locked,voting,"LogisticRegression,RandomForest,AdaBoost",raw,models/final_h7_CV17_THY_STATES_paper_locked.joblib,raw_fixed,20,0.5,fixed 0.5,7,CV17_THY_STATES,complete thyroid block,block,thyroid,5,0.7219485418308749,0.7210632214338664,0.0008853203970085,0.8420271629778672,0.8422954393024815,-0.0002682763246143,0.6073797030809333,0.6106076015842314,-0.0032278985032981,0.1607695167590681,0.1601221496908293,-0.0006473670682388,-0.0057436318247256,0.0082511756853322,1.0012277985767295,0.9921370036865884,1.011374824070698,2000,0.0042456839822334,0.0037997045889374,0.001244131455399,-0.0002129510632898,0.000312726105025
paper_locked,voting,"LogisticRegression,RandomForest,AdaBoost",raw,models/final_h7_CV17_THY_STATES_paper_locked.joblib,raw_threshold,20,0.4399999999999999,saved voting threshold (also applied to raw),7,CV17_THY_STATES,complete thyroid block,block,thyroid,5,0.6754128064811451,0.6756433121019109,-0.0002305056207657,0.8420271629778672,0.8422954393024815,-0.0002682763246143,0.6073797030809333,0.6106076015842314,-0.0032278985032981,0.1607695167590681,0.1601221496908293,-0.0006473670682388,-0.0094916206743177,0.0090059709550024,0.9996588353401312,0.985882424773055,1.0134146456879385,2000,0.0016706734019563,0.0029684915250911,0.001244131455399,-0.0002129510632898,0.000312726105025
paper_locked,voting,"LogisticRegression,RandomForest,AdaBoost",sigmoid,models/final_h7_CV17_THY_STATES_paper_locked.joblib,sigmoid,21,0.4399999999999999,saved voting threshold (also applied to raw),7,CV17_THY_STATES,complete thyroid block,block,thyroid,5,0.7385372753752664,0.7369911997037477,0.0015460756715186,0.8420271629778672,0.8422954393024815,-0.0002682763246143,0.6073797030809333,0.6106076015842314,-0.0032278985032981,0.1089636100844676,0.1086696692653255,-0.0002939408191421,-0.0121215601162304,0.0156865148109519,1.002097821075937,0.983555594178716,1.0217936709787112,2000,0.0038847369244233,0.0039351423620192,0.001244131455399,-0.0002129510632898,0.0002380934303502
own,stacking,"KNeighbors,RandomForest,MLP,GradientBoosting",raw,models/stacking_sensitivity/h7_CV17_THY_STATES_own.joblib,raw_fixed,22,0.5,fixed 0.5,7,CV17_THY_STATES,complete thyroid block,block,thyroid,5,0.7336701586816248,0.7379314361427187,-0.0042612774610939,0.8436703554661301,0.8429661301140174,0.0007042253521126,0.6141371802464137,0.6213603706765036,-0.0072231904300898,0.1069996424688403,0.106064132825147,-0.0009355096436932,-0.0155948473395462,0.0057716785710062,0.9942253748080332,0.97902211069513,1.0078796739267837,2000,0.0035181831915082,0.0024527524173741,0.003268779342723,-0.0009566357986925,0.0002107146772776
own,stacking,"KNeighbors,RandomForest,MLP,GradientBoosting",raw,models/stacking_sensitivity/h7_CV17_THY_STATES_own.joblib,raw_threshold,22,0.5099999999999999,saved stacking threshold,7,CV17_THY_STATES,complete thyroid block,block,thyroid,5,0.7262144742495857,0.7262144742495857,0.0,0.8436703554661301,0.8429661301140174,0.0007042253521126,0.6141371802464137,0.6213603706765036,-0.0072231904300898,0.1069996424688403,0.106064132825147,-0.0009355096436932,-0.0172980160094082,0.0172007134055363,1.0,0.9765560616496136,1.023644473504688,2000,0.0040003647978488,0.0026616437240229,0.003268779342723,-0.0009566357986925,0.0002107146772776
own,stacking,"KNeighbors,RandomForest,MLP,GradientBoosting",sigmoid,models/stacking_sensitivity/h7_CV17_THY_STATES_own.joblib,sigmoid,23,0.5099999999999999,saved stacking threshold,7,CV17_THY_STATES,complete thyroid block,block,thyroid,5,0.7232384723740851,0.7215791977168227,0.0016592746572624,0.8436703554661301,0.8429661301140174,0.0007042253521126,0.6141371802464137,0.6213603706765036,-0.0072231904300898,0.1070186848103549,0.1061171953457949,-0.00090148946456,-0.0121326077046604,0.0157431896061229,1.002299504562372,0.9834159328618256,1.02230343562662,2000,0.0032056623022955,0.0020500693730542,0.003268779342723,-0.0009566357986925,0.0002005362447539
own,stacking,"KNeighbors,RandomForest,MLP,GradientBoosting",isotonic,models/stacking_sensitivity/h7_CV17_THY_STATES_own.joblib,isotonic,24,0.3999999999999999,saved stacking threshold,7,CV17_THY_STATES,complete thyroid block,block,thyroid,5,0.7168471236465727,0.7185582764918559,-0.0017111528452832,0.8440057008718981,0.8416666666666667,0.0023390342052314,0.5974825935377905,0.5976960654807703,-0.0002134719429797,0.1070719916799064,0.107478120143784,0.0004061284638775,-0.0153681047017838,0.0116037446737905,0.9976186303863378,0.978528138972378,1.0165228417005754,2000,0.001983078757191,0.0033861461704429,0.0046558517773306,0.0056109921528328,0.001391853823032
same_baseline,stacking,"KNeighbors,RandomForest,AdaBoost,MLP",raw,models/stacking_sensitivity/h7_CV17_THY_STATES_same_baseline.joblib,raw_fixed,25,0.5,fixed 0.5,7,CV17_THY_STATES,complete thyroid block,block,thyroid,5,0.7162749706227967,0.7262144742495857,-0.009939503626789,0.8426475519785379,0.8425217974513749,0.000125754527163,0.6087008636668123,0.6118173217073002,-0.0031164580404878,0.1084715805606389,0.1081920389277342,-0.0002795416329046,-0.0236266633094954,0.0027078659463928,0.9863132669765916,0.9674633759243646,1.003768436495347,2000,-0.0061737706097286,0.0041702578197561,0.0017387659289068,0.0019203683731564,0.0003720382503159
same_baseline,stacking,"KNeighbors,RandomForest,AdaBoost,MLP",raw,models/stacking_sensitivity/h7_CV17_THY_STATES_same_baseline.joblib,raw_threshold,25,0.4099999999999999,saved stacking threshold,7,CV17_THY_STATES,complete thyroid block,block,thyroid,5,0.7467117421681316,0.7440629640088543,0.0026487781592773,0.8426475519785379,0.8425217974513749,0.000125754527163,0.6087008636668123,0.6118173217073002,-0.0031164580404878,0.1084715805606389,0.1081920389277342,-0.0002795416329046,-0.0083231076898824,0.0149095652771929,1.0035598844283369,0.98893356247433,1.0202025564667243,2000,0.003709722238061,0.0056997320903831,0.0017387659289068,0.0019203683731564,0.0003720382503159
same_baseline,stacking,"KNeighbors,RandomForest,AdaBoost,MLP",sigmoid,models/stacking_sensitivity/h7_CV17_THY_STATES_same_baseline.joblib,sigmoid,26,0.4499999999999999,saved stacking threshold,7,CV17_THY_STATES,complete thyroid block,block,thyroid,5,0.7371060708136836,0.7383344686648501,-0.0012283978511664,0.8426475519785379,0.8425217974513749,0.000125754527163,0.6087008636668123,0.6118173217073002,-0.0031164580404878,0.1084937387503975,0.1082475834335642,-0.0002461553168332,-0.0121155395057367,0.0098466205894419,0.998336258290382,0.9839773111069676,1.0135769442102869,2000,0.0023096034205091,0.0046882335680286,0.0017387659289068,0.0019203683731564,0.0003771643919119
same_baseline,stacking,"KNeighbors,RandomForest,AdaBoost,MLP",isotonic,models/stacking_sensitivity/h7_CV17_THY_STATES_same_baseline.joblib,isotonic,27,0.3599999999999999,saved stacking threshold,7,CV17_THY_STATES,complete thyroid block,block,thyroid,5,0.7518752990131177,0.7440724881653128,0.0078028108478048,0.8413397048960429,0.8425720992622401,-0.0012323943661971,0.5837749745556208,0.5901495311485698,-0.006374556592949,0.1103016265366385,0.1102482735398443,-5.335299679412597e-05,-0.0043167393740821,0.0223695715558335,1.010486627273432,0.9942923564306968,1.0308549983982638,2000,0.0062515964355858,0.0067031013835599,0.0006400905432595,0.0012105440375724,0.0006419369897156
locked_baseline,stacking,"KNeighbors,RandomForest,AdaBoost,MLP",raw,models/stacking_sensitivity/h7_CV17_THY_STATES_locked_baseline.joblib,raw_fixed,28,0.5,fixed 0.5,7,CV17_THY_STATES,complete thyroid block,block,thyroid,5,0.7059408768974655,0.7235374667730905,-0.0175965898756249,0.8401492287055667,0.8412726358148893,-0.0011234071093225,0.6108711947517663,0.6173352560602436,-0.0064640613084773,0.1084469967910344,0.107542982831214,-0.0009040139598203,-0.0323850410128685,-0.0045128448608443,0.975679780683502,0.9555430655003,0.9936546155122582,2000,-0.0113368658634864,0.0056077231905892,0.0009381287726358,-0.0022499888696988,-0.0001451277469907
locked_baseline,stacking,"KNeighbors,RandomForest,AdaBoost,MLP",raw,models/stacking_sensitivity/h7_CV17_THY_STATES_locked_baseline.joblib,raw_threshold,28,0.4899999999999999,saved stacking threshold,7,CV17_THY_STATES,complete thyroid block,block,thyroid,5,0.7195702671312427,0.7382136510548976,-0.0186433839236548,0.8401492287055667,0.8412726358148893,-0.0011234071093225,0.6108711947517663,0.6173352560602436,-0.0064640613084773,0.1084469967910344,0.107542982831214,-0.0009040139598203,-0.0340351932393556,-0.0058636270682801,0.9747452734082962,0.9539562911700704,0.9918786009081898,2000,-0.0082578187124856,0.0054138941567487,0.0009381287726358,-0.0022499888696988,-0.0001451277469907
locked_baseline,stacking,"KNeighbors,RandomForest,AdaBoost,MLP",sigmoid,models/stacking_sensitivity/h7_CV17_THY_STATES_locked_baseline.joblib,sigmoid,29,0.4899999999999999,saved stacking threshold,7,CV17_THY_STATES,complete thyroid block,block,thyroid,5,0.7195702671312427,0.7410399124684839,-0.0214696453372411,0.8401492287055667,0.8412726358148893,-0.0011234071093225,0.6108711947517663,0.6173352560602436,-0.0064640613084773,0.1083789272674049,0.1074368252226437,-0.0009421020447611,-0.0385211928467634,-0.0074831753270093,0.9710276801883404,0.9487407150345842,0.9897897999680956,2000,-0.0078574741493188,0.0054694924624831,0.0009381287726358,-0.0022499888696988,-0.0001610353985251
locked_baseline,stacking,"KNeighbors,RandomForest,AdaBoost,MLP",isotonic,models/stacking_sensitivity/h7_CV17_THY_STATES_locked_baseline.joblib,isotonic,30,0.4299999999999999,saved stacking threshold,7,CV17_THY_STATES,complete thyroid block,block,thyroid,5,0.7534130218858102,0.7613092648977817,-0.0078962430119715,0.8399061032863849,0.8408702213279678,-0.0009641180415829,0.5929075798049344,0.5938018575033376,-0.0008942776984032,0.1094236162037009,0.1090023992872557,-0.0004212169164452,-0.0213537043779254,0.0054129758905707,0.9896280744553506,0.9721352677392558,1.007138768144674,2000,0.0032117264962163,0.0075362511067698,0.0005889503688798,0.0031955249523635,0.0006035364487828
paper,stacking,"LogisticRegression,RandomForest,AdaBoost",raw,models/stacking_sensitivity/h7_CV17_THY_STATES_paper.joblib,raw_fixed,31,0.5,fixed 0.5,7,CV17_THY_STATES,complete thyroid block,block,thyroid,5,0.6961663456909003,0.6981350230097871,-0.0019686773188868,0.8404929577464789,0.840501341381623,-8.383635144104673e-06,0.586553308678012,0.5885062306646835,-0.0019529219866715,0.1113955000129021,0.1112095814180305,-0.0001859185948715,-0.0136312272464569,0.0105293334094832,0.9971800908792692,0.980501427134636,1.015328080272072,2000,0.0036111388680219,0.0045504169637782,0.0021721998658618,0.0028557388670751,0.0004737791107659
paper,stacking,"LogisticRegression,RandomForest,AdaBoost",raw,models/stacking_sensitivity/h7_CV17_THY_STATES_paper.joblib,raw_threshold,31,0.3499999999999999,saved stacking threshold,7,CV17_THY_STATES,complete thyroid block,block,thyroid,5,0.7411927200451418,0.7462535594372901,-0.0050608393921482,0.8404929577464789,0.840501341381623,-8.383635144104673e-06,0.586553308678012,0.5885062306646835,-0.0019529219866715,0.1113955000129021,0.1112095814180305,-0.0001859185948715,-0.0200132549641297,0.0091580808132248,0.9932183380190984,0.9733321685941052,1.012360158716628,2000,-0.0028108831459246,0.0054596139807978,0.0021721998658618,0.0028557388670751,0.0004737791107659
paper,stacking,"LogisticRegression,RandomForest,AdaBoost",sigmoid,models/stacking_sensitivity/h7_CV17_THY_STATES_paper.joblib,sigmoid,32,0.3999999999999999,saved stacking threshold,7,CV17_THY_STATES,complete thyroid block,block,thyroid,5,0.7374939023430739,0.7307721136876248,0.006721788655449,0.8404929577464789,0.840501341381623,-8.383635144104673e-06,0.586553308678012,0.5885062306646835,-0.0019529219866715,0.1113524957032732,0.111255424258456,-9.707144481717334e-05,-0.009118049559985,0.0231019523565675,1.0091982008201292,0.9876399735274016,1.0322016906064309,2000,0.0051209398917492,0.0043503074247501,0.0021721998658618,0.0028557388670751,0.0005142674705906
paper,stacking,"LogisticRegression,RandomForest,AdaBoost",isotonic,models/stacking_sensitivity/h7_CV17_THY_STATES_paper.joblib,isotonic,33,0.3399999999999999,saved stacking threshold,7,CV17_THY_STATES,complete thyroid block,block,thyroid,5,0.7388575182896513,0.7321688829636994,0.0066886353259518,0.8349471830985915,0.8322979543930248,0.0026492287055667,0.5560690408247776,0.5470354989395133,0.0090335418852642,0.1141289946148083,0.1146548334958139,0.0005258388810056,-0.0052940497346733,0.020557263114657,1.0091353722912637,0.9929046918289528,1.0282694226404845,2000,0.0055690895356524,0.0043915628394753,0.0034959758551307,0.0110137975185937,0.0011890316665575
same_members_reselected_C,stacking,"KNeighbors,RandomForest,AdaBoost,MLP",raw,cache/classification_explainability/prepared_h7_CV17_THY_STATES.joblib,raw_fixed,34,0.5,fixed 0.5,7,CV17_THY_STATES,complete thyroid block,block,thyroid,5,0.7162749706227967,0.7232384723740851,-0.0069635017512884,0.8425217974513749,0.842144533869886,0.0003772635814889,0.6081010813825368,0.6107401545717657,-0.0026390731892288,0.1086142523932931,0.1083524014439386,-0.0002618509493545,-0.0196470123996213,0.0043779984193488,0.9903717763679936,0.9726232971294456,1.0061087579407213,2000,-0.0064682652852101,0.0043373773248052,0.0017924211938296,0.0020666638382636,0.0003750750616298
same_members_reselected_C,stacking,"KNeighbors,RandomForest,AdaBoost,MLP",raw,cache/classification_explainability/prepared_h7_CV17_THY_STATES.joblib,raw_threshold,34,0.3899999999999999,saved reselected-C validation threshold,7,CV17_THY_STATES,complete thyroid block,block,thyroid,5,0.7492883594342569,0.7427541131395087,0.0065342462947481,0.8425217974513749,0.842144533869886,0.0003772635814889,0.6081010813825368,0.6107401545717657,-0.0026390731892288,0.1086142523932931,0.1083524014439386,-0.0002618509493545,-0.0054790268893108,0.0205077333217127,1.008797320915705,0.9927128540355152,1.028121631388223,2000,0.0045643533627369,0.0050241806280197,0.0017924211938296,0.0020666638382636,0.0003750750616298
same_members_reselected_C,stacking,"KNeighbors,RandomForest,AdaBoost,MLP",sigmoid,cache/classification_explainability/prepared_h7_CV17_THY_STATES.joblib,sigmoid,35,0.3999999999999999,saved reselected-C validation threshold,7,CV17_THY_STATES,complete thyroid block,block,thyroid,5,0.7467117421681316,0.7440629640088543,0.0026487781592773,0.8425217974513749,0.842144533869886,0.0003772635814889,0.6081010813825368,0.6107401545717657,-0.0026390731892288,0.1086380016371473,0.1084121767721507,-0.0002258248649965,-0.0083231076898824,0.0149095652771929,1.0035598844283369,0.98893356247433,1.0202025564667243,2000,0.0030472442162253,0.0056849924228418,0.0017924211938296,0.0020666638382636,0.0003817331927627
same_members_reselected_C,stacking,"KNeighbors,RandomForest,AdaBoost,MLP",isotonic,cache/classification_explainability/prepared_h7_CV17_THY_STATES.joblib,isotonic,36,0.3499999999999999,saved reselected-C validation threshold,7,CV17_THY_STATES,complete thyroid block,block,thyroid,5,0.7492883594342569,0.7414413624582157,0.0078469969760411,0.8394911133467472,0.8401282696177063,-0.000637156270959,0.5801726595625647,0.5865009599964766,-0.0063283004339118,0.1106165742002743,0.1107621288353044,0.0001455546350301,-0.0045541271870485,0.0225593461596054,1.010583435688056,0.9939780089748111,1.0305010098372431,2000,0.0044368049345415,0.0061404543724597,0.000347501676727,-3.849071499196776e-05,0.0006353079445386
