arm,kind,members,scale,source,horizon,feature_set,feature,rank,mean_abs_shap,mean_shap,is_thyroid
LogisticRegression,individual,LogisticRegression,raw,Cached fitted individual; sigmoid fitted to cached training OOF,10,CV17_THY_CONT_RATIO,Age,1,0.1357640521909152,-0.0545723244158153,False
LogisticRegression,individual,LogisticRegression,raw,Cached fitted individual; sigmoid fitted to cached training OOF,10,CV17_THY_CONT_RATIO,LVEF,2,0.09535336178593302,0.020598212999510274,False
LogisticRegression,individual,LogisticRegression,raw,Cached fitted individual; sigmoid fitted to cached training OOF,10,CV17_THY_CONT_RATIO,Diabetes,3,0.05566921774602034,0.01232914141645447,False
LogisticRegression,individual,LogisticRegression,raw,Cached fitted individual; sigmoid fitted to cached training OOF,10,CV17_THY_CONT_RATIO,Dyslipidemia,4,0.03264830230674171,-0.009123083607073538,False
LogisticRegression,individual,LogisticRegression,raw,Cached fitted individual; sigmoid fitted to cached training OOF,10,CV17_THY_CONT_RATIO,PostIsch_DCM,5,0.025809222402636795,0.002786024577951688,False
LogisticRegression,individual,LogisticRegression,raw,Cached fitted individual; sigmoid fitted to cached training OOF,10,CV17_THY_CONT_RATIO,AFib,6,0.02414879741976429,-0.0026084413110687927,False
LogisticRegression,individual,LogisticRegression,raw,Cached fitted individual; sigmoid fitted to cached training OOF,10,CV17_THY_CONT_RATIO,Vessels,7,0.024145693344859255,-0.00965004710830822,False
LogisticRegression,individual,LogisticRegression,raw,Cached fitted individual; sigmoid fitted to cached training OOF,10,CV17_THY_CONT_RATIO,Ischemia,8,0.01833770312153414,0.005349440483452804,False
LogisticRegression,individual,LogisticRegression,raw,Cached fitted individual; sigmoid fitted to cached training OOF,10,CV17_THY_CONT_RATIO,Angiography,9,0.017951336858219796,0.001766191268728427,False
LogisticRegression,individual,LogisticRegression,raw,Cached fitted individual; sigmoid fitted to cached training OOF,10,CV17_THY_CONT_RATIO,Previous_CABG,10,0.017470411898724173,-0.01127439662087732,False
LogisticRegression,individual,LogisticRegression,raw,Cached fitted individual; sigmoid fitted to cached training OOF,10,CV17_THY_CONT_RATIO,TSH,11,0.007203970904723301,-0.0029959342364100404,True
LogisticRegression,individual,LogisticRegression,raw,Cached fitted individual; sigmoid fitted to cached training OOF,10,CV17_THY_CONT_RATIO,Acute_MI,12,0.004320167106908526,0.004320167106908526,False
LogisticRegression,individual,LogisticRegression,raw,Cached fitted individual; sigmoid fitted to cached training OOF,10,CV17_THY_CONT_RATIO,Angina,13,0.0037384718409712095,-0.0004676962793832684,False
LogisticRegression,individual,LogisticRegression,raw,Cached fitted individual; sigmoid fitted to cached training OOF,10,CV17_THY_CONT_RATIO,Hypertension,14,0.0035916126422532663,0.00024352661495716558,False
LogisticRegression,individual,LogisticRegression,raw,Cached fitted individual; sigmoid fitted to cached training OOF,10,CV17_THY_CONT_RATIO,Previous_MI,15,0.0018581277552694598,-0.00034542990705855735,False
LogisticRegression,individual,LogisticRegression,raw,Cached fitted individual; sigmoid fitted to cached training OOF,10,CV17_THY_CONT_RATIO,Previous_PCI,16,0.0010973565877402099,0.00026495160373894044,False
LogisticRegression,individual,LogisticRegression,raw,Cached fitted individual; sigmoid fitted to cached training OOF,10,CV17_THY_CONT_RATIO,fT3,17,0.0010252519418373406,-0.0005426857473328985,True
LogisticRegression,individual,LogisticRegression,raw,Cached fitted individual; sigmoid fitted to cached training OOF,10,CV17_THY_CONT_RATIO,fT3_fT4_ratio,18,0.0007415276075992373,-0.0001484623299839953,True
LogisticRegression,individual,LogisticRegression,raw,Cached fitted individual; sigmoid fitted to cached training OOF,10,CV17_THY_CONT_RATIO,Smoke,19,0.0,0.0,False
LogisticRegression,individual,LogisticRegression,raw,Cached fitted individual; sigmoid fitted to cached training OOF,10,CV17_THY_CONT_RATIO,Gender,20,0.0,0.0,False
LogisticRegression,individual,LogisticRegression,raw,Cached fitted individual; sigmoid fitted to cached training OOF,10,CV17_THY_CONT_RATIO,fT4,21,0.0,0.0,True
LogisticRegression,individual,LogisticRegression,sigmoid,Cached fitted individual; sigmoid fitted to cached training OOF,10,CV17_THY_CONT_RATIO,Age,1,0.16173551007498455,-0.06067140475903396,False
LogisticRegression,individual,LogisticRegression,sigmoid,Cached fitted individual; sigmoid fitted to cached training OOF,10,CV17_THY_CONT_RATIO,LVEF,2,0.12347097786525134,0.026499610539420473,False
LogisticRegression,individual,LogisticRegression,sigmoid,Cached fitted individual; sigmoid fitted to cached training OOF,10,CV17_THY_CONT_RATIO,Diabetes,3,0.06934331621735655,0.015620367649092415,False
LogisticRegression,individual,LogisticRegression,sigmoid,Cached fitted individual; sigmoid fitted to cached training OOF,10,CV17_THY_CONT_RATIO,Dyslipidemia,4,0.03925572554134704,-0.01097189110255792,False
LogisticRegression,individual,LogisticRegression,sigmoid,Cached fitted individual; sigmoid fitted to cached training OOF,10,CV17_THY_CONT_RATIO,PostIsch_DCM,5,0.0330696366310616,0.0034631743553248484,False
LogisticRegression,individual,LogisticRegression,sigmoid,Cached fitted individual; sigmoid fitted to cached training OOF,10,CV17_THY_CONT_RATIO,Vessels,6,0.03111100748383071,-0.012877219546120526,False
LogisticRegression,individual,LogisticRegression,sigmoid,Cached fitted individual; sigmoid fitted to cached training OOF,10,CV17_THY_CONT_RATIO,AFib,7,0.029227476734841305,-0.0036084551314356354,False
LogisticRegression,individual,LogisticRegression,sigmoid,Cached fitted individual; sigmoid fitted to cached training OOF,10,CV17_THY_CONT_RATIO,Ischemia,8,0.022649033052324494,0.00817075410985018,False
LogisticRegression,individual,LogisticRegression,sigmoid,Cached fitted individual; sigmoid fitted to cached training OOF,10,CV17_THY_CONT_RATIO,Previous_CABG,9,0.0221728153128904,-0.014367616477776941,False
LogisticRegression,individual,LogisticRegression,sigmoid,Cached fitted individual; sigmoid fitted to cached training OOF,10,CV17_THY_CONT_RATIO,Angiography,10,0.02154049072707204,0.0032133728474682374,False
LogisticRegression,individual,LogisticRegression,sigmoid,Cached fitted individual; sigmoid fitted to cached training OOF,10,CV17_THY_CONT_RATIO,TSH,11,0.00908112911801633,-0.0035910762941644345,True
LogisticRegression,individual,LogisticRegression,sigmoid,Cached fitted individual; sigmoid fitted to cached training OOF,10,CV17_THY_CONT_RATIO,Acute_MI,12,0.005625843097093878,0.005625843097093879,False
LogisticRegression,individual,LogisticRegression,sigmoid,Cached fitted individual; sigmoid fitted to cached training OOF,10,CV17_THY_CONT_RATIO,Angina,13,0.00453984295336179,-0.0006092054509626173,False
LogisticRegression,individual,LogisticRegression,sigmoid,Cached fitted individual; sigmoid fitted to cached training OOF,10,CV17_THY_CONT_RATIO,Hypertension,14,0.004326458016120861,0.00046240539408317044,False
LogisticRegression,individual,LogisticRegression,sigmoid,Cached fitted individual; sigmoid fitted to cached training OOF,10,CV17_THY_CONT_RATIO,Previous_MI,15,0.002316495819150637,-0.0005331792892973529,False
LogisticRegression,individual,LogisticRegression,sigmoid,Cached fitted individual; sigmoid fitted to cached training OOF,10,CV17_THY_CONT_RATIO,Previous_PCI,16,0.001367895373478798,0.00026125987876336255,False
LogisticRegression,individual,LogisticRegression,sigmoid,Cached fitted individual; sigmoid fitted to cached training OOF,10,CV17_THY_CONT_RATIO,fT3,17,0.0012766159237625888,-0.0006562689711696989,True
LogisticRegression,individual,LogisticRegression,sigmoid,Cached fitted individual; sigmoid fitted to cached training OOF,10,CV17_THY_CONT_RATIO,fT3_fT4_ratio,18,0.0009195011040772374,-0.00019080209085536485,True
LogisticRegression,individual,LogisticRegression,sigmoid,Cached fitted individual; sigmoid fitted to cached training OOF,10,CV17_THY_CONT_RATIO,Smoke,19,0.0,0.0,False
LogisticRegression,individual,LogisticRegression,sigmoid,Cached fitted individual; sigmoid fitted to cached training OOF,10,CV17_THY_CONT_RATIO,Gender,20,0.0,0.0,False
LogisticRegression,individual,LogisticRegression,sigmoid,Cached fitted individual; sigmoid fitted to cached training OOF,10,CV17_THY_CONT_RATIO,fT4,21,0.0,0.0,True
SVC,individual,SVC,raw,Cached fitted individual; sigmoid fitted to cached training OOF,10,CV17_THY_CONT_RATIO,Age,1,0.10982206968098514,-0.04354527497075371,False
SVC,individual,SVC,raw,Cached fitted individual; sigmoid fitted to cached training OOF,10,CV17_THY_CONT_RATIO,LVEF,2,0.10369745487372803,0.027554940328146663,False
SVC,individual,SVC,raw,Cached fitted individual; sigmoid fitted to cached training OOF,10,CV17_THY_CONT_RATIO,Diabetes,3,0.06674104043459776,0.01339828094914464,False
SVC,individual,SVC,raw,Cached fitted individual; sigmoid fitted to cached training OOF,10,CV17_THY_CONT_RATIO,Dyslipidemia,4,0.054726087719814596,-0.014380872522536224,False
SVC,individual,SVC,raw,Cached fitted individual; sigmoid fitted to cached training OOF,10,CV17_THY_CONT_RATIO,AFib,5,0.05043893894628559,-0.00529467966569664,False
SVC,individual,SVC,raw,Cached fitted individual; sigmoid fitted to cached training OOF,10,CV17_THY_CONT_RATIO,Previous_CABG,6,0.04963644333475076,-0.03184738503944494,False
SVC,individual,SVC,raw,Cached fitted individual; sigmoid fitted to cached training OOF,10,CV17_THY_CONT_RATIO,PostIsch_DCM,7,0.04421323628312664,0.007439267329990805,False
SVC,individual,SVC,raw,Cached fitted individual; sigmoid fitted to cached training OOF,10,CV17_THY_CONT_RATIO,Vessels,8,0.03504029254906649,-0.015555776935288368,False
SVC,individual,SVC,raw,Cached fitted individual; sigmoid fitted to cached training OOF,10,CV17_THY_CONT_RATIO,Angiography,9,0.030542481627421906,0.004022768772187903,False
SVC,individual,SVC,raw,Cached fitted individual; sigmoid fitted to cached training OOF,10,CV17_THY_CONT_RATIO,Previous_MI,10,0.021593742246204146,-0.004857496884651188,False
SVC,individual,SVC,raw,Cached fitted individual; sigmoid fitted to cached training OOF,10,CV17_THY_CONT_RATIO,Ischemia,11,0.02103083167548214,0.007737873305619699,False
SVC,individual,SVC,raw,Cached fitted individual; sigmoid fitted to cached training OOF,10,CV17_THY_CONT_RATIO,Angina,12,0.019456171087436643,-0.0023949260286159554,False
SVC,individual,SVC,raw,Cached fitted individual; sigmoid fitted to cached training OOF,10,CV17_THY_CONT_RATIO,Smoke,13,0.015825278699591525,-0.007271364730285199,False
SVC,individual,SVC,raw,Cached fitted individual; sigmoid fitted to cached training OOF,10,CV17_THY_CONT_RATIO,Hypertension,14,0.010877535670622352,0.0007229227551718142,False
SVC,individual,SVC,raw,Cached fitted individual; sigmoid fitted to cached training OOF,10,CV17_THY_CONT_RATIO,Acute_MI,15,0.010689532957914418,0.010689532957914418,False
SVC,individual,SVC,raw,Cached fitted individual; sigmoid fitted to cached training OOF,10,CV17_THY_CONT_RATIO,fT4,16,0.010269781234864403,0.004316143980690334,True
SVC,individual,SVC,raw,Cached fitted individual; sigmoid fitted to cached training OOF,10,CV17_THY_CONT_RATIO,TSH,17,0.008867345798621367,-0.002684159156358025,True
SVC,individual,SVC,raw,Cached fitted individual; sigmoid fitted to cached training OOF,10,CV17_THY_CONT_RATIO,Previous_PCI,18,0.0031090594603098414,0.0006550590355683297,False
SVC,individual,SVC,raw,Cached fitted individual; sigmoid fitted to cached training OOF,10,CV17_THY_CONT_RATIO,fT3_fT4_ratio,19,0.0030867952824346684,-0.0004962260966042715,True
SVC,individual,SVC,raw,Cached fitted individual; sigmoid fitted to cached training OOF,10,CV17_THY_CONT_RATIO,fT3,20,0.001599269142158972,-0.0007036999301574972,True
SVC,individual,SVC,raw,Cached fitted individual; sigmoid fitted to cached training OOF,10,CV17_THY_CONT_RATIO,Gender,21,0.0007898597149295694,0.0002551786812354938,False
SVC,individual,SVC,sigmoid,Cached fitted individual; sigmoid fitted to cached training OOF,10,CV17_THY_CONT_RATIO,Age,1,0.1037438556293566,-0.04115625618741747,False
SVC,individual,SVC,sigmoid,Cached fitted individual; sigmoid fitted to cached training OOF,10,CV17_THY_CONT_RATIO,LVEF,2,0.1006287570338285,0.02700829277041679,False
SVC,individual,SVC,sigmoid,Cached fitted individual; sigmoid fitted to cached training OOF,10,CV17_THY_CONT_RATIO,Diabetes,3,0.06424661167408902,0.012736381322311294,False
SVC,individual,SVC,sigmoid,Cached fitted individual; sigmoid fitted to cached training OOF,10,CV17_THY_CONT_RATIO,Dyslipidemia,4,0.05232445233425478,-0.013986677912289592,False
SVC,individual,SVC,sigmoid,Cached fitted individual; sigmoid fitted to cached training OOF,10,CV17_THY_CONT_RATIO,AFib,5,0.04855988830290021,-0.005292853095579453,False
SVC,individual,SVC,sigmoid,Cached fitted individual; sigmoid fitted to cached training OOF,10,CV17_THY_CONT_RATIO,Previous_CABG,6,0.048209118549036326,-0.030971227676131894,False
SVC,individual,SVC,sigmoid,Cached fitted individual; sigmoid fitted to cached training OOF,10,CV17_THY_CONT_RATIO,PostIsch_DCM,7,0.044072072007653104,0.007150498849215528,False
SVC,individual,SVC,sigmoid,Cached fitted individual; sigmoid fitted to cached training OOF,10,CV17_THY_CONT_RATIO,Vessels,8,0.0336700490306943,-0.014608102054538954,False
SVC,individual,SVC,sigmoid,Cached fitted individual; sigmoid fitted to cached training OOF,10,CV17_THY_CONT_RATIO,Angiography,9,0.029280274484560498,0.0037572132416855905,False
SVC,individual,SVC,sigmoid,Cached fitted individual; sigmoid fitted to cached training OOF,10,CV17_THY_CONT_RATIO,Previous_MI,10,0.020788240192383164,-0.004709218489244917,False
SVC,individual,SVC,sigmoid,Cached fitted individual; sigmoid fitted to cached training OOF,10,CV17_THY_CONT_RATIO,Ischemia,11,0.02033344439204935,0.0075490577917305965,False
SVC,individual,SVC,sigmoid,Cached fitted individual; sigmoid fitted to cached training OOF,10,CV17_THY_CONT_RATIO,Angina,12,0.01863674003249738,-0.00263971994338264,False
SVC,individual,SVC,sigmoid,Cached fitted individual; sigmoid fitted to cached training OOF,10,CV17_THY_CONT_RATIO,Smoke,13,0.015161407937435747,-0.007041073573263442,False
SVC,individual,SVC,sigmoid,Cached fitted individual; sigmoid fitted to cached training OOF,10,CV17_THY_CONT_RATIO,Hypertension,14,0.010473829241742994,0.0007483771238058459,False
SVC,individual,SVC,sigmoid,Cached fitted individual; sigmoid fitted to cached training OOF,10,CV17_THY_CONT_RATIO,Acute_MI,15,0.010225691481479234,0.010225691481479234,False
SVC,individual,SVC,sigmoid,Cached fitted individual; sigmoid fitted to cached training OOF,10,CV17_THY_CONT_RATIO,fT4,16,0.009781558121463673,0.004031856102191543,True
SVC,individual,SVC,sigmoid,Cached fitted individual; sigmoid fitted to cached training OOF,10,CV17_THY_CONT_RATIO,TSH,17,0.008662068186545156,-0.0026770801555118604,True
SVC,individual,SVC,sigmoid,Cached fitted individual; sigmoid fitted to cached training OOF,10,CV17_THY_CONT_RATIO,fT3_fT4_ratio,18,0.0029806829435320864,-0.0005169830054827403,True
SVC,individual,SVC,sigmoid,Cached fitted individual; sigmoid fitted to cached training OOF,10,CV17_THY_CONT_RATIO,Previous_PCI,19,0.00294545041516863,0.0005905026195157089,False
SVC,individual,SVC,sigmoid,Cached fitted individual; sigmoid fitted to cached training OOF,10,CV17_THY_CONT_RATIO,fT3,20,0.0015506012776131575,-0.0006903412273281128,True
SVC,individual,SVC,sigmoid,Cached fitted individual; sigmoid fitted to cached training OOF,10,CV17_THY_CONT_RATIO,Gender,21,0.000814033186737972,0.0002787447513537457,False
KNeighbors,individual,KNeighbors,raw,Cached fitted individual; sigmoid fitted to cached training OOF,10,CV17_THY_CONT_RATIO,Age,1,0.0755422102451169,-0.018255088283859258,False
KNeighbors,individual,KNeighbors,raw,Cached fitted individual; sigmoid fitted to cached training OOF,10,CV17_THY_CONT_RATIO,Dyslipidemia,2,0.06671300538503804,-0.013240536508754524,False
KNeighbors,individual,KNeighbors,raw,Cached fitted individual; sigmoid fitted to cached training OOF,10,CV17_THY_CONT_RATIO,LVEF,3,0.05342599163779267,0.017976077485784545,False
KNeighbors,individual,KNeighbors,raw,Cached fitted individual; sigmoid fitted to cached training OOF,10,CV17_THY_CONT_RATIO,Diabetes,4,0.04239453139597708,0.012626600189116115,False
KNeighbors,individual,KNeighbors,raw,Cached fitted individual; sigmoid fitted to cached training OOF,10,CV17_THY_CONT_RATIO,AFib,5,0.03446663064081445,-0.0007350228249993667,False
KNeighbors,individual,KNeighbors,raw,Cached fitted individual; sigmoid fitted to cached training OOF,10,CV17_THY_CONT_RATIO,Vessels,6,0.032700112589364005,-0.015820027250484175,False
KNeighbors,individual,KNeighbors,raw,Cached fitted individual; sigmoid fitted to cached training OOF,10,CV17_THY_CONT_RATIO,PostIsch_DCM,7,0.029499331157324643,0.006441118945723013,False
KNeighbors,individual,KNeighbors,raw,Cached fitted individual; sigmoid fitted to cached training OOF,10,CV17_THY_CONT_RATIO,Previous_CABG,8,0.024834234007036007,-0.014879908931115614,False
KNeighbors,individual,KNeighbors,raw,Cached fitted individual; sigmoid fitted to cached training OOF,10,CV17_THY_CONT_RATIO,Smoke,9,0.02406738788956369,-0.006230512606869682,False
KNeighbors,individual,KNeighbors,raw,Cached fitted individual; sigmoid fitted to cached training OOF,10,CV17_THY_CONT_RATIO,Angina,10,0.022670200097258925,-0.00021530990516497846,False
KNeighbors,individual,KNeighbors,raw,Cached fitted individual; sigmoid fitted to cached training OOF,10,CV17_THY_CONT_RATIO,Previous_MI,11,0.02182552582193342,0.00015866741367857916,False
KNeighbors,individual,KNeighbors,raw,Cached fitted individual; sigmoid fitted to cached training OOF,10,CV17_THY_CONT_RATIO,Gender,12,0.02048923325459949,0.011665392616306633,False
KNeighbors,individual,KNeighbors,raw,Cached fitted individual; sigmoid fitted to cached training OOF,10,CV17_THY_CONT_RATIO,Angiography,13,0.020243287069812512,0.00666610536370119,False
KNeighbors,individual,KNeighbors,raw,Cached fitted individual; sigmoid fitted to cached training OOF,10,CV17_THY_CONT_RATIO,Hypertension,14,0.019366738742779804,-0.0034254213747879963,False
KNeighbors,individual,KNeighbors,raw,Cached fitted individual; sigmoid fitted to cached training OOF,10,CV17_THY_CONT_RATIO,Ischemia,15,0.01374805454600387,0.0014050623102827868,False
KNeighbors,individual,KNeighbors,raw,Cached fitted individual; sigmoid fitted to cached training OOF,10,CV17_THY_CONT_RATIO,fT4,16,0.01090311726581414,0.0065369267103072,True
KNeighbors,individual,KNeighbors,raw,Cached fitted individual; sigmoid fitted to cached training OOF,10,CV17_THY_CONT_RATIO,Acute_MI,17,0.009368284115026188,0.009368284115026186,False
KNeighbors,individual,KNeighbors,raw,Cached fitted individual; sigmoid fitted to cached training OOF,10,CV17_THY_CONT_RATIO,TSH,18,0.009022029639537504,0.000854937293620582,True
KNeighbors,individual,KNeighbors,raw,Cached fitted individual; sigmoid fitted to cached training OOF,10,CV17_THY_CONT_RATIO,fT3_fT4_ratio,19,0.00743512318863315,0.0029584333764700525,True
KNeighbors,individual,KNeighbors,raw,Cached fitted individual; sigmoid fitted to cached training OOF,10,CV17_THY_CONT_RATIO,fT3,20,0.007026226185583244,0.0023662620512230332,True
KNeighbors,individual,KNeighbors,raw,Cached fitted individual; sigmoid fitted to cached training OOF,10,CV17_THY_CONT_RATIO,Previous_PCI,21,0.006268438825117793,0.0009044494797444741,False
KNeighbors,individual,KNeighbors,sigmoid,Cached fitted individual; sigmoid fitted to cached training OOF,10,CV17_THY_CONT_RATIO,Age,1,0.09161667133373547,-0.023540369942397745,False
KNeighbors,individual,KNeighbors,sigmoid,Cached fitted individual; sigmoid fitted to cached training OOF,10,CV17_THY_CONT_RATIO,Dyslipidemia,2,0.07719476063748915,-0.017193122467653133,False
KNeighbors,individual,KNeighbors,sigmoid,Cached fitted individual; sigmoid fitted to cached training OOF,10,CV17_THY_CONT_RATIO,LVEF,3,0.06370372481679401,0.01826271623643361,False
KNeighbors,individual,KNeighbors,sigmoid,Cached fitted individual; sigmoid fitted to cached training OOF,10,CV17_THY_CONT_RATIO,Diabetes,4,0.05001816359963275,0.013070159082250513,False
KNeighbors,individual,KNeighbors,sigmoid,Cached fitted individual; sigmoid fitted to cached training OOF,10,CV17_THY_CONT_RATIO,AFib,5,0.040602418686863574,-0.002193477477934731,False
KNeighbors,individual,KNeighbors,sigmoid,Cached fitted individual; sigmoid fitted to cached training OOF,10,CV17_THY_CONT_RATIO,Vessels,6,0.03902200168609092,-0.020048435005456847,False
KNeighbors,individual,KNeighbors,sigmoid,Cached fitted individual; sigmoid fitted to cached training OOF,10,CV17_THY_CONT_RATIO,PostIsch_DCM,7,0.035361877672823776,0.00815694890328433,False
KNeighbors,individual,KNeighbors,sigmoid,Cached fitted individual; sigmoid fitted to cached training OOF,10,CV17_THY_CONT_RATIO,Previous_CABG,8,0.029782250571974554,-0.017904465367909704,False
KNeighbors,individual,KNeighbors,sigmoid,Cached fitted individual; sigmoid fitted to cached training OOF,10,CV17_THY_CONT_RATIO,Smoke,9,0.027722538635020402,-0.010265862374832685,False
KNeighbors,individual,KNeighbors,sigmoid,Cached fitted individual; sigmoid fitted to cached training OOF,10,CV17_THY_CONT_RATIO,Angina,10,0.025297808851619624,-0.0009764950047978622,False
KNeighbors,individual,KNeighbors,sigmoid,Cached fitted individual; sigmoid fitted to cached training OOF,10,CV17_THY_CONT_RATIO,Previous_MI,11,0.02406598341038603,-0.0017602413871569138,False
KNeighbors,individual,KNeighbors,sigmoid,Cached fitted individual; sigmoid fitted to cached training OOF,10,CV17_THY_CONT_RATIO,Gender,12,0.022802408649934568,0.011610564793586109,False
KNeighbors,individual,KNeighbors,sigmoid,Cached fitted individual; sigmoid fitted to cached training OOF,10,CV17_THY_CONT_RATIO,Angiography,13,0.022797487695170583,0.006679711398423809,False
KNeighbors,individual,KNeighbors,sigmoid,Cached fitted individual; sigmoid fitted to cached training OOF,10,CV17_THY_CONT_RATIO,Hypertension,14,0.021875471817631238,-0.004696028017570133,False
KNeighbors,individual,KNeighbors,sigmoid,Cached fitted individual; sigmoid fitted to cached training OOF,10,CV17_THY_CONT_RATIO,Ischemia,15,0.016140517290675796,0.003257391166414018,False
KNeighbors,individual,KNeighbors,sigmoid,Cached fitted individual; sigmoid fitted to cached training OOF,10,CV17_THY_CONT_RATIO,Acute_MI,16,0.011013455166640033,0.011013455166640033,False
KNeighbors,individual,KNeighbors,sigmoid,Cached fitted individual; sigmoid fitted to cached training OOF,10,CV17_THY_CONT_RATIO,fT4,17,0.01041458597133289,0.0039786736250303385,True
KNeighbors,individual,KNeighbors,sigmoid,Cached fitted individual; sigmoid fitted to cached training OOF,10,CV17_THY_CONT_RATIO,TSH,18,0.009361471119227952,-0.0008178167433001321,True
KNeighbors,individual,KNeighbors,sigmoid,Cached fitted individual; sigmoid fitted to cached training OOF,10,CV17_THY_CONT_RATIO,fT3_fT4_ratio,19,0.007425676526776795,0.0016662277240542432,True
KNeighbors,individual,KNeighbors,sigmoid,Cached fitted individual; sigmoid fitted to cached training OOF,10,CV17_THY_CONT_RATIO,Previous_PCI,20,0.007308248724591441,-4.3063982755459345e-06,False
KNeighbors,individual,KNeighbors,sigmoid,Cached fitted individual; sigmoid fitted to cached training OOF,10,CV17_THY_CONT_RATIO,fT3,21,0.0062919394542254314,0.0005227228011367341,True
RandomForest,individual,RandomForest,raw,Cached fitted individual; sigmoid fitted to cached training OOF,10,CV17_THY_CONT_RATIO,Age,1,0.13416802712012182,-0.03169156756096346,False
RandomForest,individual,RandomForest,raw,Cached fitted individual; sigmoid fitted to cached training OOF,10,CV17_THY_CONT_RATIO,LVEF,2,0.083227678361836,0.025188316034167067,False
RandomForest,individual,RandomForest,raw,Cached fitted individual; sigmoid fitted to cached training OOF,10,CV17_THY_CONT_RATIO,Diabetes,3,0.03674626234806969,0.009078914605851807,False
RandomForest,individual,RandomForest,raw,Cached fitted individual; sigmoid fitted to cached training OOF,10,CV17_THY_CONT_RATIO,PostIsch_DCM,4,0.02783143079442791,0.002162736453960145,False
RandomForest,individual,RandomForest,raw,Cached fitted individual; sigmoid fitted to cached training OOF,10,CV17_THY_CONT_RATIO,fT3_fT4_ratio,5,0.02163748580094207,-0.0016104755589191767,True
RandomForest,individual,RandomForest,raw,Cached fitted individual; sigmoid fitted to cached training OOF,10,CV17_THY_CONT_RATIO,AFib,6,0.021049100456031904,-0.0008362158243914758,False
RandomForest,individual,RandomForest,raw,Cached fitted individual; sigmoid fitted to cached training OOF,10,CV17_THY_CONT_RATIO,Dyslipidemia,7,0.01710598201386514,-0.0065184153342606275,False
RandomForest,individual,RandomForest,raw,Cached fitted individual; sigmoid fitted to cached training OOF,10,CV17_THY_CONT_RATIO,Vessels,8,0.01564163841726031,-0.0074763234042816915,False
RandomForest,individual,RandomForest,raw,Cached fitted individual; sigmoid fitted to cached training OOF,10,CV17_THY_CONT_RATIO,TSH,9,0.011937432246570144,-0.0037753549922579046,True
RandomForest,individual,RandomForest,raw,Cached fitted individual; sigmoid fitted to cached training OOF,10,CV17_THY_CONT_RATIO,Previous_CABG,10,0.011197381716184958,-0.006941431970787737,False
RandomForest,individual,RandomForest,raw,Cached fitted individual; sigmoid fitted to cached training OOF,10,CV17_THY_CONT_RATIO,fT3,11,0.00999695272036901,-0.0042004963884959,True
RandomForest,individual,RandomForest,raw,Cached fitted individual; sigmoid fitted to cached training OOF,10,CV17_THY_CONT_RATIO,fT4,12,0.009867191320350601,-0.0028518311739154393,True
RandomForest,individual,RandomForest,raw,Cached fitted individual; sigmoid fitted to cached training OOF,10,CV17_THY_CONT_RATIO,Ischemia,13,0.008267509349611768,0.003854186935674847,False
RandomForest,individual,RandomForest,raw,Cached fitted individual; sigmoid fitted to cached training OOF,10,CV17_THY_CONT_RATIO,Angiography,14,0.007184992408095996,0.00017100946793206187,False
RandomForest,individual,RandomForest,raw,Cached fitted individual; sigmoid fitted to cached training OOF,10,CV17_THY_CONT_RATIO,Previous_MI,15,0.004999582465529914,-0.0009032563082778144,False
RandomForest,individual,RandomForest,raw,Cached fitted individual; sigmoid fitted to cached training OOF,10,CV17_THY_CONT_RATIO,Hypertension,16,0.004838014796341555,0.0002661248434819211,False
RandomForest,individual,RandomForest,raw,Cached fitted individual; sigmoid fitted to cached training OOF,10,CV17_THY_CONT_RATIO,Smoke,17,0.0032558995363722682,-0.001554614089284195,False
RandomForest,individual,RandomForest,raw,Cached fitted individual; sigmoid fitted to cached training OOF,10,CV17_THY_CONT_RATIO,Angina,18,0.00222370215146801,-0.0006465578234571446,False
RandomForest,individual,RandomForest,raw,Cached fitted individual; sigmoid fitted to cached training OOF,10,CV17_THY_CONT_RATIO,Gender,19,0.0016869108985585269,0.0005917554544835531,False
RandomForest,individual,RandomForest,raw,Cached fitted individual; sigmoid fitted to cached training OOF,10,CV17_THY_CONT_RATIO,Acute_MI,20,0.0012825394046942359,0.0012825394046942359,False
RandomForest,individual,RandomForest,raw,Cached fitted individual; sigmoid fitted to cached training OOF,10,CV17_THY_CONT_RATIO,Previous_PCI,21,0.0006149138497180808,-0.00013867954397687034,False
RandomForest,individual,RandomForest,sigmoid,Cached fitted individual; sigmoid fitted to cached training OOF,10,CV17_THY_CONT_RATIO,Age,1,0.16552345006830768,-0.04012542892052641,False
RandomForest,individual,RandomForest,sigmoid,Cached fitted individual; sigmoid fitted to cached training OOF,10,CV17_THY_CONT_RATIO,LVEF,2,0.10049854979101323,0.028677443426449206,False
RandomForest,individual,RandomForest,sigmoid,Cached fitted individual; sigmoid fitted to cached training OOF,10,CV17_THY_CONT_RATIO,Diabetes,3,0.04150614427448421,0.009861886909755263,False
RandomForest,individual,RandomForest,sigmoid,Cached fitted individual; sigmoid fitted to cached training OOF,10,CV17_THY_CONT_RATIO,PostIsch_DCM,4,0.03467015181060095,0.0023173419529964033,False
RandomForest,individual,RandomForest,sigmoid,Cached fitted individual; sigmoid fitted to cached training OOF,10,CV17_THY_CONT_RATIO,fT3_fT4_ratio,5,0.026570496921061018,-0.0032511384551606685,True
RandomForest,individual,RandomForest,sigmoid,Cached fitted individual; sigmoid fitted to cached training OOF,10,CV17_THY_CONT_RATIO,AFib,6,0.023996187855291968,-0.0014507814731163215,False
RandomForest,individual,RandomForest,sigmoid,Cached fitted individual; sigmoid fitted to cached training OOF,10,CV17_THY_CONT_RATIO,Dyslipidemia,7,0.0192978328865023,-0.008711211590064173,False
RandomForest,individual,RandomForest,sigmoid,Cached fitted individual; sigmoid fitted to cached training OOF,10,CV17_THY_CONT_RATIO,Vessels,8,0.018398743586014756,-0.009008262401446816,False
RandomForest,individual,RandomForest,sigmoid,Cached fitted individual; sigmoid fitted to cached training OOF,10,CV17_THY_CONT_RATIO,TSH,9,0.014545660933764961,-0.005123028300567298,True
RandomForest,individual,RandomForest,sigmoid,Cached fitted individual; sigmoid fitted to cached training OOF,10,CV17_THY_CONT_RATIO,Previous_CABG,10,0.012364625497080516,-0.007583552019747163,False
RandomForest,individual,RandomForest,sigmoid,Cached fitted individual; sigmoid fitted to cached training OOF,10,CV17_THY_CONT_RATIO,fT4,11,0.011255800411965328,-0.0036008443562247443,True
RandomForest,individual,RandomForest,sigmoid,Cached fitted individual; sigmoid fitted to cached training OOF,10,CV17_THY_CONT_RATIO,fT3,12,0.011228808944677426,-0.004417240510646896,True
RandomForest,individual,RandomForest,sigmoid,Cached fitted individual; sigmoid fitted to cached training OOF,10,CV17_THY_CONT_RATIO,Ischemia,13,0.010274690582675909,0.005064775838157882,False
RandomForest,individual,RandomForest,sigmoid,Cached fitted individual; sigmoid fitted to cached training OOF,10,CV17_THY_CONT_RATIO,Angiography,14,0.008795285405367087,0.00011412324263767129,False
RandomForest,individual,RandomForest,sigmoid,Cached fitted individual; sigmoid fitted to cached training OOF,10,CV17_THY_CONT_RATIO,Previous_MI,15,0.005512385194113217,-0.00121987826012789,False
RandomForest,individual,RandomForest,sigmoid,Cached fitted individual; sigmoid fitted to cached training OOF,10,CV17_THY_CONT_RATIO,Hypertension,16,0.005279183759013178,0.0004438583393282826,False
RandomForest,individual,RandomForest,sigmoid,Cached fitted individual; sigmoid fitted to cached training OOF,10,CV17_THY_CONT_RATIO,Smoke,17,0.0037386293475219407,-0.001960994752351495,False
RandomForest,individual,RandomForest,sigmoid,Cached fitted individual; sigmoid fitted to cached training OOF,10,CV17_THY_CONT_RATIO,Angina,18,0.0025272696648143893,-0.0008949113553307311,False
RandomForest,individual,RandomForest,sigmoid,Cached fitted individual; sigmoid fitted to cached training OOF,10,CV17_THY_CONT_RATIO,Gender,19,0.0015274631652520165,0.0001576631911058113,False
RandomForest,individual,RandomForest,sigmoid,Cached fitted individual; sigmoid fitted to cached training OOF,10,CV17_THY_CONT_RATIO,Acute_MI,20,0.0013951760462184563,0.0013951760462184563,False
RandomForest,individual,RandomForest,sigmoid,Cached fitted individual; sigmoid fitted to cached training OOF,10,CV17_THY_CONT_RATIO,Previous_PCI,21,0.0007720137321206617,-0.00024362927400828433,False
AdaBoost,individual,AdaBoost,raw,Cached fitted individual; sigmoid fitted to cached training OOF,10,CV17_THY_CONT_RATIO,Age,1,0.06262200504158284,-0.021541202600024272,False
AdaBoost,individual,AdaBoost,raw,Cached fitted individual; sigmoid fitted to cached training OOF,10,CV17_THY_CONT_RATIO,LVEF,2,0.04471307325693038,0.008735609789098582,False
AdaBoost,individual,AdaBoost,raw,Cached fitted individual; sigmoid fitted to cached training OOF,10,CV17_THY_CONT_RATIO,Diabetes,3,0.020044055613143787,0.004388897435336833,False
AdaBoost,individual,AdaBoost,raw,Cached fitted individual; sigmoid fitted to cached training OOF,10,CV17_THY_CONT_RATIO,AFib,4,0.007047741818602494,-0.0007778488011267761,False
AdaBoost,individual,AdaBoost,raw,Cached fitted individual; sigmoid fitted to cached training OOF,10,CV17_THY_CONT_RATIO,fT3_fT4_ratio,5,0.005724718521329311,0.00010279841951457377,True
AdaBoost,individual,AdaBoost,raw,Cached fitted individual; sigmoid fitted to cached training OOF,10,CV17_THY_CONT_RATIO,PostIsch_DCM,6,0.005043485545651447,0.0006618444750083315,False
AdaBoost,individual,AdaBoost,raw,Cached fitted individual; sigmoid fitted to cached training OOF,10,CV17_THY_CONT_RATIO,Dyslipidemia,7,0.003308174231601467,-0.000980409938095164,False
AdaBoost,individual,AdaBoost,raw,Cached fitted individual; sigmoid fitted to cached training OOF,10,CV17_THY_CONT_RATIO,fT4,8,0.002695572060765691,-0.0005879541982774141,True
AdaBoost,individual,AdaBoost,raw,Cached fitted individual; sigmoid fitted to cached training OOF,10,CV17_THY_CONT_RATIO,Previous_CABG,9,0.002430265255351408,-0.0015418782293938735,False
AdaBoost,individual,AdaBoost,raw,Cached fitted individual; sigmoid fitted to cached training OOF,10,CV17_THY_CONT_RATIO,TSH,10,0.002228729848784349,-0.0002917553343795584,True
AdaBoost,individual,AdaBoost,raw,Cached fitted individual; sigmoid fitted to cached training OOF,10,CV17_THY_CONT_RATIO,Ischemia,11,0.002212070619718345,0.0005663738961399142,False
AdaBoost,individual,AdaBoost,raw,Cached fitted individual; sigmoid fitted to cached training OOF,10,CV17_THY_CONT_RATIO,Vessels,12,0.0013576908478955506,-0.0007326696904351713,False
AdaBoost,individual,AdaBoost,raw,Cached fitted individual; sigmoid fitted to cached training OOF,10,CV17_THY_CONT_RATIO,fT3,13,0.00024266409716333127,-0.00024266409716333127,True
AdaBoost,individual,AdaBoost,raw,Cached fitted individual; sigmoid fitted to cached training OOF,10,CV17_THY_CONT_RATIO,Acute_MI,14,0.00016330012103973673,0.00016330012103973673,False
AdaBoost,individual,AdaBoost,raw,Cached fitted individual; sigmoid fitted to cached training OOF,10,CV17_THY_CONT_RATIO,Previous_PCI,15,0.0,0.0,False
AdaBoost,individual,AdaBoost,raw,Cached fitted individual; sigmoid fitted to cached training OOF,10,CV17_THY_CONT_RATIO,Angiography,16,0.0,0.0,False
AdaBoost,individual,AdaBoost,raw,Cached fitted individual; sigmoid fitted to cached training OOF,10,CV17_THY_CONT_RATIO,Hypertension,17,0.0,0.0,False
AdaBoost,individual,AdaBoost,raw,Cached fitted individual; sigmoid fitted to cached training OOF,10,CV17_THY_CONT_RATIO,Smoke,18,0.0,0.0,False
AdaBoost,individual,AdaBoost,raw,Cached fitted individual; sigmoid fitted to cached training OOF,10,CV17_THY_CONT_RATIO,Previous_MI,19,0.0,0.0,False
AdaBoost,individual,AdaBoost,raw,Cached fitted individual; sigmoid fitted to cached training OOF,10,CV17_THY_CONT_RATIO,Gender,20,0.0,0.0,False
AdaBoost,individual,AdaBoost,raw,Cached fitted individual; sigmoid fitted to cached training OOF,10,CV17_THY_CONT_RATIO,Angina,21,0.0,0.0,False
AdaBoost,individual,AdaBoost,sigmoid,Cached fitted individual; sigmoid fitted to cached training OOF,10,CV17_THY_CONT_RATIO,Age,1,0.1811044721242512,-0.06048308577642657,False
AdaBoost,individual,AdaBoost,sigmoid,Cached fitted individual; sigmoid fitted to cached training OOF,10,CV17_THY_CONT_RATIO,LVEF,2,0.1282072238224545,0.023032645066013026,False
AdaBoost,individual,AdaBoost,sigmoid,Cached fitted individual; sigmoid fitted to cached training OOF,10,CV17_THY_CONT_RATIO,Diabetes,3,0.05324314255247719,0.010696575441421857,False
AdaBoost,individual,AdaBoost,sigmoid,Cached fitted individual; sigmoid fitted to cached training OOF,10,CV17_THY_CONT_RATIO,AFib,4,0.01697174936881081,-0.0017665037310955222,False
AdaBoost,individual,AdaBoost,sigmoid,Cached fitted individual; sigmoid fitted to cached training OOF,10,CV17_THY_CONT_RATIO,fT3_fT4_ratio,5,0.01438296337607703,0.0005374282748481564,True
AdaBoost,individual,AdaBoost,sigmoid,Cached fitted individual; sigmoid fitted to cached training OOF,10,CV17_THY_CONT_RATIO,PostIsch_DCM,6,0.012898819022814194,0.0017291954815086103,False
AdaBoost,individual,AdaBoost,sigmoid,Cached fitted individual; sigmoid fitted to cached training OOF,10,CV17_THY_CONT_RATIO,Dyslipidemia,7,0.008200983335897007,-0.002145364933834074,False
AdaBoost,individual,AdaBoost,sigmoid,Cached fitted individual; sigmoid fitted to cached training OOF,10,CV17_THY_CONT_RATIO,fT4,8,0.006853293526115476,-0.0008480942606189455,True
AdaBoost,individual,AdaBoost,sigmoid,Cached fitted individual; sigmoid fitted to cached training OOF,10,CV17_THY_CONT_RATIO,Previous_CABG,9,0.006443169163814996,-0.004254306894535727,False
AdaBoost,individual,AdaBoost,sigmoid,Cached fitted individual; sigmoid fitted to cached training OOF,10,CV17_THY_CONT_RATIO,Ischemia,10,0.0057405824742472146,0.0020280810123432264,False
AdaBoost,individual,AdaBoost,sigmoid,Cached fitted individual; sigmoid fitted to cached training OOF,10,CV17_THY_CONT_RATIO,TSH,11,0.005189047875116841,9.238469142955287e-05,True
AdaBoost,individual,AdaBoost,sigmoid,Cached fitted individual; sigmoid fitted to cached training OOF,10,CV17_THY_CONT_RATIO,Vessels,12,0.0036944408367505692,-0.002186129905676567,False
AdaBoost,individual,AdaBoost,sigmoid,Cached fitted individual; sigmoid fitted to cached training OOF,10,CV17_THY_CONT_RATIO,fT3,13,0.0006615522569626355,-0.0006615522569626355,True
AdaBoost,individual,AdaBoost,sigmoid,Cached fitted individual; sigmoid fitted to cached training OOF,10,CV17_THY_CONT_RATIO,Acute_MI,14,0.0004207871872161189,0.0004207871872161189,False
AdaBoost,individual,AdaBoost,sigmoid,Cached fitted individual; sigmoid fitted to cached training OOF,10,CV17_THY_CONT_RATIO,Previous_PCI,15,0.0,0.0,False
AdaBoost,individual,AdaBoost,sigmoid,Cached fitted individual; sigmoid fitted to cached training OOF,10,CV17_THY_CONT_RATIO,Angiography,16,0.0,0.0,False
AdaBoost,individual,AdaBoost,sigmoid,Cached fitted individual; sigmoid fitted to cached training OOF,10,CV17_THY_CONT_RATIO,Hypertension,17,0.0,0.0,False
AdaBoost,individual,AdaBoost,sigmoid,Cached fitted individual; sigmoid fitted to cached training OOF,10,CV17_THY_CONT_RATIO,Smoke,18,0.0,0.0,False
AdaBoost,individual,AdaBoost,sigmoid,Cached fitted individual; sigmoid fitted to cached training OOF,10,CV17_THY_CONT_RATIO,Previous_MI,19,0.0,0.0,False
AdaBoost,individual,AdaBoost,sigmoid,Cached fitted individual; sigmoid fitted to cached training OOF,10,CV17_THY_CONT_RATIO,Gender,20,0.0,0.0,False
AdaBoost,individual,AdaBoost,sigmoid,Cached fitted individual; sigmoid fitted to cached training OOF,10,CV17_THY_CONT_RATIO,Angina,21,0.0,0.0,False
MLP,individual,MLP,raw,Cached fitted individual; sigmoid fitted to cached training OOF,10,CV17_THY_CONT_RATIO,Age,1,0.1590017179822351,-0.06304200219051949,False
MLP,individual,MLP,raw,Cached fitted individual; sigmoid fitted to cached training OOF,10,CV17_THY_CONT_RATIO,LVEF,2,0.10776482128148702,0.02257865752307883,False
MLP,individual,MLP,raw,Cached fitted individual; sigmoid fitted to cached training OOF,10,CV17_THY_CONT_RATIO,Diabetes,3,0.06539485471721225,0.011526055737395843,False
MLP,individual,MLP,raw,Cached fitted individual; sigmoid fitted to cached training OOF,10,CV17_THY_CONT_RATIO,Vessels,4,0.05246151842157756,-0.025616298105636988,False
MLP,individual,MLP,raw,Cached fitted individual; sigmoid fitted to cached training OOF,10,CV17_THY_CONT_RATIO,Dyslipidemia,5,0.04192554332920551,-0.012693852344152533,False
MLP,individual,MLP,raw,Cached fitted individual; sigmoid fitted to cached training OOF,10,CV17_THY_CONT_RATIO,Angiography,6,0.03504230403932044,0.008682298847598326,False
MLP,individual,MLP,raw,Cached fitted individual; sigmoid fitted to cached training OOF,10,CV17_THY_CONT_RATIO,Previous_CABG,7,0.02984891019565396,-0.021276138635667987,False
MLP,individual,MLP,raw,Cached fitted individual; sigmoid fitted to cached training OOF,10,CV17_THY_CONT_RATIO,TSH,8,0.02511047105305617,-0.01064036734922013,True
MLP,individual,MLP,raw,Cached fitted individual; sigmoid fitted to cached training OOF,10,CV17_THY_CONT_RATIO,AFib,9,0.02427857334149051,0.00025062838394109195,False
MLP,individual,MLP,raw,Cached fitted individual; sigmoid fitted to cached training OOF,10,CV17_THY_CONT_RATIO,PostIsch_DCM,10,0.023662993854589996,0.009072994198251466,False
MLP,individual,MLP,raw,Cached fitted individual; sigmoid fitted to cached training OOF,10,CV17_THY_CONT_RATIO,Ischemia,11,0.02108688852157975,0.007971876832770723,False
MLP,individual,MLP,raw,Cached fitted individual; sigmoid fitted to cached training OOF,10,CV17_THY_CONT_RATIO,Previous_PCI,12,0.01625052133623174,0.0013346874245076384,False
MLP,individual,MLP,raw,Cached fitted individual; sigmoid fitted to cached training OOF,10,CV17_THY_CONT_RATIO,Gender,13,0.015461379757775801,-0.007477016181491663,False
MLP,individual,MLP,raw,Cached fitted individual; sigmoid fitted to cached training OOF,10,CV17_THY_CONT_RATIO,Angina,14,0.015442936847691206,0.004026934179167512,False
MLP,individual,MLP,raw,Cached fitted individual; sigmoid fitted to cached training OOF,10,CV17_THY_CONT_RATIO,fT4,15,0.010083856615182489,-0.0003417756618840535,True
MLP,individual,MLP,raw,Cached fitted individual; sigmoid fitted to cached training OOF,10,CV17_THY_CONT_RATIO,Smoke,16,0.009574879805708788,-0.0015390344811088506,False
MLP,individual,MLP,raw,Cached fitted individual; sigmoid fitted to cached training OOF,10,CV17_THY_CONT_RATIO,fT3,17,0.008812010910737834,-0.005155293853223102,True
MLP,individual,MLP,raw,Cached fitted individual; sigmoid fitted to cached training OOF,10,CV17_THY_CONT_RATIO,Hypertension,18,0.008110594005550446,-0.005123308987756403,False
MLP,individual,MLP,raw,Cached fitted individual; sigmoid fitted to cached training OOF,10,CV17_THY_CONT_RATIO,Acute_MI,19,0.008098861204872018,0.008098861204872018,False
MLP,individual,MLP,raw,Cached fitted individual; sigmoid fitted to cached training OOF,10,CV17_THY_CONT_RATIO,Previous_MI,20,0.007710305854101404,0.003212264131588968,False
MLP,individual,MLP,raw,Cached fitted individual; sigmoid fitted to cached training OOF,10,CV17_THY_CONT_RATIO,fT3_fT4_ratio,21,0.002807377197392623,-0.0017359221952801807,True
MLP,individual,MLP,sigmoid,Cached fitted individual; sigmoid fitted to cached training OOF,10,CV17_THY_CONT_RATIO,Age,1,0.15386135453195499,-0.061156647205342085,False
MLP,individual,MLP,sigmoid,Cached fitted individual; sigmoid fitted to cached training OOF,10,CV17_THY_CONT_RATIO,LVEF,2,0.10443069195022818,0.021931991120676342,False
MLP,individual,MLP,sigmoid,Cached fitted individual; sigmoid fitted to cached training OOF,10,CV17_THY_CONT_RATIO,Diabetes,3,0.06350846897391225,0.011064824042672276,False
MLP,individual,MLP,sigmoid,Cached fitted individual; sigmoid fitted to cached training OOF,10,CV17_THY_CONT_RATIO,Vessels,4,0.05051689020706498,-0.024470599745567086,False
MLP,individual,MLP,sigmoid,Cached fitted individual; sigmoid fitted to cached training OOF,10,CV17_THY_CONT_RATIO,Dyslipidemia,5,0.04076803584463131,-0.012471342595147268,False
MLP,individual,MLP,sigmoid,Cached fitted individual; sigmoid fitted to cached training OOF,10,CV17_THY_CONT_RATIO,Angiography,6,0.03421811473064856,0.008162995645485768,False
MLP,individual,MLP,sigmoid,Cached fitted individual; sigmoid fitted to cached training OOF,10,CV17_THY_CONT_RATIO,Previous_CABG,7,0.029017537596056443,-0.020650232091293533,False
MLP,individual,MLP,sigmoid,Cached fitted individual; sigmoid fitted to cached training OOF,10,CV17_THY_CONT_RATIO,TSH,8,0.024486647972952618,-0.01046722768227265,True
MLP,individual,MLP,sigmoid,Cached fitted individual; sigmoid fitted to cached training OOF,10,CV17_THY_CONT_RATIO,AFib,9,0.023652928627464632,0.0002475316222398014,False
MLP,individual,MLP,sigmoid,Cached fitted individual; sigmoid fitted to cached training OOF,10,CV17_THY_CONT_RATIO,PostIsch_DCM,10,0.02304193359002585,0.00871675547739008,False
MLP,individual,MLP,sigmoid,Cached fitted individual; sigmoid fitted to cached training OOF,10,CV17_THY_CONT_RATIO,Ischemia,11,0.02057406486579139,0.007649108505043832,False
MLP,individual,MLP,sigmoid,Cached fitted individual; sigmoid fitted to cached training OOF,10,CV17_THY_CONT_RATIO,Previous_PCI,12,0.015734897298206433,0.0013903901452360665,False
MLP,individual,MLP,sigmoid,Cached fitted individual; sigmoid fitted to cached training OOF,10,CV17_THY_CONT_RATIO,Gender,13,0.014984889648081498,-0.007213206157124655,False
MLP,individual,MLP,sigmoid,Cached fitted individual; sigmoid fitted to cached training OOF,10,CV17_THY_CONT_RATIO,Angina,14,0.014957495974466025,0.003920003462239479,False
MLP,individual,MLP,sigmoid,Cached fitted individual; sigmoid fitted to cached training OOF,10,CV17_THY_CONT_RATIO,fT4,15,0.009790425087460999,-0.00035916916787933153,True
MLP,individual,MLP,sigmoid,Cached fitted individual; sigmoid fitted to cached training OOF,10,CV17_THY_CONT_RATIO,Smoke,16,0.009235935907264299,-0.0015537303570035646,False
MLP,individual,MLP,sigmoid,Cached fitted individual; sigmoid fitted to cached training OOF,10,CV17_THY_CONT_RATIO,fT3,17,0.008532899799002604,-0.004988312731905361,True
MLP,individual,MLP,sigmoid,Cached fitted individual; sigmoid fitted to cached training OOF,10,CV17_THY_CONT_RATIO,Acute_MI,18,0.00788357064902274,0.00788357064902274,False
MLP,individual,MLP,sigmoid,Cached fitted individual; sigmoid fitted to cached training OOF,10,CV17_THY_CONT_RATIO,Hypertension,19,0.007876117130943019,-0.004967828201295883,False
MLP,individual,MLP,sigmoid,Cached fitted individual; sigmoid fitted to cached training OOF,10,CV17_THY_CONT_RATIO,Previous_MI,20,0.007475025402174013,0.0031429338699938956,False
MLP,individual,MLP,sigmoid,Cached fitted individual; sigmoid fitted to cached training OOF,10,CV17_THY_CONT_RATIO,fT3_fT4_ratio,21,0.0027529513681745625,-0.0017116059906855247,True
GradientBoosting,individual,GradientBoosting,raw,Cached fitted individual; sigmoid fitted to cached training OOF,10,CV17_THY_CONT_RATIO,Age,1,0.19986498172773579,-0.06361488432753776,False
GradientBoosting,individual,GradientBoosting,raw,Cached fitted individual; sigmoid fitted to cached training OOF,10,CV17_THY_CONT_RATIO,LVEF,2,0.11067236696074094,0.019701168072637103,False
GradientBoosting,individual,GradientBoosting,raw,Cached fitted individual; sigmoid fitted to cached training OOF,10,CV17_THY_CONT_RATIO,TSH,3,0.03964447060468643,0.006322350206711599,True
GradientBoosting,individual,GradientBoosting,raw,Cached fitted individual; sigmoid fitted to cached training OOF,10,CV17_THY_CONT_RATIO,Diabetes,4,0.03745846343380975,0.012052727572810385,False
GradientBoosting,individual,GradientBoosting,raw,Cached fitted individual; sigmoid fitted to cached training OOF,10,CV17_THY_CONT_RATIO,Vessels,5,0.036859311209680494,-0.0238098149465283,False
GradientBoosting,individual,GradientBoosting,raw,Cached fitted individual; sigmoid fitted to cached training OOF,10,CV17_THY_CONT_RATIO,Dyslipidemia,6,0.0326787299925371,-0.0019176196099600206,False
GradientBoosting,individual,GradientBoosting,raw,Cached fitted individual; sigmoid fitted to cached training OOF,10,CV17_THY_CONT_RATIO,fT3,7,0.030792361947821256,-0.020292607177863978,True
GradientBoosting,individual,GradientBoosting,raw,Cached fitted individual; sigmoid fitted to cached training OOF,10,CV17_THY_CONT_RATIO,fT3_fT4_ratio,8,0.029943448105170297,0.012176793115341426,True
GradientBoosting,individual,GradientBoosting,raw,Cached fitted individual; sigmoid fitted to cached training OOF,10,CV17_THY_CONT_RATIO,Gender,9,0.028159475860041912,0.016997607817855444,False
GradientBoosting,individual,GradientBoosting,raw,Cached fitted individual; sigmoid fitted to cached training OOF,10,CV17_THY_CONT_RATIO,fT4,10,0.027011228724298994,-0.0007245637029764476,True
GradientBoosting,individual,GradientBoosting,raw,Cached fitted individual; sigmoid fitted to cached training OOF,10,CV17_THY_CONT_RATIO,Ischemia,11,0.022781256593615504,0.012576799728131709,False
GradientBoosting,individual,GradientBoosting,raw,Cached fitted individual; sigmoid fitted to cached training OOF,10,CV17_THY_CONT_RATIO,Hypertension,12,0.021644414323361588,0.003130835140996809,False
GradientBoosting,individual,GradientBoosting,raw,Cached fitted individual; sigmoid fitted to cached training OOF,10,CV17_THY_CONT_RATIO,AFib,13,0.014690661949944303,-0.0002643650284523749,False
GradientBoosting,individual,GradientBoosting,raw,Cached fitted individual; sigmoid fitted to cached training OOF,10,CV17_THY_CONT_RATIO,Angiography,14,0.01388729978097639,0.0017780854295381028,False
GradientBoosting,individual,GradientBoosting,raw,Cached fitted individual; sigmoid fitted to cached training OOF,10,CV17_THY_CONT_RATIO,Smoke,15,0.012557525395388538,-0.0048505155264980246,False
GradientBoosting,individual,GradientBoosting,raw,Cached fitted individual; sigmoid fitted to cached training OOF,10,CV17_THY_CONT_RATIO,PostIsch_DCM,16,0.007812241909193818,0.0008064477167796773,False
GradientBoosting,individual,GradientBoosting,raw,Cached fitted individual; sigmoid fitted to cached training OOF,10,CV17_THY_CONT_RATIO,Previous_MI,17,0.006849803116874973,-0.0021504548412792797,False
GradientBoosting,individual,GradientBoosting,raw,Cached fitted individual; sigmoid fitted to cached training OOF,10,CV17_THY_CONT_RATIO,Previous_CABG,18,0.005449244435768269,-0.003411242059177722,False
GradientBoosting,individual,GradientBoosting,raw,Cached fitted individual; sigmoid fitted to cached training OOF,10,CV17_THY_CONT_RATIO,Angina,19,0.004202340225392738,-1.8142399160339727e-05,False
GradientBoosting,individual,GradientBoosting,raw,Cached fitted individual; sigmoid fitted to cached training OOF,10,CV17_THY_CONT_RATIO,Previous_PCI,20,0.0018414488734365092,-0.0014694956739156398,False
GradientBoosting,individual,GradientBoosting,raw,Cached fitted individual; sigmoid fitted to cached training OOF,10,CV17_THY_CONT_RATIO,Acute_MI,21,0.0009123769273277608,0.0007952622771554293,False
GradientBoosting,individual,GradientBoosting,sigmoid,Cached fitted individual; sigmoid fitted to cached training OOF,10,CV17_THY_CONT_RATIO,Age,1,0.15527748121410817,-0.05210815750593706,False
GradientBoosting,individual,GradientBoosting,sigmoid,Cached fitted individual; sigmoid fitted to cached training OOF,10,CV17_THY_CONT_RATIO,LVEF,2,0.08630750767785986,0.013742553894183211,False
GradientBoosting,individual,GradientBoosting,sigmoid,Cached fitted individual; sigmoid fitted to cached training OOF,10,CV17_THY_CONT_RATIO,TSH,3,0.03223062832601975,0.003967712718237768,True
GradientBoosting,individual,GradientBoosting,sigmoid,Cached fitted individual; sigmoid fitted to cached training OOF,10,CV17_THY_CONT_RATIO,Vessels,4,0.03139822284906444,-0.020515186001277226,False
GradientBoosting,individual,GradientBoosting,sigmoid,Cached fitted individual; sigmoid fitted to cached training OOF,10,CV17_THY_CONT_RATIO,Diabetes,5,0.028880791453943146,0.008514381614676526,False
GradientBoosting,individual,GradientBoosting,sigmoid,Cached fitted individual; sigmoid fitted to cached training OOF,10,CV17_THY_CONT_RATIO,Dyslipidemia,6,0.027403212634274463,-0.004738559729731936,False
GradientBoosting,individual,GradientBoosting,sigmoid,Cached fitted individual; sigmoid fitted to cached training OOF,10,CV17_THY_CONT_RATIO,fT3,7,0.026095476849309362,-0.018161341045747098,True
GradientBoosting,individual,GradientBoosting,sigmoid,Cached fitted individual; sigmoid fitted to cached training OOF,10,CV17_THY_CONT_RATIO,fT3_fT4_ratio,8,0.024188958085100798,0.007494713137432961,True
GradientBoosting,individual,GradientBoosting,sigmoid,Cached fitted individual; sigmoid fitted to cached training OOF,10,CV17_THY_CONT_RATIO,fT4,9,0.021968472928962667,-0.001778340352906432,True
GradientBoosting,individual,GradientBoosting,sigmoid,Cached fitted individual; sigmoid fitted to cached training OOF,10,CV17_THY_CONT_RATIO,Ischemia,10,0.02078720672278995,0.010752322276127855,False
GradientBoosting,individual,GradientBoosting,sigmoid,Cached fitted individual; sigmoid fitted to cached training OOF,10,CV17_THY_CONT_RATIO,Gender,11,0.0205159385769408,0.012562191352665125,False
GradientBoosting,individual,GradientBoosting,sigmoid,Cached fitted individual; sigmoid fitted to cached training OOF,10,CV17_THY_CONT_RATIO,Hypertension,12,0.016469275203564275,0.0027381094099891003,False
GradientBoosting,individual,GradientBoosting,sigmoid,Cached fitted individual; sigmoid fitted to cached training OOF,10,CV17_THY_CONT_RATIO,AFib,13,0.014424978961980507,-0.0002897691929270084,False
GradientBoosting,individual,GradientBoosting,sigmoid,Cached fitted individual; sigmoid fitted to cached training OOF,10,CV17_THY_CONT_RATIO,Angiography,14,0.012105939449208382,0.0009079733841362284,False
GradientBoosting,individual,GradientBoosting,sigmoid,Cached fitted individual; sigmoid fitted to cached training OOF,10,CV17_THY_CONT_RATIO,Smoke,15,0.009921808037395966,-0.004164135758818403,False
GradientBoosting,individual,GradientBoosting,sigmoid,Cached fitted individual; sigmoid fitted to cached training OOF,10,CV17_THY_CONT_RATIO,PostIsch_DCM,16,0.006754034178877287,0.0008785764257976504,False
GradientBoosting,individual,GradientBoosting,sigmoid,Cached fitted individual; sigmoid fitted to cached training OOF,10,CV17_THY_CONT_RATIO,Previous_MI,17,0.005317432259780715,-0.0014384661233210983,False
GradientBoosting,individual,GradientBoosting,sigmoid,Cached fitted individual; sigmoid fitted to cached training OOF,10,CV17_THY_CONT_RATIO,Previous_CABG,18,0.004599679913345227,-0.0029396102177843882,False
GradientBoosting,individual,GradientBoosting,sigmoid,Cached fitted individual; sigmoid fitted to cached training OOF,10,CV17_THY_CONT_RATIO,Angina,19,0.0033370830817214857,8.32042217925023e-05,False
GradientBoosting,individual,GradientBoosting,sigmoid,Cached fitted individual; sigmoid fitted to cached training OOF,10,CV17_THY_CONT_RATIO,Previous_PCI,20,0.001289445261546267,-0.0009888138726299983,False
GradientBoosting,individual,GradientBoosting,sigmoid,Cached fitted individual; sigmoid fitted to cached training OOF,10,CV17_THY_CONT_RATIO,Acute_MI,21,0.0009493249701245084,0.0009493249701245084,False
XGBoost,individual,XGBoost,raw,Cached fitted individual; sigmoid fitted to cached training OOF,10,CV17_THY_CONT_RATIO,Age,1,0.10639465533768089,-0.04265001069597929,False
XGBoost,individual,XGBoost,raw,Cached fitted individual; sigmoid fitted to cached training OOF,10,CV17_THY_CONT_RATIO,LVEF,2,0.07700816776741704,0.01812296409298142,False
XGBoost,individual,XGBoost,raw,Cached fitted individual; sigmoid fitted to cached training OOF,10,CV17_THY_CONT_RATIO,Diabetes,3,0.04772450292330177,0.010301190714017139,False
XGBoost,individual,XGBoost,raw,Cached fitted individual; sigmoid fitted to cached training OOF,10,CV17_THY_CONT_RATIO,Dyslipidemia,4,0.03196172064053826,-0.009121738501562504,False
XGBoost,individual,XGBoost,raw,Cached fitted individual; sigmoid fitted to cached training OOF,10,CV17_THY_CONT_RATIO,AFib,5,0.02760894300081418,-0.0030884735642757732,False
XGBoost,individual,XGBoost,raw,Cached fitted individual; sigmoid fitted to cached training OOF,10,CV17_THY_CONT_RATIO,PostIsch_DCM,6,0.02732647449192882,0.0032418723767477786,False
XGBoost,individual,XGBoost,raw,Cached fitted individual; sigmoid fitted to cached training OOF,10,CV17_THY_CONT_RATIO,Previous_CABG,7,0.021570974231508444,-0.01387252974200237,False
XGBoost,individual,XGBoost,raw,Cached fitted individual; sigmoid fitted to cached training OOF,10,CV17_THY_CONT_RATIO,Vessels,8,0.0214827968247846,-0.008241747613283223,False
XGBoost,individual,XGBoost,raw,Cached fitted individual; sigmoid fitted to cached training OOF,10,CV17_THY_CONT_RATIO,Angiography,9,0.01721168141466478,0.001407624059538648,False
XGBoost,individual,XGBoost,raw,Cached fitted individual; sigmoid fitted to cached training OOF,10,CV17_THY_CONT_RATIO,Ischemia,10,0.01618982109539502,0.004735857697596657,False
XGBoost,individual,XGBoost,raw,Cached fitted individual; sigmoid fitted to cached training OOF,10,CV17_THY_CONT_RATIO,Previous_MI,11,0.012450094929590705,-0.0022527987330249744,False
XGBoost,individual,XGBoost,raw,Cached fitted individual; sigmoid fitted to cached training OOF,10,CV17_THY_CONT_RATIO,Angina,12,0.010217674036539393,-0.0015245724061969668,False
XGBoost,individual,XGBoost,raw,Cached fitted individual; sigmoid fitted to cached training OOF,10,CV17_THY_CONT_RATIO,Hypertension,13,0.0073746523303270806,0.0005095845554023981,False
XGBoost,individual,XGBoost,raw,Cached fitted individual; sigmoid fitted to cached training OOF,10,CV17_THY_CONT_RATIO,TSH,14,0.0063907337535056286,-0.002646005290444009,True
XGBoost,individual,XGBoost,raw,Cached fitted individual; sigmoid fitted to cached training OOF,10,CV17_THY_CONT_RATIO,Acute_MI,15,0.005175767459149938,0.005175767459149938,False
XGBoost,individual,XGBoost,raw,Cached fitted individual; sigmoid fitted to cached training OOF,10,CV17_THY_CONT_RATIO,Smoke,16,0.003988457512605237,-0.0018167198395531159,False
XGBoost,individual,XGBoost,raw,Cached fitted individual; sigmoid fitted to cached training OOF,10,CV17_THY_CONT_RATIO,fT3,17,0.0013354375805647578,-0.0007019707809376996,True
XGBoost,individual,XGBoost,raw,Cached fitted individual; sigmoid fitted to cached training OOF,10,CV17_THY_CONT_RATIO,fT3_fT4_ratio,18,0.0012271081413928187,-0.00025722574901010375,True
XGBoost,individual,XGBoost,raw,Cached fitted individual; sigmoid fitted to cached training OOF,10,CV17_THY_CONT_RATIO,Gender,19,0.0,0.0,False
XGBoost,individual,XGBoost,raw,Cached fitted individual; sigmoid fitted to cached training OOF,10,CV17_THY_CONT_RATIO,Previous_PCI,20,0.0,0.0,False
XGBoost,individual,XGBoost,raw,Cached fitted individual; sigmoid fitted to cached training OOF,10,CV17_THY_CONT_RATIO,fT4,21,0.0,0.0,True
XGBoost,individual,XGBoost,sigmoid,Cached fitted individual; sigmoid fitted to cached training OOF,10,CV17_THY_CONT_RATIO,Age,1,0.14451370713065653,-0.05520476312160359,False
XGBoost,individual,XGBoost,sigmoid,Cached fitted individual; sigmoid fitted to cached training OOF,10,CV17_THY_CONT_RATIO,LVEF,2,0.1096367351809178,0.02512775454407548,False
XGBoost,individual,XGBoost,sigmoid,Cached fitted individual; sigmoid fitted to cached training OOF,10,CV17_THY_CONT_RATIO,Diabetes,3,0.0655795888471182,0.014083440716337959,False
XGBoost,individual,XGBoost,sigmoid,Cached fitted individual; sigmoid fitted to cached training OOF,10,CV17_THY_CONT_RATIO,Dyslipidemia,4,0.042738009035282416,-0.0116152467236578,False
XGBoost,individual,XGBoost,sigmoid,Cached fitted individual; sigmoid fitted to cached training OOF,10,CV17_THY_CONT_RATIO,PostIsch_DCM,5,0.0373301339330056,0.004386953037570822,False
XGBoost,individual,XGBoost,sigmoid,Cached fitted individual; sigmoid fitted to cached training OOF,10,CV17_THY_CONT_RATIO,AFib,6,0.037068647529005204,-0.004423954398303868,False
XGBoost,individual,XGBoost,sigmoid,Cached fitted individual; sigmoid fitted to cached training OOF,10,CV17_THY_CONT_RATIO,Vessels,7,0.030540915772504437,-0.012428119678971828,False
XGBoost,individual,XGBoost,sigmoid,Cached fitted individual; sigmoid fitted to cached training OOF,10,CV17_THY_CONT_RATIO,Previous_CABG,8,0.030003857574192584,-0.019329120953738746,False
XGBoost,individual,XGBoost,sigmoid,Cached fitted individual; sigmoid fitted to cached training OOF,10,CV17_THY_CONT_RATIO,Angiography,9,0.022998600652365253,0.003064625958460789,False
XGBoost,individual,XGBoost,sigmoid,Cached fitted individual; sigmoid fitted to cached training OOF,10,CV17_THY_CONT_RATIO,Ischemia,10,0.022078837228954627,0.0078748271794023,False
XGBoost,individual,XGBoost,sigmoid,Cached fitted individual; sigmoid fitted to cached training OOF,10,CV17_THY_CONT_RATIO,Previous_MI,11,0.01721762079892332,-0.003912721461275433,False
XGBoost,individual,XGBoost,sigmoid,Cached fitted individual; sigmoid fitted to cached training OOF,10,CV17_THY_CONT_RATIO,Angina,12,0.01375954418122802,-0.0019231932488960048,False
XGBoost,individual,XGBoost,sigmoid,Cached fitted individual; sigmoid fitted to cached training OOF,10,CV17_THY_CONT_RATIO,Hypertension,13,0.009869095589214366,0.0009546812376051894,False
XGBoost,individual,XGBoost,sigmoid,Cached fitted individual; sigmoid fitted to cached training OOF,10,CV17_THY_CONT_RATIO,TSH,14,0.00875050350570845,-0.0034256023370627248,True
XGBoost,individual,XGBoost,sigmoid,Cached fitted individual; sigmoid fitted to cached training OOF,10,CV17_THY_CONT_RATIO,Acute_MI,15,0.0075222986577688404,0.0075222986577688404,False
XGBoost,individual,XGBoost,sigmoid,Cached fitted individual; sigmoid fitted to cached training OOF,10,CV17_THY_CONT_RATIO,Smoke,16,0.005342972274964425,-0.002467851383007627,False
XGBoost,individual,XGBoost,sigmoid,Cached fitted individual; sigmoid fitted to cached training OOF,10,CV17_THY_CONT_RATIO,fT3,17,0.0018307980951111896,-0.0009317794896961011,True
XGBoost,individual,XGBoost,sigmoid,Cached fitted individual; sigmoid fitted to cached training OOF,10,CV17_THY_CONT_RATIO,fT3_fT4_ratio,18,0.0016774392685064547,-0.0003409217159718972,True
XGBoost,individual,XGBoost,sigmoid,Cached fitted individual; sigmoid fitted to cached training OOF,10,CV17_THY_CONT_RATIO,Gender,19,0.0,0.0,False
XGBoost,individual,XGBoost,sigmoid,Cached fitted individual; sigmoid fitted to cached training OOF,10,CV17_THY_CONT_RATIO,Previous_PCI,20,0.0,0.0,False
XGBoost,individual,XGBoost,sigmoid,Cached fitted individual; sigmoid fitted to cached training OOF,10,CV17_THY_CONT_RATIO,fT4,21,0.0,0.0,True
diverse,voting,"LogisticRegression,XGBoost,MLP",raw,models/final_h10_CV17_THY_CONT_RATIO_diverse.joblib,10,CV17_THY_CONT_RATIO,Age,1,0.13372014183694372,-0.05342144576743803,False
diverse,voting,"LogisticRegression,XGBoost,MLP",raw,models/final_h10_CV17_THY_CONT_RATIO_diverse.joblib,10,CV17_THY_CONT_RATIO,LVEF,2,0.09335630972953504,0.020433278205190163,False
diverse,voting,"LogisticRegression,XGBoost,MLP",raw,models/final_h10_CV17_THY_CONT_RATIO_diverse.joblib,10,CV17_THY_CONT_RATIO,Diabetes,3,0.056262858462178114,0.011385462622622489,False
diverse,voting,"LogisticRegression,XGBoost,MLP",raw,models/final_h10_CV17_THY_CONT_RATIO_diverse.joblib,10,CV17_THY_CONT_RATIO,Dyslipidemia,4,0.03551185542549515,-0.010312891484262865,False
diverse,voting,"LogisticRegression,XGBoost,MLP",raw,models/final_h10_CV17_THY_CONT_RATIO_diverse.joblib,10,CV17_THY_CONT_RATIO,Vessels,5,0.03269666953040713,-0.014502697609076146,False
diverse,voting,"LogisticRegression,XGBoost,MLP",raw,models/final_h10_CV17_THY_CONT_RATIO_diverse.joblib,10,CV17_THY_CONT_RATIO,PostIsch_DCM,6,0.025585387552566664,0.005033630384316973,False
diverse,voting,"LogisticRegression,XGBoost,MLP",raw,models/final_h10_CV17_THY_CONT_RATIO_diverse.joblib,10,CV17_THY_CONT_RATIO,AFib,7,0.02534543792068965,-0.0018154288304678282,False
diverse,voting,"LogisticRegression,XGBoost,MLP",raw,models/final_h10_CV17_THY_CONT_RATIO_diverse.joblib,10,CV17_THY_CONT_RATIO,Angiography,8,0.02340177410406833,0.003952038058621798,False
diverse,voting,"LogisticRegression,XGBoost,MLP",raw,models/final_h10_CV17_THY_CONT_RATIO_diverse.joblib,10,CV17_THY_CONT_RATIO,Previous_CABG,9,0.022917889855316467,-0.015474354999515896,False
diverse,voting,"LogisticRegression,XGBoost,MLP",raw,models/final_h10_CV17_THY_CONT_RATIO_diverse.joblib,10,CV17_THY_CONT_RATIO,Ischemia,10,0.018538137579502966,0.006019058337940062,False
diverse,voting,"LogisticRegression,XGBoost,MLP",raw,models/final_h10_CV17_THY_CONT_RATIO_diverse.joblib,10,CV17_THY_CONT_RATIO,TSH,11,0.012901725237095048,-0.00542743562535806,True
diverse,voting,"LogisticRegression,XGBoost,MLP",raw,models/final_h10_CV17_THY_CONT_RATIO_diverse.joblib,10,CV17_THY_CONT_RATIO,Angina,12,0.009397225642113812,0.0006782218311957532,False
diverse,voting,"LogisticRegression,XGBoost,MLP",raw,models/final_h10_CV17_THY_CONT_RATIO_diverse.joblib,10,CV17_THY_CONT_RATIO,Acute_MI,13,0.005864931923643489,0.005864931923643489,False
diverse,voting,"LogisticRegression,XGBoost,MLP",raw,models/final_h10_CV17_THY_CONT_RATIO_diverse.joblib,10,CV17_THY_CONT_RATIO,Previous_PCI,14,0.005782625974657318,0.0005332130094155281,False
diverse,voting,"LogisticRegression,XGBoost,MLP",raw,models/final_h10_CV17_THY_CONT_RATIO_diverse.joblib,10,CV17_THY_CONT_RATIO,Gender,15,0.0051537932525919355,-0.002492338727163889,False
diverse,voting,"LogisticRegression,XGBoost,MLP",raw,models/final_h10_CV17_THY_CONT_RATIO_diverse.joblib,10,CV17_THY_CONT_RATIO,Previous_MI,16,0.004130844123207229,0.00020467849716846966,False
diverse,voting,"LogisticRegression,XGBoost,MLP",raw,models/final_h10_CV17_THY_CONT_RATIO_diverse.joblib,10,CV17_THY_CONT_RATIO,Smoke,17,0.004082485134080674,-0.0011185847735539953,False
diverse,voting,"LogisticRegression,XGBoost,MLP",raw,models/final_h10_CV17_THY_CONT_RATIO_diverse.joblib,10,CV17_THY_CONT_RATIO,Hypertension,18,0.004040165591395159,-0.0014567326057989514,False
diverse,voting,"LogisticRegression,XGBoost,MLP",raw,models/final_h10_CV17_THY_CONT_RATIO_diverse.joblib,10,CV17_THY_CONT_RATIO,fT3,19,0.0037242334777133207,-0.002133316793831238,True
diverse,voting,"LogisticRegression,XGBoost,MLP",raw,models/final_h10_CV17_THY_CONT_RATIO_diverse.joblib,10,CV17_THY_CONT_RATIO,fT4,20,0.003361285538394163,-0.00011392522062802292,True
diverse,voting,"LogisticRegression,XGBoost,MLP",raw,models/final_h10_CV17_THY_CONT_RATIO_diverse.joblib,10,CV17_THY_CONT_RATIO,fT3_fT4_ratio,21,0.0013325042296083727,-0.0007138700914247638,True
diverse,voting,"LogisticRegression,XGBoost,MLP",sigmoid,models/final_h10_CV17_THY_CONT_RATIO_diverse.joblib,10,CV17_THY_CONT_RATIO,Age,1,0.15682436176547235,-0.06053935495144422,False
diverse,voting,"LogisticRegression,XGBoost,MLP",sigmoid,models/final_h10_CV17_THY_CONT_RATIO_diverse.joblib,10,CV17_THY_CONT_RATIO,LVEF,2,0.1140765552419377,0.024651885011146596,False
diverse,voting,"LogisticRegression,XGBoost,MLP",sigmoid,models/final_h10_CV17_THY_CONT_RATIO_diverse.joblib,10,CV17_THY_CONT_RATIO,Diabetes,3,0.0670466300044663,0.013761008946779691,False
diverse,voting,"LogisticRegression,XGBoost,MLP",sigmoid,models/final_h10_CV17_THY_CONT_RATIO_diverse.joblib,10,CV17_THY_CONT_RATIO,Dyslipidemia,4,0.0414324573671029,-0.011776596301456615,False
diverse,voting,"LogisticRegression,XGBoost,MLP",sigmoid,models/final_h10_CV17_THY_CONT_RATIO_diverse.joblib,10,CV17_THY_CONT_RATIO,Vessels,5,0.040389872901351674,-0.018434005455001255,False
diverse,voting,"LogisticRegression,XGBoost,MLP",sigmoid,models/final_h10_CV17_THY_CONT_RATIO_diverse.joblib,10,CV17_THY_CONT_RATIO,PostIsch_DCM,6,0.030633875400505724,0.006343913505380207,False
diverse,voting,"LogisticRegression,XGBoost,MLP",sigmoid,models/final_h10_CV17_THY_CONT_RATIO_diverse.joblib,10,CV17_THY_CONT_RATIO,AFib,7,0.02954674357135499,-0.0022749869984537863,False
diverse,voting,"LogisticRegression,XGBoost,MLP",sigmoid,models/final_h10_CV17_THY_CONT_RATIO_diverse.joblib,10,CV17_THY_CONT_RATIO,Angiography,8,0.027756238222863074,0.005800254450249981,False
diverse,voting,"LogisticRegression,XGBoost,MLP",sigmoid,models/final_h10_CV17_THY_CONT_RATIO_diverse.joblib,10,CV17_THY_CONT_RATIO,Previous_CABG,9,0.027691941418401252,-0.018766676065373057,False
diverse,voting,"LogisticRegression,XGBoost,MLP",sigmoid,models/final_h10_CV17_THY_CONT_RATIO_diverse.joblib,10,CV17_THY_CONT_RATIO,Ischemia,10,0.02206571674357238,0.008265398757924636,False
diverse,voting,"LogisticRegression,XGBoost,MLP",sigmoid,models/final_h10_CV17_THY_CONT_RATIO_diverse.joblib,10,CV17_THY_CONT_RATIO,TSH,11,0.015667488243142586,-0.00634078988245511,True
diverse,voting,"LogisticRegression,XGBoost,MLP",sigmoid,models/final_h10_CV17_THY_CONT_RATIO_diverse.joblib,10,CV17_THY_CONT_RATIO,Angina,12,0.011092046716596872,0.0008253203528005965,False
diverse,voting,"LogisticRegression,XGBoost,MLP",sigmoid,models/final_h10_CV17_THY_CONT_RATIO_diverse.joblib,10,CV17_THY_CONT_RATIO,Previous_PCI,13,0.007242792172118829,0.000466902213999139,False
diverse,voting,"LogisticRegression,XGBoost,MLP",sigmoid,models/final_h10_CV17_THY_CONT_RATIO_diverse.joblib,10,CV17_THY_CONT_RATIO,Acute_MI,14,0.0071743103992381934,0.007174310399238193,False
diverse,voting,"LogisticRegression,XGBoost,MLP",sigmoid,models/final_h10_CV17_THY_CONT_RATIO_diverse.joblib,10,CV17_THY_CONT_RATIO,Gender,15,0.006587953518257308,-0.003191978962463841,False
diverse,voting,"LogisticRegression,XGBoost,MLP",sigmoid,models/final_h10_CV17_THY_CONT_RATIO_diverse.joblib,10,CV17_THY_CONT_RATIO,Smoke,16,0.004980759114985263,-0.0013255775601244487,False
diverse,voting,"LogisticRegression,XGBoost,MLP",sigmoid,models/final_h10_CV17_THY_CONT_RATIO_diverse.joblib,10,CV17_THY_CONT_RATIO,Previous_MI,17,0.00469174800938158,0.00017254145810091285,False
diverse,voting,"LogisticRegression,XGBoost,MLP",sigmoid,models/final_h10_CV17_THY_CONT_RATIO_diverse.joblib,10,CV17_THY_CONT_RATIO,fT3,18,0.00465688513841923,-0.0026536211918330582,True
diverse,voting,"LogisticRegression,XGBoost,MLP",sigmoid,models/final_h10_CV17_THY_CONT_RATIO_diverse.joblib,10,CV17_THY_CONT_RATIO,Hypertension,19,0.004605487212117962,-0.0016568305707390244,False
diverse,voting,"LogisticRegression,XGBoost,MLP",sigmoid,models/final_h10_CV17_THY_CONT_RATIO_diverse.joblib,10,CV17_THY_CONT_RATIO,fT4,20,0.0042093605203152576,-0.0001439841100259562,True
diverse,voting,"LogisticRegression,XGBoost,MLP",sigmoid,models/final_h10_CV17_THY_CONT_RATIO_diverse.joblib,10,CV17_THY_CONT_RATIO,fT3_fT4_ratio,21,0.0016727167640634864,-0.0008999126584725892,True
paper,voting,"LogisticRegression,RandomForest,AdaBoost",raw,models/predictive_sensitivity/h10_CV17_THY_CONT_RATIO_paper.joblib,10,CV17_THY_CONT_RATIO,Age,1,0.1103843928204188,-0.035935031525601006,False
paper,voting,"LogisticRegression,RandomForest,AdaBoost",raw,models/predictive_sensitivity/h10_CV17_THY_CONT_RATIO_paper.joblib,10,CV17_THY_CONT_RATIO,LVEF,2,0.07440565924067023,0.018174046274258653,False
paper,voting,"LogisticRegression,RandomForest,AdaBoost",raw,models/predictive_sensitivity/h10_CV17_THY_CONT_RATIO_paper.joblib,10,CV17_THY_CONT_RATIO,Diabetes,3,0.03748651190241128,0.008598984485881037,False
paper,voting,"LogisticRegression,RandomForest,AdaBoost",raw,models/predictive_sensitivity/h10_CV17_THY_CONT_RATIO_paper.joblib,10,CV17_THY_CONT_RATIO,PostIsch_DCM,4,0.019561379580905383,0.0018702018356400486,False
paper,voting,"LogisticRegression,RandomForest,AdaBoost",raw,models/predictive_sensitivity/h10_CV17_THY_CONT_RATIO_paper.joblib,10,CV17_THY_CONT_RATIO,Dyslipidemia,5,0.017687486184069456,-0.005540636293143117,False
paper,voting,"LogisticRegression,RandomForest,AdaBoost",raw,models/predictive_sensitivity/h10_CV17_THY_CONT_RATIO_paper.joblib,10,CV17_THY_CONT_RATIO,AFib,6,0.01741521323146624,-0.0014075019788623564,False
paper,voting,"LogisticRegression,RandomForest,AdaBoost",raw,models/predictive_sensitivity/h10_CV17_THY_CONT_RATIO_paper.joblib,10,CV17_THY_CONT_RATIO,Vessels,7,0.013524794890980204,-0.005953013401008364,False
paper,voting,"LogisticRegression,RandomForest,AdaBoost",raw,models/predictive_sensitivity/h10_CV17_THY_CONT_RATIO_paper.joblib,10,CV17_THY_CONT_RATIO,Previous_CABG,8,0.010366019623420182,-0.006585902273686309,False
paper,voting,"LogisticRegression,RandomForest,AdaBoost",raw,models/predictive_sensitivity/h10_CV17_THY_CONT_RATIO_paper.joblib,10,CV17_THY_CONT_RATIO,Ischemia,9,0.009605761030288094,0.0032566671050892003,False
paper,voting,"LogisticRegression,RandomForest,AdaBoost",raw,models/predictive_sensitivity/h10_CV17_THY_CONT_RATIO_paper.joblib,10,CV17_THY_CONT_RATIO,fT3_fT4_ratio,10,0.009319371170828934,-0.000552046489796204,True
paper,voting,"LogisticRegression,RandomForest,AdaBoost",raw,models/predictive_sensitivity/h10_CV17_THY_CONT_RATIO_paper.joblib,10,CV17_THY_CONT_RATIO,Angiography,11,0.008048393728946179,0.0006457335788868256,False
paper,voting,"LogisticRegression,RandomForest,AdaBoost",raw,models/predictive_sensitivity/h10_CV17_THY_CONT_RATIO_paper.joblib,10,CV17_THY_CONT_RATIO,TSH,12,0.006917422791419559,-0.0023543481876825093,True
paper,voting,"LogisticRegression,RandomForest,AdaBoost",raw,models/predictive_sensitivity/h10_CV17_THY_CONT_RATIO_paper.joblib,10,CV17_THY_CONT_RATIO,fT4,13,0.004044462290659186,-0.0011465951240642886,True
paper,voting,"LogisticRegression,RandomForest,AdaBoost",raw,models/predictive_sensitivity/h10_CV17_THY_CONT_RATIO_paper.joblib,10,CV17_THY_CONT_RATIO,fT3,14,0.003737745537189183,-0.0016619487443307085,True
paper,voting,"LogisticRegression,RandomForest,AdaBoost",raw,models/predictive_sensitivity/h10_CV17_THY_CONT_RATIO_paper.joblib,10,CV17_THY_CONT_RATIO,Hypertension,15,0.0028098758128649454,0.00016988381947969223,False
paper,voting,"LogisticRegression,RandomForest,AdaBoost",raw,models/predictive_sensitivity/h10_CV17_THY_CONT_RATIO_paper.joblib,10,CV17_THY_CONT_RATIO,Previous_MI,16,0.0022859034069331306,-0.0004162287384454547,False
paper,voting,"LogisticRegression,RandomForest,AdaBoost",raw,models/predictive_sensitivity/h10_CV17_THY_CONT_RATIO_paper.joblib,10,CV17_THY_CONT_RATIO,Angina,17,0.001957532148943248,-0.0003714180342801478,False
paper,voting,"LogisticRegression,RandomForest,AdaBoost",raw,models/predictive_sensitivity/h10_CV17_THY_CONT_RATIO_paper.joblib,10,CV17_THY_CONT_RATIO,Acute_MI,18,0.0019220022108808322,0.0019220022108808322,False
paper,voting,"LogisticRegression,RandomForest,AdaBoost",raw,models/predictive_sensitivity/h10_CV17_THY_CONT_RATIO_paper.joblib,10,CV17_THY_CONT_RATIO,Smoke,19,0.0010852998454574287,-0.0005182046964280776,False
paper,voting,"LogisticRegression,RandomForest,AdaBoost",raw,models/predictive_sensitivity/h10_CV17_THY_CONT_RATIO_paper.joblib,10,CV17_THY_CONT_RATIO,Previous_PCI,20,0.0005706104694613594,4.209068658735018e-05,False
paper,voting,"LogisticRegression,RandomForest,AdaBoost",raw,models/predictive_sensitivity/h10_CV17_THY_CONT_RATIO_paper.joblib,10,CV17_THY_CONT_RATIO,Gender,21,0.0005623036328528391,0.00019725181816117744,False
paper,voting,"LogisticRegression,RandomForest,AdaBoost",sigmoid,models/predictive_sensitivity/h10_CV17_THY_CONT_RATIO_paper.joblib,10,CV17_THY_CONT_RATIO,Age,1,0.17232609144915187,-0.053984068531985174,False
paper,voting,"LogisticRegression,RandomForest,AdaBoost",sigmoid,models/predictive_sensitivity/h10_CV17_THY_CONT_RATIO_paper.joblib,10,CV17_THY_CONT_RATIO,LVEF,2,0.11851567115367126,0.02732693689043939,False
paper,voting,"LogisticRegression,RandomForest,AdaBoost",sigmoid,models/predictive_sensitivity/h10_CV17_THY_CONT_RATIO_paper.joblib,10,CV17_THY_CONT_RATIO,Diabetes,3,0.05631785096378919,0.012982743293654767,False
paper,voting,"LogisticRegression,RandomForest,AdaBoost",sigmoid,models/predictive_sensitivity/h10_CV17_THY_CONT_RATIO_paper.joblib,10,CV17_THY_CONT_RATIO,PostIsch_DCM,4,0.030391391479100412,0.0027817755649147294,False
paper,voting,"LogisticRegression,RandomForest,AdaBoost",sigmoid,models/predictive_sensitivity/h10_CV17_THY_CONT_RATIO_paper.joblib,10,CV17_THY_CONT_RATIO,Dyslipidemia,5,0.025698864457177208,-0.008458431919382005,False
paper,voting,"LogisticRegression,RandomForest,AdaBoost",sigmoid,models/predictive_sensitivity/h10_CV17_THY_CONT_RATIO_paper.joblib,10,CV17_THY_CONT_RATIO,AFib,6,0.025035352663146142,-0.002373991537288978,False
paper,voting,"LogisticRegression,RandomForest,AdaBoost",sigmoid,models/predictive_sensitivity/h10_CV17_THY_CONT_RATIO_paper.joblib,10,CV17_THY_CONT_RATIO,Vessels,7,0.021223350191372062,-0.009791812586821031,False
paper,voting,"LogisticRegression,RandomForest,AdaBoost",sigmoid,models/predictive_sensitivity/h10_CV17_THY_CONT_RATIO_paper.joblib,10,CV17_THY_CONT_RATIO,Previous_CABG,8,0.01559783843750839,-0.009840495217133857,False
paper,voting,"LogisticRegression,RandomForest,AdaBoost",sigmoid,models/predictive_sensitivity/h10_CV17_THY_CONT_RATIO_paper.joblib,10,CV17_THY_CONT_RATIO,Ischemia,9,0.014611611562874136,0.006095375819761429,False
paper,voting,"LogisticRegression,RandomForest,AdaBoost",sigmoid,models/predictive_sensitivity/h10_CV17_THY_CONT_RATIO_paper.joblib,10,CV17_THY_CONT_RATIO,fT3_fT4_ratio,10,0.014090249453279295,-0.001176302764139536,True
paper,voting,"LogisticRegression,RandomForest,AdaBoost",sigmoid,models/predictive_sensitivity/h10_CV17_THY_CONT_RATIO_paper.joblib,10,CV17_THY_CONT_RATIO,Angiography,11,0.012157874778553368,0.0015688069133033378,False
paper,voting,"LogisticRegression,RandomForest,AdaBoost",sigmoid,models/predictive_sensitivity/h10_CV17_THY_CONT_RATIO_paper.joblib,10,CV17_THY_CONT_RATIO,TSH,12,0.010567950692801958,-0.0033611258845701805,True
paper,voting,"LogisticRegression,RandomForest,AdaBoost",sigmoid,models/predictive_sensitivity/h10_CV17_THY_CONT_RATIO_paper.joblib,10,CV17_THY_CONT_RATIO,fT4,13,0.005871172570718295,-0.0016730780894563379,True
paper,voting,"LogisticRegression,RandomForest,AdaBoost",sigmoid,models/predictive_sensitivity/h10_CV17_THY_CONT_RATIO_paper.joblib,10,CV17_THY_CONT_RATIO,fT3,14,0.005253012568971024,-0.00210474874740858,True
paper,voting,"LogisticRegression,RandomForest,AdaBoost",sigmoid,models/predictive_sensitivity/h10_CV17_THY_CONT_RATIO_paper.joblib,10,CV17_THY_CONT_RATIO,Hypertension,15,0.004010387481714669,0.00041668503429275307,False
paper,voting,"LogisticRegression,RandomForest,AdaBoost",sigmoid,models/predictive_sensitivity/h10_CV17_THY_CONT_RATIO_paper.joblib,10,CV17_THY_CONT_RATIO,Previous_MI,16,0.0032823118574105492,-0.000747843577287362,False
paper,voting,"LogisticRegression,RandomForest,AdaBoost",sigmoid,models/predictive_sensitivity/h10_CV17_THY_CONT_RATIO_paper.joblib,10,CV17_THY_CONT_RATIO,Angina,17,0.0028371667543616846,-0.0005635083338507473,False
paper,voting,"LogisticRegression,RandomForest,AdaBoost",sigmoid,models/predictive_sensitivity/h10_CV17_THY_CONT_RATIO_paper.joblib,10,CV17_THY_CONT_RATIO,Acute_MI,18,0.002829465454019214,0.0028294654540192135,False
paper,voting,"LogisticRegression,RandomForest,AdaBoost",sigmoid,models/predictive_sensitivity/h10_CV17_THY_CONT_RATIO_paper.joblib,10,CV17_THY_CONT_RATIO,Smoke,19,0.0016050463835144972,-0.0008088956689427559,False
paper,voting,"LogisticRegression,RandomForest,AdaBoost",sigmoid,models/predictive_sensitivity/h10_CV17_THY_CONT_RATIO_paper.joblib,10,CV17_THY_CONT_RATIO,Previous_PCI,20,0.000921218277749424,-2.3762588647040502e-05,False
paper,voting,"LogisticRegression,RandomForest,AdaBoost",sigmoid,models/predictive_sensitivity/h10_CV17_THY_CONT_RATIO_paper.joblib,10,CV17_THY_CONT_RATIO,Gender,21,0.0006555276919860084,7.574507138914659e-05,False
top3_train_cv,voting,"RandomForest,LogisticRegression,SVC",raw,models/predictive_sensitivity/h10_CV17_THY_CONT_RATIO_top3_train_cv.joblib,10,CV17_THY_CONT_RATIO,Age,1,0.12595984445474873,-0.04326972231584415,False
top3_train_cv,voting,"RandomForest,LogisticRegression,SVC",raw,models/predictive_sensitivity/h10_CV17_THY_CONT_RATIO_top3_train_cv.joblib,10,CV17_THY_CONT_RATIO,LVEF,2,0.09404321486764053,0.024447156453941347,False
top3_train_cv,voting,"RandomForest,LogisticRegression,SVC",raw,models/predictive_sensitivity/h10_CV17_THY_CONT_RATIO_top3_train_cv.joblib,10,CV17_THY_CONT_RATIO,Diabetes,3,0.05305217350956258,0.011602112323816974,False
top3_train_cv,voting,"RandomForest,LogisticRegression,SVC",raw,models/predictive_sensitivity/h10_CV17_THY_CONT_RATIO_top3_train_cv.joblib,10,CV17_THY_CONT_RATIO,Dyslipidemia,4,0.034826790680140475,-0.010007457154623456,False
top3_train_cv,voting,"RandomForest,LogisticRegression,SVC",raw,models/predictive_sensitivity/h10_CV17_THY_CONT_RATIO_top3_train_cv.joblib,10,CV17_THY_CONT_RATIO,PostIsch_DCM,5,0.03261796316006377,0.00412934278730089,False
top3_train_cv,voting,"RandomForest,LogisticRegression,SVC",raw,models/predictive_sensitivity/h10_CV17_THY_CONT_RATIO_top3_train_cv.joblib,10,CV17_THY_CONT_RATIO,AFib,6,0.0318789456073606,-0.0029131122670522916,False
top3_train_cv,voting,"RandomForest,LogisticRegression,SVC",raw,models/predictive_sensitivity/h10_CV17_THY_CONT_RATIO_top3_train_cv.joblib,10,CV17_THY_CONT_RATIO,Previous_CABG,7,0.02610141231655329,-0.016687737877036656,False
top3_train_cv,voting,"RandomForest,LogisticRegression,SVC",raw,models/predictive_sensitivity/h10_CV17_THY_CONT_RATIO_top3_train_cv.joblib,10,CV17_THY_CONT_RATIO,Vessels,8,0.024816419727086137,-0.010894049149292762,False
top3_train_cv,voting,"RandomForest,LogisticRegression,SVC",raw,models/predictive_sensitivity/h10_CV17_THY_CONT_RATIO_top3_train_cv.joblib,10,CV17_THY_CONT_RATIO,Angiography,9,0.018229220938086807,0.0019866565029494723,False
top3_train_cv,voting,"RandomForest,LogisticRegression,SVC",raw,models/predictive_sensitivity/h10_CV17_THY_CONT_RATIO_top3_train_cv.joblib,10,CV17_THY_CONT_RATIO,Ischemia,10,0.015878681382209346,0.005647166908249121,False
top3_train_cv,voting,"RandomForest,LogisticRegression,SVC",raw,models/predictive_sensitivity/h10_CV17_THY_CONT_RATIO_top3_train_cv.joblib,10,CV17_THY_CONT_RATIO,Previous_MI,11,0.009483817489001177,-0.002035394366662519,False
top3_train_cv,voting,"RandomForest,LogisticRegression,SVC",raw,models/predictive_sensitivity/h10_CV17_THY_CONT_RATIO_top3_train_cv.joblib,10,CV17_THY_CONT_RATIO,TSH,12,0.009248735787596801,-0.0031518161283419837,True
top3_train_cv,voting,"RandomForest,LogisticRegression,SVC",raw,models/predictive_sensitivity/h10_CV17_THY_CONT_RATIO_top3_train_cv.joblib,10,CV17_THY_CONT_RATIO,Angina,13,0.008442922511422132,-0.001169726710485458,False
top3_train_cv,voting,"RandomForest,LogisticRegression,SVC",raw,models/predictive_sensitivity/h10_CV17_THY_CONT_RATIO_top3_train_cv.joblib,10,CV17_THY_CONT_RATIO,fT3_fT4_ratio,14,0.00842043908473939,-0.000751721328502479,True
top3_train_cv,voting,"RandomForest,LogisticRegression,SVC",raw,models/predictive_sensitivity/h10_CV17_THY_CONT_RATIO_top3_train_cv.joblib,10,CV17_THY_CONT_RATIO,Hypertension,15,0.006435721036405738,0.0004108580712036448,False
top3_train_cv,voting,"RandomForest,LogisticRegression,SVC",raw,models/predictive_sensitivity/h10_CV17_THY_CONT_RATIO_top3_train_cv.joblib,10,CV17_THY_CONT_RATIO,Smoke,16,0.0063406855868673945,-0.002941992939856467,False
top3_train_cv,voting,"RandomForest,LogisticRegression,SVC",raw,models/predictive_sensitivity/h10_CV17_THY_CONT_RATIO_top3_train_cv.joblib,10,CV17_THY_CONT_RATIO,fT4,17,0.006327340155401131,0.0004881042689249531,True
top3_train_cv,voting,"RandomForest,LogisticRegression,SVC",raw,models/predictive_sensitivity/h10_CV17_THY_CONT_RATIO_top3_train_cv.joblib,10,CV17_THY_CONT_RATIO,Acute_MI,18,0.005430746489839066,0.005430746489839066,False
top3_train_cv,voting,"RandomForest,LogisticRegression,SVC",raw,models/predictive_sensitivity/h10_CV17_THY_CONT_RATIO_top3_train_cv.joblib,10,CV17_THY_CONT_RATIO,fT3,19,0.004173075451147271,-0.0018156273553287608,True
top3_train_cv,voting,"RandomForest,LogisticRegression,SVC",raw,models/predictive_sensitivity/h10_CV17_THY_CONT_RATIO_top3_train_cv.joblib,10,CV17_THY_CONT_RATIO,Previous_PCI,20,0.0016069636228979692,0.0002604436984434635,False
top3_train_cv,voting,"RandomForest,LogisticRegression,SVC",raw,models/predictive_sensitivity/h10_CV17_THY_CONT_RATIO_top3_train_cv.joblib,10,CV17_THY_CONT_RATIO,Gender,21,0.0007171867208109348,0.000282311378573022,False
top3_train_cv,voting,"RandomForest,LogisticRegression,SVC",sigmoid,models/predictive_sensitivity/h10_CV17_THY_CONT_RATIO_top3_train_cv.joblib,10,CV17_THY_CONT_RATIO,Age,1,0.14502190568160278,-0.048702615366949885,False
top3_train_cv,voting,"RandomForest,LogisticRegression,SVC",sigmoid,models/predictive_sensitivity/h10_CV17_THY_CONT_RATIO_top3_train_cv.joblib,10,CV17_THY_CONT_RATIO,LVEF,2,0.11259900445048071,0.028882546540843483,False
top3_train_cv,voting,"RandomForest,LogisticRegression,SVC",sigmoid,models/predictive_sensitivity/h10_CV17_THY_CONT_RATIO_top3_train_cv.joblib,10,CV17_THY_CONT_RATIO,Diabetes,3,0.061243415349382824,0.013245257751781547,False
top3_train_cv,voting,"RandomForest,LogisticRegression,SVC",sigmoid,models/predictive_sensitivity/h10_CV17_THY_CONT_RATIO_top3_train_cv.joblib,10,CV17_THY_CONT_RATIO,Dyslipidemia,4,0.03968305970610199,-0.011754791405904264,False
top3_train_cv,voting,"RandomForest,LogisticRegression,SVC",sigmoid,models/predictive_sensitivity/h10_CV17_THY_CONT_RATIO_top3_train_cv.joblib,10,CV17_THY_CONT_RATIO,PostIsch_DCM,5,0.0391572087961274,0.004932593093176583,False
top3_train_cv,voting,"RandomForest,LogisticRegression,SVC",sigmoid,models/predictive_sensitivity/h10_CV17_THY_CONT_RATIO_top3_train_cv.joblib,10,CV17_THY_CONT_RATIO,AFib,6,0.03645905534014701,-0.0037253579591000514,False
top3_train_cv,voting,"RandomForest,LogisticRegression,SVC",sigmoid,models/predictive_sensitivity/h10_CV17_THY_CONT_RATIO_top3_train_cv.joblib,10,CV17_THY_CONT_RATIO,Previous_CABG,7,0.030880891229205835,-0.01970374847878202,False
top3_train_cv,voting,"RandomForest,LogisticRegression,SVC",sigmoid,models/predictive_sensitivity/h10_CV17_THY_CONT_RATIO_top3_train_cv.joblib,10,CV17_THY_CONT_RATIO,Vessels,8,0.02961338342122933,-0.013274548994678807,False
top3_train_cv,voting,"RandomForest,LogisticRegression,SVC",sigmoid,models/predictive_sensitivity/h10_CV17_THY_CONT_RATIO_top3_train_cv.joblib,10,CV17_THY_CONT_RATIO,Angiography,9,0.021022827079887826,0.002950778468679652,False
top3_train_cv,voting,"RandomForest,LogisticRegression,SVC",sigmoid,models/predictive_sensitivity/h10_CV17_THY_CONT_RATIO_top3_train_cv.joblib,10,CV17_THY_CONT_RATIO,Ischemia,10,0.01864355021648704,0.007573090680519369,False
top3_train_cv,voting,"RandomForest,LogisticRegression,SVC",sigmoid,models/predictive_sensitivity/h10_CV17_THY_CONT_RATIO_top3_train_cv.joblib,10,CV17_THY_CONT_RATIO,Previous_MI,11,0.011098073862975226,-0.002703179080458343,False
top3_train_cv,voting,"RandomForest,LogisticRegression,SVC",sigmoid,models/predictive_sensitivity/h10_CV17_THY_CONT_RATIO_top3_train_cv.joblib,10,CV17_THY_CONT_RATIO,TSH,12,0.010955453247696955,-0.00371985285152834,True
top3_train_cv,voting,"RandomForest,LogisticRegression,SVC",sigmoid,models/predictive_sensitivity/h10_CV17_THY_CONT_RATIO_top3_train_cv.joblib,10,CV17_THY_CONT_RATIO,fT3_fT4_ratio,13,0.00987277220922799,-0.0011463190521311044,True
top3_train_cv,voting,"RandomForest,LogisticRegression,SVC",sigmoid,models/predictive_sensitivity/h10_CV17_THY_CONT_RATIO_top3_train_cv.joblib,10,CV17_THY_CONT_RATIO,Angina,14,0.00974137705247077,-0.0014260040126079082,False
top3_train_cv,voting,"RandomForest,LogisticRegression,SVC",sigmoid,models/predictive_sensitivity/h10_CV17_THY_CONT_RATIO_top3_train_cv.joblib,10,CV17_THY_CONT_RATIO,Smoke,15,0.007378640048216994,-0.0035161366040806514,False
top3_train_cv,voting,"RandomForest,LogisticRegression,SVC",sigmoid,models/predictive_sensitivity/h10_CV17_THY_CONT_RATIO_top3_train_cv.joblib,10,CV17_THY_CONT_RATIO,fT4,16,0.007321735442734684,0.0005520619842108247,True
top3_train_cv,voting,"RandomForest,LogisticRegression,SVC",sigmoid,models/predictive_sensitivity/h10_CV17_THY_CONT_RATIO_top3_train_cv.joblib,10,CV17_THY_CONT_RATIO,Hypertension,17,0.00729343161208516,0.0006563580951782497,False
top3_train_cv,voting,"RandomForest,LogisticRegression,SVC",sigmoid,models/predictive_sensitivity/h10_CV17_THY_CONT_RATIO_top3_train_cv.joblib,10,CV17_THY_CONT_RATIO,Acute_MI,18,0.006459726312549105,0.006459726312549106,False
top3_train_cv,voting,"RandomForest,LogisticRegression,SVC",sigmoid,models/predictive_sensitivity/h10_CV17_THY_CONT_RATIO_top3_train_cv.joblib,10,CV17_THY_CONT_RATIO,fT3,19,0.004653537777992572,-0.0018723098578841,True
top3_train_cv,voting,"RandomForest,LogisticRegression,SVC",sigmoid,models/predictive_sensitivity/h10_CV17_THY_CONT_RATIO_top3_train_cv.joblib,10,CV17_THY_CONT_RATIO,Previous_PCI,20,0.0018824285930147868,0.0002065223969095783,False
top3_train_cv,voting,"RandomForest,LogisticRegression,SVC",sigmoid,models/predictive_sensitivity/h10_CV17_THY_CONT_RATIO_top3_train_cv.joblib,10,CV17_THY_CONT_RATIO,Gender,21,0.0007006681366189434,0.00019869602866529995,False
paper_locked,voting,"LogisticRegression,RandomForest,AdaBoost",raw,models/final_h10_CV17_THY_CONT_RATIO_paper_locked.joblib,10,CV17_THY_CONT_RATIO,Age,1,0.09129602524981788,-0.02857861126624091,False
paper_locked,voting,"LogisticRegression,RandomForest,AdaBoost",raw,models/final_h10_CV17_THY_CONT_RATIO_paper_locked.joblib,10,CV17_THY_CONT_RATIO,LVEF,2,0.061928286972488616,0.015631525818214535,False
paper_locked,voting,"LogisticRegression,RandomForest,AdaBoost",raw,models/final_h10_CV17_THY_CONT_RATIO_paper_locked.joblib,10,CV17_THY_CONT_RATIO,Diabetes,3,0.02692872869141694,0.0063979679345144355,False
paper_locked,voting,"LogisticRegression,RandomForest,AdaBoost",raw,models/final_h10_CV17_THY_CONT_RATIO_paper_locked.joblib,10,CV17_THY_CONT_RATIO,PostIsch_DCM,4,0.018223302760964837,0.0012497135523899317,False
paper_locked,voting,"LogisticRegression,RandomForest,AdaBoost",raw,models/final_h10_CV17_THY_CONT_RATIO_paper_locked.joblib,10,CV17_THY_CONT_RATIO,Dyslipidemia,5,0.016274207519267433,-0.005462980833817691,False
paper_locked,voting,"LogisticRegression,RandomForest,AdaBoost",raw,models/final_h10_CV17_THY_CONT_RATIO_paper_locked.joblib,10,CV17_THY_CONT_RATIO,AFib,6,0.016097357861989077,-0.0011838920086106042,False
paper_locked,voting,"LogisticRegression,RandomForest,AdaBoost",raw,models/final_h10_CV17_THY_CONT_RATIO_paper_locked.joblib,10,CV17_THY_CONT_RATIO,Vessels,7,0.011599123877470464,-0.005180640255676089,False
paper_locked,voting,"LogisticRegression,RandomForest,AdaBoost",raw,models/final_h10_CV17_THY_CONT_RATIO_paper_locked.joblib,10,CV17_THY_CONT_RATIO,fT3_fT4_ratio,8,0.010404788236829159,-0.0010846386822735113,True
paper_locked,voting,"LogisticRegression,RandomForest,AdaBoost",raw,models/final_h10_CV17_THY_CONT_RATIO_paper_locked.joblib,10,CV17_THY_CONT_RATIO,Ischemia,9,0.008528551395086296,0.002721422887476241,False
paper_locked,voting,"LogisticRegression,RandomForest,AdaBoost",raw,models/final_h10_CV17_THY_CONT_RATIO_paper_locked.joblib,10,CV17_THY_CONT_RATIO,Previous_CABG,10,0.0080087037000571,-0.0049780059878778895,False
paper_locked,voting,"LogisticRegression,RandomForest,AdaBoost",raw,models/final_h10_CV17_THY_CONT_RATIO_paper_locked.joblib,10,CV17_THY_CONT_RATIO,Angiography,11,0.006940159609181396,0.00033584343374621175,False
paper_locked,voting,"LogisticRegression,RandomForest,AdaBoost",raw,models/final_h10_CV17_THY_CONT_RATIO_paper_locked.joblib,10,CV17_THY_CONT_RATIO,TSH,12,0.006786257557360148,-0.0025218857525505464,True
paper_locked,voting,"LogisticRegression,RandomForest,AdaBoost",raw,models/final_h10_CV17_THY_CONT_RATIO_paper_locked.joblib,10,CV17_THY_CONT_RATIO,Hypertension,13,0.00676893369503803,0.0003403380914128556,False
paper_locked,voting,"LogisticRegression,RandomForest,AdaBoost",raw,models/final_h10_CV17_THY_CONT_RATIO_paper_locked.joblib,10,CV17_THY_CONT_RATIO,Smoke,14,0.005806712899874743,-0.0026831160205169962,False
paper_locked,voting,"LogisticRegression,RandomForest,AdaBoost",raw,models/final_h10_CV17_THY_CONT_RATIO_paper_locked.joblib,10,CV17_THY_CONT_RATIO,Previous_MI,15,0.004986512658459293,-0.0008941428542645179,False
paper_locked,voting,"LogisticRegression,RandomForest,AdaBoost",raw,models/final_h10_CV17_THY_CONT_RATIO_paper_locked.joblib,10,CV17_THY_CONT_RATIO,fT4,16,0.004416558697027849,-0.0008951872017471956,True
paper_locked,voting,"LogisticRegression,RandomForest,AdaBoost",raw,models/final_h10_CV17_THY_CONT_RATIO_paper_locked.joblib,10,CV17_THY_CONT_RATIO,Gender,17,0.004132849410128559,0.002183042924689432,False
paper_locked,voting,"LogisticRegression,RandomForest,AdaBoost",raw,models/final_h10_CV17_THY_CONT_RATIO_paper_locked.joblib,10,CV17_THY_CONT_RATIO,fT3,18,0.003670972935746412,-0.001716819950227255,True
paper_locked,voting,"LogisticRegression,RandomForest,AdaBoost",raw,models/final_h10_CV17_THY_CONT_RATIO_paper_locked.joblib,10,CV17_THY_CONT_RATIO,Angina,19,0.0029775098474399504,-0.0006394221627139445,False
paper_locked,voting,"LogisticRegression,RandomForest,AdaBoost",raw,models/final_h10_CV17_THY_CONT_RATIO_paper_locked.joblib,10,CV17_THY_CONT_RATIO,Acute_MI,20,0.0010388047753159858,0.0010388047753159858,False
paper_locked,voting,"LogisticRegression,RandomForest,AdaBoost",raw,models/final_h10_CV17_THY_CONT_RATIO_paper_locked.joblib,10,CV17_THY_CONT_RATIO,Previous_PCI,21,0.0008313386282372407,-0.0002197043282671045,False
paper_locked,voting,"LogisticRegression,RandomForest,AdaBoost",sigmoid,models/final_h10_CV17_THY_CONT_RATIO_paper_locked.joblib,10,CV17_THY_CONT_RATIO,Age,1,0.17120919613153407,-0.051949504367047636,False
paper_locked,voting,"LogisticRegression,RandomForest,AdaBoost",sigmoid,models/final_h10_CV17_THY_CONT_RATIO_paper_locked.joblib,10,CV17_THY_CONT_RATIO,LVEF,2,0.11469896592863199,0.027257190272250775,False
paper_locked,voting,"LogisticRegression,RandomForest,AdaBoost",sigmoid,models/final_h10_CV17_THY_CONT_RATIO_paper_locked.joblib,10,CV17_THY_CONT_RATIO,Diabetes,3,0.04646939848749901,0.010921281802436508,False
paper_locked,voting,"LogisticRegression,RandomForest,AdaBoost",sigmoid,models/final_h10_CV17_THY_CONT_RATIO_paper_locked.joblib,10,CV17_THY_CONT_RATIO,PostIsch_DCM,4,0.03218634660798772,0.002039967669575015,False
paper_locked,voting,"LogisticRegression,RandomForest,AdaBoost",sigmoid,models/final_h10_CV17_THY_CONT_RATIO_paper_locked.joblib,10,CV17_THY_CONT_RATIO,Dyslipidemia,5,0.026810546807391818,-0.009100966130333156,False
paper_locked,voting,"LogisticRegression,RandomForest,AdaBoost",sigmoid,models/final_h10_CV17_THY_CONT_RATIO_paper_locked.joblib,10,CV17_THY_CONT_RATIO,AFib,6,0.026465738621480633,-0.002243273151774777,False
paper_locked,voting,"LogisticRegression,RandomForest,AdaBoost",sigmoid,models/final_h10_CV17_THY_CONT_RATIO_paper_locked.joblib,10,CV17_THY_CONT_RATIO,Vessels,7,0.020912713692819808,-0.010030048589842872,False
paper_locked,voting,"LogisticRegression,RandomForest,AdaBoost",sigmoid,models/final_h10_CV17_THY_CONT_RATIO_paper_locked.joblib,10,CV17_THY_CONT_RATIO,fT3_fT4_ratio,8,0.01806016041167309,-0.0017079594723995487,True
paper_locked,voting,"LogisticRegression,RandomForest,AdaBoost",sigmoid,models/final_h10_CV17_THY_CONT_RATIO_paper_locked.joblib,10,CV17_THY_CONT_RATIO,Ischemia,9,0.014518426987287414,0.005969380870413677,False
paper_locked,voting,"LogisticRegression,RandomForest,AdaBoost",sigmoid,models/final_h10_CV17_THY_CONT_RATIO_paper_locked.joblib,10,CV17_THY_CONT_RATIO,Previous_CABG,10,0.013641206274288685,-0.008496036017677568,False
paper_locked,voting,"LogisticRegression,RandomForest,AdaBoost",sigmoid,models/final_h10_CV17_THY_CONT_RATIO_paper_locked.joblib,10,CV17_THY_CONT_RATIO,TSH,11,0.01178143404741893,-0.003809541447741379,True
paper_locked,voting,"LogisticRegression,RandomForest,AdaBoost",sigmoid,models/final_h10_CV17_THY_CONT_RATIO_paper_locked.joblib,10,CV17_THY_CONT_RATIO,Angiography,12,0.01175141854005045,0.0012881371265413555,False
paper_locked,voting,"LogisticRegression,RandomForest,AdaBoost",sigmoid,models/final_h10_CV17_THY_CONT_RATIO_paper_locked.joblib,10,CV17_THY_CONT_RATIO,Hypertension,13,0.011041341773300356,0.0010018911372415406,False
paper_locked,voting,"LogisticRegression,RandomForest,AdaBoost",sigmoid,models/final_h10_CV17_THY_CONT_RATIO_paper_locked.joblib,10,CV17_THY_CONT_RATIO,Smoke,14,0.009482320398958927,-0.004580152909772073,False
paper_locked,voting,"LogisticRegression,RandomForest,AdaBoost",sigmoid,models/final_h10_CV17_THY_CONT_RATIO_paper_locked.joblib,10,CV17_THY_CONT_RATIO,Previous_MI,15,0.008474266800562938,-0.0019067360240912052,False
paper_locked,voting,"LogisticRegression,RandomForest,AdaBoost",sigmoid,models/final_h10_CV17_THY_CONT_RATIO_paper_locked.joblib,10,CV17_THY_CONT_RATIO,fT4,16,0.007612401672771156,-0.001212911375519366,True
paper_locked,voting,"LogisticRegression,RandomForest,AdaBoost",sigmoid,models/final_h10_CV17_THY_CONT_RATIO_paper_locked.joblib,10,CV17_THY_CONT_RATIO,Gender,17,0.00647433790630492,0.0031668540152396795,False
paper_locked,voting,"LogisticRegression,RandomForest,AdaBoost",sigmoid,models/final_h10_CV17_THY_CONT_RATIO_paper_locked.joblib,10,CV17_THY_CONT_RATIO,fT3,18,0.005929469647835343,-0.0023332233431602465,True
paper_locked,voting,"LogisticRegression,RandomForest,AdaBoost",sigmoid,models/final_h10_CV17_THY_CONT_RATIO_paper_locked.joblib,10,CV17_THY_CONT_RATIO,Angina,19,0.004921576040966781,-0.0009724120549383136,False
paper_locked,voting,"LogisticRegression,RandomForest,AdaBoost",sigmoid,models/final_h10_CV17_THY_CONT_RATIO_paper_locked.joblib,10,CV17_THY_CONT_RATIO,Acute_MI,20,0.0017118573492365353,0.0017118573492365353,False
paper_locked,voting,"LogisticRegression,RandomForest,AdaBoost",sigmoid,models/final_h10_CV17_THY_CONT_RATIO_paper_locked.joblib,10,CV17_THY_CONT_RATIO,Previous_PCI,21,0.001462895136823429,-0.0002198339835844055,False
own,stacking,"LogisticRegression,SVC,AdaBoost",raw,models/stacking_sensitivity/h10_CV17_THY_CONT_RATIO_own.joblib,10,CV17_THY_CONT_RATIO,Age,1,0.16249422158405788,-0.05843689479656851,False
own,stacking,"LogisticRegression,SVC,AdaBoost",raw,models/stacking_sensitivity/h10_CV17_THY_CONT_RATIO_own.joblib,10,CV17_THY_CONT_RATIO,LVEF,2,0.1260123865005584,0.026168914238419896,False
own,stacking,"LogisticRegression,SVC,AdaBoost",raw,models/stacking_sensitivity/h10_CV17_THY_CONT_RATIO_own.joblib,10,CV17_THY_CONT_RATIO,Diabetes,3,0.06499898592409889,0.014254283310037363,False
own,stacking,"LogisticRegression,SVC,AdaBoost",raw,models/stacking_sensitivity/h10_CV17_THY_CONT_RATIO_own.joblib,10,CV17_THY_CONT_RATIO,Dyslipidemia,4,0.032360170032591645,-0.00822683141012483,False
own,stacking,"LogisticRegression,SVC,AdaBoost",raw,models/stacking_sensitivity/h10_CV17_THY_CONT_RATIO_own.joblib,10,CV17_THY_CONT_RATIO,AFib,5,0.029975105229637054,-0.0033739857788578275,False
own,stacking,"LogisticRegression,SVC,AdaBoost",raw,models/stacking_sensitivity/h10_CV17_THY_CONT_RATIO_own.joblib,10,CV17_THY_CONT_RATIO,PostIsch_DCM,6,0.028697751311071863,0.004020531855324013,False
own,stacking,"LogisticRegression,SVC,AdaBoost",raw,models/stacking_sensitivity/h10_CV17_THY_CONT_RATIO_own.joblib,10,CV17_THY_CONT_RATIO,Previous_CABG,7,0.02362719624407872,-0.015066028696108768,False
own,stacking,"LogisticRegression,SVC,AdaBoost",raw,models/stacking_sensitivity/h10_CV17_THY_CONT_RATIO_own.joblib,10,CV17_THY_CONT_RATIO,Vessels,8,0.023313920814372856,-0.01058482068561592,False
own,stacking,"LogisticRegression,SVC,AdaBoost",raw,models/stacking_sensitivity/h10_CV17_THY_CONT_RATIO_own.joblib,10,CV17_THY_CONT_RATIO,Ischemia,9,0.0167401383489491,0.006509765767339045,False
own,stacking,"LogisticRegression,SVC,AdaBoost",raw,models/stacking_sensitivity/h10_CV17_THY_CONT_RATIO_own.joblib,10,CV17_THY_CONT_RATIO,Angiography,10,0.01637175269495306,0.0026576710016802847,False
own,stacking,"LogisticRegression,SVC,AdaBoost",raw,models/stacking_sensitivity/h10_CV17_THY_CONT_RATIO_own.joblib,10,CV17_THY_CONT_RATIO,TSH,11,0.007568821678479384,-0.0020811426535546017,True
own,stacking,"LogisticRegression,SVC,AdaBoost",raw,models/stacking_sensitivity/h10_CV17_THY_CONT_RATIO_own.joblib,10,CV17_THY_CONT_RATIO,Angina,12,0.006460439009953737,-0.0006466687995960482,False
own,stacking,"LogisticRegression,SVC,AdaBoost",raw,models/stacking_sensitivity/h10_CV17_THY_CONT_RATIO_own.joblib,10,CV17_THY_CONT_RATIO,fT3_fT4_ratio,13,0.006234161591764973,-8.664512555654432e-05,True
own,stacking,"LogisticRegression,SVC,AdaBoost",raw,models/stacking_sensitivity/h10_CV17_THY_CONT_RATIO_own.joblib,10,CV17_THY_CONT_RATIO,Previous_MI,14,0.006059793507914826,-0.0015073978479381925,False
own,stacking,"LogisticRegression,SVC,AdaBoost",raw,models/stacking_sensitivity/h10_CV17_THY_CONT_RATIO_own.joblib,10,CV17_THY_CONT_RATIO,Acute_MI,15,0.005068726151679959,0.005068726151679959,False
own,stacking,"LogisticRegression,SVC,AdaBoost",raw,models/stacking_sensitivity/h10_CV17_THY_CONT_RATIO_own.joblib,10,CV17_THY_CONT_RATIO,Hypertension,16,0.004365697303146824,0.0004227237329535873,False
own,stacking,"LogisticRegression,SVC,AdaBoost",raw,models/stacking_sensitivity/h10_CV17_THY_CONT_RATIO_own.joblib,10,CV17_THY_CONT_RATIO,fT4,17,0.0042568126983664615,0.0007419773874295938,True
own,stacking,"LogisticRegression,SVC,AdaBoost",raw,models/stacking_sensitivity/h10_CV17_THY_CONT_RATIO_own.joblib,10,CV17_THY_CONT_RATIO,Smoke,18,0.003647759013651712,-0.0016631736542743237,False
own,stacking,"LogisticRegression,SVC,AdaBoost",raw,models/stacking_sensitivity/h10_CV17_THY_CONT_RATIO_own.joblib,10,CV17_THY_CONT_RATIO,Previous_PCI,19,0.0013292498568930034,0.00021610098959101343,False
own,stacking,"LogisticRegression,SVC,AdaBoost",raw,models/stacking_sensitivity/h10_CV17_THY_CONT_RATIO_own.joblib,10,CV17_THY_CONT_RATIO,fT3,20,0.0011617640647484907,-0.0006786744303138882,True
own,stacking,"LogisticRegression,SVC,AdaBoost",raw,models/stacking_sensitivity/h10_CV17_THY_CONT_RATIO_own.joblib,10,CV17_THY_CONT_RATIO,Gender,21,0.0001787687974286644,6.206224246669047e-05,False
own,stacking,"LogisticRegression,SVC,AdaBoost",sigmoid,models/stacking_sensitivity/h10_CV17_THY_CONT_RATIO_own.joblib,10,CV17_THY_CONT_RATIO,Age,1,0.15859278006591776,-0.05720143364175162,False
own,stacking,"LogisticRegression,SVC,AdaBoost",sigmoid,models/stacking_sensitivity/h10_CV17_THY_CONT_RATIO_own.joblib,10,CV17_THY_CONT_RATIO,LVEF,2,0.12352405011793563,0.025686493528362206,False
own,stacking,"LogisticRegression,SVC,AdaBoost",sigmoid,models/stacking_sensitivity/h10_CV17_THY_CONT_RATIO_own.joblib,10,CV17_THY_CONT_RATIO,Diabetes,3,0.06370626434385776,0.013881839986967275,False
own,stacking,"LogisticRegression,SVC,AdaBoost",sigmoid,models/stacking_sensitivity/h10_CV17_THY_CONT_RATIO_own.joblib,10,CV17_THY_CONT_RATIO,Dyslipidemia,4,0.03171432560435513,-0.008139012957303685,False
own,stacking,"LogisticRegression,SVC,AdaBoost",sigmoid,models/stacking_sensitivity/h10_CV17_THY_CONT_RATIO_own.joblib,10,CV17_THY_CONT_RATIO,AFib,5,0.02945137465707985,-0.0033527758055750157,False
own,stacking,"LogisticRegression,SVC,AdaBoost",sigmoid,models/stacking_sensitivity/h10_CV17_THY_CONT_RATIO_own.joblib,10,CV17_THY_CONT_RATIO,PostIsch_DCM,6,0.028277867344726187,0.003931449608948427,False
own,stacking,"LogisticRegression,SVC,AdaBoost",sigmoid,models/stacking_sensitivity/h10_CV17_THY_CONT_RATIO_own.joblib,10,CV17_THY_CONT_RATIO,Previous_CABG,7,0.02317996010022936,-0.01482297114258709,False
own,stacking,"LogisticRegression,SVC,AdaBoost",sigmoid,models/stacking_sensitivity/h10_CV17_THY_CONT_RATIO_own.joblib,10,CV17_THY_CONT_RATIO,Vessels,8,0.022819057546391935,-0.010345528567041719,False
own,stacking,"LogisticRegression,SVC,AdaBoost",sigmoid,models/stacking_sensitivity/h10_CV17_THY_CONT_RATIO_own.joblib,10,CV17_THY_CONT_RATIO,Ischemia,9,0.01642750324224829,0.006364719212937872,False
own,stacking,"LogisticRegression,SVC,AdaBoost",sigmoid,models/stacking_sensitivity/h10_CV17_THY_CONT_RATIO_own.joblib,10,CV17_THY_CONT_RATIO,Angiography,10,0.01602737153094507,0.0025884202686617106,False
own,stacking,"LogisticRegression,SVC,AdaBoost",sigmoid,models/stacking_sensitivity/h10_CV17_THY_CONT_RATIO_own.joblib,10,CV17_THY_CONT_RATIO,TSH,11,0.007465184377527256,-0.002065681664100559,True
own,stacking,"LogisticRegression,SVC,AdaBoost",sigmoid,models/stacking_sensitivity/h10_CV17_THY_CONT_RATIO_own.joblib,10,CV17_THY_CONT_RATIO,Angina,12,0.0063226287903833615,-0.0006577409265329991,False
own,stacking,"LogisticRegression,SVC,AdaBoost",sigmoid,models/stacking_sensitivity/h10_CV17_THY_CONT_RATIO_own.joblib,10,CV17_THY_CONT_RATIO,fT3_fT4_ratio,13,0.006163985521385373,-9.971222230013174e-05,True
own,stacking,"LogisticRegression,SVC,AdaBoost",sigmoid,models/stacking_sensitivity/h10_CV17_THY_CONT_RATIO_own.joblib,10,CV17_THY_CONT_RATIO,Previous_MI,14,0.005936625669007293,-0.0014888173336890817,False
own,stacking,"LogisticRegression,SVC,AdaBoost",sigmoid,models/stacking_sensitivity/h10_CV17_THY_CONT_RATIO_own.joblib,10,CV17_THY_CONT_RATIO,Acute_MI,15,0.00497549628570472,0.00497549628570472,False
own,stacking,"LogisticRegression,SVC,AdaBoost",sigmoid,models/stacking_sensitivity/h10_CV17_THY_CONT_RATIO_own.joblib,10,CV17_THY_CONT_RATIO,Hypertension,16,0.004275248239634655,0.00041448756083429226,False
own,stacking,"LogisticRegression,SVC,AdaBoost",sigmoid,models/stacking_sensitivity/h10_CV17_THY_CONT_RATIO_own.joblib,10,CV17_THY_CONT_RATIO,fT4,17,0.004177788401824282,0.0006996082235929924,True
own,stacking,"LogisticRegression,SVC,AdaBoost",sigmoid,models/stacking_sensitivity/h10_CV17_THY_CONT_RATIO_own.joblib,10,CV17_THY_CONT_RATIO,Smoke,18,0.003570477909076034,-0.0016335507709842403,False
own,stacking,"LogisticRegression,SVC,AdaBoost",sigmoid,models/stacking_sensitivity/h10_CV17_THY_CONT_RATIO_own.joblib,10,CV17_THY_CONT_RATIO,Previous_PCI,19,0.0012998938387581093,0.00021112031213400977,False
own,stacking,"LogisticRegression,SVC,AdaBoost",sigmoid,models/stacking_sensitivity/h10_CV17_THY_CONT_RATIO_own.joblib,10,CV17_THY_CONT_RATIO,fT3,20,0.0011399473032264406,-0.0006667033256282386,True
own,stacking,"LogisticRegression,SVC,AdaBoost",sigmoid,models/stacking_sensitivity/h10_CV17_THY_CONT_RATIO_own.joblib,10,CV17_THY_CONT_RATIO,Gender,21,0.00017692496786836566,6.176000240825356e-05,False
own,stacking,"LogisticRegression,SVC,AdaBoost",isotonic,models/stacking_sensitivity/h10_CV17_THY_CONT_RATIO_own.joblib,10,CV17_THY_CONT_RATIO,Age,1,0.1588700403653278,-0.057482172023554996,False
own,stacking,"LogisticRegression,SVC,AdaBoost",isotonic,models/stacking_sensitivity/h10_CV17_THY_CONT_RATIO_own.joblib,10,CV17_THY_CONT_RATIO,LVEF,2,0.12595353182691943,0.027823012261588738,False
own,stacking,"LogisticRegression,SVC,AdaBoost",isotonic,models/stacking_sensitivity/h10_CV17_THY_CONT_RATIO_own.joblib,10,CV17_THY_CONT_RATIO,Diabetes,3,0.06338322968342923,0.013929643372168433,False
own,stacking,"LogisticRegression,SVC,AdaBoost",isotonic,models/stacking_sensitivity/h10_CV17_THY_CONT_RATIO_own.joblib,10,CV17_THY_CONT_RATIO,Dyslipidemia,4,0.03229298685962487,-0.007694859500008557,False
own,stacking,"LogisticRegression,SVC,AdaBoost",isotonic,models/stacking_sensitivity/h10_CV17_THY_CONT_RATIO_own.joblib,10,CV17_THY_CONT_RATIO,AFib,5,0.02993180697822912,-0.0034169165950673763,False
own,stacking,"LogisticRegression,SVC,AdaBoost",isotonic,models/stacking_sensitivity/h10_CV17_THY_CONT_RATIO_own.joblib,10,CV17_THY_CONT_RATIO,PostIsch_DCM,6,0.028619489598191432,0.004693184146366606,False
own,stacking,"LogisticRegression,SVC,AdaBoost",isotonic,models/stacking_sensitivity/h10_CV17_THY_CONT_RATIO_own.joblib,10,CV17_THY_CONT_RATIO,Vessels,7,0.024340121541559692,-0.01069127354341962,False
own,stacking,"LogisticRegression,SVC,AdaBoost",isotonic,models/stacking_sensitivity/h10_CV17_THY_CONT_RATIO_own.joblib,10,CV17_THY_CONT_RATIO,Previous_CABG,8,0.022059547309532697,-0.013899399158511443,False
own,stacking,"LogisticRegression,SVC,AdaBoost",isotonic,models/stacking_sensitivity/h10_CV17_THY_CONT_RATIO_own.joblib,10,CV17_THY_CONT_RATIO,Ischemia,9,0.01764466654898259,0.006863902149448684,False
own,stacking,"LogisticRegression,SVC,AdaBoost",isotonic,models/stacking_sensitivity/h10_CV17_THY_CONT_RATIO_own.joblib,10,CV17_THY_CONT_RATIO,Angiography,10,0.016749382640048698,0.0021328383857950758,False
own,stacking,"LogisticRegression,SVC,AdaBoost",isotonic,models/stacking_sensitivity/h10_CV17_THY_CONT_RATIO_own.joblib,10,CV17_THY_CONT_RATIO,TSH,11,0.007612751993886427,-0.0026650801286961924,True
own,stacking,"LogisticRegression,SVC,AdaBoost",isotonic,models/stacking_sensitivity/h10_CV17_THY_CONT_RATIO_own.joblib,10,CV17_THY_CONT_RATIO,fT3_fT4_ratio,12,0.006883231459330424,-0.0008217408028722622,True
own,stacking,"LogisticRegression,SVC,AdaBoost",isotonic,models/stacking_sensitivity/h10_CV17_THY_CONT_RATIO_own.joblib,10,CV17_THY_CONT_RATIO,Angina,13,0.00686428542007122,-0.0014859255866305457,False
own,stacking,"LogisticRegression,SVC,AdaBoost",isotonic,models/stacking_sensitivity/h10_CV17_THY_CONT_RATIO_own.joblib,10,CV17_THY_CONT_RATIO,Previous_MI,14,0.0054262955107227465,-0.0019595846008447918,False
own,stacking,"LogisticRegression,SVC,AdaBoost",isotonic,models/stacking_sensitivity/h10_CV17_THY_CONT_RATIO_own.joblib,10,CV17_THY_CONT_RATIO,Acute_MI,15,0.004651615639079669,0.004651615639079669,False
own,stacking,"LogisticRegression,SVC,AdaBoost",isotonic,models/stacking_sensitivity/h10_CV17_THY_CONT_RATIO_own.joblib,10,CV17_THY_CONT_RATIO,Hypertension,16,0.004474301104127941,-0.0002656630227652001,False
own,stacking,"LogisticRegression,SVC,AdaBoost",isotonic,models/stacking_sensitivity/h10_CV17_THY_CONT_RATIO_own.joblib,10,CV17_THY_CONT_RATIO,fT4,17,0.004352902045174815,0.0009125259211165309,True
own,stacking,"LogisticRegression,SVC,AdaBoost",isotonic,models/stacking_sensitivity/h10_CV17_THY_CONT_RATIO_own.joblib,10,CV17_THY_CONT_RATIO,Smoke,18,0.003839606809057004,-0.0019752290866867192,False
own,stacking,"LogisticRegression,SVC,AdaBoost",isotonic,models/stacking_sensitivity/h10_CV17_THY_CONT_RATIO_own.joblib,10,CV17_THY_CONT_RATIO,Previous_PCI,19,0.0013017206136767263,0.00017381034636374624,False
own,stacking,"LogisticRegression,SVC,AdaBoost",isotonic,models/stacking_sensitivity/h10_CV17_THY_CONT_RATIO_own.joblib,10,CV17_THY_CONT_RATIO,fT3,20,0.001183935941449071,-0.0008320075353070197,True
own,stacking,"LogisticRegression,SVC,AdaBoost",isotonic,models/stacking_sensitivity/h10_CV17_THY_CONT_RATIO_own.joblib,10,CV17_THY_CONT_RATIO,Gender,21,0.00023216736715758838,2.759866214771615e-05,False
same_baseline,stacking,"KNeighbors,AdaBoost,MLP,GradientBoosting",raw,models/stacking_sensitivity/h10_CV17_THY_CONT_RATIO_same_baseline.joblib,10,CV17_THY_CONT_RATIO,Age,1,0.14837389614967172,-0.04966747902169885,False
same_baseline,stacking,"KNeighbors,AdaBoost,MLP,GradientBoosting",raw,models/stacking_sensitivity/h10_CV17_THY_CONT_RATIO_same_baseline.joblib,10,CV17_THY_CONT_RATIO,LVEF,2,0.09938376664753033,0.0206400571943233,False
same_baseline,stacking,"KNeighbors,AdaBoost,MLP,GradientBoosting",raw,models/stacking_sensitivity/h10_CV17_THY_CONT_RATIO_same_baseline.joblib,10,CV17_THY_CONT_RATIO,Diabetes,3,0.05116032836405895,0.011833366189985277,False
same_baseline,stacking,"KNeighbors,AdaBoost,MLP,GradientBoosting",raw,models/stacking_sensitivity/h10_CV17_THY_CONT_RATIO_same_baseline.joblib,10,CV17_THY_CONT_RATIO,Dyslipidemia,4,0.038328262685065624,-0.008481517575324189,False
same_baseline,stacking,"KNeighbors,AdaBoost,MLP,GradientBoosting",raw,models/stacking_sensitivity/h10_CV17_THY_CONT_RATIO_same_baseline.joblib,10,CV17_THY_CONT_RATIO,Vessels,5,0.03245821396629925,-0.017882692390147344,False
same_baseline,stacking,"KNeighbors,AdaBoost,MLP,GradientBoosting",raw,models/stacking_sensitivity/h10_CV17_THY_CONT_RATIO_same_baseline.joblib,10,CV17_THY_CONT_RATIO,AFib,6,0.023625858126952826,-0.0011247636463740367,False
same_baseline,stacking,"KNeighbors,AdaBoost,MLP,GradientBoosting",raw,models/stacking_sensitivity/h10_CV17_THY_CONT_RATIO_same_baseline.joblib,10,CV17_THY_CONT_RATIO,PostIsch_DCM,7,0.020762702063562097,0.005296384846469894,False
same_baseline,stacking,"KNeighbors,AdaBoost,MLP,GradientBoosting",raw,models/stacking_sensitivity/h10_CV17_THY_CONT_RATIO_same_baseline.joblib,10,CV17_THY_CONT_RATIO,Previous_CABG,8,0.018756908224850728,-0.01264583644275314,False
same_baseline,stacking,"KNeighbors,AdaBoost,MLP,GradientBoosting",raw,models/stacking_sensitivity/h10_CV17_THY_CONT_RATIO_same_baseline.joblib,10,CV17_THY_CONT_RATIO,Angiography,9,0.01572249710639047,0.005332437106498172,False
same_baseline,stacking,"KNeighbors,AdaBoost,MLP,GradientBoosting",raw,models/stacking_sensitivity/h10_CV17_THY_CONT_RATIO_same_baseline.joblib,10,CV17_THY_CONT_RATIO,Ischemia,10,0.014167394234071564,0.006227165159948831,False
same_baseline,stacking,"KNeighbors,AdaBoost,MLP,GradientBoosting",raw,models/stacking_sensitivity/h10_CV17_THY_CONT_RATIO_same_baseline.joblib,10,CV17_THY_CONT_RATIO,TSH,11,0.013430989942672094,-0.0020490855713147286,True
same_baseline,stacking,"KNeighbors,AdaBoost,MLP,GradientBoosting",raw,models/stacking_sensitivity/h10_CV17_THY_CONT_RATIO_same_baseline.joblib,10,CV17_THY_CONT_RATIO,Smoke,12,0.010486968064291696,-0.0035430037924178716,False
same_baseline,stacking,"KNeighbors,AdaBoost,MLP,GradientBoosting",raw,models/stacking_sensitivity/h10_CV17_THY_CONT_RATIO_same_baseline.joblib,10,CV17_THY_CONT_RATIO,Angina,13,0.00985089257883667,0.0009681860184040982,False
same_baseline,stacking,"KNeighbors,AdaBoost,MLP,GradientBoosting",raw,models/stacking_sensitivity/h10_CV17_THY_CONT_RATIO_same_baseline.joblib,10,CV17_THY_CONT_RATIO,fT4,14,0.008690019220790341,0.0006656011034787583,True
same_baseline,stacking,"KNeighbors,AdaBoost,MLP,GradientBoosting",raw,models/stacking_sensitivity/h10_CV17_THY_CONT_RATIO_same_baseline.joblib,10,CV17_THY_CONT_RATIO,Hypertension,15,0.008061988539524391,-0.002357191419703108,False
same_baseline,stacking,"KNeighbors,AdaBoost,MLP,GradientBoosting",raw,models/stacking_sensitivity/h10_CV17_THY_CONT_RATIO_same_baseline.joblib,10,CV17_THY_CONT_RATIO,fT3_fT4_ratio,16,0.007677095429418865,0.0016889833109021012,True
same_baseline,stacking,"KNeighbors,AdaBoost,MLP,GradientBoosting",raw,models/stacking_sensitivity/h10_CV17_THY_CONT_RATIO_same_baseline.joblib,10,CV17_THY_CONT_RATIO,fT3,17,0.00733868655077717,-0.004253736455033158,True
same_baseline,stacking,"KNeighbors,AdaBoost,MLP,GradientBoosting",raw,models/stacking_sensitivity/h10_CV17_THY_CONT_RATIO_same_baseline.joblib,10,CV17_THY_CONT_RATIO,Previous_MI,18,0.005775278391353806,0.0002932159190316609,False
same_baseline,stacking,"KNeighbors,AdaBoost,MLP,GradientBoosting",raw,models/stacking_sensitivity/h10_CV17_THY_CONT_RATIO_same_baseline.joblib,10,CV17_THY_CONT_RATIO,Gender,19,0.005643422802683408,0.0022955206105978476,False
same_baseline,stacking,"KNeighbors,AdaBoost,MLP,GradientBoosting",raw,models/stacking_sensitivity/h10_CV17_THY_CONT_RATIO_same_baseline.joblib,10,CV17_THY_CONT_RATIO,Acute_MI,20,0.00522727764698617,0.00522727764698617,False
same_baseline,stacking,"KNeighbors,AdaBoost,MLP,GradientBoosting",raw,models/stacking_sensitivity/h10_CV17_THY_CONT_RATIO_same_baseline.joblib,10,CV17_THY_CONT_RATIO,Previous_PCI,21,0.004827709607931294,0.0003496980866713767,False
same_baseline,stacking,"KNeighbors,AdaBoost,MLP,GradientBoosting",sigmoid,models/stacking_sensitivity/h10_CV17_THY_CONT_RATIO_same_baseline.joblib,10,CV17_THY_CONT_RATIO,Age,1,0.16482480109082903,-0.0543421469937479,False
same_baseline,stacking,"KNeighbors,AdaBoost,MLP,GradientBoosting",sigmoid,models/stacking_sensitivity/h10_CV17_THY_CONT_RATIO_same_baseline.joblib,10,CV17_THY_CONT_RATIO,LVEF,2,0.10956391550783799,0.0226208440033698,False
same_baseline,stacking,"KNeighbors,AdaBoost,MLP,GradientBoosting",sigmoid,models/stacking_sensitivity/h10_CV17_THY_CONT_RATIO_same_baseline.joblib,10,CV17_THY_CONT_RATIO,Diabetes,3,0.05580400106372888,0.013050060257710001,False
same_baseline,stacking,"KNeighbors,AdaBoost,MLP,GradientBoosting",sigmoid,models/stacking_sensitivity/h10_CV17_THY_CONT_RATIO_same_baseline.joblib,10,CV17_THY_CONT_RATIO,Dyslipidemia,4,0.0418329357978466,-0.008850822992571264,False
same_baseline,stacking,"KNeighbors,AdaBoost,MLP,GradientBoosting",sigmoid,models/stacking_sensitivity/h10_CV17_THY_CONT_RATIO_same_baseline.joblib,10,CV17_THY_CONT_RATIO,Vessels,5,0.03600772006616204,-0.0198540629033021,False
same_baseline,stacking,"KNeighbors,AdaBoost,MLP,GradientBoosting",sigmoid,models/stacking_sensitivity/h10_CV17_THY_CONT_RATIO_same_baseline.joblib,10,CV17_THY_CONT_RATIO,AFib,6,0.025343480590496383,-0.0011861588220270585,False
same_baseline,stacking,"KNeighbors,AdaBoost,MLP,GradientBoosting",sigmoid,models/stacking_sensitivity/h10_CV17_THY_CONT_RATIO_same_baseline.joblib,10,CV17_THY_CONT_RATIO,PostIsch_DCM,7,0.022535839701965,0.005763891547218385,False
same_baseline,stacking,"KNeighbors,AdaBoost,MLP,GradientBoosting",sigmoid,models/stacking_sensitivity/h10_CV17_THY_CONT_RATIO_same_baseline.joblib,10,CV17_THY_CONT_RATIO,Previous_CABG,8,0.020390535404262503,-0.013752182822508362,False
same_baseline,stacking,"KNeighbors,AdaBoost,MLP,GradientBoosting",sigmoid,models/stacking_sensitivity/h10_CV17_THY_CONT_RATIO_same_baseline.joblib,10,CV17_THY_CONT_RATIO,Angiography,9,0.017295142497470987,0.006078991356377657,False
same_baseline,stacking,"KNeighbors,AdaBoost,MLP,GradientBoosting",sigmoid,models/stacking_sensitivity/h10_CV17_THY_CONT_RATIO_same_baseline.joblib,10,CV17_THY_CONT_RATIO,Ischemia,10,0.015563400608733721,0.0071102734283829076,False
same_baseline,stacking,"KNeighbors,AdaBoost,MLP,GradientBoosting",sigmoid,models/stacking_sensitivity/h10_CV17_THY_CONT_RATIO_same_baseline.joblib,10,CV17_THY_CONT_RATIO,TSH,11,0.014860325231711387,-0.0019651453602000345,True
same_baseline,stacking,"KNeighbors,AdaBoost,MLP,GradientBoosting",sigmoid,models/stacking_sensitivity/h10_CV17_THY_CONT_RATIO_same_baseline.joblib,10,CV17_THY_CONT_RATIO,Smoke,12,0.011404014834777685,-0.0038185154578801667,False
same_baseline,stacking,"KNeighbors,AdaBoost,MLP,GradientBoosting",sigmoid,models/stacking_sensitivity/h10_CV17_THY_CONT_RATIO_same_baseline.joblib,10,CV17_THY_CONT_RATIO,Angina,13,0.010718425321719668,0.0010933787430158991,False
same_baseline,stacking,"KNeighbors,AdaBoost,MLP,GradientBoosting",sigmoid,models/stacking_sensitivity/h10_CV17_THY_CONT_RATIO_same_baseline.joblib,10,CV17_THY_CONT_RATIO,fT4,14,0.009641925775481642,0.0008717147462307359,True
same_baseline,stacking,"KNeighbors,AdaBoost,MLP,GradientBoosting",sigmoid,models/stacking_sensitivity/h10_CV17_THY_CONT_RATIO_same_baseline.joblib,10,CV17_THY_CONT_RATIO,Hypertension,15,0.008784134805827319,-0.0024960620499032147,False
same_baseline,stacking,"KNeighbors,AdaBoost,MLP,GradientBoosting",sigmoid,models/stacking_sensitivity/h10_CV17_THY_CONT_RATIO_same_baseline.joblib,10,CV17_THY_CONT_RATIO,fT3_fT4_ratio,16,0.008382641469978231,0.001965877891403257,True
same_baseline,stacking,"KNeighbors,AdaBoost,MLP,GradientBoosting",sigmoid,models/stacking_sensitivity/h10_CV17_THY_CONT_RATIO_same_baseline.joblib,10,CV17_THY_CONT_RATIO,fT3,17,0.0080880369993829,-0.004662864061787352,True
same_baseline,stacking,"KNeighbors,AdaBoost,MLP,GradientBoosting",sigmoid,models/stacking_sensitivity/h10_CV17_THY_CONT_RATIO_same_baseline.joblib,10,CV17_THY_CONT_RATIO,Previous_MI,18,0.006161160211373588,0.000329835543782269,False
same_baseline,stacking,"KNeighbors,AdaBoost,MLP,GradientBoosting",sigmoid,models/stacking_sensitivity/h10_CV17_THY_CONT_RATIO_same_baseline.joblib,10,CV17_THY_CONT_RATIO,Gender,19,0.0060787435685812725,0.002429229977211088,False
same_baseline,stacking,"KNeighbors,AdaBoost,MLP,GradientBoosting",sigmoid,models/stacking_sensitivity/h10_CV17_THY_CONT_RATIO_same_baseline.joblib,10,CV17_THY_CONT_RATIO,Acute_MI,20,0.005636674529505356,0.005636674529505356,False
same_baseline,stacking,"KNeighbors,AdaBoost,MLP,GradientBoosting",sigmoid,models/stacking_sensitivity/h10_CV17_THY_CONT_RATIO_same_baseline.joblib,10,CV17_THY_CONT_RATIO,Previous_PCI,21,0.005414882183481529,0.000393453380471318,False
same_baseline,stacking,"KNeighbors,AdaBoost,MLP,GradientBoosting",isotonic,models/stacking_sensitivity/h10_CV17_THY_CONT_RATIO_same_baseline.joblib,10,CV17_THY_CONT_RATIO,Age,1,0.16585831718022193,-0.05768980687085461,False
same_baseline,stacking,"KNeighbors,AdaBoost,MLP,GradientBoosting",isotonic,models/stacking_sensitivity/h10_CV17_THY_CONT_RATIO_same_baseline.joblib,10,CV17_THY_CONT_RATIO,LVEF,2,0.11177759153401236,0.020767872343056944,False
same_baseline,stacking,"KNeighbors,AdaBoost,MLP,GradientBoosting",isotonic,models/stacking_sensitivity/h10_CV17_THY_CONT_RATIO_same_baseline.joblib,10,CV17_THY_CONT_RATIO,Diabetes,3,0.05712532226564412,0.011819211683811528,False
same_baseline,stacking,"KNeighbors,AdaBoost,MLP,GradientBoosting",isotonic,models/stacking_sensitivity/h10_CV17_THY_CONT_RATIO_same_baseline.joblib,10,CV17_THY_CONT_RATIO,Dyslipidemia,4,0.04424710674285473,-0.009210840896872644,False
same_baseline,stacking,"KNeighbors,AdaBoost,MLP,GradientBoosting",isotonic,models/stacking_sensitivity/h10_CV17_THY_CONT_RATIO_same_baseline.joblib,10,CV17_THY_CONT_RATIO,Vessels,5,0.03741465948219184,-0.019855913953987718,False
same_baseline,stacking,"KNeighbors,AdaBoost,MLP,GradientBoosting",isotonic,models/stacking_sensitivity/h10_CV17_THY_CONT_RATIO_same_baseline.joblib,10,CV17_THY_CONT_RATIO,AFib,6,0.026902546658983832,-0.0015638602836201682,False
same_baseline,stacking,"KNeighbors,AdaBoost,MLP,GradientBoosting",isotonic,models/stacking_sensitivity/h10_CV17_THY_CONT_RATIO_same_baseline.joblib,10,CV17_THY_CONT_RATIO,PostIsch_DCM,7,0.023123375735711934,0.005356189642994759,False
same_baseline,stacking,"KNeighbors,AdaBoost,MLP,GradientBoosting",isotonic,models/stacking_sensitivity/h10_CV17_THY_CONT_RATIO_same_baseline.joblib,10,CV17_THY_CONT_RATIO,Previous_CABG,8,0.02150630010300113,-0.01450554720308738,False
same_baseline,stacking,"KNeighbors,AdaBoost,MLP,GradientBoosting",isotonic,models/stacking_sensitivity/h10_CV17_THY_CONT_RATIO_same_baseline.joblib,10,CV17_THY_CONT_RATIO,Angiography,9,0.01797489397355544,0.006516976684289759,False
same_baseline,stacking,"KNeighbors,AdaBoost,MLP,GradientBoosting",isotonic,models/stacking_sensitivity/h10_CV17_THY_CONT_RATIO_same_baseline.joblib,10,CV17_THY_CONT_RATIO,Ischemia,10,0.01589423934611396,0.006378405157065108,False
same_baseline,stacking,"KNeighbors,AdaBoost,MLP,GradientBoosting",isotonic,models/stacking_sensitivity/h10_CV17_THY_CONT_RATIO_same_baseline.joblib,10,CV17_THY_CONT_RATIO,TSH,11,0.015269138743489907,-0.0009258917690797052,True
same_baseline,stacking,"KNeighbors,AdaBoost,MLP,GradientBoosting",isotonic,models/stacking_sensitivity/h10_CV17_THY_CONT_RATIO_same_baseline.joblib,10,CV17_THY_CONT_RATIO,fT4,12,0.012024683148303574,0.0016317913006701698,True
same_baseline,stacking,"KNeighbors,AdaBoost,MLP,GradientBoosting",isotonic,models/stacking_sensitivity/h10_CV17_THY_CONT_RATIO_same_baseline.joblib,10,CV17_THY_CONT_RATIO,Angina,13,0.011649279932367291,0.00030380656898323065,False
same_baseline,stacking,"KNeighbors,AdaBoost,MLP,GradientBoosting",isotonic,models/stacking_sensitivity/h10_CV17_THY_CONT_RATIO_same_baseline.joblib,10,CV17_THY_CONT_RATIO,Smoke,14,0.011454461116018506,-0.003493408189826143,False
same_baseline,stacking,"KNeighbors,AdaBoost,MLP,GradientBoosting",isotonic,models/stacking_sensitivity/h10_CV17_THY_CONT_RATIO_same_baseline.joblib,10,CV17_THY_CONT_RATIO,Hypertension,15,0.009998124243164838,-0.0029021571917749248,False
same_baseline,stacking,"KNeighbors,AdaBoost,MLP,GradientBoosting",isotonic,models/stacking_sensitivity/h10_CV17_THY_CONT_RATIO_same_baseline.joblib,10,CV17_THY_CONT_RATIO,fT3,16,0.009564595145352312,-0.004581715024316444,True
same_baseline,stacking,"KNeighbors,AdaBoost,MLP,GradientBoosting",isotonic,models/stacking_sensitivity/h10_CV17_THY_CONT_RATIO_same_baseline.joblib,10,CV17_THY_CONT_RATIO,fT3_fT4_ratio,17,0.008992525599785334,0.002017303459792597,True
same_baseline,stacking,"KNeighbors,AdaBoost,MLP,GradientBoosting",isotonic,models/stacking_sensitivity/h10_CV17_THY_CONT_RATIO_same_baseline.joblib,10,CV17_THY_CONT_RATIO,Gender,18,0.006791988991630117,0.0027431151628638456,False
same_baseline,stacking,"KNeighbors,AdaBoost,MLP,GradientBoosting",isotonic,models/stacking_sensitivity/h10_CV17_THY_CONT_RATIO_same_baseline.joblib,10,CV17_THY_CONT_RATIO,Previous_MI,19,0.006304082503840558,0.0004298834749795218,False
same_baseline,stacking,"KNeighbors,AdaBoost,MLP,GradientBoosting",isotonic,models/stacking_sensitivity/h10_CV17_THY_CONT_RATIO_same_baseline.joblib,10,CV17_THY_CONT_RATIO,Acute_MI,20,0.005954524347194862,0.0059545243471948615,False
same_baseline,stacking,"KNeighbors,AdaBoost,MLP,GradientBoosting",isotonic,models/stacking_sensitivity/h10_CV17_THY_CONT_RATIO_same_baseline.joblib,10,CV17_THY_CONT_RATIO,Previous_PCI,21,0.005367245049070217,0.00020892193872928478,False
locked_baseline,stacking,"KNeighbors,AdaBoost,MLP,GradientBoosting",raw,models/stacking_sensitivity/h10_CV17_THY_CONT_RATIO_locked_baseline.joblib,10,CV17_THY_CONT_RATIO,Age,1,0.1440057208435533,-0.04530423167570903,False
locked_baseline,stacking,"KNeighbors,AdaBoost,MLP,GradientBoosting",raw,models/stacking_sensitivity/h10_CV17_THY_CONT_RATIO_locked_baseline.joblib,10,CV17_THY_CONT_RATIO,LVEF,2,0.10470889939616947,0.023280414295495676,False
locked_baseline,stacking,"KNeighbors,AdaBoost,MLP,GradientBoosting",raw,models/stacking_sensitivity/h10_CV17_THY_CONT_RATIO_locked_baseline.joblib,10,CV17_THY_CONT_RATIO,Diabetes,3,0.0447337084167193,0.010303143052592209,False
locked_baseline,stacking,"KNeighbors,AdaBoost,MLP,GradientBoosting",raw,models/stacking_sensitivity/h10_CV17_THY_CONT_RATIO_locked_baseline.joblib,10,CV17_THY_CONT_RATIO,Dyslipidemia,4,0.03830788312230289,-0.008732064149902597,False
locked_baseline,stacking,"KNeighbors,AdaBoost,MLP,GradientBoosting",raw,models/stacking_sensitivity/h10_CV17_THY_CONT_RATIO_locked_baseline.joblib,10,CV17_THY_CONT_RATIO,Vessels,5,0.02793086768980292,-0.013685048026747991,False
locked_baseline,stacking,"KNeighbors,AdaBoost,MLP,GradientBoosting",raw,models/stacking_sensitivity/h10_CV17_THY_CONT_RATIO_locked_baseline.joblib,10,CV17_THY_CONT_RATIO,AFib,6,0.02415947029718772,-0.0018146023525161057,False
locked_baseline,stacking,"KNeighbors,AdaBoost,MLP,GradientBoosting",raw,models/stacking_sensitivity/h10_CV17_THY_CONT_RATIO_locked_baseline.joblib,10,CV17_THY_CONT_RATIO,PostIsch_DCM,7,0.02399615375544044,0.0055231978310990165,False
locked_baseline,stacking,"KNeighbors,AdaBoost,MLP,GradientBoosting",raw,models/stacking_sensitivity/h10_CV17_THY_CONT_RATIO_locked_baseline.joblib,10,CV17_THY_CONT_RATIO,Previous_CABG,8,0.013733944740933104,-0.009041979296139861,False
locked_baseline,stacking,"KNeighbors,AdaBoost,MLP,GradientBoosting",raw,models/stacking_sensitivity/h10_CV17_THY_CONT_RATIO_locked_baseline.joblib,10,CV17_THY_CONT_RATIO,Hypertension,9,0.012958807766385954,-0.0011441677889799811,False
locked_baseline,stacking,"KNeighbors,AdaBoost,MLP,GradientBoosting",raw,models/stacking_sensitivity/h10_CV17_THY_CONT_RATIO_locked_baseline.joblib,10,CV17_THY_CONT_RATIO,Angina,10,0.012277811327589884,2.9056276224640127e-05,False
locked_baseline,stacking,"KNeighbors,AdaBoost,MLP,GradientBoosting",raw,models/stacking_sensitivity/h10_CV17_THY_CONT_RATIO_locked_baseline.joblib,10,CV17_THY_CONT_RATIO,Ischemia,11,0.010892762707935363,0.0040226109326719495,False
locked_baseline,stacking,"KNeighbors,AdaBoost,MLP,GradientBoosting",raw,models/stacking_sensitivity/h10_CV17_THY_CONT_RATIO_locked_baseline.joblib,10,CV17_THY_CONT_RATIO,Smoke,12,0.010594444886114105,-0.002801679726557909,False
locked_baseline,stacking,"KNeighbors,AdaBoost,MLP,GradientBoosting",raw,models/stacking_sensitivity/h10_CV17_THY_CONT_RATIO_locked_baseline.joblib,10,CV17_THY_CONT_RATIO,TSH,13,0.010467616894966164,-0.0028867320182601316,True
locked_baseline,stacking,"KNeighbors,AdaBoost,MLP,GradientBoosting",raw,models/stacking_sensitivity/h10_CV17_THY_CONT_RATIO_locked_baseline.joblib,10,CV17_THY_CONT_RATIO,Gender,14,0.009387825872842613,0.0052101781170881285,False
locked_baseline,stacking,"KNeighbors,AdaBoost,MLP,GradientBoosting",raw,models/stacking_sensitivity/h10_CV17_THY_CONT_RATIO_locked_baseline.joblib,10,CV17_THY_CONT_RATIO,Angiography,15,0.00916115336935177,0.0025906461728813796,False
locked_baseline,stacking,"KNeighbors,AdaBoost,MLP,GradientBoosting",raw,models/stacking_sensitivity/h10_CV17_THY_CONT_RATIO_locked_baseline.joblib,10,CV17_THY_CONT_RATIO,fT3_fT4_ratio,16,0.0073454613335702116,0.0005801374359554788,True
locked_baseline,stacking,"KNeighbors,AdaBoost,MLP,GradientBoosting",raw,models/stacking_sensitivity/h10_CV17_THY_CONT_RATIO_locked_baseline.joblib,10,CV17_THY_CONT_RATIO,fT4,17,0.0073016938883412015,0.001742546812143286,True
locked_baseline,stacking,"KNeighbors,AdaBoost,MLP,GradientBoosting",raw,models/stacking_sensitivity/h10_CV17_THY_CONT_RATIO_locked_baseline.joblib,10,CV17_THY_CONT_RATIO,Previous_MI,18,0.006288167487873617,0.0003937269468137453,False
locked_baseline,stacking,"KNeighbors,AdaBoost,MLP,GradientBoosting",raw,models/stacking_sensitivity/h10_CV17_THY_CONT_RATIO_locked_baseline.joblib,10,CV17_THY_CONT_RATIO,Acute_MI,19,0.004315632727672888,0.004315632727672888,False
locked_baseline,stacking,"KNeighbors,AdaBoost,MLP,GradientBoosting",raw,models/stacking_sensitivity/h10_CV17_THY_CONT_RATIO_locked_baseline.joblib,10,CV17_THY_CONT_RATIO,fT3,20,0.00423755039265323,-0.0014335373974377552,True
locked_baseline,stacking,"KNeighbors,AdaBoost,MLP,GradientBoosting",raw,models/stacking_sensitivity/h10_CV17_THY_CONT_RATIO_locked_baseline.joblib,10,CV17_THY_CONT_RATIO,Previous_PCI,21,0.0034551038679103904,-0.00030087352578939727,False
locked_baseline,stacking,"KNeighbors,AdaBoost,MLP,GradientBoosting",sigmoid,models/stacking_sensitivity/h10_CV17_THY_CONT_RATIO_locked_baseline.joblib,10,CV17_THY_CONT_RATIO,Age,1,0.15614534276117803,-0.04844285302164233,False
locked_baseline,stacking,"KNeighbors,AdaBoost,MLP,GradientBoosting",sigmoid,models/stacking_sensitivity/h10_CV17_THY_CONT_RATIO_locked_baseline.joblib,10,CV17_THY_CONT_RATIO,LVEF,2,0.11345588191288707,0.025177545707941697,False
locked_baseline,stacking,"KNeighbors,AdaBoost,MLP,GradientBoosting",sigmoid,models/stacking_sensitivity/h10_CV17_THY_CONT_RATIO_locked_baseline.joblib,10,CV17_THY_CONT_RATIO,Diabetes,3,0.047899708687675985,0.01110793583138981,False
locked_baseline,stacking,"KNeighbors,AdaBoost,MLP,GradientBoosting",sigmoid,models/stacking_sensitivity/h10_CV17_THY_CONT_RATIO_locked_baseline.joblib,10,CV17_THY_CONT_RATIO,Dyslipidemia,4,0.04087634870543858,-0.008940220238959571,False
locked_baseline,stacking,"KNeighbors,AdaBoost,MLP,GradientBoosting",sigmoid,models/stacking_sensitivity/h10_CV17_THY_CONT_RATIO_locked_baseline.joblib,10,CV17_THY_CONT_RATIO,Vessels,5,0.03019882561654864,-0.014829667849720302,False
locked_baseline,stacking,"KNeighbors,AdaBoost,MLP,GradientBoosting",sigmoid,models/stacking_sensitivity/h10_CV17_THY_CONT_RATIO_locked_baseline.joblib,10,CV17_THY_CONT_RATIO,PostIsch_DCM,6,0.02561524122302432,0.005832870792770035,False
locked_baseline,stacking,"KNeighbors,AdaBoost,MLP,GradientBoosting",sigmoid,models/stacking_sensitivity/h10_CV17_THY_CONT_RATIO_locked_baseline.joblib,10,CV17_THY_CONT_RATIO,AFib,7,0.025596724161567677,-0.0019196366911588025,False
locked_baseline,stacking,"KNeighbors,AdaBoost,MLP,GradientBoosting",sigmoid,models/stacking_sensitivity/h10_CV17_THY_CONT_RATIO_locked_baseline.joblib,10,CV17_THY_CONT_RATIO,Previous_CABG,8,0.014663488721715212,-0.009669511882153002,False
locked_baseline,stacking,"KNeighbors,AdaBoost,MLP,GradientBoosting",sigmoid,models/stacking_sensitivity/h10_CV17_THY_CONT_RATIO_locked_baseline.joblib,10,CV17_THY_CONT_RATIO,Hypertension,9,0.013837107297903767,-0.001090937564289133,False
locked_baseline,stacking,"KNeighbors,AdaBoost,MLP,GradientBoosting",sigmoid,models/stacking_sensitivity/h10_CV17_THY_CONT_RATIO_locked_baseline.joblib,10,CV17_THY_CONT_RATIO,Angina,10,0.013052288004594102,0.00013256942000086896,False
locked_baseline,stacking,"KNeighbors,AdaBoost,MLP,GradientBoosting",sigmoid,models/stacking_sensitivity/h10_CV17_THY_CONT_RATIO_locked_baseline.joblib,10,CV17_THY_CONT_RATIO,Ischemia,11,0.011698173934334595,0.004579438521269879,False
locked_baseline,stacking,"KNeighbors,AdaBoost,MLP,GradientBoosting",sigmoid,models/stacking_sensitivity/h10_CV17_THY_CONT_RATIO_locked_baseline.joblib,10,CV17_THY_CONT_RATIO,Smoke,12,0.011320221709037846,-0.0029280574078800513,False
locked_baseline,stacking,"KNeighbors,AdaBoost,MLP,GradientBoosting",sigmoid,models/stacking_sensitivity/h10_CV17_THY_CONT_RATIO_locked_baseline.joblib,10,CV17_THY_CONT_RATIO,TSH,13,0.0112361653936405,-0.002906364141304436,True
locked_baseline,stacking,"KNeighbors,AdaBoost,MLP,GradientBoosting",sigmoid,models/stacking_sensitivity/h10_CV17_THY_CONT_RATIO_locked_baseline.joblib,10,CV17_THY_CONT_RATIO,Gender,14,0.00996874125617312,0.0055815212330310015,False
locked_baseline,stacking,"KNeighbors,AdaBoost,MLP,GradientBoosting",sigmoid,models/stacking_sensitivity/h10_CV17_THY_CONT_RATIO_locked_baseline.joblib,10,CV17_THY_CONT_RATIO,Angiography,15,0.009839825069845725,0.0029261555058672432,False
locked_baseline,stacking,"KNeighbors,AdaBoost,MLP,GradientBoosting",sigmoid,models/stacking_sensitivity/h10_CV17_THY_CONT_RATIO_locked_baseline.joblib,10,CV17_THY_CONT_RATIO,fT4,16,0.00792466274223683,0.0020412363867411956,True
locked_baseline,stacking,"KNeighbors,AdaBoost,MLP,GradientBoosting",sigmoid,models/stacking_sensitivity/h10_CV17_THY_CONT_RATIO_locked_baseline.joblib,10,CV17_THY_CONT_RATIO,fT3_fT4_ratio,17,0.007781358116904605,0.0007813379288040215,True
locked_baseline,stacking,"KNeighbors,AdaBoost,MLP,GradientBoosting",sigmoid,models/stacking_sensitivity/h10_CV17_THY_CONT_RATIO_locked_baseline.joblib,10,CV17_THY_CONT_RATIO,Previous_MI,18,0.006661423783264104,0.00046248678492922287,False
locked_baseline,stacking,"KNeighbors,AdaBoost,MLP,GradientBoosting",sigmoid,models/stacking_sensitivity/h10_CV17_THY_CONT_RATIO_locked_baseline.joblib,10,CV17_THY_CONT_RATIO,Acute_MI,19,0.004603234290710188,0.004603234290710188,False
locked_baseline,stacking,"KNeighbors,AdaBoost,MLP,GradientBoosting",sigmoid,models/stacking_sensitivity/h10_CV17_THY_CONT_RATIO_locked_baseline.joblib,10,CV17_THY_CONT_RATIO,fT3,20,0.004588891662340593,-0.0014667575145533623,True
locked_baseline,stacking,"KNeighbors,AdaBoost,MLP,GradientBoosting",sigmoid,models/stacking_sensitivity/h10_CV17_THY_CONT_RATIO_locked_baseline.joblib,10,CV17_THY_CONT_RATIO,Previous_PCI,21,0.0038168703120575144,-0.00026356670036064287,False
locked_baseline,stacking,"KNeighbors,AdaBoost,MLP,GradientBoosting",isotonic,models/stacking_sensitivity/h10_CV17_THY_CONT_RATIO_locked_baseline.joblib,10,CV17_THY_CONT_RATIO,Age,1,0.156066305796198,-0.05202715637726562,False
locked_baseline,stacking,"KNeighbors,AdaBoost,MLP,GradientBoosting",isotonic,models/stacking_sensitivity/h10_CV17_THY_CONT_RATIO_locked_baseline.joblib,10,CV17_THY_CONT_RATIO,LVEF,2,0.1171408164740349,0.024775260797990674,False
locked_baseline,stacking,"KNeighbors,AdaBoost,MLP,GradientBoosting",isotonic,models/stacking_sensitivity/h10_CV17_THY_CONT_RATIO_locked_baseline.joblib,10,CV17_THY_CONT_RATIO,Diabetes,3,0.048022578208558826,0.010125237222738396,False
locked_baseline,stacking,"KNeighbors,AdaBoost,MLP,GradientBoosting",isotonic,models/stacking_sensitivity/h10_CV17_THY_CONT_RATIO_locked_baseline.joblib,10,CV17_THY_CONT_RATIO,Dyslipidemia,4,0.04311949774593459,-0.01068552684205774,False
locked_baseline,stacking,"KNeighbors,AdaBoost,MLP,GradientBoosting",isotonic,models/stacking_sensitivity/h10_CV17_THY_CONT_RATIO_locked_baseline.joblib,10,CV17_THY_CONT_RATIO,Vessels,5,0.030174955085050813,-0.016435762764820748,False
locked_baseline,stacking,"KNeighbors,AdaBoost,MLP,GradientBoosting",isotonic,models/stacking_sensitivity/h10_CV17_THY_CONT_RATIO_locked_baseline.joblib,10,CV17_THY_CONT_RATIO,AFib,6,0.027861707710249806,-0.0031323644433093817,False
locked_baseline,stacking,"KNeighbors,AdaBoost,MLP,GradientBoosting",isotonic,models/stacking_sensitivity/h10_CV17_THY_CONT_RATIO_locked_baseline.joblib,10,CV17_THY_CONT_RATIO,PostIsch_DCM,7,0.027650227508284407,0.005457840712345056,False
locked_baseline,stacking,"KNeighbors,AdaBoost,MLP,GradientBoosting",isotonic,models/stacking_sensitivity/h10_CV17_THY_CONT_RATIO_locked_baseline.joblib,10,CV17_THY_CONT_RATIO,Previous_CABG,8,0.015373338946692993,-0.010627704185021765,False
locked_baseline,stacking,"KNeighbors,AdaBoost,MLP,GradientBoosting",isotonic,models/stacking_sensitivity/h10_CV17_THY_CONT_RATIO_locked_baseline.joblib,10,CV17_THY_CONT_RATIO,Hypertension,9,0.015025469952172835,-0.002720987150226638,False
locked_baseline,stacking,"KNeighbors,AdaBoost,MLP,GradientBoosting",isotonic,models/stacking_sensitivity/h10_CV17_THY_CONT_RATIO_locked_baseline.joblib,10,CV17_THY_CONT_RATIO,Angina,10,0.014319140963160604,0.0006564496795445924,False
locked_baseline,stacking,"KNeighbors,AdaBoost,MLP,GradientBoosting",isotonic,models/stacking_sensitivity/h10_CV17_THY_CONT_RATIO_locked_baseline.joblib,10,CV17_THY_CONT_RATIO,Ischemia,11,0.01351771240857603,0.0048125504497255195,False
locked_baseline,stacking,"KNeighbors,AdaBoost,MLP,GradientBoosting",isotonic,models/stacking_sensitivity/h10_CV17_THY_CONT_RATIO_locked_baseline.joblib,10,CV17_THY_CONT_RATIO,TSH,12,0.012462462441101461,-0.003352084359000986,True
locked_baseline,stacking,"KNeighbors,AdaBoost,MLP,GradientBoosting",isotonic,models/stacking_sensitivity/h10_CV17_THY_CONT_RATIO_locked_baseline.joblib,10,CV17_THY_CONT_RATIO,Smoke,13,0.011796552306999155,-0.0038694056916522253,False
locked_baseline,stacking,"KNeighbors,AdaBoost,MLP,GradientBoosting",isotonic,models/stacking_sensitivity/h10_CV17_THY_CONT_RATIO_locked_baseline.joblib,10,CV17_THY_CONT_RATIO,Gender,14,0.010617133549458393,0.0046489450096204865,False
locked_baseline,stacking,"KNeighbors,AdaBoost,MLP,GradientBoosting",isotonic,models/stacking_sensitivity/h10_CV17_THY_CONT_RATIO_locked_baseline.joblib,10,CV17_THY_CONT_RATIO,Angiography,15,0.01048850277494814,0.002246819933076107,False
locked_baseline,stacking,"KNeighbors,AdaBoost,MLP,GradientBoosting",isotonic,models/stacking_sensitivity/h10_CV17_THY_CONT_RATIO_locked_baseline.joblib,10,CV17_THY_CONT_RATIO,fT4,16,0.010074247568242036,0.0014064841735611927,True
locked_baseline,stacking,"KNeighbors,AdaBoost,MLP,GradientBoosting",isotonic,models/stacking_sensitivity/h10_CV17_THY_CONT_RATIO_locked_baseline.joblib,10,CV17_THY_CONT_RATIO,Previous_MI,17,0.008781944449645177,-6.229886737220067e-05,False
locked_baseline,stacking,"KNeighbors,AdaBoost,MLP,GradientBoosting",isotonic,models/stacking_sensitivity/h10_CV17_THY_CONT_RATIO_locked_baseline.joblib,10,CV17_THY_CONT_RATIO,fT3_fT4_ratio,18,0.008543559484387972,0.00028773727634515524,True
locked_baseline,stacking,"KNeighbors,AdaBoost,MLP,GradientBoosting",isotonic,models/stacking_sensitivity/h10_CV17_THY_CONT_RATIO_locked_baseline.joblib,10,CV17_THY_CONT_RATIO,fT3,19,0.005891427865411536,-0.0029303990380104353,True
locked_baseline,stacking,"KNeighbors,AdaBoost,MLP,GradientBoosting",isotonic,models/stacking_sensitivity/h10_CV17_THY_CONT_RATIO_locked_baseline.joblib,10,CV17_THY_CONT_RATIO,Acute_MI,20,0.00530294851991283,0.005302948519912829,False
locked_baseline,stacking,"KNeighbors,AdaBoost,MLP,GradientBoosting",isotonic,models/stacking_sensitivity/h10_CV17_THY_CONT_RATIO_locked_baseline.joblib,10,CV17_THY_CONT_RATIO,Previous_PCI,21,0.004601560195436856,-7.675413062396198e-05,False
paper,stacking,"LogisticRegression,RandomForest,AdaBoost",raw,models/stacking_sensitivity/h10_CV17_THY_CONT_RATIO_paper.joblib,10,CV17_THY_CONT_RATIO,Age,1,0.17046100648680296,-0.05469588513677685,False
paper,stacking,"LogisticRegression,RandomForest,AdaBoost",raw,models/stacking_sensitivity/h10_CV17_THY_CONT_RATIO_paper.joblib,10,CV17_THY_CONT_RATIO,LVEF,2,0.11862278588239222,0.02726605290220003,False
paper,stacking,"LogisticRegression,RandomForest,AdaBoost",raw,models/stacking_sensitivity/h10_CV17_THY_CONT_RATIO_paper.joblib,10,CV17_THY_CONT_RATIO,Diabetes,3,0.06001879779262082,0.014402588805287744,False
paper,stacking,"LogisticRegression,RandomForest,AdaBoost",raw,models/stacking_sensitivity/h10_CV17_THY_CONT_RATIO_paper.joblib,10,CV17_THY_CONT_RATIO,PostIsch_DCM,4,0.03203594991848728,0.003157526384621209,False
paper,stacking,"LogisticRegression,RandomForest,AdaBoost",raw,models/stacking_sensitivity/h10_CV17_THY_CONT_RATIO_paper.joblib,10,CV17_THY_CONT_RATIO,Dyslipidemia,5,0.030861566226969,-0.009433023306624431,False
paper,stacking,"LogisticRegression,RandomForest,AdaBoost",raw,models/stacking_sensitivity/h10_CV17_THY_CONT_RATIO_paper.joblib,10,CV17_THY_CONT_RATIO,AFib,6,0.026333520841275194,-0.00260992007486723,False
paper,stacking,"LogisticRegression,RandomForest,AdaBoost",raw,models/stacking_sensitivity/h10_CV17_THY_CONT_RATIO_paper.joblib,10,CV17_THY_CONT_RATIO,Vessels,7,0.025970356365817248,-0.011574809848485315,False
paper,stacking,"LogisticRegression,RandomForest,AdaBoost",raw,models/stacking_sensitivity/h10_CV17_THY_CONT_RATIO_paper.joblib,10,CV17_THY_CONT_RATIO,Previous_CABG,8,0.018148475442882683,-0.01135850745094551,False
paper,stacking,"LogisticRegression,RandomForest,AdaBoost",raw,models/stacking_sensitivity/h10_CV17_THY_CONT_RATIO_paper.joblib,10,CV17_THY_CONT_RATIO,Ischemia,9,0.017383040406274673,0.007211509060078088,False
paper,stacking,"LogisticRegression,RandomForest,AdaBoost",raw,models/stacking_sensitivity/h10_CV17_THY_CONT_RATIO_paper.joblib,10,CV17_THY_CONT_RATIO,Angiography,10,0.01566086721149342,0.0023211146453954775,False
paper,stacking,"LogisticRegression,RandomForest,AdaBoost",raw,models/stacking_sensitivity/h10_CV17_THY_CONT_RATIO_paper.joblib,10,CV17_THY_CONT_RATIO,TSH,11,0.010434288063068231,-0.003497082928451053,True
paper,stacking,"LogisticRegression,RandomForest,AdaBoost",raw,models/stacking_sensitivity/h10_CV17_THY_CONT_RATIO_paper.joblib,10,CV17_THY_CONT_RATIO,fT3_fT4_ratio,12,0.010094957865642507,-0.000886041237021671,True
paper,stacking,"LogisticRegression,RandomForest,AdaBoost",raw,models/stacking_sensitivity/h10_CV17_THY_CONT_RATIO_paper.joblib,10,CV17_THY_CONT_RATIO,fT3,13,0.0045168132279220785,-0.0017824153845674164,True
paper,stacking,"LogisticRegression,RandomForest,AdaBoost",raw,models/stacking_sensitivity/h10_CV17_THY_CONT_RATIO_paper.joblib,10,CV17_THY_CONT_RATIO,Hypertension,14,0.004444564985470292,0.00048734670633245844,False
paper,stacking,"LogisticRegression,RandomForest,AdaBoost",raw,models/stacking_sensitivity/h10_CV17_THY_CONT_RATIO_paper.joblib,10,CV17_THY_CONT_RATIO,fT4,15,0.004186098423573366,-0.0012353905564217215,True
paper,stacking,"LogisticRegression,RandomForest,AdaBoost",raw,models/stacking_sensitivity/h10_CV17_THY_CONT_RATIO_paper.joblib,10,CV17_THY_CONT_RATIO,Acute_MI,16,0.0037015526511024206,0.00370155265110242,False
paper,stacking,"LogisticRegression,RandomForest,AdaBoost",raw,models/stacking_sensitivity/h10_CV17_THY_CONT_RATIO_paper.joblib,10,CV17_THY_CONT_RATIO,Angina,17,0.003555798595297944,-0.0005612311256617705,False
paper,stacking,"LogisticRegression,RandomForest,AdaBoost",raw,models/stacking_sensitivity/h10_CV17_THY_CONT_RATIO_paper.joblib,10,CV17_THY_CONT_RATIO,Previous_MI,18,0.0033053341229421617,-0.0007303792973168356,False
paper,stacking,"LogisticRegression,RandomForest,AdaBoost",raw,models/stacking_sensitivity/h10_CV17_THY_CONT_RATIO_paper.joblib,10,CV17_THY_CONT_RATIO,Smoke,19,0.0013252815129221353,-0.0006501198158673275,False
paper,stacking,"LogisticRegression,RandomForest,AdaBoost",raw,models/stacking_sensitivity/h10_CV17_THY_CONT_RATIO_paper.joblib,10,CV17_THY_CONT_RATIO,Previous_PCI,20,0.0011408671700198396,3.2840832128793054e-05,False
paper,stacking,"LogisticRegression,RandomForest,AdaBoost",raw,models/stacking_sensitivity/h10_CV17_THY_CONT_RATIO_paper.joblib,10,CV17_THY_CONT_RATIO,Gender,21,0.0005445779823661325,6.44416640721736e-05,False
paper,stacking,"LogisticRegression,RandomForest,AdaBoost",sigmoid,models/stacking_sensitivity/h10_CV17_THY_CONT_RATIO_paper.joblib,10,CV17_THY_CONT_RATIO,Age,1,0.16572105437384255,-0.05336412924565023,False
paper,stacking,"LogisticRegression,RandomForest,AdaBoost",sigmoid,models/stacking_sensitivity/h10_CV17_THY_CONT_RATIO_paper.joblib,10,CV17_THY_CONT_RATIO,LVEF,2,0.11570392213882637,0.026666798778828257,False
paper,stacking,"LogisticRegression,RandomForest,AdaBoost",sigmoid,models/stacking_sensitivity/h10_CV17_THY_CONT_RATIO_paper.joblib,10,CV17_THY_CONT_RATIO,Diabetes,3,0.05855709500332557,0.013956395869054705,False
paper,stacking,"LogisticRegression,RandomForest,AdaBoost",sigmoid,models/stacking_sensitivity/h10_CV17_THY_CONT_RATIO_paper.joblib,10,CV17_THY_CONT_RATIO,PostIsch_DCM,4,0.03145112660111917,0.00306577253183271,False
paper,stacking,"LogisticRegression,RandomForest,AdaBoost",sigmoid,models/stacking_sensitivity/h10_CV17_THY_CONT_RATIO_paper.joblib,10,CV17_THY_CONT_RATIO,Dyslipidemia,5,0.030187874796489766,-0.009292066911518324,False
paper,stacking,"LogisticRegression,RandomForest,AdaBoost",sigmoid,models/stacking_sensitivity/h10_CV17_THY_CONT_RATIO_paper.joblib,10,CV17_THY_CONT_RATIO,AFib,6,0.025830872900825082,-0.0025777001263458652,False
paper,stacking,"LogisticRegression,RandomForest,AdaBoost",sigmoid,models/stacking_sensitivity/h10_CV17_THY_CONT_RATIO_paper.joblib,10,CV17_THY_CONT_RATIO,Vessels,7,0.025313732982369355,-0.011265814706637399,False
paper,stacking,"LogisticRegression,RandomForest,AdaBoost",sigmoid,models/stacking_sensitivity/h10_CV17_THY_CONT_RATIO_paper.joblib,10,CV17_THY_CONT_RATIO,Previous_CABG,8,0.017745402907063536,-0.011135355459660847,False
paper,stacking,"LogisticRegression,RandomForest,AdaBoost",sigmoid,models/stacking_sensitivity/h10_CV17_THY_CONT_RATIO_paper.joblib,10,CV17_THY_CONT_RATIO,Ischemia,9,0.017033232453489693,0.007017713017940533,False
paper,stacking,"LogisticRegression,RandomForest,AdaBoost",sigmoid,models/stacking_sensitivity/h10_CV17_THY_CONT_RATIO_paper.joblib,10,CV17_THY_CONT_RATIO,Angiography,10,0.01534267921980949,0.00223372486999237,False
paper,stacking,"LogisticRegression,RandomForest,AdaBoost",sigmoid,models/stacking_sensitivity/h10_CV17_THY_CONT_RATIO_paper.joblib,10,CV17_THY_CONT_RATIO,TSH,11,0.010254300040277437,-0.003477839781824181,True
paper,stacking,"LogisticRegression,RandomForest,AdaBoost",sigmoid,models/stacking_sensitivity/h10_CV17_THY_CONT_RATIO_paper.joblib,10,CV17_THY_CONT_RATIO,fT3_fT4_ratio,12,0.009935269632076702,-0.0009119171851004421,True
paper,stacking,"LogisticRegression,RandomForest,AdaBoost",sigmoid,models/stacking_sensitivity/h10_CV17_THY_CONT_RATIO_paper.joblib,10,CV17_THY_CONT_RATIO,fT3,13,0.00444734609122046,-0.0017636368085305627,True
paper,stacking,"LogisticRegression,RandomForest,AdaBoost",sigmoid,models/stacking_sensitivity/h10_CV17_THY_CONT_RATIO_paper.joblib,10,CV17_THY_CONT_RATIO,Hypertension,14,0.004350466585281133,0.000474537122088219,False
paper,stacking,"LogisticRegression,RandomForest,AdaBoost",sigmoid,models/stacking_sensitivity/h10_CV17_THY_CONT_RATIO_paper.joblib,10,CV17_THY_CONT_RATIO,fT4,15,0.004102896969827282,-0.0012215712395445193,True
paper,stacking,"LogisticRegression,RandomForest,AdaBoost",sigmoid,models/stacking_sensitivity/h10_CV17_THY_CONT_RATIO_paper.joblib,10,CV17_THY_CONT_RATIO,Acute_MI,16,0.0036364389787983953,0.0036364389787983953,False
paper,stacking,"LogisticRegression,RandomForest,AdaBoost",sigmoid,models/stacking_sensitivity/h10_CV17_THY_CONT_RATIO_paper.joblib,10,CV17_THY_CONT_RATIO,Angina,17,0.003478817021163888,-0.0005646399065905099,False
paper,stacking,"LogisticRegression,RandomForest,AdaBoost",sigmoid,models/stacking_sensitivity/h10_CV17_THY_CONT_RATIO_paper.joblib,10,CV17_THY_CONT_RATIO,Previous_MI,18,0.003239559918840248,-0.0007168652988057898,False
paper,stacking,"LogisticRegression,RandomForest,AdaBoost",sigmoid,models/stacking_sensitivity/h10_CV17_THY_CONT_RATIO_paper.joblib,10,CV17_THY_CONT_RATIO,Smoke,19,0.0012989812656406465,-0.000642851788232692,False
paper,stacking,"LogisticRegression,RandomForest,AdaBoost",sigmoid,models/stacking_sensitivity/h10_CV17_THY_CONT_RATIO_paper.joblib,10,CV17_THY_CONT_RATIO,Previous_PCI,20,0.001111305159814465,3.5906127872422007e-05,False
paper,stacking,"LogisticRegression,RandomForest,AdaBoost",sigmoid,models/stacking_sensitivity/h10_CV17_THY_CONT_RATIO_paper.joblib,10,CV17_THY_CONT_RATIO,Gender,21,0.0005311638417966804,6.275530804057106e-05,False
paper,stacking,"LogisticRegression,RandomForest,AdaBoost",isotonic,models/stacking_sensitivity/h10_CV17_THY_CONT_RATIO_paper.joblib,10,CV17_THY_CONT_RATIO,Age,1,0.1661189536585518,-0.055920890456025656,False
paper,stacking,"LogisticRegression,RandomForest,AdaBoost",isotonic,models/stacking_sensitivity/h10_CV17_THY_CONT_RATIO_paper.joblib,10,CV17_THY_CONT_RATIO,LVEF,2,0.11900326141014668,0.025810547748118428,False
paper,stacking,"LogisticRegression,RandomForest,AdaBoost",isotonic,models/stacking_sensitivity/h10_CV17_THY_CONT_RATIO_paper.joblib,10,CV17_THY_CONT_RATIO,Diabetes,3,0.05901091975502269,0.013692015176798715,False
paper,stacking,"LogisticRegression,RandomForest,AdaBoost",isotonic,models/stacking_sensitivity/h10_CV17_THY_CONT_RATIO_paper.joblib,10,CV17_THY_CONT_RATIO,PostIsch_DCM,4,0.032419282881498396,0.0023652194229796327,False
paper,stacking,"LogisticRegression,RandomForest,AdaBoost",isotonic,models/stacking_sensitivity/h10_CV17_THY_CONT_RATIO_paper.joblib,10,CV17_THY_CONT_RATIO,Dyslipidemia,5,0.03135809630094589,-0.011521040303871459,False
paper,stacking,"LogisticRegression,RandomForest,AdaBoost",isotonic,models/stacking_sensitivity/h10_CV17_THY_CONT_RATIO_paper.joblib,10,CV17_THY_CONT_RATIO,AFib,6,0.026764154562713915,-0.002910231763995502,False
paper,stacking,"LogisticRegression,RandomForest,AdaBoost",isotonic,models/stacking_sensitivity/h10_CV17_THY_CONT_RATIO_paper.joblib,10,CV17_THY_CONT_RATIO,Vessels,7,0.02632947461608195,-0.011443259327483208,False
paper,stacking,"LogisticRegression,RandomForest,AdaBoost",isotonic,models/stacking_sensitivity/h10_CV17_THY_CONT_RATIO_paper.joblib,10,CV17_THY_CONT_RATIO,Ischemia,8,0.018629376607547328,0.007965204004890581,False
paper,stacking,"LogisticRegression,RandomForest,AdaBoost",isotonic,models/stacking_sensitivity/h10_CV17_THY_CONT_RATIO_paper.joblib,10,CV17_THY_CONT_RATIO,Previous_CABG,9,0.017086324221269204,-0.011744210513152551,False
paper,stacking,"LogisticRegression,RandomForest,AdaBoost",isotonic,models/stacking_sensitivity/h10_CV17_THY_CONT_RATIO_paper.joblib,10,CV17_THY_CONT_RATIO,Angiography,10,0.01610367761612664,0.003143392860690742,False
paper,stacking,"LogisticRegression,RandomForest,AdaBoost",isotonic,models/stacking_sensitivity/h10_CV17_THY_CONT_RATIO_paper.joblib,10,CV17_THY_CONT_RATIO,TSH,11,0.011487305801887896,-0.004768387481358705,True
paper,stacking,"LogisticRegression,RandomForest,AdaBoost",isotonic,models/stacking_sensitivity/h10_CV17_THY_CONT_RATIO_paper.joblib,10,CV17_THY_CONT_RATIO,fT3_fT4_ratio,12,0.011073862380952938,-0.0016948789511267944,True
paper,stacking,"LogisticRegression,RandomForest,AdaBoost",isotonic,models/stacking_sensitivity/h10_CV17_THY_CONT_RATIO_paper.joblib,10,CV17_THY_CONT_RATIO,fT3,13,0.00548480250327313,-0.002757451899491405,True
paper,stacking,"LogisticRegression,RandomForest,AdaBoost",isotonic,models/stacking_sensitivity/h10_CV17_THY_CONT_RATIO_paper.joblib,10,CV17_THY_CONT_RATIO,fT4,14,0.004954625140562418,-0.0023816991238842485,True
paper,stacking,"LogisticRegression,RandomForest,AdaBoost",isotonic,models/stacking_sensitivity/h10_CV17_THY_CONT_RATIO_paper.joblib,10,CV17_THY_CONT_RATIO,Acute_MI,15,0.0040451195778200616,0.0040451195778200616,False
paper,stacking,"LogisticRegression,RandomForest,AdaBoost",isotonic,models/stacking_sensitivity/h10_CV17_THY_CONT_RATIO_paper.joblib,10,CV17_THY_CONT_RATIO,Hypertension,16,0.003750821991114193,0.000397824702337394,False
paper,stacking,"LogisticRegression,RandomForest,AdaBoost",isotonic,models/stacking_sensitivity/h10_CV17_THY_CONT_RATIO_paper.joblib,10,CV17_THY_CONT_RATIO,Previous_MI,17,0.003506993237376,-0.0014334102842418275,False
paper,stacking,"LogisticRegression,RandomForest,AdaBoost",isotonic,models/stacking_sensitivity/h10_CV17_THY_CONT_RATIO_paper.joblib,10,CV17_THY_CONT_RATIO,Angina,18,0.0033319242710793872,-0.0005273481204445149,False
paper,stacking,"LogisticRegression,RandomForest,AdaBoost",isotonic,models/stacking_sensitivity/h10_CV17_THY_CONT_RATIO_paper.joblib,10,CV17_THY_CONT_RATIO,Previous_PCI,19,0.001602717628757627,1.6899556759166184e-05,False
paper,stacking,"LogisticRegression,RandomForest,AdaBoost",isotonic,models/stacking_sensitivity/h10_CV17_THY_CONT_RATIO_paper.joblib,10,CV17_THY_CONT_RATIO,Smoke,20,0.0015434514143526762,-0.0007613567763624983,False
paper,stacking,"LogisticRegression,RandomForest,AdaBoost",isotonic,models/stacking_sensitivity/h10_CV17_THY_CONT_RATIO_paper.joblib,10,CV17_THY_CONT_RATIO,Gender,21,0.001251078865806598,0.00020384040618212092,False
same_members_reselected_C,stacking,"KNeighbors,AdaBoost,MLP,GradientBoosting",raw,cache/classification_explainability/prepared_h10_CV17_THY_CONT_RATIO.joblib,10,CV17_THY_CONT_RATIO,Age,1,0.16489484577695196,-0.057435280382961966,False
same_members_reselected_C,stacking,"KNeighbors,AdaBoost,MLP,GradientBoosting",raw,cache/classification_explainability/prepared_h10_CV17_THY_CONT_RATIO.joblib,10,CV17_THY_CONT_RATIO,LVEF,2,0.11606973114127851,0.024305550235615606,False
same_members_reselected_C,stacking,"KNeighbors,AdaBoost,MLP,GradientBoosting",raw,cache/classification_explainability/prepared_h10_CV17_THY_CONT_RATIO.joblib,10,CV17_THY_CONT_RATIO,Diabetes,3,0.062461662050677214,0.013469109099180455,False
same_members_reselected_C,stacking,"KNeighbors,AdaBoost,MLP,GradientBoosting",raw,cache/classification_explainability/prepared_h10_CV17_THY_CONT_RATIO.joblib,10,CV17_THY_CONT_RATIO,Dyslipidemia,4,0.03839588547347199,-0.009218532983066428,False
same_members_reselected_C,stacking,"KNeighbors,AdaBoost,MLP,GradientBoosting",raw,cache/classification_explainability/prepared_h10_CV17_THY_CONT_RATIO.joblib,10,CV17_THY_CONT_RATIO,Vessels,5,0.036086395446489776,-0.018211714075016993,False
same_members_reselected_C,stacking,"KNeighbors,AdaBoost,MLP,GradientBoosting",raw,cache/classification_explainability/prepared_h10_CV17_THY_CONT_RATIO.joblib,10,CV17_THY_CONT_RATIO,AFib,6,0.02593944743830431,-0.0010775006498199525,False
same_members_reselected_C,stacking,"KNeighbors,AdaBoost,MLP,GradientBoosting",raw,cache/classification_explainability/prepared_h10_CV17_THY_CONT_RATIO.joblib,10,CV17_THY_CONT_RATIO,PostIsch_DCM,7,0.02383729040806361,0.007117566179049048,False
same_members_reselected_C,stacking,"KNeighbors,AdaBoost,MLP,GradientBoosting",raw,cache/classification_explainability/prepared_h10_CV17_THY_CONT_RATIO.joblib,10,CV17_THY_CONT_RATIO,Previous_CABG,8,0.023250147701325823,-0.016039231102258508,False
same_members_reselected_C,stacking,"KNeighbors,AdaBoost,MLP,GradientBoosting",raw,cache/classification_explainability/prepared_h10_CV17_THY_CONT_RATIO.joblib,10,CV17_THY_CONT_RATIO,Angiography,9,0.018970749746839242,0.0068821068973888315,False
same_members_reselected_C,stacking,"KNeighbors,AdaBoost,MLP,GradientBoosting",raw,cache/classification_explainability/prepared_h10_CV17_THY_CONT_RATIO.joblib,10,CV17_THY_CONT_RATIO,TSH,10,0.015435020011028144,-0.005291315828407032,True
same_members_reselected_C,stacking,"KNeighbors,AdaBoost,MLP,GradientBoosting",raw,cache/classification_explainability/prepared_h10_CV17_THY_CONT_RATIO.joblib,10,CV17_THY_CONT_RATIO,Ischemia,11,0.013884262831973446,0.005391993038868933,False
same_members_reselected_C,stacking,"KNeighbors,AdaBoost,MLP,GradientBoosting",raw,cache/classification_explainability/prepared_h10_CV17_THY_CONT_RATIO.joblib,10,CV17_THY_CONT_RATIO,Angina,12,0.012372616445194622,0.0017539606727349345,False
same_members_reselected_C,stacking,"KNeighbors,AdaBoost,MLP,GradientBoosting",raw,cache/classification_explainability/prepared_h10_CV17_THY_CONT_RATIO.joblib,10,CV17_THY_CONT_RATIO,Smoke,13,0.009229056677542568,-0.0023312826696792344,False
same_members_reselected_C,stacking,"KNeighbors,AdaBoost,MLP,GradientBoosting",raw,cache/classification_explainability/prepared_h10_CV17_THY_CONT_RATIO.joblib,10,CV17_THY_CONT_RATIO,Gender,14,0.008021433628470938,-0.0026769930058311853,False
same_members_reselected_C,stacking,"KNeighbors,AdaBoost,MLP,GradientBoosting",raw,cache/classification_explainability/prepared_h10_CV17_THY_CONT_RATIO.joblib,10,CV17_THY_CONT_RATIO,Previous_PCI,15,0.007768893178340673,0.0007330620434251064,False
same_members_reselected_C,stacking,"KNeighbors,AdaBoost,MLP,GradientBoosting",raw,cache/classification_explainability/prepared_h10_CV17_THY_CONT_RATIO.joblib,10,CV17_THY_CONT_RATIO,fT4,16,0.007503411472715368,0.000757120118153731,True
same_members_reselected_C,stacking,"KNeighbors,AdaBoost,MLP,GradientBoosting",raw,cache/classification_explainability/prepared_h10_CV17_THY_CONT_RATIO.joblib,10,CV17_THY_CONT_RATIO,fT3_fT4_ratio,17,0.006903979147251104,-0.0006369585867121409,True
same_members_reselected_C,stacking,"KNeighbors,AdaBoost,MLP,GradientBoosting",raw,cache/classification_explainability/prepared_h10_CV17_THY_CONT_RATIO.joblib,10,CV17_THY_CONT_RATIO,Hypertension,18,0.006576387290100488,-0.003767511984379898,False
same_members_reselected_C,stacking,"KNeighbors,AdaBoost,MLP,GradientBoosting",raw,cache/classification_explainability/prepared_h10_CV17_THY_CONT_RATIO.joblib,10,CV17_THY_CONT_RATIO,Acute_MI,19,0.006261984318417079,0.00626198431841708,False
same_members_reselected_C,stacking,"KNeighbors,AdaBoost,MLP,GradientBoosting",raw,cache/classification_explainability/prepared_h10_CV17_THY_CONT_RATIO.joblib,10,CV17_THY_CONT_RATIO,Previous_MI,20,0.005402202993277407,0.0013776447196678855,False
same_members_reselected_C,stacking,"KNeighbors,AdaBoost,MLP,GradientBoosting",raw,cache/classification_explainability/prepared_h10_CV17_THY_CONT_RATIO.joblib,10,CV17_THY_CONT_RATIO,fT3,21,0.005099706457976318,-0.0017142108265922017,True
same_members_reselected_C,stacking,"KNeighbors,AdaBoost,MLP,GradientBoosting",sigmoid,cache/classification_explainability/prepared_h10_CV17_THY_CONT_RATIO.joblib,10,CV17_THY_CONT_RATIO,Age,1,0.16076560712199767,-0.05621545710232887,False
same_members_reselected_C,stacking,"KNeighbors,AdaBoost,MLP,GradientBoosting",sigmoid,cache/classification_explainability/prepared_h10_CV17_THY_CONT_RATIO.joblib,10,CV17_THY_CONT_RATIO,LVEF,2,0.11354511119528221,0.023741928501169705,False
same_members_reselected_C,stacking,"KNeighbors,AdaBoost,MLP,GradientBoosting",sigmoid,cache/classification_explainability/prepared_h10_CV17_THY_CONT_RATIO.joblib,10,CV17_THY_CONT_RATIO,Diabetes,3,0.06115720249005948,0.013092342199032403,False
same_members_reselected_C,stacking,"KNeighbors,AdaBoost,MLP,GradientBoosting",sigmoid,cache/classification_explainability/prepared_h10_CV17_THY_CONT_RATIO.joblib,10,CV17_THY_CONT_RATIO,Dyslipidemia,4,0.03759106967841979,-0.009181443980404201,False
same_members_reselected_C,stacking,"KNeighbors,AdaBoost,MLP,GradientBoosting",sigmoid,cache/classification_explainability/prepared_h10_CV17_THY_CONT_RATIO.joblib,10,CV17_THY_CONT_RATIO,Vessels,5,0.03516968791670875,-0.017762033335767986,False
same_members_reselected_C,stacking,"KNeighbors,AdaBoost,MLP,GradientBoosting",sigmoid,cache/classification_explainability/prepared_h10_CV17_THY_CONT_RATIO.joblib,10,CV17_THY_CONT_RATIO,AFib,6,0.02554259617343545,-0.0011025496293638275,False
same_members_reselected_C,stacking,"KNeighbors,AdaBoost,MLP,GradientBoosting",sigmoid,cache/classification_explainability/prepared_h10_CV17_THY_CONT_RATIO.joblib,10,CV17_THY_CONT_RATIO,PostIsch_DCM,7,0.023431378105331423,0.006953429552477633,False
same_members_reselected_C,stacking,"KNeighbors,AdaBoost,MLP,GradientBoosting",sigmoid,cache/classification_explainability/prepared_h10_CV17_THY_CONT_RATIO.joblib,10,CV17_THY_CONT_RATIO,Previous_CABG,8,0.022785055373412723,-0.01572394202706152,False
same_members_reselected_C,stacking,"KNeighbors,AdaBoost,MLP,GradientBoosting",sigmoid,cache/classification_explainability/prepared_h10_CV17_THY_CONT_RATIO.joblib,10,CV17_THY_CONT_RATIO,Angiography,9,0.018584734662490415,0.006659806747470309,False
same_members_reselected_C,stacking,"KNeighbors,AdaBoost,MLP,GradientBoosting",sigmoid,cache/classification_explainability/prepared_h10_CV17_THY_CONT_RATIO.joblib,10,CV17_THY_CONT_RATIO,TSH,10,0.015126871901801049,-0.005229147942881452,True
same_members_reselected_C,stacking,"KNeighbors,AdaBoost,MLP,GradientBoosting",sigmoid,cache/classification_explainability/prepared_h10_CV17_THY_CONT_RATIO.joblib,10,CV17_THY_CONT_RATIO,Ischemia,11,0.013642148870836073,0.005274266064827445,False
same_members_reselected_C,stacking,"KNeighbors,AdaBoost,MLP,GradientBoosting",sigmoid,cache/classification_explainability/prepared_h10_CV17_THY_CONT_RATIO.joblib,10,CV17_THY_CONT_RATIO,Angina,12,0.012081411533859646,0.0017024882169772951,False
same_members_reselected_C,stacking,"KNeighbors,AdaBoost,MLP,GradientBoosting",sigmoid,cache/classification_explainability/prepared_h10_CV17_THY_CONT_RATIO.joblib,10,CV17_THY_CONT_RATIO,Smoke,13,0.009040831554506317,-0.0023263641328273603,False
same_members_reselected_C,stacking,"KNeighbors,AdaBoost,MLP,GradientBoosting",sigmoid,cache/classification_explainability/prepared_h10_CV17_THY_CONT_RATIO.joblib,10,CV17_THY_CONT_RATIO,Gender,14,0.007845576012224537,-0.002619446161255745,False
same_members_reselected_C,stacking,"KNeighbors,AdaBoost,MLP,GradientBoosting",sigmoid,cache/classification_explainability/prepared_h10_CV17_THY_CONT_RATIO.joblib,10,CV17_THY_CONT_RATIO,Previous_PCI,15,0.007573947452582453,0.0007098483659226439,False
same_members_reselected_C,stacking,"KNeighbors,AdaBoost,MLP,GradientBoosting",sigmoid,cache/classification_explainability/prepared_h10_CV17_THY_CONT_RATIO.joblib,10,CV17_THY_CONT_RATIO,fT4,16,0.007334397249520553,0.0006670171343851685,True
same_members_reselected_C,stacking,"KNeighbors,AdaBoost,MLP,GradientBoosting",sigmoid,cache/classification_explainability/prepared_h10_CV17_THY_CONT_RATIO.joblib,10,CV17_THY_CONT_RATIO,fT3_fT4_ratio,17,0.006862565595805354,-0.0006694766438187197,True
same_members_reselected_C,stacking,"KNeighbors,AdaBoost,MLP,GradientBoosting",sigmoid,cache/classification_explainability/prepared_h10_CV17_THY_CONT_RATIO.joblib,10,CV17_THY_CONT_RATIO,Hypertension,18,0.006418799149834683,-0.0037123829790318775,False
same_members_reselected_C,stacking,"KNeighbors,AdaBoost,MLP,GradientBoosting",sigmoid,cache/classification_explainability/prepared_h10_CV17_THY_CONT_RATIO.joblib,10,CV17_THY_CONT_RATIO,Acute_MI,19,0.006145392306420252,0.006145392306420252,False
same_members_reselected_C,stacking,"KNeighbors,AdaBoost,MLP,GradientBoosting",sigmoid,cache/classification_explainability/prepared_h10_CV17_THY_CONT_RATIO.joblib,10,CV17_THY_CONT_RATIO,Previous_MI,20,0.005293593059504524,0.001338237546857897,False
same_members_reselected_C,stacking,"KNeighbors,AdaBoost,MLP,GradientBoosting",sigmoid,cache/classification_explainability/prepared_h10_CV17_THY_CONT_RATIO.joblib,10,CV17_THY_CONT_RATIO,fT3,21,0.004981854078669772,-0.0016904095357315393,True
same_members_reselected_C,stacking,"KNeighbors,AdaBoost,MLP,GradientBoosting",isotonic,cache/classification_explainability/prepared_h10_CV17_THY_CONT_RATIO.joblib,10,CV17_THY_CONT_RATIO,Age,1,0.15985268708841002,-0.05842630965979271,False
same_members_reselected_C,stacking,"KNeighbors,AdaBoost,MLP,GradientBoosting",isotonic,cache/classification_explainability/prepared_h10_CV17_THY_CONT_RATIO.joblib,10,CV17_THY_CONT_RATIO,LVEF,2,0.11457710836195284,0.023064407225358227,False
same_members_reselected_C,stacking,"KNeighbors,AdaBoost,MLP,GradientBoosting",isotonic,cache/classification_explainability/prepared_h10_CV17_THY_CONT_RATIO.joblib,10,CV17_THY_CONT_RATIO,Diabetes,3,0.059231238349722486,0.01317715171693477,False
same_members_reselected_C,stacking,"KNeighbors,AdaBoost,MLP,GradientBoosting",isotonic,cache/classification_explainability/prepared_h10_CV17_THY_CONT_RATIO.joblib,10,CV17_THY_CONT_RATIO,Dyslipidemia,4,0.03742023864520012,-0.008591752739823447,False
same_members_reselected_C,stacking,"KNeighbors,AdaBoost,MLP,GradientBoosting",isotonic,cache/classification_explainability/prepared_h10_CV17_THY_CONT_RATIO.joblib,10,CV17_THY_CONT_RATIO,Vessels,5,0.03485584568134865,-0.01732403114776537,False
same_members_reselected_C,stacking,"KNeighbors,AdaBoost,MLP,GradientBoosting",isotonic,cache/classification_explainability/prepared_h10_CV17_THY_CONT_RATIO.joblib,10,CV17_THY_CONT_RATIO,AFib,6,0.025302201829152306,-0.0012827631180780637,False
same_members_reselected_C,stacking,"KNeighbors,AdaBoost,MLP,GradientBoosting",isotonic,cache/classification_explainability/prepared_h10_CV17_THY_CONT_RATIO.joblib,10,CV17_THY_CONT_RATIO,PostIsch_DCM,7,0.023913160268404756,0.00672890706548093,False
same_members_reselected_C,stacking,"KNeighbors,AdaBoost,MLP,GradientBoosting",isotonic,cache/classification_explainability/prepared_h10_CV17_THY_CONT_RATIO.joblib,10,CV17_THY_CONT_RATIO,Previous_CABG,8,0.023902033721806236,-0.016049673911774857,False
same_members_reselected_C,stacking,"KNeighbors,AdaBoost,MLP,GradientBoosting",isotonic,cache/classification_explainability/prepared_h10_CV17_THY_CONT_RATIO.joblib,10,CV17_THY_CONT_RATIO,Angiography,9,0.018814231217856144,0.00543846630557793,False
same_members_reselected_C,stacking,"KNeighbors,AdaBoost,MLP,GradientBoosting",isotonic,cache/classification_explainability/prepared_h10_CV17_THY_CONT_RATIO.joblib,10,CV17_THY_CONT_RATIO,TSH,10,0.0164482477480434,-0.005093429707743138,True
same_members_reselected_C,stacking,"KNeighbors,AdaBoost,MLP,GradientBoosting",isotonic,cache/classification_explainability/prepared_h10_CV17_THY_CONT_RATIO.joblib,10,CV17_THY_CONT_RATIO,Ischemia,11,0.015413261804179578,0.006426649274150841,False
same_members_reselected_C,stacking,"KNeighbors,AdaBoost,MLP,GradientBoosting",isotonic,cache/classification_explainability/prepared_h10_CV17_THY_CONT_RATIO.joblib,10,CV17_THY_CONT_RATIO,Angina,12,0.012062071517162244,0.0016637689920156206,False
same_members_reselected_C,stacking,"KNeighbors,AdaBoost,MLP,GradientBoosting",isotonic,cache/classification_explainability/prepared_h10_CV17_THY_CONT_RATIO.joblib,10,CV17_THY_CONT_RATIO,Smoke,13,0.009206832941723194,-0.0003952399831656468,False
same_members_reselected_C,stacking,"KNeighbors,AdaBoost,MLP,GradientBoosting",isotonic,cache/classification_explainability/prepared_h10_CV17_THY_CONT_RATIO.joblib,10,CV17_THY_CONT_RATIO,Gender,14,0.008834811689177905,-0.0035743863392070866,False
same_members_reselected_C,stacking,"KNeighbors,AdaBoost,MLP,GradientBoosting",isotonic,cache/classification_explainability/prepared_h10_CV17_THY_CONT_RATIO.joblib,10,CV17_THY_CONT_RATIO,fT4,15,0.008674697448378158,0.0018806728722961883,True
same_members_reselected_C,stacking,"KNeighbors,AdaBoost,MLP,GradientBoosting",isotonic,cache/classification_explainability/prepared_h10_CV17_THY_CONT_RATIO.joblib,10,CV17_THY_CONT_RATIO,Previous_PCI,16,0.0070580934688714006,-0.00030182481480737605,False
same_members_reselected_C,stacking,"KNeighbors,AdaBoost,MLP,GradientBoosting",isotonic,cache/classification_explainability/prepared_h10_CV17_THY_CONT_RATIO.joblib,10,CV17_THY_CONT_RATIO,fT3_fT4_ratio,17,0.006976362452490473,-0.0008071814000427686,True
same_members_reselected_C,stacking,"KNeighbors,AdaBoost,MLP,GradientBoosting",isotonic,cache/classification_explainability/prepared_h10_CV17_THY_CONT_RATIO.joblib,10,CV17_THY_CONT_RATIO,Hypertension,18,0.006730343863971753,-0.0028070804957005483,False
same_members_reselected_C,stacking,"KNeighbors,AdaBoost,MLP,GradientBoosting",isotonic,cache/classification_explainability/prepared_h10_CV17_THY_CONT_RATIO.joblib,10,CV17_THY_CONT_RATIO,Previous_MI,19,0.006378763179876949,0.001394976277143533,False
same_members_reselected_C,stacking,"KNeighbors,AdaBoost,MLP,GradientBoosting",isotonic,cache/classification_explainability/prepared_h10_CV17_THY_CONT_RATIO.joblib,10,CV17_THY_CONT_RATIO,Acute_MI,20,0.006015097170574032,0.006015097170574032,False
same_members_reselected_C,stacking,"KNeighbors,AdaBoost,MLP,GradientBoosting",isotonic,cache/classification_explainability/prepared_h10_CV17_THY_CONT_RATIO.joblib,10,CV17_THY_CONT_RATIO,fT3,21,0.005051417953740502,-0.002301361994656718,True
