arm,kind,members,scale,source,horizon,feature_set,feature,rank,mean_abs_shap,mean_shap,is_thyroid
LogisticRegression,individual,LogisticRegression,raw,Cached fitted individual; sigmoid fitted to cached training OOF,7,CV17_THY_CONT_RATIO,Age,1,0.09980730091748533,-0.04826828205701139,False
LogisticRegression,individual,LogisticRegression,raw,Cached fitted individual; sigmoid fitted to cached training OOF,7,CV17_THY_CONT_RATIO,LVEF,2,0.07474363323012857,0.015370334703787788,False
LogisticRegression,individual,LogisticRegression,raw,Cached fitted individual; sigmoid fitted to cached training OOF,7,CV17_THY_CONT_RATIO,Dyslipidemia,3,0.029640369940796482,0.006655937183154546,False
LogisticRegression,individual,LogisticRegression,raw,Cached fitted individual; sigmoid fitted to cached training OOF,7,CV17_THY_CONT_RATIO,Vessels,4,0.02779260943447637,-0.008202817045602866,False
LogisticRegression,individual,LogisticRegression,raw,Cached fitted individual; sigmoid fitted to cached training OOF,7,CV17_THY_CONT_RATIO,Ischemia,5,0.024546743497661994,0.0017016735472057615,False
LogisticRegression,individual,LogisticRegression,raw,Cached fitted individual; sigmoid fitted to cached training OOF,7,CV17_THY_CONT_RATIO,AFib,6,0.02357445736757746,-0.003139430788476904,False
LogisticRegression,individual,LogisticRegression,raw,Cached fitted individual; sigmoid fitted to cached training OOF,7,CV17_THY_CONT_RATIO,Diabetes,7,0.023392556263553282,0.014884385758609817,False
LogisticRegression,individual,LogisticRegression,raw,Cached fitted individual; sigmoid fitted to cached training OOF,7,CV17_THY_CONT_RATIO,PostIsch_DCM,8,0.022953166010869937,0.007383553832775746,False
LogisticRegression,individual,LogisticRegression,raw,Cached fitted individual; sigmoid fitted to cached training OOF,7,CV17_THY_CONT_RATIO,Acute_MI,9,0.01964569942356042,-0.010970298688314032,False
LogisticRegression,individual,LogisticRegression,raw,Cached fitted individual; sigmoid fitted to cached training OOF,7,CV17_THY_CONT_RATIO,Angina,10,0.016360929543646034,-0.011603116845262017,False
LogisticRegression,individual,LogisticRegression,raw,Cached fitted individual; sigmoid fitted to cached training OOF,7,CV17_THY_CONT_RATIO,Hypertension,11,0.008699236882341315,-0.0011417814500940598,False
LogisticRegression,individual,LogisticRegression,raw,Cached fitted individual; sigmoid fitted to cached training OOF,7,CV17_THY_CONT_RATIO,Angiography,12,0.007562773616732087,-0.0009242732463388309,False
LogisticRegression,individual,LogisticRegression,raw,Cached fitted individual; sigmoid fitted to cached training OOF,7,CV17_THY_CONT_RATIO,fT4,13,0.006423436266319246,-0.00017333347572576067,True
LogisticRegression,individual,LogisticRegression,raw,Cached fitted individual; sigmoid fitted to cached training OOF,7,CV17_THY_CONT_RATIO,Previous_CABG,14,0.004325774118749504,0.004325774118749504,False
LogisticRegression,individual,LogisticRegression,raw,Cached fitted individual; sigmoid fitted to cached training OOF,7,CV17_THY_CONT_RATIO,Smoke,15,0.0035821826394099505,-0.0012930346791774985,False
LogisticRegression,individual,LogisticRegression,raw,Cached fitted individual; sigmoid fitted to cached training OOF,7,CV17_THY_CONT_RATIO,Previous_PCI,16,0.0012504533941820625,-7.575691632395856e-05,False
LogisticRegression,individual,LogisticRegression,raw,Cached fitted individual; sigmoid fitted to cached training OOF,7,CV17_THY_CONT_RATIO,Previous_MI,17,0.000642498795277825,-6.898194126752789e-05,False
LogisticRegression,individual,LogisticRegression,raw,Cached fitted individual; sigmoid fitted to cached training OOF,7,CV17_THY_CONT_RATIO,TSH,18,0.0003265790645269871,3.3234703919313884e-05,True
LogisticRegression,individual,LogisticRegression,raw,Cached fitted individual; sigmoid fitted to cached training OOF,7,CV17_THY_CONT_RATIO,Gender,19,0.0,0.0,False
LogisticRegression,individual,LogisticRegression,raw,Cached fitted individual; sigmoid fitted to cached training OOF,7,CV17_THY_CONT_RATIO,fT3,20,0.0,0.0,True
LogisticRegression,individual,LogisticRegression,raw,Cached fitted individual; sigmoid fitted to cached training OOF,7,CV17_THY_CONT_RATIO,fT3_fT4_ratio,21,0.0,0.0,True
LogisticRegression,individual,LogisticRegression,sigmoid,Cached fitted individual; sigmoid fitted to cached training OOF,7,CV17_THY_CONT_RATIO,Age,1,0.07934429627647956,-0.04696420694606787,False
LogisticRegression,individual,LogisticRegression,sigmoid,Cached fitted individual; sigmoid fitted to cached training OOF,7,CV17_THY_CONT_RATIO,LVEF,2,0.07555836880593983,0.014030059519763416,False
LogisticRegression,individual,LogisticRegression,sigmoid,Cached fitted individual; sigmoid fitted to cached training OOF,7,CV17_THY_CONT_RATIO,PostIsch_DCM,3,0.028864861934005028,0.009358498745258355,False
LogisticRegression,individual,LogisticRegression,sigmoid,Cached fitted individual; sigmoid fitted to cached training OOF,7,CV17_THY_CONT_RATIO,Dyslipidemia,4,0.027101946152549582,0.004276981305916014,False
LogisticRegression,individual,LogisticRegression,sigmoid,Cached fitted individual; sigmoid fitted to cached training OOF,7,CV17_THY_CONT_RATIO,Vessels,5,0.026247398185719237,-0.009716819830280641,False
LogisticRegression,individual,LogisticRegression,sigmoid,Cached fitted individual; sigmoid fitted to cached training OOF,7,CV17_THY_CONT_RATIO,AFib,6,0.022734306709429428,-0.002387372487394359,False
LogisticRegression,individual,LogisticRegression,sigmoid,Cached fitted individual; sigmoid fitted to cached training OOF,7,CV17_THY_CONT_RATIO,Diabetes,7,0.022669820952986846,0.013910744007937485,False
LogisticRegression,individual,LogisticRegression,sigmoid,Cached fitted individual; sigmoid fitted to cached training OOF,7,CV17_THY_CONT_RATIO,Ischemia,8,0.021198375861923562,0.000266377212043035,False
LogisticRegression,individual,LogisticRegression,sigmoid,Cached fitted individual; sigmoid fitted to cached training OOF,7,CV17_THY_CONT_RATIO,Acute_MI,9,0.019660858718923185,-0.010481940376165672,False
LogisticRegression,individual,LogisticRegression,sigmoid,Cached fitted individual; sigmoid fitted to cached training OOF,7,CV17_THY_CONT_RATIO,Angina,10,0.014045336758907389,-0.010270014180154097,False
LogisticRegression,individual,LogisticRegression,sigmoid,Cached fitted individual; sigmoid fitted to cached training OOF,7,CV17_THY_CONT_RATIO,Hypertension,11,0.007435463992071745,-0.0020098761411569987,False
LogisticRegression,individual,LogisticRegression,sigmoid,Cached fitted individual; sigmoid fitted to cached training OOF,7,CV17_THY_CONT_RATIO,Angiography,12,0.006747364282309498,-0.00038759782157985937,False
LogisticRegression,individual,LogisticRegression,sigmoid,Cached fitted individual; sigmoid fitted to cached training OOF,7,CV17_THY_CONT_RATIO,fT4,13,0.0057429746974346505,-0.0011866254312819441,True
LogisticRegression,individual,LogisticRegression,sigmoid,Cached fitted individual; sigmoid fitted to cached training OOF,7,CV17_THY_CONT_RATIO,Previous_CABG,14,0.004565624773019533,0.004565624773019534,False
LogisticRegression,individual,LogisticRegression,sigmoid,Cached fitted individual; sigmoid fitted to cached training OOF,7,CV17_THY_CONT_RATIO,Smoke,15,0.0030827276319839317,-0.0012518309685781571,False
LogisticRegression,individual,LogisticRegression,sigmoid,Cached fitted individual; sigmoid fitted to cached training OOF,7,CV17_THY_CONT_RATIO,Previous_PCI,16,0.001006183853164768,0.0001844601078643771,False
LogisticRegression,individual,LogisticRegression,sigmoid,Cached fitted individual; sigmoid fitted to cached training OOF,7,CV17_THY_CONT_RATIO,Previous_MI,17,0.0005927826466078357,2.2085579429735505e-06,False
LogisticRegression,individual,LogisticRegression,sigmoid,Cached fitted individual; sigmoid fitted to cached training OOF,7,CV17_THY_CONT_RATIO,TSH,18,0.00026785851386735746,-1.4304005936197095e-07,True
LogisticRegression,individual,LogisticRegression,sigmoid,Cached fitted individual; sigmoid fitted to cached training OOF,7,CV17_THY_CONT_RATIO,Gender,19,0.0,0.0,False
LogisticRegression,individual,LogisticRegression,sigmoid,Cached fitted individual; sigmoid fitted to cached training OOF,7,CV17_THY_CONT_RATIO,fT3,20,0.0,0.0,True
LogisticRegression,individual,LogisticRegression,sigmoid,Cached fitted individual; sigmoid fitted to cached training OOF,7,CV17_THY_CONT_RATIO,fT3_fT4_ratio,21,0.0,0.0,True
SVC,individual,SVC,raw,Cached fitted individual; sigmoid fitted to cached training OOF,7,CV17_THY_CONT_RATIO,LVEF,1,0.06840883120053955,0.012847086340928307,False
SVC,individual,SVC,raw,Cached fitted individual; sigmoid fitted to cached training OOF,7,CV17_THY_CONT_RATIO,Age,2,0.047611296385887666,-0.027776343712462133,False
SVC,individual,SVC,raw,Cached fitted individual; sigmoid fitted to cached training OOF,7,CV17_THY_CONT_RATIO,PostIsch_DCM,3,0.04125723006477116,0.013832957373717945,False
SVC,individual,SVC,raw,Cached fitted individual; sigmoid fitted to cached training OOF,7,CV17_THY_CONT_RATIO,Dyslipidemia,4,0.026120530554734504,0.004462937831241253,False
SVC,individual,SVC,raw,Cached fitted individual; sigmoid fitted to cached training OOF,7,CV17_THY_CONT_RATIO,Diabetes,5,0.0257857047733576,0.0161405117910117,False
SVC,individual,SVC,raw,Cached fitted individual; sigmoid fitted to cached training OOF,7,CV17_THY_CONT_RATIO,Acute_MI,6,0.025774971868877457,-0.014236311283414214,False
SVC,individual,SVC,raw,Cached fitted individual; sigmoid fitted to cached training OOF,7,CV17_THY_CONT_RATIO,AFib,7,0.02543066356349843,-0.0016997708654255797,False
SVC,individual,SVC,raw,Cached fitted individual; sigmoid fitted to cached training OOF,7,CV17_THY_CONT_RATIO,Ischemia,8,0.020998888039996118,0.0012310436420336877,False
SVC,individual,SVC,raw,Cached fitted individual; sigmoid fitted to cached training OOF,7,CV17_THY_CONT_RATIO,Vessels,9,0.02062800846176397,-0.00786843848590722,False
SVC,individual,SVC,raw,Cached fitted individual; sigmoid fitted to cached training OOF,7,CV17_THY_CONT_RATIO,Angina,10,0.018550017903576136,-0.013601536887426342,False
SVC,individual,SVC,raw,Cached fitted individual; sigmoid fitted to cached training OOF,7,CV17_THY_CONT_RATIO,Previous_MI,11,0.013615454731012496,-0.00041714747001790284,False
SVC,individual,SVC,raw,Cached fitted individual; sigmoid fitted to cached training OOF,7,CV17_THY_CONT_RATIO,Angiography,12,0.011992000836611425,-0.0006420630858071513,False
SVC,individual,SVC,raw,Cached fitted individual; sigmoid fitted to cached training OOF,7,CV17_THY_CONT_RATIO,Smoke,13,0.009321704823436573,-0.003460433322683568,False
SVC,individual,SVC,raw,Cached fitted individual; sigmoid fitted to cached training OOF,7,CV17_THY_CONT_RATIO,fT3_fT4_ratio,14,0.008458036087399989,0.005641013961860276,True
SVC,individual,SVC,raw,Cached fitted individual; sigmoid fitted to cached training OOF,7,CV17_THY_CONT_RATIO,fT4,15,0.007587467021492632,-0.0009428781783563858,True
SVC,individual,SVC,raw,Cached fitted individual; sigmoid fitted to cached training OOF,7,CV17_THY_CONT_RATIO,Previous_CABG,16,0.006960832600348344,0.006960832600348344,False
SVC,individual,SVC,raw,Cached fitted individual; sigmoid fitted to cached training OOF,7,CV17_THY_CONT_RATIO,Hypertension,17,0.00474785058574136,-0.0010539824054101594,False
SVC,individual,SVC,raw,Cached fitted individual; sigmoid fitted to cached training OOF,7,CV17_THY_CONT_RATIO,Previous_PCI,18,0.0034433613960339463,0.000305524920737262,False
SVC,individual,SVC,raw,Cached fitted individual; sigmoid fitted to cached training OOF,7,CV17_THY_CONT_RATIO,TSH,19,0.0014467179770131552,5.5012505351075827e-05,True
SVC,individual,SVC,raw,Cached fitted individual; sigmoid fitted to cached training OOF,7,CV17_THY_CONT_RATIO,fT3,20,0.0009181835369593465,-8.280778646726024e-05,True
SVC,individual,SVC,raw,Cached fitted individual; sigmoid fitted to cached training OOF,7,CV17_THY_CONT_RATIO,Gender,21,0.00016157288835356306,4.665325639606366e-05,False
SVC,individual,SVC,sigmoid,Cached fitted individual; sigmoid fitted to cached training OOF,7,CV17_THY_CONT_RATIO,LVEF,1,0.06428607212645897,0.012545775434770812,False
SVC,individual,SVC,sigmoid,Cached fitted individual; sigmoid fitted to cached training OOF,7,CV17_THY_CONT_RATIO,Age,2,0.04465261967052717,-0.02591378300003386,False
SVC,individual,SVC,sigmoid,Cached fitted individual; sigmoid fitted to cached training OOF,7,CV17_THY_CONT_RATIO,PostIsch_DCM,3,0.03933187397300076,0.013555694913319732,False
SVC,individual,SVC,sigmoid,Cached fitted individual; sigmoid fitted to cached training OOF,7,CV17_THY_CONT_RATIO,Dyslipidemia,4,0.024517671828354817,0.004259929960089252,False
SVC,individual,SVC,sigmoid,Cached fitted individual; sigmoid fitted to cached training OOF,7,CV17_THY_CONT_RATIO,Acute_MI,5,0.024178495679921155,-0.01323965933488342,False
SVC,individual,SVC,sigmoid,Cached fitted individual; sigmoid fitted to cached training OOF,7,CV17_THY_CONT_RATIO,Diabetes,6,0.02405189073142791,0.015074344274487743,False
SVC,individual,SVC,sigmoid,Cached fitted individual; sigmoid fitted to cached training OOF,7,CV17_THY_CONT_RATIO,AFib,7,0.023745719974807303,-0.0014716033713359934,False
SVC,individual,SVC,sigmoid,Cached fitted individual; sigmoid fitted to cached training OOF,7,CV17_THY_CONT_RATIO,Ischemia,8,0.019774292958892825,0.0011416987039525469,False
SVC,individual,SVC,sigmoid,Cached fitted individual; sigmoid fitted to cached training OOF,7,CV17_THY_CONT_RATIO,Vessels,9,0.019450018849536045,-0.007275982128562245,False
SVC,individual,SVC,sigmoid,Cached fitted individual; sigmoid fitted to cached training OOF,7,CV17_THY_CONT_RATIO,Angina,10,0.017400874696756552,-0.012762152928700764,False
SVC,individual,SVC,sigmoid,Cached fitted individual; sigmoid fitted to cached training OOF,7,CV17_THY_CONT_RATIO,Previous_MI,11,0.012827548178827884,-0.0003191751208621559,False
SVC,individual,SVC,sigmoid,Cached fitted individual; sigmoid fitted to cached training OOF,7,CV17_THY_CONT_RATIO,Angiography,12,0.011250730851571957,-0.0005600330535388949,False
SVC,individual,SVC,sigmoid,Cached fitted individual; sigmoid fitted to cached training OOF,7,CV17_THY_CONT_RATIO,Smoke,13,0.008761267580587543,-0.0032735037216614325,False
SVC,individual,SVC,sigmoid,Cached fitted individual; sigmoid fitted to cached training OOF,7,CV17_THY_CONT_RATIO,fT3_fT4_ratio,14,0.00789551050470624,0.005251545691522668,True
SVC,individual,SVC,sigmoid,Cached fitted individual; sigmoid fitted to cached training OOF,7,CV17_THY_CONT_RATIO,fT4,15,0.00712061310337574,-0.0008670290162156615,True
SVC,individual,SVC,sigmoid,Cached fitted individual; sigmoid fitted to cached training OOF,7,CV17_THY_CONT_RATIO,Previous_CABG,16,0.006671244850088727,0.006671244850088726,False
SVC,individual,SVC,sigmoid,Cached fitted individual; sigmoid fitted to cached training OOF,7,CV17_THY_CONT_RATIO,Hypertension,17,0.004461647011671525,-0.0009603343305648629,False
SVC,individual,SVC,sigmoid,Cached fitted individual; sigmoid fitted to cached training OOF,7,CV17_THY_CONT_RATIO,Previous_PCI,18,0.0032296083767836934,0.0002795543391203091,False
SVC,individual,SVC,sigmoid,Cached fitted individual; sigmoid fitted to cached training OOF,7,CV17_THY_CONT_RATIO,TSH,19,0.0013609132399358469,5.5157279454632626e-05,True
SVC,individual,SVC,sigmoid,Cached fitted individual; sigmoid fitted to cached training OOF,7,CV17_THY_CONT_RATIO,fT3,20,0.0008587006033265771,-7.809369344878965e-05,True
SVC,individual,SVC,sigmoid,Cached fitted individual; sigmoid fitted to cached training OOF,7,CV17_THY_CONT_RATIO,Gender,21,0.00015544502496423753,4.436734723178341e-05,False
KNeighbors,individual,KNeighbors,raw,Cached fitted individual; sigmoid fitted to cached training OOF,7,CV17_THY_CONT_RATIO,Age,1,0.05102539062500001,-0.023834228515625007,False
KNeighbors,individual,KNeighbors,raw,Cached fitted individual; sigmoid fitted to cached training OOF,7,CV17_THY_CONT_RATIO,LVEF,2,0.04227701822916666,0.009104410807291657,False
KNeighbors,individual,KNeighbors,raw,Cached fitted individual; sigmoid fitted to cached training OOF,7,CV17_THY_CONT_RATIO,AFib,3,0.041107177734375,0.000966389973958333,False
KNeighbors,individual,KNeighbors,raw,Cached fitted individual; sigmoid fitted to cached training OOF,7,CV17_THY_CONT_RATIO,Dyslipidemia,4,0.03863525390624998,0.004709879557291661,False
KNeighbors,individual,KNeighbors,raw,Cached fitted individual; sigmoid fitted to cached training OOF,7,CV17_THY_CONT_RATIO,PostIsch_DCM,5,0.036066691080729164,0.010045369466145836,False
KNeighbors,individual,KNeighbors,raw,Cached fitted individual; sigmoid fitted to cached training OOF,7,CV17_THY_CONT_RATIO,Acute_MI,6,0.02784220377604166,-0.01823933919270833,False
KNeighbors,individual,KNeighbors,raw,Cached fitted individual; sigmoid fitted to cached training OOF,7,CV17_THY_CONT_RATIO,Ischemia,7,0.027323404947916668,0.005065917968750005,False
KNeighbors,individual,KNeighbors,raw,Cached fitted individual; sigmoid fitted to cached training OOF,7,CV17_THY_CONT_RATIO,Diabetes,8,0.0267486572265625,0.016871134440104164,False
KNeighbors,individual,KNeighbors,raw,Cached fitted individual; sigmoid fitted to cached training OOF,7,CV17_THY_CONT_RATIO,Vessels,9,0.024973551432291657,-0.012135823567708339,False
KNeighbors,individual,KNeighbors,raw,Cached fitted individual; sigmoid fitted to cached training OOF,7,CV17_THY_CONT_RATIO,Hypertension,10,0.02410380045572916,0.006902058919270836,False
KNeighbors,individual,KNeighbors,raw,Cached fitted individual; sigmoid fitted to cached training OOF,7,CV17_THY_CONT_RATIO,Angina,11,0.02394104003906249,-0.006841023763020833,False
KNeighbors,individual,KNeighbors,raw,Cached fitted individual; sigmoid fitted to cached training OOF,7,CV17_THY_CONT_RATIO,Smoke,12,0.020233154296875003,-0.0038859049479166687,False
KNeighbors,individual,KNeighbors,raw,Cached fitted individual; sigmoid fitted to cached training OOF,7,CV17_THY_CONT_RATIO,Angiography,13,0.018651326497395836,0.010594685872395825,False
KNeighbors,individual,KNeighbors,raw,Cached fitted individual; sigmoid fitted to cached training OOF,7,CV17_THY_CONT_RATIO,Gender,14,0.01733907063802083,0.003616333007812496,False
KNeighbors,individual,KNeighbors,raw,Cached fitted individual; sigmoid fitted to cached training OOF,7,CV17_THY_CONT_RATIO,Previous_MI,15,0.015858968098958336,0.0032145182291666696,False
KNeighbors,individual,KNeighbors,raw,Cached fitted individual; sigmoid fitted to cached training OOF,7,CV17_THY_CONT_RATIO,fT3_fT4_ratio,16,0.01181538899739583,0.0003916422526041613,True
KNeighbors,individual,KNeighbors,raw,Cached fitted individual; sigmoid fitted to cached training OOF,7,CV17_THY_CONT_RATIO,fT4,17,0.010843912760416668,0.0014953613281249987,True
KNeighbors,individual,KNeighbors,raw,Cached fitted individual; sigmoid fitted to cached training OOF,7,CV17_THY_CONT_RATIO,Previous_PCI,18,0.009211222330729166,-0.0007985432942708311,False
KNeighbors,individual,KNeighbors,raw,Cached fitted individual; sigmoid fitted to cached training OOF,7,CV17_THY_CONT_RATIO,fT3,19,0.00817362467447917,-0.0008188883463541689,True
KNeighbors,individual,KNeighbors,raw,Cached fitted individual; sigmoid fitted to cached training OOF,7,CV17_THY_CONT_RATIO,TSH,20,0.006490071614583329,-0.0005493164062500046,True
KNeighbors,individual,KNeighbors,raw,Cached fitted individual; sigmoid fitted to cached training OOF,7,CV17_THY_CONT_RATIO,Previous_CABG,21,0.005193074544270835,0.005193074544270836,False
KNeighbors,individual,KNeighbors,sigmoid,Cached fitted individual; sigmoid fitted to cached training OOF,7,CV17_THY_CONT_RATIO,Age,1,0.029071263655170508,-0.01497056695434457,False
KNeighbors,individual,KNeighbors,sigmoid,Cached fitted individual; sigmoid fitted to cached training OOF,7,CV17_THY_CONT_RATIO,LVEF,2,0.027535992383795505,0.005994737227444347,False
KNeighbors,individual,KNeighbors,sigmoid,Cached fitted individual; sigmoid fitted to cached training OOF,7,CV17_THY_CONT_RATIO,AFib,3,0.024835117491012543,0.0012990906170891484,False
KNeighbors,individual,KNeighbors,sigmoid,Cached fitted individual; sigmoid fitted to cached training OOF,7,CV17_THY_CONT_RATIO,PostIsch_DCM,4,0.024358595252036194,0.00782697812323726,False
KNeighbors,individual,KNeighbors,sigmoid,Cached fitted individual; sigmoid fitted to cached training OOF,7,CV17_THY_CONT_RATIO,Dyslipidemia,5,0.023309987197254124,0.0031893480226922732,False
KNeighbors,individual,KNeighbors,sigmoid,Cached fitted individual; sigmoid fitted to cached training OOF,7,CV17_THY_CONT_RATIO,Acute_MI,6,0.017472510736626954,-0.011330749197338445,False
KNeighbors,individual,KNeighbors,sigmoid,Cached fitted individual; sigmoid fitted to cached training OOF,7,CV17_THY_CONT_RATIO,Diabetes,7,0.016804705795877596,0.01126764326807213,False
KNeighbors,individual,KNeighbors,sigmoid,Cached fitted individual; sigmoid fitted to cached training OOF,7,CV17_THY_CONT_RATIO,Ischemia,8,0.016055424999047635,0.0019101669250580003,False
KNeighbors,individual,KNeighbors,sigmoid,Cached fitted individual; sigmoid fitted to cached training OOF,7,CV17_THY_CONT_RATIO,Vessels,9,0.01411064514548639,-0.007335129147060925,False
KNeighbors,individual,KNeighbors,sigmoid,Cached fitted individual; sigmoid fitted to cached training OOF,7,CV17_THY_CONT_RATIO,Angina,10,0.013652293876772793,-0.0050816372668725015,False
KNeighbors,individual,KNeighbors,sigmoid,Cached fitted individual; sigmoid fitted to cached training OOF,7,CV17_THY_CONT_RATIO,Hypertension,11,0.013601655954605312,0.003312127646540741,False
KNeighbors,individual,KNeighbors,sigmoid,Cached fitted individual; sigmoid fitted to cached training OOF,7,CV17_THY_CONT_RATIO,Angiography,12,0.011843035206924419,0.007149873950539498,False
KNeighbors,individual,KNeighbors,sigmoid,Cached fitted individual; sigmoid fitted to cached training OOF,7,CV17_THY_CONT_RATIO,Smoke,13,0.01172472769654891,-0.0021351408830860563,False
KNeighbors,individual,KNeighbors,sigmoid,Cached fitted individual; sigmoid fitted to cached training OOF,7,CV17_THY_CONT_RATIO,Gender,14,0.010417130966310173,0.0016936125332728436,False
KNeighbors,individual,KNeighbors,sigmoid,Cached fitted individual; sigmoid fitted to cached training OOF,7,CV17_THY_CONT_RATIO,Previous_MI,15,0.009692342590497362,0.002084914524677629,False
KNeighbors,individual,KNeighbors,sigmoid,Cached fitted individual; sigmoid fitted to cached training OOF,7,CV17_THY_CONT_RATIO,fT3_fT4_ratio,16,0.006856543248116789,0.00040874798153463145,True
KNeighbors,individual,KNeighbors,sigmoid,Cached fitted individual; sigmoid fitted to cached training OOF,7,CV17_THY_CONT_RATIO,fT4,17,0.00616096716284278,0.00083450865289468,True
KNeighbors,individual,KNeighbors,sigmoid,Cached fitted individual; sigmoid fitted to cached training OOF,7,CV17_THY_CONT_RATIO,Previous_PCI,18,0.004706970670235315,-0.0003051666539778239,False
KNeighbors,individual,KNeighbors,sigmoid,Cached fitted individual; sigmoid fitted to cached training OOF,7,CV17_THY_CONT_RATIO,fT3,19,0.004559849395573696,-0.0002205634506092745,True
KNeighbors,individual,KNeighbors,sigmoid,Cached fitted individual; sigmoid fitted to cached training OOF,7,CV17_THY_CONT_RATIO,TSH,20,0.003637451748567391,-0.0006200471313492507,True
KNeighbors,individual,KNeighbors,sigmoid,Cached fitted individual; sigmoid fitted to cached training OOF,7,CV17_THY_CONT_RATIO,Previous_CABG,21,0.002581842761060449,0.0023535024373827094,False
RandomForest,individual,RandomForest,raw,Cached fitted individual; sigmoid fitted to cached training OOF,7,CV17_THY_CONT_RATIO,Age,1,0.08560891324942327,-0.04168891767703546,False
RandomForest,individual,RandomForest,raw,Cached fitted individual; sigmoid fitted to cached training OOF,7,CV17_THY_CONT_RATIO,LVEF,2,0.06643766068601287,0.011844289127930188,False
RandomForest,individual,RandomForest,raw,Cached fitted individual; sigmoid fitted to cached training OOF,7,CV17_THY_CONT_RATIO,fT3_fT4_ratio,3,0.028143476379805656,0.0008118831263015632,True
RandomForest,individual,RandomForest,raw,Cached fitted individual; sigmoid fitted to cached training OOF,7,CV17_THY_CONT_RATIO,PostIsch_DCM,4,0.024044476575563144,0.00908652267231095,False
RandomForest,individual,RandomForest,raw,Cached fitted individual; sigmoid fitted to cached training OOF,7,CV17_THY_CONT_RATIO,Vessels,5,0.023404669197915513,-0.007594950061163914,False
RandomForest,individual,RandomForest,raw,Cached fitted individual; sigmoid fitted to cached training OOF,7,CV17_THY_CONT_RATIO,Diabetes,6,0.01746240356393278,0.01245205571617589,False
RandomForest,individual,RandomForest,raw,Cached fitted individual; sigmoid fitted to cached training OOF,7,CV17_THY_CONT_RATIO,Dyslipidemia,7,0.01723757158075353,0.0026633844557725304,False
RandomForest,individual,RandomForest,raw,Cached fitted individual; sigmoid fitted to cached training OOF,7,CV17_THY_CONT_RATIO,fT4,8,0.015852756557071808,-0.0008957385391323427,True
RandomForest,individual,RandomForest,raw,Cached fitted individual; sigmoid fitted to cached training OOF,7,CV17_THY_CONT_RATIO,Ischemia,9,0.013087597706931863,0.002039424836032703,False
RandomForest,individual,RandomForest,raw,Cached fitted individual; sigmoid fitted to cached training OOF,7,CV17_THY_CONT_RATIO,TSH,10,0.012257911618239005,0.005655002346312921,True
RandomForest,individual,RandomForest,raw,Cached fitted individual; sigmoid fitted to cached training OOF,7,CV17_THY_CONT_RATIO,fT3,11,0.011428072467143086,-0.0024003079282603067,True
RandomForest,individual,RandomForest,raw,Cached fitted individual; sigmoid fitted to cached training OOF,7,CV17_THY_CONT_RATIO,AFib,12,0.011074714657126662,0.00027866284462520083,False
RandomForest,individual,RandomForest,raw,Cached fitted individual; sigmoid fitted to cached training OOF,7,CV17_THY_CONT_RATIO,Angina,13,0.008032074468070615,-0.004677495822158788,False
RandomForest,individual,RandomForest,raw,Cached fitted individual; sigmoid fitted to cached training OOF,7,CV17_THY_CONT_RATIO,Acute_MI,14,0.007790379494432014,-0.004387446675967477,False
RandomForest,individual,RandomForest,raw,Cached fitted individual; sigmoid fitted to cached training OOF,7,CV17_THY_CONT_RATIO,Angiography,15,0.004589678837333888,0.0019354205098583567,False
RandomForest,individual,RandomForest,raw,Cached fitted individual; sigmoid fitted to cached training OOF,7,CV17_THY_CONT_RATIO,Hypertension,16,0.0044002795452092415,-0.00016015582434755586,False
RandomForest,individual,RandomForest,raw,Cached fitted individual; sigmoid fitted to cached training OOF,7,CV17_THY_CONT_RATIO,Previous_MI,17,0.004100834594004443,0.0010686225119489186,False
RandomForest,individual,RandomForest,raw,Cached fitted individual; sigmoid fitted to cached training OOF,7,CV17_THY_CONT_RATIO,Smoke,18,0.003712539929054912,-0.00046250171736323434,False
RandomForest,individual,RandomForest,raw,Cached fitted individual; sigmoid fitted to cached training OOF,7,CV17_THY_CONT_RATIO,Previous_CABG,19,0.0031470894776414195,0.0031470894776414195,False
RandomForest,individual,RandomForest,raw,Cached fitted individual; sigmoid fitted to cached training OOF,7,CV17_THY_CONT_RATIO,Previous_PCI,20,0.0028691842137322297,-7.471286308036962e-05,False
RandomForest,individual,RandomForest,raw,Cached fitted individual; sigmoid fitted to cached training OOF,7,CV17_THY_CONT_RATIO,Gender,21,0.0024129997617238093,0.00041091551368403767,False
RandomForest,individual,RandomForest,sigmoid,Cached fitted individual; sigmoid fitted to cached training OOF,7,CV17_THY_CONT_RATIO,Age,1,0.07859424277962783,-0.043783621022827374,False
RandomForest,individual,RandomForest,sigmoid,Cached fitted individual; sigmoid fitted to cached training OOF,7,CV17_THY_CONT_RATIO,LVEF,2,0.0625198315573205,0.007538734025408553,False
RandomForest,individual,RandomForest,sigmoid,Cached fitted individual; sigmoid fitted to cached training OOF,7,CV17_THY_CONT_RATIO,PostIsch_DCM,3,0.024997168503885177,0.009023440865300289,False
RandomForest,individual,RandomForest,sigmoid,Cached fitted individual; sigmoid fitted to cached training OOF,7,CV17_THY_CONT_RATIO,fT3_fT4_ratio,4,0.024786270574967635,-0.0020964419372526055,True
RandomForest,individual,RandomForest,sigmoid,Cached fitted individual; sigmoid fitted to cached training OOF,7,CV17_THY_CONT_RATIO,Vessels,5,0.022053622345294996,-0.008973110503211994,False
RandomForest,individual,RandomForest,sigmoid,Cached fitted individual; sigmoid fitted to cached training OOF,7,CV17_THY_CONT_RATIO,Dyslipidemia,6,0.01558887469829305,0.001600385579676439,False
RandomForest,individual,RandomForest,sigmoid,Cached fitted individual; sigmoid fitted to cached training OOF,7,CV17_THY_CONT_RATIO,Diabetes,7,0.015502697127758647,0.010967859380031017,False
RandomForest,individual,RandomForest,sigmoid,Cached fitted individual; sigmoid fitted to cached training OOF,7,CV17_THY_CONT_RATIO,fT4,8,0.014923356781140722,-0.004164080589061794,True
RandomForest,individual,RandomForest,sigmoid,Cached fitted individual; sigmoid fitted to cached training OOF,7,CV17_THY_CONT_RATIO,Ischemia,9,0.010947514980814458,0.0008743762305821856,False
RandomForest,individual,RandomForest,sigmoid,Cached fitted individual; sigmoid fitted to cached training OOF,7,CV17_THY_CONT_RATIO,fT3,10,0.009889778459446307,-0.003591732530573661,True
RandomForest,individual,RandomForest,sigmoid,Cached fitted individual; sigmoid fitted to cached training OOF,7,CV17_THY_CONT_RATIO,AFib,11,0.009637670246644367,0.0002930450573187697,False
RandomForest,individual,RandomForest,sigmoid,Cached fitted individual; sigmoid fitted to cached training OOF,7,CV17_THY_CONT_RATIO,TSH,12,0.009251906695149935,0.002401956310546999,True
RandomForest,individual,RandomForest,sigmoid,Cached fitted individual; sigmoid fitted to cached training OOF,7,CV17_THY_CONT_RATIO,Acute_MI,13,0.007309118054505975,-0.004295910001956799,False
RandomForest,individual,RandomForest,sigmoid,Cached fitted individual; sigmoid fitted to cached training OOF,7,CV17_THY_CONT_RATIO,Angina,14,0.006729317840624024,-0.004136072289350625,False
RandomForest,individual,RandomForest,sigmoid,Cached fitted individual; sigmoid fitted to cached training OOF,7,CV17_THY_CONT_RATIO,Previous_MI,15,0.0045665886392905215,0.0010826478079747604,False
RandomForest,individual,RandomForest,sigmoid,Cached fitted individual; sigmoid fitted to cached training OOF,7,CV17_THY_CONT_RATIO,Angiography,16,0.004373174970054193,0.001820378012807983,False
RandomForest,individual,RandomForest,sigmoid,Cached fitted individual; sigmoid fitted to cached training OOF,7,CV17_THY_CONT_RATIO,Hypertension,17,0.0036314067031997287,-0.0007757626652740736,False
RandomForest,individual,RandomForest,sigmoid,Cached fitted individual; sigmoid fitted to cached training OOF,7,CV17_THY_CONT_RATIO,Smoke,18,0.003108463676987286,-0.0007815337649811027,False
RandomForest,individual,RandomForest,sigmoid,Cached fitted individual; sigmoid fitted to cached training OOF,7,CV17_THY_CONT_RATIO,Previous_CABG,19,0.002416899883629594,0.002416899883629594,False
RandomForest,individual,RandomForest,sigmoid,Cached fitted individual; sigmoid fitted to cached training OOF,7,CV17_THY_CONT_RATIO,Gender,20,0.002145751000820349,-2.8464810060760648e-05,False
RandomForest,individual,RandomForest,sigmoid,Cached fitted individual; sigmoid fitted to cached training OOF,7,CV17_THY_CONT_RATIO,Previous_PCI,21,0.0019387631576789942,0.00016799501779312377,False
AdaBoost,individual,AdaBoost,raw,Cached fitted individual; sigmoid fitted to cached training OOF,7,CV17_THY_CONT_RATIO,Age,1,0.05853065057375653,-0.022295559207350588,False
AdaBoost,individual,AdaBoost,raw,Cached fitted individual; sigmoid fitted to cached training OOF,7,CV17_THY_CONT_RATIO,LVEF,2,0.04233974454000649,0.006218204226690687,False
AdaBoost,individual,AdaBoost,raw,Cached fitted individual; sigmoid fitted to cached training OOF,7,CV17_THY_CONT_RATIO,fT3_fT4_ratio,3,0.01387138878274345,-0.0007408399598929243,True
AdaBoost,individual,AdaBoost,raw,Cached fitted individual; sigmoid fitted to cached training OOF,7,CV17_THY_CONT_RATIO,Diabetes,4,0.008957400778562564,0.0057229721792054905,False
AdaBoost,individual,AdaBoost,raw,Cached fitted individual; sigmoid fitted to cached training OOF,7,CV17_THY_CONT_RATIO,PostIsch_DCM,5,0.007922833970496217,0.0028176133044400756,False
AdaBoost,individual,AdaBoost,raw,Cached fitted individual; sigmoid fitted to cached training OOF,7,CV17_THY_CONT_RATIO,Dyslipidemia,6,0.0078794615136288,0.0017738314703739217,False
AdaBoost,individual,AdaBoost,raw,Cached fitted individual; sigmoid fitted to cached training OOF,7,CV17_THY_CONT_RATIO,Vessels,7,0.007622921108692129,-0.002191111097706957,False
AdaBoost,individual,AdaBoost,raw,Cached fitted individual; sigmoid fitted to cached training OOF,7,CV17_THY_CONT_RATIO,TSH,8,0.007139103014234762,0.0021379485562302942,True
AdaBoost,individual,AdaBoost,raw,Cached fitted individual; sigmoid fitted to cached training OOF,7,CV17_THY_CONT_RATIO,fT4,9,0.006928832629779541,-0.0013094058651916805,True
AdaBoost,individual,AdaBoost,raw,Cached fitted individual; sigmoid fitted to cached training OOF,7,CV17_THY_CONT_RATIO,Ischemia,10,0.0051925737598328275,0.00045805618950539736,False
AdaBoost,individual,AdaBoost,raw,Cached fitted individual; sigmoid fitted to cached training OOF,7,CV17_THY_CONT_RATIO,AFib,11,0.0043052444885219214,-0.0004882876550285852,False
AdaBoost,individual,AdaBoost,raw,Cached fitted individual; sigmoid fitted to cached training OOF,7,CV17_THY_CONT_RATIO,Acute_MI,12,0.003994067091763837,-0.0022045792481910015,False
AdaBoost,individual,AdaBoost,raw,Cached fitted individual; sigmoid fitted to cached training OOF,7,CV17_THY_CONT_RATIO,Previous_CABG,13,0.0007602784913727828,0.0007602784913727828,False
AdaBoost,individual,AdaBoost,raw,Cached fitted individual; sigmoid fitted to cached training OOF,7,CV17_THY_CONT_RATIO,Angiography,14,0.0,0.0,False
AdaBoost,individual,AdaBoost,raw,Cached fitted individual; sigmoid fitted to cached training OOF,7,CV17_THY_CONT_RATIO,Previous_PCI,15,0.0,0.0,False
AdaBoost,individual,AdaBoost,raw,Cached fitted individual; sigmoid fitted to cached training OOF,7,CV17_THY_CONT_RATIO,Angina,16,0.0,0.0,False
AdaBoost,individual,AdaBoost,raw,Cached fitted individual; sigmoid fitted to cached training OOF,7,CV17_THY_CONT_RATIO,Hypertension,17,0.0,0.0,False
AdaBoost,individual,AdaBoost,raw,Cached fitted individual; sigmoid fitted to cached training OOF,7,CV17_THY_CONT_RATIO,Smoke,18,0.0,0.0,False
AdaBoost,individual,AdaBoost,raw,Cached fitted individual; sigmoid fitted to cached training OOF,7,CV17_THY_CONT_RATIO,Previous_MI,19,0.0,0.0,False
AdaBoost,individual,AdaBoost,raw,Cached fitted individual; sigmoid fitted to cached training OOF,7,CV17_THY_CONT_RATIO,Gender,20,0.0,0.0,False
AdaBoost,individual,AdaBoost,raw,Cached fitted individual; sigmoid fitted to cached training OOF,7,CV17_THY_CONT_RATIO,fT3,21,0.0,0.0,True
AdaBoost,individual,AdaBoost,sigmoid,Cached fitted individual; sigmoid fitted to cached training OOF,7,CV17_THY_CONT_RATIO,Age,1,0.09280803506247541,-0.0441940459652391,False
AdaBoost,individual,AdaBoost,sigmoid,Cached fitted individual; sigmoid fitted to cached training OOF,7,CV17_THY_CONT_RATIO,LVEF,2,0.07871358956548742,0.010587838902695747,False
AdaBoost,individual,AdaBoost,sigmoid,Cached fitted individual; sigmoid fitted to cached training OOF,7,CV17_THY_CONT_RATIO,fT3_fT4_ratio,3,0.021667243680530916,-0.0014367476768827438,True
AdaBoost,individual,AdaBoost,sigmoid,Cached fitted individual; sigmoid fitted to cached training OOF,7,CV17_THY_CONT_RATIO,PostIsch_DCM,4,0.017409301932755906,0.0053729900248035145,False
AdaBoost,individual,AdaBoost,sigmoid,Cached fitted individual; sigmoid fitted to cached training OOF,7,CV17_THY_CONT_RATIO,Diabetes,5,0.016043525711006115,0.009871911081665505,False
AdaBoost,individual,AdaBoost,sigmoid,Cached fitted individual; sigmoid fitted to cached training OOF,7,CV17_THY_CONT_RATIO,Vessels,6,0.013945844592753559,-0.004755315724683602,False
AdaBoost,individual,AdaBoost,sigmoid,Cached fitted individual; sigmoid fitted to cached training OOF,7,CV17_THY_CONT_RATIO,fT4,7,0.013769633199279544,-0.004958086115395355,True
AdaBoost,individual,AdaBoost,sigmoid,Cached fitted individual; sigmoid fitted to cached training OOF,7,CV17_THY_CONT_RATIO,Dyslipidemia,8,0.012819064995546678,0.0020451894159975734,False
AdaBoost,individual,AdaBoost,sigmoid,Cached fitted individual; sigmoid fitted to cached training OOF,7,CV17_THY_CONT_RATIO,TSH,9,0.011461351993337355,0.001290890401417202,True
AdaBoost,individual,AdaBoost,sigmoid,Cached fitted individual; sigmoid fitted to cached training OOF,7,CV17_THY_CONT_RATIO,Ischemia,10,0.008092259398960818,9.044369960268042e-05,False
AdaBoost,individual,AdaBoost,sigmoid,Cached fitted individual; sigmoid fitted to cached training OOF,7,CV17_THY_CONT_RATIO,AFib,11,0.0076101271309099204,-0.001009380522695199,False
AdaBoost,individual,AdaBoost,sigmoid,Cached fitted individual; sigmoid fitted to cached training OOF,7,CV17_THY_CONT_RATIO,Acute_MI,12,0.007177487964256351,-0.003876437965867246,False
AdaBoost,individual,AdaBoost,sigmoid,Cached fitted individual; sigmoid fitted to cached training OOF,7,CV17_THY_CONT_RATIO,Previous_CABG,13,0.0013052439258887049,0.0013052439258887049,False
AdaBoost,individual,AdaBoost,sigmoid,Cached fitted individual; sigmoid fitted to cached training OOF,7,CV17_THY_CONT_RATIO,Angiography,14,0.0,0.0,False
AdaBoost,individual,AdaBoost,sigmoid,Cached fitted individual; sigmoid fitted to cached training OOF,7,CV17_THY_CONT_RATIO,Previous_PCI,15,0.0,0.0,False
AdaBoost,individual,AdaBoost,sigmoid,Cached fitted individual; sigmoid fitted to cached training OOF,7,CV17_THY_CONT_RATIO,Angina,16,0.0,0.0,False
AdaBoost,individual,AdaBoost,sigmoid,Cached fitted individual; sigmoid fitted to cached training OOF,7,CV17_THY_CONT_RATIO,Hypertension,17,0.0,0.0,False
AdaBoost,individual,AdaBoost,sigmoid,Cached fitted individual; sigmoid fitted to cached training OOF,7,CV17_THY_CONT_RATIO,Smoke,18,0.0,0.0,False
AdaBoost,individual,AdaBoost,sigmoid,Cached fitted individual; sigmoid fitted to cached training OOF,7,CV17_THY_CONT_RATIO,Previous_MI,19,0.0,0.0,False
AdaBoost,individual,AdaBoost,sigmoid,Cached fitted individual; sigmoid fitted to cached training OOF,7,CV17_THY_CONT_RATIO,Gender,20,0.0,0.0,False
AdaBoost,individual,AdaBoost,sigmoid,Cached fitted individual; sigmoid fitted to cached training OOF,7,CV17_THY_CONT_RATIO,fT3,21,0.0,0.0,True
MLP,individual,MLP,raw,Cached fitted individual; sigmoid fitted to cached training OOF,7,CV17_THY_CONT_RATIO,Age,1,0.060171484904529025,-0.03399479682992968,False
MLP,individual,MLP,raw,Cached fitted individual; sigmoid fitted to cached training OOF,7,CV17_THY_CONT_RATIO,LVEF,2,0.05590888750686511,0.010502599013129558,False
MLP,individual,MLP,raw,Cached fitted individual; sigmoid fitted to cached training OOF,7,CV17_THY_CONT_RATIO,Dyslipidemia,3,0.028796466743468488,0.005740443750402334,False
MLP,individual,MLP,raw,Cached fitted individual; sigmoid fitted to cached training OOF,7,CV17_THY_CONT_RATIO,PostIsch_DCM,4,0.02655767148136598,0.010624239945512624,False
MLP,individual,MLP,raw,Cached fitted individual; sigmoid fitted to cached training OOF,7,CV17_THY_CONT_RATIO,Vessels,5,0.02296499294374654,-0.007553687416802783,False
MLP,individual,MLP,raw,Cached fitted individual; sigmoid fitted to cached training OOF,7,CV17_THY_CONT_RATIO,Diabetes,6,0.022874026565585074,0.013561320852981475,False
MLP,individual,MLP,raw,Cached fitted individual; sigmoid fitted to cached training OOF,7,CV17_THY_CONT_RATIO,Angina,7,0.019725968963275376,-0.013143481208502197,False
MLP,individual,MLP,raw,Cached fitted individual; sigmoid fitted to cached training OOF,7,CV17_THY_CONT_RATIO,Ischemia,8,0.018870368790849253,0.002381927104551055,False
MLP,individual,MLP,raw,Cached fitted individual; sigmoid fitted to cached training OOF,7,CV17_THY_CONT_RATIO,Acute_MI,9,0.017986553519621255,-0.0074769728452058135,False
MLP,individual,MLP,raw,Cached fitted individual; sigmoid fitted to cached training OOF,7,CV17_THY_CONT_RATIO,AFib,10,0.017946062120962274,-0.0007214421657146587,False
MLP,individual,MLP,raw,Cached fitted individual; sigmoid fitted to cached training OOF,7,CV17_THY_CONT_RATIO,fT4,11,0.015445584274936636,-0.0019701767879404127,True
MLP,individual,MLP,raw,Cached fitted individual; sigmoid fitted to cached training OOF,7,CV17_THY_CONT_RATIO,Hypertension,12,0.010777128778993438,-7.285977741036567e-05,False
MLP,individual,MLP,raw,Cached fitted individual; sigmoid fitted to cached training OOF,7,CV17_THY_CONT_RATIO,Angiography,13,0.009259220290007671,0.0005496116293459087,False
MLP,individual,MLP,raw,Cached fitted individual; sigmoid fitted to cached training OOF,7,CV17_THY_CONT_RATIO,Gender,14,0.009075881274548742,0.0014387537476390586,False
MLP,individual,MLP,raw,Cached fitted individual; sigmoid fitted to cached training OOF,7,CV17_THY_CONT_RATIO,TSH,15,0.007867853275277033,0.0006715708525748551,True
MLP,individual,MLP,raw,Cached fitted individual; sigmoid fitted to cached training OOF,7,CV17_THY_CONT_RATIO,Previous_CABG,16,0.005784365703487619,0.005784365703487619,False
MLP,individual,MLP,raw,Cached fitted individual; sigmoid fitted to cached training OOF,7,CV17_THY_CONT_RATIO,Previous_MI,17,0.00551022027961342,0.0022628677339899114,False
MLP,individual,MLP,raw,Cached fitted individual; sigmoid fitted to cached training OOF,7,CV17_THY_CONT_RATIO,Previous_PCI,18,0.005260603928426311,0.0006214626813896161,False
MLP,individual,MLP,raw,Cached fitted individual; sigmoid fitted to cached training OOF,7,CV17_THY_CONT_RATIO,Smoke,19,0.004974562159105254,0.0018042946040973374,False
MLP,individual,MLP,raw,Cached fitted individual; sigmoid fitted to cached training OOF,7,CV17_THY_CONT_RATIO,fT3_fT4_ratio,20,0.003759755436433775,-0.0023013088124630783,True
MLP,individual,MLP,raw,Cached fitted individual; sigmoid fitted to cached training OOF,7,CV17_THY_CONT_RATIO,fT3,21,0.0009485130187887479,-8.89332914911295e-05,True
MLP,individual,MLP,sigmoid,Cached fitted individual; sigmoid fitted to cached training OOF,7,CV17_THY_CONT_RATIO,Age,1,0.06499711145623661,-0.038816169896857905,False
MLP,individual,MLP,sigmoid,Cached fitted individual; sigmoid fitted to cached training OOF,7,CV17_THY_CONT_RATIO,LVEF,2,0.06387267658612411,0.011061322174025053,False
MLP,individual,MLP,sigmoid,Cached fitted individual; sigmoid fitted to cached training OOF,7,CV17_THY_CONT_RATIO,Dyslipidemia,3,0.032311566445614004,0.005764176256709176,False
MLP,individual,MLP,sigmoid,Cached fitted individual; sigmoid fitted to cached training OOF,7,CV17_THY_CONT_RATIO,PostIsch_DCM,4,0.031059058103804337,0.012049566105370413,False
MLP,individual,MLP,sigmoid,Cached fitted individual; sigmoid fitted to cached training OOF,7,CV17_THY_CONT_RATIO,Diabetes,5,0.02630909306890073,0.015613148389967135,False
MLP,individual,MLP,sigmoid,Cached fitted individual; sigmoid fitted to cached training OOF,7,CV17_THY_CONT_RATIO,Vessels,6,0.024867758681011713,-0.009016963657190973,False
MLP,individual,MLP,sigmoid,Cached fitted individual; sigmoid fitted to cached training OOF,7,CV17_THY_CONT_RATIO,Angina,7,0.02105378697402821,-0.014144818289646713,False
MLP,individual,MLP,sigmoid,Cached fitted individual; sigmoid fitted to cached training OOF,7,CV17_THY_CONT_RATIO,Acute_MI,8,0.020568086881133426,-0.008360927027814187,False
MLP,individual,MLP,sigmoid,Cached fitted individual; sigmoid fitted to cached training OOF,7,CV17_THY_CONT_RATIO,Ischemia,9,0.020404400487450212,0.0025001644527895134,False
MLP,individual,MLP,sigmoid,Cached fitted individual; sigmoid fitted to cached training OOF,7,CV17_THY_CONT_RATIO,AFib,10,0.019948819315780873,-0.0008931835642957294,False
MLP,individual,MLP,sigmoid,Cached fitted individual; sigmoid fitted to cached training OOF,7,CV17_THY_CONT_RATIO,fT4,11,0.017425700407114317,-0.002688621442767053,True
MLP,individual,MLP,sigmoid,Cached fitted individual; sigmoid fitted to cached training OOF,7,CV17_THY_CONT_RATIO,Hypertension,12,0.010964597184613312,-0.00046746329953192725,False
MLP,individual,MLP,sigmoid,Cached fitted individual; sigmoid fitted to cached training OOF,7,CV17_THY_CONT_RATIO,Angiography,13,0.010411163413256546,0.0007304793623421075,False
MLP,individual,MLP,sigmoid,Cached fitted individual; sigmoid fitted to cached training OOF,7,CV17_THY_CONT_RATIO,Gender,14,0.009893220437125412,0.0016689028190830881,False
MLP,individual,MLP,sigmoid,Cached fitted individual; sigmoid fitted to cached training OOF,7,CV17_THY_CONT_RATIO,TSH,15,0.008354364687999462,0.000565547380787154,True
MLP,individual,MLP,sigmoid,Cached fitted individual; sigmoid fitted to cached training OOF,7,CV17_THY_CONT_RATIO,Previous_CABG,16,0.006484403807088184,0.006484403807088184,False
MLP,individual,MLP,sigmoid,Cached fitted individual; sigmoid fitted to cached training OOF,7,CV17_THY_CONT_RATIO,Previous_MI,17,0.0061685695178638564,0.002593421871542199,False
MLP,individual,MLP,sigmoid,Cached fitted individual; sigmoid fitted to cached training OOF,7,CV17_THY_CONT_RATIO,Previous_PCI,18,0.0055638963226620625,0.0011236214698042341,False
MLP,individual,MLP,sigmoid,Cached fitted individual; sigmoid fitted to cached training OOF,7,CV17_THY_CONT_RATIO,Smoke,19,0.005327624552459061,0.0018259806233083275,False
MLP,individual,MLP,sigmoid,Cached fitted individual; sigmoid fitted to cached training OOF,7,CV17_THY_CONT_RATIO,fT3_fT4_ratio,20,0.00377776205175423,-0.0021883422717030327,True
MLP,individual,MLP,sigmoid,Cached fitted individual; sigmoid fitted to cached training OOF,7,CV17_THY_CONT_RATIO,fT3,21,0.0010316028763087746,-0.00012327258582034103,True
GradientBoosting,individual,GradientBoosting,raw,Cached fitted individual; sigmoid fitted to cached training OOF,7,CV17_THY_CONT_RATIO,LVEF,1,0.07863655869124965,0.01064469660022092,False
GradientBoosting,individual,GradientBoosting,raw,Cached fitted individual; sigmoid fitted to cached training OOF,7,CV17_THY_CONT_RATIO,Age,2,0.07752023744374141,-0.04277664685257668,False
GradientBoosting,individual,GradientBoosting,raw,Cached fitted individual; sigmoid fitted to cached training OOF,7,CV17_THY_CONT_RATIO,Vessels,3,0.021178570281023733,-0.005161790819301975,False
GradientBoosting,individual,GradientBoosting,raw,Cached fitted individual; sigmoid fitted to cached training OOF,7,CV17_THY_CONT_RATIO,Diabetes,4,0.017708407560820993,0.011503351219712118,False
GradientBoosting,individual,GradientBoosting,raw,Cached fitted individual; sigmoid fitted to cached training OOF,7,CV17_THY_CONT_RATIO,fT4,5,0.014311261930351288,-0.008550306313397192,True
GradientBoosting,individual,GradientBoosting,raw,Cached fitted individual; sigmoid fitted to cached training OOF,7,CV17_THY_CONT_RATIO,PostIsch_DCM,6,0.013484728147620499,0.000940266861128786,False
GradientBoosting,individual,GradientBoosting,raw,Cached fitted individual; sigmoid fitted to cached training OOF,7,CV17_THY_CONT_RATIO,TSH,7,0.013188041407882867,0.002973715779150584,True
GradientBoosting,individual,GradientBoosting,raw,Cached fitted individual; sigmoid fitted to cached training OOF,7,CV17_THY_CONT_RATIO,fT3_fT4_ratio,8,0.012992624211016596,-0.0020308022947198093,True
GradientBoosting,individual,GradientBoosting,raw,Cached fitted individual; sigmoid fitted to cached training OOF,7,CV17_THY_CONT_RATIO,fT3,9,0.010594945229084225,-0.0092333894439541,True
GradientBoosting,individual,GradientBoosting,raw,Cached fitted individual; sigmoid fitted to cached training OOF,7,CV17_THY_CONT_RATIO,Dyslipidemia,10,0.009470241567989346,-0.00024151642826148367,False
GradientBoosting,individual,GradientBoosting,raw,Cached fitted individual; sigmoid fitted to cached training OOF,7,CV17_THY_CONT_RATIO,AFib,11,0.009363314868549943,-0.0035715968208250735,False
GradientBoosting,individual,GradientBoosting,raw,Cached fitted individual; sigmoid fitted to cached training OOF,7,CV17_THY_CONT_RATIO,Ischemia,12,0.0062758874168156835,0.0004329841687034429,False
GradientBoosting,individual,GradientBoosting,raw,Cached fitted individual; sigmoid fitted to cached training OOF,7,CV17_THY_CONT_RATIO,Angina,13,0.004745793207822701,-0.003395529722614063,False
GradientBoosting,individual,GradientBoosting,raw,Cached fitted individual; sigmoid fitted to cached training OOF,7,CV17_THY_CONT_RATIO,Acute_MI,14,0.0047195307167529855,-0.0030165594362407348,False
GradientBoosting,individual,GradientBoosting,raw,Cached fitted individual; sigmoid fitted to cached training OOF,7,CV17_THY_CONT_RATIO,Previous_MI,15,0.003366826542910158,0.0015153011193645256,False
GradientBoosting,individual,GradientBoosting,raw,Cached fitted individual; sigmoid fitted to cached training OOF,7,CV17_THY_CONT_RATIO,Hypertension,16,0.0025223546762645145,-7.434827613782898e-05,False
GradientBoosting,individual,GradientBoosting,raw,Cached fitted individual; sigmoid fitted to cached training OOF,7,CV17_THY_CONT_RATIO,Previous_CABG,17,0.0019344598032703469,0.0019344598032703469,False
GradientBoosting,individual,GradientBoosting,raw,Cached fitted individual; sigmoid fitted to cached training OOF,7,CV17_THY_CONT_RATIO,Angiography,18,0.0017726148627251268,0.0003603415910048424,False
GradientBoosting,individual,GradientBoosting,raw,Cached fitted individual; sigmoid fitted to cached training OOF,7,CV17_THY_CONT_RATIO,Gender,19,0.0012480268118675256,0.0003544991760331981,False
GradientBoosting,individual,GradientBoosting,raw,Cached fitted individual; sigmoid fitted to cached training OOF,7,CV17_THY_CONT_RATIO,Previous_PCI,20,0.0010554735012954803,-0.0001756283580069181,False
GradientBoosting,individual,GradientBoosting,raw,Cached fitted individual; sigmoid fitted to cached training OOF,7,CV17_THY_CONT_RATIO,Smoke,21,0.0009473162907705125,0.0004094359136642763,False
GradientBoosting,individual,GradientBoosting,sigmoid,Cached fitted individual; sigmoid fitted to cached training OOF,7,CV17_THY_CONT_RATIO,LVEF,1,0.08254799033811899,0.010957015161235897,False
GradientBoosting,individual,GradientBoosting,sigmoid,Cached fitted individual; sigmoid fitted to cached training OOF,7,CV17_THY_CONT_RATIO,Age,2,0.08119899957143543,-0.044947670590228424,False
GradientBoosting,individual,GradientBoosting,sigmoid,Cached fitted individual; sigmoid fitted to cached training OOF,7,CV17_THY_CONT_RATIO,Vessels,3,0.02215734301678284,-0.0053748243928645354,False
GradientBoosting,individual,GradientBoosting,sigmoid,Cached fitted individual; sigmoid fitted to cached training OOF,7,CV17_THY_CONT_RATIO,Diabetes,4,0.018581724013655834,0.012061125696903263,False
GradientBoosting,individual,GradientBoosting,sigmoid,Cached fitted individual; sigmoid fitted to cached training OOF,7,CV17_THY_CONT_RATIO,fT4,5,0.014962784780962397,-0.009011217209172223,True
GradientBoosting,individual,GradientBoosting,sigmoid,Cached fitted individual; sigmoid fitted to cached training OOF,7,CV17_THY_CONT_RATIO,PostIsch_DCM,6,0.013999838360638749,0.0008478097579350257,False
GradientBoosting,individual,GradientBoosting,sigmoid,Cached fitted individual; sigmoid fitted to cached training OOF,7,CV17_THY_CONT_RATIO,TSH,7,0.013735888903451675,0.0030028893906021226,True
GradientBoosting,individual,GradientBoosting,sigmoid,Cached fitted individual; sigmoid fitted to cached training OOF,7,CV17_THY_CONT_RATIO,fT3_fT4_ratio,8,0.013563265217779081,-0.0021804740681821075,True
GradientBoosting,individual,GradientBoosting,sigmoid,Cached fitted individual; sigmoid fitted to cached training OOF,7,CV17_THY_CONT_RATIO,fT3,9,0.011106732252695775,-0.009702575230496174,True
GradientBoosting,individual,GradientBoosting,sigmoid,Cached fitted individual; sigmoid fitted to cached training OOF,7,CV17_THY_CONT_RATIO,Dyslipidemia,10,0.00991332625359766,-0.00028028635553118244,False
GradientBoosting,individual,GradientBoosting,sigmoid,Cached fitted individual; sigmoid fitted to cached training OOF,7,CV17_THY_CONT_RATIO,AFib,11,0.009854103406100326,-0.003803867252886029,False
GradientBoosting,individual,GradientBoosting,sigmoid,Cached fitted individual; sigmoid fitted to cached training OOF,7,CV17_THY_CONT_RATIO,Ischemia,12,0.0065119546263231794,0.00043117918825331795,False
GradientBoosting,individual,GradientBoosting,sigmoid,Cached fitted individual; sigmoid fitted to cached training OOF,7,CV17_THY_CONT_RATIO,Angina,13,0.004966822834553922,-0.0035617387231687593,False
GradientBoosting,individual,GradientBoosting,sigmoid,Cached fitted individual; sigmoid fitted to cached training OOF,7,CV17_THY_CONT_RATIO,Acute_MI,14,0.004945987330038275,-0.003165684045886162,False
GradientBoosting,individual,GradientBoosting,sigmoid,Cached fitted individual; sigmoid fitted to cached training OOF,7,CV17_THY_CONT_RATIO,Previous_MI,15,0.003503420573933072,0.0015557231945277485,False
GradientBoosting,individual,GradientBoosting,sigmoid,Cached fitted individual; sigmoid fitted to cached training OOF,7,CV17_THY_CONT_RATIO,Hypertension,16,0.0026287239224806556,-8.365721165507972e-05,False
GradientBoosting,individual,GradientBoosting,sigmoid,Cached fitted individual; sigmoid fitted to cached training OOF,7,CV17_THY_CONT_RATIO,Previous_CABG,17,0.0019785515088036505,0.0019785515088036505,False
GradientBoosting,individual,GradientBoosting,sigmoid,Cached fitted individual; sigmoid fitted to cached training OOF,7,CV17_THY_CONT_RATIO,Angiography,18,0.001853532072818608,0.0003842316870009093,False
GradientBoosting,individual,GradientBoosting,sigmoid,Cached fitted individual; sigmoid fitted to cached training OOF,7,CV17_THY_CONT_RATIO,Gender,19,0.0013119974198353577,0.00037262477015711517,False
GradientBoosting,individual,GradientBoosting,sigmoid,Cached fitted individual; sigmoid fitted to cached training OOF,7,CV17_THY_CONT_RATIO,Previous_PCI,20,0.001077083508247872,-0.0001704288666936325,False
GradientBoosting,individual,GradientBoosting,sigmoid,Cached fitted individual; sigmoid fitted to cached training OOF,7,CV17_THY_CONT_RATIO,Smoke,21,0.0009829644206261166,0.0004211084462314532,False
XGBoost,individual,XGBoost,raw,Cached fitted individual; sigmoid fitted to cached training OOF,7,CV17_THY_CONT_RATIO,Age,1,0.08341188129998045,-0.041338914659718284,False
XGBoost,individual,XGBoost,raw,Cached fitted individual; sigmoid fitted to cached training OOF,7,CV17_THY_CONT_RATIO,LVEF,2,0.06253733896483027,0.009118404514083522,False
XGBoost,individual,XGBoost,raw,Cached fitted individual; sigmoid fitted to cached training OOF,7,CV17_THY_CONT_RATIO,fT3_fT4_ratio,3,0.030276317163952626,-0.002577312225184869,True
XGBoost,individual,XGBoost,raw,Cached fitted individual; sigmoid fitted to cached training OOF,7,CV17_THY_CONT_RATIO,Vessels,4,0.022328523667965783,-0.00789304891077336,False
XGBoost,individual,XGBoost,raw,Cached fitted individual; sigmoid fitted to cached training OOF,7,CV17_THY_CONT_RATIO,TSH,5,0.016600184912022087,0.006016437457219581,True
XGBoost,individual,XGBoost,raw,Cached fitted individual; sigmoid fitted to cached training OOF,7,CV17_THY_CONT_RATIO,Dyslipidemia,6,0.016079420269306866,0.004152005027208361,False
XGBoost,individual,XGBoost,raw,Cached fitted individual; sigmoid fitted to cached training OOF,7,CV17_THY_CONT_RATIO,PostIsch_DCM,7,0.015621088374246028,0.006354138944516308,False
XGBoost,individual,XGBoost,raw,Cached fitted individual; sigmoid fitted to cached training OOF,7,CV17_THY_CONT_RATIO,fT4,8,0.014871594206852023,0.0002948982673842693,True
XGBoost,individual,XGBoost,raw,Cached fitted individual; sigmoid fitted to cached training OOF,7,CV17_THY_CONT_RATIO,Diabetes,9,0.013030480098677799,0.010391472784249345,False
XGBoost,individual,XGBoost,raw,Cached fitted individual; sigmoid fitted to cached training OOF,7,CV17_THY_CONT_RATIO,Ischemia,10,0.012981745228898944,0.0021131211360625457,False
XGBoost,individual,XGBoost,raw,Cached fitted individual; sigmoid fitted to cached training OOF,7,CV17_THY_CONT_RATIO,AFib,11,0.011397541153201018,0.0005124290164530976,False
XGBoost,individual,XGBoost,raw,Cached fitted individual; sigmoid fitted to cached training OOF,7,CV17_THY_CONT_RATIO,fT3,12,0.010821622498042416,-0.002509965681383619,True
XGBoost,individual,XGBoost,raw,Cached fitted individual; sigmoid fitted to cached training OOF,7,CV17_THY_CONT_RATIO,Hypertension,13,0.007313640498978202,-0.0001878066705103265,False
XGBoost,individual,XGBoost,raw,Cached fitted individual; sigmoid fitted to cached training OOF,7,CV17_THY_CONT_RATIO,Angina,14,0.006811606488554389,-0.004496318144447287,False
XGBoost,individual,XGBoost,raw,Cached fitted individual; sigmoid fitted to cached training OOF,7,CV17_THY_CONT_RATIO,Acute_MI,15,0.005387203613281599,-0.0026926213522528997,False
XGBoost,individual,XGBoost,raw,Cached fitted individual; sigmoid fitted to cached training OOF,7,CV17_THY_CONT_RATIO,Angiography,16,0.0047306757060141535,0.0015181367980403593,False
XGBoost,individual,XGBoost,raw,Cached fitted individual; sigmoid fitted to cached training OOF,7,CV17_THY_CONT_RATIO,Smoke,17,0.0042216556812491035,-0.0017924693547684,False
XGBoost,individual,XGBoost,raw,Cached fitted individual; sigmoid fitted to cached training OOF,7,CV17_THY_CONT_RATIO,Previous_MI,18,0.0033933728063857416,0.00019202202929591294,False
XGBoost,individual,XGBoost,raw,Cached fitted individual; sigmoid fitted to cached training OOF,7,CV17_THY_CONT_RATIO,Gender,19,0.0023819999896659283,0.0010155605359614128,False
XGBoost,individual,XGBoost,raw,Cached fitted individual; sigmoid fitted to cached training OOF,7,CV17_THY_CONT_RATIO,Previous_PCI,20,0.002276243287269608,-1.9698220057762228e-05,False
XGBoost,individual,XGBoost,raw,Cached fitted individual; sigmoid fitted to cached training OOF,7,CV17_THY_CONT_RATIO,Previous_CABG,21,0.002069673708319897,0.002069673708319897,False
XGBoost,individual,XGBoost,sigmoid,Cached fitted individual; sigmoid fitted to cached training OOF,7,CV17_THY_CONT_RATIO,Age,1,0.07812802870901135,-0.04438422248375103,False
XGBoost,individual,XGBoost,sigmoid,Cached fitted individual; sigmoid fitted to cached training OOF,7,CV17_THY_CONT_RATIO,LVEF,2,0.06503848372983301,0.006568503057812775,False
XGBoost,individual,XGBoost,sigmoid,Cached fitted individual; sigmoid fitted to cached training OOF,7,CV17_THY_CONT_RATIO,fT3_fT4_ratio,3,0.02655553549897511,-0.0034188230052081244,True
XGBoost,individual,XGBoost,sigmoid,Cached fitted individual; sigmoid fitted to cached training OOF,7,CV17_THY_CONT_RATIO,Vessels,4,0.02224762670682489,-0.010446046242009399,False
XGBoost,individual,XGBoost,sigmoid,Cached fitted individual; sigmoid fitted to cached training OOF,7,CV17_THY_CONT_RATIO,PostIsch_DCM,5,0.01685387289372947,0.00684079086735098,False
XGBoost,individual,XGBoost,sigmoid,Cached fitted individual; sigmoid fitted to cached training OOF,7,CV17_THY_CONT_RATIO,Dyslipidemia,6,0.01499611249988595,0.0032200483605391884,False
XGBoost,individual,XGBoost,sigmoid,Cached fitted individual; sigmoid fitted to cached training OOF,7,CV17_THY_CONT_RATIO,fT4,7,0.014271956164690847,-0.0031515819653492043,True
XGBoost,individual,XGBoost,sigmoid,Cached fitted individual; sigmoid fitted to cached training OOF,7,CV17_THY_CONT_RATIO,TSH,8,0.014082537875940262,0.0029944107067152253,True
XGBoost,individual,XGBoost,sigmoid,Cached fitted individual; sigmoid fitted to cached training OOF,7,CV17_THY_CONT_RATIO,Diabetes,9,0.012684059594206643,0.01027511387178871,False
XGBoost,individual,XGBoost,sigmoid,Cached fitted individual; sigmoid fitted to cached training OOF,7,CV17_THY_CONT_RATIO,Ischemia,10,0.011038477406650139,0.0005209648053972635,False
XGBoost,individual,XGBoost,sigmoid,Cached fitted individual; sigmoid fitted to cached training OOF,7,CV17_THY_CONT_RATIO,fT3,11,0.010943043409164844,-0.005240005481087794,True
XGBoost,individual,XGBoost,sigmoid,Cached fitted individual; sigmoid fitted to cached training OOF,7,CV17_THY_CONT_RATIO,AFib,12,0.010280711859253831,0.0002829813838507236,False
XGBoost,individual,XGBoost,sigmoid,Cached fitted individual; sigmoid fitted to cached training OOF,7,CV17_THY_CONT_RATIO,Hypertension,13,0.006296820223796175,-0.0009268900734543175,False
XGBoost,individual,XGBoost,sigmoid,Cached fitted individual; sigmoid fitted to cached training OOF,7,CV17_THY_CONT_RATIO,Angina,14,0.005782701700390465,-0.0038982625992611225,False
XGBoost,individual,XGBoost,sigmoid,Cached fitted individual; sigmoid fitted to cached training OOF,7,CV17_THY_CONT_RATIO,Acute_MI,15,0.005035757953139552,-0.0023604378265486368,False
XGBoost,individual,XGBoost,sigmoid,Cached fitted individual; sigmoid fitted to cached training OOF,7,CV17_THY_CONT_RATIO,Angiography,16,0.004618770915780972,0.0016497191446356381,False
XGBoost,individual,XGBoost,sigmoid,Cached fitted individual; sigmoid fitted to cached training OOF,7,CV17_THY_CONT_RATIO,Previous_MI,17,0.0036661668548548924,0.0002969458118995933,False
XGBoost,individual,XGBoost,sigmoid,Cached fitted individual; sigmoid fitted to cached training OOF,7,CV17_THY_CONT_RATIO,Smoke,18,0.0035742806885359405,-0.0018644167144936676,False
XGBoost,individual,XGBoost,sigmoid,Cached fitted individual; sigmoid fitted to cached training OOF,7,CV17_THY_CONT_RATIO,Gender,19,0.0022778916723215263,0.0006597269651992498,False
XGBoost,individual,XGBoost,sigmoid,Cached fitted individual; sigmoid fitted to cached training OOF,7,CV17_THY_CONT_RATIO,Previous_PCI,20,0.0017466950876616262,0.0002510631525779622,False
XGBoost,individual,XGBoost,sigmoid,Cached fitted individual; sigmoid fitted to cached training OOF,7,CV17_THY_CONT_RATIO,Previous_CABG,21,0.0017243389103564419,0.0017243389103564419,False
paper,voting,"LogisticRegression,RandomForest,AdaBoost",raw,models/predictive_sensitivity/h7_CV17_THY_CONT_RATIO_paper.joblib,7,CV17_THY_CONT_RATIO,Age,1,0.08080938898298703,-0.037417586313799156,False
paper,voting,"LogisticRegression,RandomForest,AdaBoost",raw,models/predictive_sensitivity/h7_CV17_THY_CONT_RATIO_paper.joblib,7,CV17_THY_CONT_RATIO,LVEF,2,0.06085012953356869,0.011144276019469553,False
paper,voting,"LogisticRegression,RandomForest,AdaBoost",raw,models/predictive_sensitivity/h7_CV17_THY_CONT_RATIO_paper.joblib,7,CV17_THY_CONT_RATIO,PostIsch_DCM,3,0.01830682551897643,0.006429229936508916,False
paper,voting,"LogisticRegression,RandomForest,AdaBoost",raw,models/predictive_sensitivity/h7_CV17_THY_CONT_RATIO_paper.joblib,7,CV17_THY_CONT_RATIO,Vessels,4,0.018280438115323646,-0.005996292734824573,False
paper,voting,"LogisticRegression,RandomForest,AdaBoost",raw,models/predictive_sensitivity/h7_CV17_THY_CONT_RATIO_paper.joblib,7,CV17_THY_CONT_RATIO,Dyslipidemia,5,0.018252467678392937,0.0036977177031003285,False
paper,voting,"LogisticRegression,RandomForest,AdaBoost",raw,models/predictive_sensitivity/h7_CV17_THY_CONT_RATIO_paper.joblib,7,CV17_THY_CONT_RATIO,Diabetes,6,0.016604120202016192,0.011019804551330396,False
paper,voting,"LogisticRegression,RandomForest,AdaBoost",raw,models/predictive_sensitivity/h7_CV17_THY_CONT_RATIO_paper.joblib,7,CV17_THY_CONT_RATIO,Ischemia,7,0.014275638321475562,0.0013997181909146347,False
paper,voting,"LogisticRegression,RandomForest,AdaBoost",raw,models/predictive_sensitivity/h7_CV17_THY_CONT_RATIO_paper.joblib,7,CV17_THY_CONT_RATIO,fT3_fT4_ratio,8,0.01396975880673081,2.368105546954487e-05,True
paper,voting,"LogisticRegression,RandomForest,AdaBoost",raw,models/predictive_sensitivity/h7_CV17_THY_CONT_RATIO_paper.joblib,7,CV17_THY_CONT_RATIO,AFib,9,0.01298322067641945,-0.0011163518662934302,False
paper,voting,"LogisticRegression,RandomForest,AdaBoost",raw,models/predictive_sensitivity/h7_CV17_THY_CONT_RATIO_paper.joblib,7,CV17_THY_CONT_RATIO,Acute_MI,10,0.010476715336585415,-0.005854108204157499,False
paper,voting,"LogisticRegression,RandomForest,AdaBoost",raw,models/predictive_sensitivity/h7_CV17_THY_CONT_RATIO_paper.joblib,7,CV17_THY_CONT_RATIO,fT4,11,0.009478432146678187,-0.0007928259600166023,True
paper,voting,"LogisticRegression,RandomForest,AdaBoost",raw,models/predictive_sensitivity/h7_CV17_THY_CONT_RATIO_paper.joblib,7,CV17_THY_CONT_RATIO,Angina,12,0.00813100133723888,-0.0054268708891402695,False
paper,voting,"LogisticRegression,RandomForest,AdaBoost",raw,models/predictive_sensitivity/h7_CV17_THY_CONT_RATIO_paper.joblib,7,CV17_THY_CONT_RATIO,TSH,13,0.00612711951683908,0.0026087285354875122,True
paper,voting,"LogisticRegression,RandomForest,AdaBoost",raw,models/predictive_sensitivity/h7_CV17_THY_CONT_RATIO_paper.joblib,7,CV17_THY_CONT_RATIO,Hypertension,14,0.0043131045661143645,-0.0004339790914805354,False
paper,voting,"LogisticRegression,RandomForest,AdaBoost",raw,models/predictive_sensitivity/h7_CV17_THY_CONT_RATIO_paper.joblib,7,CV17_THY_CONT_RATIO,fT3,15,0.003809357489047694,-0.0008001026427534409,True
paper,voting,"LogisticRegression,RandomForest,AdaBoost",raw,models/predictive_sensitivity/h7_CV17_THY_CONT_RATIO_paper.joblib,7,CV17_THY_CONT_RATIO,Angiography,16,0.003541188947811095,0.0003370490878398522,False
paper,voting,"LogisticRegression,RandomForest,AdaBoost",raw,models/predictive_sensitivity/h7_CV17_THY_CONT_RATIO_paper.joblib,7,CV17_THY_CONT_RATIO,Previous_CABG,17,0.002744380695921237,0.0027443806959212367,False
paper,voting,"LogisticRegression,RandomForest,AdaBoost",raw,models/predictive_sensitivity/h7_CV17_THY_CONT_RATIO_paper.joblib,7,CV17_THY_CONT_RATIO,Smoke,18,0.0022971634219056307,-0.000585178798846909,False
paper,voting,"LogisticRegression,RandomForest,AdaBoost",raw,models/predictive_sensitivity/h7_CV17_THY_CONT_RATIO_paper.joblib,7,CV17_THY_CONT_RATIO,Previous_MI,19,0.001491034440911166,0.0003332135235604664,False
paper,voting,"LogisticRegression,RandomForest,AdaBoost",raw,models/predictive_sensitivity/h7_CV17_THY_CONT_RATIO_paper.joblib,7,CV17_THY_CONT_RATIO,Previous_PCI,20,0.0013694571351909786,-5.015659313477186e-05,False
paper,voting,"LogisticRegression,RandomForest,AdaBoost",raw,models/predictive_sensitivity/h7_CV17_THY_CONT_RATIO_paper.joblib,7,CV17_THY_CONT_RATIO,Gender,21,0.0008043332539079338,0.00013697183789467915,False
paper,voting,"LogisticRegression,RandomForest,AdaBoost",sigmoid,models/predictive_sensitivity/h7_CV17_THY_CONT_RATIO_paper.joblib,7,CV17_THY_CONT_RATIO,Age,1,0.08632883489201268,-0.04957832891737251,False
paper,voting,"LogisticRegression,RandomForest,AdaBoost",sigmoid,models/predictive_sensitivity/h7_CV17_THY_CONT_RATIO_paper.joblib,7,CV17_THY_CONT_RATIO,LVEF,2,0.07474721124224551,0.01015202342696812,False
paper,voting,"LogisticRegression,RandomForest,AdaBoost",sigmoid,models/predictive_sensitivity/h7_CV17_THY_CONT_RATIO_paper.joblib,7,CV17_THY_CONT_RATIO,PostIsch_DCM,3,0.026016089930344863,0.0082674693533677,False
paper,voting,"LogisticRegression,RandomForest,AdaBoost",sigmoid,models/predictive_sensitivity/h7_CV17_THY_CONT_RATIO_paper.joblib,7,CV17_THY_CONT_RATIO,Vessels,4,0.02189125588827349,-0.009280477689035813,False
paper,voting,"LogisticRegression,RandomForest,AdaBoost",sigmoid,models/predictive_sensitivity/h7_CV17_THY_CONT_RATIO_paper.joblib,7,CV17_THY_CONT_RATIO,Dyslipidemia,5,0.020429468783647303,0.0025066303229451577,False
paper,voting,"LogisticRegression,RandomForest,AdaBoost",sigmoid,models/predictive_sensitivity/h7_CV17_THY_CONT_RATIO_paper.joblib,7,CV17_THY_CONT_RATIO,Diabetes,6,0.01945884474235508,0.012596682904385625,False
paper,voting,"LogisticRegression,RandomForest,AdaBoost",sigmoid,models/predictive_sensitivity/h7_CV17_THY_CONT_RATIO_paper.joblib,7,CV17_THY_CONT_RATIO,fT3_fT4_ratio,7,0.015001469997203084,-0.0013616407511292548,True
paper,voting,"LogisticRegression,RandomForest,AdaBoost",sigmoid,models/predictive_sensitivity/h7_CV17_THY_CONT_RATIO_paper.joblib,7,CV17_THY_CONT_RATIO,AFib,8,0.014900743377895894,-0.0010948408662739269,False
paper,voting,"LogisticRegression,RandomForest,AdaBoost",sigmoid,models/predictive_sensitivity/h7_CV17_THY_CONT_RATIO_paper.joblib,7,CV17_THY_CONT_RATIO,Ischemia,9,0.014815847834651367,0.0002626458363637206,False
paper,voting,"LogisticRegression,RandomForest,AdaBoost",sigmoid,models/predictive_sensitivity/h7_CV17_THY_CONT_RATIO_paper.joblib,7,CV17_THY_CONT_RATIO,Acute_MI,10,0.012684869367699459,-0.007124459503782278,False
paper,voting,"LogisticRegression,RandomForest,AdaBoost",sigmoid,models/predictive_sensitivity/h7_CV17_THY_CONT_RATIO_paper.joblib,7,CV17_THY_CONT_RATIO,fT4,11,0.011245642180062954,-0.0037250939940053074,True
paper,voting,"LogisticRegression,RandomForest,AdaBoost",sigmoid,models/predictive_sensitivity/h7_CV17_THY_CONT_RATIO_paper.joblib,7,CV17_THY_CONT_RATIO,Angina,12,0.008516391313982056,-0.005949448453219503,False
paper,voting,"LogisticRegression,RandomForest,AdaBoost",sigmoid,models/predictive_sensitivity/h7_CV17_THY_CONT_RATIO_paper.joblib,7,CV17_THY_CONT_RATIO,TSH,13,0.005618008347546043,0.0009591098945027649,True
paper,voting,"LogisticRegression,RandomForest,AdaBoost",sigmoid,models/predictive_sensitivity/h7_CV17_THY_CONT_RATIO_paper.joblib,7,CV17_THY_CONT_RATIO,Hypertension,14,0.004304267721999617,-0.0012343540859781781,False
paper,voting,"LogisticRegression,RandomForest,AdaBoost",sigmoid,models/predictive_sensitivity/h7_CV17_THY_CONT_RATIO_paper.joblib,7,CV17_THY_CONT_RATIO,Angiography,15,0.0040898921855959695,0.0007046892126749263,False
paper,voting,"LogisticRegression,RandomForest,AdaBoost",sigmoid,models/predictive_sensitivity/h7_CV17_THY_CONT_RATIO_paper.joblib,7,CV17_THY_CONT_RATIO,fT3,16,0.0040399342802111445,-0.0016135356588990245,True
paper,voting,"LogisticRegression,RandomForest,AdaBoost",sigmoid,models/predictive_sensitivity/h7_CV17_THY_CONT_RATIO_paper.joblib,7,CV17_THY_CONT_RATIO,Previous_CABG,17,0.002913696586482234,0.0029136965864822338,False
paper,voting,"LogisticRegression,RandomForest,AdaBoost",sigmoid,models/predictive_sensitivity/h7_CV17_THY_CONT_RATIO_paper.joblib,7,CV17_THY_CONT_RATIO,Previous_MI,18,0.002271705868934095,0.00048726683084418905,False
paper,voting,"LogisticRegression,RandomForest,AdaBoost",sigmoid,models/predictive_sensitivity/h7_CV17_THY_CONT_RATIO_paper.joblib,7,CV17_THY_CONT_RATIO,Smoke,19,0.0022488362074262426,-0.0008532031109307681,False
paper,voting,"LogisticRegression,RandomForest,AdaBoost",sigmoid,models/predictive_sensitivity/h7_CV17_THY_CONT_RATIO_paper.joblib,7,CV17_THY_CONT_RATIO,Previous_PCI,20,0.0011022627639802388,0.00017153077203158269,False
paper,voting,"LogisticRegression,RandomForest,AdaBoost",sigmoid,models/predictive_sensitivity/h7_CV17_THY_CONT_RATIO_paper.joblib,7,CV17_THY_CONT_RATIO,Gender,21,0.0009676576788271667,-5.109737795586195e-05,False
top3_train_cv,voting,"GradientBoosting,LogisticRegression,AdaBoost",raw,models/predictive_sensitivity/h7_CV17_THY_CONT_RATIO_top3_train_cv.joblib,7,CV17_THY_CONT_RATIO,Age,1,0.07563255899624335,-0.03778016270564623,False
top3_train_cv,voting,"GradientBoosting,LogisticRegression,AdaBoost",raw,models/predictive_sensitivity/h7_CV17_THY_CONT_RATIO_top3_train_cv.joblib,7,CV17_THY_CONT_RATIO,LVEF,2,0.0636322900947465,0.010744411843566462,False
top3_train_cv,voting,"GradientBoosting,LogisticRegression,AdaBoost",raw,models/predictive_sensitivity/h7_CV17_THY_CONT_RATIO_top3_train_cv.joblib,7,CV17_THY_CONT_RATIO,Vessels,3,0.01785434307468021,-0.005185239654203933,False
top3_train_cv,voting,"GradientBoosting,LogisticRegression,AdaBoost",raw,models/predictive_sensitivity/h7_CV17_THY_CONT_RATIO_top3_train_cv.joblib,7,CV17_THY_CONT_RATIO,Diabetes,4,0.016686121534312277,0.010703569719175812,False
top3_train_cv,voting,"GradientBoosting,LogisticRegression,AdaBoost",raw,models/predictive_sensitivity/h7_CV17_THY_CONT_RATIO_top3_train_cv.joblib,7,CV17_THY_CONT_RATIO,Dyslipidemia,5,0.015663357674138206,0.0027294174084223225,False
top3_train_cv,voting,"GradientBoosting,LogisticRegression,AdaBoost",raw,models/predictive_sensitivity/h7_CV17_THY_CONT_RATIO_top3_train_cv.joblib,7,CV17_THY_CONT_RATIO,PostIsch_DCM,6,0.014786909376328884,0.003713811332781532,False
top3_train_cv,voting,"GradientBoosting,LogisticRegression,AdaBoost",raw,models/predictive_sensitivity/h7_CV17_THY_CONT_RATIO_top3_train_cv.joblib,7,CV17_THY_CONT_RATIO,AFib,7,0.012414338908216438,-0.0023997717547768554,False
top3_train_cv,voting,"GradientBoosting,LogisticRegression,AdaBoost",raw,models/predictive_sensitivity/h7_CV17_THY_CONT_RATIO_top3_train_cv.joblib,7,CV17_THY_CONT_RATIO,Ischemia,8,0.012005068224770162,0.0008642379684715441,False
top3_train_cv,voting,"GradientBoosting,LogisticRegression,AdaBoost",raw,models/predictive_sensitivity/h7_CV17_THY_CONT_RATIO_top3_train_cv.joblib,7,CV17_THY_CONT_RATIO,Acute_MI,9,0.009453099077359082,-0.005397145790915254,False
top3_train_cv,voting,"GradientBoosting,LogisticRegression,AdaBoost",raw,models/predictive_sensitivity/h7_CV17_THY_CONT_RATIO_top3_train_cv.joblib,7,CV17_THY_CONT_RATIO,fT3_fT4_ratio,10,0.008923335370391725,-0.0009238807515375766,True
top3_train_cv,voting,"GradientBoosting,LogisticRegression,AdaBoost",raw,models/predictive_sensitivity/h7_CV17_THY_CONT_RATIO_top3_train_cv.joblib,7,CV17_THY_CONT_RATIO,fT4,11,0.00858352991089658,-0.0033443485514382176,True
top3_train_cv,voting,"GradientBoosting,LogisticRegression,AdaBoost",raw,models/predictive_sensitivity/h7_CV17_THY_CONT_RATIO_top3_train_cv.joblib,7,CV17_THY_CONT_RATIO,Angina,12,0.007035574250489578,-0.004999548855958686,False
top3_train_cv,voting,"GradientBoosting,LogisticRegression,AdaBoost",raw,models/predictive_sensitivity/h7_CV17_THY_CONT_RATIO_top3_train_cv.joblib,7,CV17_THY_CONT_RATIO,TSH,13,0.0064545321283445735,0.0017149663464333992,True
top3_train_cv,voting,"GradientBoosting,LogisticRegression,AdaBoost",raw,models/predictive_sensitivity/h7_CV17_THY_CONT_RATIO_top3_train_cv.joblib,7,CV17_THY_CONT_RATIO,Hypertension,14,0.003740530519535274,-0.00040537657541063205,False
top3_train_cv,voting,"GradientBoosting,LogisticRegression,AdaBoost",raw,models/predictive_sensitivity/h7_CV17_THY_CONT_RATIO_top3_train_cv.joblib,7,CV17_THY_CONT_RATIO,fT3,15,0.0035316484096947418,-0.0030777964813180317,True
top3_train_cv,voting,"GradientBoosting,LogisticRegression,AdaBoost",raw,models/predictive_sensitivity/h7_CV17_THY_CONT_RATIO_top3_train_cv.joblib,7,CV17_THY_CONT_RATIO,Angiography,16,0.0029405467751445233,-0.00018797721844466468,False
top3_train_cv,voting,"GradientBoosting,LogisticRegression,AdaBoost",raw,models/predictive_sensitivity/h7_CV17_THY_CONT_RATIO_top3_train_cv.joblib,7,CV17_THY_CONT_RATIO,Previous_CABG,17,0.002340170804464213,0.002340170804464213,False
top3_train_cv,voting,"GradientBoosting,LogisticRegression,AdaBoost",raw,models/predictive_sensitivity/h7_CV17_THY_CONT_RATIO_top3_train_cv.joblib,7,CV17_THY_CONT_RATIO,Previous_MI,18,0.0012766619401166864,0.00048210639269900585,False
top3_train_cv,voting,"GradientBoosting,LogisticRegression,AdaBoost",raw,models/predictive_sensitivity/h7_CV17_THY_CONT_RATIO_top3_train_cv.joblib,7,CV17_THY_CONT_RATIO,Smoke,19,0.0009519225957028048,-0.00029453292183773995,False
top3_train_cv,voting,"GradientBoosting,LogisticRegression,AdaBoost",raw,models/predictive_sensitivity/h7_CV17_THY_CONT_RATIO_top3_train_cv.joblib,7,CV17_THY_CONT_RATIO,Previous_PCI,20,0.0007686422984925197,-8.379509144362698e-05,False
top3_train_cv,voting,"GradientBoosting,LogisticRegression,AdaBoost",raw,models/predictive_sensitivity/h7_CV17_THY_CONT_RATIO_top3_train_cv.joblib,7,CV17_THY_CONT_RATIO,Gender,21,0.00041600893728917015,0.000118166392011063,False
top3_train_cv,voting,"GradientBoosting,LogisticRegression,AdaBoost",sigmoid,models/predictive_sensitivity/h7_CV17_THY_CONT_RATIO_top3_train_cv.joblib,7,CV17_THY_CONT_RATIO,Age,1,0.08503177983386677,-0.048600993359131026,False
top3_train_cv,voting,"GradientBoosting,LogisticRegression,AdaBoost",sigmoid,models/predictive_sensitivity/h7_CV17_THY_CONT_RATIO_top3_train_cv.joblib,7,CV17_THY_CONT_RATIO,LVEF,2,0.08189372804201478,0.011462037323042702,False
top3_train_cv,voting,"GradientBoosting,LogisticRegression,AdaBoost",sigmoid,models/predictive_sensitivity/h7_CV17_THY_CONT_RATIO_top3_train_cv.joblib,7,CV17_THY_CONT_RATIO,Vessels,3,0.022282815117589824,-0.007680676367830063,False
top3_train_cv,voting,"GradientBoosting,LogisticRegression,AdaBoost",sigmoid,models/predictive_sensitivity/h7_CV17_THY_CONT_RATIO_top3_train_cv.joblib,7,CV17_THY_CONT_RATIO,PostIsch_DCM,4,0.021160348163694827,0.004258328135415067,False
top3_train_cv,voting,"GradientBoosting,LogisticRegression,AdaBoost",sigmoid,models/predictive_sensitivity/h7_CV17_THY_CONT_RATIO_top3_train_cv.joblib,7,CV17_THY_CONT_RATIO,Diabetes,5,0.020332198554901603,0.013001943263802168,False
top3_train_cv,voting,"GradientBoosting,LogisticRegression,AdaBoost",sigmoid,models/predictive_sensitivity/h7_CV17_THY_CONT_RATIO_top3_train_cv.joblib,7,CV17_THY_CONT_RATIO,Dyslipidemia,6,0.0175578370650264,0.0017119376893892412,False
top3_train_cv,voting,"GradientBoosting,LogisticRegression,AdaBoost",sigmoid,models/predictive_sensitivity/h7_CV17_THY_CONT_RATIO_top3_train_cv.joblib,7,CV17_THY_CONT_RATIO,AFib,7,0.014778905648204811,-0.0029793581619783774,False
top3_train_cv,voting,"GradientBoosting,LogisticRegression,AdaBoost",sigmoid,models/predictive_sensitivity/h7_CV17_THY_CONT_RATIO_top3_train_cv.joblib,7,CV17_THY_CONT_RATIO,Ischemia,8,0.012873374121892817,0.0001901982750168406,False
top3_train_cv,voting,"GradientBoosting,LogisticRegression,AdaBoost",sigmoid,models/predictive_sensitivity/h7_CV17_THY_CONT_RATIO_top3_train_cv.joblib,7,CV17_THY_CONT_RATIO,fT4,9,0.01169540356229983,-0.006411626351248499,True
top3_train_cv,voting,"GradientBoosting,LogisticRegression,AdaBoost",sigmoid,models/predictive_sensitivity/h7_CV17_THY_CONT_RATIO_top3_train_cv.joblib,7,CV17_THY_CONT_RATIO,Acute_MI,10,0.011235492277896412,-0.006299485484359362,False
top3_train_cv,voting,"GradientBoosting,LogisticRegression,AdaBoost",sigmoid,models/predictive_sensitivity/h7_CV17_THY_CONT_RATIO_top3_train_cv.joblib,7,CV17_THY_CONT_RATIO,fT3_fT4_ratio,11,0.01061546956881276,-0.0013113925053071024,True
top3_train_cv,voting,"GradientBoosting,LogisticRegression,AdaBoost",sigmoid,models/predictive_sensitivity/h7_CV17_THY_CONT_RATIO_top3_train_cv.joblib,7,CV17_THY_CONT_RATIO,Angina,12,0.007862822261767795,-0.005750127862945383,False
top3_train_cv,voting,"GradientBoosting,LogisticRegression,AdaBoost",sigmoid,models/predictive_sensitivity/h7_CV17_THY_CONT_RATIO_top3_train_cv.joblib,7,CV17_THY_CONT_RATIO,TSH,13,0.007746933957762025,0.0012687736920995694,True
top3_train_cv,voting,"GradientBoosting,LogisticRegression,AdaBoost",sigmoid,models/predictive_sensitivity/h7_CV17_THY_CONT_RATIO_top3_train_cv.joblib,7,CV17_THY_CONT_RATIO,fT3,14,0.00545717681894522,-0.005054209183159945,True
top3_train_cv,voting,"GradientBoosting,LogisticRegression,AdaBoost",sigmoid,models/predictive_sensitivity/h7_CV17_THY_CONT_RATIO_top3_train_cv.joblib,7,CV17_THY_CONT_RATIO,Hypertension,15,0.0041368477481041966,-0.0007951283327058749,False
top3_train_cv,voting,"GradientBoosting,LogisticRegression,AdaBoost",sigmoid,models/predictive_sensitivity/h7_CV17_THY_CONT_RATIO_top3_train_cv.joblib,7,CV17_THY_CONT_RATIO,Angiography,16,0.00328235158883651,8.938701500611263e-06,False
top3_train_cv,voting,"GradientBoosting,LogisticRegression,AdaBoost",sigmoid,models/predictive_sensitivity/h7_CV17_THY_CONT_RATIO_top3_train_cv.joblib,7,CV17_THY_CONT_RATIO,Previous_CABG,17,0.0026169504570513783,0.0026169504570513783,False
top3_train_cv,voting,"GradientBoosting,LogisticRegression,AdaBoost",sigmoid,models/predictive_sensitivity/h7_CV17_THY_CONT_RATIO_top3_train_cv.joblib,7,CV17_THY_CONT_RATIO,Previous_MI,18,0.0020299512693099393,0.0009553974956925953,False
top3_train_cv,voting,"GradientBoosting,LogisticRegression,AdaBoost",sigmoid,models/predictive_sensitivity/h7_CV17_THY_CONT_RATIO_top3_train_cv.joblib,7,CV17_THY_CONT_RATIO,Smoke,19,0.0008465587871450688,-0.00026230579022426054,False
top3_train_cv,voting,"GradientBoosting,LogisticRegression,AdaBoost",sigmoid,models/predictive_sensitivity/h7_CV17_THY_CONT_RATIO_top3_train_cv.joblib,7,CV17_THY_CONT_RATIO,Gender,20,0.0007544400723635554,0.00019606865033952763,False
top3_train_cv,voting,"GradientBoosting,LogisticRegression,AdaBoost",sigmoid,models/predictive_sensitivity/h7_CV17_THY_CONT_RATIO_top3_train_cv.joblib,7,CV17_THY_CONT_RATIO,Previous_PCI,21,0.0007054793045950635,5.920901252671435e-05,False
paper_locked,voting,"LogisticRegression,RandomForest,AdaBoost",raw,models/final_h7_CV17_THY_CONT_RATIO_paper_locked.joblib,7,CV17_THY_CONT_RATIO,Age,1,0.07813016657522606,-0.03568487020131865,False
paper_locked,voting,"LogisticRegression,RandomForest,AdaBoost",raw,models/final_h7_CV17_THY_CONT_RATIO_paper_locked.joblib,7,CV17_THY_CONT_RATIO,LVEF,2,0.06009113288745061,0.01160412761570371,False
paper_locked,voting,"LogisticRegression,RandomForest,AdaBoost",raw,models/final_h7_CV17_THY_CONT_RATIO_paper_locked.joblib,7,CV17_THY_CONT_RATIO,Vessels,3,0.02017123649948906,-0.00611803073018111,False
paper_locked,voting,"LogisticRegression,RandomForest,AdaBoost",raw,models/final_h7_CV17_THY_CONT_RATIO_paper_locked.joblib,7,CV17_THY_CONT_RATIO,Ischemia,4,0.017811445649798013,0.0017860113077286298,False
paper_locked,voting,"LogisticRegression,RandomForest,AdaBoost",raw,models/final_h7_CV17_THY_CONT_RATIO_paper_locked.joblib,7,CV17_THY_CONT_RATIO,Dyslipidemia,5,0.0167722325938374,0.0033660408668294926,False
paper_locked,voting,"LogisticRegression,RandomForest,AdaBoost",raw,models/final_h7_CV17_THY_CONT_RATIO_paper_locked.joblib,7,CV17_THY_CONT_RATIO,PostIsch_DCM,6,0.015497099157738425,0.005419502019040682,False
paper_locked,voting,"LogisticRegression,RandomForest,AdaBoost",raw,models/final_h7_CV17_THY_CONT_RATIO_paper_locked.joblib,7,CV17_THY_CONT_RATIO,fT3_fT4_ratio,7,0.014952021831671795,-0.0004549936356757388,True
paper_locked,voting,"LogisticRegression,RandomForest,AdaBoost",raw,models/final_h7_CV17_THY_CONT_RATIO_paper_locked.joblib,7,CV17_THY_CONT_RATIO,Diabetes,8,0.01316444665226463,0.008977717113592996,False
paper_locked,voting,"LogisticRegression,RandomForest,AdaBoost",raw,models/final_h7_CV17_THY_CONT_RATIO_paper_locked.joblib,7,CV17_THY_CONT_RATIO,Angina,9,0.011597702369823167,-0.008015220203770969,False
paper_locked,voting,"LogisticRegression,RandomForest,AdaBoost",raw,models/final_h7_CV17_THY_CONT_RATIO_paper_locked.joblib,7,CV17_THY_CONT_RATIO,AFib,10,0.010770683419679392,-0.0010688140354806494,False
paper_locked,voting,"LogisticRegression,RandomForest,AdaBoost",raw,models/final_h7_CV17_THY_CONT_RATIO_paper_locked.joblib,7,CV17_THY_CONT_RATIO,Hypertension,11,0.008776136575024284,-0.0009047892540683609,False
paper_locked,voting,"LogisticRegression,RandomForest,AdaBoost",raw,models/final_h7_CV17_THY_CONT_RATIO_paper_locked.joblib,7,CV17_THY_CONT_RATIO,fT4,12,0.008528612325272834,0.0005065903434491281,True
paper_locked,voting,"LogisticRegression,RandomForest,AdaBoost",raw,models/final_h7_CV17_THY_CONT_RATIO_paper_locked.joblib,7,CV17_THY_CONT_RATIO,Acute_MI,13,0.007229192344475854,-0.004012650490507804,False
paper_locked,voting,"LogisticRegression,RandomForest,AdaBoost",raw,models/final_h7_CV17_THY_CONT_RATIO_paper_locked.joblib,7,CV17_THY_CONT_RATIO,TSH,14,0.0045189244867824925,0.0006467649534867383,True
paper_locked,voting,"LogisticRegression,RandomForest,AdaBoost",raw,models/final_h7_CV17_THY_CONT_RATIO_paper_locked.joblib,7,CV17_THY_CONT_RATIO,Angiography,15,0.0033039155236571074,6.889464318418073e-05,False
paper_locked,voting,"LogisticRegression,RandomForest,AdaBoost",raw,models/final_h7_CV17_THY_CONT_RATIO_paper_locked.joblib,7,CV17_THY_CONT_RATIO,fT3,16,0.0027829628050646572,-0.000925835841615954,True
paper_locked,voting,"LogisticRegression,RandomForest,AdaBoost",raw,models/final_h7_CV17_THY_CONT_RATIO_paper_locked.joblib,7,CV17_THY_CONT_RATIO,Smoke,17,0.002328059926431595,-0.0006554494164738768,False
paper_locked,voting,"LogisticRegression,RandomForest,AdaBoost",raw,models/final_h7_CV17_THY_CONT_RATIO_paper_locked.joblib,7,CV17_THY_CONT_RATIO,Previous_CABG,18,0.002230529103765303,0.002230529103765303,False
paper_locked,voting,"LogisticRegression,RandomForest,AdaBoost",raw,models/final_h7_CV17_THY_CONT_RATIO_paper_locked.joblib,7,CV17_THY_CONT_RATIO,Previous_MI,19,0.0009166880542832244,0.0002677344486321699,False
paper_locked,voting,"LogisticRegression,RandomForest,AdaBoost",raw,models/final_h7_CV17_THY_CONT_RATIO_paper_locked.joblib,7,CV17_THY_CONT_RATIO,Previous_PCI,20,0.0007097997403230053,-6.113595132839315e-05,False
paper_locked,voting,"LogisticRegression,RandomForest,AdaBoost",raw,models/final_h7_CV17_THY_CONT_RATIO_paper_locked.joblib,7,CV17_THY_CONT_RATIO,Gender,21,0.0006289177740021071,0.00023494735740853907,False
paper_locked,voting,"LogisticRegression,RandomForest,AdaBoost",sigmoid,models/final_h7_CV17_THY_CONT_RATIO_paper_locked.joblib,7,CV17_THY_CONT_RATIO,Age,1,0.08902947551487476,-0.05171864645489967,False
paper_locked,voting,"LogisticRegression,RandomForest,AdaBoost",sigmoid,models/final_h7_CV17_THY_CONT_RATIO_paper_locked.joblib,7,CV17_THY_CONT_RATIO,LVEF,2,0.07956476357535153,0.01237783380684124,False
paper_locked,voting,"LogisticRegression,RandomForest,AdaBoost",sigmoid,models/final_h7_CV17_THY_CONT_RATIO_paper_locked.joblib,7,CV17_THY_CONT_RATIO,Vessels,3,0.025631217910825732,-0.01060290547536723,False
paper_locked,voting,"LogisticRegression,RandomForest,AdaBoost",sigmoid,models/final_h7_CV17_THY_CONT_RATIO_paper_locked.joblib,7,CV17_THY_CONT_RATIO,PostIsch_DCM,4,0.02389094450519359,0.007383006444508495,False
paper_locked,voting,"LogisticRegression,RandomForest,AdaBoost",sigmoid,models/final_h7_CV17_THY_CONT_RATIO_paper_locked.joblib,7,CV17_THY_CONT_RATIO,Dyslipidemia,5,0.020400390840990355,0.0025362687039769934,False
paper_locked,voting,"LogisticRegression,RandomForest,AdaBoost",sigmoid,models/final_h7_CV17_THY_CONT_RATIO_paper_locked.joblib,7,CV17_THY_CONT_RATIO,Ischemia,6,0.02004408348862254,0.00044338849071590895,False
paper_locked,voting,"LogisticRegression,RandomForest,AdaBoost",sigmoid,models/final_h7_CV17_THY_CONT_RATIO_paper_locked.joblib,7,CV17_THY_CONT_RATIO,fT3_fT4_ratio,7,0.016894444970200036,-0.0013613484353399792,True
paper_locked,voting,"LogisticRegression,RandomForest,AdaBoost",sigmoid,models/final_h7_CV17_THY_CONT_RATIO_paper_locked.joblib,7,CV17_THY_CONT_RATIO,Diabetes,8,0.01658782829437607,0.011192769817123749,False
paper_locked,voting,"LogisticRegression,RandomForest,AdaBoost",sigmoid,models/final_h7_CV17_THY_CONT_RATIO_paper_locked.joblib,7,CV17_THY_CONT_RATIO,AFib,9,0.01368689504425384,-0.0012138468414248141,False
paper_locked,voting,"LogisticRegression,RandomForest,AdaBoost",sigmoid,models/final_h7_CV17_THY_CONT_RATIO_paper_locked.joblib,7,CV17_THY_CONT_RATIO,Angina,10,0.012725644335284144,-0.009146767895260144,False
paper_locked,voting,"LogisticRegression,RandomForest,AdaBoost",sigmoid,models/final_h7_CV17_THY_CONT_RATIO_paper_locked.joblib,7,CV17_THY_CONT_RATIO,fT4,11,0.010863073032232627,-0.0014234042846688823,True
paper_locked,voting,"LogisticRegression,RandomForest,AdaBoost",sigmoid,models/final_h7_CV17_THY_CONT_RATIO_paper_locked.joblib,7,CV17_THY_CONT_RATIO,Acute_MI,12,0.009515044617945362,-0.005197462149824569,False
paper_locked,voting,"LogisticRegression,RandomForest,AdaBoost",sigmoid,models/final_h7_CV17_THY_CONT_RATIO_paper_locked.joblib,7,CV17_THY_CONT_RATIO,Hypertension,13,0.009430856218955492,-0.002608807752370557,False
paper_locked,voting,"LogisticRegression,RandomForest,AdaBoost",sigmoid,models/final_h7_CV17_THY_CONT_RATIO_paper_locked.joblib,7,CV17_THY_CONT_RATIO,TSH,14,0.004692151514478168,-0.0004212229387417102,True
paper_locked,voting,"LogisticRegression,RandomForest,AdaBoost",sigmoid,models/final_h7_CV17_THY_CONT_RATIO_paper_locked.joblib,7,CV17_THY_CONT_RATIO,Angiography,15,0.0042362840107894794,0.0005087213829757962,False
paper_locked,voting,"LogisticRegression,RandomForest,AdaBoost",sigmoid,models/final_h7_CV17_THY_CONT_RATIO_paper_locked.joblib,7,CV17_THY_CONT_RATIO,fT3,16,0.003360143429701647,-0.0016083759295133344,True
paper_locked,voting,"LogisticRegression,RandomForest,AdaBoost",sigmoid,models/final_h7_CV17_THY_CONT_RATIO_paper_locked.joblib,7,CV17_THY_CONT_RATIO,Previous_CABG,17,0.0025181955518020667,0.0025181955518020667,False
paper_locked,voting,"LogisticRegression,RandomForest,AdaBoost",sigmoid,models/final_h7_CV17_THY_CONT_RATIO_paper_locked.joblib,7,CV17_THY_CONT_RATIO,Smoke,18,0.0025093786319929194,-0.0009071655907039745,False
paper_locked,voting,"LogisticRegression,RandomForest,AdaBoost",sigmoid,models/final_h7_CV17_THY_CONT_RATIO_paper_locked.joblib,7,CV17_THY_CONT_RATIO,Previous_MI,19,0.0014647022966001579,0.0005136161916712787,False
paper_locked,voting,"LogisticRegression,RandomForest,AdaBoost",sigmoid,models/final_h7_CV17_THY_CONT_RATIO_paper_locked.joblib,7,CV17_THY_CONT_RATIO,Gender,20,0.0010735376977281724,0.00021894987278227123,False
paper_locked,voting,"LogisticRegression,RandomForest,AdaBoost",sigmoid,models/final_h7_CV17_THY_CONT_RATIO_paper_locked.joblib,7,CV17_THY_CONT_RATIO,Previous_PCI,21,0.0005805367082137689,5.894651410542772e-05,False
own,stacking,"AdaBoost,MLP",raw,models/stacking_sensitivity/h7_CV17_THY_CONT_RATIO_own.joblib,7,CV17_THY_CONT_RATIO,Age,1,0.09154164268196503,-0.047605979705264145,False
own,stacking,"AdaBoost,MLP",raw,models/stacking_sensitivity/h7_CV17_THY_CONT_RATIO_own.joblib,7,CV17_THY_CONT_RATIO,LVEF,2,0.08257501938970385,0.010740408312817584,False
own,stacking,"AdaBoost,MLP",raw,models/stacking_sensitivity/h7_CV17_THY_CONT_RATIO_own.joblib,7,CV17_THY_CONT_RATIO,PostIsch_DCM,3,0.024014197332878157,0.007914727218290594,False
own,stacking,"AdaBoost,MLP",raw,models/stacking_sensitivity/h7_CV17_THY_CONT_RATIO_own.joblib,7,CV17_THY_CONT_RATIO,Diabetes,4,0.0206879967127586,0.012565953003817285,False
own,stacking,"AdaBoost,MLP",raw,models/stacking_sensitivity/h7_CV17_THY_CONT_RATIO_own.joblib,7,CV17_THY_CONT_RATIO,Dyslipidemia,5,0.019540796269227414,0.002745062381239497,False
own,stacking,"AdaBoost,MLP",raw,models/stacking_sensitivity/h7_CV17_THY_CONT_RATIO_own.joblib,7,CV17_THY_CONT_RATIO,fT3_fT4_ratio,6,0.018278014725122263,-0.0019142200432351272,True
own,stacking,"AdaBoost,MLP",raw,models/stacking_sensitivity/h7_CV17_THY_CONT_RATIO_own.joblib,7,CV17_THY_CONT_RATIO,Vessels,7,0.0167429988046073,-0.006841003150770209,False
own,stacking,"AdaBoost,MLP",raw,models/stacking_sensitivity/h7_CV17_THY_CONT_RATIO_own.joblib,7,CV17_THY_CONT_RATIO,fT4,8,0.015075314430287963,-0.005489673029241381,True
own,stacking,"AdaBoost,MLP",raw,models/stacking_sensitivity/h7_CV17_THY_CONT_RATIO_own.joblib,7,CV17_THY_CONT_RATIO,Ischemia,9,0.012200266203901189,0.0006678055266277113,False
own,stacking,"AdaBoost,MLP",raw,models/stacking_sensitivity/h7_CV17_THY_CONT_RATIO_own.joblib,7,CV17_THY_CONT_RATIO,Acute_MI,10,0.012106650031109096,-0.0055481428088236225,False
own,stacking,"AdaBoost,MLP",raw,models/stacking_sensitivity/h7_CV17_THY_CONT_RATIO_own.joblib,7,CV17_THY_CONT_RATIO,AFib,11,0.01152027367430813,-0.0011590699102361237,False
own,stacking,"AdaBoost,MLP",raw,models/stacking_sensitivity/h7_CV17_THY_CONT_RATIO_own.joblib,7,CV17_THY_CONT_RATIO,TSH,12,0.010964331728843198,0.0010456434716744714,True
own,stacking,"AdaBoost,MLP",raw,models/stacking_sensitivity/h7_CV17_THY_CONT_RATIO_own.joblib,7,CV17_THY_CONT_RATIO,Angina,13,0.0056383145017745466,-0.0038278189205887864,False
own,stacking,"AdaBoost,MLP",raw,models/stacking_sensitivity/h7_CV17_THY_CONT_RATIO_own.joblib,7,CV17_THY_CONT_RATIO,Angiography,14,0.002939369381113591,0.00045987463489225735,False
own,stacking,"AdaBoost,MLP",raw,models/stacking_sensitivity/h7_CV17_THY_CONT_RATIO_own.joblib,7,CV17_THY_CONT_RATIO,Previous_CABG,15,0.002794177066893568,0.0027941770668935676,False
own,stacking,"AdaBoost,MLP",raw,models/stacking_sensitivity/h7_CV17_THY_CONT_RATIO_own.joblib,7,CV17_THY_CONT_RATIO,Hypertension,16,0.0027069055027454177,-0.00032965751252856984,False
own,stacking,"AdaBoost,MLP",raw,models/stacking_sensitivity/h7_CV17_THY_CONT_RATIO_own.joblib,7,CV17_THY_CONT_RATIO,Gender,17,0.0027021009680784345,0.0003233288915917698,False
own,stacking,"AdaBoost,MLP",raw,models/stacking_sensitivity/h7_CV17_THY_CONT_RATIO_own.joblib,7,CV17_THY_CONT_RATIO,Previous_MI,18,0.001800277238794301,0.0007872897652486296,False
own,stacking,"AdaBoost,MLP",raw,models/stacking_sensitivity/h7_CV17_THY_CONT_RATIO_own.joblib,7,CV17_THY_CONT_RATIO,Smoke,19,0.0014390827403758242,0.00042321805520272287,False
own,stacking,"AdaBoost,MLP",raw,models/stacking_sensitivity/h7_CV17_THY_CONT_RATIO_own.joblib,7,CV17_THY_CONT_RATIO,Previous_PCI,20,0.0013347453570580622,0.0005291438090363497,False
own,stacking,"AdaBoost,MLP",raw,models/stacking_sensitivity/h7_CV17_THY_CONT_RATIO_own.joblib,7,CV17_THY_CONT_RATIO,fT3,21,0.0003132104743998547,4.551582030872003e-06,True
own,stacking,"AdaBoost,MLP",sigmoid,models/stacking_sensitivity/h7_CV17_THY_CONT_RATIO_own.joblib,7,CV17_THY_CONT_RATIO,Age,1,0.09100740690757429,-0.04738822064405625,False
own,stacking,"AdaBoost,MLP",sigmoid,models/stacking_sensitivity/h7_CV17_THY_CONT_RATIO_own.joblib,7,CV17_THY_CONT_RATIO,LVEF,2,0.08221470355282745,0.010687711070796628,False
own,stacking,"AdaBoost,MLP",sigmoid,models/stacking_sensitivity/h7_CV17_THY_CONT_RATIO_own.joblib,7,CV17_THY_CONT_RATIO,PostIsch_DCM,3,0.024010693821195635,0.007930283202324324,False
own,stacking,"AdaBoost,MLP",sigmoid,models/stacking_sensitivity/h7_CV17_THY_CONT_RATIO_own.joblib,7,CV17_THY_CONT_RATIO,Diabetes,4,0.020594732470117925,0.01251781527049965,False
own,stacking,"AdaBoost,MLP",sigmoid,models/stacking_sensitivity/h7_CV17_THY_CONT_RATIO_own.joblib,7,CV17_THY_CONT_RATIO,Dyslipidemia,5,0.01946685575157683,0.002719365632373763,False
own,stacking,"AdaBoost,MLP",sigmoid,models/stacking_sensitivity/h7_CV17_THY_CONT_RATIO_own.joblib,7,CV17_THY_CONT_RATIO,fT3_fT4_ratio,6,0.018181549867469404,-0.001918088857473511,True
own,stacking,"AdaBoost,MLP",sigmoid,models/stacking_sensitivity/h7_CV17_THY_CONT_RATIO_own.joblib,7,CV17_THY_CONT_RATIO,Vessels,7,0.01669457978982564,-0.006826327299857491,False
own,stacking,"AdaBoost,MLP",sigmoid,models/stacking_sensitivity/h7_CV17_THY_CONT_RATIO_own.joblib,7,CV17_THY_CONT_RATIO,fT4,8,0.015021475685443505,-0.005494810800609044,True
own,stacking,"AdaBoost,MLP",sigmoid,models/stacking_sensitivity/h7_CV17_THY_CONT_RATIO_own.joblib,7,CV17_THY_CONT_RATIO,Ischemia,9,0.012152597157876201,0.0006647575613823196,False
own,stacking,"AdaBoost,MLP",sigmoid,models/stacking_sensitivity/h7_CV17_THY_CONT_RATIO_own.joblib,7,CV17_THY_CONT_RATIO,Acute_MI,10,0.012068143748991284,-0.005525130203901107,False
own,stacking,"AdaBoost,MLP",sigmoid,models/stacking_sensitivity/h7_CV17_THY_CONT_RATIO_own.joblib,7,CV17_THY_CONT_RATIO,AFib,11,0.011458140469751068,-0.0011448205728177632,False
own,stacking,"AdaBoost,MLP",sigmoid,models/stacking_sensitivity/h7_CV17_THY_CONT_RATIO_own.joblib,7,CV17_THY_CONT_RATIO,TSH,12,0.010906851437031094,0.001034798194795233,True
own,stacking,"AdaBoost,MLP",sigmoid,models/stacking_sensitivity/h7_CV17_THY_CONT_RATIO_own.joblib,7,CV17_THY_CONT_RATIO,Angina,13,0.005611599646769113,-0.003811463146153201,False
own,stacking,"AdaBoost,MLP",sigmoid,models/stacking_sensitivity/h7_CV17_THY_CONT_RATIO_own.joblib,7,CV17_THY_CONT_RATIO,Angiography,14,0.002930533089920228,0.00046302008993081043,False
own,stacking,"AdaBoost,MLP",sigmoid,models/stacking_sensitivity/h7_CV17_THY_CONT_RATIO_own.joblib,7,CV17_THY_CONT_RATIO,Previous_CABG,15,0.002790003676896812,0.002790003676896812,False
own,stacking,"AdaBoost,MLP",sigmoid,models/stacking_sensitivity/h7_CV17_THY_CONT_RATIO_own.joblib,7,CV17_THY_CONT_RATIO,Gender,16,0.002696033697073435,0.0003186846941962146,False
own,stacking,"AdaBoost,MLP",sigmoid,models/stacking_sensitivity/h7_CV17_THY_CONT_RATIO_own.joblib,7,CV17_THY_CONT_RATIO,Hypertension,17,0.002691573910584566,-0.0003283498101356567,False
own,stacking,"AdaBoost,MLP",sigmoid,models/stacking_sensitivity/h7_CV17_THY_CONT_RATIO_own.joblib,7,CV17_THY_CONT_RATIO,Previous_MI,18,0.0017954010303918714,0.000786986696738707,False
own,stacking,"AdaBoost,MLP",sigmoid,models/stacking_sensitivity/h7_CV17_THY_CONT_RATIO_own.joblib,7,CV17_THY_CONT_RATIO,Smoke,19,0.001432500367534555,0.0004216342647870304,False
own,stacking,"AdaBoost,MLP",sigmoid,models/stacking_sensitivity/h7_CV17_THY_CONT_RATIO_own.joblib,7,CV17_THY_CONT_RATIO,Previous_PCI,20,0.0013274462411987477,0.0005289202974751394,False
own,stacking,"AdaBoost,MLP",sigmoid,models/stacking_sensitivity/h7_CV17_THY_CONT_RATIO_own.joblib,7,CV17_THY_CONT_RATIO,fT3,21,0.0003122727028458727,4.556848585255539e-06,True
own,stacking,"AdaBoost,MLP",isotonic,models/stacking_sensitivity/h7_CV17_THY_CONT_RATIO_own.joblib,7,CV17_THY_CONT_RATIO,Age,1,0.09622508339548677,-0.04925915185351841,False
own,stacking,"AdaBoost,MLP",isotonic,models/stacking_sensitivity/h7_CV17_THY_CONT_RATIO_own.joblib,7,CV17_THY_CONT_RATIO,LVEF,2,0.08156150942498101,0.009936528967123087,False
own,stacking,"AdaBoost,MLP",isotonic,models/stacking_sensitivity/h7_CV17_THY_CONT_RATIO_own.joblib,7,CV17_THY_CONT_RATIO,PostIsch_DCM,3,0.02494744794660442,0.008014712167762748,False
own,stacking,"AdaBoost,MLP",isotonic,models/stacking_sensitivity/h7_CV17_THY_CONT_RATIO_own.joblib,7,CV17_THY_CONT_RATIO,Dyslipidemia,4,0.020274741530898328,0.0023960523281336328,False
own,stacking,"AdaBoost,MLP",isotonic,models/stacking_sensitivity/h7_CV17_THY_CONT_RATIO_own.joblib,7,CV17_THY_CONT_RATIO,Vessels,5,0.019856930407384524,-0.009895951704725604,False
own,stacking,"AdaBoost,MLP",isotonic,models/stacking_sensitivity/h7_CV17_THY_CONT_RATIO_own.joblib,7,CV17_THY_CONT_RATIO,Diabetes,6,0.01965459510457366,0.011751001574351275,False
own,stacking,"AdaBoost,MLP",isotonic,models/stacking_sensitivity/h7_CV17_THY_CONT_RATIO_own.joblib,7,CV17_THY_CONT_RATIO,fT3_fT4_ratio,7,0.01809517197145072,-0.003577074915794819,True
own,stacking,"AdaBoost,MLP",isotonic,models/stacking_sensitivity/h7_CV17_THY_CONT_RATIO_own.joblib,7,CV17_THY_CONT_RATIO,fT4,8,0.015351008312753165,-0.006270429636219155,True
own,stacking,"AdaBoost,MLP",isotonic,models/stacking_sensitivity/h7_CV17_THY_CONT_RATIO_own.joblib,7,CV17_THY_CONT_RATIO,Ischemia,9,0.012447588155861321,-0.001919615909472793,False
own,stacking,"AdaBoost,MLP",isotonic,models/stacking_sensitivity/h7_CV17_THY_CONT_RATIO_own.joblib,7,CV17_THY_CONT_RATIO,Acute_MI,10,0.01192861297075778,-0.005924161876605804,False
own,stacking,"AdaBoost,MLP",isotonic,models/stacking_sensitivity/h7_CV17_THY_CONT_RATIO_own.joblib,7,CV17_THY_CONT_RATIO,TSH,11,0.011412915995036112,0.0005744505205190025,True
own,stacking,"AdaBoost,MLP",isotonic,models/stacking_sensitivity/h7_CV17_THY_CONT_RATIO_own.joblib,7,CV17_THY_CONT_RATIO,AFib,12,0.011003827312164302,-0.0009827316132864426,False
own,stacking,"AdaBoost,MLP",isotonic,models/stacking_sensitivity/h7_CV17_THY_CONT_RATIO_own.joblib,7,CV17_THY_CONT_RATIO,Angina,13,0.00541152183757813,-0.0034910017634241057,False
own,stacking,"AdaBoost,MLP",isotonic,models/stacking_sensitivity/h7_CV17_THY_CONT_RATIO_own.joblib,7,CV17_THY_CONT_RATIO,Gender,14,0.003560625488731464,-0.0007259220676705312,False
own,stacking,"AdaBoost,MLP",isotonic,models/stacking_sensitivity/h7_CV17_THY_CONT_RATIO_own.joblib,7,CV17_THY_CONT_RATIO,Hypertension,15,0.003127373957297093,-0.00023764802542945186,False
own,stacking,"AdaBoost,MLP",isotonic,models/stacking_sensitivity/h7_CV17_THY_CONT_RATIO_own.joblib,7,CV17_THY_CONT_RATIO,Previous_CABG,16,0.003123519186698135,0.003123519186698135,False
own,stacking,"AdaBoost,MLP",isotonic,models/stacking_sensitivity/h7_CV17_THY_CONT_RATIO_own.joblib,7,CV17_THY_CONT_RATIO,Previous_MI,17,0.0028192465193688566,0.0001323019574120165,False
own,stacking,"AdaBoost,MLP",isotonic,models/stacking_sensitivity/h7_CV17_THY_CONT_RATIO_own.joblib,7,CV17_THY_CONT_RATIO,Angiography,18,0.0023375167721827396,0.00033679316508126046,False
own,stacking,"AdaBoost,MLP",isotonic,models/stacking_sensitivity/h7_CV17_THY_CONT_RATIO_own.joblib,7,CV17_THY_CONT_RATIO,Smoke,19,0.0021406070846149154,0.0005774950304190062,False
own,stacking,"AdaBoost,MLP",isotonic,models/stacking_sensitivity/h7_CV17_THY_CONT_RATIO_own.joblib,7,CV17_THY_CONT_RATIO,Previous_PCI,20,0.0015063338045355188,0.00031169718715434226,False
own,stacking,"AdaBoost,MLP",isotonic,models/stacking_sensitivity/h7_CV17_THY_CONT_RATIO_own.joblib,7,CV17_THY_CONT_RATIO,fT3,21,0.0006745711300713154,0.00030939257591971374,True
same_baseline,stacking,"KNeighbors,RandomForest,AdaBoost,MLP",raw,models/stacking_sensitivity/h7_CV17_THY_CONT_RATIO_same_baseline.joblib,7,CV17_THY_CONT_RATIO,Age,1,0.08399124843387046,-0.0472961051001837,False
same_baseline,stacking,"KNeighbors,RandomForest,AdaBoost,MLP",raw,models/stacking_sensitivity/h7_CV17_THY_CONT_RATIO_same_baseline.joblib,7,CV17_THY_CONT_RATIO,LVEF,2,0.07335315518799779,0.008750390563562306,False
same_baseline,stacking,"KNeighbors,RandomForest,AdaBoost,MLP",raw,models/stacking_sensitivity/h7_CV17_THY_CONT_RATIO_same_baseline.joblib,7,CV17_THY_CONT_RATIO,PostIsch_DCM,3,0.027407557775945807,0.008326702802275845,False
same_baseline,stacking,"KNeighbors,RandomForest,AdaBoost,MLP",raw,models/stacking_sensitivity/h7_CV17_THY_CONT_RATIO_same_baseline.joblib,7,CV17_THY_CONT_RATIO,Dyslipidemia,4,0.020380252316248456,0.0020870614427411583,False
same_baseline,stacking,"KNeighbors,RandomForest,AdaBoost,MLP",raw,models/stacking_sensitivity/h7_CV17_THY_CONT_RATIO_same_baseline.joblib,7,CV17_THY_CONT_RATIO,fT3_fT4_ratio,5,0.02020882593246663,-0.0019564789763992186,True
same_baseline,stacking,"KNeighbors,RandomForest,AdaBoost,MLP",raw,models/stacking_sensitivity/h7_CV17_THY_CONT_RATIO_same_baseline.joblib,7,CV17_THY_CONT_RATIO,Diabetes,6,0.020060777129046737,0.012960972943620103,False
same_baseline,stacking,"KNeighbors,RandomForest,AdaBoost,MLP",raw,models/stacking_sensitivity/h7_CV17_THY_CONT_RATIO_same_baseline.joblib,7,CV17_THY_CONT_RATIO,Vessels,7,0.019823023645371383,-0.009005543893490049,False
same_baseline,stacking,"KNeighbors,RandomForest,AdaBoost,MLP",raw,models/stacking_sensitivity/h7_CV17_THY_CONT_RATIO_same_baseline.joblib,7,CV17_THY_CONT_RATIO,AFib,8,0.014324348037600527,-0.00015071765723072538,False
same_baseline,stacking,"KNeighbors,RandomForest,AdaBoost,MLP",raw,models/stacking_sensitivity/h7_CV17_THY_CONT_RATIO_same_baseline.joblib,7,CV17_THY_CONT_RATIO,fT4,9,0.013891598453578917,-0.004842421536275677,True
same_baseline,stacking,"KNeighbors,RandomForest,AdaBoost,MLP",raw,models/stacking_sensitivity/h7_CV17_THY_CONT_RATIO_same_baseline.joblib,7,CV17_THY_CONT_RATIO,Acute_MI,10,0.012551631003036766,-0.007056369248154593,False
same_baseline,stacking,"KNeighbors,RandomForest,AdaBoost,MLP",raw,models/stacking_sensitivity/h7_CV17_THY_CONT_RATIO_same_baseline.joblib,7,CV17_THY_CONT_RATIO,Ischemia,11,0.012344340955231778,0.0008833513096649448,False
same_baseline,stacking,"KNeighbors,RandomForest,AdaBoost,MLP",raw,models/stacking_sensitivity/h7_CV17_THY_CONT_RATIO_same_baseline.joblib,7,CV17_THY_CONT_RATIO,TSH,12,0.00853616650239592,0.0009694103232870763,True
same_baseline,stacking,"KNeighbors,RandomForest,AdaBoost,MLP",raw,models/stacking_sensitivity/h7_CV17_THY_CONT_RATIO_same_baseline.joblib,7,CV17_THY_CONT_RATIO,Angina,13,0.0067796997638606945,-0.0041620673214940625,False
same_baseline,stacking,"KNeighbors,RandomForest,AdaBoost,MLP",raw,models/stacking_sensitivity/h7_CV17_THY_CONT_RATIO_same_baseline.joblib,7,CV17_THY_CONT_RATIO,Angiography,14,0.004340826598168105,0.002098668409413973,False
same_baseline,stacking,"KNeighbors,RandomForest,AdaBoost,MLP",raw,models/stacking_sensitivity/h7_CV17_THY_CONT_RATIO_same_baseline.joblib,7,CV17_THY_CONT_RATIO,Hypertension,15,0.0039067008684224485,-0.00019233383900972123,False
same_baseline,stacking,"KNeighbors,RandomForest,AdaBoost,MLP",raw,models/stacking_sensitivity/h7_CV17_THY_CONT_RATIO_same_baseline.joblib,7,CV17_THY_CONT_RATIO,fT3,16,0.0038377744740543626,-0.0014049208440722332,True
same_baseline,stacking,"KNeighbors,RandomForest,AdaBoost,MLP",raw,models/stacking_sensitivity/h7_CV17_THY_CONT_RATIO_same_baseline.joblib,7,CV17_THY_CONT_RATIO,Previous_MI,17,0.003442721812846127,0.0007808352848853615,False
same_baseline,stacking,"KNeighbors,RandomForest,AdaBoost,MLP",raw,models/stacking_sensitivity/h7_CV17_THY_CONT_RATIO_same_baseline.joblib,7,CV17_THY_CONT_RATIO,Smoke,18,0.002974362799856778,-0.0009301336420539666,False
same_baseline,stacking,"KNeighbors,RandomForest,AdaBoost,MLP",raw,models/stacking_sensitivity/h7_CV17_THY_CONT_RATIO_same_baseline.joblib,7,CV17_THY_CONT_RATIO,Previous_CABG,19,0.002719410896518436,0.002719410896518436,False
same_baseline,stacking,"KNeighbors,RandomForest,AdaBoost,MLP",raw,models/stacking_sensitivity/h7_CV17_THY_CONT_RATIO_same_baseline.joblib,7,CV17_THY_CONT_RATIO,Gender,20,0.0024465706027258596,0.00021615220384067275,False
same_baseline,stacking,"KNeighbors,RandomForest,AdaBoost,MLP",raw,models/stacking_sensitivity/h7_CV17_THY_CONT_RATIO_same_baseline.joblib,7,CV17_THY_CONT_RATIO,Previous_PCI,21,0.001658167968008941,0.000465799159615614,False
same_baseline,stacking,"KNeighbors,RandomForest,AdaBoost,MLP",sigmoid,models/stacking_sensitivity/h7_CV17_THY_CONT_RATIO_same_baseline.joblib,7,CV17_THY_CONT_RATIO,Age,1,0.08327635605464295,-0.04694184829120369,False
same_baseline,stacking,"KNeighbors,RandomForest,AdaBoost,MLP",sigmoid,models/stacking_sensitivity/h7_CV17_THY_CONT_RATIO_same_baseline.joblib,7,CV17_THY_CONT_RATIO,LVEF,2,0.07280816552257804,0.008659174866324934,False
same_baseline,stacking,"KNeighbors,RandomForest,AdaBoost,MLP",sigmoid,models/stacking_sensitivity/h7_CV17_THY_CONT_RATIO_same_baseline.joblib,7,CV17_THY_CONT_RATIO,PostIsch_DCM,3,0.027310784676801456,0.008322252897353645,False
same_baseline,stacking,"KNeighbors,RandomForest,AdaBoost,MLP",sigmoid,models/stacking_sensitivity/h7_CV17_THY_CONT_RATIO_same_baseline.joblib,7,CV17_THY_CONT_RATIO,Dyslipidemia,4,0.02023229517563959,0.0020669892356165297,False
same_baseline,stacking,"KNeighbors,RandomForest,AdaBoost,MLP",sigmoid,models/stacking_sensitivity/h7_CV17_THY_CONT_RATIO_same_baseline.joblib,7,CV17_THY_CONT_RATIO,fT3_fT4_ratio,5,0.020041882096654334,-0.001970204235476135,True
same_baseline,stacking,"KNeighbors,RandomForest,AdaBoost,MLP",sigmoid,models/stacking_sensitivity/h7_CV17_THY_CONT_RATIO_same_baseline.joblib,7,CV17_THY_CONT_RATIO,Diabetes,6,0.019898221402615827,0.01286785460638333,False
same_baseline,stacking,"KNeighbors,RandomForest,AdaBoost,MLP",sigmoid,models/stacking_sensitivity/h7_CV17_THY_CONT_RATIO_same_baseline.joblib,7,CV17_THY_CONT_RATIO,Vessels,7,0.019699050005964884,-0.00896172325823524,False
same_baseline,stacking,"KNeighbors,RandomForest,AdaBoost,MLP",sigmoid,models/stacking_sensitivity/h7_CV17_THY_CONT_RATIO_same_baseline.joblib,7,CV17_THY_CONT_RATIO,AFib,8,0.014188998835022407,-0.00013341393509801517,False
same_baseline,stacking,"KNeighbors,RandomForest,AdaBoost,MLP",sigmoid,models/stacking_sensitivity/h7_CV17_THY_CONT_RATIO_same_baseline.joblib,7,CV17_THY_CONT_RATIO,fT4,9,0.013788350555888278,-0.0048416443096155545,True
same_baseline,stacking,"KNeighbors,RandomForest,AdaBoost,MLP",sigmoid,models/stacking_sensitivity/h7_CV17_THY_CONT_RATIO_same_baseline.joblib,7,CV17_THY_CONT_RATIO,Acute_MI,10,0.012470368628599165,-0.00700837745606454,False
same_baseline,stacking,"KNeighbors,RandomForest,AdaBoost,MLP",sigmoid,models/stacking_sensitivity/h7_CV17_THY_CONT_RATIO_same_baseline.joblib,7,CV17_THY_CONT_RATIO,Ischemia,11,0.012258982637060427,0.0008687454964060087,False
same_baseline,stacking,"KNeighbors,RandomForest,AdaBoost,MLP",sigmoid,models/stacking_sensitivity/h7_CV17_THY_CONT_RATIO_same_baseline.joblib,7,CV17_THY_CONT_RATIO,TSH,12,0.00846583498313388,0.0009487549278872955,True
same_baseline,stacking,"KNeighbors,RandomForest,AdaBoost,MLP",sigmoid,models/stacking_sensitivity/h7_CV17_THY_CONT_RATIO_same_baseline.joblib,7,CV17_THY_CONT_RATIO,Angina,13,0.0067214114200057126,-0.00412890485278847,False
same_baseline,stacking,"KNeighbors,RandomForest,AdaBoost,MLP",sigmoid,models/stacking_sensitivity/h7_CV17_THY_CONT_RATIO_same_baseline.joblib,7,CV17_THY_CONT_RATIO,Angiography,14,0.0043180854041049805,0.002091970438337321,False
same_baseline,stacking,"KNeighbors,RandomForest,AdaBoost,MLP",sigmoid,models/stacking_sensitivity/h7_CV17_THY_CONT_RATIO_same_baseline.joblib,7,CV17_THY_CONT_RATIO,Hypertension,15,0.0038680073506733347,-0.00019753460168990208,False
same_baseline,stacking,"KNeighbors,RandomForest,AdaBoost,MLP",sigmoid,models/stacking_sensitivity/h7_CV17_THY_CONT_RATIO_same_baseline.joblib,7,CV17_THY_CONT_RATIO,fT3,16,0.0038074575797952524,-0.0014035371842217824,True
same_baseline,stacking,"KNeighbors,RandomForest,AdaBoost,MLP",sigmoid,models/stacking_sensitivity/h7_CV17_THY_CONT_RATIO_same_baseline.joblib,7,CV17_THY_CONT_RATIO,Previous_MI,17,0.0034321507047700168,0.0007828252252160993,False
same_baseline,stacking,"KNeighbors,RandomForest,AdaBoost,MLP",sigmoid,models/stacking_sensitivity/h7_CV17_THY_CONT_RATIO_same_baseline.joblib,7,CV17_THY_CONT_RATIO,Smoke,18,0.0029479159738971805,-0.0009261222288309763,False
same_baseline,stacking,"KNeighbors,RandomForest,AdaBoost,MLP",sigmoid,models/stacking_sensitivity/h7_CV17_THY_CONT_RATIO_same_baseline.joblib,7,CV17_THY_CONT_RATIO,Previous_CABG,19,0.0027010348842611857,0.002701034884261186,False
same_baseline,stacking,"KNeighbors,RandomForest,AdaBoost,MLP",sigmoid,models/stacking_sensitivity/h7_CV17_THY_CONT_RATIO_same_baseline.joblib,7,CV17_THY_CONT_RATIO,Gender,20,0.0024268669774697477,0.00020553325287530228,False
same_baseline,stacking,"KNeighbors,RandomForest,AdaBoost,MLP",sigmoid,models/stacking_sensitivity/h7_CV17_THY_CONT_RATIO_same_baseline.joblib,7,CV17_THY_CONT_RATIO,Previous_PCI,21,0.0016400634579197234,0.000462921707149277,False
same_baseline,stacking,"KNeighbors,RandomForest,AdaBoost,MLP",isotonic,models/stacking_sensitivity/h7_CV17_THY_CONT_RATIO_same_baseline.joblib,7,CV17_THY_CONT_RATIO,Age,1,0.08463870981156744,-0.047317236003501836,False
same_baseline,stacking,"KNeighbors,RandomForest,AdaBoost,MLP",isotonic,models/stacking_sensitivity/h7_CV17_THY_CONT_RATIO_same_baseline.joblib,7,CV17_THY_CONT_RATIO,LVEF,2,0.07176116434435033,0.00845580785762299,False
same_baseline,stacking,"KNeighbors,RandomForest,AdaBoost,MLP",isotonic,models/stacking_sensitivity/h7_CV17_THY_CONT_RATIO_same_baseline.joblib,7,CV17_THY_CONT_RATIO,PostIsch_DCM,3,0.027266685759626038,0.008866655798209132,False
same_baseline,stacking,"KNeighbors,RandomForest,AdaBoost,MLP",isotonic,models/stacking_sensitivity/h7_CV17_THY_CONT_RATIO_same_baseline.joblib,7,CV17_THY_CONT_RATIO,Dyslipidemia,4,0.020660238786935996,0.0024632331759479875,False
same_baseline,stacking,"KNeighbors,RandomForest,AdaBoost,MLP",isotonic,models/stacking_sensitivity/h7_CV17_THY_CONT_RATIO_same_baseline.joblib,7,CV17_THY_CONT_RATIO,fT3_fT4_ratio,5,0.020301115967015584,-0.0022964236303103505,True
same_baseline,stacking,"KNeighbors,RandomForest,AdaBoost,MLP",isotonic,models/stacking_sensitivity/h7_CV17_THY_CONT_RATIO_same_baseline.joblib,7,CV17_THY_CONT_RATIO,Diabetes,6,0.01975917946181603,0.012148058279136056,False
same_baseline,stacking,"KNeighbors,RandomForest,AdaBoost,MLP",isotonic,models/stacking_sensitivity/h7_CV17_THY_CONT_RATIO_same_baseline.joblib,7,CV17_THY_CONT_RATIO,Vessels,7,0.019566525343209122,-0.008323887307776263,False
same_baseline,stacking,"KNeighbors,RandomForest,AdaBoost,MLP",isotonic,models/stacking_sensitivity/h7_CV17_THY_CONT_RATIO_same_baseline.joblib,7,CV17_THY_CONT_RATIO,fT4,8,0.014298778869840607,-0.004758008868719782,True
same_baseline,stacking,"KNeighbors,RandomForest,AdaBoost,MLP",isotonic,models/stacking_sensitivity/h7_CV17_THY_CONT_RATIO_same_baseline.joblib,7,CV17_THY_CONT_RATIO,AFib,9,0.013420313048925646,-0.0002511962142226907,False
same_baseline,stacking,"KNeighbors,RandomForest,AdaBoost,MLP",isotonic,models/stacking_sensitivity/h7_CV17_THY_CONT_RATIO_same_baseline.joblib,7,CV17_THY_CONT_RATIO,Acute_MI,10,0.013409765473197475,-0.007876139950744791,False
same_baseline,stacking,"KNeighbors,RandomForest,AdaBoost,MLP",isotonic,models/stacking_sensitivity/h7_CV17_THY_CONT_RATIO_same_baseline.joblib,7,CV17_THY_CONT_RATIO,Ischemia,11,0.01318556238968702,0.0003667668296792842,False
same_baseline,stacking,"KNeighbors,RandomForest,AdaBoost,MLP",isotonic,models/stacking_sensitivity/h7_CV17_THY_CONT_RATIO_same_baseline.joblib,7,CV17_THY_CONT_RATIO,TSH,12,0.009221381702808418,0.0019127775049899835,True
same_baseline,stacking,"KNeighbors,RandomForest,AdaBoost,MLP",isotonic,models/stacking_sensitivity/h7_CV17_THY_CONT_RATIO_same_baseline.joblib,7,CV17_THY_CONT_RATIO,Angina,13,0.006774359939656345,-0.004551923459805493,False
same_baseline,stacking,"KNeighbors,RandomForest,AdaBoost,MLP",isotonic,models/stacking_sensitivity/h7_CV17_THY_CONT_RATIO_same_baseline.joblib,7,CV17_THY_CONT_RATIO,Angiography,14,0.004705195280102674,0.0020886856930991218,False
same_baseline,stacking,"KNeighbors,RandomForest,AdaBoost,MLP",isotonic,models/stacking_sensitivity/h7_CV17_THY_CONT_RATIO_same_baseline.joblib,7,CV17_THY_CONT_RATIO,Previous_MI,15,0.004279849769588081,0.001230671744323623,False
same_baseline,stacking,"KNeighbors,RandomForest,AdaBoost,MLP",isotonic,models/stacking_sensitivity/h7_CV17_THY_CONT_RATIO_same_baseline.joblib,7,CV17_THY_CONT_RATIO,fT3,16,0.0042062964417460885,-0.0012965017219706185,True
same_baseline,stacking,"KNeighbors,RandomForest,AdaBoost,MLP",isotonic,models/stacking_sensitivity/h7_CV17_THY_CONT_RATIO_same_baseline.joblib,7,CV17_THY_CONT_RATIO,Hypertension,17,0.004070876094745425,-6.460641937652308e-05,False
same_baseline,stacking,"KNeighbors,RandomForest,AdaBoost,MLP",isotonic,models/stacking_sensitivity/h7_CV17_THY_CONT_RATIO_same_baseline.joblib,7,CV17_THY_CONT_RATIO,Smoke,18,0.0031861012953776635,-0.0005967711893860824,False
same_baseline,stacking,"KNeighbors,RandomForest,AdaBoost,MLP",isotonic,models/stacking_sensitivity/h7_CV17_THY_CONT_RATIO_same_baseline.joblib,7,CV17_THY_CONT_RATIO,Previous_CABG,19,0.0028993106454028,0.0028993106454028,False
same_baseline,stacking,"KNeighbors,RandomForest,AdaBoost,MLP",isotonic,models/stacking_sensitivity/h7_CV17_THY_CONT_RATIO_same_baseline.joblib,7,CV17_THY_CONT_RATIO,Gender,20,0.002599393983454259,9.970268687740116e-05,False
same_baseline,stacking,"KNeighbors,RandomForest,AdaBoost,MLP",isotonic,models/stacking_sensitivity/h7_CV17_THY_CONT_RATIO_same_baseline.joblib,7,CV17_THY_CONT_RATIO,Previous_PCI,21,0.0015874064424789727,6.667044361752589e-05,False
locked_baseline,stacking,"KNeighbors,RandomForest,AdaBoost,MLP",raw,models/stacking_sensitivity/h7_CV17_THY_CONT_RATIO_locked_baseline.joblib,7,CV17_THY_CONT_RATIO,Age,1,0.0877249903206373,-0.051234631695420446,False
locked_baseline,stacking,"KNeighbors,RandomForest,AdaBoost,MLP",raw,models/stacking_sensitivity/h7_CV17_THY_CONT_RATIO_locked_baseline.joblib,7,CV17_THY_CONT_RATIO,LVEF,2,0.07128345712664126,0.01148753235916121,False
locked_baseline,stacking,"KNeighbors,RandomForest,AdaBoost,MLP",raw,models/stacking_sensitivity/h7_CV17_THY_CONT_RATIO_locked_baseline.joblib,7,CV17_THY_CONT_RATIO,Vessels,3,0.03408203174274105,-0.014543539242299999,False
locked_baseline,stacking,"KNeighbors,RandomForest,AdaBoost,MLP",raw,models/stacking_sensitivity/h7_CV17_THY_CONT_RATIO_locked_baseline.joblib,7,CV17_THY_CONT_RATIO,fT3_fT4_ratio,4,0.02158503854878927,-0.002009420507189041,True
locked_baseline,stacking,"KNeighbors,RandomForest,AdaBoost,MLP",raw,models/stacking_sensitivity/h7_CV17_THY_CONT_RATIO_locked_baseline.joblib,7,CV17_THY_CONT_RATIO,Dyslipidemia,5,0.021198442436420994,0.0027267711500371643,False
locked_baseline,stacking,"KNeighbors,RandomForest,AdaBoost,MLP",raw,models/stacking_sensitivity/h7_CV17_THY_CONT_RATIO_locked_baseline.joblib,7,CV17_THY_CONT_RATIO,Ischemia,6,0.019663680211807335,0.00203626839416149,False
locked_baseline,stacking,"KNeighbors,RandomForest,AdaBoost,MLP",raw,models/stacking_sensitivity/h7_CV17_THY_CONT_RATIO_locked_baseline.joblib,7,CV17_THY_CONT_RATIO,PostIsch_DCM,7,0.019350309816851898,0.007115441194227604,False
locked_baseline,stacking,"KNeighbors,RandomForest,AdaBoost,MLP",raw,models/stacking_sensitivity/h7_CV17_THY_CONT_RATIO_locked_baseline.joblib,7,CV17_THY_CONT_RATIO,Diabetes,8,0.01691800185342596,0.011173965896426396,False
locked_baseline,stacking,"KNeighbors,RandomForest,AdaBoost,MLP",raw,models/stacking_sensitivity/h7_CV17_THY_CONT_RATIO_locked_baseline.joblib,7,CV17_THY_CONT_RATIO,fT4,9,0.01627108260542691,-0.0013975750182650003,True
locked_baseline,stacking,"KNeighbors,RandomForest,AdaBoost,MLP",raw,models/stacking_sensitivity/h7_CV17_THY_CONT_RATIO_locked_baseline.joblib,7,CV17_THY_CONT_RATIO,AFib,10,0.012760172539107559,0.0018641600410321858,False
locked_baseline,stacking,"KNeighbors,RandomForest,AdaBoost,MLP",raw,models/stacking_sensitivity/h7_CV17_THY_CONT_RATIO_locked_baseline.joblib,7,CV17_THY_CONT_RATIO,Angina,11,0.010827738803612088,-0.007490416168528646,False
locked_baseline,stacking,"KNeighbors,RandomForest,AdaBoost,MLP",raw,models/stacking_sensitivity/h7_CV17_THY_CONT_RATIO_locked_baseline.joblib,7,CV17_THY_CONT_RATIO,Hypertension,12,0.010663275505986785,-0.0006892216765978128,False
locked_baseline,stacking,"KNeighbors,RandomForest,AdaBoost,MLP",raw,models/stacking_sensitivity/h7_CV17_THY_CONT_RATIO_locked_baseline.joblib,7,CV17_THY_CONT_RATIO,Angiography,13,0.008503303553230522,0.0033095203068460267,False
locked_baseline,stacking,"KNeighbors,RandomForest,AdaBoost,MLP",raw,models/stacking_sensitivity/h7_CV17_THY_CONT_RATIO_locked_baseline.joblib,7,CV17_THY_CONT_RATIO,Acute_MI,14,0.00746647376580572,-0.0035396676257370995,False
locked_baseline,stacking,"KNeighbors,RandomForest,AdaBoost,MLP",raw,models/stacking_sensitivity/h7_CV17_THY_CONT_RATIO_locked_baseline.joblib,7,CV17_THY_CONT_RATIO,TSH,15,0.006234480732905811,0.00027699298148919633,True
locked_baseline,stacking,"KNeighbors,RandomForest,AdaBoost,MLP",raw,models/stacking_sensitivity/h7_CV17_THY_CONT_RATIO_locked_baseline.joblib,7,CV17_THY_CONT_RATIO,fT3,16,0.0040710243701812445,-0.0007507661186859267,True
locked_baseline,stacking,"KNeighbors,RandomForest,AdaBoost,MLP",raw,models/stacking_sensitivity/h7_CV17_THY_CONT_RATIO_locked_baseline.joblib,7,CV17_THY_CONT_RATIO,Smoke,17,0.003968646732535377,-0.00033874351143240876,False
locked_baseline,stacking,"KNeighbors,RandomForest,AdaBoost,MLP",raw,models/stacking_sensitivity/h7_CV17_THY_CONT_RATIO_locked_baseline.joblib,7,CV17_THY_CONT_RATIO,Previous_MI,18,0.003927239997605073,0.0018881829800084459,False
locked_baseline,stacking,"KNeighbors,RandomForest,AdaBoost,MLP",raw,models/stacking_sensitivity/h7_CV17_THY_CONT_RATIO_locked_baseline.joblib,7,CV17_THY_CONT_RATIO,Gender,19,0.003128833454375694,0.001418973824597657,False
locked_baseline,stacking,"KNeighbors,RandomForest,AdaBoost,MLP",raw,models/stacking_sensitivity/h7_CV17_THY_CONT_RATIO_locked_baseline.joblib,7,CV17_THY_CONT_RATIO,Previous_PCI,20,0.003077391738640063,0.0006945795747247355,False
locked_baseline,stacking,"KNeighbors,RandomForest,AdaBoost,MLP",raw,models/stacking_sensitivity/h7_CV17_THY_CONT_RATIO_locked_baseline.joblib,7,CV17_THY_CONT_RATIO,Previous_CABG,21,0.0026300655882245945,0.002630065588224595,False
locked_baseline,stacking,"KNeighbors,RandomForest,AdaBoost,MLP",sigmoid,models/stacking_sensitivity/h7_CV17_THY_CONT_RATIO_locked_baseline.joblib,7,CV17_THY_CONT_RATIO,Age,1,0.08646382810649075,-0.05072758745205639,False
locked_baseline,stacking,"KNeighbors,RandomForest,AdaBoost,MLP",sigmoid,models/stacking_sensitivity/h7_CV17_THY_CONT_RATIO_locked_baseline.joblib,7,CV17_THY_CONT_RATIO,LVEF,2,0.070458627692599,0.011227909318402363,False
locked_baseline,stacking,"KNeighbors,RandomForest,AdaBoost,MLP",sigmoid,models/stacking_sensitivity/h7_CV17_THY_CONT_RATIO_locked_baseline.joblib,7,CV17_THY_CONT_RATIO,Vessels,3,0.033714902439298554,-0.01451155082270418,False
locked_baseline,stacking,"KNeighbors,RandomForest,AdaBoost,MLP",sigmoid,models/stacking_sensitivity/h7_CV17_THY_CONT_RATIO_locked_baseline.joblib,7,CV17_THY_CONT_RATIO,fT3_fT4_ratio,4,0.021293551280139062,-0.00205079687416709,True
locked_baseline,stacking,"KNeighbors,RandomForest,AdaBoost,MLP",sigmoid,models/stacking_sensitivity/h7_CV17_THY_CONT_RATIO_locked_baseline.joblib,7,CV17_THY_CONT_RATIO,Dyslipidemia,5,0.020911056347653844,0.002666103780840285,False
locked_baseline,stacking,"KNeighbors,RandomForest,AdaBoost,MLP",sigmoid,models/stacking_sensitivity/h7_CV17_THY_CONT_RATIO_locked_baseline.joblib,7,CV17_THY_CONT_RATIO,Ischemia,6,0.019417695202006972,0.0019655516401460085,False
locked_baseline,stacking,"KNeighbors,RandomForest,AdaBoost,MLP",sigmoid,models/stacking_sensitivity/h7_CV17_THY_CONT_RATIO_locked_baseline.joblib,7,CV17_THY_CONT_RATIO,PostIsch_DCM,7,0.01927794171396596,0.007107174105445702,False
locked_baseline,stacking,"KNeighbors,RandomForest,AdaBoost,MLP",sigmoid,models/stacking_sensitivity/h7_CV17_THY_CONT_RATIO_locked_baseline.joblib,7,CV17_THY_CONT_RATIO,Diabetes,8,0.01669323977279905,0.01104959535654837,False
locked_baseline,stacking,"KNeighbors,RandomForest,AdaBoost,MLP",sigmoid,models/stacking_sensitivity/h7_CV17_THY_CONT_RATIO_locked_baseline.joblib,7,CV17_THY_CONT_RATIO,fT4,9,0.01606464970519018,-0.001480200864609898,True
locked_baseline,stacking,"KNeighbors,RandomForest,AdaBoost,MLP",sigmoid,models/stacking_sensitivity/h7_CV17_THY_CONT_RATIO_locked_baseline.joblib,7,CV17_THY_CONT_RATIO,AFib,10,0.012570098069972162,0.0018584685932040933,False
locked_baseline,stacking,"KNeighbors,RandomForest,AdaBoost,MLP",sigmoid,models/stacking_sensitivity/h7_CV17_THY_CONT_RATIO_locked_baseline.joblib,7,CV17_THY_CONT_RATIO,Angina,11,0.010637249711351025,-0.007363073334723063,False
locked_baseline,stacking,"KNeighbors,RandomForest,AdaBoost,MLP",sigmoid,models/stacking_sensitivity/h7_CV17_THY_CONT_RATIO_locked_baseline.joblib,7,CV17_THY_CONT_RATIO,Hypertension,12,0.010509645208586695,-0.0007122346957500003,False
locked_baseline,stacking,"KNeighbors,RandomForest,AdaBoost,MLP",sigmoid,models/stacking_sensitivity/h7_CV17_THY_CONT_RATIO_locked_baseline.joblib,7,CV17_THY_CONT_RATIO,Angiography,13,0.008417998458725354,0.003296818758101585,False
locked_baseline,stacking,"KNeighbors,RandomForest,AdaBoost,MLP",sigmoid,models/stacking_sensitivity/h7_CV17_THY_CONT_RATIO_locked_baseline.joblib,7,CV17_THY_CONT_RATIO,Acute_MI,14,0.007407301197321568,-0.0035140628544645847,False
locked_baseline,stacking,"KNeighbors,RandomForest,AdaBoost,MLP",sigmoid,models/stacking_sensitivity/h7_CV17_THY_CONT_RATIO_locked_baseline.joblib,7,CV17_THY_CONT_RATIO,TSH,15,0.00614757303383836,0.00023789322816165394,True
locked_baseline,stacking,"KNeighbors,RandomForest,AdaBoost,MLP",sigmoid,models/stacking_sensitivity/h7_CV17_THY_CONT_RATIO_locked_baseline.joblib,7,CV17_THY_CONT_RATIO,fT3,16,0.004023924456826576,-0.0007706555500752992,True
locked_baseline,stacking,"KNeighbors,RandomForest,AdaBoost,MLP",sigmoid,models/stacking_sensitivity/h7_CV17_THY_CONT_RATIO_locked_baseline.joblib,7,CV17_THY_CONT_RATIO,Smoke,17,0.003903843071299973,-0.0003431941495740861,False
locked_baseline,stacking,"KNeighbors,RandomForest,AdaBoost,MLP",sigmoid,models/stacking_sensitivity/h7_CV17_THY_CONT_RATIO_locked_baseline.joblib,7,CV17_THY_CONT_RATIO,Previous_MI,18,0.003896919054057172,0.00186726367013125,False
locked_baseline,stacking,"KNeighbors,RandomForest,AdaBoost,MLP",sigmoid,models/stacking_sensitivity/h7_CV17_THY_CONT_RATIO_locked_baseline.joblib,7,CV17_THY_CONT_RATIO,Gender,19,0.003069234553419341,0.0013900486796409686,False
locked_baseline,stacking,"KNeighbors,RandomForest,AdaBoost,MLP",sigmoid,models/stacking_sensitivity/h7_CV17_THY_CONT_RATIO_locked_baseline.joblib,7,CV17_THY_CONT_RATIO,Previous_PCI,20,0.0030079362695628457,0.0006928035508970315,False
locked_baseline,stacking,"KNeighbors,RandomForest,AdaBoost,MLP",sigmoid,models/stacking_sensitivity/h7_CV17_THY_CONT_RATIO_locked_baseline.joblib,7,CV17_THY_CONT_RATIO,Previous_CABG,21,0.002588056841289115,0.002588056841289115,False
locked_baseline,stacking,"KNeighbors,RandomForest,AdaBoost,MLP",isotonic,models/stacking_sensitivity/h7_CV17_THY_CONT_RATIO_locked_baseline.joblib,7,CV17_THY_CONT_RATIO,Age,1,0.08605116859664062,-0.05012732531960351,False
locked_baseline,stacking,"KNeighbors,RandomForest,AdaBoost,MLP",isotonic,models/stacking_sensitivity/h7_CV17_THY_CONT_RATIO_locked_baseline.joblib,7,CV17_THY_CONT_RATIO,LVEF,2,0.07153308280512208,0.01026870558018193,False
locked_baseline,stacking,"KNeighbors,RandomForest,AdaBoost,MLP",isotonic,models/stacking_sensitivity/h7_CV17_THY_CONT_RATIO_locked_baseline.joblib,7,CV17_THY_CONT_RATIO,Vessels,3,0.03556081100569735,-0.01558471102192446,False
locked_baseline,stacking,"KNeighbors,RandomForest,AdaBoost,MLP",isotonic,models/stacking_sensitivity/h7_CV17_THY_CONT_RATIO_locked_baseline.joblib,7,CV17_THY_CONT_RATIO,fT3_fT4_ratio,4,0.022647178089180233,-0.003772505434334103,True
locked_baseline,stacking,"KNeighbors,RandomForest,AdaBoost,MLP",isotonic,models/stacking_sensitivity/h7_CV17_THY_CONT_RATIO_locked_baseline.joblib,7,CV17_THY_CONT_RATIO,Dyslipidemia,5,0.021543708713368446,0.003417108100712863,False
locked_baseline,stacking,"KNeighbors,RandomForest,AdaBoost,MLP",isotonic,models/stacking_sensitivity/h7_CV17_THY_CONT_RATIO_locked_baseline.joblib,7,CV17_THY_CONT_RATIO,Ischemia,6,0.020831362938988428,0.000985064118716419,False
locked_baseline,stacking,"KNeighbors,RandomForest,AdaBoost,MLP",isotonic,models/stacking_sensitivity/h7_CV17_THY_CONT_RATIO_locked_baseline.joblib,7,CV17_THY_CONT_RATIO,PostIsch_DCM,7,0.020371112123567084,0.006743630822327619,False
locked_baseline,stacking,"KNeighbors,RandomForest,AdaBoost,MLP",isotonic,models/stacking_sensitivity/h7_CV17_THY_CONT_RATIO_locked_baseline.joblib,7,CV17_THY_CONT_RATIO,fT4,8,0.017056967387147313,-0.002748553251894462,True
locked_baseline,stacking,"KNeighbors,RandomForest,AdaBoost,MLP",isotonic,models/stacking_sensitivity/h7_CV17_THY_CONT_RATIO_locked_baseline.joblib,7,CV17_THY_CONT_RATIO,Diabetes,9,0.015931479071001734,0.010731473072874897,False
locked_baseline,stacking,"KNeighbors,RandomForest,AdaBoost,MLP",isotonic,models/stacking_sensitivity/h7_CV17_THY_CONT_RATIO_locked_baseline.joblib,7,CV17_THY_CONT_RATIO,AFib,10,0.012429099183021201,0.0008287344371325111,False
locked_baseline,stacking,"KNeighbors,RandomForest,AdaBoost,MLP",isotonic,models/stacking_sensitivity/h7_CV17_THY_CONT_RATIO_locked_baseline.joblib,7,CV17_THY_CONT_RATIO,Angina,11,0.01146946837055676,-0.007846814924709792,False
locked_baseline,stacking,"KNeighbors,RandomForest,AdaBoost,MLP",isotonic,models/stacking_sensitivity/h7_CV17_THY_CONT_RATIO_locked_baseline.joblib,7,CV17_THY_CONT_RATIO,Hypertension,12,0.010661524574586858,-9.681340284796501e-05,False
locked_baseline,stacking,"KNeighbors,RandomForest,AdaBoost,MLP",isotonic,models/stacking_sensitivity/h7_CV17_THY_CONT_RATIO_locked_baseline.joblib,7,CV17_THY_CONT_RATIO,Angiography,13,0.008724717904632884,0.002731684440214487,False
locked_baseline,stacking,"KNeighbors,RandomForest,AdaBoost,MLP",isotonic,models/stacking_sensitivity/h7_CV17_THY_CONT_RATIO_locked_baseline.joblib,7,CV17_THY_CONT_RATIO,Acute_MI,14,0.007686673974820596,-0.0035479941033732076,False
locked_baseline,stacking,"KNeighbors,RandomForest,AdaBoost,MLP",isotonic,models/stacking_sensitivity/h7_CV17_THY_CONT_RATIO_locked_baseline.joblib,7,CV17_THY_CONT_RATIO,TSH,15,0.006957658380597855,0.0005665442442434292,True
locked_baseline,stacking,"KNeighbors,RandomForest,AdaBoost,MLP",isotonic,models/stacking_sensitivity/h7_CV17_THY_CONT_RATIO_locked_baseline.joblib,7,CV17_THY_CONT_RATIO,fT3,16,0.005749164603503184,-0.001254442322920838,True
locked_baseline,stacking,"KNeighbors,RandomForest,AdaBoost,MLP",isotonic,models/stacking_sensitivity/h7_CV17_THY_CONT_RATIO_locked_baseline.joblib,7,CV17_THY_CONT_RATIO,Previous_MI,17,0.004833241015460739,0.002885277717810831,False
locked_baseline,stacking,"KNeighbors,RandomForest,AdaBoost,MLP",isotonic,models/stacking_sensitivity/h7_CV17_THY_CONT_RATIO_locked_baseline.joblib,7,CV17_THY_CONT_RATIO,Smoke,18,0.004092620711798228,-0.0009881423600259242,False
locked_baseline,stacking,"KNeighbors,RandomForest,AdaBoost,MLP",isotonic,models/stacking_sensitivity/h7_CV17_THY_CONT_RATIO_locked_baseline.joblib,7,CV17_THY_CONT_RATIO,Gender,19,0.0037878805366735276,0.0018786489120992027,False
locked_baseline,stacking,"KNeighbors,RandomForest,AdaBoost,MLP",isotonic,models/stacking_sensitivity/h7_CV17_THY_CONT_RATIO_locked_baseline.joblib,7,CV17_THY_CONT_RATIO,Previous_PCI,20,0.003554025473001448,0.0010653822270298668,False
locked_baseline,stacking,"KNeighbors,RandomForest,AdaBoost,MLP",isotonic,models/stacking_sensitivity/h7_CV17_THY_CONT_RATIO_locked_baseline.joblib,7,CV17_THY_CONT_RATIO,Previous_CABG,21,0.0026537314151695527,0.0026537314151695527,False
paper,stacking,"LogisticRegression,RandomForest,AdaBoost",raw,models/stacking_sensitivity/h7_CV17_THY_CONT_RATIO_paper.joblib,7,CV17_THY_CONT_RATIO,Age,1,0.08123042066643935,-0.045492256425939015,False
paper,stacking,"LogisticRegression,RandomForest,AdaBoost",raw,models/stacking_sensitivity/h7_CV17_THY_CONT_RATIO_paper.joblib,7,CV17_THY_CONT_RATIO,LVEF,2,0.06972011727968909,0.009445297432884551,False
paper,stacking,"LogisticRegression,RandomForest,AdaBoost",raw,models/stacking_sensitivity/h7_CV17_THY_CONT_RATIO_paper.joblib,7,CV17_THY_CONT_RATIO,PostIsch_DCM,3,0.022364011349733322,0.006934587645718567,False
paper,stacking,"LogisticRegression,RandomForest,AdaBoost",raw,models/stacking_sensitivity/h7_CV17_THY_CONT_RATIO_paper.joblib,7,CV17_THY_CONT_RATIO,Vessels,4,0.01894188106996471,-0.007865556299591035,False
paper,stacking,"LogisticRegression,RandomForest,AdaBoost",raw,models/stacking_sensitivity/h7_CV17_THY_CONT_RATIO_paper.joblib,7,CV17_THY_CONT_RATIO,Dyslipidemia,5,0.017782534970706153,0.0022200787003190036,False
paper,stacking,"LogisticRegression,RandomForest,AdaBoost",raw,models/stacking_sensitivity/h7_CV17_THY_CONT_RATIO_paper.joblib,7,CV17_THY_CONT_RATIO,Diabetes,6,0.017613974116975493,0.011288000652584613,False
paper,stacking,"LogisticRegression,RandomForest,AdaBoost",raw,models/stacking_sensitivity/h7_CV17_THY_CONT_RATIO_paper.joblib,7,CV17_THY_CONT_RATIO,fT3_fT4_ratio,7,0.015081004613367473,-0.0011497924502111329,True
paper,stacking,"LogisticRegression,RandomForest,AdaBoost",raw,models/stacking_sensitivity/h7_CV17_THY_CONT_RATIO_paper.joblib,7,CV17_THY_CONT_RATIO,AFib,8,0.012791194474425043,-0.0011151084000362334,False
paper,stacking,"LogisticRegression,RandomForest,AdaBoost",raw,models/stacking_sensitivity/h7_CV17_THY_CONT_RATIO_paper.joblib,7,CV17_THY_CONT_RATIO,Ischemia,9,0.012667028872954343,0.00018287469856398657,False
paper,stacking,"LogisticRegression,RandomForest,AdaBoost",raw,models/stacking_sensitivity/h7_CV17_THY_CONT_RATIO_paper.joblib,7,CV17_THY_CONT_RATIO,Acute_MI,10,0.010869255064994393,-0.006085821377285605,False
paper,stacking,"LogisticRegression,RandomForest,AdaBoost",raw,models/stacking_sensitivity/h7_CV17_THY_CONT_RATIO_paper.joblib,7,CV17_THY_CONT_RATIO,fT4,11,0.010529953730993443,-0.0035249480368011636,True
paper,stacking,"LogisticRegression,RandomForest,AdaBoost",raw,models/stacking_sensitivity/h7_CV17_THY_CONT_RATIO_paper.joblib,7,CV17_THY_CONT_RATIO,Angina,12,0.00667738140789653,-0.004658023975185622,False
paper,stacking,"LogisticRegression,RandomForest,AdaBoost",raw,models/stacking_sensitivity/h7_CV17_THY_CONT_RATIO_paper.joblib,7,CV17_THY_CONT_RATIO,TSH,13,0.005870705626538404,0.0010178697779213584,True
paper,stacking,"LogisticRegression,RandomForest,AdaBoost",raw,models/stacking_sensitivity/h7_CV17_THY_CONT_RATIO_paper.joblib,7,CV17_THY_CONT_RATIO,Hypertension,14,0.00337535205536736,-0.0009570859040782415,False
paper,stacking,"LogisticRegression,RandomForest,AdaBoost",raw,models/stacking_sensitivity/h7_CV17_THY_CONT_RATIO_paper.joblib,7,CV17_THY_CONT_RATIO,fT3,15,0.003277396360804574,-0.0012452565981444944,True
paper,stacking,"LogisticRegression,RandomForest,AdaBoost",raw,models/stacking_sensitivity/h7_CV17_THY_CONT_RATIO_paper.joblib,7,CV17_THY_CONT_RATIO,Angiography,16,0.0031919545398612164,0.0005457614078007156,False
paper,stacking,"LogisticRegression,RandomForest,AdaBoost",raw,models/stacking_sensitivity/h7_CV17_THY_CONT_RATIO_paper.joblib,7,CV17_THY_CONT_RATIO,Previous_CABG,17,0.002409006188286247,0.002409006188286247,False
paper,stacking,"LogisticRegression,RandomForest,AdaBoost",raw,models/stacking_sensitivity/h7_CV17_THY_CONT_RATIO_paper.joblib,7,CV17_THY_CONT_RATIO,Smoke,18,0.0017776441697494592,-0.0006645719839804454,False
paper,stacking,"LogisticRegression,RandomForest,AdaBoost",raw,models/stacking_sensitivity/h7_CV17_THY_CONT_RATIO_paper.joblib,7,CV17_THY_CONT_RATIO,Previous_MI,19,0.0017751328686921636,0.00036787644028637046,False
paper,stacking,"LogisticRegression,RandomForest,AdaBoost",raw,models/stacking_sensitivity/h7_CV17_THY_CONT_RATIO_paper.joblib,7,CV17_THY_CONT_RATIO,Previous_PCI,20,0.0008833126336750489,0.00013356942622860666,False
paper,stacking,"LogisticRegression,RandomForest,AdaBoost",raw,models/stacking_sensitivity/h7_CV17_THY_CONT_RATIO_paper.joblib,7,CV17_THY_CONT_RATIO,Gender,21,0.000794905725497832,-2.4551680536936594e-05,False
paper,stacking,"LogisticRegression,RandomForest,AdaBoost",sigmoid,models/stacking_sensitivity/h7_CV17_THY_CONT_RATIO_paper.joblib,7,CV17_THY_CONT_RATIO,Age,1,0.08917176609548892,-0.05095196720408752,False
paper,stacking,"LogisticRegression,RandomForest,AdaBoost",sigmoid,models/stacking_sensitivity/h7_CV17_THY_CONT_RATIO_paper.joblib,7,CV17_THY_CONT_RATIO,LVEF,2,0.07730017310314385,0.009807015963429741,False
paper,stacking,"LogisticRegression,RandomForest,AdaBoost",sigmoid,models/stacking_sensitivity/h7_CV17_THY_CONT_RATIO_paper.joblib,7,CV17_THY_CONT_RATIO,PostIsch_DCM,3,0.024794127898372063,0.007416224642056456,False
paper,stacking,"LogisticRegression,RandomForest,AdaBoost",sigmoid,models/stacking_sensitivity/h7_CV17_THY_CONT_RATIO_paper.joblib,7,CV17_THY_CONT_RATIO,Vessels,4,0.020894834669667788,-0.008910064801522002,False
paper,stacking,"LogisticRegression,RandomForest,AdaBoost",sigmoid,models/stacking_sensitivity/h7_CV17_THY_CONT_RATIO_paper.joblib,7,CV17_THY_CONT_RATIO,Diabetes,5,0.019481401047729895,0.012418043329401912,False
paper,stacking,"LogisticRegression,RandomForest,AdaBoost",sigmoid,models/stacking_sensitivity/h7_CV17_THY_CONT_RATIO_paper.joblib,7,CV17_THY_CONT_RATIO,Dyslipidemia,6,0.019450331488297754,0.002210277995162284,False
paper,stacking,"LogisticRegression,RandomForest,AdaBoost",sigmoid,models/stacking_sensitivity/h7_CV17_THY_CONT_RATIO_paper.joblib,7,CV17_THY_CONT_RATIO,fT3_fT4_ratio,7,0.016452641307783657,-0.0014091907965249541,True
paper,stacking,"LogisticRegression,RandomForest,AdaBoost",sigmoid,models/stacking_sensitivity/h7_CV17_THY_CONT_RATIO_paper.joblib,7,CV17_THY_CONT_RATIO,AFib,8,0.01409962347230127,-0.0012565219514913718,False
paper,stacking,"LogisticRegression,RandomForest,AdaBoost",sigmoid,models/stacking_sensitivity/h7_CV17_THY_CONT_RATIO_paper.joblib,7,CV17_THY_CONT_RATIO,Ischemia,9,0.0137144209550532,3.451861752665187e-05,False
paper,stacking,"LogisticRegression,RandomForest,AdaBoost",sigmoid,models/stacking_sensitivity/h7_CV17_THY_CONT_RATIO_paper.joblib,7,CV17_THY_CONT_RATIO,Acute_MI,10,0.012032633226698546,-0.006734134890642714,False
paper,stacking,"LogisticRegression,RandomForest,AdaBoost",sigmoid,models/stacking_sensitivity/h7_CV17_THY_CONT_RATIO_paper.joblib,7,CV17_THY_CONT_RATIO,fT4,11,0.011650959688879648,-0.004167513379261592,True
paper,stacking,"LogisticRegression,RandomForest,AdaBoost",sigmoid,models/stacking_sensitivity/h7_CV17_THY_CONT_RATIO_paper.joblib,7,CV17_THY_CONT_RATIO,Angina,12,0.007261474561475964,-0.005074155305795197,False
paper,stacking,"LogisticRegression,RandomForest,AdaBoost",sigmoid,models/stacking_sensitivity/h7_CV17_THY_CONT_RATIO_paper.joblib,7,CV17_THY_CONT_RATIO,TSH,13,0.006294478432147007,0.0009074329238798016,True
paper,stacking,"LogisticRegression,RandomForest,AdaBoost",sigmoid,models/stacking_sensitivity/h7_CV17_THY_CONT_RATIO_paper.joblib,7,CV17_THY_CONT_RATIO,Hypertension,14,0.003655790212159854,-0.0011211286372470471,False
paper,stacking,"LogisticRegression,RandomForest,AdaBoost",sigmoid,models/stacking_sensitivity/h7_CV17_THY_CONT_RATIO_paper.joblib,7,CV17_THY_CONT_RATIO,fT3,15,0.0035901282267428326,-0.0014175904650642673,True
paper,stacking,"LogisticRegression,RandomForest,AdaBoost",sigmoid,models/stacking_sensitivity/h7_CV17_THY_CONT_RATIO_paper.joblib,7,CV17_THY_CONT_RATIO,Angiography,16,0.0035061280244211403,0.0006201352238502093,False
paper,stacking,"LogisticRegression,RandomForest,AdaBoost",sigmoid,models/stacking_sensitivity/h7_CV17_THY_CONT_RATIO_paper.joblib,7,CV17_THY_CONT_RATIO,Previous_CABG,17,0.0025787582829968074,0.0025787582829968074,False
paper,stacking,"LogisticRegression,RandomForest,AdaBoost",sigmoid,models/stacking_sensitivity/h7_CV17_THY_CONT_RATIO_paper.joblib,7,CV17_THY_CONT_RATIO,Previous_MI,18,0.0019654108068514796,0.00039912728707112305,False
paper,stacking,"LogisticRegression,RandomForest,AdaBoost",sigmoid,models/stacking_sensitivity/h7_CV17_THY_CONT_RATIO_paper.joblib,7,CV17_THY_CONT_RATIO,Smoke,19,0.001933701893221243,-0.0007537088437813799,False
paper,stacking,"LogisticRegression,RandomForest,AdaBoost",sigmoid,models/stacking_sensitivity/h7_CV17_THY_CONT_RATIO_paper.joblib,7,CV17_THY_CONT_RATIO,Previous_PCI,20,0.0009267577386521243,0.00017208676142546067,False
paper,stacking,"LogisticRegression,RandomForest,AdaBoost",sigmoid,models/stacking_sensitivity/h7_CV17_THY_CONT_RATIO_paper.joblib,7,CV17_THY_CONT_RATIO,Gender,21,0.0008932682358225505,-3.6068237374670925e-05,False
paper,stacking,"LogisticRegression,RandomForest,AdaBoost",isotonic,models/stacking_sensitivity/h7_CV17_THY_CONT_RATIO_paper.joblib,7,CV17_THY_CONT_RATIO,Age,1,0.09161781349985089,-0.05250031953437415,False
paper,stacking,"LogisticRegression,RandomForest,AdaBoost",isotonic,models/stacking_sensitivity/h7_CV17_THY_CONT_RATIO_paper.joblib,7,CV17_THY_CONT_RATIO,LVEF,2,0.0776856438818624,0.009946515172742167,False
paper,stacking,"LogisticRegression,RandomForest,AdaBoost",isotonic,models/stacking_sensitivity/h7_CV17_THY_CONT_RATIO_paper.joblib,7,CV17_THY_CONT_RATIO,PostIsch_DCM,3,0.026402876443455816,0.0075254307032078215,False
paper,stacking,"LogisticRegression,RandomForest,AdaBoost",isotonic,models/stacking_sensitivity/h7_CV17_THY_CONT_RATIO_paper.joblib,7,CV17_THY_CONT_RATIO,Vessels,4,0.022081955815169484,-0.008976486034249798,False
paper,stacking,"LogisticRegression,RandomForest,AdaBoost",isotonic,models/stacking_sensitivity/h7_CV17_THY_CONT_RATIO_paper.joblib,7,CV17_THY_CONT_RATIO,Dyslipidemia,5,0.01952858479543729,0.0018363518388390676,False
paper,stacking,"LogisticRegression,RandomForest,AdaBoost",isotonic,models/stacking_sensitivity/h7_CV17_THY_CONT_RATIO_paper.joblib,7,CV17_THY_CONT_RATIO,Diabetes,6,0.0183624958158595,0.010556261500280967,False
paper,stacking,"LogisticRegression,RandomForest,AdaBoost",isotonic,models/stacking_sensitivity/h7_CV17_THY_CONT_RATIO_paper.joblib,7,CV17_THY_CONT_RATIO,fT3_fT4_ratio,7,0.01671527904035958,-0.0026666241698602533,True
paper,stacking,"LogisticRegression,RandomForest,AdaBoost",isotonic,models/stacking_sensitivity/h7_CV17_THY_CONT_RATIO_paper.joblib,7,CV17_THY_CONT_RATIO,Ischemia,8,0.014124990965037304,0.0003061988435058031,False
paper,stacking,"LogisticRegression,RandomForest,AdaBoost",isotonic,models/stacking_sensitivity/h7_CV17_THY_CONT_RATIO_paper.joblib,7,CV17_THY_CONT_RATIO,AFib,9,0.013956128139872235,-0.002694887696418938,False
paper,stacking,"LogisticRegression,RandomForest,AdaBoost",isotonic,models/stacking_sensitivity/h7_CV17_THY_CONT_RATIO_paper.joblib,7,CV17_THY_CONT_RATIO,Acute_MI,10,0.012452358679574827,-0.007491606565418988,False
paper,stacking,"LogisticRegression,RandomForest,AdaBoost",isotonic,models/stacking_sensitivity/h7_CV17_THY_CONT_RATIO_paper.joblib,7,CV17_THY_CONT_RATIO,fT4,11,0.012010608104152814,-0.004574303254083116,True
paper,stacking,"LogisticRegression,RandomForest,AdaBoost",isotonic,models/stacking_sensitivity/h7_CV17_THY_CONT_RATIO_paper.joblib,7,CV17_THY_CONT_RATIO,Angina,12,0.007852378634904065,-0.005870706776513005,False
paper,stacking,"LogisticRegression,RandomForest,AdaBoost",isotonic,models/stacking_sensitivity/h7_CV17_THY_CONT_RATIO_paper.joblib,7,CV17_THY_CONT_RATIO,TSH,13,0.006750329205436858,0.0018761474266043429,True
paper,stacking,"LogisticRegression,RandomForest,AdaBoost",isotonic,models/stacking_sensitivity/h7_CV17_THY_CONT_RATIO_paper.joblib,7,CV17_THY_CONT_RATIO,fT3,14,0.00406314585488738,-0.0015669016466952597,True
paper,stacking,"LogisticRegression,RandomForest,AdaBoost",isotonic,models/stacking_sensitivity/h7_CV17_THY_CONT_RATIO_paper.joblib,7,CV17_THY_CONT_RATIO,Angiography,15,0.003939037063624176,0.0013539913096610318,False
paper,stacking,"LogisticRegression,RandomForest,AdaBoost",isotonic,models/stacking_sensitivity/h7_CV17_THY_CONT_RATIO_paper.joblib,7,CV17_THY_CONT_RATIO,Hypertension,16,0.0037886778667855165,-0.0012453367757103862,False
paper,stacking,"LogisticRegression,RandomForest,AdaBoost",isotonic,models/stacking_sensitivity/h7_CV17_THY_CONT_RATIO_paper.joblib,7,CV17_THY_CONT_RATIO,Previous_MI,17,0.003047543355919692,0.0006603260511622629,False
paper,stacking,"LogisticRegression,RandomForest,AdaBoost",isotonic,models/stacking_sensitivity/h7_CV17_THY_CONT_RATIO_paper.joblib,7,CV17_THY_CONT_RATIO,Previous_CABG,18,0.0027145999939682973,0.002714599993968297,False
paper,stacking,"LogisticRegression,RandomForest,AdaBoost",isotonic,models/stacking_sensitivity/h7_CV17_THY_CONT_RATIO_paper.joblib,7,CV17_THY_CONT_RATIO,Smoke,19,0.002306972000110247,-0.000640384670685329,False
paper,stacking,"LogisticRegression,RandomForest,AdaBoost",isotonic,models/stacking_sensitivity/h7_CV17_THY_CONT_RATIO_paper.joblib,7,CV17_THY_CONT_RATIO,Gender,20,0.001187182903289943,-9.622314806446831e-05,False
paper,stacking,"LogisticRegression,RandomForest,AdaBoost",isotonic,models/stacking_sensitivity/h7_CV17_THY_CONT_RATIO_paper.joblib,7,CV17_THY_CONT_RATIO,Previous_PCI,21,0.0008404773754687467,2.1079811905767653e-05,False
same_members_reselected_C,stacking,"KNeighbors,RandomForest,AdaBoost,MLP",raw,cache/classification_explainability/prepared_h7_CV17_THY_CONT_RATIO.joblib,7,CV17_THY_CONT_RATIO,Age,1,0.08253005494606465,-0.04677425732902555,False
same_members_reselected_C,stacking,"KNeighbors,RandomForest,AdaBoost,MLP",raw,cache/classification_explainability/prepared_h7_CV17_THY_CONT_RATIO.joblib,7,CV17_THY_CONT_RATIO,LVEF,2,0.07241556166203116,0.008687232142710433,False
same_members_reselected_C,stacking,"KNeighbors,RandomForest,AdaBoost,MLP",raw,cache/classification_explainability/prepared_h7_CV17_THY_CONT_RATIO.joblib,7,CV17_THY_CONT_RATIO,PostIsch_DCM,3,0.027757646565109612,0.008510706517102555,False
same_members_reselected_C,stacking,"KNeighbors,RandomForest,AdaBoost,MLP",raw,cache/classification_explainability/prepared_h7_CV17_THY_CONT_RATIO.joblib,7,CV17_THY_CONT_RATIO,Dyslipidemia,4,0.02078072667052313,0.00213206167582147,False
same_members_reselected_C,stacking,"KNeighbors,RandomForest,AdaBoost,MLP",raw,cache/classification_explainability/prepared_h7_CV17_THY_CONT_RATIO.joblib,7,CV17_THY_CONT_RATIO,Diabetes,5,0.02021119258462737,0.013067224671872458,False
same_members_reselected_C,stacking,"KNeighbors,RandomForest,AdaBoost,MLP",raw,cache/classification_explainability/prepared_h7_CV17_THY_CONT_RATIO.joblib,7,CV17_THY_CONT_RATIO,Vessels,6,0.019895643744020818,-0.00910923218351433,False
same_members_reselected_C,stacking,"KNeighbors,RandomForest,AdaBoost,MLP",raw,cache/classification_explainability/prepared_h7_CV17_THY_CONT_RATIO.joblib,7,CV17_THY_CONT_RATIO,fT3_fT4_ratio,7,0.019699085340770056,-0.001934798360879452,True
same_members_reselected_C,stacking,"KNeighbors,RandomForest,AdaBoost,MLP",raw,cache/classification_explainability/prepared_h7_CV17_THY_CONT_RATIO.joblib,7,CV17_THY_CONT_RATIO,AFib,8,0.01465167635877911,-0.00010709573583760643,False
same_members_reselected_C,stacking,"KNeighbors,RandomForest,AdaBoost,MLP",raw,cache/classification_explainability/prepared_h7_CV17_THY_CONT_RATIO.joblib,7,CV17_THY_CONT_RATIO,fT4,9,0.01388449742081222,-0.0047331215836779635,True
same_members_reselected_C,stacking,"KNeighbors,RandomForest,AdaBoost,MLP",raw,cache/classification_explainability/prepared_h7_CV17_THY_CONT_RATIO.joblib,7,CV17_THY_CONT_RATIO,Acute_MI,10,0.012873488187207986,-0.00719035625784567,False
same_members_reselected_C,stacking,"KNeighbors,RandomForest,AdaBoost,MLP",raw,cache/classification_explainability/prepared_h7_CV17_THY_CONT_RATIO.joblib,7,CV17_THY_CONT_RATIO,Ischemia,11,0.01257751700655132,0.0009527454601619583,False
same_members_reselected_C,stacking,"KNeighbors,RandomForest,AdaBoost,MLP",raw,cache/classification_explainability/prepared_h7_CV17_THY_CONT_RATIO.joblib,7,CV17_THY_CONT_RATIO,TSH,12,0.008357092876439353,0.0009555284114418478,True
same_members_reselected_C,stacking,"KNeighbors,RandomForest,AdaBoost,MLP",raw,cache/classification_explainability/prepared_h7_CV17_THY_CONT_RATIO.joblib,7,CV17_THY_CONT_RATIO,Angina,13,0.007200402442105443,-0.004420901807089566,False
same_members_reselected_C,stacking,"KNeighbors,RandomForest,AdaBoost,MLP",raw,cache/classification_explainability/prepared_h7_CV17_THY_CONT_RATIO.joblib,7,CV17_THY_CONT_RATIO,Angiography,14,0.004560204647025143,0.0021764383508987364,False
same_members_reselected_C,stacking,"KNeighbors,RandomForest,AdaBoost,MLP",raw,cache/classification_explainability/prepared_h7_CV17_THY_CONT_RATIO.joblib,7,CV17_THY_CONT_RATIO,Hypertension,15,0.004131198363579435,-0.00018420217718566703,False
same_members_reselected_C,stacking,"KNeighbors,RandomForest,AdaBoost,MLP",raw,cache/classification_explainability/prepared_h7_CV17_THY_CONT_RATIO.joblib,7,CV17_THY_CONT_RATIO,fT3,16,0.0038730836852176737,-0.0014122140397486967,True
same_members_reselected_C,stacking,"KNeighbors,RandomForest,AdaBoost,MLP",raw,cache/classification_explainability/prepared_h7_CV17_THY_CONT_RATIO.joblib,7,CV17_THY_CONT_RATIO,Previous_MI,17,0.0035701699529443564,0.0008319599922249802,False
same_members_reselected_C,stacking,"KNeighbors,RandomForest,AdaBoost,MLP",raw,cache/classification_explainability/prepared_h7_CV17_THY_CONT_RATIO.joblib,7,CV17_THY_CONT_RATIO,Smoke,18,0.003101751053307688,-0.0009339649629513552,False
same_members_reselected_C,stacking,"KNeighbors,RandomForest,AdaBoost,MLP",raw,cache/classification_explainability/prepared_h7_CV17_THY_CONT_RATIO.joblib,7,CV17_THY_CONT_RATIO,Previous_CABG,19,0.002837416112170832,0.002837416112170832,False
same_members_reselected_C,stacking,"KNeighbors,RandomForest,AdaBoost,MLP",raw,cache/classification_explainability/prepared_h7_CV17_THY_CONT_RATIO.joblib,7,CV17_THY_CONT_RATIO,Gender,20,0.0025985503469969843,0.0002500154026131101,False
same_members_reselected_C,stacking,"KNeighbors,RandomForest,AdaBoost,MLP",raw,cache/classification_explainability/prepared_h7_CV17_THY_CONT_RATIO.joblib,7,CV17_THY_CONT_RATIO,Previous_PCI,21,0.0017693179403097316,0.0005013984905740045,False
same_members_reselected_C,stacking,"KNeighbors,RandomForest,AdaBoost,MLP",sigmoid,cache/classification_explainability/prepared_h7_CV17_THY_CONT_RATIO.joblib,7,CV17_THY_CONT_RATIO,Age,1,0.08306156714017296,-0.047234988921067825,False
same_members_reselected_C,stacking,"KNeighbors,RandomForest,AdaBoost,MLP",sigmoid,cache/classification_explainability/prepared_h7_CV17_THY_CONT_RATIO.joblib,7,CV17_THY_CONT_RATIO,LVEF,2,0.07300189357723263,0.00864145077697423,False
same_members_reselected_C,stacking,"KNeighbors,RandomForest,AdaBoost,MLP",sigmoid,cache/classification_explainability/prepared_h7_CV17_THY_CONT_RATIO.joblib,7,CV17_THY_CONT_RATIO,PostIsch_DCM,3,0.02807907185052856,0.008574031023902043,False
same_members_reselected_C,stacking,"KNeighbors,RandomForest,AdaBoost,MLP",sigmoid,cache/classification_explainability/prepared_h7_CV17_THY_CONT_RATIO.joblib,7,CV17_THY_CONT_RATIO,Dyslipidemia,4,0.02092372028409216,0.002113915752733911,False
same_members_reselected_C,stacking,"KNeighbors,RandomForest,AdaBoost,MLP",sigmoid,cache/classification_explainability/prepared_h7_CV17_THY_CONT_RATIO.joblib,7,CV17_THY_CONT_RATIO,Diabetes,5,0.02036857267278706,0.013176816880538181,False
same_members_reselected_C,stacking,"KNeighbors,RandomForest,AdaBoost,MLP",sigmoid,cache/classification_explainability/prepared_h7_CV17_THY_CONT_RATIO.joblib,7,CV17_THY_CONT_RATIO,Vessels,6,0.020060700693163593,-0.009229566259424072,False
same_members_reselected_C,stacking,"KNeighbors,RandomForest,AdaBoost,MLP",sigmoid,cache/classification_explainability/prepared_h7_CV17_THY_CONT_RATIO.joblib,7,CV17_THY_CONT_RATIO,fT3_fT4_ratio,7,0.01979680139550251,-0.0019955139229849792,True
same_members_reselected_C,stacking,"KNeighbors,RandomForest,AdaBoost,MLP",sigmoid,cache/classification_explainability/prepared_h7_CV17_THY_CONT_RATIO.joblib,7,CV17_THY_CONT_RATIO,AFib,8,0.014738480631520032,-9.21698185134634e-05,False
same_members_reselected_C,stacking,"KNeighbors,RandomForest,AdaBoost,MLP",sigmoid,cache/classification_explainability/prepared_h7_CV17_THY_CONT_RATIO.joblib,7,CV17_THY_CONT_RATIO,fT4,9,0.013998327626558359,-0.004839617004426953,True
same_members_reselected_C,stacking,"KNeighbors,RandomForest,AdaBoost,MLP",sigmoid,cache/classification_explainability/prepared_h7_CV17_THY_CONT_RATIO.joblib,7,CV17_THY_CONT_RATIO,Acute_MI,10,0.012990301896962559,-0.007255299169265712,False
same_members_reselected_C,stacking,"KNeighbors,RandomForest,AdaBoost,MLP",sigmoid,cache/classification_explainability/prepared_h7_CV17_THY_CONT_RATIO.joblib,7,CV17_THY_CONT_RATIO,Ischemia,11,0.012634700400793002,0.0009427352353523124,False
same_members_reselected_C,stacking,"KNeighbors,RandomForest,AdaBoost,MLP",sigmoid,cache/classification_explainability/prepared_h7_CV17_THY_CONT_RATIO.joblib,7,CV17_THY_CONT_RATIO,TSH,12,0.008388793892280765,0.0009172352862136334,True
same_members_reselected_C,stacking,"KNeighbors,RandomForest,AdaBoost,MLP",sigmoid,cache/classification_explainability/prepared_h7_CV17_THY_CONT_RATIO.joblib,7,CV17_THY_CONT_RATIO,Angina,13,0.0072383426998848975,-0.004446496708099652,False
same_members_reselected_C,stacking,"KNeighbors,RandomForest,AdaBoost,MLP",sigmoid,cache/classification_explainability/prepared_h7_CV17_THY_CONT_RATIO.joblib,7,CV17_THY_CONT_RATIO,Angiography,14,0.004604700938971302,0.0022017333014914364,False
same_members_reselected_C,stacking,"KNeighbors,RandomForest,AdaBoost,MLP",sigmoid,cache/classification_explainability/prepared_h7_CV17_THY_CONT_RATIO.joblib,7,CV17_THY_CONT_RATIO,Hypertension,15,0.00413625366364174,-0.0002011594328473449,False
same_members_reselected_C,stacking,"KNeighbors,RandomForest,AdaBoost,MLP",sigmoid,cache/classification_explainability/prepared_h7_CV17_THY_CONT_RATIO.joblib,7,CV17_THY_CONT_RATIO,fT3,16,0.0038936839856885176,-0.001432985616249938,True
same_members_reselected_C,stacking,"KNeighbors,RandomForest,AdaBoost,MLP",sigmoid,cache/classification_explainability/prepared_h7_CV17_THY_CONT_RATIO.joblib,7,CV17_THY_CONT_RATIO,Previous_MI,17,0.0036115615719638965,0.0008383321456358361,False
same_members_reselected_C,stacking,"KNeighbors,RandomForest,AdaBoost,MLP",sigmoid,cache/classification_explainability/prepared_h7_CV17_THY_CONT_RATIO.joblib,7,CV17_THY_CONT_RATIO,Smoke,18,0.003118934096128121,-0.0009527525750343945,False
same_members_reselected_C,stacking,"KNeighbors,RandomForest,AdaBoost,MLP",sigmoid,cache/classification_explainability/prepared_h7_CV17_THY_CONT_RATIO.joblib,7,CV17_THY_CONT_RATIO,Previous_CABG,19,0.002849612124205636,0.0028496121242056354,False
same_members_reselected_C,stacking,"KNeighbors,RandomForest,AdaBoost,MLP",sigmoid,cache/classification_explainability/prepared_h7_CV17_THY_CONT_RATIO.joblib,7,CV17_THY_CONT_RATIO,Gender,20,0.0026150118366189247,0.0002430415234988112,False
same_members_reselected_C,stacking,"KNeighbors,RandomForest,AdaBoost,MLP",sigmoid,cache/classification_explainability/prepared_h7_CV17_THY_CONT_RATIO.joblib,7,CV17_THY_CONT_RATIO,Previous_PCI,21,0.00176642705446729,0.0005152081202516245,False
same_members_reselected_C,stacking,"KNeighbors,RandomForest,AdaBoost,MLP",isotonic,cache/classification_explainability/prepared_h7_CV17_THY_CONT_RATIO.joblib,7,CV17_THY_CONT_RATIO,Age,1,0.0844382922854626,-0.046587299844400326,False
same_members_reselected_C,stacking,"KNeighbors,RandomForest,AdaBoost,MLP",isotonic,cache/classification_explainability/prepared_h7_CV17_THY_CONT_RATIO.joblib,7,CV17_THY_CONT_RATIO,LVEF,2,0.07197708724768484,0.009781129169937527,False
same_members_reselected_C,stacking,"KNeighbors,RandomForest,AdaBoost,MLP",isotonic,cache/classification_explainability/prepared_h7_CV17_THY_CONT_RATIO.joblib,7,CV17_THY_CONT_RATIO,PostIsch_DCM,3,0.028785854538538786,0.009511891792519614,False
same_members_reselected_C,stacking,"KNeighbors,RandomForest,AdaBoost,MLP",isotonic,cache/classification_explainability/prepared_h7_CV17_THY_CONT_RATIO.joblib,7,CV17_THY_CONT_RATIO,Vessels,4,0.02154713192283597,-0.010079988690842272,False
same_members_reselected_C,stacking,"KNeighbors,RandomForest,AdaBoost,MLP",isotonic,cache/classification_explainability/prepared_h7_CV17_THY_CONT_RATIO.joblib,7,CV17_THY_CONT_RATIO,fT3_fT4_ratio,5,0.020994971550115097,-0.002440902297228014,True
same_members_reselected_C,stacking,"KNeighbors,RandomForest,AdaBoost,MLP",isotonic,cache/classification_explainability/prepared_h7_CV17_THY_CONT_RATIO.joblib,7,CV17_THY_CONT_RATIO,Dyslipidemia,6,0.020934908736753965,0.002715396251118681,False
same_members_reselected_C,stacking,"KNeighbors,RandomForest,AdaBoost,MLP",isotonic,cache/classification_explainability/prepared_h7_CV17_THY_CONT_RATIO.joblib,7,CV17_THY_CONT_RATIO,Diabetes,7,0.019334020710524886,0.011677245623044341,False
same_members_reselected_C,stacking,"KNeighbors,RandomForest,AdaBoost,MLP",isotonic,cache/classification_explainability/prepared_h7_CV17_THY_CONT_RATIO.joblib,7,CV17_THY_CONT_RATIO,AFib,8,0.014734466444970996,1.74647355017781e-05,False
same_members_reselected_C,stacking,"KNeighbors,RandomForest,AdaBoost,MLP",isotonic,cache/classification_explainability/prepared_h7_CV17_THY_CONT_RATIO.joblib,7,CV17_THY_CONT_RATIO,fT4,9,0.014178401830569556,-0.005156904781442087,True
same_members_reselected_C,stacking,"KNeighbors,RandomForest,AdaBoost,MLP",isotonic,cache/classification_explainability/prepared_h7_CV17_THY_CONT_RATIO.joblib,7,CV17_THY_CONT_RATIO,Acute_MI,10,0.013908275500439857,-0.007934219734014609,False
same_members_reselected_C,stacking,"KNeighbors,RandomForest,AdaBoost,MLP",isotonic,cache/classification_explainability/prepared_h7_CV17_THY_CONT_RATIO.joblib,7,CV17_THY_CONT_RATIO,Ischemia,11,0.013633215691960748,0.000530820155255281,False
same_members_reselected_C,stacking,"KNeighbors,RandomForest,AdaBoost,MLP",isotonic,cache/classification_explainability/prepared_h7_CV17_THY_CONT_RATIO.joblib,7,CV17_THY_CONT_RATIO,TSH,12,0.009271804598691763,0.0018505541289517025,True
same_members_reselected_C,stacking,"KNeighbors,RandomForest,AdaBoost,MLP",isotonic,cache/classification_explainability/prepared_h7_CV17_THY_CONT_RATIO.joblib,7,CV17_THY_CONT_RATIO,Angina,13,0.007373461201258483,-0.0048668930039353405,False
same_members_reselected_C,stacking,"KNeighbors,RandomForest,AdaBoost,MLP",isotonic,cache/classification_explainability/prepared_h7_CV17_THY_CONT_RATIO.joblib,7,CV17_THY_CONT_RATIO,Angiography,14,0.004845876705492023,0.0028240192373875112,False
same_members_reselected_C,stacking,"KNeighbors,RandomForest,AdaBoost,MLP",isotonic,cache/classification_explainability/prepared_h7_CV17_THY_CONT_RATIO.joblib,7,CV17_THY_CONT_RATIO,Previous_MI,15,0.004821174218506724,0.0016721220569682431,False
same_members_reselected_C,stacking,"KNeighbors,RandomForest,AdaBoost,MLP",isotonic,cache/classification_explainability/prepared_h7_CV17_THY_CONT_RATIO.joblib,7,CV17_THY_CONT_RATIO,fT3,16,0.00442230531507681,-0.0015725855129001714,True
same_members_reselected_C,stacking,"KNeighbors,RandomForest,AdaBoost,MLP",isotonic,cache/classification_explainability/prepared_h7_CV17_THY_CONT_RATIO.joblib,7,CV17_THY_CONT_RATIO,Hypertension,17,0.00428080454357519,-0.000561526985125352,False
same_members_reselected_C,stacking,"KNeighbors,RandomForest,AdaBoost,MLP",isotonic,cache/classification_explainability/prepared_h7_CV17_THY_CONT_RATIO.joblib,7,CV17_THY_CONT_RATIO,Smoke,18,0.0033266766330586044,-0.00030820082425059216,False
same_members_reselected_C,stacking,"KNeighbors,RandomForest,AdaBoost,MLP",isotonic,cache/classification_explainability/prepared_h7_CV17_THY_CONT_RATIO.joblib,7,CV17_THY_CONT_RATIO,Previous_CABG,19,0.0031741797939574077,0.0031741797939574077,False
same_members_reselected_C,stacking,"KNeighbors,RandomForest,AdaBoost,MLP",isotonic,cache/classification_explainability/prepared_h7_CV17_THY_CONT_RATIO.joblib,7,CV17_THY_CONT_RATIO,Gender,20,0.003047381333419797,0.0004565414984957925,False
same_members_reselected_C,stacking,"KNeighbors,RandomForest,AdaBoost,MLP",isotonic,cache/classification_explainability/prepared_h7_CV17_THY_CONT_RATIO.joblib,7,CV17_THY_CONT_RATIO,Previous_PCI,21,0.0020779087232695326,0.00023503421955789385,False
