arm,kind,members,scale,source,horizon,feature_set,feature,rank,mean_abs_shap,mean_shap,is_thyroid
LogisticRegression,individual,LogisticRegression,raw,Cached fitted individual; sigmoid fitted to cached training OOF,7,CV17_THY_CONT_STATES,Age,1,0.09333035267932645,-0.04522395586645847,False
LogisticRegression,individual,LogisticRegression,raw,Cached fitted individual; sigmoid fitted to cached training OOF,7,CV17_THY_CONT_STATES,LVEF,2,0.07761368761423997,0.01661010833289399,False
LogisticRegression,individual,LogisticRegression,raw,Cached fitted individual; sigmoid fitted to cached training OOF,7,CV17_THY_CONT_STATES,Vessels,3,0.03375909957313661,-0.00862366261401002,False
LogisticRegression,individual,LogisticRegression,raw,Cached fitted individual; sigmoid fitted to cached training OOF,7,CV17_THY_CONT_STATES,Ischemia,4,0.03110040063309108,0.0019744828903393357,False
LogisticRegression,individual,LogisticRegression,raw,Cached fitted individual; sigmoid fitted to cached training OOF,7,CV17_THY_CONT_STATES,Angina,5,0.026555856693661603,-0.018827816609176255,False
LogisticRegression,individual,LogisticRegression,raw,Cached fitted individual; sigmoid fitted to cached training OOF,7,CV17_THY_CONT_STATES,Hypertension,6,0.023390400446339322,-0.0026275262210530897,False
LogisticRegression,individual,LogisticRegression,raw,Cached fitted individual; sigmoid fitted to cached training OOF,7,CV17_THY_CONT_STATES,Dyslipidemia,7,0.02194663439591755,0.005002126183472786,False
LogisticRegression,individual,LogisticRegression,raw,Cached fitted individual; sigmoid fitted to cached training OOF,7,CV17_THY_CONT_STATES,PostIsch_DCM,8,0.019303863757258947,0.007205751729329652,False
LogisticRegression,individual,LogisticRegression,raw,Cached fitted individual; sigmoid fitted to cached training OOF,7,CV17_THY_CONT_STATES,Smoke,9,0.014186502744690056,-0.005068647770781454,False
LogisticRegression,individual,LogisticRegression,raw,Cached fitted individual; sigmoid fitted to cached training OOF,7,CV17_THY_CONT_STATES,Diabetes,10,0.012155039188992032,0.007698275222147833,False
LogisticRegression,individual,LogisticRegression,raw,Cached fitted individual; sigmoid fitted to cached training OOF,7,CV17_THY_CONT_STATES,fT4,11,0.0038537419650814713,-1.008759095594584e-06,True
LogisticRegression,individual,LogisticRegression,raw,Cached fitted individual; sigmoid fitted to cached training OOF,7,CV17_THY_CONT_STATES,SCT,12,0.0030272381458135234,-0.0030272381458135234,True
LogisticRegression,individual,LogisticRegression,raw,Cached fitted individual; sigmoid fitted to cached training OOF,7,CV17_THY_CONT_STATES,Acute_MI,13,0.0027996294199639487,0.0015960447655879164,False
LogisticRegression,individual,LogisticRegression,raw,Cached fitted individual; sigmoid fitted to cached training OOF,7,CV17_THY_CONT_STATES,Hypothyroid,14,0.0007134712761760057,0.0004802893505386936,True
LogisticRegression,individual,LogisticRegression,raw,Cached fitted individual; sigmoid fitted to cached training OOF,7,CV17_THY_CONT_STATES,Hyperthyroid,15,0.0005401342759660654,-0.0005401342759660654,True
LogisticRegression,individual,LogisticRegression,raw,Cached fitted individual; sigmoid fitted to cached training OOF,7,CV17_THY_CONT_STATES,Angiography,16,0.0,0.0,False
LogisticRegression,individual,LogisticRegression,raw,Cached fitted individual; sigmoid fitted to cached training OOF,7,CV17_THY_CONT_STATES,AFib,17,0.0,0.0,False
LogisticRegression,individual,LogisticRegression,raw,Cached fitted individual; sigmoid fitted to cached training OOF,7,CV17_THY_CONT_STATES,Previous_PCI,18,0.0,0.0,False
LogisticRegression,individual,LogisticRegression,raw,Cached fitted individual; sigmoid fitted to cached training OOF,7,CV17_THY_CONT_STATES,Previous_MI,19,0.0,0.0,False
LogisticRegression,individual,LogisticRegression,raw,Cached fitted individual; sigmoid fitted to cached training OOF,7,CV17_THY_CONT_STATES,Gender,20,0.0,0.0,False
LogisticRegression,individual,LogisticRegression,raw,Cached fitted individual; sigmoid fitted to cached training OOF,7,CV17_THY_CONT_STATES,Previous_CABG,21,0.0,0.0,False
LogisticRegression,individual,LogisticRegression,raw,Cached fitted individual; sigmoid fitted to cached training OOF,7,CV17_THY_CONT_STATES,fT3,22,0.0,0.0,True
LogisticRegression,individual,LogisticRegression,raw,Cached fitted individual; sigmoid fitted to cached training OOF,7,CV17_THY_CONT_STATES,SCH,23,0.0,0.0,True
LogisticRegression,individual,LogisticRegression,raw,Cached fitted individual; sigmoid fitted to cached training OOF,7,CV17_THY_CONT_STATES,TSH,24,0.0,0.0,True
LogisticRegression,individual,LogisticRegression,raw,Cached fitted individual; sigmoid fitted to cached training OOF,7,CV17_THY_CONT_STATES,Low_T3,25,0.0,0.0,True
LogisticRegression,individual,LogisticRegression,sigmoid,Cached fitted individual; sigmoid fitted to cached training OOF,7,CV17_THY_CONT_STATES,LVEF,1,0.09288674356281011,0.016152755965972897,False
LogisticRegression,individual,LogisticRegression,sigmoid,Cached fitted individual; sigmoid fitted to cached training OOF,7,CV17_THY_CONT_STATES,Age,2,0.08763774733961473,-0.053764047175411514,False
LogisticRegression,individual,LogisticRegression,sigmoid,Cached fitted individual; sigmoid fitted to cached training OOF,7,CV17_THY_CONT_STATES,Vessels,3,0.03740489194202301,-0.013169993636809454,False
LogisticRegression,individual,LogisticRegression,sigmoid,Cached fitted individual; sigmoid fitted to cached training OOF,7,CV17_THY_CONT_STATES,Ischemia,4,0.031088600323491738,-0.0003137810302382355,False
LogisticRegression,individual,LogisticRegression,sigmoid,Cached fitted individual; sigmoid fitted to cached training OOF,7,CV17_THY_CONT_STATES,PostIsch_DCM,5,0.02762973281367829,0.009277335449311249,False
LogisticRegression,individual,LogisticRegression,sigmoid,Cached fitted individual; sigmoid fitted to cached training OOF,7,CV17_THY_CONT_STATES,Angina,6,0.026170054467700387,-0.01863284894664507,False
LogisticRegression,individual,LogisticRegression,sigmoid,Cached fitted individual; sigmoid fitted to cached training OOF,7,CV17_THY_CONT_STATES,Dyslipidemia,7,0.02355093842427633,0.004507189952883671,False
LogisticRegression,individual,LogisticRegression,sigmoid,Cached fitted individual; sigmoid fitted to cached training OOF,7,CV17_THY_CONT_STATES,Hypertension,8,0.022485324433961184,-0.005506038081262368,False
LogisticRegression,individual,LogisticRegression,sigmoid,Cached fitted individual; sigmoid fitted to cached training OOF,7,CV17_THY_CONT_STATES,Smoke,9,0.014070824432513295,-0.0059740680547215805,False
LogisticRegression,individual,LogisticRegression,sigmoid,Cached fitted individual; sigmoid fitted to cached training OOF,7,CV17_THY_CONT_STATES,Diabetes,10,0.013173987971551088,0.008104908540577499,False
LogisticRegression,individual,LogisticRegression,sigmoid,Cached fitted individual; sigmoid fitted to cached training OOF,7,CV17_THY_CONT_STATES,fT4,11,0.004146400741724231,-0.0007136229852215647,True
LogisticRegression,individual,LogisticRegression,sigmoid,Cached fitted individual; sigmoid fitted to cached training OOF,7,CV17_THY_CONT_STATES,Acute_MI,12,0.003111319655266541,0.0016810972590079955,False
LogisticRegression,individual,LogisticRegression,sigmoid,Cached fitted individual; sigmoid fitted to cached training OOF,7,CV17_THY_CONT_STATES,SCT,13,0.002134823754097478,-0.002134823754097478,True
LogisticRegression,individual,LogisticRegression,sigmoid,Cached fitted individual; sigmoid fitted to cached training OOF,7,CV17_THY_CONT_STATES,Hypothyroid,14,0.0007563596850896323,0.0006009244481900719,True
LogisticRegression,individual,LogisticRegression,sigmoid,Cached fitted individual; sigmoid fitted to cached training OOF,7,CV17_THY_CONT_STATES,Hyperthyroid,15,0.0005531528523851021,-0.000553152852385102,True
LogisticRegression,individual,LogisticRegression,sigmoid,Cached fitted individual; sigmoid fitted to cached training OOF,7,CV17_THY_CONT_STATES,Angiography,16,0.0,0.0,False
LogisticRegression,individual,LogisticRegression,sigmoid,Cached fitted individual; sigmoid fitted to cached training OOF,7,CV17_THY_CONT_STATES,AFib,17,0.0,0.0,False
LogisticRegression,individual,LogisticRegression,sigmoid,Cached fitted individual; sigmoid fitted to cached training OOF,7,CV17_THY_CONT_STATES,Previous_PCI,18,0.0,0.0,False
LogisticRegression,individual,LogisticRegression,sigmoid,Cached fitted individual; sigmoid fitted to cached training OOF,7,CV17_THY_CONT_STATES,Previous_MI,19,0.0,0.0,False
LogisticRegression,individual,LogisticRegression,sigmoid,Cached fitted individual; sigmoid fitted to cached training OOF,7,CV17_THY_CONT_STATES,Gender,20,0.0,0.0,False
LogisticRegression,individual,LogisticRegression,sigmoid,Cached fitted individual; sigmoid fitted to cached training OOF,7,CV17_THY_CONT_STATES,Previous_CABG,21,0.0,0.0,False
LogisticRegression,individual,LogisticRegression,sigmoid,Cached fitted individual; sigmoid fitted to cached training OOF,7,CV17_THY_CONT_STATES,fT3,22,0.0,0.0,True
LogisticRegression,individual,LogisticRegression,sigmoid,Cached fitted individual; sigmoid fitted to cached training OOF,7,CV17_THY_CONT_STATES,SCH,23,0.0,0.0,True
LogisticRegression,individual,LogisticRegression,sigmoid,Cached fitted individual; sigmoid fitted to cached training OOF,7,CV17_THY_CONT_STATES,TSH,24,0.0,0.0,True
LogisticRegression,individual,LogisticRegression,sigmoid,Cached fitted individual; sigmoid fitted to cached training OOF,7,CV17_THY_CONT_STATES,Low_T3,25,0.0,0.0,True
SVC,individual,SVC,raw,Cached fitted individual; sigmoid fitted to cached training OOF,7,CV17_THY_CONT_STATES,LVEF,1,0.07031187798680451,0.015301227960865756,False
SVC,individual,SVC,raw,Cached fitted individual; sigmoid fitted to cached training OOF,7,CV17_THY_CONT_STATES,Age,2,0.045825949272047445,-0.025835643669431255,False
SVC,individual,SVC,raw,Cached fitted individual; sigmoid fitted to cached training OOF,7,CV17_THY_CONT_STATES,PostIsch_DCM,3,0.042448733167136474,0.014236178146029399,False
SVC,individual,SVC,raw,Cached fitted individual; sigmoid fitted to cached training OOF,7,CV17_THY_CONT_STATES,Diabetes,4,0.02514834662448428,0.015024398942760133,False
SVC,individual,SVC,raw,Cached fitted individual; sigmoid fitted to cached training OOF,7,CV17_THY_CONT_STATES,Acute_MI,5,0.024748704664386997,-0.014708278186364053,False
SVC,individual,SVC,raw,Cached fitted individual; sigmoid fitted to cached training OOF,7,CV17_THY_CONT_STATES,Dyslipidemia,6,0.024743227953062167,0.004380252559495789,False
SVC,individual,SVC,raw,Cached fitted individual; sigmoid fitted to cached training OOF,7,CV17_THY_CONT_STATES,AFib,7,0.0237311614255431,-0.0013127915980624266,False
SVC,individual,SVC,raw,Cached fitted individual; sigmoid fitted to cached training OOF,7,CV17_THY_CONT_STATES,Low_T3,8,0.022918682272439404,-0.007006426840375885,True
SVC,individual,SVC,raw,Cached fitted individual; sigmoid fitted to cached training OOF,7,CV17_THY_CONT_STATES,Ischemia,9,0.020642199446113396,0.0012691142651702174,False
SVC,individual,SVC,raw,Cached fitted individual; sigmoid fitted to cached training OOF,7,CV17_THY_CONT_STATES,Vessels,10,0.02062392516955118,-0.007355300050538074,False
SVC,individual,SVC,raw,Cached fitted individual; sigmoid fitted to cached training OOF,7,CV17_THY_CONT_STATES,Angina,11,0.018047539178237353,-0.013361569994728342,False
SVC,individual,SVC,raw,Cached fitted individual; sigmoid fitted to cached training OOF,7,CV17_THY_CONT_STATES,Previous_MI,12,0.014596643204928308,-0.00032984386394494815,False
SVC,individual,SVC,raw,Cached fitted individual; sigmoid fitted to cached training OOF,7,CV17_THY_CONT_STATES,Angiography,13,0.011627047915685976,-0.0008402893283112586,False
SVC,individual,SVC,raw,Cached fitted individual; sigmoid fitted to cached training OOF,7,CV17_THY_CONT_STATES,Smoke,14,0.009380949021331885,-0.0034479686474057085,False
SVC,individual,SVC,raw,Cached fitted individual; sigmoid fitted to cached training OOF,7,CV17_THY_CONT_STATES,fT4,15,0.008159979006252843,-0.0012316147740299521,True
SVC,individual,SVC,raw,Cached fitted individual; sigmoid fitted to cached training OOF,7,CV17_THY_CONT_STATES,Previous_CABG,16,0.005951491826025163,0.005951491826025163,False
SVC,individual,SVC,raw,Cached fitted individual; sigmoid fitted to cached training OOF,7,CV17_THY_CONT_STATES,Hypertension,17,0.005776102399327147,-0.001211066133926627,False
SVC,individual,SVC,raw,Cached fitted individual; sigmoid fitted to cached training OOF,7,CV17_THY_CONT_STATES,Previous_PCI,18,0.0027543470439274345,0.00024024636100828295,False
SVC,individual,SVC,raw,Cached fitted individual; sigmoid fitted to cached training OOF,7,CV17_THY_CONT_STATES,Hypothyroid,19,0.002421855203378111,-0.0017968566597089683,True
SVC,individual,SVC,raw,Cached fitted individual; sigmoid fitted to cached training OOF,7,CV17_THY_CONT_STATES,Hyperthyroid,20,0.002072240612559024,0.002072240612559024,True
SVC,individual,SVC,raw,Cached fitted individual; sigmoid fitted to cached training OOF,7,CV17_THY_CONT_STATES,SCH,21,0.0015730438751628876,0.0015730438751628876,True
SVC,individual,SVC,raw,Cached fitted individual; sigmoid fitted to cached training OOF,7,CV17_THY_CONT_STATES,TSH,22,0.0011835614539819673,5.810630099907892e-05,True
SVC,individual,SVC,raw,Cached fitted individual; sigmoid fitted to cached training OOF,7,CV17_THY_CONT_STATES,fT3,23,0.0005260870796130127,-8.350495519206582e-05,True
SVC,individual,SVC,raw,Cached fitted individual; sigmoid fitted to cached training OOF,7,CV17_THY_CONT_STATES,SCT,24,0.00045388762534382787,0.00045388762534382787,True
SVC,individual,SVC,raw,Cached fitted individual; sigmoid fitted to cached training OOF,7,CV17_THY_CONT_STATES,Gender,25,0.00038866672597306895,1.009232026061406e-05,False
SVC,individual,SVC,sigmoid,Cached fitted individual; sigmoid fitted to cached training OOF,7,CV17_THY_CONT_STATES,LVEF,1,0.0667961980437409,0.01475988948439328,False
SVC,individual,SVC,sigmoid,Cached fitted individual; sigmoid fitted to cached training OOF,7,CV17_THY_CONT_STATES,Age,2,0.0437871919990973,-0.02451921641649503,False
SVC,individual,SVC,sigmoid,Cached fitted individual; sigmoid fitted to cached training OOF,7,CV17_THY_CONT_STATES,PostIsch_DCM,3,0.04060709910918263,0.01390058783133223,False
SVC,individual,SVC,sigmoid,Cached fitted individual; sigmoid fitted to cached training OOF,7,CV17_THY_CONT_STATES,Diabetes,4,0.023911570177592746,0.014341594766747902,False
SVC,individual,SVC,sigmoid,Cached fitted individual; sigmoid fitted to cached training OOF,7,CV17_THY_CONT_STATES,Acute_MI,5,0.023610038027268923,-0.013870874756313163,False
SVC,individual,SVC,sigmoid,Cached fitted individual; sigmoid fitted to cached training OOF,7,CV17_THY_CONT_STATES,Dyslipidemia,6,0.023598796307378465,0.004247470129040877,False
SVC,individual,SVC,sigmoid,Cached fitted individual; sigmoid fitted to cached training OOF,7,CV17_THY_CONT_STATES,AFib,7,0.02260631903177107,-0.001202817066708906,False
SVC,individual,SVC,sigmoid,Cached fitted individual; sigmoid fitted to cached training OOF,7,CV17_THY_CONT_STATES,Low_T3,8,0.021857995513994324,-0.006755228674406314,True
SVC,individual,SVC,sigmoid,Cached fitted individual; sigmoid fitted to cached training OOF,7,CV17_THY_CONT_STATES,Ischemia,9,0.019742278813220205,0.0012225173080903735,False
SVC,individual,SVC,sigmoid,Cached fitted individual; sigmoid fitted to cached training OOF,7,CV17_THY_CONT_STATES,Vessels,10,0.019715359986243276,-0.0069227046546865125,False
SVC,individual,SVC,sigmoid,Cached fitted individual; sigmoid fitted to cached training OOF,7,CV17_THY_CONT_STATES,Angina,11,0.017266221159007777,-0.012760816638519638,False
SVC,individual,SVC,sigmoid,Cached fitted individual; sigmoid fitted to cached training OOF,7,CV17_THY_CONT_STATES,Previous_MI,12,0.013965638183687389,-0.00030472775087926705,False
SVC,individual,SVC,sigmoid,Cached fitted individual; sigmoid fitted to cached training OOF,7,CV17_THY_CONT_STATES,Angiography,13,0.01111431916838999,-0.0007650093370099738,False
SVC,individual,SVC,sigmoid,Cached fitted individual; sigmoid fitted to cached training OOF,7,CV17_THY_CONT_STATES,Smoke,14,0.008969229821825223,-0.003308119174864637,False
SVC,individual,SVC,sigmoid,Cached fitted individual; sigmoid fitted to cached training OOF,7,CV17_THY_CONT_STATES,fT4,15,0.0077737051122089935,-0.0011338993549993668,True
SVC,individual,SVC,sigmoid,Cached fitted individual; sigmoid fitted to cached training OOF,7,CV17_THY_CONT_STATES,Previous_CABG,16,0.00581939649975948,0.00581939649975948,False
SVC,individual,SVC,sigmoid,Cached fitted individual; sigmoid fitted to cached training OOF,7,CV17_THY_CONT_STATES,Hypertension,17,0.005527203774732686,-0.001122756770075397,False
SVC,individual,SVC,sigmoid,Cached fitted individual; sigmoid fitted to cached training OOF,7,CV17_THY_CONT_STATES,Previous_PCI,18,0.0026439398463577817,0.00021983499094058214,False
SVC,individual,SVC,sigmoid,Cached fitted individual; sigmoid fitted to cached training OOF,7,CV17_THY_CONT_STATES,Hypothyroid,19,0.002296185809943962,-0.0016872806831550108,True
SVC,individual,SVC,sigmoid,Cached fitted individual; sigmoid fitted to cached training OOF,7,CV17_THY_CONT_STATES,Hyperthyroid,20,0.0019783021667840457,0.0019783021667840457,True
SVC,individual,SVC,sigmoid,Cached fitted individual; sigmoid fitted to cached training OOF,7,CV17_THY_CONT_STATES,SCH,21,0.0015088233919949923,0.0015088233919949923,True
SVC,individual,SVC,sigmoid,Cached fitted individual; sigmoid fitted to cached training OOF,7,CV17_THY_CONT_STATES,TSH,22,0.0011341451628690128,6.017333402567868e-05,True
SVC,individual,SVC,sigmoid,Cached fitted individual; sigmoid fitted to cached training OOF,7,CV17_THY_CONT_STATES,fT3,23,0.0005021196364382399,-7.952308799521923e-05,True
SVC,individual,SVC,sigmoid,Cached fitted individual; sigmoid fitted to cached training OOF,7,CV17_THY_CONT_STATES,SCT,24,0.0004371989685869298,0.0004371989685869298,True
SVC,individual,SVC,sigmoid,Cached fitted individual; sigmoid fitted to cached training OOF,7,CV17_THY_CONT_STATES,Gender,25,0.00037171762015161575,9.965224220463428e-06,False
KNeighbors,individual,KNeighbors,raw,Cached fitted individual; sigmoid fitted to cached training OOF,7,CV17_THY_CONT_STATES,Age,1,0.04620571794181036,-0.02364375673491379,False
KNeighbors,individual,KNeighbors,raw,Cached fitted individual; sigmoid fitted to cached training OOF,7,CV17_THY_CONT_STATES,LVEF,2,0.04228683997844827,0.009816136853448273,False
KNeighbors,individual,KNeighbors,raw,Cached fitted individual; sigmoid fitted to cached training OOF,7,CV17_THY_CONT_STATES,Low_T3,3,0.04102825296336206,-0.018895642510775856,True
KNeighbors,individual,KNeighbors,raw,Cached fitted individual; sigmoid fitted to cached training OOF,7,CV17_THY_CONT_STATES,AFib,4,0.03476478313577586,0.0008713294719827544,False
KNeighbors,individual,KNeighbors,raw,Cached fitted individual; sigmoid fitted to cached training OOF,7,CV17_THY_CONT_STATES,Dyslipidemia,5,0.03412496632543102,0.007808290678879311,False
KNeighbors,individual,KNeighbors,raw,Cached fitted individual; sigmoid fitted to cached training OOF,7,CV17_THY_CONT_STATES,PostIsch_DCM,6,0.032992658943965525,0.008208176185344826,False
KNeighbors,individual,KNeighbors,raw,Cached fitted individual; sigmoid fitted to cached training OOF,7,CV17_THY_CONT_STATES,Ischemia,7,0.0280340786637931,0.002239358836206901,False
KNeighbors,individual,KNeighbors,raw,Cached fitted individual; sigmoid fitted to cached training OOF,7,CV17_THY_CONT_STATES,Acute_MI,8,0.027057516163793094,-0.01549872036637931,False
KNeighbors,individual,KNeighbors,raw,Cached fitted individual; sigmoid fitted to cached training OOF,7,CV17_THY_CONT_STATES,Angina,9,0.023580616918103443,-0.011146282327586202,False
KNeighbors,individual,KNeighbors,raw,Cached fitted individual; sigmoid fitted to cached training OOF,7,CV17_THY_CONT_STATES,Vessels,10,0.02269245016163794,-0.011251515355603446,False
KNeighbors,individual,KNeighbors,raw,Cached fitted individual; sigmoid fitted to cached training OOF,7,CV17_THY_CONT_STATES,Diabetes,11,0.0224609375,0.012939453125000003,False
KNeighbors,individual,KNeighbors,raw,Cached fitted individual; sigmoid fitted to cached training OOF,7,CV17_THY_CONT_STATES,Hypertension,12,0.021766399515086212,0.0016458445581896558,False
KNeighbors,individual,KNeighbors,raw,Cached fitted individual; sigmoid fitted to cached training OOF,7,CV17_THY_CONT_STATES,Smoke,13,0.01612590921336207,-0.006183492726293107,False
KNeighbors,individual,KNeighbors,raw,Cached fitted individual; sigmoid fitted to cached training OOF,7,CV17_THY_CONT_STATES,Gender,14,0.015953327047413788,0.0005219558189655232,False
KNeighbors,individual,KNeighbors,raw,Cached fitted individual; sigmoid fitted to cached training OOF,7,CV17_THY_CONT_STATES,Angiography,15,0.013949690193965516,0.005472117456896554,False
KNeighbors,individual,KNeighbors,raw,Cached fitted individual; sigmoid fitted to cached training OOF,7,CV17_THY_CONT_STATES,Previous_MI,16,0.012981546336206894,-0.0002525592672413794,False
KNeighbors,individual,KNeighbors,raw,Cached fitted individual; sigmoid fitted to cached training OOF,7,CV17_THY_CONT_STATES,fT4,17,0.012888941271551714,-0.002163591056034471,True
KNeighbors,individual,KNeighbors,raw,Cached fitted individual; sigmoid fitted to cached training OOF,7,CV17_THY_CONT_STATES,TSH,18,0.007551522090517238,0.0009007947198275852,True
KNeighbors,individual,KNeighbors,raw,Cached fitted individual; sigmoid fitted to cached training OOF,7,CV17_THY_CONT_STATES,Previous_PCI,19,0.007210567079741375,-0.0010144463900862,False
KNeighbors,individual,KNeighbors,raw,Cached fitted individual; sigmoid fitted to cached training OOF,7,CV17_THY_CONT_STATES,fT3,20,0.005261651400862068,-0.0012207031249999952,True
KNeighbors,individual,KNeighbors,raw,Cached fitted individual; sigmoid fitted to cached training OOF,7,CV17_THY_CONT_STATES,Previous_CABG,21,0.004028320312500001,0.004028320312500001,False
KNeighbors,individual,KNeighbors,raw,Cached fitted individual; sigmoid fitted to cached training OOF,7,CV17_THY_CONT_STATES,Hypothyroid,22,0.003918877963362067,-0.0009807718211206897,True
KNeighbors,individual,KNeighbors,raw,Cached fitted individual; sigmoid fitted to cached training OOF,7,CV17_THY_CONT_STATES,Hyperthyroid,23,0.0031822467672413795,0.0031822467672413795,True
KNeighbors,individual,KNeighbors,raw,Cached fitted individual; sigmoid fitted to cached training OOF,7,CV17_THY_CONT_STATES,SCT,24,0.002243568157327586,0.002243568157327586,True
KNeighbors,individual,KNeighbors,raw,Cached fitted individual; sigmoid fitted to cached training OOF,7,CV17_THY_CONT_STATES,SCH,25,0.0022014749461206893,0.0022014749461206893,True
KNeighbors,individual,KNeighbors,sigmoid,Cached fitted individual; sigmoid fitted to cached training OOF,7,CV17_THY_CONT_STATES,LVEF,1,0.027916971975721325,0.005477160362503846,False
KNeighbors,individual,KNeighbors,sigmoid,Cached fitted individual; sigmoid fitted to cached training OOF,7,CV17_THY_CONT_STATES,Age,2,0.02707871374213531,-0.015268430964928675,False
KNeighbors,individual,KNeighbors,sigmoid,Cached fitted individual; sigmoid fitted to cached training OOF,7,CV17_THY_CONT_STATES,Low_T3,3,0.024592119477504972,-0.0117272454025703,True
KNeighbors,individual,KNeighbors,sigmoid,Cached fitted individual; sigmoid fitted to cached training OOF,7,CV17_THY_CONT_STATES,PostIsch_DCM,4,0.02302452140184066,0.006455462146411556,False
KNeighbors,individual,KNeighbors,sigmoid,Cached fitted individual; sigmoid fitted to cached training OOF,7,CV17_THY_CONT_STATES,AFib,5,0.02166289005012975,0.0012079670203940598,False
KNeighbors,individual,KNeighbors,sigmoid,Cached fitted individual; sigmoid fitted to cached training OOF,7,CV17_THY_CONT_STATES,Dyslipidemia,6,0.020310759991285104,0.0045516660056179065,False
KNeighbors,individual,KNeighbors,sigmoid,Cached fitted individual; sigmoid fitted to cached training OOF,7,CV17_THY_CONT_STATES,Acute_MI,7,0.018298145875215936,-0.010613068212364806,False
KNeighbors,individual,KNeighbors,sigmoid,Cached fitted individual; sigmoid fitted to cached training OOF,7,CV17_THY_CONT_STATES,Ischemia,8,0.016324648215908278,0.00016856711008745966,False
KNeighbors,individual,KNeighbors,sigmoid,Cached fitted individual; sigmoid fitted to cached training OOF,7,CV17_THY_CONT_STATES,Diabetes,9,0.01485601877384892,0.008961170939067094,False
KNeighbors,individual,KNeighbors,sigmoid,Cached fitted individual; sigmoid fitted to cached training OOF,7,CV17_THY_CONT_STATES,Vessels,10,0.014344065704556645,-0.007038411655282869,False
KNeighbors,individual,KNeighbors,sigmoid,Cached fitted individual; sigmoid fitted to cached training OOF,7,CV17_THY_CONT_STATES,Angina,11,0.014323263229814684,-0.007473143054298394,False
KNeighbors,individual,KNeighbors,sigmoid,Cached fitted individual; sigmoid fitted to cached training OOF,7,CV17_THY_CONT_STATES,Hypertension,12,0.011929263455012832,-0.00028030304769505003,False
KNeighbors,individual,KNeighbors,sigmoid,Cached fitted individual; sigmoid fitted to cached training OOF,7,CV17_THY_CONT_STATES,Smoke,13,0.009508738138990117,-0.0037345629623525547,False
KNeighbors,individual,KNeighbors,sigmoid,Cached fitted individual; sigmoid fitted to cached training OOF,7,CV17_THY_CONT_STATES,Gender,14,0.00933753728278819,-0.00028185673740519965,False
KNeighbors,individual,KNeighbors,sigmoid,Cached fitted individual; sigmoid fitted to cached training OOF,7,CV17_THY_CONT_STATES,Angiography,15,0.008503148930586868,0.00366810035544791,False
KNeighbors,individual,KNeighbors,sigmoid,Cached fitted individual; sigmoid fitted to cached training OOF,7,CV17_THY_CONT_STATES,Previous_MI,16,0.008046333328296329,-0.0003309673831941894,False
KNeighbors,individual,KNeighbors,sigmoid,Cached fitted individual; sigmoid fitted to cached training OOF,7,CV17_THY_CONT_STATES,fT4,17,0.0077750909392470995,-0.001618726884823943,True
KNeighbors,individual,KNeighbors,sigmoid,Cached fitted individual; sigmoid fitted to cached training OOF,7,CV17_THY_CONT_STATES,TSH,18,0.004374296419723809,0.00044181100776916727,True
KNeighbors,individual,KNeighbors,sigmoid,Cached fitted individual; sigmoid fitted to cached training OOF,7,CV17_THY_CONT_STATES,Previous_PCI,19,0.004186202297914678,-0.00013051165910301927,False
KNeighbors,individual,KNeighbors,sigmoid,Cached fitted individual; sigmoid fitted to cached training OOF,7,CV17_THY_CONT_STATES,fT3,20,0.0029644313763366246,-0.00047084219765634004,True
KNeighbors,individual,KNeighbors,sigmoid,Cached fitted individual; sigmoid fitted to cached training OOF,7,CV17_THY_CONT_STATES,Previous_CABG,21,0.0024783027563165735,0.0024783027563165735,False
KNeighbors,individual,KNeighbors,sigmoid,Cached fitted individual; sigmoid fitted to cached training OOF,7,CV17_THY_CONT_STATES,Hypothyroid,22,0.00237620784695463,-0.0004345522203795026,True
KNeighbors,individual,KNeighbors,sigmoid,Cached fitted individual; sigmoid fitted to cached training OOF,7,CV17_THY_CONT_STATES,Hyperthyroid,23,0.001618591350940578,0.001618591350940578,True
KNeighbors,individual,KNeighbors,sigmoid,Cached fitted individual; sigmoid fitted to cached training OOF,7,CV17_THY_CONT_STATES,SCH,24,0.0012441676946503511,0.0012441676946503511,True
KNeighbors,individual,KNeighbors,sigmoid,Cached fitted individual; sigmoid fitted to cached training OOF,7,CV17_THY_CONT_STATES,SCT,25,0.0011780026406881194,0.0011780026406881194,True
RandomForest,individual,RandomForest,raw,Cached fitted individual; sigmoid fitted to cached training OOF,7,CV17_THY_CONT_STATES,Age,1,0.09066629109095,-0.047332416905702036,False
RandomForest,individual,RandomForest,raw,Cached fitted individual; sigmoid fitted to cached training OOF,7,CV17_THY_CONT_STATES,LVEF,2,0.06565140772173457,0.009037226712821693,False
RandomForest,individual,RandomForest,raw,Cached fitted individual; sigmoid fitted to cached training OOF,7,CV17_THY_CONT_STATES,fT4,3,0.028236445565884723,0.0007806876355630249,True
RandomForest,individual,RandomForest,raw,Cached fitted individual; sigmoid fitted to cached training OOF,7,CV17_THY_CONT_STATES,Vessels,4,0.024716530743411007,-0.009476777269651973,False
RandomForest,individual,RandomForest,raw,Cached fitted individual; sigmoid fitted to cached training OOF,7,CV17_THY_CONT_STATES,PostIsch_DCM,5,0.024433280121667032,0.009245603441778076,False
RandomForest,individual,RandomForest,raw,Cached fitted individual; sigmoid fitted to cached training OOF,7,CV17_THY_CONT_STATES,Dyslipidemia,6,0.020911522974723595,0.0043093877168711055,False
RandomForest,individual,RandomForest,raw,Cached fitted individual; sigmoid fitted to cached training OOF,7,CV17_THY_CONT_STATES,fT3,7,0.018479213091129446,-0.0030516381989012815,True
RandomForest,individual,RandomForest,raw,Cached fitted individual; sigmoid fitted to cached training OOF,7,CV17_THY_CONT_STATES,Ischemia,8,0.017648502238072992,0.005492108713928072,False
RandomForest,individual,RandomForest,raw,Cached fitted individual; sigmoid fitted to cached training OOF,7,CV17_THY_CONT_STATES,AFib,9,0.01730417682936316,2.179217394518326e-05,False
RandomForest,individual,RandomForest,raw,Cached fitted individual; sigmoid fitted to cached training OOF,7,CV17_THY_CONT_STATES,Diabetes,10,0.016474726694223805,0.011875787820448635,False
RandomForest,individual,RandomForest,raw,Cached fitted individual; sigmoid fitted to cached training OOF,7,CV17_THY_CONT_STATES,TSH,11,0.012856567944239356,0.004554317757661928,True
RandomForest,individual,RandomForest,raw,Cached fitted individual; sigmoid fitted to cached training OOF,7,CV17_THY_CONT_STATES,Acute_MI,12,0.010037926900774225,-0.004989836702456085,False
RandomForest,individual,RandomForest,raw,Cached fitted individual; sigmoid fitted to cached training OOF,7,CV17_THY_CONT_STATES,Hypertension,13,0.006978173713684635,-0.0004822815482930343,False
RandomForest,individual,RandomForest,raw,Cached fitted individual; sigmoid fitted to cached training OOF,7,CV17_THY_CONT_STATES,Angina,14,0.0067857081784408295,-0.0041526077726163,False
RandomForest,individual,RandomForest,raw,Cached fitted individual; sigmoid fitted to cached training OOF,7,CV17_THY_CONT_STATES,Low_T3,15,0.006001962205925709,-0.0019728132264950557,True
RandomForest,individual,RandomForest,raw,Cached fitted individual; sigmoid fitted to cached training OOF,7,CV17_THY_CONT_STATES,Angiography,16,0.005051342513928173,0.0024114349595825194,False
RandomForest,individual,RandomForest,raw,Cached fitted individual; sigmoid fitted to cached training OOF,7,CV17_THY_CONT_STATES,Smoke,17,0.004926539872863105,-0.001202330837209794,False
RandomForest,individual,RandomForest,raw,Cached fitted individual; sigmoid fitted to cached training OOF,7,CV17_THY_CONT_STATES,Previous_MI,18,0.004921840734719328,0.0007091582942690899,False
RandomForest,individual,RandomForest,raw,Cached fitted individual; sigmoid fitted to cached training OOF,7,CV17_THY_CONT_STATES,Previous_CABG,19,0.0032783412300804423,0.0032783412300804423,False
RandomForest,individual,RandomForest,raw,Cached fitted individual; sigmoid fitted to cached training OOF,7,CV17_THY_CONT_STATES,Previous_PCI,20,0.0031752112424342795,0.00020668080146975785,False
RandomForest,individual,RandomForest,raw,Cached fitted individual; sigmoid fitted to cached training OOF,7,CV17_THY_CONT_STATES,Gender,21,0.0031523185171720095,0.0015665356827329,False
RandomForest,individual,RandomForest,raw,Cached fitted individual; sigmoid fitted to cached training OOF,7,CV17_THY_CONT_STATES,SCH,22,0.0006799438420595781,0.0006799438420595781,True
RandomForest,individual,RandomForest,raw,Cached fitted individual; sigmoid fitted to cached training OOF,7,CV17_THY_CONT_STATES,Hypothyroid,23,0.0006283859422447338,0.0005603391670846461,True
RandomForest,individual,RandomForest,raw,Cached fitted individual; sigmoid fitted to cached training OOF,7,CV17_THY_CONT_STATES,Hyperthyroid,24,0.0005261254668623958,0.0005261254668623958,True
RandomForest,individual,RandomForest,raw,Cached fitted individual; sigmoid fitted to cached training OOF,7,CV17_THY_CONT_STATES,SCT,25,0.0003236907876477728,0.0003236907876477728,True
RandomForest,individual,RandomForest,sigmoid,Cached fitted individual; sigmoid fitted to cached training OOF,7,CV17_THY_CONT_STATES,Age,1,0.0823543492564648,-0.0504765343118623,False
RandomForest,individual,RandomForest,sigmoid,Cached fitted individual; sigmoid fitted to cached training OOF,7,CV17_THY_CONT_STATES,LVEF,2,0.060802140922985394,0.003994228994973227,False
RandomForest,individual,RandomForest,sigmoid,Cached fitted individual; sigmoid fitted to cached training OOF,7,CV17_THY_CONT_STATES,fT4,3,0.02636630694525991,-0.005239909567859082,True
RandomForest,individual,RandomForest,sigmoid,Cached fitted individual; sigmoid fitted to cached training OOF,7,CV17_THY_CONT_STATES,PostIsch_DCM,4,0.02500187783402357,0.0089535745290013,False
RandomForest,individual,RandomForest,sigmoid,Cached fitted individual; sigmoid fitted to cached training OOF,7,CV17_THY_CONT_STATES,Vessels,5,0.023694050749567645,-0.011678489788155576,False
RandomForest,individual,RandomForest,sigmoid,Cached fitted individual; sigmoid fitted to cached training OOF,7,CV17_THY_CONT_STATES,Dyslipidemia,6,0.018944831416697835,0.0031011039502799732,False
RandomForest,individual,RandomForest,sigmoid,Cached fitted individual; sigmoid fitted to cached training OOF,7,CV17_THY_CONT_STATES,fT3,7,0.016585278398681555,-0.0056215524175672275,True
RandomForest,individual,RandomForest,sigmoid,Cached fitted individual; sigmoid fitted to cached training OOF,7,CV17_THY_CONT_STATES,AFib,8,0.015237238479613538,-0.0002576151337837893,False
RandomForest,individual,RandomForest,sigmoid,Cached fitted individual; sigmoid fitted to cached training OOF,7,CV17_THY_CONT_STATES,Ischemia,9,0.015090262936851938,0.0030984900390355037,False
RandomForest,individual,RandomForest,sigmoid,Cached fitted individual; sigmoid fitted to cached training OOF,7,CV17_THY_CONT_STATES,Diabetes,10,0.0143740638543424,0.010207785589568169,False
RandomForest,individual,RandomForest,sigmoid,Cached fitted individual; sigmoid fitted to cached training OOF,7,CV17_THY_CONT_STATES,TSH,11,0.009017869712334991,0.0008691123038062507,True
RandomForest,individual,RandomForest,sigmoid,Cached fitted individual; sigmoid fitted to cached training OOF,7,CV17_THY_CONT_STATES,Acute_MI,12,0.00841512537575151,-0.004332387487180407,False
RandomForest,individual,RandomForest,sigmoid,Cached fitted individual; sigmoid fitted to cached training OOF,7,CV17_THY_CONT_STATES,Hypertension,13,0.005824954903719156,-0.0015480181124074535,False
RandomForest,individual,RandomForest,sigmoid,Cached fitted individual; sigmoid fitted to cached training OOF,7,CV17_THY_CONT_STATES,Low_T3,14,0.005427049129236638,-0.0023615541513790665,True
RandomForest,individual,RandomForest,sigmoid,Cached fitted individual; sigmoid fitted to cached training OOF,7,CV17_THY_CONT_STATES,Angina,15,0.0052222820926004325,-0.003996163298924347,False
RandomForest,individual,RandomForest,sigmoid,Cached fitted individual; sigmoid fitted to cached training OOF,7,CV17_THY_CONT_STATES,Previous_MI,16,0.004905286099614196,0.0007567892634641009,False
RandomForest,individual,RandomForest,sigmoid,Cached fitted individual; sigmoid fitted to cached training OOF,7,CV17_THY_CONT_STATES,Angiography,17,0.0048902927957630415,0.002621846474901199,False
RandomForest,individual,RandomForest,sigmoid,Cached fitted individual; sigmoid fitted to cached training OOF,7,CV17_THY_CONT_STATES,Smoke,18,0.004012774971365625,-0.0015936946286622773,False
RandomForest,individual,RandomForest,sigmoid,Cached fitted individual; sigmoid fitted to cached training OOF,7,CV17_THY_CONT_STATES,Gender,19,0.0027972497171640776,0.0005419369962194738,False
RandomForest,individual,RandomForest,sigmoid,Cached fitted individual; sigmoid fitted to cached training OOF,7,CV17_THY_CONT_STATES,Previous_CABG,20,0.002274841459731304,0.002274841459731304,False
RandomForest,individual,RandomForest,sigmoid,Cached fitted individual; sigmoid fitted to cached training OOF,7,CV17_THY_CONT_STATES,Previous_PCI,21,0.002083688575556242,0.0003898338065516639,False
RandomForest,individual,RandomForest,sigmoid,Cached fitted individual; sigmoid fitted to cached training OOF,7,CV17_THY_CONT_STATES,Hypothyroid,22,0.0005955015787070617,0.0005692537608835691,True
RandomForest,individual,RandomForest,sigmoid,Cached fitted individual; sigmoid fitted to cached training OOF,7,CV17_THY_CONT_STATES,Hyperthyroid,23,0.00043512469039063675,0.00043512469039063675,True
RandomForest,individual,RandomForest,sigmoid,Cached fitted individual; sigmoid fitted to cached training OOF,7,CV17_THY_CONT_STATES,SCH,24,0.0004334038907369001,0.0004334038907369001,True
RandomForest,individual,RandomForest,sigmoid,Cached fitted individual; sigmoid fitted to cached training OOF,7,CV17_THY_CONT_STATES,SCT,25,0.0002341079150586454,0.0002341079150586454,True
AdaBoost,individual,AdaBoost,raw,Cached fitted individual; sigmoid fitted to cached training OOF,7,CV17_THY_CONT_STATES,Age,1,0.06749066902658157,-0.027711267817873003,False
AdaBoost,individual,AdaBoost,raw,Cached fitted individual; sigmoid fitted to cached training OOF,7,CV17_THY_CONT_STATES,LVEF,2,0.04557271170855292,0.005209806246810127,False
AdaBoost,individual,AdaBoost,raw,Cached fitted individual; sigmoid fitted to cached training OOF,7,CV17_THY_CONT_STATES,fT4,3,0.012070941470752914,-0.0019421137734168968,True
AdaBoost,individual,AdaBoost,raw,Cached fitted individual; sigmoid fitted to cached training OOF,7,CV17_THY_CONT_STATES,Diabetes,4,0.009294906262159643,0.005929541925235742,False
AdaBoost,individual,AdaBoost,raw,Cached fitted individual; sigmoid fitted to cached training OOF,7,CV17_THY_CONT_STATES,PostIsch_DCM,5,0.008310598439914475,0.0030040029314841723,False
AdaBoost,individual,AdaBoost,raw,Cached fitted individual; sigmoid fitted to cached training OOF,7,CV17_THY_CONT_STATES,Dyslipidemia,6,0.007426633055679667,0.001697028265230943,False
AdaBoost,individual,AdaBoost,raw,Cached fitted individual; sigmoid fitted to cached training OOF,7,CV17_THY_CONT_STATES,Vessels,7,0.006352709233164906,-0.0018037980576490495,False
AdaBoost,individual,AdaBoost,raw,Cached fitted individual; sigmoid fitted to cached training OOF,7,CV17_THY_CONT_STATES,Ischemia,8,0.004836733269380858,0.0004069888302537434,False
AdaBoost,individual,AdaBoost,raw,Cached fitted individual; sigmoid fitted to cached training OOF,7,CV17_THY_CONT_STATES,AFib,9,0.004029209979116974,-0.000463931243936258,False
AdaBoost,individual,AdaBoost,raw,Cached fitted individual; sigmoid fitted to cached training OOF,7,CV17_THY_CONT_STATES,TSH,10,0.004024039463124257,0.0011951668103103476,True
AdaBoost,individual,AdaBoost,raw,Cached fitted individual; sigmoid fitted to cached training OOF,7,CV17_THY_CONT_STATES,fT3,11,0.002470466171055157,-0.0014855370034137674,True
AdaBoost,individual,AdaBoost,raw,Cached fitted individual; sigmoid fitted to cached training OOF,7,CV17_THY_CONT_STATES,Acute_MI,12,0.002159049219207053,-0.001197998435325972,False
AdaBoost,individual,AdaBoost,raw,Cached fitted individual; sigmoid fitted to cached training OOF,7,CV17_THY_CONT_STATES,Previous_CABG,13,0.00028936454523757825,0.00028936454523757825,False
AdaBoost,individual,AdaBoost,raw,Cached fitted individual; sigmoid fitted to cached training OOF,7,CV17_THY_CONT_STATES,Angiography,14,0.0,0.0,False
AdaBoost,individual,AdaBoost,raw,Cached fitted individual; sigmoid fitted to cached training OOF,7,CV17_THY_CONT_STATES,Previous_PCI,15,0.0,0.0,False
AdaBoost,individual,AdaBoost,raw,Cached fitted individual; sigmoid fitted to cached training OOF,7,CV17_THY_CONT_STATES,Angina,16,0.0,0.0,False
AdaBoost,individual,AdaBoost,raw,Cached fitted individual; sigmoid fitted to cached training OOF,7,CV17_THY_CONT_STATES,Hypertension,17,0.0,0.0,False
AdaBoost,individual,AdaBoost,raw,Cached fitted individual; sigmoid fitted to cached training OOF,7,CV17_THY_CONT_STATES,Smoke,18,0.0,0.0,False
AdaBoost,individual,AdaBoost,raw,Cached fitted individual; sigmoid fitted to cached training OOF,7,CV17_THY_CONT_STATES,Previous_MI,19,0.0,0.0,False
AdaBoost,individual,AdaBoost,raw,Cached fitted individual; sigmoid fitted to cached training OOF,7,CV17_THY_CONT_STATES,Gender,20,0.0,0.0,False
AdaBoost,individual,AdaBoost,raw,Cached fitted individual; sigmoid fitted to cached training OOF,7,CV17_THY_CONT_STATES,SCH,21,0.0,0.0,True
AdaBoost,individual,AdaBoost,raw,Cached fitted individual; sigmoid fitted to cached training OOF,7,CV17_THY_CONT_STATES,SCT,22,0.0,0.0,True
AdaBoost,individual,AdaBoost,raw,Cached fitted individual; sigmoid fitted to cached training OOF,7,CV17_THY_CONT_STATES,Low_T3,23,0.0,0.0,True
AdaBoost,individual,AdaBoost,raw,Cached fitted individual; sigmoid fitted to cached training OOF,7,CV17_THY_CONT_STATES,Hypothyroid,24,0.0,0.0,True
AdaBoost,individual,AdaBoost,raw,Cached fitted individual; sigmoid fitted to cached training OOF,7,CV17_THY_CONT_STATES,Hyperthyroid,25,0.0,0.0,True
AdaBoost,individual,AdaBoost,sigmoid,Cached fitted individual; sigmoid fitted to cached training OOF,7,CV17_THY_CONT_STATES,Age,1,0.10388388086281246,-0.05254189464229251,False
AdaBoost,individual,AdaBoost,sigmoid,Cached fitted individual; sigmoid fitted to cached training OOF,7,CV17_THY_CONT_STATES,LVEF,2,0.07871118570657734,0.0073235474205664754,False
AdaBoost,individual,AdaBoost,sigmoid,Cached fitted individual; sigmoid fitted to cached training OOF,7,CV17_THY_CONT_STATES,fT4,3,0.01857308924475753,-0.006580666580850547,True
AdaBoost,individual,AdaBoost,sigmoid,Cached fitted individual; sigmoid fitted to cached training OOF,7,CV17_THY_CONT_STATES,PostIsch_DCM,4,0.016894187265986422,0.005419779573886826,False
AdaBoost,individual,AdaBoost,sigmoid,Cached fitted individual; sigmoid fitted to cached training OOF,7,CV17_THY_CONT_STATES,Diabetes,5,0.015286564680006469,0.009666187951225098,False
AdaBoost,individual,AdaBoost,sigmoid,Cached fitted individual; sigmoid fitted to cached training OOF,7,CV17_THY_CONT_STATES,Dyslipidemia,6,0.011469383741068217,0.0021551633037905325,False
AdaBoost,individual,AdaBoost,sigmoid,Cached fitted individual; sigmoid fitted to cached training OOF,7,CV17_THY_CONT_STATES,Vessels,7,0.010954961951083307,-0.0036836301229351996,False
AdaBoost,individual,AdaBoost,sigmoid,Cached fitted individual; sigmoid fitted to cached training OOF,7,CV17_THY_CONT_STATES,Ischemia,8,0.007112111874351614,-0.00010724918397644423,False
AdaBoost,individual,AdaBoost,sigmoid,Cached fitted individual; sigmoid fitted to cached training OOF,7,CV17_THY_CONT_STATES,AFib,9,0.006708908032839134,-0.001109293141127579,False
AdaBoost,individual,AdaBoost,sigmoid,Cached fitted individual; sigmoid fitted to cached training OOF,7,CV17_THY_CONT_STATES,TSH,10,0.006032534665862662,0.0005855071550850758,True
AdaBoost,individual,AdaBoost,sigmoid,Cached fitted individual; sigmoid fitted to cached training OOF,7,CV17_THY_CONT_STATES,fT3,11,0.00450641862113999,-0.003225527576185592,True
AdaBoost,individual,AdaBoost,sigmoid,Cached fitted individual; sigmoid fitted to cached training OOF,7,CV17_THY_CONT_STATES,Acute_MI,12,0.003517129112610461,-0.0018885581892797829,False
AdaBoost,individual,AdaBoost,sigmoid,Cached fitted individual; sigmoid fitted to cached training OOF,7,CV17_THY_CONT_STATES,Previous_CABG,13,0.00046920968828102695,0.00046920968828102695,False
AdaBoost,individual,AdaBoost,sigmoid,Cached fitted individual; sigmoid fitted to cached training OOF,7,CV17_THY_CONT_STATES,Angiography,14,0.0,0.0,False
AdaBoost,individual,AdaBoost,sigmoid,Cached fitted individual; sigmoid fitted to cached training OOF,7,CV17_THY_CONT_STATES,Previous_PCI,15,0.0,0.0,False
AdaBoost,individual,AdaBoost,sigmoid,Cached fitted individual; sigmoid fitted to cached training OOF,7,CV17_THY_CONT_STATES,Angina,16,0.0,0.0,False
AdaBoost,individual,AdaBoost,sigmoid,Cached fitted individual; sigmoid fitted to cached training OOF,7,CV17_THY_CONT_STATES,Hypertension,17,0.0,0.0,False
AdaBoost,individual,AdaBoost,sigmoid,Cached fitted individual; sigmoid fitted to cached training OOF,7,CV17_THY_CONT_STATES,Smoke,18,0.0,0.0,False
AdaBoost,individual,AdaBoost,sigmoid,Cached fitted individual; sigmoid fitted to cached training OOF,7,CV17_THY_CONT_STATES,Previous_MI,19,0.0,0.0,False
AdaBoost,individual,AdaBoost,sigmoid,Cached fitted individual; sigmoid fitted to cached training OOF,7,CV17_THY_CONT_STATES,Gender,20,0.0,0.0,False
AdaBoost,individual,AdaBoost,sigmoid,Cached fitted individual; sigmoid fitted to cached training OOF,7,CV17_THY_CONT_STATES,SCH,21,0.0,0.0,True
AdaBoost,individual,AdaBoost,sigmoid,Cached fitted individual; sigmoid fitted to cached training OOF,7,CV17_THY_CONT_STATES,SCT,22,0.0,0.0,True
AdaBoost,individual,AdaBoost,sigmoid,Cached fitted individual; sigmoid fitted to cached training OOF,7,CV17_THY_CONT_STATES,Low_T3,23,0.0,0.0,True
AdaBoost,individual,AdaBoost,sigmoid,Cached fitted individual; sigmoid fitted to cached training OOF,7,CV17_THY_CONT_STATES,Hypothyroid,24,0.0,0.0,True
AdaBoost,individual,AdaBoost,sigmoid,Cached fitted individual; sigmoid fitted to cached training OOF,7,CV17_THY_CONT_STATES,Hyperthyroid,25,0.0,0.0,True
MLP,individual,MLP,raw,Cached fitted individual; sigmoid fitted to cached training OOF,7,CV17_THY_CONT_STATES,Age,1,0.1289938470713567,-0.06758573424993454,False
MLP,individual,MLP,raw,Cached fitted individual; sigmoid fitted to cached training OOF,7,CV17_THY_CONT_STATES,LVEF,2,0.08872712780462842,0.019457746562050682,False
MLP,individual,MLP,raw,Cached fitted individual; sigmoid fitted to cached training OOF,7,CV17_THY_CONT_STATES,Vessels,3,0.07146550662368475,-0.014098218729013923,False
MLP,individual,MLP,raw,Cached fitted individual; sigmoid fitted to cached training OOF,7,CV17_THY_CONT_STATES,Dyslipidemia,4,0.0386843924336842,0.007212137581888422,False
MLP,individual,MLP,raw,Cached fitted individual; sigmoid fitted to cached training OOF,7,CV17_THY_CONT_STATES,Diabetes,5,0.0381060180331011,0.018481795046944777,False
MLP,individual,MLP,raw,Cached fitted individual; sigmoid fitted to cached training OOF,7,CV17_THY_CONT_STATES,fT4,6,0.03464499821860974,-0.004804916681266256,True
MLP,individual,MLP,raw,Cached fitted individual; sigmoid fitted to cached training OOF,7,CV17_THY_CONT_STATES,Angina,7,0.034474840660161585,-0.024250112220674174,False
MLP,individual,MLP,raw,Cached fitted individual; sigmoid fitted to cached training OOF,7,CV17_THY_CONT_STATES,Ischemia,8,0.033047812066852915,0.006111195193353378,False
MLP,individual,MLP,raw,Cached fitted individual; sigmoid fitted to cached training OOF,7,CV17_THY_CONT_STATES,Previous_MI,9,0.025307388651240634,0.009290546471186467,False
MLP,individual,MLP,raw,Cached fitted individual; sigmoid fitted to cached training OOF,7,CV17_THY_CONT_STATES,Angiography,10,0.02373913278796454,0.005046077283353906,False
MLP,individual,MLP,raw,Cached fitted individual; sigmoid fitted to cached training OOF,7,CV17_THY_CONT_STATES,AFib,11,0.021726912129491682,0.011603281268276684,False
MLP,individual,MLP,raw,Cached fitted individual; sigmoid fitted to cached training OOF,7,CV17_THY_CONT_STATES,Hypertension,12,0.020710646741215453,0.0019327082341687627,False
MLP,individual,MLP,raw,Cached fitted individual; sigmoid fitted to cached training OOF,7,CV17_THY_CONT_STATES,PostIsch_DCM,13,0.01697213206111417,0.010126507835129174,False
MLP,individual,MLP,raw,Cached fitted individual; sigmoid fitted to cached training OOF,7,CV17_THY_CONT_STATES,Low_T3,14,0.01641781255795798,-0.0002396002840738942,True
MLP,individual,MLP,raw,Cached fitted individual; sigmoid fitted to cached training OOF,7,CV17_THY_CONT_STATES,Gender,15,0.01618569521524034,0.005237809124726031,False
MLP,individual,MLP,raw,Cached fitted individual; sigmoid fitted to cached training OOF,7,CV17_THY_CONT_STATES,Acute_MI,16,0.016033989526682398,-0.007299028936192524,False
MLP,individual,MLP,raw,Cached fitted individual; sigmoid fitted to cached training OOF,7,CV17_THY_CONT_STATES,Previous_PCI,17,0.012779979196775334,0.002448985861749945,False
MLP,individual,MLP,raw,Cached fitted individual; sigmoid fitted to cached training OOF,7,CV17_THY_CONT_STATES,Smoke,18,0.01096952692261896,0.0030120815524664946,False
MLP,individual,MLP,raw,Cached fitted individual; sigmoid fitted to cached training OOF,7,CV17_THY_CONT_STATES,fT3,19,0.006344146227923867,0.0003204933269898161,True
MLP,individual,MLP,raw,Cached fitted individual; sigmoid fitted to cached training OOF,7,CV17_THY_CONT_STATES,TSH,20,0.005911498781828077,0.0007605797895094048,True
MLP,individual,MLP,raw,Cached fitted individual; sigmoid fitted to cached training OOF,7,CV17_THY_CONT_STATES,Previous_CABG,21,0.005378620077024001,0.005378620077024001,False
MLP,individual,MLP,raw,Cached fitted individual; sigmoid fitted to cached training OOF,7,CV17_THY_CONT_STATES,Hypothyroid,22,0.005179573204274001,0.0038724686547043246,True
MLP,individual,MLP,raw,Cached fitted individual; sigmoid fitted to cached training OOF,7,CV17_THY_CONT_STATES,Hyperthyroid,23,0.0036623213153695747,0.0015645046544018448,True
MLP,individual,MLP,raw,Cached fitted individual; sigmoid fitted to cached training OOF,7,CV17_THY_CONT_STATES,SCH,24,0.0018496839005523913,0.0018496839005523913,True
MLP,individual,MLP,raw,Cached fitted individual; sigmoid fitted to cached training OOF,7,CV17_THY_CONT_STATES,SCT,25,0.0011213723580378637,-0.0011213723580378637,True
MLP,individual,MLP,sigmoid,Cached fitted individual; sigmoid fitted to cached training OOF,7,CV17_THY_CONT_STATES,Age,1,0.07083946158137444,-0.04084175873227708,False
MLP,individual,MLP,sigmoid,Cached fitted individual; sigmoid fitted to cached training OOF,7,CV17_THY_CONT_STATES,LVEF,2,0.055662477723310885,0.013598961952101581,False
MLP,individual,MLP,sigmoid,Cached fitted individual; sigmoid fitted to cached training OOF,7,CV17_THY_CONT_STATES,Vessels,3,0.04519421340165473,-0.013427869219772745,False
MLP,individual,MLP,sigmoid,Cached fitted individual; sigmoid fitted to cached training OOF,7,CV17_THY_CONT_STATES,Diabetes,4,0.025564874684507723,0.011422410458664468,False
MLP,individual,MLP,sigmoid,Cached fitted individual; sigmoid fitted to cached training OOF,7,CV17_THY_CONT_STATES,Dyslipidemia,5,0.022507163161219815,0.004091751510647817,False
MLP,individual,MLP,sigmoid,Cached fitted individual; sigmoid fitted to cached training OOF,7,CV17_THY_CONT_STATES,fT4,6,0.021464364490737197,-0.004012927009696467,True
MLP,individual,MLP,sigmoid,Cached fitted individual; sigmoid fitted to cached training OOF,7,CV17_THY_CONT_STATES,Ischemia,7,0.019087610335816175,0.0029847787083054737,False
MLP,individual,MLP,sigmoid,Cached fitted individual; sigmoid fitted to cached training OOF,7,CV17_THY_CONT_STATES,Angina,8,0.018714138764435066,-0.013586442404273247,False
MLP,individual,MLP,sigmoid,Cached fitted individual; sigmoid fitted to cached training OOF,7,CV17_THY_CONT_STATES,Angiography,9,0.015877583424865862,0.004493770614163875,False
MLP,individual,MLP,sigmoid,Cached fitted individual; sigmoid fitted to cached training OOF,7,CV17_THY_CONT_STATES,Previous_MI,10,0.014821978078398718,0.0058340956307603295,False
MLP,individual,MLP,sigmoid,Cached fitted individual; sigmoid fitted to cached training OOF,7,CV17_THY_CONT_STATES,AFib,11,0.014435355033398286,0.0076222496681913774,False
MLP,individual,MLP,sigmoid,Cached fitted individual; sigmoid fitted to cached training OOF,7,CV17_THY_CONT_STATES,PostIsch_DCM,12,0.014374569192498887,0.00903836735363413,False
MLP,individual,MLP,sigmoid,Cached fitted individual; sigmoid fitted to cached training OOF,7,CV17_THY_CONT_STATES,Hypertension,13,0.012974840168959187,0.00028135130948890065,False
MLP,individual,MLP,sigmoid,Cached fitted individual; sigmoid fitted to cached training OOF,7,CV17_THY_CONT_STATES,Acute_MI,14,0.01147472812171018,-0.005758639887325532,False
MLP,individual,MLP,sigmoid,Cached fitted individual; sigmoid fitted to cached training OOF,7,CV17_THY_CONT_STATES,Low_T3,15,0.00933031681984725,0.0006318573812482576,True
MLP,individual,MLP,sigmoid,Cached fitted individual; sigmoid fitted to cached training OOF,7,CV17_THY_CONT_STATES,Gender,16,0.00866135435514218,0.003068438721704837,False
MLP,individual,MLP,sigmoid,Cached fitted individual; sigmoid fitted to cached training OOF,7,CV17_THY_CONT_STATES,Smoke,17,0.007320305472749195,0.0025705262841396854,False
MLP,individual,MLP,sigmoid,Cached fitted individual; sigmoid fitted to cached training OOF,7,CV17_THY_CONT_STATES,Previous_PCI,18,0.0070988538098092436,0.0020447656285705494,False
MLP,individual,MLP,sigmoid,Cached fitted individual; sigmoid fitted to cached training OOF,7,CV17_THY_CONT_STATES,fT3,19,0.0038026312323427096,0.00010682323346434847,True
MLP,individual,MLP,sigmoid,Cached fitted individual; sigmoid fitted to cached training OOF,7,CV17_THY_CONT_STATES,TSH,20,0.003421614870652722,0.0004523684861254607,True
MLP,individual,MLP,sigmoid,Cached fitted individual; sigmoid fitted to cached training OOF,7,CV17_THY_CONT_STATES,Hypothyroid,21,0.0032464615682335145,0.002537589227049577,True
MLP,individual,MLP,sigmoid,Cached fitted individual; sigmoid fitted to cached training OOF,7,CV17_THY_CONT_STATES,Previous_CABG,22,0.002821452433246314,0.002693729574952392,False
MLP,individual,MLP,sigmoid,Cached fitted individual; sigmoid fitted to cached training OOF,7,CV17_THY_CONT_STATES,Hyperthyroid,23,0.0017263113062602124,0.00031498585348391705,True
MLP,individual,MLP,sigmoid,Cached fitted individual; sigmoid fitted to cached training OOF,7,CV17_THY_CONT_STATES,SCH,24,0.0008769266940572605,0.0008769266940572605,True
MLP,individual,MLP,sigmoid,Cached fitted individual; sigmoid fitted to cached training OOF,7,CV17_THY_CONT_STATES,SCT,25,0.0005445021415682532,-0.00048181928382578425,True
GradientBoosting,individual,GradientBoosting,raw,Cached fitted individual; sigmoid fitted to cached training OOF,7,CV17_THY_CONT_STATES,Age,1,0.12444981361844706,-0.06174466647051475,False
GradientBoosting,individual,GradientBoosting,raw,Cached fitted individual; sigmoid fitted to cached training OOF,7,CV17_THY_CONT_STATES,LVEF,2,0.09778208423105454,0.021758170685456178,False
GradientBoosting,individual,GradientBoosting,raw,Cached fitted individual; sigmoid fitted to cached training OOF,7,CV17_THY_CONT_STATES,fT4,3,0.03204425790771374,-0.002243533913654218,True
GradientBoosting,individual,GradientBoosting,raw,Cached fitted individual; sigmoid fitted to cached training OOF,7,CV17_THY_CONT_STATES,TSH,4,0.022720274365682577,0.008044649908273062,True
GradientBoosting,individual,GradientBoosting,raw,Cached fitted individual; sigmoid fitted to cached training OOF,7,CV17_THY_CONT_STATES,Vessels,5,0.0224703969986136,-0.005178827527609009,False
GradientBoosting,individual,GradientBoosting,raw,Cached fitted individual; sigmoid fitted to cached training OOF,7,CV17_THY_CONT_STATES,fT3,6,0.02223563044828863,-0.008345511925463856,True
GradientBoosting,individual,GradientBoosting,raw,Cached fitted individual; sigmoid fitted to cached training OOF,7,CV17_THY_CONT_STATES,Diabetes,7,0.01650817303801724,0.010912686763654788,False
GradientBoosting,individual,GradientBoosting,raw,Cached fitted individual; sigmoid fitted to cached training OOF,7,CV17_THY_CONT_STATES,AFib,8,0.015577221363429941,-0.004481219112370122,False
GradientBoosting,individual,GradientBoosting,raw,Cached fitted individual; sigmoid fitted to cached training OOF,7,CV17_THY_CONT_STATES,Dyslipidemia,9,0.015109804820933371,0.0006666807768299756,False
GradientBoosting,individual,GradientBoosting,raw,Cached fitted individual; sigmoid fitted to cached training OOF,7,CV17_THY_CONT_STATES,Ischemia,10,0.012843734438910747,0.003740186862404845,False
GradientBoosting,individual,GradientBoosting,raw,Cached fitted individual; sigmoid fitted to cached training OOF,7,CV17_THY_CONT_STATES,PostIsch_DCM,11,0.009849473787540183,0.0010711438483751202,False
GradientBoosting,individual,GradientBoosting,raw,Cached fitted individual; sigmoid fitted to cached training OOF,7,CV17_THY_CONT_STATES,Hypertension,12,0.009518964784999152,-0.0014123578933887076,False
GradientBoosting,individual,GradientBoosting,raw,Cached fitted individual; sigmoid fitted to cached training OOF,7,CV17_THY_CONT_STATES,Acute_MI,13,0.008684212109393363,-0.005026345847912127,False
GradientBoosting,individual,GradientBoosting,raw,Cached fitted individual; sigmoid fitted to cached training OOF,7,CV17_THY_CONT_STATES,Angina,14,0.007104589376319746,-0.004791155223060624,False
GradientBoosting,individual,GradientBoosting,raw,Cached fitted individual; sigmoid fitted to cached training OOF,7,CV17_THY_CONT_STATES,Previous_CABG,15,0.0028314601690838694,0.0028314601690838694,False
GradientBoosting,individual,GradientBoosting,raw,Cached fitted individual; sigmoid fitted to cached training OOF,7,CV17_THY_CONT_STATES,Smoke,16,0.0023591940360902113,-0.0003745680580338701,False
GradientBoosting,individual,GradientBoosting,raw,Cached fitted individual; sigmoid fitted to cached training OOF,7,CV17_THY_CONT_STATES,Previous_PCI,17,0.002142701096125493,0.00037835073197706724,False
GradientBoosting,individual,GradientBoosting,raw,Cached fitted individual; sigmoid fitted to cached training OOF,7,CV17_THY_CONT_STATES,Previous_MI,18,0.0020171548142067968,-0.0004164226472147856,False
GradientBoosting,individual,GradientBoosting,raw,Cached fitted individual; sigmoid fitted to cached training OOF,7,CV17_THY_CONT_STATES,Gender,19,0.001852246021498794,0.0004540710155293987,False
GradientBoosting,individual,GradientBoosting,raw,Cached fitted individual; sigmoid fitted to cached training OOF,7,CV17_THY_CONT_STATES,Angiography,20,0.0018342158098077997,0.0008968978166485109,False
GradientBoosting,individual,GradientBoosting,raw,Cached fitted individual; sigmoid fitted to cached training OOF,7,CV17_THY_CONT_STATES,Low_T3,21,0.0010226265117474608,-0.00034049008520515374,True
GradientBoosting,individual,GradientBoosting,raw,Cached fitted individual; sigmoid fitted to cached training OOF,7,CV17_THY_CONT_STATES,SCH,22,0.00011458507672283897,0.00011458507672283897,True
GradientBoosting,individual,GradientBoosting,raw,Cached fitted individual; sigmoid fitted to cached training OOF,7,CV17_THY_CONT_STATES,SCT,23,0.0,0.0,True
GradientBoosting,individual,GradientBoosting,raw,Cached fitted individual; sigmoid fitted to cached training OOF,7,CV17_THY_CONT_STATES,Hypothyroid,24,0.0,0.0,True
GradientBoosting,individual,GradientBoosting,raw,Cached fitted individual; sigmoid fitted to cached training OOF,7,CV17_THY_CONT_STATES,Hyperthyroid,25,0.0,0.0,True
GradientBoosting,individual,GradientBoosting,sigmoid,Cached fitted individual; sigmoid fitted to cached training OOF,7,CV17_THY_CONT_STATES,Age,1,0.0910927216123222,-0.05090909189032972,False
GradientBoosting,individual,GradientBoosting,sigmoid,Cached fitted individual; sigmoid fitted to cached training OOF,7,CV17_THY_CONT_STATES,LVEF,2,0.07687737729375245,0.012949656675126691,False
GradientBoosting,individual,GradientBoosting,sigmoid,Cached fitted individual; sigmoid fitted to cached training OOF,7,CV17_THY_CONT_STATES,fT4,3,0.025160761664216155,-0.006037723351477474,True
GradientBoosting,individual,GradientBoosting,sigmoid,Cached fitted individual; sigmoid fitted to cached training OOF,7,CV17_THY_CONT_STATES,Vessels,4,0.018342227019825175,-0.005865204373388082,False
GradientBoosting,individual,GradientBoosting,sigmoid,Cached fitted individual; sigmoid fitted to cached training OOF,7,CV17_THY_CONT_STATES,TSH,5,0.01624576302064955,0.00431702478447063,True
GradientBoosting,individual,GradientBoosting,sigmoid,Cached fitted individual; sigmoid fitted to cached training OOF,7,CV17_THY_CONT_STATES,fT3,6,0.014462301073717487,-0.007869777605792893,True
GradientBoosting,individual,GradientBoosting,sigmoid,Cached fitted individual; sigmoid fitted to cached training OOF,7,CV17_THY_CONT_STATES,Diabetes,7,0.012596750695822993,0.008703773196816464,False
GradientBoosting,individual,GradientBoosting,sigmoid,Cached fitted individual; sigmoid fitted to cached training OOF,7,CV17_THY_CONT_STATES,Dyslipidemia,8,0.01213323824909799,0.0004607406927732336,False
GradientBoosting,individual,GradientBoosting,sigmoid,Cached fitted individual; sigmoid fitted to cached training OOF,7,CV17_THY_CONT_STATES,AFib,9,0.01184898739273758,-0.0031156279141546584,False
GradientBoosting,individual,GradientBoosting,sigmoid,Cached fitted individual; sigmoid fitted to cached training OOF,7,CV17_THY_CONT_STATES,PostIsch_DCM,10,0.010643742000695644,0.0005618830857456144,False
GradientBoosting,individual,GradientBoosting,sigmoid,Cached fitted individual; sigmoid fitted to cached training OOF,7,CV17_THY_CONT_STATES,Ischemia,11,0.008803602137968351,0.002310525866631525,False
GradientBoosting,individual,GradientBoosting,sigmoid,Cached fitted individual; sigmoid fitted to cached training OOF,7,CV17_THY_CONT_STATES,Hypertension,12,0.006759915384796183,-0.0016114586807874738,False
GradientBoosting,individual,GradientBoosting,sigmoid,Cached fitted individual; sigmoid fitted to cached training OOF,7,CV17_THY_CONT_STATES,Acute_MI,13,0.006341043567467841,-0.0034009504762695193,False
GradientBoosting,individual,GradientBoosting,sigmoid,Cached fitted individual; sigmoid fitted to cached training OOF,7,CV17_THY_CONT_STATES,Angina,14,0.005019339155016104,-0.003551011674345265,False
GradientBoosting,individual,GradientBoosting,sigmoid,Cached fitted individual; sigmoid fitted to cached training OOF,7,CV17_THY_CONT_STATES,Previous_MI,15,0.0021694098845400824,-0.00021722530155980917,False
GradientBoosting,individual,GradientBoosting,sigmoid,Cached fitted individual; sigmoid fitted to cached training OOF,7,CV17_THY_CONT_STATES,Angiography,16,0.0017487308331290685,0.0010186925761005022,False
GradientBoosting,individual,GradientBoosting,sigmoid,Cached fitted individual; sigmoid fitted to cached training OOF,7,CV17_THY_CONT_STATES,Previous_CABG,17,0.0017176626950618445,0.0017176626950618445,False
GradientBoosting,individual,GradientBoosting,sigmoid,Cached fitted individual; sigmoid fitted to cached training OOF,7,CV17_THY_CONT_STATES,Gender,18,0.0015759962034979074,0.0005582720881717742,False
GradientBoosting,individual,GradientBoosting,sigmoid,Cached fitted individual; sigmoid fitted to cached training OOF,7,CV17_THY_CONT_STATES,Previous_PCI,19,0.0015503178680351829,0.0005236925311125293,False
GradientBoosting,individual,GradientBoosting,sigmoid,Cached fitted individual; sigmoid fitted to cached training OOF,7,CV17_THY_CONT_STATES,Smoke,20,0.0015269909498070418,-0.00011951576504441383,False
GradientBoosting,individual,GradientBoosting,sigmoid,Cached fitted individual; sigmoid fitted to cached training OOF,7,CV17_THY_CONT_STATES,Low_T3,21,0.0010455913033898354,-0.0004982082360991506,True
GradientBoosting,individual,GradientBoosting,sigmoid,Cached fitted individual; sigmoid fitted to cached training OOF,7,CV17_THY_CONT_STATES,SCH,22,8.596004021784259e-05,8.596004021784259e-05,True
GradientBoosting,individual,GradientBoosting,sigmoid,Cached fitted individual; sigmoid fitted to cached training OOF,7,CV17_THY_CONT_STATES,SCT,23,0.0,0.0,True
GradientBoosting,individual,GradientBoosting,sigmoid,Cached fitted individual; sigmoid fitted to cached training OOF,7,CV17_THY_CONT_STATES,Hypothyroid,24,0.0,0.0,True
GradientBoosting,individual,GradientBoosting,sigmoid,Cached fitted individual; sigmoid fitted to cached training OOF,7,CV17_THY_CONT_STATES,Hyperthyroid,25,0.0,0.0,True
XGBoost,individual,XGBoost,raw,Cached fitted individual; sigmoid fitted to cached training OOF,7,CV17_THY_CONT_STATES,Age,1,0.10352345928708928,-0.04714219992411017,False
XGBoost,individual,XGBoost,raw,Cached fitted individual; sigmoid fitted to cached training OOF,7,CV17_THY_CONT_STATES,LVEF,2,0.10055068058716188,0.023629143290577304,False
XGBoost,individual,XGBoost,raw,Cached fitted individual; sigmoid fitted to cached training OOF,7,CV17_THY_CONT_STATES,Vessels,3,0.05196671611321335,-0.010221575842081165,False
XGBoost,individual,XGBoost,raw,Cached fitted individual; sigmoid fitted to cached training OOF,7,CV17_THY_CONT_STATES,fT4,4,0.03783408432775559,0.010695212626501416,True
XGBoost,individual,XGBoost,raw,Cached fitted individual; sigmoid fitted to cached training OOF,7,CV17_THY_CONT_STATES,fT3,5,0.03231689038818786,-0.008235302687012336,True
XGBoost,individual,XGBoost,raw,Cached fitted individual; sigmoid fitted to cached training OOF,7,CV17_THY_CONT_STATES,Hypertension,6,0.030412084003216933,-0.005841747010265408,False
XGBoost,individual,XGBoost,raw,Cached fitted individual; sigmoid fitted to cached training OOF,7,CV17_THY_CONT_STATES,Low_T3,7,0.025852804880969416,0.008409336628346864,True
XGBoost,individual,XGBoost,raw,Cached fitted individual; sigmoid fitted to cached training OOF,7,CV17_THY_CONT_STATES,Dyslipidemia,8,0.025797561411422976,0.0025503130531205898,False
XGBoost,individual,XGBoost,raw,Cached fitted individual; sigmoid fitted to cached training OOF,7,CV17_THY_CONT_STATES,Angina,9,0.024970138113189932,-0.014394514944910952,False
XGBoost,individual,XGBoost,raw,Cached fitted individual; sigmoid fitted to cached training OOF,7,CV17_THY_CONT_STATES,Ischemia,10,0.024415756324742688,0.004176313520702024,False
XGBoost,individual,XGBoost,raw,Cached fitted individual; sigmoid fitted to cached training OOF,7,CV17_THY_CONT_STATES,TSH,11,0.022584030300549784,0.007863948767180773,True
XGBoost,individual,XGBoost,raw,Cached fitted individual; sigmoid fitted to cached training OOF,7,CV17_THY_CONT_STATES,Smoke,12,0.01989482510163043,-0.007609985980991496,False
XGBoost,individual,XGBoost,raw,Cached fitted individual; sigmoid fitted to cached training OOF,7,CV17_THY_CONT_STATES,Diabetes,13,0.013858885569902668,0.010719246435769492,False
XGBoost,individual,XGBoost,raw,Cached fitted individual; sigmoid fitted to cached training OOF,7,CV17_THY_CONT_STATES,PostIsch_DCM,14,0.012609133097839731,0.004209735104041101,False
XGBoost,individual,XGBoost,raw,Cached fitted individual; sigmoid fitted to cached training OOF,7,CV17_THY_CONT_STATES,Gender,15,0.012139601165529257,0.0018069828017246437,False
XGBoost,individual,XGBoost,raw,Cached fitted individual; sigmoid fitted to cached training OOF,7,CV17_THY_CONT_STATES,Previous_MI,16,0.008618359527076791,0.0008513287874620801,False
XGBoost,individual,XGBoost,raw,Cached fitted individual; sigmoid fitted to cached training OOF,7,CV17_THY_CONT_STATES,AFib,17,0.005139979563637098,-0.0028288609719311353,False
XGBoost,individual,XGBoost,raw,Cached fitted individual; sigmoid fitted to cached training OOF,7,CV17_THY_CONT_STATES,Angiography,18,0.0035314102282768545,0.0014836783804526021,False
XGBoost,individual,XGBoost,raw,Cached fitted individual; sigmoid fitted to cached training OOF,7,CV17_THY_CONT_STATES,Previous_PCI,19,0.002945318419108389,-0.0011718718992028698,False
XGBoost,individual,XGBoost,raw,Cached fitted individual; sigmoid fitted to cached training OOF,7,CV17_THY_CONT_STATES,SCH,20,0.0017875582003625823,-0.0017875582003625823,True
XGBoost,individual,XGBoost,raw,Cached fitted individual; sigmoid fitted to cached training OOF,7,CV17_THY_CONT_STATES,Acute_MI,21,0.0017548209960978056,0.0010386464399516626,False
XGBoost,individual,XGBoost,raw,Cached fitted individual; sigmoid fitted to cached training OOF,7,CV17_THY_CONT_STATES,Previous_CABG,22,0.000778817908212659,-0.000778817908212659,False
XGBoost,individual,XGBoost,raw,Cached fitted individual; sigmoid fitted to cached training OOF,7,CV17_THY_CONT_STATES,SCT,23,2.776234202883643e-05,-2.776234202883643e-05,True
XGBoost,individual,XGBoost,raw,Cached fitted individual; sigmoid fitted to cached training OOF,7,CV17_THY_CONT_STATES,Hypothyroid,24,0.0,0.0,True
XGBoost,individual,XGBoost,raw,Cached fitted individual; sigmoid fitted to cached training OOF,7,CV17_THY_CONT_STATES,Hyperthyroid,25,0.0,0.0,True
XGBoost,individual,XGBoost,sigmoid,Cached fitted individual; sigmoid fitted to cached training OOF,7,CV17_THY_CONT_STATES,Age,1,0.06999062654676612,-0.03516051837252916,False
XGBoost,individual,XGBoost,sigmoid,Cached fitted individual; sigmoid fitted to cached training OOF,7,CV17_THY_CONT_STATES,LVEF,2,0.06954765043723739,0.014016482167718666,False
XGBoost,individual,XGBoost,sigmoid,Cached fitted individual; sigmoid fitted to cached training OOF,7,CV17_THY_CONT_STATES,Vessels,3,0.03689794414387902,-0.009793666514941814,False
XGBoost,individual,XGBoost,sigmoid,Cached fitted individual; sigmoid fitted to cached training OOF,7,CV17_THY_CONT_STATES,fT4,4,0.026422980428005383,0.004985164766200368,True
XGBoost,individual,XGBoost,sigmoid,Cached fitted individual; sigmoid fitted to cached training OOF,7,CV17_THY_CONT_STATES,fT3,5,0.021190706704542747,-0.006011201672119079,True
XGBoost,individual,XGBoost,sigmoid,Cached fitted individual; sigmoid fitted to cached training OOF,7,CV17_THY_CONT_STATES,Hypertension,6,0.019633830544237667,-0.004889124943115253,False
XGBoost,individual,XGBoost,sigmoid,Cached fitted individual; sigmoid fitted to cached training OOF,7,CV17_THY_CONT_STATES,Low_T3,7,0.019222491902396287,0.006847261576743442,True
XGBoost,individual,XGBoost,sigmoid,Cached fitted individual; sigmoid fitted to cached training OOF,7,CV17_THY_CONT_STATES,Ischemia,8,0.018577807528572125,0.002906120349556016,False
XGBoost,individual,XGBoost,sigmoid,Cached fitted individual; sigmoid fitted to cached training OOF,7,CV17_THY_CONT_STATES,Dyslipidemia,9,0.016949122192657932,0.0019868746909139914,False
XGBoost,individual,XGBoost,sigmoid,Cached fitted individual; sigmoid fitted to cached training OOF,7,CV17_THY_CONT_STATES,Angina,10,0.01654142848691374,-0.009062632257375428,False
XGBoost,individual,XGBoost,sigmoid,Cached fitted individual; sigmoid fitted to cached training OOF,7,CV17_THY_CONT_STATES,TSH,11,0.01513220264411128,0.004455478119771771,True
XGBoost,individual,XGBoost,sigmoid,Cached fitted individual; sigmoid fitted to cached training OOF,7,CV17_THY_CONT_STATES,Smoke,12,0.012902793055022727,-0.005399574898873783,False
XGBoost,individual,XGBoost,sigmoid,Cached fitted individual; sigmoid fitted to cached training OOF,7,CV17_THY_CONT_STATES,PostIsch_DCM,13,0.010868531845170547,0.003598758351213996,False
XGBoost,individual,XGBoost,sigmoid,Cached fitted individual; sigmoid fitted to cached training OOF,7,CV17_THY_CONT_STATES,Diabetes,14,0.009034354154082037,0.007075705001885931,False
XGBoost,individual,XGBoost,sigmoid,Cached fitted individual; sigmoid fitted to cached training OOF,7,CV17_THY_CONT_STATES,Gender,15,0.009003543304991023,0.0017327149955769375,False
XGBoost,individual,XGBoost,sigmoid,Cached fitted individual; sigmoid fitted to cached training OOF,7,CV17_THY_CONT_STATES,Previous_MI,16,0.006400627510016076,0.0015390145326574093,False
XGBoost,individual,XGBoost,sigmoid,Cached fitted individual; sigmoid fitted to cached training OOF,7,CV17_THY_CONT_STATES,AFib,17,0.003195217473886806,-0.0017548826101440322,False
XGBoost,individual,XGBoost,sigmoid,Cached fitted individual; sigmoid fitted to cached training OOF,7,CV17_THY_CONT_STATES,Angiography,18,0.0024739059099534327,0.0011742748537980703,False
XGBoost,individual,XGBoost,sigmoid,Cached fitted individual; sigmoid fitted to cached training OOF,7,CV17_THY_CONT_STATES,Previous_PCI,19,0.0022207542567157833,-0.0011117206452894324,False
XGBoost,individual,XGBoost,sigmoid,Cached fitted individual; sigmoid fitted to cached training OOF,7,CV17_THY_CONT_STATES,Acute_MI,20,0.001220552403974964,0.0006219490614018804,False
XGBoost,individual,XGBoost,sigmoid,Cached fitted individual; sigmoid fitted to cached training OOF,7,CV17_THY_CONT_STATES,SCH,21,0.0011094498735241885,-0.0011094498735241885,True
XGBoost,individual,XGBoost,sigmoid,Cached fitted individual; sigmoid fitted to cached training OOF,7,CV17_THY_CONT_STATES,Previous_CABG,22,0.0007433854839625918,-0.0007433854839625918,False
XGBoost,individual,XGBoost,sigmoid,Cached fitted individual; sigmoid fitted to cached training OOF,7,CV17_THY_CONT_STATES,SCT,23,1.749569758792446e-05,-1.749569758792446e-05,True
XGBoost,individual,XGBoost,sigmoid,Cached fitted individual; sigmoid fitted to cached training OOF,7,CV17_THY_CONT_STATES,Hypothyroid,24,0.0,0.0,True
XGBoost,individual,XGBoost,sigmoid,Cached fitted individual; sigmoid fitted to cached training OOF,7,CV17_THY_CONT_STATES,Hyperthyroid,25,0.0,0.0,True
paper,voting,"LogisticRegression,RandomForest,AdaBoost",raw,models/predictive_sensitivity/h7_CV17_THY_CONT_STATES_paper.joblib,7,CV17_THY_CONT_STATES,Age,1,0.08339254630772248,-0.04008921353001117,False
paper,voting,"LogisticRegression,RandomForest,AdaBoost",raw,models/predictive_sensitivity/h7_CV17_THY_CONT_STATES_paper.joblib,7,CV17_THY_CONT_STATES,LVEF,2,0.0622945298260954,0.010285713764175272,False
paper,voting,"LogisticRegression,RandomForest,AdaBoost",raw,models/predictive_sensitivity/h7_CV17_THY_CONT_STATES_paper.joblib,7,CV17_THY_CONT_STATES,Vessels,3,0.020737886126510625,-0.00663474598043701,False
paper,voting,"LogisticRegression,RandomForest,AdaBoost",raw,models/predictive_sensitivity/h7_CV17_THY_CONT_STATES_paper.joblib,7,CV17_THY_CONT_STATES,Ischemia,4,0.017861878713514974,0.0026245268115070537,False
paper,voting,"LogisticRegression,RandomForest,AdaBoost",raw,models/predictive_sensitivity/h7_CV17_THY_CONT_STATES_paper.joblib,7,CV17_THY_CONT_STATES,PostIsch_DCM,5,0.017349247439613486,0.006485119367530641,False
paper,voting,"LogisticRegression,RandomForest,AdaBoost",raw,models/predictive_sensitivity/h7_CV17_THY_CONT_STATES_paper.joblib,7,CV17_THY_CONT_STATES,Dyslipidemia,6,0.016761596808773604,0.0036695140551916065,False
paper,voting,"LogisticRegression,RandomForest,AdaBoost",raw,models/predictive_sensitivity/h7_CV17_THY_CONT_STATES_paper.joblib,7,CV17_THY_CONT_STATES,fT4,7,0.014476433112151821,-0.00038747829898316236,True
paper,voting,"LogisticRegression,RandomForest,AdaBoost",raw,models/predictive_sensitivity/h7_CV17_THY_CONT_STATES_paper.joblib,7,CV17_THY_CONT_STATES,Diabetes,8,0.012634891721070853,0.008501201655944073,False
paper,voting,"LogisticRegression,RandomForest,AdaBoost",raw,models/predictive_sensitivity/h7_CV17_THY_CONT_STATES_paper.joblib,7,CV17_THY_CONT_STATES,Angina,9,0.01101158286705004,-0.007660141460597513,False
paper,voting,"LogisticRegression,RandomForest,AdaBoost",raw,models/predictive_sensitivity/h7_CV17_THY_CONT_STATES_paper.joblib,7,CV17_THY_CONT_STATES,Hypertension,10,0.010122858053341314,-0.0010366025897820385,False
paper,voting,"LogisticRegression,RandomForest,AdaBoost",raw,models/predictive_sensitivity/h7_CV17_THY_CONT_STATES_paper.joblib,7,CV17_THY_CONT_STATES,AFib,11,0.007108574837175776,-0.00014737968999702382,False
paper,voting,"LogisticRegression,RandomForest,AdaBoost",raw,models/predictive_sensitivity/h7_CV17_THY_CONT_STATES_paper.joblib,7,CV17_THY_CONT_STATES,fT3,12,0.006689938283012084,-0.0015123917341050177,True
paper,voting,"LogisticRegression,RandomForest,AdaBoost",raw,models/predictive_sensitivity/h7_CV17_THY_CONT_STATES_paper.joblib,7,CV17_THY_CONT_STATES,Smoke,13,0.006293233986517739,-0.0020903262026637486,False
paper,voting,"LogisticRegression,RandomForest,AdaBoost",raw,models/predictive_sensitivity/h7_CV17_THY_CONT_STATES_paper.joblib,7,CV17_THY_CONT_STATES,TSH,14,0.005303768829350065,0.0019164948559907626,True
paper,voting,"LogisticRegression,RandomForest,AdaBoost",raw,models/predictive_sensitivity/h7_CV17_THY_CONT_STATES_paper.joblib,7,CV17_THY_CONT_STATES,Acute_MI,15,0.0031324489000057734,-0.0015305967907313796,False
paper,voting,"LogisticRegression,RandomForest,AdaBoost",raw,models/predictive_sensitivity/h7_CV17_THY_CONT_STATES_paper.joblib,7,CV17_THY_CONT_STATES,Low_T3,16,0.002000654068641902,-0.0006576044088316827,True
paper,voting,"LogisticRegression,RandomForest,AdaBoost",raw,models/predictive_sensitivity/h7_CV17_THY_CONT_STATES_paper.joblib,7,CV17_THY_CONT_STATES,Angiography,17,0.0016837808379760468,0.0008038116531941758,False
paper,voting,"LogisticRegression,RandomForest,AdaBoost",raw,models/predictive_sensitivity/h7_CV17_THY_CONT_STATES_paper.joblib,7,CV17_THY_CONT_STATES,Previous_MI,18,0.0016406135782397698,0.00023638609808970053,False
paper,voting,"LogisticRegression,RandomForest,AdaBoost",raw,models/predictive_sensitivity/h7_CV17_THY_CONT_STATES_paper.joblib,7,CV17_THY_CONT_STATES,Previous_CABG,19,0.0011892352584393388,0.0011892352584393388,False
paper,voting,"LogisticRegression,RandomForest,AdaBoost",raw,models/predictive_sensitivity/h7_CV17_THY_CONT_STATES_paper.joblib,7,CV17_THY_CONT_STATES,Previous_PCI,20,0.001058403747478088,6.889360048992015e-05,False
paper,voting,"LogisticRegression,RandomForest,AdaBoost",raw,models/predictive_sensitivity/h7_CV17_THY_CONT_STATES_paper.joblib,7,CV17_THY_CONT_STATES,Gender,21,0.0010507728390573364,0.0005221785609109703,False
paper,voting,"LogisticRegression,RandomForest,AdaBoost",raw,models/predictive_sensitivity/h7_CV17_THY_CONT_STATES_paper.joblib,7,CV17_THY_CONT_STATES,SCT,22,0.0009011824527219172,-0.0009011824527219172,True
paper,voting,"LogisticRegression,RandomForest,AdaBoost",raw,models/predictive_sensitivity/h7_CV17_THY_CONT_STATES_paper.joblib,7,CV17_THY_CONT_STATES,Hypothyroid,23,0.0003468761725411141,0.0003468761725411141,True
paper,voting,"LogisticRegression,RandomForest,AdaBoost",raw,models/predictive_sensitivity/h7_CV17_THY_CONT_STATES_paper.joblib,7,CV17_THY_CONT_STATES,SCH,24,0.0002266479473531915,0.0002266479473531915,True
paper,voting,"LogisticRegression,RandomForest,AdaBoost",raw,models/predictive_sensitivity/h7_CV17_THY_CONT_STATES_paper.joblib,7,CV17_THY_CONT_STATES,Hyperthyroid,25,7.70676019071051e-05,-4.669603034557408e-06,True
paper,voting,"LogisticRegression,RandomForest,AdaBoost",sigmoid,models/predictive_sensitivity/h7_CV17_THY_CONT_STATES_paper.joblib,7,CV17_THY_CONT_STATES,Age,1,0.0942147522626317,-0.05674353893895477,False
paper,voting,"LogisticRegression,RandomForest,AdaBoost",sigmoid,models/predictive_sensitivity/h7_CV17_THY_CONT_STATES_paper.joblib,7,CV17_THY_CONT_STATES,LVEF,2,0.08006580811669418,0.008900010314386317,False
paper,voting,"LogisticRegression,RandomForest,AdaBoost",sigmoid,models/predictive_sensitivity/h7_CV17_THY_CONT_STATES_paper.joblib,7,CV17_THY_CONT_STATES,Vessels,3,0.025683208477687583,-0.011193564764253655,False
paper,voting,"LogisticRegression,RandomForest,AdaBoost",sigmoid,models/predictive_sensitivity/h7_CV17_THY_CONT_STATES_paper.joblib,7,CV17_THY_CONT_STATES,PostIsch_DCM,4,0.025476744840992434,0.008458952349005386,False
paper,voting,"LogisticRegression,RandomForest,AdaBoost",sigmoid,models/predictive_sensitivity/h7_CV17_THY_CONT_STATES_paper.joblib,7,CV17_THY_CONT_STATES,Dyslipidemia,5,0.019733873319413675,0.003327000005707322,False
paper,voting,"LogisticRegression,RandomForest,AdaBoost",sigmoid,models/predictive_sensitivity/h7_CV17_THY_CONT_STATES_paper.joblib,7,CV17_THY_CONT_STATES,Ischemia,6,0.01956909045387152,0.0008748881869711964,False
paper,voting,"LogisticRegression,RandomForest,AdaBoost",sigmoid,models/predictive_sensitivity/h7_CV17_THY_CONT_STATES_paper.joblib,7,CV17_THY_CONT_STATES,fT4,7,0.017662976539870506,-0.004566192739901321,True
paper,voting,"LogisticRegression,RandomForest,AdaBoost",sigmoid,models/predictive_sensitivity/h7_CV17_THY_CONT_STATES_paper.joblib,7,CV17_THY_CONT_STATES,Diabetes,8,0.014963276313355036,0.009844129993522603,False
paper,voting,"LogisticRegression,RandomForest,AdaBoost",sigmoid,models/predictive_sensitivity/h7_CV17_THY_CONT_STATES_paper.joblib,7,CV17_THY_CONT_STATES,Angina,9,0.011418713877363445,-0.008694069214804655,False
paper,voting,"LogisticRegression,RandomForest,AdaBoost",sigmoid,models/predictive_sensitivity/h7_CV17_THY_CONT_STATES_paper.joblib,7,CV17_THY_CONT_STATES,Hypertension,10,0.010685684660134797,-0.0029327650201391013,False
paper,voting,"LogisticRegression,RandomForest,AdaBoost",sigmoid,models/predictive_sensitivity/h7_CV17_THY_CONT_STATES_paper.joblib,7,CV17_THY_CONT_STATES,AFib,11,0.008311953901264681,-0.0005389984511292838,False
paper,voting,"LogisticRegression,RandomForest,AdaBoost",sigmoid,models/predictive_sensitivity/h7_CV17_THY_CONT_STATES_paper.joblib,7,CV17_THY_CONT_STATES,fT3,12,0.008122336444121478,-0.0035583758422015957,True
paper,voting,"LogisticRegression,RandomForest,AdaBoost",sigmoid,models/predictive_sensitivity/h7_CV17_THY_CONT_STATES_paper.joblib,7,CV17_THY_CONT_STATES,Smoke,13,0.006641579484377611,-0.0028048640501178645,False
paper,voting,"LogisticRegression,RandomForest,AdaBoost",sigmoid,models/predictive_sensitivity/h7_CV17_THY_CONT_STATES_paper.joblib,7,CV17_THY_CONT_STATES,TSH,14,0.004769236122534059,0.0003364920546729466,True
paper,voting,"LogisticRegression,RandomForest,AdaBoost",sigmoid,models/predictive_sensitivity/h7_CV17_THY_CONT_STATES_paper.joblib,7,CV17_THY_CONT_STATES,Acute_MI,15,0.0033396521206503845,-0.001660749380169095,False
paper,voting,"LogisticRegression,RandomForest,AdaBoost",sigmoid,models/predictive_sensitivity/h7_CV17_THY_CONT_STATES_paper.joblib,7,CV17_THY_CONT_STATES,Low_T3,16,0.0024011940007917635,-0.0010419276896117464,True
paper,voting,"LogisticRegression,RandomForest,AdaBoost",sigmoid,models/predictive_sensitivity/h7_CV17_THY_CONT_STATES_paper.joblib,7,CV17_THY_CONT_STATES,Previous_MI,17,0.0022414549946888555,0.00033559429218940883,False
paper,voting,"LogisticRegression,RandomForest,AdaBoost",sigmoid,models/predictive_sensitivity/h7_CV17_THY_CONT_STATES_paper.joblib,7,CV17_THY_CONT_STATES,Angiography,18,0.002236148603822417,0.0012237112127628875,False
paper,voting,"LogisticRegression,RandomForest,AdaBoost",sigmoid,models/predictive_sensitivity/h7_CV17_THY_CONT_STATES_paper.joblib,7,CV17_THY_CONT_STATES,Gender,19,0.0012566848844044682,0.00019094225251653686,False
paper,voting,"LogisticRegression,RandomForest,AdaBoost",sigmoid,models/predictive_sensitivity/h7_CV17_THY_CONT_STATES_paper.joblib,7,CV17_THY_CONT_STATES,Previous_CABG,20,0.000961601423599912,0.000961601423599912,False
paper,voting,"LogisticRegression,RandomForest,AdaBoost",sigmoid,models/predictive_sensitivity/h7_CV17_THY_CONT_STATES_paper.joblib,7,CV17_THY_CONT_STATES,SCT,21,0.0008760996693190062,-0.0008760996693190062,True
paper,voting,"LogisticRegression,RandomForest,AdaBoost",sigmoid,models/predictive_sensitivity/h7_CV17_THY_CONT_STATES_paper.joblib,7,CV17_THY_CONT_STATES,Previous_PCI,22,0.0008279321087955257,0.00018042239725533335,False
paper,voting,"LogisticRegression,RandomForest,AdaBoost",sigmoid,models/predictive_sensitivity/h7_CV17_THY_CONT_STATES_paper.joblib,7,CV17_THY_CONT_STATES,Hypothyroid,23,0.0005216690875421825,0.0005087613853195383,True
paper,voting,"LogisticRegression,RandomForest,AdaBoost",sigmoid,models/predictive_sensitivity/h7_CV17_THY_CONT_STATES_paper.joblib,7,CV17_THY_CONT_STATES,SCH,24,0.00018912271607675037,0.00018912271607675037,True
paper,voting,"LogisticRegression,RandomForest,AdaBoost",sigmoid,models/predictive_sensitivity/h7_CV17_THY_CONT_STATES_paper.joblib,7,CV17_THY_CONT_STATES,Hyperthyroid,25,0.00011745261422158794,9.994393131294513e-06,True
paper_locked,voting,"LogisticRegression,RandomForest,AdaBoost",raw,models/final_h7_CV17_THY_CONT_STATES_paper_locked.joblib,7,CV17_THY_CONT_STATES,Age,1,0.07800480811873647,-0.03618091843841878,False
paper_locked,voting,"LogisticRegression,RandomForest,AdaBoost",raw,models/final_h7_CV17_THY_CONT_STATES_paper_locked.joblib,7,CV17_THY_CONT_STATES,LVEF,2,0.06045390298131704,0.010690523595922102,False
paper_locked,voting,"LogisticRegression,RandomForest,AdaBoost",raw,models/final_h7_CV17_THY_CONT_STATES_paper_locked.joblib,7,CV17_THY_CONT_STATES,Vessels,3,0.02015656342015739,-0.005889760310418112,False
paper_locked,voting,"LogisticRegression,RandomForest,AdaBoost",raw,models/final_h7_CV17_THY_CONT_STATES_paper_locked.joblib,7,CV17_THY_CONT_STATES,Dyslipidemia,4,0.017158427010723027,0.003448500578156529,False
paper_locked,voting,"LogisticRegression,RandomForest,AdaBoost",raw,models/final_h7_CV17_THY_CONT_STATES_paper_locked.joblib,7,CV17_THY_CONT_STATES,Ischemia,5,0.01715728288924906,0.001708386793624764,False
paper_locked,voting,"LogisticRegression,RandomForest,AdaBoost",raw,models/final_h7_CV17_THY_CONT_STATES_paper_locked.joblib,7,CV17_THY_CONT_STATES,PostIsch_DCM,6,0.0158223856373991,0.005306583057715868,False
paper_locked,voting,"LogisticRegression,RandomForest,AdaBoost",raw,models/final_h7_CV17_THY_CONT_STATES_paper_locked.joblib,7,CV17_THY_CONT_STATES,Diabetes,7,0.01406534146555279,0.009489368479341533,False
paper_locked,voting,"LogisticRegression,RandomForest,AdaBoost",raw,models/final_h7_CV17_THY_CONT_STATES_paper_locked.joblib,7,CV17_THY_CONT_STATES,fT4,8,0.013905984510180887,0.0005201988803982168,True
paper_locked,voting,"LogisticRegression,RandomForest,AdaBoost",raw,models/final_h7_CV17_THY_CONT_STATES_paper_locked.joblib,7,CV17_THY_CONT_STATES,Angina,9,0.012669480165816751,-0.008822380529662027,False
paper_locked,voting,"LogisticRegression,RandomForest,AdaBoost",raw,models/final_h7_CV17_THY_CONT_STATES_paper_locked.joblib,7,CV17_THY_CONT_STATES,AFib,10,0.011433068066000902,-0.0014002033706681353,False
paper_locked,voting,"LogisticRegression,RandomForest,AdaBoost",raw,models/final_h7_CV17_THY_CONT_STATES_paper_locked.joblib,7,CV17_THY_CONT_STATES,Hypertension,11,0.00858968793763505,-0.0009140324885616311,False
paper_locked,voting,"LogisticRegression,RandomForest,AdaBoost",raw,models/final_h7_CV17_THY_CONT_STATES_paper_locked.joblib,7,CV17_THY_CONT_STATES,Acute_MI,12,0.00730713182063369,-0.004152700908159122,False
paper_locked,voting,"LogisticRegression,RandomForest,AdaBoost",raw,models/final_h7_CV17_THY_CONT_STATES_paper_locked.joblib,7,CV17_THY_CONT_STATES,Low_T3,13,0.0059050015903527025,-0.002086367273653636,True
paper_locked,voting,"LogisticRegression,RandomForest,AdaBoost",raw,models/final_h7_CV17_THY_CONT_STATES_paper_locked.joblib,7,CV17_THY_CONT_STATES,fT3,14,0.005455793951173172,-0.001076615699805941,True
paper_locked,voting,"LogisticRegression,RandomForest,AdaBoost",raw,models/final_h7_CV17_THY_CONT_STATES_paper_locked.joblib,7,CV17_THY_CONT_STATES,TSH,15,0.0038498038625630945,0.0010382951828809405,True
paper_locked,voting,"LogisticRegression,RandomForest,AdaBoost",raw,models/final_h7_CV17_THY_CONT_STATES_paper_locked.joblib,7,CV17_THY_CONT_STATES,Smoke,16,0.003462695840659344,-0.0011389497345678668,False
paper_locked,voting,"LogisticRegression,RandomForest,AdaBoost",raw,models/final_h7_CV17_THY_CONT_STATES_paper_locked.joblib,7,CV17_THY_CONT_STATES,Angiography,17,0.0033618540159023377,-2.050682823298523e-07,False
paper_locked,voting,"LogisticRegression,RandomForest,AdaBoost",raw,models/final_h7_CV17_THY_CONT_STATES_paper_locked.joblib,7,CV17_THY_CONT_STATES,Previous_CABG,18,0.002061577310801711,0.002061577310801711,False
paper_locked,voting,"LogisticRegression,RandomForest,AdaBoost",raw,models/final_h7_CV17_THY_CONT_STATES_paper_locked.joblib,7,CV17_THY_CONT_STATES,Previous_MI,19,0.0009092159220588833,2.6252676080994837e-05,False
paper_locked,voting,"LogisticRegression,RandomForest,AdaBoost",raw,models/final_h7_CV17_THY_CONT_STATES_paper_locked.joblib,7,CV17_THY_CONT_STATES,Previous_PCI,20,0.0008558605142758249,-6.010698622901792e-05,False
paper_locked,voting,"LogisticRegression,RandomForest,AdaBoost",raw,models/final_h7_CV17_THY_CONT_STATES_paper_locked.joblib,7,CV17_THY_CONT_STATES,SCH,21,0.0006815376711958115,0.0006815376711958115,True
paper_locked,voting,"LogisticRegression,RandomForest,AdaBoost",raw,models/final_h7_CV17_THY_CONT_STATES_paper_locked.joblib,7,CV17_THY_CONT_STATES,Gender,22,0.0005776065352936638,3.329869806116526e-05,False
paper_locked,voting,"LogisticRegression,RandomForest,AdaBoost",raw,models/final_h7_CV17_THY_CONT_STATES_paper_locked.joblib,7,CV17_THY_CONT_STATES,Hypothyroid,23,0.0002069623536256368,0.00020604251483431258,True
paper_locked,voting,"LogisticRegression,RandomForest,AdaBoost",raw,models/final_h7_CV17_THY_CONT_STATES_paper_locked.joblib,7,CV17_THY_CONT_STATES,SCT,24,0.00017005235914537616,-0.00017005235914537616,True
paper_locked,voting,"LogisticRegression,RandomForest,AdaBoost",raw,models/final_h7_CV17_THY_CONT_STATES_paper_locked.joblib,7,CV17_THY_CONT_STATES,Hyperthyroid,25,2.6762841556317632e-05,6.1368187619484415e-06,True
paper_locked,voting,"LogisticRegression,RandomForest,AdaBoost",sigmoid,models/final_h7_CV17_THY_CONT_STATES_paper_locked.joblib,7,CV17_THY_CONT_STATES,Age,1,0.08865565014509455,-0.05220318994832674,False
paper_locked,voting,"LogisticRegression,RandomForest,AdaBoost",sigmoid,models/final_h7_CV17_THY_CONT_STATES_paper_locked.joblib,7,CV17_THY_CONT_STATES,LVEF,2,0.08019853244694054,0.010430581985115938,False
paper_locked,voting,"LogisticRegression,RandomForest,AdaBoost",sigmoid,models/final_h7_CV17_THY_CONT_STATES_paper_locked.joblib,7,CV17_THY_CONT_STATES,Vessels,3,0.026190028334327996,-0.010010343793084398,False
paper_locked,voting,"LogisticRegression,RandomForest,AdaBoost",sigmoid,models/final_h7_CV17_THY_CONT_STATES_paper_locked.joblib,7,CV17_THY_CONT_STATES,PostIsch_DCM,4,0.024405587586705697,0.006951686383473631,False
paper_locked,voting,"LogisticRegression,RandomForest,AdaBoost",sigmoid,models/final_h7_CV17_THY_CONT_STATES_paper_locked.joblib,7,CV17_THY_CONT_STATES,Dyslipidemia,5,0.021430142683495534,0.0031546888188084487,False
paper_locked,voting,"LogisticRegression,RandomForest,AdaBoost",sigmoid,models/final_h7_CV17_THY_CONT_STATES_paper_locked.joblib,7,CV17_THY_CONT_STATES,Ischemia,6,0.019589475153473958,0.00026823304023516794,False
paper_locked,voting,"LogisticRegression,RandomForest,AdaBoost",sigmoid,models/final_h7_CV17_THY_CONT_STATES_paper_locked.joblib,7,CV17_THY_CONT_STATES,Diabetes,7,0.017688514457245962,0.011574381590989651,False
paper_locked,voting,"LogisticRegression,RandomForest,AdaBoost",sigmoid,models/final_h7_CV17_THY_CONT_STATES_paper_locked.joblib,7,CV17_THY_CONT_STATES,fT4,8,0.017596949355114813,-0.0026237749785309903,True
paper_locked,voting,"LogisticRegression,RandomForest,AdaBoost",sigmoid,models/final_h7_CV17_THY_CONT_STATES_paper_locked.joblib,7,CV17_THY_CONT_STATES,AFib,9,0.014310496019984109,-0.002057612666085298,False
paper_locked,voting,"LogisticRegression,RandomForest,AdaBoost",sigmoid,models/final_h7_CV17_THY_CONT_STATES_paper_locked.joblib,7,CV17_THY_CONT_STATES,Angina,10,0.013903868795616017,-0.010184110243840664,False
paper_locked,voting,"LogisticRegression,RandomForest,AdaBoost",sigmoid,models/final_h7_CV17_THY_CONT_STATES_paper_locked.joblib,7,CV17_THY_CONT_STATES,Acute_MI,11,0.009682799256279594,-0.005524787021160504,False
paper_locked,voting,"LogisticRegression,RandomForest,AdaBoost",sigmoid,models/final_h7_CV17_THY_CONT_STATES_paper_locked.joblib,7,CV17_THY_CONT_STATES,Hypertension,12,0.009330426181668792,-0.002629243439318814,False
paper_locked,voting,"LogisticRegression,RandomForest,AdaBoost",sigmoid,models/final_h7_CV17_THY_CONT_STATES_paper_locked.joblib,7,CV17_THY_CONT_STATES,Low_T3,13,0.007329328785035089,-0.00249869208666285,True
paper_locked,voting,"LogisticRegression,RandomForest,AdaBoost",sigmoid,models/final_h7_CV17_THY_CONT_STATES_paper_locked.joblib,7,CV17_THY_CONT_STATES,fT3,14,0.0060843035060747334,-0.0017453336276969347,True
paper_locked,voting,"LogisticRegression,RandomForest,AdaBoost",sigmoid,models/final_h7_CV17_THY_CONT_STATES_paper_locked.joblib,7,CV17_THY_CONT_STATES,Angiography,15,0.00421443836061144,0.0005207676070522497,False
paper_locked,voting,"LogisticRegression,RandomForest,AdaBoost",sigmoid,models/final_h7_CV17_THY_CONT_STATES_paper_locked.joblib,7,CV17_THY_CONT_STATES,TSH,16,0.004063542946202126,-0.00020935276468566743,True
paper_locked,voting,"LogisticRegression,RandomForest,AdaBoost",sigmoid,models/final_h7_CV17_THY_CONT_STATES_paper_locked.joblib,7,CV17_THY_CONT_STATES,Smoke,17,0.0038721829417031886,-0.001544540246195831,False
paper_locked,voting,"LogisticRegression,RandomForest,AdaBoost",sigmoid,models/final_h7_CV17_THY_CONT_STATES_paper_locked.joblib,7,CV17_THY_CONT_STATES,Previous_CABG,18,0.0022696236777204302,0.0022696236777204302,False
paper_locked,voting,"LogisticRegression,RandomForest,AdaBoost",sigmoid,models/final_h7_CV17_THY_CONT_STATES_paper_locked.joblib,7,CV17_THY_CONT_STATES,Previous_MI,19,0.0014697328353688083,0.00019679334293016166,False
paper_locked,voting,"LogisticRegression,RandomForest,AdaBoost",sigmoid,models/final_h7_CV17_THY_CONT_STATES_paper_locked.joblib,7,CV17_THY_CONT_STATES,Gender,20,0.000895833152945565,-1.1169048479427457e-05,False
paper_locked,voting,"LogisticRegression,RandomForest,AdaBoost",sigmoid,models/final_h7_CV17_THY_CONT_STATES_paper_locked.joblib,7,CV17_THY_CONT_STATES,Previous_PCI,21,0.0007081148190914145,7.622725878545852e-05,False
paper_locked,voting,"LogisticRegression,RandomForest,AdaBoost",sigmoid,models/final_h7_CV17_THY_CONT_STATES_paper_locked.joblib,7,CV17_THY_CONT_STATES,SCH,22,0.0006004906020311361,0.0006004906020311361,True
paper_locked,voting,"LogisticRegression,RandomForest,AdaBoost",sigmoid,models/final_h7_CV17_THY_CONT_STATES_paper_locked.joblib,7,CV17_THY_CONT_STATES,Hypothyroid,23,0.00033453102320531327,0.00032760238984881065,True
paper_locked,voting,"LogisticRegression,RandomForest,AdaBoost",sigmoid,models/final_h7_CV17_THY_CONT_STATES_paper_locked.joblib,7,CV17_THY_CONT_STATES,SCT,24,0.00015896601413452737,-0.00015896601413452737,True
paper_locked,voting,"LogisticRegression,RandomForest,AdaBoost",sigmoid,models/final_h7_CV17_THY_CONT_STATES_paper_locked.joblib,7,CV17_THY_CONT_STATES,Hyperthyroid,25,4.5914505319862066e-05,9.310642642943462e-06,True
own,stacking,"MLP,GradientBoosting,XGBoost",raw,models/stacking_sensitivity/h7_CV17_THY_CONT_STATES_own.joblib,7,CV17_THY_CONT_STATES,Age,1,0.09054442162297692,-0.05380945182742063,False
own,stacking,"MLP,GradientBoosting,XGBoost",raw,models/stacking_sensitivity/h7_CV17_THY_CONT_STATES_own.joblib,7,CV17_THY_CONT_STATES,LVEF,2,0.07473391026813651,0.012892441865370072,False
own,stacking,"MLP,GradientBoosting,XGBoost",raw,models/stacking_sensitivity/h7_CV17_THY_CONT_STATES_own.joblib,7,CV17_THY_CONT_STATES,Vessels,3,0.030807654175816705,-0.010273285703170269,False
own,stacking,"MLP,GradientBoosting,XGBoost",raw,models/stacking_sensitivity/h7_CV17_THY_CONT_STATES_own.joblib,7,CV17_THY_CONT_STATES,fT4,4,0.025964505979061032,-0.004850879819116886,True
own,stacking,"MLP,GradientBoosting,XGBoost",raw,models/stacking_sensitivity/h7_CV17_THY_CONT_STATES_own.joblib,7,CV17_THY_CONT_STATES,Dyslipidemia,5,0.018037716035453923,0.0013744370742312744,False
own,stacking,"MLP,GradientBoosting,XGBoost",raw,models/stacking_sensitivity/h7_CV17_THY_CONT_STATES_own.joblib,7,CV17_THY_CONT_STATES,Diabetes,6,0.017348706598494235,0.010126670911614219,False
own,stacking,"MLP,GradientBoosting,XGBoost",raw,models/stacking_sensitivity/h7_CV17_THY_CONT_STATES_own.joblib,7,CV17_THY_CONT_STATES,Ischemia,7,0.013252170283107855,0.0019443462945430696,False
own,stacking,"MLP,GradientBoosting,XGBoost",raw,models/stacking_sensitivity/h7_CV17_THY_CONT_STATES_own.joblib,7,CV17_THY_CONT_STATES,fT3,8,0.011699877521478575,-0.005539768674376819,True
own,stacking,"MLP,GradientBoosting,XGBoost",raw,models/stacking_sensitivity/h7_CV17_THY_CONT_STATES_own.joblib,7,CV17_THY_CONT_STATES,AFib,9,0.011601601425678306,-0.0004853954398619558,False
own,stacking,"MLP,GradientBoosting,XGBoost",raw,models/stacking_sensitivity/h7_CV17_THY_CONT_STATES_own.joblib,7,CV17_THY_CONT_STATES,Angina,10,0.011189178613238314,-0.008139812763888261,False
own,stacking,"MLP,GradientBoosting,XGBoost",raw,models/stacking_sensitivity/h7_CV17_THY_CONT_STATES_own.joblib,7,CV17_THY_CONT_STATES,PostIsch_DCM,11,0.011179137560977949,0.003188234437217466,False
own,stacking,"MLP,GradientBoosting,XGBoost",raw,models/stacking_sensitivity/h7_CV17_THY_CONT_STATES_own.joblib,7,CV17_THY_CONT_STATES,TSH,12,0.011099657656954991,0.0026294531975598334,True
own,stacking,"MLP,GradientBoosting,XGBoost",raw,models/stacking_sensitivity/h7_CV17_THY_CONT_STATES_own.joblib,7,CV17_THY_CONT_STATES,Hypertension,13,0.010819555537244412,-0.0019587087458783144,False
own,stacking,"MLP,GradientBoosting,XGBoost",raw,models/stacking_sensitivity/h7_CV17_THY_CONT_STATES_own.joblib,7,CV17_THY_CONT_STATES,Acute_MI,14,0.006892744403119399,-0.0037166474973024037,False
own,stacking,"MLP,GradientBoosting,XGBoost",raw,models/stacking_sensitivity/h7_CV17_THY_CONT_STATES_own.joblib,7,CV17_THY_CONT_STATES,Angiography,15,0.00581868267800123,0.0017915775269347798,False
own,stacking,"MLP,GradientBoosting,XGBoost",raw,models/stacking_sensitivity/h7_CV17_THY_CONT_STATES_own.joblib,7,CV17_THY_CONT_STATES,Previous_MI,16,0.0046861695123390995,0.0013554392378772617,False
own,stacking,"MLP,GradientBoosting,XGBoost",raw,models/stacking_sensitivity/h7_CV17_THY_CONT_STATES_own.joblib,7,CV17_THY_CONT_STATES,Gender,17,0.004442123182173246,0.0016067912356041093,False
own,stacking,"MLP,GradientBoosting,XGBoost",raw,models/stacking_sensitivity/h7_CV17_THY_CONT_STATES_own.joblib,7,CV17_THY_CONT_STATES,Previous_PCI,18,0.002885325633609538,0.0010041210742343413,False
own,stacking,"MLP,GradientBoosting,XGBoost",raw,models/stacking_sensitivity/h7_CV17_THY_CONT_STATES_own.joblib,7,CV17_THY_CONT_STATES,Smoke,19,0.002665664697483485,-0.00019098914666734566,False
own,stacking,"MLP,GradientBoosting,XGBoost",raw,models/stacking_sensitivity/h7_CV17_THY_CONT_STATES_own.joblib,7,CV17_THY_CONT_STATES,Low_T3,20,0.0024484113372255137,0.0010723199419553802,True
own,stacking,"MLP,GradientBoosting,XGBoost",raw,models/stacking_sensitivity/h7_CV17_THY_CONT_STATES_own.joblib,7,CV17_THY_CONT_STATES,Previous_CABG,21,0.0016484938732311515,0.0016484938732311515,False
own,stacking,"MLP,GradientBoosting,XGBoost",raw,models/stacking_sensitivity/h7_CV17_THY_CONT_STATES_own.joblib,7,CV17_THY_CONT_STATES,Hypothyroid,22,0.001298983763460433,0.0010758663831208154,True
own,stacking,"MLP,GradientBoosting,XGBoost",raw,models/stacking_sensitivity/h7_CV17_THY_CONT_STATES_own.joblib,7,CV17_THY_CONT_STATES,Hyperthyroid,23,0.0007083354545916132,0.00025603405938424544,True
own,stacking,"MLP,GradientBoosting,XGBoost",raw,models/stacking_sensitivity/h7_CV17_THY_CONT_STATES_own.joblib,7,CV17_THY_CONT_STATES,SCT,24,0.00029774184879663944,-0.00011005491954911304,True
own,stacking,"MLP,GradientBoosting,XGBoost",raw,models/stacking_sensitivity/h7_CV17_THY_CONT_STATES_own.joblib,7,CV17_THY_CONT_STATES,SCH,25,0.00016851072860322932,0.00016851072860322932,True
own,stacking,"MLP,GradientBoosting,XGBoost",sigmoid,models/stacking_sensitivity/h7_CV17_THY_CONT_STATES_own.joblib,7,CV17_THY_CONT_STATES,Age,1,0.09114099556475422,-0.05422063145944157,False
own,stacking,"MLP,GradientBoosting,XGBoost",sigmoid,models/stacking_sensitivity/h7_CV17_THY_CONT_STATES_own.joblib,7,CV17_THY_CONT_STATES,LVEF,2,0.07527037084349258,0.012938577205759652,False
own,stacking,"MLP,GradientBoosting,XGBoost",sigmoid,models/stacking_sensitivity/h7_CV17_THY_CONT_STATES_own.joblib,7,CV17_THY_CONT_STATES,Vessels,3,0.031024723059892716,-0.010371231059827474,False
own,stacking,"MLP,GradientBoosting,XGBoost",sigmoid,models/stacking_sensitivity/h7_CV17_THY_CONT_STATES_own.joblib,7,CV17_THY_CONT_STATES,fT4,4,0.026149876677027957,-0.004914730912346952,True
own,stacking,"MLP,GradientBoosting,XGBoost",sigmoid,models/stacking_sensitivity/h7_CV17_THY_CONT_STATES_own.joblib,7,CV17_THY_CONT_STATES,Dyslipidemia,5,0.01815790502524189,0.0013768613313143037,False
own,stacking,"MLP,GradientBoosting,XGBoost",sigmoid,models/stacking_sensitivity/h7_CV17_THY_CONT_STATES_own.joblib,7,CV17_THY_CONT_STATES,Diabetes,6,0.017464214957639074,0.010193616457141435,False
own,stacking,"MLP,GradientBoosting,XGBoost",sigmoid,models/stacking_sensitivity/h7_CV17_THY_CONT_STATES_own.joblib,7,CV17_THY_CONT_STATES,Ischemia,7,0.013317590937998027,0.0019441741692291577,False
own,stacking,"MLP,GradientBoosting,XGBoost",sigmoid,models/stacking_sensitivity/h7_CV17_THY_CONT_STATES_own.joblib,7,CV17_THY_CONT_STATES,fT3,8,0.01176696527745242,-0.005581495985636032,True
own,stacking,"MLP,GradientBoosting,XGBoost",sigmoid,models/stacking_sensitivity/h7_CV17_THY_CONT_STATES_own.joblib,7,CV17_THY_CONT_STATES,AFib,9,0.011680447164891436,-0.0004962463259796862,False
own,stacking,"MLP,GradientBoosting,XGBoost",sigmoid,models/stacking_sensitivity/h7_CV17_THY_CONT_STATES_own.joblib,7,CV17_THY_CONT_STATES,PostIsch_DCM,10,0.011259732849189765,0.0032081048210942575,False
own,stacking,"MLP,GradientBoosting,XGBoost",sigmoid,models/stacking_sensitivity/h7_CV17_THY_CONT_STATES_own.joblib,7,CV17_THY_CONT_STATES,Angina,11,0.011243305259009911,-0.008186089759966384,False
own,stacking,"MLP,GradientBoosting,XGBoost",sigmoid,models/stacking_sensitivity/h7_CV17_THY_CONT_STATES_own.joblib,7,CV17_THY_CONT_STATES,TSH,12,0.01115973623741082,0.0026294565304151203,True
own,stacking,"MLP,GradientBoosting,XGBoost",sigmoid,models/stacking_sensitivity/h7_CV17_THY_CONT_STATES_own.joblib,7,CV17_THY_CONT_STATES,Hypertension,13,0.010879316134107916,-0.001980346400889014,False
own,stacking,"MLP,GradientBoosting,XGBoost",sigmoid,models/stacking_sensitivity/h7_CV17_THY_CONT_STATES_own.joblib,7,CV17_THY_CONT_STATES,Acute_MI,14,0.006937584660134985,-0.003742645643052877,False
own,stacking,"MLP,GradientBoosting,XGBoost",sigmoid,models/stacking_sensitivity/h7_CV17_THY_CONT_STATES_own.joblib,7,CV17_THY_CONT_STATES,Angiography,15,0.005856104360129113,0.0018032139181340294,False
own,stacking,"MLP,GradientBoosting,XGBoost",sigmoid,models/stacking_sensitivity/h7_CV17_THY_CONT_STATES_own.joblib,7,CV17_THY_CONT_STATES,Previous_MI,16,0.0047096104417408795,0.0013577780977707173,False
own,stacking,"MLP,GradientBoosting,XGBoost",sigmoid,models/stacking_sensitivity/h7_CV17_THY_CONT_STATES_own.joblib,7,CV17_THY_CONT_STATES,Gender,17,0.004473599018036545,0.0016191334060838432,False
own,stacking,"MLP,GradientBoosting,XGBoost",sigmoid,models/stacking_sensitivity/h7_CV17_THY_CONT_STATES_own.joblib,7,CV17_THY_CONT_STATES,Previous_PCI,18,0.00289718102971454,0.0010146545664933546,False
own,stacking,"MLP,GradientBoosting,XGBoost",sigmoid,models/stacking_sensitivity/h7_CV17_THY_CONT_STATES_own.joblib,7,CV17_THY_CONT_STATES,Smoke,19,0.002681172480684993,-0.00019098343538321964,False
own,stacking,"MLP,GradientBoosting,XGBoost",sigmoid,models/stacking_sensitivity/h7_CV17_THY_CONT_STATES_own.joblib,7,CV17_THY_CONT_STATES,Low_T3,20,0.0024650881396743665,0.0010818765639517463,True
own,stacking,"MLP,GradientBoosting,XGBoost",sigmoid,models/stacking_sensitivity/h7_CV17_THY_CONT_STATES_own.joblib,7,CV17_THY_CONT_STATES,Previous_CABG,21,0.0016537282566723046,0.0016537282566723046,False
own,stacking,"MLP,GradientBoosting,XGBoost",sigmoid,models/stacking_sensitivity/h7_CV17_THY_CONT_STATES_own.joblib,7,CV17_THY_CONT_STATES,Hypothyroid,22,0.0013101688474884841,0.0010859847304779393,True
own,stacking,"MLP,GradientBoosting,XGBoost",sigmoid,models/stacking_sensitivity/h7_CV17_THY_CONT_STATES_own.joblib,7,CV17_THY_CONT_STATES,Hyperthyroid,23,0.0007122489780708009,0.0002571392375759304,True
own,stacking,"MLP,GradientBoosting,XGBoost",sigmoid,models/stacking_sensitivity/h7_CV17_THY_CONT_STATES_own.joblib,7,CV17_THY_CONT_STATES,SCT,24,0.00030033737080470445,-0.00010968101154728573,True
own,stacking,"MLP,GradientBoosting,XGBoost",sigmoid,models/stacking_sensitivity/h7_CV17_THY_CONT_STATES_own.joblib,7,CV17_THY_CONT_STATES,SCH,25,0.00016889821712530356,0.00016889821712530356,True
own,stacking,"MLP,GradientBoosting,XGBoost",isotonic,models/stacking_sensitivity/h7_CV17_THY_CONT_STATES_own.joblib,7,CV17_THY_CONT_STATES,Age,1,0.08884319184156289,-0.05233461091976089,False
own,stacking,"MLP,GradientBoosting,XGBoost",isotonic,models/stacking_sensitivity/h7_CV17_THY_CONT_STATES_own.joblib,7,CV17_THY_CONT_STATES,LVEF,2,0.07564693526178917,0.012740725023386256,False
own,stacking,"MLP,GradientBoosting,XGBoost",isotonic,models/stacking_sensitivity/h7_CV17_THY_CONT_STATES_own.joblib,7,CV17_THY_CONT_STATES,Vessels,3,0.03459277362061735,-0.015222617776387615,False
own,stacking,"MLP,GradientBoosting,XGBoost",isotonic,models/stacking_sensitivity/h7_CV17_THY_CONT_STATES_own.joblib,7,CV17_THY_CONT_STATES,fT4,4,0.028236350392429155,-0.007229017021415282,True
own,stacking,"MLP,GradientBoosting,XGBoost",isotonic,models/stacking_sensitivity/h7_CV17_THY_CONT_STATES_own.joblib,7,CV17_THY_CONT_STATES,Dyslipidemia,5,0.01961367361382296,0.0019612445832084746,False
own,stacking,"MLP,GradientBoosting,XGBoost",isotonic,models/stacking_sensitivity/h7_CV17_THY_CONT_STATES_own.joblib,7,CV17_THY_CONT_STATES,Diabetes,6,0.01734299904876086,0.01015121900692114,False
own,stacking,"MLP,GradientBoosting,XGBoost",isotonic,models/stacking_sensitivity/h7_CV17_THY_CONT_STATES_own.joblib,7,CV17_THY_CONT_STATES,PostIsch_DCM,7,0.016273206680592213,0.0031901657093459765,False
own,stacking,"MLP,GradientBoosting,XGBoost",isotonic,models/stacking_sensitivity/h7_CV17_THY_CONT_STATES_own.joblib,7,CV17_THY_CONT_STATES,Ischemia,8,0.015743349925532293,0.002585701976636554,False
own,stacking,"MLP,GradientBoosting,XGBoost",isotonic,models/stacking_sensitivity/h7_CV17_THY_CONT_STATES_own.joblib,7,CV17_THY_CONT_STATES,TSH,9,0.012996251916091188,0.0024183426798110473,True
own,stacking,"MLP,GradientBoosting,XGBoost",isotonic,models/stacking_sensitivity/h7_CV17_THY_CONT_STATES_own.joblib,7,CV17_THY_CONT_STATES,Hypertension,10,0.012657551733205753,-0.0031885878806645626,False
own,stacking,"MLP,GradientBoosting,XGBoost",isotonic,models/stacking_sensitivity/h7_CV17_THY_CONT_STATES_own.joblib,7,CV17_THY_CONT_STATES,Angina,11,0.012381056553418797,-0.008183866038997066,False
own,stacking,"MLP,GradientBoosting,XGBoost",isotonic,models/stacking_sensitivity/h7_CV17_THY_CONT_STATES_own.joblib,7,CV17_THY_CONT_STATES,fT3,12,0.012287646982018598,-0.006584509323912742,True
own,stacking,"MLP,GradientBoosting,XGBoost",isotonic,models/stacking_sensitivity/h7_CV17_THY_CONT_STATES_own.joblib,7,CV17_THY_CONT_STATES,AFib,13,0.011500274970330755,6.254356778955997e-05,False
own,stacking,"MLP,GradientBoosting,XGBoost",isotonic,models/stacking_sensitivity/h7_CV17_THY_CONT_STATES_own.joblib,7,CV17_THY_CONT_STATES,Acute_MI,14,0.006718161057635477,-0.003454442450401495,False
own,stacking,"MLP,GradientBoosting,XGBoost",isotonic,models/stacking_sensitivity/h7_CV17_THY_CONT_STATES_own.joblib,7,CV17_THY_CONT_STATES,Angiography,15,0.005712563116321947,0.0014650675247245553,False
own,stacking,"MLP,GradientBoosting,XGBoost",isotonic,models/stacking_sensitivity/h7_CV17_THY_CONT_STATES_own.joblib,7,CV17_THY_CONT_STATES,Previous_MI,16,0.005560917894896958,0.0021349431579597805,False
own,stacking,"MLP,GradientBoosting,XGBoost",isotonic,models/stacking_sensitivity/h7_CV17_THY_CONT_STATES_own.joblib,7,CV17_THY_CONT_STATES,Gender,17,0.005407998605289945,0.0012125078696597646,False
own,stacking,"MLP,GradientBoosting,XGBoost",isotonic,models/stacking_sensitivity/h7_CV17_THY_CONT_STATES_own.joblib,7,CV17_THY_CONT_STATES,Smoke,18,0.00411092330755669,0.00013555139137870313,False
own,stacking,"MLP,GradientBoosting,XGBoost",isotonic,models/stacking_sensitivity/h7_CV17_THY_CONT_STATES_own.joblib,7,CV17_THY_CONT_STATES,Previous_PCI,19,0.003041661626882805,0.0008625748863963357,False
own,stacking,"MLP,GradientBoosting,XGBoost",isotonic,models/stacking_sensitivity/h7_CV17_THY_CONT_STATES_own.joblib,7,CV17_THY_CONT_STATES,Low_T3,20,0.002432707481161261,0.0009336651118452472,True
own,stacking,"MLP,GradientBoosting,XGBoost",isotonic,models/stacking_sensitivity/h7_CV17_THY_CONT_STATES_own.joblib,7,CV17_THY_CONT_STATES,Previous_CABG,21,0.0017916549401027666,0.0017916549401027666,False
own,stacking,"MLP,GradientBoosting,XGBoost",isotonic,models/stacking_sensitivity/h7_CV17_THY_CONT_STATES_own.joblib,7,CV17_THY_CONT_STATES,Hypothyroid,22,0.00104830059310199,0.00041283094609257987,True
own,stacking,"MLP,GradientBoosting,XGBoost",isotonic,models/stacking_sensitivity/h7_CV17_THY_CONT_STATES_own.joblib,7,CV17_THY_CONT_STATES,Hyperthyroid,23,0.0008003930607725553,0.00021709658024534066,True
own,stacking,"MLP,GradientBoosting,XGBoost",isotonic,models/stacking_sensitivity/h7_CV17_THY_CONT_STATES_own.joblib,7,CV17_THY_CONT_STATES,SCH,24,0.00025066219975860497,0.00025066219975860497,True
own,stacking,"MLP,GradientBoosting,XGBoost",isotonic,models/stacking_sensitivity/h7_CV17_THY_CONT_STATES_own.joblib,7,CV17_THY_CONT_STATES,SCT,25,0.00018619298630467298,-9.911286669855282e-05,True
same_baseline,stacking,"KNeighbors,RandomForest,AdaBoost,MLP",raw,models/stacking_sensitivity/h7_CV17_THY_CONT_STATES_same_baseline.joblib,7,CV17_THY_CONT_STATES,Age,1,0.0951992545235834,-0.055614614873256106,False
same_baseline,stacking,"KNeighbors,RandomForest,AdaBoost,MLP",raw,models/stacking_sensitivity/h7_CV17_THY_CONT_STATES_same_baseline.joblib,7,CV17_THY_CONT_STATES,LVEF,2,0.07193967946521701,0.006202683211227737,False
same_baseline,stacking,"KNeighbors,RandomForest,AdaBoost,MLP",raw,models/stacking_sensitivity/h7_CV17_THY_CONT_STATES_same_baseline.joblib,7,CV17_THY_CONT_STATES,fT4,3,0.02320123543941123,-0.0065772346792995606,True
same_baseline,stacking,"KNeighbors,RandomForest,AdaBoost,MLP",raw,models/stacking_sensitivity/h7_CV17_THY_CONT_STATES_same_baseline.joblib,7,CV17_THY_CONT_STATES,PostIsch_DCM,4,0.022833077501175705,0.007339946373837373,False
same_baseline,stacking,"KNeighbors,RandomForest,AdaBoost,MLP",raw,models/stacking_sensitivity/h7_CV17_THY_CONT_STATES_same_baseline.joblib,7,CV17_THY_CONT_STATES,Vessels,5,0.02070248980264704,-0.00922422437522482,False
same_baseline,stacking,"KNeighbors,RandomForest,AdaBoost,MLP",raw,models/stacking_sensitivity/h7_CV17_THY_CONT_STATES_same_baseline.joblib,7,CV17_THY_CONT_STATES,Dyslipidemia,6,0.0180640334297917,0.002975696112377733,False
same_baseline,stacking,"KNeighbors,RandomForest,AdaBoost,MLP",raw,models/stacking_sensitivity/h7_CV17_THY_CONT_STATES_same_baseline.joblib,7,CV17_THY_CONT_STATES,Diabetes,7,0.017337942303626043,0.010998465262882923,False
same_baseline,stacking,"KNeighbors,RandomForest,AdaBoost,MLP",raw,models/stacking_sensitivity/h7_CV17_THY_CONT_STATES_same_baseline.joblib,7,CV17_THY_CONT_STATES,AFib,8,0.01319920331258989,-0.0002689431229275659,False
same_baseline,stacking,"KNeighbors,RandomForest,AdaBoost,MLP",raw,models/stacking_sensitivity/h7_CV17_THY_CONT_STATES_same_baseline.joblib,7,CV17_THY_CONT_STATES,Ischemia,9,0.012667102604356047,0.0013434974677655398,False
same_baseline,stacking,"KNeighbors,RandomForest,AdaBoost,MLP",raw,models/stacking_sensitivity/h7_CV17_THY_CONT_STATES_same_baseline.joblib,7,CV17_THY_CONT_STATES,fT3,10,0.009741184851156598,-0.004213483097038234,True
same_baseline,stacking,"KNeighbors,RandomForest,AdaBoost,MLP",raw,models/stacking_sensitivity/h7_CV17_THY_CONT_STATES_same_baseline.joblib,7,CV17_THY_CONT_STATES,Acute_MI,11,0.008013548534503622,-0.004328364298820707,False
same_baseline,stacking,"KNeighbors,RandomForest,AdaBoost,MLP",raw,models/stacking_sensitivity/h7_CV17_THY_CONT_STATES_same_baseline.joblib,7,CV17_THY_CONT_STATES,TSH,12,0.006076349837388551,0.00036026798684282593,True
same_baseline,stacking,"KNeighbors,RandomForest,AdaBoost,MLP",raw,models/stacking_sensitivity/h7_CV17_THY_CONT_STATES_same_baseline.joblib,7,CV17_THY_CONT_STATES,Low_T3,13,0.005205179825912345,-0.0018363226086706534,True
same_baseline,stacking,"KNeighbors,RandomForest,AdaBoost,MLP",raw,models/stacking_sensitivity/h7_CV17_THY_CONT_STATES_same_baseline.joblib,7,CV17_THY_CONT_STATES,Angina,14,0.0047292365695841415,-0.0037276439434393753,False
same_baseline,stacking,"KNeighbors,RandomForest,AdaBoost,MLP",raw,models/stacking_sensitivity/h7_CV17_THY_CONT_STATES_same_baseline.joblib,7,CV17_THY_CONT_STATES,Hypertension,15,0.0043671520769368866,-0.0010131634185982462,False
same_baseline,stacking,"KNeighbors,RandomForest,AdaBoost,MLP",raw,models/stacking_sensitivity/h7_CV17_THY_CONT_STATES_same_baseline.joblib,7,CV17_THY_CONT_STATES,Angiography,16,0.004052778775744184,0.0018349970338245765,False
same_baseline,stacking,"KNeighbors,RandomForest,AdaBoost,MLP",raw,models/stacking_sensitivity/h7_CV17_THY_CONT_STATES_same_baseline.joblib,7,CV17_THY_CONT_STATES,Previous_MI,17,0.0026790689324369204,0.0006481577403159005,False
same_baseline,stacking,"KNeighbors,RandomForest,AdaBoost,MLP",raw,models/stacking_sensitivity/h7_CV17_THY_CONT_STATES_same_baseline.joblib,7,CV17_THY_CONT_STATES,Gender,18,0.002237492675117237,0.0004311875965090853,False
same_baseline,stacking,"KNeighbors,RandomForest,AdaBoost,MLP",raw,models/stacking_sensitivity/h7_CV17_THY_CONT_STATES_same_baseline.joblib,7,CV17_THY_CONT_STATES,Smoke,19,0.0022203522824741184,-0.0009016486356636043,False
same_baseline,stacking,"KNeighbors,RandomForest,AdaBoost,MLP",raw,models/stacking_sensitivity/h7_CV17_THY_CONT_STATES_same_baseline.joblib,7,CV17_THY_CONT_STATES,Previous_PCI,20,0.0014991786020988626,0.0004923957158581681,False
same_baseline,stacking,"KNeighbors,RandomForest,AdaBoost,MLP",raw,models/stacking_sensitivity/h7_CV17_THY_CONT_STATES_same_baseline.joblib,7,CV17_THY_CONT_STATES,Previous_CABG,21,0.0014595522999830846,0.0014595522999830846,False
same_baseline,stacking,"KNeighbors,RandomForest,AdaBoost,MLP",raw,models/stacking_sensitivity/h7_CV17_THY_CONT_STATES_same_baseline.joblib,7,CV17_THY_CONT_STATES,Hypothyroid,22,0.0006074480351111,0.0005443249634800927,True
same_baseline,stacking,"KNeighbors,RandomForest,AdaBoost,MLP",raw,models/stacking_sensitivity/h7_CV17_THY_CONT_STATES_same_baseline.joblib,7,CV17_THY_CONT_STATES,Hyperthyroid,23,0.00043937368094456263,0.00043937368094456263,True
same_baseline,stacking,"KNeighbors,RandomForest,AdaBoost,MLP",raw,models/stacking_sensitivity/h7_CV17_THY_CONT_STATES_same_baseline.joblib,7,CV17_THY_CONT_STATES,SCH,24,0.00031390638655216763,0.00031390638655216763,True
same_baseline,stacking,"KNeighbors,RandomForest,AdaBoost,MLP",raw,models/stacking_sensitivity/h7_CV17_THY_CONT_STATES_same_baseline.joblib,7,CV17_THY_CONT_STATES,SCT,25,0.00015878773819130772,0.00015878773819130772,True
same_baseline,stacking,"KNeighbors,RandomForest,AdaBoost,MLP",sigmoid,models/stacking_sensitivity/h7_CV17_THY_CONT_STATES_same_baseline.joblib,7,CV17_THY_CONT_STATES,Age,1,0.09368712898045736,-0.05482221773283722,False
same_baseline,stacking,"KNeighbors,RandomForest,AdaBoost,MLP",sigmoid,models/stacking_sensitivity/h7_CV17_THY_CONT_STATES_same_baseline.joblib,7,CV17_THY_CONT_STATES,LVEF,2,0.0709242354180421,0.006049805959774822,False
same_baseline,stacking,"KNeighbors,RandomForest,AdaBoost,MLP",sigmoid,models/stacking_sensitivity/h7_CV17_THY_CONT_STATES_same_baseline.joblib,7,CV17_THY_CONT_STATES,fT4,3,0.022885762129944073,-0.0065908061535883185,True
same_baseline,stacking,"KNeighbors,RandomForest,AdaBoost,MLP",sigmoid,models/stacking_sensitivity/h7_CV17_THY_CONT_STATES_same_baseline.joblib,7,CV17_THY_CONT_STATES,PostIsch_DCM,4,0.02262998372936989,0.007275382993181954,False
same_baseline,stacking,"KNeighbors,RandomForest,AdaBoost,MLP",sigmoid,models/stacking_sensitivity/h7_CV17_THY_CONT_STATES_same_baseline.joblib,7,CV17_THY_CONT_STATES,Vessels,5,0.020456146013184316,-0.009153139529631489,False
same_baseline,stacking,"KNeighbors,RandomForest,AdaBoost,MLP",sigmoid,models/stacking_sensitivity/h7_CV17_THY_CONT_STATES_same_baseline.joblib,7,CV17_THY_CONT_STATES,Dyslipidemia,6,0.017791521839302233,0.0029213913641498853,False
same_baseline,stacking,"KNeighbors,RandomForest,AdaBoost,MLP",sigmoid,models/stacking_sensitivity/h7_CV17_THY_CONT_STATES_same_baseline.joblib,7,CV17_THY_CONT_STATES,Diabetes,7,0.01706981792895112,0.010843590533656775,False
same_baseline,stacking,"KNeighbors,RandomForest,AdaBoost,MLP",sigmoid,models/stacking_sensitivity/h7_CV17_THY_CONT_STATES_same_baseline.joblib,7,CV17_THY_CONT_STATES,AFib,8,0.012974779791390322,-0.0002456509857790202,False
same_baseline,stacking,"KNeighbors,RandomForest,AdaBoost,MLP",sigmoid,models/stacking_sensitivity/h7_CV17_THY_CONT_STATES_same_baseline.joblib,7,CV17_THY_CONT_STATES,Ischemia,9,0.012503560250431008,0.0013083214562495558,False
same_baseline,stacking,"KNeighbors,RandomForest,AdaBoost,MLP",sigmoid,models/stacking_sensitivity/h7_CV17_THY_CONT_STATES_same_baseline.joblib,7,CV17_THY_CONT_STATES,fT3,10,0.009619234952457206,-0.004195234497340599,True
same_baseline,stacking,"KNeighbors,RandomForest,AdaBoost,MLP",sigmoid,models/stacking_sensitivity/h7_CV17_THY_CONT_STATES_same_baseline.joblib,7,CV17_THY_CONT_STATES,Acute_MI,11,0.007905428156189337,-0.004267630588792884,False
same_baseline,stacking,"KNeighbors,RandomForest,AdaBoost,MLP",sigmoid,models/stacking_sensitivity/h7_CV17_THY_CONT_STATES_same_baseline.joblib,7,CV17_THY_CONT_STATES,TSH,12,0.005981717291278125,0.00032930750254695775,True
same_baseline,stacking,"KNeighbors,RandomForest,AdaBoost,MLP",sigmoid,models/stacking_sensitivity/h7_CV17_THY_CONT_STATES_same_baseline.joblib,7,CV17_THY_CONT_STATES,Low_T3,13,0.005130839694254784,-0.0018223851834745718,True
same_baseline,stacking,"KNeighbors,RandomForest,AdaBoost,MLP",sigmoid,models/stacking_sensitivity/h7_CV17_THY_CONT_STATES_same_baseline.joblib,7,CV17_THY_CONT_STATES,Angina,14,0.004655626330273515,-0.0036775765039668736,False
same_baseline,stacking,"KNeighbors,RandomForest,AdaBoost,MLP",sigmoid,models/stacking_sensitivity/h7_CV17_THY_CONT_STATES_same_baseline.joblib,7,CV17_THY_CONT_STATES,Hypertension,15,0.004301272861754956,-0.0010109310335246332,False
same_baseline,stacking,"KNeighbors,RandomForest,AdaBoost,MLP",sigmoid,models/stacking_sensitivity/h7_CV17_THY_CONT_STATES_same_baseline.joblib,7,CV17_THY_CONT_STATES,Angiography,16,0.004007888629386006,0.0018186809390537562,False
same_baseline,stacking,"KNeighbors,RandomForest,AdaBoost,MLP",sigmoid,models/stacking_sensitivity/h7_CV17_THY_CONT_STATES_same_baseline.joblib,7,CV17_THY_CONT_STATES,Previous_MI,17,0.002645699440880019,0.0006471587521138379,False
same_baseline,stacking,"KNeighbors,RandomForest,AdaBoost,MLP",sigmoid,models/stacking_sensitivity/h7_CV17_THY_CONT_STATES_same_baseline.joblib,7,CV17_THY_CONT_STATES,Gender,18,0.0022030133445563936,0.0004119182898878816,False
same_baseline,stacking,"KNeighbors,RandomForest,AdaBoost,MLP",sigmoid,models/stacking_sensitivity/h7_CV17_THY_CONT_STATES_same_baseline.joblib,7,CV17_THY_CONT_STATES,Smoke,19,0.0021889587558553804,-0.0008921236691566516,False
same_baseline,stacking,"KNeighbors,RandomForest,AdaBoost,MLP",sigmoid,models/stacking_sensitivity/h7_CV17_THY_CONT_STATES_same_baseline.joblib,7,CV17_THY_CONT_STATES,Previous_PCI,20,0.0014684422444748216,0.0004842049653389722,False
same_baseline,stacking,"KNeighbors,RandomForest,AdaBoost,MLP",sigmoid,models/stacking_sensitivity/h7_CV17_THY_CONT_STATES_same_baseline.joblib,7,CV17_THY_CONT_STATES,Previous_CABG,21,0.0014348357334183414,0.0014348357334183414,False
same_baseline,stacking,"KNeighbors,RandomForest,AdaBoost,MLP",sigmoid,models/stacking_sensitivity/h7_CV17_THY_CONT_STATES_same_baseline.joblib,7,CV17_THY_CONT_STATES,Hypothyroid,22,0.0005982846016428852,0.0005367404504037907,True
same_baseline,stacking,"KNeighbors,RandomForest,AdaBoost,MLP",sigmoid,models/stacking_sensitivity/h7_CV17_THY_CONT_STATES_same_baseline.joblib,7,CV17_THY_CONT_STATES,Hyperthyroid,23,0.0004313964524718585,0.0004313964524718585,True
same_baseline,stacking,"KNeighbors,RandomForest,AdaBoost,MLP",sigmoid,models/stacking_sensitivity/h7_CV17_THY_CONT_STATES_same_baseline.joblib,7,CV17_THY_CONT_STATES,SCH,24,0.00030887164253021594,0.00030887164253021594,True
same_baseline,stacking,"KNeighbors,RandomForest,AdaBoost,MLP",sigmoid,models/stacking_sensitivity/h7_CV17_THY_CONT_STATES_same_baseline.joblib,7,CV17_THY_CONT_STATES,SCT,25,0.00015556368169481827,0.00015556368169481827,True
same_baseline,stacking,"KNeighbors,RandomForest,AdaBoost,MLP",isotonic,models/stacking_sensitivity/h7_CV17_THY_CONT_STATES_same_baseline.joblib,7,CV17_THY_CONT_STATES,Age,1,0.09311263940239053,-0.05208514969330494,False
same_baseline,stacking,"KNeighbors,RandomForest,AdaBoost,MLP",isotonic,models/stacking_sensitivity/h7_CV17_THY_CONT_STATES_same_baseline.joblib,7,CV17_THY_CONT_STATES,LVEF,2,0.07159739181531076,0.007142516082356897,False
same_baseline,stacking,"KNeighbors,RandomForest,AdaBoost,MLP",isotonic,models/stacking_sensitivity/h7_CV17_THY_CONT_STATES_same_baseline.joblib,7,CV17_THY_CONT_STATES,PostIsch_DCM,3,0.023671581534919942,0.006680849915751112,False
same_baseline,stacking,"KNeighbors,RandomForest,AdaBoost,MLP",isotonic,models/stacking_sensitivity/h7_CV17_THY_CONT_STATES_same_baseline.joblib,7,CV17_THY_CONT_STATES,fT4,4,0.02203882427305573,-0.005480200845760841,True
same_baseline,stacking,"KNeighbors,RandomForest,AdaBoost,MLP",isotonic,models/stacking_sensitivity/h7_CV17_THY_CONT_STATES_same_baseline.joblib,7,CV17_THY_CONT_STATES,Vessels,5,0.02030553757714397,-0.008340355678640408,False
same_baseline,stacking,"KNeighbors,RandomForest,AdaBoost,MLP",isotonic,models/stacking_sensitivity/h7_CV17_THY_CONT_STATES_same_baseline.joblib,7,CV17_THY_CONT_STATES,Dyslipidemia,6,0.02015863357188756,0.0031493973214656527,False
same_baseline,stacking,"KNeighbors,RandomForest,AdaBoost,MLP",isotonic,models/stacking_sensitivity/h7_CV17_THY_CONT_STATES_same_baseline.joblib,7,CV17_THY_CONT_STATES,Diabetes,7,0.016593206073397124,0.010033069148855486,False
same_baseline,stacking,"KNeighbors,RandomForest,AdaBoost,MLP",isotonic,models/stacking_sensitivity/h7_CV17_THY_CONT_STATES_same_baseline.joblib,7,CV17_THY_CONT_STATES,AFib,8,0.014027152023912927,-0.0006668287241239743,False
same_baseline,stacking,"KNeighbors,RandomForest,AdaBoost,MLP",isotonic,models/stacking_sensitivity/h7_CV17_THY_CONT_STATES_same_baseline.joblib,7,CV17_THY_CONT_STATES,Ischemia,9,0.013592575309995266,0.0023061578119722656,False
same_baseline,stacking,"KNeighbors,RandomForest,AdaBoost,MLP",isotonic,models/stacking_sensitivity/h7_CV17_THY_CONT_STATES_same_baseline.joblib,7,CV17_THY_CONT_STATES,fT3,10,0.009229297783250935,-0.0030142069441600437,True
same_baseline,stacking,"KNeighbors,RandomForest,AdaBoost,MLP",isotonic,models/stacking_sensitivity/h7_CV17_THY_CONT_STATES_same_baseline.joblib,7,CV17_THY_CONT_STATES,Acute_MI,11,0.007580391432948611,-0.003954679352097318,False
same_baseline,stacking,"KNeighbors,RandomForest,AdaBoost,MLP",isotonic,models/stacking_sensitivity/h7_CV17_THY_CONT_STATES_same_baseline.joblib,7,CV17_THY_CONT_STATES,TSH,12,0.006850890013169982,0.0017579037385105608,True
same_baseline,stacking,"KNeighbors,RandomForest,AdaBoost,MLP",isotonic,models/stacking_sensitivity/h7_CV17_THY_CONT_STATES_same_baseline.joblib,7,CV17_THY_CONT_STATES,Hypertension,13,0.004890208223875736,-0.0007134595636067195,False
same_baseline,stacking,"KNeighbors,RandomForest,AdaBoost,MLP",isotonic,models/stacking_sensitivity/h7_CV17_THY_CONT_STATES_same_baseline.joblib,7,CV17_THY_CONT_STATES,Angina,14,0.004800251956832529,-0.003324346833833678,False
same_baseline,stacking,"KNeighbors,RandomForest,AdaBoost,MLP",isotonic,models/stacking_sensitivity/h7_CV17_THY_CONT_STATES_same_baseline.joblib,7,CV17_THY_CONT_STATES,Low_T3,15,0.004744041551436921,-0.0013852172926333366,True
same_baseline,stacking,"KNeighbors,RandomForest,AdaBoost,MLP",isotonic,models/stacking_sensitivity/h7_CV17_THY_CONT_STATES_same_baseline.joblib,7,CV17_THY_CONT_STATES,Angiography,16,0.004654780472468041,0.0029596533404820506,False
same_baseline,stacking,"KNeighbors,RandomForest,AdaBoost,MLP",isotonic,models/stacking_sensitivity/h7_CV17_THY_CONT_STATES_same_baseline.joblib,7,CV17_THY_CONT_STATES,Previous_MI,17,0.003345508602141417,0.0009121416982260486,False
same_baseline,stacking,"KNeighbors,RandomForest,AdaBoost,MLP",isotonic,models/stacking_sensitivity/h7_CV17_THY_CONT_STATES_same_baseline.joblib,7,CV17_THY_CONT_STATES,Smoke,18,0.0031421181696754236,-0.0004613885364445816,False
same_baseline,stacking,"KNeighbors,RandomForest,AdaBoost,MLP",isotonic,models/stacking_sensitivity/h7_CV17_THY_CONT_STATES_same_baseline.joblib,7,CV17_THY_CONT_STATES,Gender,19,0.002779821206208724,0.00108194620768923,False
same_baseline,stacking,"KNeighbors,RandomForest,AdaBoost,MLP",isotonic,models/stacking_sensitivity/h7_CV17_THY_CONT_STATES_same_baseline.joblib,7,CV17_THY_CONT_STATES,Previous_CABG,20,0.0019667961105659473,0.001966796110565947,False
same_baseline,stacking,"KNeighbors,RandomForest,AdaBoost,MLP",isotonic,models/stacking_sensitivity/h7_CV17_THY_CONT_STATES_same_baseline.joblib,7,CV17_THY_CONT_STATES,Previous_PCI,21,0.0018278213958283019,0.000621551666052258,False
same_baseline,stacking,"KNeighbors,RandomForest,AdaBoost,MLP",isotonic,models/stacking_sensitivity/h7_CV17_THY_CONT_STATES_same_baseline.joblib,7,CV17_THY_CONT_STATES,Hypothyroid,22,0.000696042296976201,0.0005046471095229022,True
same_baseline,stacking,"KNeighbors,RandomForest,AdaBoost,MLP",isotonic,models/stacking_sensitivity/h7_CV17_THY_CONT_STATES_same_baseline.joblib,7,CV17_THY_CONT_STATES,SCH,23,0.0003290191287423528,0.0003290191287423528,True
same_baseline,stacking,"KNeighbors,RandomForest,AdaBoost,MLP",isotonic,models/stacking_sensitivity/h7_CV17_THY_CONT_STATES_same_baseline.joblib,7,CV17_THY_CONT_STATES,SCT,24,0.0002528264385755003,0.0002528264385755003,True
same_baseline,stacking,"KNeighbors,RandomForest,AdaBoost,MLP",isotonic,models/stacking_sensitivity/h7_CV17_THY_CONT_STATES_same_baseline.joblib,7,CV17_THY_CONT_STATES,Hyperthyroid,25,0.0002494209481559442,0.0002233747574188147,True
locked_baseline,stacking,"KNeighbors,RandomForest,AdaBoost,MLP",raw,models/stacking_sensitivity/h7_CV17_THY_CONT_STATES_locked_baseline.joblib,7,CV17_THY_CONT_STATES,Age,1,0.08924921670994654,-0.053187865028836316,False
locked_baseline,stacking,"KNeighbors,RandomForest,AdaBoost,MLP",raw,models/stacking_sensitivity/h7_CV17_THY_CONT_STATES_locked_baseline.joblib,7,CV17_THY_CONT_STATES,LVEF,2,0.0754766787628181,0.00912722243562604,False
locked_baseline,stacking,"KNeighbors,RandomForest,AdaBoost,MLP",raw,models/stacking_sensitivity/h7_CV17_THY_CONT_STATES_locked_baseline.joblib,7,CV17_THY_CONT_STATES,Vessels,3,0.030383607581884697,-0.010880589521118634,False
locked_baseline,stacking,"KNeighbors,RandomForest,AdaBoost,MLP",raw,models/stacking_sensitivity/h7_CV17_THY_CONT_STATES_locked_baseline.joblib,7,CV17_THY_CONT_STATES,fT4,4,0.02646698755264825,-0.0036892169154777383,True
locked_baseline,stacking,"KNeighbors,RandomForest,AdaBoost,MLP",raw,models/stacking_sensitivity/h7_CV17_THY_CONT_STATES_locked_baseline.joblib,7,CV17_THY_CONT_STATES,PostIsch_DCM,5,0.020485728900603132,0.006899683279722853,False
locked_baseline,stacking,"KNeighbors,RandomForest,AdaBoost,MLP",raw,models/stacking_sensitivity/h7_CV17_THY_CONT_STATES_locked_baseline.joblib,7,CV17_THY_CONT_STATES,Dyslipidemia,6,0.0184477719778433,0.002969389126554761,False
locked_baseline,stacking,"KNeighbors,RandomForest,AdaBoost,MLP",raw,models/stacking_sensitivity/h7_CV17_THY_CONT_STATES_locked_baseline.joblib,7,CV17_THY_CONT_STATES,Ischemia,7,0.018045649083547013,0.0010852984804868868,False
locked_baseline,stacking,"KNeighbors,RandomForest,AdaBoost,MLP",raw,models/stacking_sensitivity/h7_CV17_THY_CONT_STATES_locked_baseline.joblib,7,CV17_THY_CONT_STATES,Diabetes,8,0.016576709679418287,0.010704474955583444,False
locked_baseline,stacking,"KNeighbors,RandomForest,AdaBoost,MLP",raw,models/stacking_sensitivity/h7_CV17_THY_CONT_STATES_locked_baseline.joblib,7,CV17_THY_CONT_STATES,Angina,9,0.013713435749871737,-0.010138476068412448,False
locked_baseline,stacking,"KNeighbors,RandomForest,AdaBoost,MLP",raw,models/stacking_sensitivity/h7_CV17_THY_CONT_STATES_locked_baseline.joblib,7,CV17_THY_CONT_STATES,Hypertension,10,0.010509008714543123,-0.001871175802349966,False
locked_baseline,stacking,"KNeighbors,RandomForest,AdaBoost,MLP",raw,models/stacking_sensitivity/h7_CV17_THY_CONT_STATES_locked_baseline.joblib,7,CV17_THY_CONT_STATES,AFib,11,0.009991322986116375,0.0012151179095163623,False
locked_baseline,stacking,"KNeighbors,RandomForest,AdaBoost,MLP",raw,models/stacking_sensitivity/h7_CV17_THY_CONT_STATES_locked_baseline.joblib,7,CV17_THY_CONT_STATES,fT3,12,0.009592000363211551,-0.001900133411661915,True
locked_baseline,stacking,"KNeighbors,RandomForest,AdaBoost,MLP",raw,models/stacking_sensitivity/h7_CV17_THY_CONT_STATES_locked_baseline.joblib,7,CV17_THY_CONT_STATES,Angiography,13,0.006085631257687247,0.0023068225381798375,False
locked_baseline,stacking,"KNeighbors,RandomForest,AdaBoost,MLP",raw,models/stacking_sensitivity/h7_CV17_THY_CONT_STATES_locked_baseline.joblib,7,CV17_THY_CONT_STATES,TSH,14,0.0060523861803691,0.0005381815548630524,True
locked_baseline,stacking,"KNeighbors,RandomForest,AdaBoost,MLP",raw,models/stacking_sensitivity/h7_CV17_THY_CONT_STATES_locked_baseline.joblib,7,CV17_THY_CONT_STATES,Acute_MI,15,0.005299836553085794,-0.0026865481532241846,False
locked_baseline,stacking,"KNeighbors,RandomForest,AdaBoost,MLP",raw,models/stacking_sensitivity/h7_CV17_THY_CONT_STATES_locked_baseline.joblib,7,CV17_THY_CONT_STATES,Low_T3,16,0.004791560099018018,-0.0013641317889751118,True
locked_baseline,stacking,"KNeighbors,RandomForest,AdaBoost,MLP",raw,models/stacking_sensitivity/h7_CV17_THY_CONT_STATES_locked_baseline.joblib,7,CV17_THY_CONT_STATES,Smoke,17,0.004084618949619549,-0.0009959734000528448,False
locked_baseline,stacking,"KNeighbors,RandomForest,AdaBoost,MLP",raw,models/stacking_sensitivity/h7_CV17_THY_CONT_STATES_locked_baseline.joblib,7,CV17_THY_CONT_STATES,Previous_MI,18,0.003649793997510019,0.000981257800967447,False
locked_baseline,stacking,"KNeighbors,RandomForest,AdaBoost,MLP",raw,models/stacking_sensitivity/h7_CV17_THY_CONT_STATES_locked_baseline.joblib,7,CV17_THY_CONT_STATES,Gender,19,0.003536736285335778,0.0011873622008010047,False
locked_baseline,stacking,"KNeighbors,RandomForest,AdaBoost,MLP",raw,models/stacking_sensitivity/h7_CV17_THY_CONT_STATES_locked_baseline.joblib,7,CV17_THY_CONT_STATES,Hypothyroid,20,0.0018870785994275182,0.0018548102717672447,True
locked_baseline,stacking,"KNeighbors,RandomForest,AdaBoost,MLP",raw,models/stacking_sensitivity/h7_CV17_THY_CONT_STATES_locked_baseline.joblib,7,CV17_THY_CONT_STATES,Previous_PCI,21,0.0017198005409880582,0.0005932732712134858,False
locked_baseline,stacking,"KNeighbors,RandomForest,AdaBoost,MLP",raw,models/stacking_sensitivity/h7_CV17_THY_CONT_STATES_locked_baseline.joblib,7,CV17_THY_CONT_STATES,Previous_CABG,22,0.0012447785745499916,0.0012447785745499916,False
locked_baseline,stacking,"KNeighbors,RandomForest,AdaBoost,MLP",raw,models/stacking_sensitivity/h7_CV17_THY_CONT_STATES_locked_baseline.joblib,7,CV17_THY_CONT_STATES,Hyperthyroid,23,0.00047446048896159334,0.00025221409900075405,True
locked_baseline,stacking,"KNeighbors,RandomForest,AdaBoost,MLP",raw,models/stacking_sensitivity/h7_CV17_THY_CONT_STATES_locked_baseline.joblib,7,CV17_THY_CONT_STATES,SCT,24,0.000298513429575578,-0.00026736310416716644,True
locked_baseline,stacking,"KNeighbors,RandomForest,AdaBoost,MLP",raw,models/stacking_sensitivity/h7_CV17_THY_CONT_STATES_locked_baseline.joblib,7,CV17_THY_CONT_STATES,SCH,25,0.0002686883178052499,0.0002686883178052499,True
locked_baseline,stacking,"KNeighbors,RandomForest,AdaBoost,MLP",sigmoid,models/stacking_sensitivity/h7_CV17_THY_CONT_STATES_locked_baseline.joblib,7,CV17_THY_CONT_STATES,Age,1,0.0887511364914802,-0.05314930149792704,False
locked_baseline,stacking,"KNeighbors,RandomForest,AdaBoost,MLP",sigmoid,models/stacking_sensitivity/h7_CV17_THY_CONT_STATES_locked_baseline.joblib,7,CV17_THY_CONT_STATES,LVEF,2,0.07525475057269661,0.00894634835387404,False
locked_baseline,stacking,"KNeighbors,RandomForest,AdaBoost,MLP",sigmoid,models/stacking_sensitivity/h7_CV17_THY_CONT_STATES_locked_baseline.joblib,7,CV17_THY_CONT_STATES,Vessels,3,0.030394181682851257,-0.010984490988034695,False
locked_baseline,stacking,"KNeighbors,RandomForest,AdaBoost,MLP",sigmoid,models/stacking_sensitivity/h7_CV17_THY_CONT_STATES_locked_baseline.joblib,7,CV17_THY_CONT_STATES,fT4,4,0.02642985095867046,-0.0038594064270649512,True
locked_baseline,stacking,"KNeighbors,RandomForest,AdaBoost,MLP",sigmoid,models/stacking_sensitivity/h7_CV17_THY_CONT_STATES_locked_baseline.joblib,7,CV17_THY_CONT_STATES,PostIsch_DCM,5,0.020562012579101764,0.00689657052202426,False
locked_baseline,stacking,"KNeighbors,RandomForest,AdaBoost,MLP",sigmoid,models/stacking_sensitivity/h7_CV17_THY_CONT_STATES_locked_baseline.joblib,7,CV17_THY_CONT_STATES,Dyslipidemia,6,0.018367535789648372,0.002947054366686951,False
locked_baseline,stacking,"KNeighbors,RandomForest,AdaBoost,MLP",sigmoid,models/stacking_sensitivity/h7_CV17_THY_CONT_STATES_locked_baseline.joblib,7,CV17_THY_CONT_STATES,Ischemia,7,0.017962459847911533,0.001036062857831769,False
locked_baseline,stacking,"KNeighbors,RandomForest,AdaBoost,MLP",sigmoid,models/stacking_sensitivity/h7_CV17_THY_CONT_STATES_locked_baseline.joblib,7,CV17_THY_CONT_STATES,Diabetes,8,0.016487708367233893,0.010658283749938172,False
locked_baseline,stacking,"KNeighbors,RandomForest,AdaBoost,MLP",sigmoid,models/stacking_sensitivity/h7_CV17_THY_CONT_STATES_locked_baseline.joblib,7,CV17_THY_CONT_STATES,Angina,9,0.013592027829970522,-0.01006808829154811,False
locked_baseline,stacking,"KNeighbors,RandomForest,AdaBoost,MLP",sigmoid,models/stacking_sensitivity/h7_CV17_THY_CONT_STATES_locked_baseline.joblib,7,CV17_THY_CONT_STATES,Hypertension,10,0.010442976446622955,-0.0019008050582360744,False
locked_baseline,stacking,"KNeighbors,RandomForest,AdaBoost,MLP",sigmoid,models/stacking_sensitivity/h7_CV17_THY_CONT_STATES_locked_baseline.joblib,7,CV17_THY_CONT_STATES,AFib,11,0.009937630894646644,0.0012120829656905902,False
locked_baseline,stacking,"KNeighbors,RandomForest,AdaBoost,MLP",sigmoid,models/stacking_sensitivity/h7_CV17_THY_CONT_STATES_locked_baseline.joblib,7,CV17_THY_CONT_STATES,fT3,12,0.009532191149424975,-0.0019254576285075067,True
locked_baseline,stacking,"KNeighbors,RandomForest,AdaBoost,MLP",sigmoid,models/stacking_sensitivity/h7_CV17_THY_CONT_STATES_locked_baseline.joblib,7,CV17_THY_CONT_STATES,Angiography,13,0.006079641478738925,0.0023108338617573118,False
locked_baseline,stacking,"KNeighbors,RandomForest,AdaBoost,MLP",sigmoid,models/stacking_sensitivity/h7_CV17_THY_CONT_STATES_locked_baseline.joblib,7,CV17_THY_CONT_STATES,TSH,14,0.006010762779882507,0.0004770336058216661,True
locked_baseline,stacking,"KNeighbors,RandomForest,AdaBoost,MLP",sigmoid,models/stacking_sensitivity/h7_CV17_THY_CONT_STATES_locked_baseline.joblib,7,CV17_THY_CONT_STATES,Acute_MI,15,0.005306274820671207,-0.00269486464385514,False
locked_baseline,stacking,"KNeighbors,RandomForest,AdaBoost,MLP",sigmoid,models/stacking_sensitivity/h7_CV17_THY_CONT_STATES_locked_baseline.joblib,7,CV17_THY_CONT_STATES,Low_T3,16,0.004760770804161312,-0.0013625175162675224,True
locked_baseline,stacking,"KNeighbors,RandomForest,AdaBoost,MLP",sigmoid,models/stacking_sensitivity/h7_CV17_THY_CONT_STATES_locked_baseline.joblib,7,CV17_THY_CONT_STATES,Smoke,17,0.004054361692369194,-0.0010000245382428493,False
locked_baseline,stacking,"KNeighbors,RandomForest,AdaBoost,MLP",sigmoid,models/stacking_sensitivity/h7_CV17_THY_CONT_STATES_locked_baseline.joblib,7,CV17_THY_CONT_STATES,Previous_MI,18,0.0036440283730009107,0.0009873902148367177,False
locked_baseline,stacking,"KNeighbors,RandomForest,AdaBoost,MLP",sigmoid,models/stacking_sensitivity/h7_CV17_THY_CONT_STATES_locked_baseline.joblib,7,CV17_THY_CONT_STATES,Gender,19,0.0035172247291156886,0.0011710366157424844,False
locked_baseline,stacking,"KNeighbors,RandomForest,AdaBoost,MLP",sigmoid,models/stacking_sensitivity/h7_CV17_THY_CONT_STATES_locked_baseline.joblib,7,CV17_THY_CONT_STATES,Hypothyroid,20,0.0018851358914159224,0.0018528436667735871,True
locked_baseline,stacking,"KNeighbors,RandomForest,AdaBoost,MLP",sigmoid,models/stacking_sensitivity/h7_CV17_THY_CONT_STATES_locked_baseline.joblib,7,CV17_THY_CONT_STATES,Previous_PCI,21,0.001688573163672641,0.0005901168925849366,False
locked_baseline,stacking,"KNeighbors,RandomForest,AdaBoost,MLP",sigmoid,models/stacking_sensitivity/h7_CV17_THY_CONT_STATES_locked_baseline.joblib,7,CV17_THY_CONT_STATES,Previous_CABG,22,0.0012247526119035974,0.0012247526119035974,False
locked_baseline,stacking,"KNeighbors,RandomForest,AdaBoost,MLP",sigmoid,models/stacking_sensitivity/h7_CV17_THY_CONT_STATES_locked_baseline.joblib,7,CV17_THY_CONT_STATES,Hyperthyroid,23,0.0004715767572129888,0.0002483826021602551,True
locked_baseline,stacking,"KNeighbors,RandomForest,AdaBoost,MLP",sigmoid,models/stacking_sensitivity/h7_CV17_THY_CONT_STATES_locked_baseline.joblib,7,CV17_THY_CONT_STATES,SCT,24,0.0002977130842206165,-0.0002636633931448391,True
locked_baseline,stacking,"KNeighbors,RandomForest,AdaBoost,MLP",sigmoid,models/stacking_sensitivity/h7_CV17_THY_CONT_STATES_locked_baseline.joblib,7,CV17_THY_CONT_STATES,SCH,25,0.00026440938011396847,0.00026440938011396847,True
locked_baseline,stacking,"KNeighbors,RandomForest,AdaBoost,MLP",isotonic,models/stacking_sensitivity/h7_CV17_THY_CONT_STATES_locked_baseline.joblib,7,CV17_THY_CONT_STATES,Age,1,0.08914232764034197,-0.051172629453598364,False
locked_baseline,stacking,"KNeighbors,RandomForest,AdaBoost,MLP",isotonic,models/stacking_sensitivity/h7_CV17_THY_CONT_STATES_locked_baseline.joblib,7,CV17_THY_CONT_STATES,LVEF,2,0.07501808700211623,0.009267570921721265,False
locked_baseline,stacking,"KNeighbors,RandomForest,AdaBoost,MLP",isotonic,models/stacking_sensitivity/h7_CV17_THY_CONT_STATES_locked_baseline.joblib,7,CV17_THY_CONT_STATES,Vessels,3,0.03092430784782343,-0.010914156731704885,False
locked_baseline,stacking,"KNeighbors,RandomForest,AdaBoost,MLP",isotonic,models/stacking_sensitivity/h7_CV17_THY_CONT_STATES_locked_baseline.joblib,7,CV17_THY_CONT_STATES,fT4,4,0.0257422276330287,-0.004291766719259606,True
locked_baseline,stacking,"KNeighbors,RandomForest,AdaBoost,MLP",isotonic,models/stacking_sensitivity/h7_CV17_THY_CONT_STATES_locked_baseline.joblib,7,CV17_THY_CONT_STATES,PostIsch_DCM,5,0.02224992627489022,0.007026704133142116,False
locked_baseline,stacking,"KNeighbors,RandomForest,AdaBoost,MLP",isotonic,models/stacking_sensitivity/h7_CV17_THY_CONT_STATES_locked_baseline.joblib,7,CV17_THY_CONT_STATES,Ischemia,6,0.020110522309389485,0.0014212766895046974,False
locked_baseline,stacking,"KNeighbors,RandomForest,AdaBoost,MLP",isotonic,models/stacking_sensitivity/h7_CV17_THY_CONT_STATES_locked_baseline.joblib,7,CV17_THY_CONT_STATES,Dyslipidemia,7,0.018443631147492444,0.0021216063871852464,False
locked_baseline,stacking,"KNeighbors,RandomForest,AdaBoost,MLP",isotonic,models/stacking_sensitivity/h7_CV17_THY_CONT_STATES_locked_baseline.joblib,7,CV17_THY_CONT_STATES,Diabetes,8,0.016129343068463944,0.009645247788571017,False
locked_baseline,stacking,"KNeighbors,RandomForest,AdaBoost,MLP",isotonic,models/stacking_sensitivity/h7_CV17_THY_CONT_STATES_locked_baseline.joblib,7,CV17_THY_CONT_STATES,Angina,9,0.01329769703406867,-0.00937727028980125,False
locked_baseline,stacking,"KNeighbors,RandomForest,AdaBoost,MLP",isotonic,models/stacking_sensitivity/h7_CV17_THY_CONT_STATES_locked_baseline.joblib,7,CV17_THY_CONT_STATES,Hypertension,10,0.011650792977895874,-0.002668342415178356,False
locked_baseline,stacking,"KNeighbors,RandomForest,AdaBoost,MLP",isotonic,models/stacking_sensitivity/h7_CV17_THY_CONT_STATES_locked_baseline.joblib,7,CV17_THY_CONT_STATES,fT3,11,0.010517514292858316,-0.0020234632875248027,True
locked_baseline,stacking,"KNeighbors,RandomForest,AdaBoost,MLP",isotonic,models/stacking_sensitivity/h7_CV17_THY_CONT_STATES_locked_baseline.joblib,7,CV17_THY_CONT_STATES,AFib,12,0.009671870272038828,0.0009227909812818823,False
locked_baseline,stacking,"KNeighbors,RandomForest,AdaBoost,MLP",isotonic,models/stacking_sensitivity/h7_CV17_THY_CONT_STATES_locked_baseline.joblib,7,CV17_THY_CONT_STATES,Angiography,13,0.006306954916167098,0.0032360842294048104,False
locked_baseline,stacking,"KNeighbors,RandomForest,AdaBoost,MLP",isotonic,models/stacking_sensitivity/h7_CV17_THY_CONT_STATES_locked_baseline.joblib,7,CV17_THY_CONT_STATES,TSH,14,0.006257265701596617,0.0013260946962579054,True
locked_baseline,stacking,"KNeighbors,RandomForest,AdaBoost,MLP",isotonic,models/stacking_sensitivity/h7_CV17_THY_CONT_STATES_locked_baseline.joblib,7,CV17_THY_CONT_STATES,Acute_MI,15,0.005483577998253021,-0.002949955606700308,False
locked_baseline,stacking,"KNeighbors,RandomForest,AdaBoost,MLP",isotonic,models/stacking_sensitivity/h7_CV17_THY_CONT_STATES_locked_baseline.joblib,7,CV17_THY_CONT_STATES,Low_T3,16,0.005262308209220636,-0.0014560737187820315,True
locked_baseline,stacking,"KNeighbors,RandomForest,AdaBoost,MLP",isotonic,models/stacking_sensitivity/h7_CV17_THY_CONT_STATES_locked_baseline.joblib,7,CV17_THY_CONT_STATES,Previous_MI,17,0.0043370679452116685,0.0013033217186497153,False
locked_baseline,stacking,"KNeighbors,RandomForest,AdaBoost,MLP",isotonic,models/stacking_sensitivity/h7_CV17_THY_CONT_STATES_locked_baseline.joblib,7,CV17_THY_CONT_STATES,Smoke,18,0.004149219007569494,-0.0009525096842077127,False
locked_baseline,stacking,"KNeighbors,RandomForest,AdaBoost,MLP",isotonic,models/stacking_sensitivity/h7_CV17_THY_CONT_STATES_locked_baseline.joblib,7,CV17_THY_CONT_STATES,Gender,19,0.004053769529834619,0.0013454345425723425,False
locked_baseline,stacking,"KNeighbors,RandomForest,AdaBoost,MLP",isotonic,models/stacking_sensitivity/h7_CV17_THY_CONT_STATES_locked_baseline.joblib,7,CV17_THY_CONT_STATES,Previous_PCI,20,0.0019343530108131297,0.0006958752495201993,False
locked_baseline,stacking,"KNeighbors,RandomForest,AdaBoost,MLP",isotonic,models/stacking_sensitivity/h7_CV17_THY_CONT_STATES_locked_baseline.joblib,7,CV17_THY_CONT_STATES,Hypothyroid,21,0.0014654431846374898,0.0013054962701779327,True
locked_baseline,stacking,"KNeighbors,RandomForest,AdaBoost,MLP",isotonic,models/stacking_sensitivity/h7_CV17_THY_CONT_STATES_locked_baseline.joblib,7,CV17_THY_CONT_STATES,Previous_CABG,22,0.0014616345287802855,0.0014616345287802855,False
locked_baseline,stacking,"KNeighbors,RandomForest,AdaBoost,MLP",isotonic,models/stacking_sensitivity/h7_CV17_THY_CONT_STATES_locked_baseline.joblib,7,CV17_THY_CONT_STATES,Hyperthyroid,23,0.0005180495039386038,0.00024082149269859823,True
locked_baseline,stacking,"KNeighbors,RandomForest,AdaBoost,MLP",isotonic,models/stacking_sensitivity/h7_CV17_THY_CONT_STATES_locked_baseline.joblib,7,CV17_THY_CONT_STATES,SCH,24,0.0002710400242852086,0.0002710400242852086,True
locked_baseline,stacking,"KNeighbors,RandomForest,AdaBoost,MLP",isotonic,models/stacking_sensitivity/h7_CV17_THY_CONT_STATES_locked_baseline.joblib,7,CV17_THY_CONT_STATES,SCT,25,0.0002679705750471301,-0.0001892217890002442,True
paper,stacking,"LogisticRegression,RandomForest,AdaBoost",raw,models/stacking_sensitivity/h7_CV17_THY_CONT_STATES_paper.joblib,7,CV17_THY_CONT_STATES,Age,1,0.09574078730985229,-0.056841616088984054,False
paper,stacking,"LogisticRegression,RandomForest,AdaBoost",raw,models/stacking_sensitivity/h7_CV17_THY_CONT_STATES_paper.joblib,7,CV17_THY_CONT_STATES,LVEF,2,0.0749492909617023,0.006465408006647801,False
paper,stacking,"LogisticRegression,RandomForest,AdaBoost",raw,models/stacking_sensitivity/h7_CV17_THY_CONT_STATES_paper.joblib,7,CV17_THY_CONT_STATES,PostIsch_DCM,3,0.023792342622413545,0.007745069289059956,False
paper,stacking,"LogisticRegression,RandomForest,AdaBoost",raw,models/stacking_sensitivity/h7_CV17_THY_CONT_STATES_paper.joblib,7,CV17_THY_CONT_STATES,fT4,4,0.021795409268612755,-0.005556896421909456,True
paper,stacking,"LogisticRegression,RandomForest,AdaBoost",raw,models/stacking_sensitivity/h7_CV17_THY_CONT_STATES_paper.joblib,7,CV17_THY_CONT_STATES,Vessels,5,0.02171277750729561,-0.009892745955655344,False
paper,stacking,"LogisticRegression,RandomForest,AdaBoost",raw,models/stacking_sensitivity/h7_CV17_THY_CONT_STATES_paper.joblib,7,CV17_THY_CONT_STATES,Dyslipidemia,6,0.018029457920964612,0.00299101086972041,False
paper,stacking,"LogisticRegression,RandomForest,AdaBoost",raw,models/stacking_sensitivity/h7_CV17_THY_CONT_STATES_paper.joblib,7,CV17_THY_CONT_STATES,Diabetes,7,0.015391333709351977,0.010247370621013616,False
paper,stacking,"LogisticRegression,RandomForest,AdaBoost",raw,models/stacking_sensitivity/h7_CV17_THY_CONT_STATES_paper.joblib,7,CV17_THY_CONT_STATES,Ischemia,8,0.014850841457476237,0.0013112378425973559,False
paper,stacking,"LogisticRegression,RandomForest,AdaBoost",raw,models/stacking_sensitivity/h7_CV17_THY_CONT_STATES_paper.joblib,7,CV17_THY_CONT_STATES,AFib,9,0.011025993219840177,-0.000829413447852013,False
paper,stacking,"LogisticRegression,RandomForest,AdaBoost",raw,models/stacking_sensitivity/h7_CV17_THY_CONT_STATES_paper.joblib,7,CV17_THY_CONT_STATES,fT3,10,0.010482410953488813,-0.004367939136041743,True
paper,stacking,"LogisticRegression,RandomForest,AdaBoost",raw,models/stacking_sensitivity/h7_CV17_THY_CONT_STATES_paper.joblib,7,CV17_THY_CONT_STATES,Hypertension,11,0.006324060384311677,-0.001867671772734288,False
paper,stacking,"LogisticRegression,RandomForest,AdaBoost",raw,models/stacking_sensitivity/h7_CV17_THY_CONT_STATES_paper.joblib,7,CV17_THY_CONT_STATES,Angina,12,0.006213511122024395,-0.004979950253395664,False
paper,stacking,"LogisticRegression,RandomForest,AdaBoost",raw,models/stacking_sensitivity/h7_CV17_THY_CONT_STATES_paper.joblib,7,CV17_THY_CONT_STATES,TSH,13,0.00599768279373004,0.0003778128675195398,True
paper,stacking,"LogisticRegression,RandomForest,AdaBoost",raw,models/stacking_sensitivity/h7_CV17_THY_CONT_STATES_paper.joblib,7,CV17_THY_CONT_STATES,Acute_MI,14,0.0053676632882518685,-0.0027618083352801844,False
paper,stacking,"LogisticRegression,RandomForest,AdaBoost",raw,models/stacking_sensitivity/h7_CV17_THY_CONT_STATES_paper.joblib,7,CV17_THY_CONT_STATES,Smoke,15,0.0038962802191425017,-0.001637852257262323,False
paper,stacking,"LogisticRegression,RandomForest,AdaBoost",raw,models/stacking_sensitivity/h7_CV17_THY_CONT_STATES_paper.joblib,7,CV17_THY_CONT_STATES,Low_T3,16,0.003053916787450858,-0.0012558310210206746,True
paper,stacking,"LogisticRegression,RandomForest,AdaBoost",raw,models/stacking_sensitivity/h7_CV17_THY_CONT_STATES_paper.joblib,7,CV17_THY_CONT_STATES,Angiography,17,0.002855966197739424,0.0015820172762824616,False
paper,stacking,"LogisticRegression,RandomForest,AdaBoost",raw,models/stacking_sensitivity/h7_CV17_THY_CONT_STATES_paper.joblib,7,CV17_THY_CONT_STATES,Previous_MI,18,0.0027932448420842798,0.0004308248542109545,False
paper,stacking,"LogisticRegression,RandomForest,AdaBoost",raw,models/stacking_sensitivity/h7_CV17_THY_CONT_STATES_paper.joblib,7,CV17_THY_CONT_STATES,Gender,19,0.001566700164064921,0.0002881847677401784,False
paper,stacking,"LogisticRegression,RandomForest,AdaBoost",raw,models/stacking_sensitivity/h7_CV17_THY_CONT_STATES_paper.joblib,7,CV17_THY_CONT_STATES,Previous_CABG,20,0.0012052933048208206,0.0012052933048208206,False
paper,stacking,"LogisticRegression,RandomForest,AdaBoost",raw,models/stacking_sensitivity/h7_CV17_THY_CONT_STATES_paper.joblib,7,CV17_THY_CONT_STATES,Previous_PCI,21,0.0010519862107939376,0.00027153393155813956,False
paper,stacking,"LogisticRegression,RandomForest,AdaBoost",raw,models/stacking_sensitivity/h7_CV17_THY_CONT_STATES_paper.joblib,7,CV17_THY_CONT_STATES,Hypothyroid,22,0.0004678819505145764,0.000466288813563966,True
paper,stacking,"LogisticRegression,RandomForest,AdaBoost",raw,models/stacking_sensitivity/h7_CV17_THY_CONT_STATES_paper.joblib,7,CV17_THY_CONT_STATES,SCT,23,0.0002789259912529968,-0.0002789259912529968,True
paper,stacking,"LogisticRegression,RandomForest,AdaBoost",raw,models/stacking_sensitivity/h7_CV17_THY_CONT_STATES_paper.joblib,7,CV17_THY_CONT_STATES,SCH,24,0.00021847693728977715,0.00021847693728977715,True
paper,stacking,"LogisticRegression,RandomForest,AdaBoost",raw,models/stacking_sensitivity/h7_CV17_THY_CONT_STATES_paper.joblib,7,CV17_THY_CONT_STATES,Hyperthyroid,25,0.00018968163425668125,0.00018968163425668125,True
paper,stacking,"LogisticRegression,RandomForest,AdaBoost",sigmoid,models/stacking_sensitivity/h7_CV17_THY_CONT_STATES_paper.joblib,7,CV17_THY_CONT_STATES,Age,1,0.09413350101568366,-0.05601423632778755,False
paper,stacking,"LogisticRegression,RandomForest,AdaBoost",sigmoid,models/stacking_sensitivity/h7_CV17_THY_CONT_STATES_paper.joblib,7,CV17_THY_CONT_STATES,LVEF,2,0.0738218324790149,0.0062539815296310235,False
paper,stacking,"LogisticRegression,RandomForest,AdaBoost",sigmoid,models/stacking_sensitivity/h7_CV17_THY_CONT_STATES_paper.joblib,7,CV17_THY_CONT_STATES,PostIsch_DCM,3,0.023573281136508643,0.007669626762158276,False
paper,stacking,"LogisticRegression,RandomForest,AdaBoost",sigmoid,models/stacking_sensitivity/h7_CV17_THY_CONT_STATES_paper.joblib,7,CV17_THY_CONT_STATES,fT4,4,0.02148334792027328,-0.005617777512070612,True
paper,stacking,"LogisticRegression,RandomForest,AdaBoost",sigmoid,models/stacking_sensitivity/h7_CV17_THY_CONT_STATES_paper.joblib,7,CV17_THY_CONT_STATES,Vessels,5,0.021453314503701557,-0.009831041846310855,False
paper,stacking,"LogisticRegression,RandomForest,AdaBoost",sigmoid,models/stacking_sensitivity/h7_CV17_THY_CONT_STATES_paper.joblib,7,CV17_THY_CONT_STATES,Dyslipidemia,6,0.017744598431411945,0.0029275280400271743,False
paper,stacking,"LogisticRegression,RandomForest,AdaBoost",sigmoid,models/stacking_sensitivity/h7_CV17_THY_CONT_STATES_paper.joblib,7,CV17_THY_CONT_STATES,Diabetes,7,0.015126776801993367,0.010082979829881418,False
paper,stacking,"LogisticRegression,RandomForest,AdaBoost",sigmoid,models/stacking_sensitivity/h7_CV17_THY_CONT_STATES_paper.joblib,7,CV17_THY_CONT_STATES,Ischemia,8,0.014646250535058272,0.0012700659855167718,False
paper,stacking,"LogisticRegression,RandomForest,AdaBoost",sigmoid,models/stacking_sensitivity/h7_CV17_THY_CONT_STATES_paper.joblib,7,CV17_THY_CONT_STATES,AFib,9,0.010814585052795382,-0.0007992248155207029,False
paper,stacking,"LogisticRegression,RandomForest,AdaBoost",sigmoid,models/stacking_sensitivity/h7_CV17_THY_CONT_STATES_paper.joblib,7,CV17_THY_CONT_STATES,fT3,10,0.010343585271747606,-0.004362996350846812,True
paper,stacking,"LogisticRegression,RandomForest,AdaBoost",sigmoid,models/stacking_sensitivity/h7_CV17_THY_CONT_STATES_paper.joblib,7,CV17_THY_CONT_STATES,Hypertension,11,0.006222004406946404,-0.0018545389172127155,False
paper,stacking,"LogisticRegression,RandomForest,AdaBoost",sigmoid,models/stacking_sensitivity/h7_CV17_THY_CONT_STATES_paper.joblib,7,CV17_THY_CONT_STATES,Angina,12,0.006111858323686446,-0.004910106693296379,False
paper,stacking,"LogisticRegression,RandomForest,AdaBoost",sigmoid,models/stacking_sensitivity/h7_CV17_THY_CONT_STATES_paper.joblib,7,CV17_THY_CONT_STATES,TSH,13,0.005892286218761201,0.0003308379679091177,True
paper,stacking,"LogisticRegression,RandomForest,AdaBoost",sigmoid,models/stacking_sensitivity/h7_CV17_THY_CONT_STATES_paper.joblib,7,CV17_THY_CONT_STATES,Acute_MI,14,0.0052884469924152095,-0.0027198221497504076,False
paper,stacking,"LogisticRegression,RandomForest,AdaBoost",sigmoid,models/stacking_sensitivity/h7_CV17_THY_CONT_STATES_paper.joblib,7,CV17_THY_CONT_STATES,Smoke,15,0.0038335079646124415,-0.0016228373824011422,False
paper,stacking,"LogisticRegression,RandomForest,AdaBoost",sigmoid,models/stacking_sensitivity/h7_CV17_THY_CONT_STATES_paper.joblib,7,CV17_THY_CONT_STATES,Low_T3,16,0.0030118985106507646,-0.001252790148582302,True
paper,stacking,"LogisticRegression,RandomForest,AdaBoost",sigmoid,models/stacking_sensitivity/h7_CV17_THY_CONT_STATES_paper.joblib,7,CV17_THY_CONT_STATES,Angiography,17,0.0028233195559757823,0.0015615931535347017,False
paper,stacking,"LogisticRegression,RandomForest,AdaBoost",sigmoid,models/stacking_sensitivity/h7_CV17_THY_CONT_STATES_paper.joblib,7,CV17_THY_CONT_STATES,Previous_MI,18,0.0027613676339133795,0.00043289805421179556,False
paper,stacking,"LogisticRegression,RandomForest,AdaBoost",sigmoid,models/stacking_sensitivity/h7_CV17_THY_CONT_STATES_paper.joblib,7,CV17_THY_CONT_STATES,Gender,19,0.0015498803561034545,0.0002691566605273032,False
paper,stacking,"LogisticRegression,RandomForest,AdaBoost",sigmoid,models/stacking_sensitivity/h7_CV17_THY_CONT_STATES_paper.joblib,7,CV17_THY_CONT_STATES,Previous_CABG,20,0.0011826274454505854,0.0011826274454505854,False
paper,stacking,"LogisticRegression,RandomForest,AdaBoost",sigmoid,models/stacking_sensitivity/h7_CV17_THY_CONT_STATES_paper.joblib,7,CV17_THY_CONT_STATES,Previous_PCI,21,0.0010272846615038572,0.00026548189557229533,False
paper,stacking,"LogisticRegression,RandomForest,AdaBoost",sigmoid,models/stacking_sensitivity/h7_CV17_THY_CONT_STATES_paper.joblib,7,CV17_THY_CONT_STATES,Hypothyroid,22,0.00046045863627525835,0.00045891882059816234,True
paper,stacking,"LogisticRegression,RandomForest,AdaBoost",sigmoid,models/stacking_sensitivity/h7_CV17_THY_CONT_STATES_paper.joblib,7,CV17_THY_CONT_STATES,SCT,23,0.0002739847387619433,-0.0002739847387619433,True
paper,stacking,"LogisticRegression,RandomForest,AdaBoost",sigmoid,models/stacking_sensitivity/h7_CV17_THY_CONT_STATES_paper.joblib,7,CV17_THY_CONT_STATES,SCH,24,0.00021442917673450342,0.00021442917673450342,True
paper,stacking,"LogisticRegression,RandomForest,AdaBoost",sigmoid,models/stacking_sensitivity/h7_CV17_THY_CONT_STATES_paper.joblib,7,CV17_THY_CONT_STATES,Hyperthyroid,25,0.0001866468918925209,0.0001866468918925209,True
paper,stacking,"LogisticRegression,RandomForest,AdaBoost",isotonic,models/stacking_sensitivity/h7_CV17_THY_CONT_STATES_paper.joblib,7,CV17_THY_CONT_STATES,Age,1,0.0951105370514301,-0.055060355135600945,False
paper,stacking,"LogisticRegression,RandomForest,AdaBoost",isotonic,models/stacking_sensitivity/h7_CV17_THY_CONT_STATES_paper.joblib,7,CV17_THY_CONT_STATES,LVEF,2,0.07292097162541927,0.007646218593282609,False
paper,stacking,"LogisticRegression,RandomForest,AdaBoost",isotonic,models/stacking_sensitivity/h7_CV17_THY_CONT_STATES_paper.joblib,7,CV17_THY_CONT_STATES,PostIsch_DCM,3,0.024761080963764146,0.007918376126848304,False
paper,stacking,"LogisticRegression,RandomForest,AdaBoost",isotonic,models/stacking_sensitivity/h7_CV17_THY_CONT_STATES_paper.joblib,7,CV17_THY_CONT_STATES,Vessels,4,0.02225556728712662,-0.009770645436377495,False
paper,stacking,"LogisticRegression,RandomForest,AdaBoost",isotonic,models/stacking_sensitivity/h7_CV17_THY_CONT_STATES_paper.joblib,7,CV17_THY_CONT_STATES,fT4,5,0.021590751819989124,-0.006961062730899434,True
paper,stacking,"LogisticRegression,RandomForest,AdaBoost",isotonic,models/stacking_sensitivity/h7_CV17_THY_CONT_STATES_paper.joblib,7,CV17_THY_CONT_STATES,Dyslipidemia,6,0.01933512215577337,0.0027430343333643067,False
paper,stacking,"LogisticRegression,RandomForest,AdaBoost",isotonic,models/stacking_sensitivity/h7_CV17_THY_CONT_STATES_paper.joblib,7,CV17_THY_CONT_STATES,Ischemia,7,0.015914594774605453,0.0024489216163214307,False
paper,stacking,"LogisticRegression,RandomForest,AdaBoost",isotonic,models/stacking_sensitivity/h7_CV17_THY_CONT_STATES_paper.joblib,7,CV17_THY_CONT_STATES,Diabetes,8,0.015254482119616728,0.009895087382015139,False
paper,stacking,"LogisticRegression,RandomForest,AdaBoost",isotonic,models/stacking_sensitivity/h7_CV17_THY_CONT_STATES_paper.joblib,7,CV17_THY_CONT_STATES,fT3,9,0.011140166499962197,-0.004909525956779908,True
paper,stacking,"LogisticRegression,RandomForest,AdaBoost",isotonic,models/stacking_sensitivity/h7_CV17_THY_CONT_STATES_paper.joblib,7,CV17_THY_CONT_STATES,AFib,10,0.010824813959618807,-0.0011617390309460653,False
paper,stacking,"LogisticRegression,RandomForest,AdaBoost",isotonic,models/stacking_sensitivity/h7_CV17_THY_CONT_STATES_paper.joblib,7,CV17_THY_CONT_STATES,Angina,11,0.006967714331360066,-0.005668858839388343,False
paper,stacking,"LogisticRegression,RandomForest,AdaBoost",isotonic,models/stacking_sensitivity/h7_CV17_THY_CONT_STATES_paper.joblib,7,CV17_THY_CONT_STATES,TSH,12,0.006498055006790889,0.0007981406301794003,True
paper,stacking,"LogisticRegression,RandomForest,AdaBoost",isotonic,models/stacking_sensitivity/h7_CV17_THY_CONT_STATES_paper.joblib,7,CV17_THY_CONT_STATES,Hypertension,13,0.006449675048628285,-0.0016381682942771289,False
paper,stacking,"LogisticRegression,RandomForest,AdaBoost",isotonic,models/stacking_sensitivity/h7_CV17_THY_CONT_STATES_paper.joblib,7,CV17_THY_CONT_STATES,Acute_MI,14,0.005482211338159346,-0.0029684457219971675,False
paper,stacking,"LogisticRegression,RandomForest,AdaBoost",isotonic,models/stacking_sensitivity/h7_CV17_THY_CONT_STATES_paper.joblib,7,CV17_THY_CONT_STATES,Smoke,15,0.004134881750757356,-0.0019114944937903377,False
paper,stacking,"LogisticRegression,RandomForest,AdaBoost",isotonic,models/stacking_sensitivity/h7_CV17_THY_CONT_STATES_paper.joblib,7,CV17_THY_CONT_STATES,Previous_MI,16,0.003539455557371855,0.0009749545458069116,False
paper,stacking,"LogisticRegression,RandomForest,AdaBoost",isotonic,models/stacking_sensitivity/h7_CV17_THY_CONT_STATES_paper.joblib,7,CV17_THY_CONT_STATES,Low_T3,17,0.0030102645953716594,-0.0009320490373486308,True
paper,stacking,"LogisticRegression,RandomForest,AdaBoost",isotonic,models/stacking_sensitivity/h7_CV17_THY_CONT_STATES_paper.joblib,7,CV17_THY_CONT_STATES,Angiography,18,0.002861126783968804,0.001369379161330099,False
paper,stacking,"LogisticRegression,RandomForest,AdaBoost",isotonic,models/stacking_sensitivity/h7_CV17_THY_CONT_STATES_paper.joblib,7,CV17_THY_CONT_STATES,Gender,19,0.0017463054248181612,0.0006269327208718227,False
paper,stacking,"LogisticRegression,RandomForest,AdaBoost",isotonic,models/stacking_sensitivity/h7_CV17_THY_CONT_STATES_paper.joblib,7,CV17_THY_CONT_STATES,Previous_PCI,20,0.0016027551994016753,0.0005957610575837835,False
paper,stacking,"LogisticRegression,RandomForest,AdaBoost",isotonic,models/stacking_sensitivity/h7_CV17_THY_CONT_STATES_paper.joblib,7,CV17_THY_CONT_STATES,Previous_CABG,21,0.0012398279483832402,0.0012398279483832402,False
paper,stacking,"LogisticRegression,RandomForest,AdaBoost",isotonic,models/stacking_sensitivity/h7_CV17_THY_CONT_STATES_paper.joblib,7,CV17_THY_CONT_STATES,Hypothyroid,22,0.00033949627357572425,0.00030939855189383435,True
paper,stacking,"LogisticRegression,RandomForest,AdaBoost",isotonic,models/stacking_sensitivity/h7_CV17_THY_CONT_STATES_paper.joblib,7,CV17_THY_CONT_STATES,SCT,23,0.00030932750107630445,-0.00030932750107630445,True
paper,stacking,"LogisticRegression,RandomForest,AdaBoost",isotonic,models/stacking_sensitivity/h7_CV17_THY_CONT_STATES_paper.joblib,7,CV17_THY_CONT_STATES,Hyperthyroid,24,0.00020944915616814426,0.00016120558807791033,True
paper,stacking,"LogisticRegression,RandomForest,AdaBoost",isotonic,models/stacking_sensitivity/h7_CV17_THY_CONT_STATES_paper.joblib,7,CV17_THY_CONT_STATES,SCH,25,0.00020759490461545846,0.00020759490461545846,True
same_members_reselected_C,stacking,"KNeighbors,RandomForest,AdaBoost,MLP",raw,cache/classification_explainability/prepared_h7_CV17_THY_CONT_STATES.joblib,7,CV17_THY_CONT_STATES,Age,1,0.09355403251376918,-0.0547506776748128,False
same_members_reselected_C,stacking,"KNeighbors,RandomForest,AdaBoost,MLP",raw,cache/classification_explainability/prepared_h7_CV17_THY_CONT_STATES.joblib,7,CV17_THY_CONT_STATES,LVEF,2,0.07103644871081284,0.006519326680927369,False
same_members_reselected_C,stacking,"KNeighbors,RandomForest,AdaBoost,MLP",raw,cache/classification_explainability/prepared_h7_CV17_THY_CONT_STATES.joblib,7,CV17_THY_CONT_STATES,fT4,3,0.02275797866018189,-0.0065182812754903015,True
same_members_reselected_C,stacking,"KNeighbors,RandomForest,AdaBoost,MLP",raw,cache/classification_explainability/prepared_h7_CV17_THY_CONT_STATES.joblib,7,CV17_THY_CONT_STATES,PostIsch_DCM,4,0.022678770579642127,0.007300524501052061,False
same_members_reselected_C,stacking,"KNeighbors,RandomForest,AdaBoost,MLP",raw,cache/classification_explainability/prepared_h7_CV17_THY_CONT_STATES.joblib,7,CV17_THY_CONT_STATES,Vessels,5,0.021148062019367087,-0.009303415727668074,False
same_members_reselected_C,stacking,"KNeighbors,RandomForest,AdaBoost,MLP",raw,cache/classification_explainability/prepared_h7_CV17_THY_CONT_STATES.joblib,7,CV17_THY_CONT_STATES,Dyslipidemia,6,0.018383610282714468,0.0030326638415057753,False
same_members_reselected_C,stacking,"KNeighbors,RandomForest,AdaBoost,MLP",raw,cache/classification_explainability/prepared_h7_CV17_THY_CONT_STATES.joblib,7,CV17_THY_CONT_STATES,Diabetes,7,0.017743822675846763,0.011063498272799004,False
same_members_reselected_C,stacking,"KNeighbors,RandomForest,AdaBoost,MLP",raw,cache/classification_explainability/prepared_h7_CV17_THY_CONT_STATES.joblib,7,CV17_THY_CONT_STATES,AFib,8,0.013412691343865017,-2.252680768401313e-05,False
same_members_reselected_C,stacking,"KNeighbors,RandomForest,AdaBoost,MLP",raw,cache/classification_explainability/prepared_h7_CV17_THY_CONT_STATES.joblib,7,CV17_THY_CONT_STATES,Ischemia,9,0.012911666888932652,0.001270643297020607,False
same_members_reselected_C,stacking,"KNeighbors,RandomForest,AdaBoost,MLP",raw,cache/classification_explainability/prepared_h7_CV17_THY_CONT_STATES.joblib,7,CV17_THY_CONT_STATES,fT3,10,0.009129240660598847,-0.003961039115919469,True
same_members_reselected_C,stacking,"KNeighbors,RandomForest,AdaBoost,MLP",raw,cache/classification_explainability/prepared_h7_CV17_THY_CONT_STATES.joblib,7,CV17_THY_CONT_STATES,Acute_MI,11,0.008449341988585029,-0.00460333652356521,False
same_members_reselected_C,stacking,"KNeighbors,RandomForest,AdaBoost,MLP",raw,cache/classification_explainability/prepared_h7_CV17_THY_CONT_STATES.joblib,7,CV17_THY_CONT_STATES,TSH,12,0.005855545891649945,0.00036372762037735614,True
same_members_reselected_C,stacking,"KNeighbors,RandomForest,AdaBoost,MLP",raw,cache/classification_explainability/prepared_h7_CV17_THY_CONT_STATES.joblib,7,CV17_THY_CONT_STATES,Low_T3,13,0.005839501048742907,-0.0019972093898439347,True
same_members_reselected_C,stacking,"KNeighbors,RandomForest,AdaBoost,MLP",raw,cache/classification_explainability/prepared_h7_CV17_THY_CONT_STATES.joblib,7,CV17_THY_CONT_STATES,Angina,14,0.005323256674639181,-0.0041276212637306915,False
same_members_reselected_C,stacking,"KNeighbors,RandomForest,AdaBoost,MLP",raw,cache/classification_explainability/prepared_h7_CV17_THY_CONT_STATES.joblib,7,CV17_THY_CONT_STATES,Hypertension,15,0.004684554711032486,-0.0009839277774382198,False
same_members_reselected_C,stacking,"KNeighbors,RandomForest,AdaBoost,MLP",raw,cache/classification_explainability/prepared_h7_CV17_THY_CONT_STATES.joblib,7,CV17_THY_CONT_STATES,Angiography,16,0.004415853143597038,0.0018890084021522073,False
same_members_reselected_C,stacking,"KNeighbors,RandomForest,AdaBoost,MLP",raw,cache/classification_explainability/prepared_h7_CV17_THY_CONT_STATES.joblib,7,CV17_THY_CONT_STATES,Previous_MI,17,0.002717204261069251,0.0007026466893555131,False
same_members_reselected_C,stacking,"KNeighbors,RandomForest,AdaBoost,MLP",raw,cache/classification_explainability/prepared_h7_CV17_THY_CONT_STATES.joblib,7,CV17_THY_CONT_STATES,Gender,18,0.002545946238550661,0.00048712764138103174,False
same_members_reselected_C,stacking,"KNeighbors,RandomForest,AdaBoost,MLP",raw,cache/classification_explainability/prepared_h7_CV17_THY_CONT_STATES.joblib,7,CV17_THY_CONT_STATES,Smoke,19,0.0023255807269657925,-0.0008968823235991956,False
same_members_reselected_C,stacking,"KNeighbors,RandomForest,AdaBoost,MLP",raw,cache/classification_explainability/prepared_h7_CV17_THY_CONT_STATES.joblib,7,CV17_THY_CONT_STATES,Previous_PCI,20,0.0016304883944533155,0.0005492252244918228,False
same_members_reselected_C,stacking,"KNeighbors,RandomForest,AdaBoost,MLP",raw,cache/classification_explainability/prepared_h7_CV17_THY_CONT_STATES.joblib,7,CV17_THY_CONT_STATES,Previous_CABG,21,0.0015072295936588947,0.0015072295936588947,False
same_members_reselected_C,stacking,"KNeighbors,RandomForest,AdaBoost,MLP",raw,cache/classification_explainability/prepared_h7_CV17_THY_CONT_STATES.joblib,7,CV17_THY_CONT_STATES,Hypothyroid,22,0.0007050355884429529,0.0005915194923247563,True
same_members_reselected_C,stacking,"KNeighbors,RandomForest,AdaBoost,MLP",raw,cache/classification_explainability/prepared_h7_CV17_THY_CONT_STATES.joblib,7,CV17_THY_CONT_STATES,Hyperthyroid,23,0.00048243608435896126,0.00048243608435896126,True
same_members_reselected_C,stacking,"KNeighbors,RandomForest,AdaBoost,MLP",raw,cache/classification_explainability/prepared_h7_CV17_THY_CONT_STATES.joblib,7,CV17_THY_CONT_STATES,SCH,24,0.00034463093772334717,0.00034463093772334717,True
same_members_reselected_C,stacking,"KNeighbors,RandomForest,AdaBoost,MLP",raw,cache/classification_explainability/prepared_h7_CV17_THY_CONT_STATES.joblib,7,CV17_THY_CONT_STATES,SCT,25,0.00016279225528804391,0.00016279225528804391,True
same_members_reselected_C,stacking,"KNeighbors,RandomForest,AdaBoost,MLP",sigmoid,cache/classification_explainability/prepared_h7_CV17_THY_CONT_STATES.joblib,7,CV17_THY_CONT_STATES,Age,1,0.09329924424080296,-0.0547752271089797,False
same_members_reselected_C,stacking,"KNeighbors,RandomForest,AdaBoost,MLP",sigmoid,cache/classification_explainability/prepared_h7_CV17_THY_CONT_STATES.joblib,7,CV17_THY_CONT_STATES,LVEF,2,0.07099317753317004,0.006406842580750471,False
same_members_reselected_C,stacking,"KNeighbors,RandomForest,AdaBoost,MLP",sigmoid,cache/classification_explainability/prepared_h7_CV17_THY_CONT_STATES.joblib,7,CV17_THY_CONT_STATES,PostIsch_DCM,3,0.02276610552341236,0.007308774617294057,False
same_members_reselected_C,stacking,"KNeighbors,RandomForest,AdaBoost,MLP",sigmoid,cache/classification_explainability/prepared_h7_CV17_THY_CONT_STATES.joblib,7,CV17_THY_CONT_STATES,fT4,4,0.02275834074842895,-0.0066463076593600255,True
same_members_reselected_C,stacking,"KNeighbors,RandomForest,AdaBoost,MLP",sigmoid,cache/classification_explainability/prepared_h7_CV17_THY_CONT_STATES.joblib,7,CV17_THY_CONT_STATES,Vessels,5,0.02117255809745366,-0.009366959371583848,False
same_members_reselected_C,stacking,"KNeighbors,RandomForest,AdaBoost,MLP",sigmoid,cache/classification_explainability/prepared_h7_CV17_THY_CONT_STATES.joblib,7,CV17_THY_CONT_STATES,Dyslipidemia,6,0.01833487721265911,0.0030125074443572517,False
same_members_reselected_C,stacking,"KNeighbors,RandomForest,AdaBoost,MLP",sigmoid,cache/classification_explainability/prepared_h7_CV17_THY_CONT_STATES.joblib,7,CV17_THY_CONT_STATES,Diabetes,7,0.017707552633335878,0.011050284331256866,False
same_members_reselected_C,stacking,"KNeighbors,RandomForest,AdaBoost,MLP",sigmoid,cache/classification_explainability/prepared_h7_CV17_THY_CONT_STATES.joblib,7,CV17_THY_CONT_STATES,AFib,8,0.013365178955982155,-1.8113962966510074e-05,False
same_members_reselected_C,stacking,"KNeighbors,RandomForest,AdaBoost,MLP",sigmoid,cache/classification_explainability/prepared_h7_CV17_THY_CONT_STATES.joblib,7,CV17_THY_CONT_STATES,Ischemia,9,0.012879615385804637,0.0012322677292583226,False
same_members_reselected_C,stacking,"KNeighbors,RandomForest,AdaBoost,MLP",sigmoid,cache/classification_explainability/prepared_h7_CV17_THY_CONT_STATES.joblib,7,CV17_THY_CONT_STATES,fT3,10,0.009133429104468953,-0.0039982781731154275,True
same_members_reselected_C,stacking,"KNeighbors,RandomForest,AdaBoost,MLP",sigmoid,cache/classification_explainability/prepared_h7_CV17_THY_CONT_STATES.joblib,7,CV17_THY_CONT_STATES,Acute_MI,11,0.008443737465922044,-0.004601032697644979,False
same_members_reselected_C,stacking,"KNeighbors,RandomForest,AdaBoost,MLP",sigmoid,cache/classification_explainability/prepared_h7_CV17_THY_CONT_STATES.joblib,7,CV17_THY_CONT_STATES,Low_T3,12,0.005821836847342163,-0.0019980290599463896,True
same_members_reselected_C,stacking,"KNeighbors,RandomForest,AdaBoost,MLP",sigmoid,cache/classification_explainability/prepared_h7_CV17_THY_CONT_STATES.joblib,7,CV17_THY_CONT_STATES,TSH,13,0.005814339235670207,0.0003175772267457059,True
same_members_reselected_C,stacking,"KNeighbors,RandomForest,AdaBoost,MLP",sigmoid,cache/classification_explainability/prepared_h7_CV17_THY_CONT_STATES.joblib,7,CV17_THY_CONT_STATES,Angina,14,0.005296333161356173,-0.004121869842240618,False
same_members_reselected_C,stacking,"KNeighbors,RandomForest,AdaBoost,MLP",sigmoid,cache/classification_explainability/prepared_h7_CV17_THY_CONT_STATES.joblib,7,CV17_THY_CONT_STATES,Hypertension,15,0.004663799677764935,-0.001001524547824718,False
same_members_reselected_C,stacking,"KNeighbors,RandomForest,AdaBoost,MLP",sigmoid,cache/classification_explainability/prepared_h7_CV17_THY_CONT_STATES.joblib,7,CV17_THY_CONT_STATES,Angiography,16,0.004421262711552055,0.0018955620480109773,False
same_members_reselected_C,stacking,"KNeighbors,RandomForest,AdaBoost,MLP",sigmoid,cache/classification_explainability/prepared_h7_CV17_THY_CONT_STATES.joblib,7,CV17_THY_CONT_STATES,Previous_MI,17,0.0027158164789168175,0.0007050947636153991,False
same_members_reselected_C,stacking,"KNeighbors,RandomForest,AdaBoost,MLP",sigmoid,cache/classification_explainability/prepared_h7_CV17_THY_CONT_STATES.joblib,7,CV17_THY_CONT_STATES,Gender,18,0.0025357855851220077,0.00047240458482576176,False
same_members_reselected_C,stacking,"KNeighbors,RandomForest,AdaBoost,MLP",sigmoid,cache/classification_explainability/prepared_h7_CV17_THY_CONT_STATES.joblib,7,CV17_THY_CONT_STATES,Smoke,19,0.0023165591383010444,-0.0008996623670380577,False
same_members_reselected_C,stacking,"KNeighbors,RandomForest,AdaBoost,MLP",sigmoid,cache/classification_explainability/prepared_h7_CV17_THY_CONT_STATES.joblib,7,CV17_THY_CONT_STATES,Previous_PCI,20,0.0016116877132289302,0.0005520259503252321,False
same_members_reselected_C,stacking,"KNeighbors,RandomForest,AdaBoost,MLP",sigmoid,cache/classification_explainability/prepared_h7_CV17_THY_CONT_STATES.joblib,7,CV17_THY_CONT_STATES,Previous_CABG,21,0.0014926531365146484,0.0014926531365146484,False
same_members_reselected_C,stacking,"KNeighbors,RandomForest,AdaBoost,MLP",sigmoid,cache/classification_explainability/prepared_h7_CV17_THY_CONT_STATES.joblib,7,CV17_THY_CONT_STATES,Hypothyroid,22,0.0007059054050490384,0.0005939001335689654,True
same_members_reselected_C,stacking,"KNeighbors,RandomForest,AdaBoost,MLP",sigmoid,cache/classification_explainability/prepared_h7_CV17_THY_CONT_STATES.joblib,7,CV17_THY_CONT_STATES,Hyperthyroid,23,0.0004795771759177339,0.00047957717591773385,True
same_members_reselected_C,stacking,"KNeighbors,RandomForest,AdaBoost,MLP",sigmoid,cache/classification_explainability/prepared_h7_CV17_THY_CONT_STATES.joblib,7,CV17_THY_CONT_STATES,SCH,24,0.00034117683775697447,0.00034117683775697447,True
same_members_reselected_C,stacking,"KNeighbors,RandomForest,AdaBoost,MLP",sigmoid,cache/classification_explainability/prepared_h7_CV17_THY_CONT_STATES.joblib,7,CV17_THY_CONT_STATES,SCT,25,0.00016158488101223405,0.00016158488101223405,True
same_members_reselected_C,stacking,"KNeighbors,RandomForest,AdaBoost,MLP",isotonic,cache/classification_explainability/prepared_h7_CV17_THY_CONT_STATES.joblib,7,CV17_THY_CONT_STATES,Age,1,0.09289104504386721,-0.05178475773538899,False
same_members_reselected_C,stacking,"KNeighbors,RandomForest,AdaBoost,MLP",isotonic,cache/classification_explainability/prepared_h7_CV17_THY_CONT_STATES.joblib,7,CV17_THY_CONT_STATES,LVEF,2,0.07143087509365968,0.006687028823388261,False
same_members_reselected_C,stacking,"KNeighbors,RandomForest,AdaBoost,MLP",isotonic,cache/classification_explainability/prepared_h7_CV17_THY_CONT_STATES.joblib,7,CV17_THY_CONT_STATES,PostIsch_DCM,3,0.024673632679580858,0.0060646361896317105,False
same_members_reselected_C,stacking,"KNeighbors,RandomForest,AdaBoost,MLP",isotonic,cache/classification_explainability/prepared_h7_CV17_THY_CONT_STATES.joblib,7,CV17_THY_CONT_STATES,Vessels,4,0.02236137665456461,-0.009425404314249531,False
same_members_reselected_C,stacking,"KNeighbors,RandomForest,AdaBoost,MLP",isotonic,cache/classification_explainability/prepared_h7_CV17_THY_CONT_STATES.joblib,7,CV17_THY_CONT_STATES,fT4,5,0.0219227795442378,-0.007367930327625203,True
same_members_reselected_C,stacking,"KNeighbors,RandomForest,AdaBoost,MLP",isotonic,cache/classification_explainability/prepared_h7_CV17_THY_CONT_STATES.joblib,7,CV17_THY_CONT_STATES,Dyslipidemia,6,0.020625283283314616,0.00256427079731884,False
same_members_reselected_C,stacking,"KNeighbors,RandomForest,AdaBoost,MLP",isotonic,cache/classification_explainability/prepared_h7_CV17_THY_CONT_STATES.joblib,7,CV17_THY_CONT_STATES,Diabetes,7,0.016478354508217653,0.009840462030857776,False
same_members_reselected_C,stacking,"KNeighbors,RandomForest,AdaBoost,MLP",isotonic,cache/classification_explainability/prepared_h7_CV17_THY_CONT_STATES.joblib,7,CV17_THY_CONT_STATES,AFib,8,0.013970856627052736,-0.000495841127593769,False
same_members_reselected_C,stacking,"KNeighbors,RandomForest,AdaBoost,MLP",isotonic,cache/classification_explainability/prepared_h7_CV17_THY_CONT_STATES.joblib,7,CV17_THY_CONT_STATES,Ischemia,9,0.0136167566073628,0.0017292801727774136,False
same_members_reselected_C,stacking,"KNeighbors,RandomForest,AdaBoost,MLP",isotonic,cache/classification_explainability/prepared_h7_CV17_THY_CONT_STATES.joblib,7,CV17_THY_CONT_STATES,fT3,10,0.00890732929599577,-0.0033005028791031343,True
same_members_reselected_C,stacking,"KNeighbors,RandomForest,AdaBoost,MLP",isotonic,cache/classification_explainability/prepared_h7_CV17_THY_CONT_STATES.joblib,7,CV17_THY_CONT_STATES,Acute_MI,11,0.008348049308219356,-0.0042667754206892694,False
same_members_reselected_C,stacking,"KNeighbors,RandomForest,AdaBoost,MLP",isotonic,cache/classification_explainability/prepared_h7_CV17_THY_CONT_STATES.joblib,7,CV17_THY_CONT_STATES,TSH,12,0.006836028021098888,0.0015595151221263657,True
same_members_reselected_C,stacking,"KNeighbors,RandomForest,AdaBoost,MLP",isotonic,cache/classification_explainability/prepared_h7_CV17_THY_CONT_STATES.joblib,7,CV17_THY_CONT_STATES,Low_T3,13,0.006111915723468719,-0.0024316068847405406,True
same_members_reselected_C,stacking,"KNeighbors,RandomForest,AdaBoost,MLP",isotonic,cache/classification_explainability/prepared_h7_CV17_THY_CONT_STATES.joblib,7,CV17_THY_CONT_STATES,Angina,14,0.005906649855910627,-0.004032144374492018,False
same_members_reselected_C,stacking,"KNeighbors,RandomForest,AdaBoost,MLP",isotonic,cache/classification_explainability/prepared_h7_CV17_THY_CONT_STATES.joblib,7,CV17_THY_CONT_STATES,Hypertension,15,0.004916428861144852,6.393626440145083e-05,False
same_members_reselected_C,stacking,"KNeighbors,RandomForest,AdaBoost,MLP",isotonic,cache/classification_explainability/prepared_h7_CV17_THY_CONT_STATES.joblib,7,CV17_THY_CONT_STATES,Angiography,16,0.004410777634817317,0.0022670259146075748,False
same_members_reselected_C,stacking,"KNeighbors,RandomForest,AdaBoost,MLP",isotonic,cache/classification_explainability/prepared_h7_CV17_THY_CONT_STATES.joblib,7,CV17_THY_CONT_STATES,Smoke,17,0.003707988902690875,-0.0009285730084810076,False
same_members_reselected_C,stacking,"KNeighbors,RandomForest,AdaBoost,MLP",isotonic,cache/classification_explainability/prepared_h7_CV17_THY_CONT_STATES.joblib,7,CV17_THY_CONT_STATES,Previous_MI,18,0.0035634660405357396,0.0015807580459826815,False
same_members_reselected_C,stacking,"KNeighbors,RandomForest,AdaBoost,MLP",isotonic,cache/classification_explainability/prepared_h7_CV17_THY_CONT_STATES.joblib,7,CV17_THY_CONT_STATES,Gender,19,0.003374893057197079,0.0015090354680755355,False
same_members_reselected_C,stacking,"KNeighbors,RandomForest,AdaBoost,MLP",isotonic,cache/classification_explainability/prepared_h7_CV17_THY_CONT_STATES.joblib,7,CV17_THY_CONT_STATES,Previous_PCI,20,0.0020839482925247422,7.734486419651217e-05,False
same_members_reselected_C,stacking,"KNeighbors,RandomForest,AdaBoost,MLP",isotonic,cache/classification_explainability/prepared_h7_CV17_THY_CONT_STATES.joblib,7,CV17_THY_CONT_STATES,Previous_CABG,21,0.0014912036873178844,0.0014912036873178842,False
same_members_reselected_C,stacking,"KNeighbors,RandomForest,AdaBoost,MLP",isotonic,cache/classification_explainability/prepared_h7_CV17_THY_CONT_STATES.joblib,7,CV17_THY_CONT_STATES,Hypothyroid,22,0.0009020224407190483,0.00042648547714837424,True
same_members_reselected_C,stacking,"KNeighbors,RandomForest,AdaBoost,MLP",isotonic,cache/classification_explainability/prepared_h7_CV17_THY_CONT_STATES.joblib,7,CV17_THY_CONT_STATES,SCH,23,0.0003447710587776698,0.0003447710587776698,True
same_members_reselected_C,stacking,"KNeighbors,RandomForest,AdaBoost,MLP",isotonic,cache/classification_explainability/prepared_h7_CV17_THY_CONT_STATES.joblib,7,CV17_THY_CONT_STATES,Hyperthyroid,24,0.0002985636557448466,0.00025904006120545963,True
same_members_reselected_C,stacking,"KNeighbors,RandomForest,AdaBoost,MLP",isotonic,cache/classification_explainability/prepared_h7_CV17_THY_CONT_STATES.joblib,7,CV17_THY_CONT_STATES,SCT,25,0.00021127274298410448,0.00017246091843520838,True
