arm,kind,members,scale,source,horizon,feature_set,meta_C,sampler,patients,thyroid_attribution_share_pct,mean_abs_joint_thyroid_attribution,mean_joint_thyroid_attribution,top_three,best_thyroid_predictor,best_thyroid_rank,baseline_probability,mean_test_probability,figure
LogisticRegression,individual,LogisticRegression,raw,Cached fitted individual; sigmoid fitted to cached training OOF,10,CV17,,SMOTENC,64,0.0,0.0,0.0,"Age, LVEF, Diabetes",,,0.5440326435088051,0.5139851297441023,groups/h10_CV17/figures/00_LogisticRegression_raw.png
LogisticRegression,individual,LogisticRegression,sigmoid,Cached fitted individual; sigmoid fitted to cached training OOF,10,CV17,,SMOTENC,64,0.0,0.0,0.0,"Age, LVEF, Diabetes",,,0.4999806593655273,0.44028062930610967,groups/h10_CV17/figures/01_LogisticRegression_sigmoid.png
SVC,individual,SVC,raw,Cached fitted individual; sigmoid fitted to cached training OOF,10,CV17,,class_weight,64,0.0,0.0,0.0,"Age, LVEF, Diabetes",,,0.500756147377918,0.44389466772955966,groups/h10_CV17/figures/02_SVC_raw.png
SVC,individual,SVC,sigmoid,Cached fitted individual; sigmoid fitted to cached training OOF,10,CV17,,class_weight,64,0.0,0.0,0.0,"Age, LVEF, Diabetes",,,0.48604277903600657,0.4313044972789841,groups/h10_CV17/figures/03_SVC_sigmoid.png
KNeighbors,individual,KNeighbors,raw,Cached fitted individual; sigmoid fitted to cached training OOF,10,CV17,,RandomOverSampler,64,0.0,0.0,0.0,"Age, Dyslipidemia, LVEF",,,0.43750003980828905,0.4542988495318521,groups/h10_CV17/figures/04_KNeighbors_raw.png
KNeighbors,individual,KNeighbors,sigmoid,Cached fitted individual; sigmoid fitted to cached training OOF,10,CV17,,RandomOverSampler,64,0.0,0.0,0.0,"Age, Dyslipidemia, LVEF",,,0.4374999938376264,0.41104789714600803,groups/h10_CV17/figures/05_KNeighbors_sigmoid.png
RandomForest,individual,RandomForest,raw,Cached fitted individual; sigmoid fitted to cached training OOF,10,CV17,,class_weight,64,0.0,0.0,0.0,"Age, LVEF, Diabetes",,,0.49895592920527754,0.4786970670515516,groups/h10_CV17/figures/06_RandomForest_raw.png
RandomForest,individual,RandomForest,sigmoid,Cached fitted individual; sigmoid fitted to cached training OOF,10,CV17,,class_weight,64,0.0,0.0,0.0,"Age, LVEF, Diabetes",,,0.4622281466679512,0.4327921701140579,groups/h10_CV17/figures/07_RandomForest_sigmoid.png
AdaBoost,individual,AdaBoost,raw,Cached fitted individual; sigmoid fitted to cached training OOF,10,CV17,,RandomOverSampler,64,0.0,0.0,0.0,"Age, LVEF, Diabetes",,,0.5158592986428627,0.5057132657371728,groups/h10_CV17/figures/08_AdaBoost_raw.png
AdaBoost,individual,AdaBoost,sigmoid,Cached fitted individual; sigmoid fitted to cached training OOF,10,CV17,,RandomOverSampler,64,0.0,0.0,0.0,"Age, LVEF, Diabetes",,,0.4579455030712291,0.4285091567786451,groups/h10_CV17/figures/09_AdaBoost_sigmoid.png
MLP,individual,MLP,raw,Cached fitted individual; sigmoid fitted to cached training OOF,10,CV17,,SMOTENC,64,0.0,0.0,0.0,"Age, LVEF, Diabetes",,,0.5594022962759283,0.5043665297053042,groups/h10_CV17/figures/10_MLP_raw.png
MLP,individual,MLP,sigmoid,Cached fitted individual; sigmoid fitted to cached training OOF,10,CV17,,SMOTENC,64,0.0,0.0,0.0,"Age, LVEF, Diabetes",,,0.4826132777848268,0.42879092762341664,groups/h10_CV17/figures/11_MLP_sigmoid.png
GradientBoosting,individual,GradientBoosting,raw,Cached fitted individual; sigmoid fitted to cached training OOF,10,CV17,,SMOTENC,64,0.0,0.0,0.0,"Age, LVEF, Diabetes",,,0.5338518765063093,0.4929015794757076,groups/h10_CV17/figures/12_GradientBoosting_raw.png
GradientBoosting,individual,GradientBoosting,sigmoid,Cached fitted individual; sigmoid fitted to cached training OOF,10,CV17,,SMOTENC,64,0.0,0.0,0.0,"Age, LVEF, Diabetes",,,0.46370893456413814,0.4230757103657135,groups/h10_CV17/figures/13_GradientBoosting_sigmoid.png
XGBoost,individual,XGBoost,raw,Cached fitted individual; sigmoid fitted to cached training OOF,10,CV17,,RandomOverSampler,64,0.0,0.0,0.0,"Age, LVEF, Diabetes",,,0.5284675578586757,0.4871245413669385,groups/h10_CV17/figures/14_XGBoost_raw.png
XGBoost,individual,XGBoost,sigmoid,Cached fitted individual; sigmoid fitted to cached training OOF,10,CV17,,RandomOverSampler,64,0.0,0.0,0.0,"Age, LVEF, Diabetes",,,0.48096783266047893,0.4352244429820736,groups/h10_CV17/figures/15_XGBoost_sigmoid.png
diverse,voting,"LogisticRegression,XGBoost,MLP",raw,models/predictive_sensitivity/h10_CV17_diverse.joblib,10,CV17,,,64,0.0,0.0,0.0,"Age, LVEF, Diabetes",,,0.5439674992144697,0.5018254002721149,groups/h10_CV17/figures/16_diverse_raw.png
diverse,voting,"LogisticRegression,XGBoost,MLP",sigmoid,models/predictive_sensitivity/h10_CV17_diverse.joblib,10,CV17,,,64,0.0,0.0,0.0,"Age, LVEF, Diabetes",,,0.4892071150284724,0.43664128768710264,groups/h10_CV17/figures/17_diverse_sigmoid.png
paper,voting,"LogisticRegression,RandomForest,AdaBoost",raw,models/final_h10_CV17_paper.joblib,10,CV17,,,64,0.0,0.0,0.0,"Age, LVEF, Diabetes",,,0.5196159571189818,0.49946515417760884,groups/h10_CV17/figures/18_paper_raw.png
paper,voting,"LogisticRegression,RandomForest,AdaBoost",sigmoid,models/final_h10_CV17_paper.joblib,10,CV17,,,64,0.0,0.0,0.0,"Age, LVEF, Diabetes",,,0.47225637955652566,0.4354084664737553,groups/h10_CV17/figures/19_paper_sigmoid.png
own,stacking,"KNeighbors,AdaBoost,MLP,GradientBoosting",raw,models/stacking_sensitivity/h10_CV17_own.joblib,10,CV17,0.01,,64,0.0,0.0,0.0,"Age, LVEF, Diabetes",,,0.45318355201693983,0.42201080553317305,groups/h10_CV17/figures/20_own_raw.png
own,stacking,"KNeighbors,AdaBoost,MLP,GradientBoosting",sigmoid,models/stacking_sensitivity/h10_CV17_own.joblib,10,CV17,0.01,,64,0.0,0.0,0.0,"Age, LVEF, Diabetes",,,0.4608134964969478,0.4278747187617554,groups/h10_CV17/figures/21_own_sigmoid.png
own,stacking,"KNeighbors,AdaBoost,MLP,GradientBoosting",isotonic,models/stacking_sensitivity/h10_CV17_own.joblib,10,CV17,0.01,,64,0.0,0.0,0.0,"Age, LVEF, Diabetes",,,0.4612266749569107,0.4293343399661804,groups/h10_CV17/figures/22_own_isotonic.png
paper,stacking,"LogisticRegression,RandomForest,AdaBoost",raw,models/stacking_sensitivity/h10_CV17_paper.joblib,10,CV17,10.0,,64,0.0,0.0,0.0,"Age, LVEF, Diabetes",,,0.47983566913742143,0.43762041994473666,groups/h10_CV17/figures/23_paper_raw.png
paper,stacking,"LogisticRegression,RandomForest,AdaBoost",sigmoid,models/stacking_sensitivity/h10_CV17_paper.joblib,10,CV17,10.0,,64,0.0,0.0,0.0,"Age, LVEF, Diabetes",,,0.4736911384151775,0.43241678236344894,groups/h10_CV17/figures/24_paper_sigmoid.png
paper,stacking,"LogisticRegression,RandomForest,AdaBoost",isotonic,models/stacking_sensitivity/h10_CV17_paper.joblib,10,CV17,10.0,,64,0.0,0.0,0.0,"Age, LVEF, Diabetes",,,0.4806499470340947,0.4370750868712316,groups/h10_CV17/figures/25_paper_isotonic.png
LogisticRegression,individual,LogisticRegression,raw,Cached fitted individual; sigmoid fitted to cached training OOF,10,CV17_THY_CONT,,class_weight,64,2.1381240152919734,0.008494504223817815,-0.004018104480227576,"Age, LVEF, Diabetes",TSH,12.0,0.5524496540189242,0.5104188409117469,groups/h10_CV17_THY_CONT/figures/00_LogisticRegression_raw.png
LogisticRegression,individual,LogisticRegression,sigmoid,Cached fitted individual; sigmoid fitted to cached training OOF,10,CV17_THY_CONT,,class_weight,64,2.15167420127524,0.012295046823204326,-0.005219139666956886,"Age, LVEF, Diabetes",TSH,12.0,0.4884642616996558,0.43650693228395465,groups/h10_CV17_THY_CONT/figures/01_LogisticRegression_sigmoid.png
SVC,individual,SVC,raw,Cached fitted individual; sigmoid fitted to cached training OOF,10,CV17_THY_CONT,,class_weight,64,3.1341387614773626,0.013055721309644908,0.0011567835972590844,"Age, LVEF, Diabetes",fT4,16.0,0.4953289054688269,0.44290214217383816,groups/h10_CV17_THY_CONT/figures/02_SVC_raw.png
SVC,individual,SVC,sigmoid,Cached fitted individual; sigmoid fitted to cached training OOF,10,CV17_THY_CONT,,class_weight,64,3.1322325442455643,0.01249366910835037,0.0008376234032444652,"Age, LVEF, Diabetes",fT4,16.0,0.47201720264979313,0.42170614553562136,groups/h10_CV17_THY_CONT/figures/03_SVC_sigmoid.png
KNeighbors,individual,KNeighbors,raw,Cached fitted individual; sigmoid fitted to cached training OOF,10,CV17_THY_CONT,,SMOTENC,64,5.639412465130619,0.02137855982234866,0.01692751229196053,"Age, Dyslipidemia, LVEF",fT4,13.0,0.4375,0.4737884234479359,groups/h10_CV17_THY_CONT/figures/04_KNeighbors_raw.png
KNeighbors,individual,KNeighbors,sigmoid,Cached fitted individual; sigmoid fitted to cached training OOF,10,CV17_THY_CONT,,SMOTENC,64,4.3500844716098275,0.01593366775710571,0.0032708584062407925,"Age, Dyslipidemia, LVEF",fT4,16.0,0.43749999978507903,0.41026205825915707,groups/h10_CV17_THY_CONT/figures/05_KNeighbors_sigmoid.png
RandomForest,individual,RandomForest,raw,Cached fitted individual; sigmoid fitted to cached training OOF,10,CV17_THY_CONT,,class_weight,64,9.570318838152716,0.028666821760828635,-0.014117033335281878,"Age, LVEF, Diabetes",fT3,8.0,0.48332533126213667,0.45119174646684906,groups/h10_CV17_THY_CONT/figures/06_RandomForest_raw.png
RandomForest,individual,RandomForest,sigmoid,Cached fitted individual; sigmoid fitted to cached training OOF,10,CV17_THY_CONT,,class_weight,64,9.484351268891436,0.03275301187040334,-0.017001027569780724,"Age, LVEF, Diabetes",fT3,8.0,0.45368452032064516,0.40951617615964686,groups/h10_CV17_THY_CONT/figures/07_RandomForest_sigmoid.png
AdaBoost,individual,AdaBoost,raw,Cached fitted individual; sigmoid fitted to cached training OOF,10,CV17_THY_CONT,,SMOTENC,64,5.5641661460086524,0.006183090788990446,-0.004340354350472376,"Age, LVEF, Diabetes",TSH,8.0,0.525607497902577,0.5041875003564249,groups/h10_CV17_THY_CONT/figures/08_AdaBoost_raw.png
AdaBoost,individual,AdaBoost,sigmoid,Cached fitted individual; sigmoid fitted to cached training OOF,10,CV17_THY_CONT,,SMOTENC,64,5.253638828847617,0.015610730846733988,-0.010039005693232352,"Age, LVEF, Diabetes",TSH,8.0,0.4800260598711913,0.4235256402388424,groups/h10_CV17_THY_CONT/figures/09_AdaBoost_sigmoid.png
MLP,individual,MLP,raw,Cached fitted individual; sigmoid fitted to cached training OOF,10,CV17_THY_CONT,,none,64,6.23099574904672,0.03393009836080049,-0.020397700870769735,"Age, LVEF, Vessels",TSH,10.0,0.445176839368023,0.39982038184929736,groups/h10_CV17_THY_CONT/figures/10_MLP_raw.png
MLP,individual,MLP,sigmoid,Cached fitted individual; sigmoid fitted to cached training OOF,10,CV17_THY_CONT,,none,64,6.246609045836228,0.032173424514749804,-0.01964930157363034,"Age, LVEF, Vessels",TSH,10.0,0.44129029260526215,0.39673957638967305,groups/h10_CV17_THY_CONT/figures/11_MLP_sigmoid.png
GradientBoosting,individual,GradientBoosting,raw,Cached fitted individual; sigmoid fitted to cached training OOF,10,CV17_THY_CONT,,SMOTENC,64,11.18488940184057,0.040109617030949084,-0.022797917378285036,"Age, LVEF, Vessels",TSH,6.0,0.50338841188968,0.4536315185499411,groups/h10_CV17_THY_CONT/figures/12_GradientBoosting_raw.png
GradientBoosting,individual,GradientBoosting,sigmoid,Cached fitted individual; sigmoid fitted to cached training OOF,10,CV17_THY_CONT,,SMOTENC,64,11.37749007895938,0.03699038505373048,-0.02255215843120511,"Age, LVEF, Vessels",TSH,6.0,0.45524874764397,0.40136136966808966,groups/h10_CV17_THY_CONT/figures/13_GradientBoosting_sigmoid.png
XGBoost,individual,XGBoost,raw,Cached fitted individual; sigmoid fitted to cached training OOF,10,CV17_THY_CONT,,RandomOverSampler,64,2.8509404188011427,0.005988065797282616,-0.002834301889379276,"Age, LVEF, Diabetes",TSH,15.0,0.5080489795655012,0.4767410068307072,groups/h10_CV17_THY_CONT/figures/14_XGBoost_raw.png
XGBoost,individual,XGBoost,sigmoid,Cached fitted individual; sigmoid fitted to cached training OOF,10,CV17_THY_CONT,,RandomOverSampler,64,2.832920096546199,0.011798071813925743,-0.0046168517414735925,"Age, LVEF, Diabetes",TSH,15.0,0.48762044413197947,0.42939406378767486,groups/h10_CV17_THY_CONT/figures/15_XGBoost_sigmoid.png
diverse,voting,"LogisticRegression,XGBoost,MLP",raw,models/final_h10_CV17_THY_CONT_diverse.joblib,10,CV17_THY_CONT,,,64,4.490466859931187,0.015937433039061047,-0.009083369080125532,"Age, LVEF, Diabetes",TSH,12.0,0.5018918243174828,0.46232674319725053,groups/h10_CV17_THY_CONT/figures/16_diverse_raw.png
diverse,voting,"LogisticRegression,XGBoost,MLP",sigmoid,models/final_h10_CV17_THY_CONT_diverse.joblib,10,CV17_THY_CONT,,,64,4.626743783169715,0.022724533212189226,-0.01241201752320412,"Age, LVEF, Diabetes",TSH,12.0,0.4676362503020447,0.4185295332199156,groups/h10_CV17_THY_CONT/figures/17_diverse_sigmoid.png
paper,voting,"LogisticRegression,RandomForest,AdaBoost",raw,models/predictive_sensitivity/h10_CV17_THY_CONT_paper.joblib,10,CV17_THY_CONT,,,64,5.758952994258104,0.013304800422734755,-0.007491830721993938,"Age, LVEF, Diabetes",TSH,11.0,0.5204608277278792,0.48859936257834036,groups/h10_CV17_THY_CONT/figures/18_paper_raw.png
paper,voting,"LogisticRegression,RandomForest,AdaBoost",sigmoid,models/predictive_sensitivity/h10_CV17_THY_CONT_paper.joblib,10,CV17_THY_CONT,,,64,5.66324554190157,0.020967103211424185,-0.011069337499246157,"Age, LVEF, Diabetes",TSH,11.0,0.47264897127482053,0.4232332135359847,groups/h10_CV17_THY_CONT/figures/19_paper_sigmoid.png
paper_locked,voting,"LogisticRegression,RandomForest,AdaBoost",raw,models/final_h10_CV17_THY_CONT_paper_locked.joblib,10,CV17_THY_CONT,,,64,6.243529124173575,0.012387616007253459,-0.007722642255633683,"Age, LVEF, Diabetes",fT4,11.0,0.518906972040775,0.49008208329317215,groups/h10_CV17_THY_CONT/figures/20_paper_locked_raw.png
paper_locked,voting,"LogisticRegression,RandomForest,AdaBoost",sigmoid,models/final_h10_CV17_THY_CONT_paper_locked.joblib,10,CV17_THY_CONT,,,64,6.060127863876139,0.021149719081174353,-0.011575312043384009,"Age, LVEF, Diabetes",fT4,11.0,0.4723451025418944,0.42396547649899397,groups/h10_CV17_THY_CONT/figures/21_paper_locked_sigmoid.png
own,stacking,"LogisticRegression,SVC,KNeighbors,GradientBoosting,XGBoost",raw,models/stacking_sensitivity/h10_CV17_THY_CONT_own.joblib,10,CV17_THY_CONT,10.0,,64,3.0537225377879444,0.012657339291102961,-0.00428392114621441,"Age, LVEF, Diabetes",TSH,13.0,0.46859490706815077,0.43017167828862257,groups/h10_CV17_THY_CONT/figures/22_own_raw.png
own,stacking,"LogisticRegression,SVC,KNeighbors,GradientBoosting,XGBoost",sigmoid,models/stacking_sensitivity/h10_CV17_THY_CONT_own.joblib,10,CV17_THY_CONT,10.0,,64,3.0591695796553964,0.012270911119029577,-0.0043377886329198714,"Age, LVEF, Diabetes",TSH,13.0,0.46382673033454325,0.4256441831169503,groups/h10_CV17_THY_CONT/figures/23_own_sigmoid.png
own,stacking,"LogisticRegression,SVC,KNeighbors,GradientBoosting,XGBoost",isotonic,models/stacking_sensitivity/h10_CV17_THY_CONT_own.joblib,10,CV17_THY_CONT,10.0,,64,3.5257711061054198,0.01639708157680113,-0.007308488004391758,"Age, LVEF, Diabetes",TSH,11.0,0.4863573565108129,0.4284787564816865,groups/h10_CV17_THY_CONT/figures/24_own_isotonic.png
same_baseline,stacking,"KNeighbors,AdaBoost,MLP,GradientBoosting",raw,models/stacking_sensitivity/h10_CV17_THY_CONT_same_baseline.joblib,10,CV17_THY_CONT,0.01,,64,5.863744348712524,0.021075470406094993,-0.010010304512204336,"Age, LVEF, Vessels",TSH,10.0,0.44423811796229534,0.4078786004116999,groups/h10_CV17_THY_CONT/figures/25_same_baseline_raw.png
same_baseline,stacking,"KNeighbors,AdaBoost,MLP,GradientBoosting",sigmoid,models/stacking_sensitivity/h10_CV17_THY_CONT_same_baseline.joblib,10,CV17_THY_CONT,0.01,,64,5.861165649412974,0.023479331102495064,-0.010835900742499165,"Age, LVEF, Vessels",TSH,10.0,0.448835912307553,0.40839813846768697,groups/h10_CV17_THY_CONT/figures/26_same_baseline_sigmoid.png
same_baseline,stacking,"KNeighbors,AdaBoost,MLP,GradientBoosting",isotonic,models/stacking_sensitivity/h10_CV17_THY_CONT_same_baseline.joblib,10,CV17_THY_CONT,0.01,,64,6.377839635725794,0.02692727044272969,-0.01266522117891883,"Age, LVEF, Vessels",TSH,10.0,0.4615977838345139,0.4052840273777871,groups/h10_CV17_THY_CONT/figures/27_same_baseline_isotonic.png
locked_baseline,stacking,"KNeighbors,AdaBoost,MLP,GradientBoosting",raw,models/stacking_sensitivity/h10_CV17_THY_CONT_locked_baseline.joblib,10,CV17_THY_CONT,0.01,,64,4.48510566988374,0.013998357916837501,-0.004555588890154203,"Age, LVEF, Diabetes",TSH,13.0,0.44605373828756184,0.41438192165002835,groups/h10_CV17_THY_CONT/figures/28_locked_baseline_raw.png
locked_baseline,stacking,"KNeighbors,AdaBoost,MLP,GradientBoosting",sigmoid,models/stacking_sensitivity/h10_CV17_THY_CONT_locked_baseline.joblib,10,CV17_THY_CONT,0.01,,64,4.491197727646034,0.015119533259505637,-0.004698498037414777,"Age, LVEF, Diabetes",TSH,13.0,0.4507019035642031,0.4171495338386092,groups/h10_CV17_THY_CONT/figures/29_locked_baseline_sigmoid.png
locked_baseline,stacking,"KNeighbors,AdaBoost,MLP,GradientBoosting",isotonic,models/stacking_sensitivity/h10_CV17_THY_CONT_locked_baseline.joblib,10,CV17_THY_CONT,0.01,,64,4.976872512565915,0.019127519683466723,-0.007753421347653956,"Age, LVEF, Diabetes",TSH,12.0,0.46573974706415683,0.4177602641541921,groups/h10_CV17_THY_CONT/figures/30_locked_baseline_isotonic.png
paper,stacking,"LogisticRegression,RandomForest,AdaBoost",raw,models/stacking_sensitivity/h10_CV17_THY_CONT_paper.joblib,10,CV17_THY_CONT,0.01,,64,5.216775852126471,0.01723160363291251,-0.009462614760006538,"Age, LVEF, Diabetes",TSH,11.0,0.4645200879331108,0.41915232010791537,groups/h10_CV17_THY_CONT/figures/31_paper_raw.png
paper,stacking,"LogisticRegression,RandomForest,AdaBoost",sigmoid,models/stacking_sensitivity/h10_CV17_THY_CONT_paper.joblib,10,CV17_THY_CONT,0.01,,64,5.140128296196748,0.019061371707191112,-0.010026664073249798,"Age, LVEF, Diabetes",TSH,11.0,0.47355115733656644,0.42405909107569245,groups/h10_CV17_THY_CONT/figures/32_paper_sigmoid.png
paper,stacking,"LogisticRegression,RandomForest,AdaBoost",isotonic,models/stacking_sensitivity/h10_CV17_THY_CONT_paper.joblib,10,CV17_THY_CONT,0.01,,64,5.489394697028136,0.020936175485847953,-0.008180095520620215,"Age, LVEF, Diabetes",TSH,11.0,0.48224550577152275,0.42660088539524765,groups/h10_CV17_THY_CONT/figures/33_paper_isotonic.png
same_members_reselected_C,stacking,"KNeighbors,AdaBoost,MLP,GradientBoosting",raw,cache/classification_explainability/prepared_h10_CV17_THY_CONT.joblib,10,CV17_THY_CONT,0.01,,64,5.863744348712524,0.021075470406094993,-0.010010304512204343,"Age, LVEF, Vessels",TSH,10.0,0.44423811796229534,0.4078786004116999,groups/h10_CV17_THY_CONT/figures/34_same_members_reselected_C_raw.png
same_members_reselected_C,stacking,"KNeighbors,AdaBoost,MLP,GradientBoosting",sigmoid,cache/classification_explainability/prepared_h10_CV17_THY_CONT.joblib,10,CV17_THY_CONT,0.01,,64,5.861165649412976,0.023479331102495074,-0.010835900742499176,"Age, LVEF, Vessels",TSH,10.0,0.44883591230755304,0.408398138467687,groups/h10_CV17_THY_CONT/figures/35_same_members_reselected_C_sigmoid.png
same_members_reselected_C,stacking,"KNeighbors,AdaBoost,MLP,GradientBoosting",isotonic,cache/classification_explainability/prepared_h10_CV17_THY_CONT.joblib,10,CV17_THY_CONT,0.01,,64,6.377839635725795,0.0269272704427297,-0.012665221178918839,"Age, LVEF, Vessels",TSH,10.0,0.4615977838345139,0.4052840273777871,groups/h10_CV17_THY_CONT/figures/36_same_members_reselected_C_isotonic.png
LogisticRegression,individual,LogisticRegression,raw,Cached fitted individual; sigmoid fitted to cached training OOF,10,CV17_THY_CONT_RATIO,,class_weight,64,1.9051252140409596,0.007800756705577377,-0.003687082313726934,"Age, LVEF, Diabetes",TSH,11.0,0.5553684542439224,0.5112976087523128,groups/h10_CV17_THY_CONT_RATIO/figures/00_LogisticRegression_raw.png
LogisticRegression,individual,LogisticRegression,sigmoid,Cached fitted individual; sigmoid fitted to cached training OOF,10,CV17_THY_CONT_RATIO,,class_weight,64,1.934248764968442,0.00975888220718971,-0.004438147356189498,"Age, LVEF, Diabetes",TSH,11.0,0.48157773871056303,0.4368174074682851,groups/h10_CV17_THY_CONT_RATIO/figures/01_LogisticRegression_sigmoid.png
SVC,individual,SVC,raw,Cached fitted individual; sigmoid fitted to cached training OOF,10,CV17_THY_CONT_RATIO,,class_weight,64,3.5448368881595855,0.013826463925685983,0.00043205879757054187,"Age, LVEF, Diabetes",fT4,16.0,0.4946816257812565,0.44244173191653463,groups/h10_CV17_THY_CONT_RATIO/figures/02_SVC_raw.png
SVC,individual,SVC,sigmoid,Cached fitted individual; sigmoid fitted to cached training OOF,10,CV17_THY_CONT_RATIO,,class_weight,64,3.5505033605692744,0.013306545670965324,0.00014745171386882922,"Age, LVEF, Diabetes",fT4,16.0,0.47069823760588647,0.4204853203394212,groups/h10_CV17_THY_CONT_RATIO/figures/03_SVC_sigmoid.png
KNeighbors,individual,KNeighbors,raw,Cached fitted individual; sigmoid fitted to cached training OOF,10,CV17_THY_CONT_RATIO,,RandomOverSampler,64,6.22932833825342,0.020454425210024937,0.012716559431620868,"Age, Dyslipidemia, LVEF",fT4,16.0,0.4375,0.4446264896649488,groups/h10_CV17_THY_CONT_RATIO/figures/04_KNeighbors_raw.png
KNeighbors,individual,KNeighbors,sigmoid,Cached fitted individual; sigmoid fitted to cached training OOF,10,CV17_THY_CONT_RATIO,,RandomOverSampler,64,5.234863120634904,0.018560114212149002,0.005349807406921183,"Age, Dyslipidemia, LVEF",fT4,17.0,0.43750000017524016,0.4163179508852084,groups/h10_CV17_THY_CONT_RATIO/figures/05_KNeighbors_sigmoid.png
RandomForest,individual,RandomForest,raw,Cached fitted individual; sigmoid fitted to cached training OOF,10,CV17_THY_CONT_RATIO,,class_weight,64,12.291605684806159,0.03717639672962034,-0.012438158113588421,"Age, LVEF, Diabetes",fT3_fT4_ratio,5.0,0.4894883172792258,0.46293868050620207,groups/h10_CV17_THY_CONT_RATIO/figures/06_RandomForest_raw.png
RandomForest,individual,RandomForest,sigmoid,Cached fitted individual; sigmoid fitted to cached training OOF,10,CV17_THY_CONT_RATIO,,class_weight,64,12.238482274555427,0.04485912382885156,-0.016392251622599607,"Age, LVEF, Diabetes",fT3_fT4_ratio,5.0,0.4456448423941746,0.4060862096715047,groups/h10_CV17_THY_CONT_RATIO/figures/07_RandomForest_sigmoid.png
AdaBoost,individual,AdaBoost,raw,Cached fitted individual; sigmoid fitted to cached training OOF,10,CV17_THY_CONT_RATIO,,RandomOverSampler,64,6.814392060166065,0.008102206290757726,-0.00101957521030573,"Age, LVEF, Diabetes",fT3_fT4_ratio,5.0,0.5165520081449619,0.5044744493922044,groups/h10_CV17_THY_CONT_RATIO/figures/08_AdaBoost_raw.png
AdaBoost,individual,AdaBoost,sigmoid,Cached fitted individual; sigmoid fitted to cached training OOF,10,CV17_THY_CONT_RATIO,,RandomOverSampler,64,6.100475480592756,0.020839898199265447,-0.0008798335513038713,"Age, LVEF, Diabetes",fT3_fT4_ratio,5.0,0.46032483331177165,0.42651689270740223,groups/h10_CV17_THY_CONT_RATIO/figures/09_AdaBoost_sigmoid.png
MLP,individual,MLP,raw,Cached fitted individual; sigmoid fitted to cached training OOF,10,CV17_THY_CONT_RATIO,,none,64,6.804998463773239,0.030076069189756704,-0.017873359059607463,"Age, LVEF, Diabetes",TSH,8.0,0.48795415482107934,0.4100684032983104,groups/h10_CV17_THY_CONT_RATIO/figures/10_MLP_raw.png
MLP,individual,MLP,sigmoid,Cached fitted individual; sigmoid fitted to cached training OOF,10,CV17_THY_CONT_RATIO,,none,64,6.827943104437332,0.02927976786605043,-0.017526315572742868,"Age, LVEF, Diabetes",TSH,8.0,0.48547097022031727,0.4095711728348006,groups/h10_CV17_THY_CONT_RATIO/figures/11_MLP_sigmoid.png
GradientBoosting,individual,GradientBoosting,raw,Cached fitted individual; sigmoid fitted to cached training OOF,10,CV17_THY_CONT_RATIO,,SMOTENC,64,18.57795103658066,0.07236184792180683,-0.0025180275587873956,"Age, LVEF, TSH",TSH,3.0,0.47779567569203507,0.4416100474766428,groups/h10_CV17_THY_CONT_RATIO/figures/12_GradientBoosting_raw.png
GradientBoosting,individual,GradientBoosting,sigmoid,Cached fitted individual; sigmoid fitted to cached training OOF,10,CV17_THY_CONT_RATIO,,SMOTENC,64,18.98931077721816,0.05978758969408747,-0.008477255542982802,"Age, LVEF, TSH",TSH,3.0,0.44536857281213166,0.40083725641621437,groups/h10_CV17_THY_CONT_RATIO/figures/13_GradientBoosting_sigmoid.png
XGBoost,individual,XGBoost,raw,Cached fitted individual; sigmoid fitted to cached training OOF,10,CV17_THY_CONT_RATIO,,RandomOverSampler,64,2.022701581968682,0.007261522596309078,-0.0036052018203918124,"Age, LVEF, Diabetes",TSH,14.0,0.5259295227006078,0.4832505907397717,groups/h10_CV17_THY_CONT_RATIO/figures/14_XGBoost_raw.png
XGBoost,individual,XGBoost,sigmoid,Cached fitted individual; sigmoid fitted to cached training OOF,10,CV17_THY_CONT_RATIO,,RandomOverSampler,64,2.01471828328433,0.00984086698093088,-0.004698303542730722,"Age, LVEF, Diabetes",TSH,14.0,0.4849252851349871,0.4319365919540228,groups/h10_CV17_THY_CONT_RATIO/figures/15_XGBoost_sigmoid.png
diverse,voting,"LogisticRegression,XGBoost,MLP",raw,models/final_h10_CV17_THY_CONT_RATIO_diverse.joblib,10,CV17_THY_CONT_RATIO,,,64,4.0446620184025965,0.014809800111403155,-0.008388547731242084,"Age, LVEF, Diabetes",TSH,11.0,0.5230840439218699,0.468205534263465,groups/h10_CV17_THY_CONT_RATIO/figures/16_diverse_raw.png
diverse,voting,"LogisticRegression,XGBoost,MLP",sigmoid,models/final_h10_CV17_THY_CONT_RATIO_diverse.joblib,10,CV17_THY_CONT_RATIO,,,64,4.15945076122594,0.018092752692164565,-0.010038307842786713,"Age, LVEF, Diabetes",TSH,11.0,0.48571622105277973,0.4251734414405568,groups/h10_CV17_THY_CONT_RATIO/figures/17_diverse_sigmoid.png
paper,voting,"LogisticRegression,RandomForest,AdaBoost",raw,models/predictive_sensitivity/h10_CV17_THY_CONT_RATIO_paper.joblib,10,CV17_THY_CONT_RATIO,,,64,6.790819336727791,0.016701813724559717,-0.005714938545873711,"Age, LVEF, Diabetes",fT3_fT4_ratio,10.0,0.5204695932227034,0.4929035795502397,groups/h10_CV17_THY_CONT_RATIO/figures/18_paper_raw.png
paper,voting,"LogisticRegression,RandomForest,AdaBoost",sigmoid,models/predictive_sensitivity/h10_CV17_THY_CONT_RATIO_paper.joblib,10,CV17_THY_CONT_RATIO,,,64,6.580070678584973,0.025005650021911,-0.008315255485574633,"Age, LVEF, Diabetes",fT3_fT4_ratio,10.0,0.4641423140564122,0.42331178265127334,groups/h10_CV17_THY_CONT_RATIO/figures/19_paper_sigmoid.png
top3_train_cv,voting,"RandomForest,LogisticRegression,SVC",raw,models/predictive_sensitivity/h10_CV17_THY_CONT_RATIO_top3_train_cv.joblib,10,CV17_THY_CONT_RATIO,,,64,5.375544684502998,0.017779145223271963,-0.00523106054324827,"Age, LVEF, Diabetes",TSH,12.0,0.5131794657681349,0.47222600705834983,groups/h10_CV17_THY_CONT_RATIO/figures/20_top3_train_cv_raw.png
top3_train_cv,voting,"RandomForest,LogisticRegression,SVC",sigmoid,models/predictive_sensitivity/h10_CV17_THY_CONT_RATIO_top3_train_cv.joblib,10,CV17_THY_CONT_RATIO,,,64,5.362834098629063,0.020480249628693253,-0.006186419777332719,"Age, LVEF, Diabetes",TSH,12.0,0.46900939664987634,0.42312216433828453,groups/h10_CV17_THY_CONT_RATIO/figures/21_top3_train_cv_sigmoid.png
paper_locked,voting,"LogisticRegression,RandomForest,AdaBoost",raw,models/final_h10_CV17_THY_CONT_RATIO_paper_locked.joblib,10,CV17_THY_CONT_RATIO,,,64,7.958105040670355,0.01686663588058571,-0.0062185315867985085,"Age, LVEF, Diabetes",fT3_fT4_ratio,8.0,0.5148878447958848,0.4887474569088603,groups/h10_CV17_THY_CONT_RATIO/figures/22_paper_locked_raw.png
paper_locked,voting,"LogisticRegression,RandomForest,AdaBoost",sigmoid,models/final_h10_CV17_THY_CONT_RATIO_paper_locked.joblib,10,CV17_THY_CONT_RATIO,,,64,7.6701267824923525,0.02893097126997308,-0.009063635638820539,"Age, LVEF, Diabetes",fT3_fT4_ratio,8.0,0.46630638517767864,0.42110034655273126,groups/h10_CV17_THY_CONT_RATIO/figures/23_paper_locked_sigmoid.png
own,stacking,"LogisticRegression,SVC,AdaBoost",raw,models/stacking_sensitivity/h10_CV17_THY_CONT_RATIO_own.joblib,10,CV17_THY_CONT_RATIO,1.0,,64,3.3667480693753267,0.012859370123172065,-0.0021044848219954402,"Age, LVEF, Diabetes",TSH,11.0,0.4733256341998785,0.4310961269982906,groups/h10_CV17_THY_CONT_RATIO/figures/24_own_raw.png
own,stacking,"LogisticRegression,SVC,AdaBoost",sigmoid,models/stacking_sensitivity/h10_CV17_THY_CONT_RATIO_own.joblib,10,CV17_THY_CONT_RATIO,1.0,,64,3.3880663195767733,0.012681457759909651,-0.0021324889884359374,"Age, LVEF, Diabetes",TSH,11.0,0.4682926003028952,0.4266340669359525,groups/h10_CV17_THY_CONT_RATIO/figures/25_own_sigmoid.png
own,stacking,"LogisticRegression,SVC,AdaBoost",isotonic,models/stacking_sensitivity/h10_CV17_THY_CONT_RATIO_own.joblib,10,CV17_THY_CONT_RATIO,1.0,,64,3.535197853172083,0.013442585141718881,-0.0034063025457589436,"Age, LVEF, Diabetes",TSH,11.0,0.46991742745079007,0.42793570675050063,groups/h10_CV17_THY_CONT_RATIO/figures/26_own_isotonic.png
same_baseline,stacking,"KNeighbors,AdaBoost,MLP,GradientBoosting",raw,models/stacking_sensitivity/h10_CV17_THY_CONT_RATIO_same_baseline.joblib,10,CV17_THY_CONT_RATIO,0.01,,64,6.755212475181053,0.02323803472605966,-0.003948237611967028,"Age, LVEF, Diabetes",TSH,11.0,0.45336425590712237,0.4121768427856535,groups/h10_CV17_THY_CONT_RATIO/figures/27_same_baseline_raw.png
same_baseline,stacking,"KNeighbors,AdaBoost,MLP,GradientBoosting",sigmoid,models/stacking_sensitivity/h10_CV17_THY_CONT_RATIO_same_baseline.joblib,10,CV17_THY_CONT_RATIO,0.01,,64,6.779862640280597,0.025311479982275342,-0.003790416784353392,"Age, LVEF, Diabetes",TSH,11.0,0.45693559223702923,0.41335185617778036,groups/h10_CV17_THY_CONT_RATIO/figures/28_same_baseline_sigmoid.png
same_baseline,stacking,"KNeighbors,AdaBoost,MLP,GradientBoosting",isotonic,models/stacking_sensitivity/h10_CV17_THY_CONT_RATIO_same_baseline.joblib,10,CV17_THY_CONT_RATIO,0.01,,64,7.333862635146474,0.028166885458060672,-0.0018585120329333818,"Age, LVEF, Diabetes",TSH,11.0,0.46646827695729065,0.41586713733830244,groups/h10_CV17_THY_CONT_RATIO/figures/29_same_baseline_isotonic.png
locked_baseline,stacking,"KNeighbors,AdaBoost,MLP,GradientBoosting",raw,models/stacking_sensitivity/h10_CV17_THY_CONT_RATIO_locked_baseline.joblib,10,CV17_THY_CONT_RATIO,0.01,,64,5.535451443629563,0.016434750662775655,-0.001997585167599121,"Age, LVEF, Diabetes",TSH,13.0,0.45106511840587593,0.42191149304847353,groups/h10_CV17_THY_CONT_RATIO/figures/30_locked_baseline_raw.png
locked_baseline,stacking,"KNeighbors,AdaBoost,MLP,GradientBoosting",sigmoid,models/stacking_sensitivity/h10_CV17_THY_CONT_RATIO_locked_baseline.joblib,10,CV17_THY_CONT_RATIO,0.01,,64,5.524203527277884,0.017462232430820526,-0.0015505473403125813,"Age, LVEF, Diabetes",TSH,13.0,0.4557764262143542,0.4265451856057877,groups/h10_CV17_THY_CONT_RATIO/figures/31_locked_baseline_sigmoid.png
locked_baseline,stacking,"KNeighbors,AdaBoost,MLP,GradientBoosting",isotonic,models/stacking_sensitivity/h10_CV17_THY_CONT_RATIO_locked_baseline.joblib,10,CV17_THY_CONT_RATIO,0.01,,64,6.194656417010699,0.021108133826959634,-0.004588261947105073,"Age, LVEF, Diabetes",TSH,12.0,0.4730705676058573,0.4268703975313556,groups/h10_CV17_THY_CONT_RATIO/figures/32_locked_baseline_isotonic.png
paper,stacking,"LogisticRegression,RandomForest,AdaBoost",raw,models/stacking_sensitivity/h10_CV17_THY_CONT_RATIO_paper.joblib,10,CV17_THY_CONT_RATIO,10.0,,64,5.194551635443717,0.020054243090567154,-0.007400930106461862,"Age, LVEF, Diabetes",TSH,11.0,0.46604010645449023,0.4256702739427015,groups/h10_CV17_THY_CONT_RATIO/figures/33_paper_raw.png
paper,stacking,"LogisticRegression,RandomForest,AdaBoost",sigmoid,models/stacking_sensitivity/h10_CV17_THY_CONT_RATIO_paper.joblib,10,CV17_THY_CONT_RATIO,10.0,,64,5.23233156141193,0.019729138255662013,-0.007374965014999705,"Age, LVEF, Diabetes",TSH,11.0,0.46146085472068055,0.4216765088666873,groups/h10_CV17_THY_CONT_RATIO/figures/34_paper_sigmoid.png
paper,stacking,"LogisticRegression,RandomForest,AdaBoost",isotonic,models/stacking_sensitivity/h10_CV17_THY_CONT_RATIO_paper.joblib,10,CV17_THY_CONT_RATIO,10.0,,64,5.842300110833414,0.02386195846326644,-0.011602417455861155,"Age, LVEF, Diabetes",TSH,11.0,0.4717494646535458,0.4215253631086842,groups/h10_CV17_THY_CONT_RATIO/figures/35_paper_isotonic.png
same_members_reselected_C,stacking,"KNeighbors,AdaBoost,MLP,GradientBoosting",raw,cache/classification_explainability/prepared_h10_CV17_THY_CONT_RATIO.joblib,10,CV17_THY_CONT_RATIO,10.0,,64,5.687516517611329,0.021414927866721178,-0.0068853651235576425,"Age, LVEF, Diabetes",TSH,10.0,0.47118989277874357,0.42083945800651956,groups/h10_CV17_THY_CONT_RATIO/figures/36_same_members_reselected_C_raw.png
same_members_reselected_C,stacking,"KNeighbors,AdaBoost,MLP,GradientBoosting",sigmoid,cache/classification_explainability/prepared_h10_CV17_THY_CONT_RATIO.joblib,10,CV17_THY_CONT_RATIO,10.0,,64,5.708862818048636,0.021103584931897235,-0.0069220169880465435,"Age, LVEF, Diabetes",TSH,10.0,0.46840228691982805,0.4184543900848957,groups/h10_CV17_THY_CONT_RATIO/figures/37_same_members_reselected_C_sigmoid.png
same_members_reselected_C,stacking,"KNeighbors,AdaBoost,MLP,GradientBoosting",isotonic,cache/classification_explainability/prepared_h10_CV17_THY_CONT_RATIO.joblib,10,CV17_THY_CONT_RATIO,10.0,,64,6.123220326215939,0.02420957651170562,-0.006321300230146437,"Age, LVEF, Diabetes",TSH,10.0,0.47755277319704625,0.42638783478402065,groups/h10_CV17_THY_CONT_RATIO/figures/38_same_members_reselected_C_isotonic.png
LogisticRegression,individual,LogisticRegression,raw,Cached fitted individual; sigmoid fitted to cached training OOF,10,CV17_THY_CONT_STATES,,RandomOverSampler,64,7.999727335631663,0.017505385484525956,-0.004503584292477853,"Age, LVEF, Diabetes",Low_T3,13.0,0.5356434149483662,0.5043175850334739,groups/h10_CV17_THY_CONT_STATES/figures/00_LogisticRegression_raw.png
LogisticRegression,individual,LogisticRegression,sigmoid,Cached fitted individual; sigmoid fitted to cached training OOF,10,CV17_THY_CONT_STATES,,RandomOverSampler,64,7.66844620482854,0.03675776708119238,-0.006479647228325219,"Age, LVEF, Diabetes",Low_T3,13.0,0.48562801073792367,0.4270779335287146,groups/h10_CV17_THY_CONT_STATES/figures/01_LogisticRegression_sigmoid.png
SVC,individual,SVC,raw,Cached fitted individual; sigmoid fitted to cached training OOF,10,CV17_THY_CONT_STATES,,class_weight,64,7.857493663486426,0.03513188714921596,0.0004306895281490971,"Age, LVEF, Diabetes",Low_T3,13.0,0.48061123299424763,0.43364672144693145,groups/h10_CV17_THY_CONT_STATES/figures/02_SVC_raw.png
SVC,individual,SVC,sigmoid,Cached fitted individual; sigmoid fitted to cached training OOF,10,CV17_THY_CONT_STATES,,class_weight,64,7.930402625758097,0.03396694915406108,-0.00028056701969852906,"Age, LVEF, Diabetes",Low_T3,13.0,0.45883371391738054,0.4133074027074116,groups/h10_CV17_THY_CONT_STATES/figures/03_SVC_sigmoid.png
KNeighbors,individual,KNeighbors,raw,Cached fitted individual; sigmoid fitted to cached training OOF,10,CV17_THY_CONT_STATES,,RandomOverSampler,64,11.371194678945976,0.041142578124999996,0.0007128906250000082,"Age, Dyslipidemia, LVEF",Low_T3,10.0,0.4825,0.439375,groups/h10_CV17_THY_CONT_STATES/figures/04_KNeighbors_raw.png
KNeighbors,individual,KNeighbors,sigmoid,Cached fitted individual; sigmoid fitted to cached training OOF,10,CV17_THY_CONT_STATES,,RandomOverSampler,64,11.40643564229818,0.0448483631432051,0.0008899013704933246,"Age, LVEF, Dyslipidemia",Low_T3,10.0,0.45292895506411746,0.4094991007862243,groups/h10_CV17_THY_CONT_STATES/figures/05_KNeighbors_sigmoid.png
RandomForest,individual,RandomForest,raw,Cached fitted individual; sigmoid fitted to cached training OOF,10,CV17_THY_CONT_STATES,,RandomOverSampler,64,11.5861306365726,0.03744473424894203,-0.023471588268335637,"Age, LVEF, Diabetes",fT3,8.0,0.5021426534680752,0.4529523896235966,groups/h10_CV17_THY_CONT_STATES/figures/06_RandomForest_raw.png
RandomForest,individual,RandomForest,sigmoid,Cached fitted individual; sigmoid fitted to cached training OOF,10,CV17_THY_CONT_STATES,,RandomOverSampler,64,11.223261190047262,0.04299096576966692,-0.027316654871171412,"Age, LVEF, Diabetes",fT3,8.0,0.46759572166145563,0.4045291947829839,groups/h10_CV17_THY_CONT_STATES/figures/07_RandomForest_sigmoid.png
AdaBoost,individual,AdaBoost,raw,Cached fitted individual; sigmoid fitted to cached training OOF,10,CV17_THY_CONT_STATES,,RandomOverSampler,64,5.465733052393035,0.006677695674553754,-0.002299501918079982,"Age, LVEF, Diabetes",fT4,7.0,0.5178557098276074,0.5029192102282555,groups/h10_CV17_THY_CONT_STATES/figures/08_AdaBoost_raw.png
AdaBoost,individual,AdaBoost,sigmoid,Cached fitted individual; sigmoid fitted to cached training OOF,10,CV17_THY_CONT_STATES,,RandomOverSampler,64,4.825824547696701,0.01638352639185015,-0.003785685885889814,"Age, LVEF, Diabetes",fT4,7.0,0.46437115773807214,0.4240047792858655,groups/h10_CV17_THY_CONT_STATES/figures/09_AdaBoost_sigmoid.png
MLP,individual,MLP,raw,Cached fitted individual; sigmoid fitted to cached training OOF,10,CV17_THY_CONT_STATES,,RandomOverSampler,64,8.446996069449504,0.03546928737970859,-0.0068861633269947245,"Age, LVEF, Diabetes",SCH,12.0,0.5099501986211914,0.4670271282226751,groups/h10_CV17_THY_CONT_STATES/figures/10_MLP_raw.png
MLP,individual,MLP,sigmoid,Cached fitted individual; sigmoid fitted to cached training OOF,10,CV17_THY_CONT_STATES,,RandomOverSampler,64,8.872945286826102,0.02925977015342477,-0.007845848174524842,"Age, LVEF, Diabetes",SCH,12.0,0.43137850466509203,0.3957073541184953,groups/h10_CV17_THY_CONT_STATES/figures/11_MLP_sigmoid.png
GradientBoosting,individual,GradientBoosting,raw,Cached fitted individual; sigmoid fitted to cached training OOF,10,CV17_THY_CONT_STATES,,RandomOverSampler,64,13.852508208247452,0.05091155002643012,-0.011486930337043847,"Age, LVEF, Diabetes",TSH,4.0,0.48517074020145007,0.44078405346194516,groups/h10_CV17_THY_CONT_STATES/figures/12_GradientBoosting_raw.png
GradientBoosting,individual,GradientBoosting,sigmoid,Cached fitted individual; sigmoid fitted to cached training OOF,10,CV17_THY_CONT_STATES,,RandomOverSampler,64,14.16980065114789,0.045536146635358654,-0.011476453945049571,"Age, LVEF, Diabetes",TSH,4.0,0.4492778485075664,0.39840623312700435,groups/h10_CV17_THY_CONT_STATES/figures/13_GradientBoosting_sigmoid.png
XGBoost,individual,XGBoost,raw,Cached fitted individual; sigmoid fitted to cached training OOF,10,CV17_THY_CONT_STATES,,RandomOverSampler,64,7.35296908305174,0.019265518989413977,-0.005446779607154895,"Age, LVEF, Diabetes",Low_T3,13.0,0.5302370889112353,0.4928864643443376,groups/h10_CV17_THY_CONT_STATES/figures/14_XGBoost_raw.png
XGBoost,individual,XGBoost,sigmoid,Cached fitted individual; sigmoid fitted to cached training OOF,10,CV17_THY_CONT_STATES,,RandomOverSampler,64,7.146558508482854,0.03250895481729275,-0.007291109460875135,"Age, LVEF, Diabetes",Low_T3,13.0,0.479361564248367,0.4222280570032062,groups/h10_CV17_THY_CONT_STATES/figures/15_XGBoost_sigmoid.png
diverse,voting,"LogisticRegression,XGBoost,MLP",raw,models/final_h10_CV17_THY_CONT_STATES_diverse.joblib,10,CV17_THY_CONT_STATES,,,64,8.039783608661219,0.02402981165153941,-0.005612175742209145,"Age, LVEF, Diabetes",SCH,14.0,0.525276900826931,0.48807705920016214,groups/h10_CV17_THY_CONT_STATES/figures/16_diverse_raw.png
diverse,voting,"LogisticRegression,XGBoost,MLP",sigmoid,models/final_h10_CV17_THY_CONT_STATES_diverse.joblib,10,CV17_THY_CONT_STATES,,,64,8.115831141505959,0.03508976872993136,-0.007176849810452071,"Age, LVEF, Diabetes",SCH,14.0,0.4591741908238384,0.4133821264925523,groups/h10_CV17_THY_CONT_STATES/figures/17_diverse_sigmoid.png
paper,voting,"LogisticRegression,RandomForest,AdaBoost",raw,models/predictive_sensitivity/h10_CV17_THY_CONT_STATES_paper.joblib,10,CV17_THY_CONT_STATES,,,64,9.181071854355242,0.018982142318361567,-0.010091558159631154,"Age, LVEF, Diabetes",fT4,10.0,0.5185472594146829,0.4867297282951086,groups/h10_CV17_THY_CONT_STATES/figures/18_paper_raw.png
paper,voting,"LogisticRegression,RandomForest,AdaBoost",sigmoid,models/predictive_sensitivity/h10_CV17_THY_CONT_STATES_paper.joblib,10,CV17_THY_CONT_STATES,,,64,8.61787124637227,0.0329487827407068,-0.015867063526692142,"Age, LVEF, Diabetes",fT3,11.0,0.4725073659920969,0.41602843262254696,groups/h10_CV17_THY_CONT_STATES/figures/19_paper_sigmoid.png
top3_train_cv,voting,"RandomForest,LogisticRegression,SVC",raw,models/predictive_sensitivity/h10_CV17_THY_CONT_STATES_top3_train_cv.joblib,10,CV17_THY_CONT_STATES,,,64,8.896316866607064,0.027825804636919686,-0.009181494344221467,"Age, LVEF, Diabetes",Low_T3,14.0,0.506132433803563,0.4636388987013339,groups/h10_CV17_THY_CONT_STATES/figures/20_top3_train_cv_raw.png
top3_train_cv,voting,"RandomForest,LogisticRegression,SVC",sigmoid,models/predictive_sensitivity/h10_CV17_THY_CONT_STATES_top3_train_cv.joblib,10,CV17_THY_CONT_STATES,,,64,8.708507523857776,0.035712685102072234,-0.010492727001721335,"Age, LVEF, Diabetes",Low_T3,14.0,0.46793715153186216,0.4142896600263619,groups/h10_CV17_THY_CONT_STATES/figures/21_top3_train_cv_sigmoid.png
paper_locked,voting,"LogisticRegression,RandomForest,AdaBoost",raw,models/final_h10_CV17_THY_CONT_STATES_paper_locked.joblib,10,CV17_THY_CONT_STATES,,,64,7.518375845091794,0.015492123732280847,-0.009049888907789919,"Age, LVEF, Diabetes",fT4,11.0,0.5191593553044975,0.4909694805119776,groups/h10_CV17_THY_CONT_STATES/figures/22_paper_locked_raw.png
paper_locked,voting,"LogisticRegression,RandomForest,AdaBoost",sigmoid,models/final_h10_CV17_THY_CONT_STATES_paper_locked.joblib,10,CV17_THY_CONT_STATES,,,64,7.172769439257832,0.02681615813784672,-0.013959578665834353,"Age, LVEF, Diabetes",fT4,10.0,0.4716455944469463,0.4221557205444779,groups/h10_CV17_THY_CONT_STATES/figures/23_paper_locked_sigmoid.png
own,stacking,"RandomForest,AdaBoost,MLP,GradientBoosting",raw,models/stacking_sensitivity/h10_CV17_THY_CONT_STATES_own.joblib,10,CV17_THY_CONT_STATES,10.0,,64,8.084418354174838,0.02825767160090654,-0.013429622413227106,"Age, LVEF, Diabetes",fT4,9.0,0.4599924593320289,0.41194486062725916,groups/h10_CV17_THY_CONT_STATES/figures/24_own_raw.png
own,stacking,"RandomForest,AdaBoost,MLP,GradientBoosting",sigmoid,models/stacking_sensitivity/h10_CV17_THY_CONT_STATES_own.joblib,10,CV17_THY_CONT_STATES,10.0,,64,8.089311628449208,0.02812597498393606,-0.013370184082269275,"Age, LVEF, Diabetes",fT4,9.0,0.4610503872198305,0.41337931176988757,groups/h10_CV17_THY_CONT_STATES/figures/25_own_sigmoid.png
own,stacking,"RandomForest,AdaBoost,MLP,GradientBoosting",isotonic,models/stacking_sensitivity/h10_CV17_THY_CONT_STATES_own.joblib,10,CV17_THY_CONT_STATES,10.0,,64,8.009898913639374,0.028819505005006463,-0.01516101085974663,"Age, LVEF, Diabetes",fT4,9.0,0.46790291224976915,0.40991410541592116,groups/h10_CV17_THY_CONT_STATES/figures/26_own_isotonic.png
same_baseline,stacking,"KNeighbors,AdaBoost,MLP,GradientBoosting",raw,models/stacking_sensitivity/h10_CV17_THY_CONT_STATES_same_baseline.joblib,10,CV17_THY_CONT_STATES,0.01,,64,8.5498567430217,0.027688317200209603,-0.0038468508072957456,"Age, LVEF, Diabetes",fT4,9.0,0.44689730107380526,0.4075431789909555,groups/h10_CV17_THY_CONT_STATES/figures/27_same_baseline_raw.png
same_baseline,stacking,"KNeighbors,AdaBoost,MLP,GradientBoosting",sigmoid,models/stacking_sensitivity/h10_CV17_THY_CONT_STATES_same_baseline.joblib,10,CV17_THY_CONT_STATES,0.01,,64,8.524170234449292,0.030923308565678383,-0.0037534550066993726,"Age, LVEF, Diabetes",fT4,9.0,0.4518824208776039,0.4086158276679618,groups/h10_CV17_THY_CONT_STATES/figures/28_same_baseline_sigmoid.png
same_baseline,stacking,"KNeighbors,AdaBoost,MLP,GradientBoosting",isotonic,models/stacking_sensitivity/h10_CV17_THY_CONT_STATES_same_baseline.joblib,10,CV17_THY_CONT_STATES,0.01,,64,8.785629860808818,0.03261060929352107,-0.004352036620747599,"Age, LVEF, Diabetes",fT4,10.0,0.4645343612022582,0.4130675530409483,groups/h10_CV17_THY_CONT_STATES/figures/29_same_baseline_isotonic.png
locked_baseline,stacking,"KNeighbors,AdaBoost,MLP,GradientBoosting",raw,models/stacking_sensitivity/h10_CV17_THY_CONT_STATES_locked_baseline.joblib,10,CV17_THY_CONT_STATES,0.01,,64,6.489918829338851,0.017641059328939494,-0.004889927086338922,"Age, LVEF, Diabetes",TSH,13.0,0.45406490242571523,0.4170502397521943,groups/h10_CV17_THY_CONT_STATES/figures/30_locked_baseline_raw.png
locked_baseline,stacking,"KNeighbors,AdaBoost,MLP,GradientBoosting",sigmoid,models/stacking_sensitivity/h10_CV17_THY_CONT_STATES_locked_baseline.joblib,10,CV17_THY_CONT_STATES,0.01,,64,6.411478738646419,0.018978125824365043,-0.004436126661239947,"Age, LVEF, Diabetes",TSH,12.0,0.45852717688993605,0.42027029681173766,groups/h10_CV17_THY_CONT_STATES/figures/31_locked_baseline_sigmoid.png
locked_baseline,stacking,"KNeighbors,AdaBoost,MLP,GradientBoosting",isotonic,models/stacking_sensitivity/h10_CV17_THY_CONT_STATES_locked_baseline.joblib,10,CV17_THY_CONT_STATES,0.01,,64,6.803120957233622,0.021597383934192384,-0.006320580782501551,"Age, LVEF, Diabetes",TSH,13.0,0.4721532939332768,0.41608845693358554,groups/h10_CV17_THY_CONT_STATES/figures/32_locked_baseline_isotonic.png
paper,stacking,"LogisticRegression,RandomForest,AdaBoost",raw,models/stacking_sensitivity/h10_CV17_THY_CONT_STATES_paper.joblib,10,CV17_THY_CONT_STATES,100.0,,64,7.783473790015757,0.030171197893475027,-0.011878955118739067,"Age, LVEF, Diabetes",fT4,12.0,0.4731984390677316,0.41930158799579464,groups/h10_CV17_THY_CONT_STATES/figures/33_paper_raw.png
paper,stacking,"LogisticRegression,RandomForest,AdaBoost",sigmoid,models/stacking_sensitivity/h10_CV17_THY_CONT_STATES_paper.joblib,10,CV17_THY_CONT_STATES,100.0,,64,7.844364720780463,0.02959661444769325,-0.011890648355882815,"Age, LVEF, Diabetes",fT4,12.0,0.4709000745562725,0.4177452733140945,groups/h10_CV17_THY_CONT_STATES/figures/34_paper_sigmoid.png
paper,stacking,"LogisticRegression,RandomForest,AdaBoost",isotonic,models/stacking_sensitivity/h10_CV17_THY_CONT_STATES_paper.joblib,10,CV17_THY_CONT_STATES,100.0,,64,7.900371062091383,0.02916599030558706,-0.013547588205127508,"Age, LVEF, Diabetes",TSH,12.0,0.48144239695422064,0.42002552292120765,groups/h10_CV17_THY_CONT_STATES/figures/35_paper_isotonic.png
same_members_reselected_C,stacking,"KNeighbors,AdaBoost,MLP,GradientBoosting",raw,cache/classification_explainability/prepared_h10_CV17_THY_CONT_STATES.joblib,10,CV17_THY_CONT_STATES,100.0,,64,7.075945111422293,0.02620052010645008,-0.002253588512996731,"Age, LVEF, Diabetes",fT4,9.0,0.4576977217497681,0.4160733219597075,groups/h10_CV17_THY_CONT_STATES/figures/36_same_members_reselected_C_raw.png
same_members_reselected_C,stacking,"KNeighbors,AdaBoost,MLP,GradientBoosting",sigmoid,cache/classification_explainability/prepared_h10_CV17_THY_CONT_STATES.joblib,10,CV17_THY_CONT_STATES,100.0,,64,7.076857457486473,0.026186075968074644,-0.002259941563305365,"Age, LVEF, Diabetes",fT4,9.0,0.4572945109874968,0.41567271527398186,groups/h10_CV17_THY_CONT_STATES/figures/37_same_members_reselected_C_sigmoid.png
same_members_reselected_C,stacking,"KNeighbors,AdaBoost,MLP,GradientBoosting",isotonic,cache/classification_explainability/prepared_h10_CV17_THY_CONT_STATES.joblib,10,CV17_THY_CONT_STATES,100.0,,64,6.850740140415357,0.02496593719116233,-0.00271364994506605,"Age, LVEF, Diabetes",fT4,9.0,0.4651287411789072,0.421149283751611,groups/h10_CV17_THY_CONT_STATES/figures/38_same_members_reselected_C_isotonic.png
LogisticRegression,individual,LogisticRegression,raw,Cached fitted individual; sigmoid fitted to cached training OOF,10,CV17_THY_STATES,,class_weight,64,3.329785317086425,0.01219418774408493,-0.0017911018228802522,"Age, LVEF, Diabetes",SCH,11.0,0.5511865554066877,0.5109257190096174,groups/h10_CV17_THY_STATES/figures/00_LogisticRegression_raw.png
LogisticRegression,individual,LogisticRegression,sigmoid,Cached fitted individual; sigmoid fitted to cached training OOF,10,CV17_THY_STATES,,class_weight,64,3.298836960555777,0.01673073442212506,-0.0018804228794285418,"Age, LVEF, Diabetes",SCH,11.0,0.4829176484987955,0.4366800649919095,groups/h10_CV17_THY_STATES/figures/01_LogisticRegression_sigmoid.png
SVC,individual,SVC,raw,Cached fitted individual; sigmoid fitted to cached training OOF,10,CV17_THY_STATES,,class_weight,64,5.282420105827286,0.030920206418994962,-0.000993865204796678,"Age, LVEF, Diabetes",Low_T3,13.0,0.4829164322792439,0.43166100532419294,groups/h10_CV17_THY_STATES/figures/02_SVC_raw.png
SVC,individual,SVC,sigmoid,Cached fitted individual; sigmoid fitted to cached training OOF,10,CV17_THY_STATES,,class_weight,64,5.355594277513669,0.03032616603791926,-0.0010806411760011436,"Age, LVEF, Diabetes",Low_T3,13.0,0.47398808437262835,0.424168938644382,groups/h10_CV17_THY_STATES/figures/03_SVC_sigmoid.png
KNeighbors,individual,KNeighbors,raw,Cached fitted individual; sigmoid fitted to cached training OOF,10,CV17_THY_STATES,,RandomOverSampler,64,7.726050489447979,0.03385679534180147,-0.006071120106136238,"Age, Dyslipidemia, LVEF",Low_T3,10.0,0.4375,0.4290038540386641,groups/h10_CV17_THY_STATES/figures/04_KNeighbors_raw.png
KNeighbors,individual,KNeighbors,sigmoid,Cached fitted individual; sigmoid fitted to cached training OOF,10,CV17_THY_STATES,,RandomOverSampler,64,7.471685035482848,0.039838292565801556,-0.006128956504296013,"Age, Dyslipidemia, LVEF",Low_T3,10.0,0.4375000002504833,0.4086324166647604,groups/h10_CV17_THY_STATES/figures/05_KNeighbors_sigmoid.png
RandomForest,individual,RandomForest,raw,Cached fitted individual; sigmoid fitted to cached training OOF,10,CV17_THY_STATES,,none,64,2.6332178951768843,0.009898554116357781,-0.0024121676818910248,"Age, LVEF, Diabetes",Low_T3,14.0,0.43951462605883224,0.4106241144429523,groups/h10_CV17_THY_STATES/figures/06_RandomForest_raw.png
RandomForest,individual,RandomForest,sigmoid,Cached fitted individual; sigmoid fitted to cached training OOF,10,CV17_THY_STATES,,none,64,2.4479202446062676,0.011049146580918611,-0.002337915095048087,"Age, LVEF, Diabetes",Low_T3,14.0,0.4546144791396727,0.420935130325636,groups/h10_CV17_THY_STATES/figures/07_RandomForest_sigmoid.png
AdaBoost,individual,AdaBoost,raw,Cached fitted individual; sigmoid fitted to cached training OOF,10,CV17_THY_STATES,,none,64,0.0,0.0,0.0,"Age, LVEF, Diabetes",SCH,18.0,0.4654251217581064,0.45965465783521214,groups/h10_CV17_THY_STATES/figures/08_AdaBoost_raw.png
AdaBoost,individual,AdaBoost,sigmoid,Cached fitted individual; sigmoid fitted to cached training OOF,10,CV17_THY_STATES,,none,64,0.0,0.0,0.0,"Age, LVEF, Diabetes",SCH,18.0,0.4496947120095811,0.4294548017216575,groups/h10_CV17_THY_STATES/figures/09_AdaBoost_sigmoid.png
MLP,individual,MLP,raw,Cached fitted individual; sigmoid fitted to cached training OOF,10,CV17_THY_STATES,,RandomOverSampler,64,5.281346207316914,0.03377262934452154,-0.0054419304927004735,"Age, LVEF, Diabetes",Low_T3,12.0,0.5821965623525517,0.4994461109376924,groups/h10_CV17_THY_STATES/figures/10_MLP_raw.png
MLP,individual,MLP,sigmoid,Cached fitted individual; sigmoid fitted to cached training OOF,10,CV17_THY_STATES,,RandomOverSampler,64,6.1721422071119925,0.03356580735881123,-0.010021992078631768,"Age, LVEF, Diabetes",Low_T3,12.0,0.5047188728569382,0.42989599374614684,groups/h10_CV17_THY_STATES/figures/11_MLP_sigmoid.png
GradientBoosting,individual,GradientBoosting,raw,Cached fitted individual; sigmoid fitted to cached training OOF,10,CV17_THY_STATES,,SMOTENC,64,1.370611897569818,0.006370706130508833,-0.002638137892208751,"Age, LVEF, Diabetes",Low_T3,16.0,0.5062134257175667,0.4718198018738176,groups/h10_CV17_THY_STATES/figures/12_GradientBoosting_raw.png
GradientBoosting,individual,GradientBoosting,sigmoid,Cached fitted individual; sigmoid fitted to cached training OOF,10,CV17_THY_STATES,,SMOTENC,64,1.5514833868403575,0.006431588994639479,-0.002541158946306953,"Age, LVEF, Vessels",Low_T3,16.0,0.4547080705554655,0.4138095602194611,groups/h10_CV17_THY_STATES/figures/13_GradientBoosting_sigmoid.png
XGBoost,individual,XGBoost,raw,Cached fitted individual; sigmoid fitted to cached training OOF,10,CV17_THY_STATES,,RandomOverSampler,64,5.71737934076328,0.01989228354432271,-0.0030250869276642334,"Age, LVEF, Diabetes",Low_T3,13.0,0.532332300208509,0.4921111944131553,groups/h10_CV17_THY_STATES/figures/14_XGBoost_raw.png
XGBoost,individual,XGBoost,sigmoid,Cached fitted individual; sigmoid fitted to cached training OOF,10,CV17_THY_STATES,,RandomOverSampler,64,5.5200663550951665,0.03068471645831686,-0.0035055671986022586,"Age, LVEF, Diabetes",Low_T3,13.0,0.48356185732709817,0.4273819464126185,groups/h10_CV17_THY_STATES/figures/15_XGBoost_sigmoid.png
diverse,voting,"LogisticRegression,XGBoost,MLP",raw,models/final_h10_CV17_THY_STATES_diverse.joblib,10,CV17_THY_STATES,,,64,4.825288674013636,0.021698315427846723,-0.0034193730810816664,"Age, LVEF, Diabetes",Low_T3,12.0,0.5552384726559163,0.5008276747868217,groups/h10_CV17_THY_STATES/figures/16_diverse_raw.png
diverse,voting,"LogisticRegression,XGBoost,MLP",sigmoid,models/final_h10_CV17_THY_STATES_diverse.joblib,10,CV17_THY_STATES,,,64,4.844281221684141,0.027281973013525695,-0.0037718372834399604,"Age, LVEF, Diabetes",Low_T3,12.0,0.49807953649694386,0.4383688476589752,groups/h10_CV17_THY_STATES/figures/17_diverse_sigmoid.png
paper,voting,"LogisticRegression,RandomForest,AdaBoost",raw,models/predictive_sensitivity/h10_CV17_THY_STATES_paper.joblib,10,CV17_THY_STATES,,,64,2.4022346685293474,0.007150565790243663,-0.0014010898349237503,"Age, LVEF, Diabetes",SCH,12.0,0.4853754344078754,0.46040149709592726,groups/h10_CV17_THY_STATES/figures/18_paper_raw.png
paper,voting,"LogisticRegression,RandomForest,AdaBoost",sigmoid,models/predictive_sensitivity/h10_CV17_THY_STATES_paper.joblib,10,CV17_THY_STATES,,,64,2.237953665850825,0.010201981561450328,-0.0014661528072814542,"Age, LVEF, Diabetes",SCH,12.0,0.4671442469149788,0.4289014696071177,groups/h10_CV17_THY_STATES/figures/19_paper_sigmoid.png
top3_train_cv,voting,"RandomForest,LogisticRegression,SVC",raw,models/predictive_sensitivity/h10_CV17_THY_STATES_top3_train_cv.joblib,10,CV17_THY_STATES,,,64,3.9568276059576832,0.01745730126324198,-0.0017323782365226649,"Age, LVEF, Diabetes",SCH,13.0,0.4912058712482547,0.4510702795922542,groups/h10_CV17_THY_STATES/figures/20_top3_train_cv_raw.png
top3_train_cv,voting,"RandomForest,LogisticRegression,SVC",sigmoid,models/predictive_sensitivity/h10_CV17_THY_STATES_top3_train_cv.joblib,10,CV17_THY_STATES,,,64,3.890337857435135,0.02059946481339916,-0.00149566450971117,"Age, LVEF, Diabetes",SCH,13.0,0.47286738011357976,0.42724591782649407,groups/h10_CV17_THY_STATES/figures/21_top3_train_cv_sigmoid.png
paper_locked,voting,"LogisticRegression,RandomForest,AdaBoost",raw,models/final_h10_CV17_THY_STATES_paper_locked.joblib,10,CV17_THY_STATES,,,64,2.202853815066794,0.0060501563503051,-0.0023704420758110275,"Age, LVEF, Diabetes",SCH,15.0,0.5203697285320293,0.4980976745060062,groups/h10_CV17_THY_STATES/figures/22_paper_locked_raw.png
paper_locked,voting,"LogisticRegression,RandomForest,AdaBoost",sigmoid,models/final_h10_CV17_THY_STATES_paper_locked.joblib,10,CV17_THY_STATES,,,64,2.0393437793768845,0.010053191440272483,-0.0035481881084870777,"Age, LVEF, Diabetes",SCH,15.0,0.47167058557341385,0.43073231924472977,groups/h10_CV17_THY_STATES/figures/23_paper_locked_sigmoid.png
own,stacking,"GradientBoosting,XGBoost",raw,models/stacking_sensitivity/h10_CV17_THY_STATES_own.joblib,10,CV17_THY_STATES,0.01,,64,3.567023592751232,0.015364243107181033,-0.0027210621214881782,"Age, LVEF, Diabetes",SCH,15.0,0.45664030902159947,0.4158188409919418,groups/h10_CV17_THY_STATES/figures/24_own_raw.png
own,stacking,"GradientBoosting,XGBoost",sigmoid,models/stacking_sensitivity/h10_CV17_THY_STATES_own.joblib,10,CV17_THY_STATES,0.01,,64,3.3606752995069167,0.017567548790120797,-0.0027173952637500115,"Age, LVEF, Diabetes",SCH,15.0,0.4708406696725608,0.42454017130917454,groups/h10_CV17_THY_STATES/figures/25_own_sigmoid.png
own,stacking,"GradientBoosting,XGBoost",isotonic,models/stacking_sensitivity/h10_CV17_THY_STATES_own.joblib,10,CV17_THY_STATES,0.01,,64,3.3879786911430236,0.018379072862612568,-0.0021762885560129216,"Age, LVEF, Diabetes",Low_T3,15.0,0.4880515818374623,0.42879584021531436,groups/h10_CV17_THY_STATES/figures/26_own_isotonic.png
same_baseline,stacking,"KNeighbors,AdaBoost,MLP,GradientBoosting",raw,models/stacking_sensitivity/h10_CV17_THY_STATES_same_baseline.joblib,10,CV17_THY_STATES,0.01,,64,3.6839740576184457,0.0168742012820021,-0.0028276447183684223,"Age, LVEF, Diabetes",Low_T3,12.0,0.45777810212371817,0.42280191606335527,groups/h10_CV17_THY_STATES/figures/27_same_baseline_raw.png
same_baseline,stacking,"KNeighbors,AdaBoost,MLP,GradientBoosting",sigmoid,models/stacking_sensitivity/h10_CV17_THY_STATES_same_baseline.joblib,10,CV17_THY_STATES,0.01,,64,3.5690896563342203,0.01813534270535798,-0.0025714735615381683,"Age, LVEF, Diabetes",Low_T3,12.0,0.46086493800380224,0.42361361838473854,groups/h10_CV17_THY_STATES/figures/28_same_baseline_sigmoid.png
same_baseline,stacking,"KNeighbors,AdaBoost,MLP,GradientBoosting",isotonic,models/stacking_sensitivity/h10_CV17_THY_STATES_same_baseline.joblib,10,CV17_THY_STATES,0.01,,64,3.8998990758285297,0.02055096347868552,-0.004732257453838889,"Age, LVEF, Diabetes",Low_T3,12.0,0.47928063044578645,0.4188540474341984,groups/h10_CV17_THY_STATES/figures/29_same_baseline_isotonic.png
locked_baseline,stacking,"KNeighbors,AdaBoost,MLP,GradientBoosting",raw,models/stacking_sensitivity/h10_CV17_THY_STATES_locked_baseline.joblib,10,CV17_THY_STATES,0.01,,64,2.9514052410421585,0.014295464937511373,-0.002388010540622167,"Age, LVEF, Diabetes",Low_T3,14.0,0.4542393312017627,0.42055492140706285,groups/h10_CV17_THY_STATES/figures/30_locked_baseline_raw.png
locked_baseline,stacking,"KNeighbors,AdaBoost,MLP,GradientBoosting",sigmoid,models/stacking_sensitivity/h10_CV17_THY_STATES_locked_baseline.joblib,10,CV17_THY_STATES,0.01,,64,2.857694227586613,0.015540691370676582,-0.0021144076428408634,"Age, LVEF, Diabetes",Low_T3,14.0,0.4613518906349468,0.4254659176480665,groups/h10_CV17_THY_STATES/figures/31_locked_baseline_sigmoid.png
locked_baseline,stacking,"KNeighbors,AdaBoost,MLP,GradientBoosting",isotonic,models/stacking_sensitivity/h10_CV17_THY_STATES_locked_baseline.joblib,10,CV17_THY_STATES,0.01,,64,3.2029058854570938,0.017707139274221698,-0.0022829226888123055,"Age, LVEF, Diabetes",Low_T3,13.0,0.48209627927649235,0.4202144365275708,groups/h10_CV17_THY_STATES/figures/32_locked_baseline_isotonic.png
paper,stacking,"LogisticRegression,RandomForest,AdaBoost",raw,models/stacking_sensitivity/h10_CV17_THY_STATES_paper.joblib,10,CV17_THY_STATES,100.0,,64,2.758823780561527,0.013443395207784918,-0.0016825812504921594,"Age, LVEF, Diabetes",SCH,12.0,0.47009537219829406,0.4282238854788965,groups/h10_CV17_THY_STATES/figures/33_paper_raw.png
paper,stacking,"LogisticRegression,RandomForest,AdaBoost",sigmoid,models/stacking_sensitivity/h10_CV17_THY_STATES_paper.joblib,10,CV17_THY_STATES,100.0,,64,2.7887436665273526,0.013196572888577347,-0.0017437108122585572,"Age, LVEF, Diabetes",SCH,12.0,0.46630636641557294,0.42500528154858663,groups/h10_CV17_THY_STATES/figures/34_paper_sigmoid.png
paper,stacking,"LogisticRegression,RandomForest,AdaBoost",isotonic,models/stacking_sensitivity/h10_CV17_THY_STATES_paper.joblib,10,CV17_THY_STATES,100.0,,64,2.589376989931006,0.012639576335148967,-0.0011644353602331345,"Age, LVEF, Diabetes",SCH,12.0,0.47249541227164343,0.42979660461411506,groups/h10_CV17_THY_STATES/figures/35_paper_isotonic.png
same_members_reselected_C,stacking,"KNeighbors,AdaBoost,MLP,GradientBoosting",raw,cache/classification_explainability/prepared_h10_CV17_THY_STATES.joblib,10,CV17_THY_STATES,0.01,,64,3.683974057618446,0.016874201282002087,-0.0028276447183684253,"Age, LVEF, Diabetes",Low_T3,12.0,0.45777810212371817,0.42280191606335527,groups/h10_CV17_THY_STATES/figures/36_same_members_reselected_C_raw.png
same_members_reselected_C,stacking,"KNeighbors,AdaBoost,MLP,GradientBoosting",sigmoid,cache/classification_explainability/prepared_h10_CV17_THY_STATES.joblib,10,CV17_THY_STATES,0.01,,64,3.569089656334221,0.018135342705357972,-0.0025714735615381713,"Age, LVEF, Diabetes",Low_T3,12.0,0.46086493800380224,0.42361361838473854,groups/h10_CV17_THY_STATES/figures/37_same_members_reselected_C_sigmoid.png
same_members_reselected_C,stacking,"KNeighbors,AdaBoost,MLP,GradientBoosting",isotonic,cache/classification_explainability/prepared_h10_CV17_THY_STATES.joblib,10,CV17_THY_STATES,0.01,,64,3.8998990758285306,0.020550963478685524,-0.004732257453838896,"Age, LVEF, Diabetes",Low_T3,12.0,0.47928063044578645,0.4188540474341984,groups/h10_CV17_THY_STATES/figures/38_same_members_reselected_C_isotonic.png
LogisticRegression,individual,LogisticRegression,raw,Cached fitted individual; sigmoid fitted to cached training OOF,7,CV17,,RandomOverSampler,64,0.0,0.0,0.0,"Age, LVEF, Dyslipidemia",,,0.44767065629935887,0.41346283269824335,groups/h7_CV17/figures/00_LogisticRegression_raw.png
LogisticRegression,individual,LogisticRegression,sigmoid,Cached fitted individual; sigmoid fitted to cached training OOF,7,CV17,,RandomOverSampler,64,0.0,0.0,0.0,"Age, LVEF, PostIsch_DCM",,,0.22665216352723272,0.19068580390200357,groups/h7_CV17/figures/01_LogisticRegression_sigmoid.png
SVC,individual,SVC,raw,Cached fitted individual; sigmoid fitted to cached training OOF,7,CV17,,SMOTENC,64,0.0,0.0,0.0,"Age, LVEF, Angina",,,0.45200326076756603,0.39663946551326984,groups/h7_CV17/figures/02_SVC_raw.png
SVC,individual,SVC,sigmoid,Cached fitted individual; sigmoid fitted to cached training OOF,7,CV17,,SMOTENC,64,0.0,0.0,0.0,"LVEF, Age, PostIsch_DCM",,,0.22461771600772404,0.19104200442779248,groups/h7_CV17/figures/03_SVC_sigmoid.png
KNeighbors,individual,KNeighbors,raw,Cached fitted individual; sigmoid fitted to cached training OOF,7,CV17,,RandomOverSampler,64,0.0,0.0,0.0,"LVEF, Age, Dyslipidemia",,,0.1875,0.3666869646043014,groups/h7_CV17/figures/04_KNeighbors_raw.png
KNeighbors,individual,KNeighbors,sigmoid,Cached fitted individual; sigmoid fitted to cached training OOF,7,CV17,,RandomOverSampler,64,0.0,0.0,0.0,"Age, LVEF, Dyslipidemia",,,0.1874893508708353,0.19744141113649605,groups/h7_CV17/figures/05_KNeighbors_sigmoid.png
RandomForest,individual,RandomForest,raw,Cached fitted individual; sigmoid fitted to cached training OOF,7,CV17,,class_weight,64,0.0,0.0,0.0,"Age, LVEF, Vessels",,,0.3897093819547925,0.3526516271490221,groups/h7_CV17/figures/06_RandomForest_raw.png
RandomForest,individual,RandomForest,sigmoid,Cached fitted individual; sigmoid fitted to cached training OOF,7,CV17,,class_weight,64,0.0,0.0,0.0,"Age, LVEF, Vessels",,,0.24326108134086463,0.19746259163885593,groups/h7_CV17/figures/07_RandomForest_sigmoid.png
AdaBoost,individual,AdaBoost,raw,Cached fitted individual; sigmoid fitted to cached training OOF,7,CV17,,SMOTENC,64,0.0,0.0,0.0,"Age, LVEF, Vessels",,,0.4749884634284084,0.4581436635117542,groups/h7_CV17/figures/08_AdaBoost_raw.png
AdaBoost,individual,AdaBoost,sigmoid,Cached fitted individual; sigmoid fitted to cached training OOF,7,CV17,,SMOTENC,64,0.0,0.0,0.0,"LVEF, Age, Vessels",,,0.24616462880342344,0.19296982730767154,groups/h7_CV17/figures/09_AdaBoost_sigmoid.png
MLP,individual,MLP,raw,Cached fitted individual; sigmoid fitted to cached training OOF,7,CV17,,RandomOverSampler,64,0.0,0.0,0.0,"Age, LVEF, Vessels",,,0.41395445855495033,0.37855681613442826,groups/h7_CV17/figures/10_MLP_raw.png
MLP,individual,MLP,sigmoid,Cached fitted individual; sigmoid fitted to cached training OOF,7,CV17,,RandomOverSampler,64,0.0,0.0,0.0,"Age, LVEF, Vessels",,,0.22484822807869745,0.20587603808989272,groups/h7_CV17/figures/11_MLP_sigmoid.png
GradientBoosting,individual,GradientBoosting,raw,Cached fitted individual; sigmoid fitted to cached training OOF,7,CV17,,SMOTENC,64,0.0,0.0,0.0,"Age, LVEF, Vessels",,,0.400743056644751,0.35423307614579047,groups/h7_CV17/figures/12_GradientBoosting_raw.png
GradientBoosting,individual,GradientBoosting,sigmoid,Cached fitted individual; sigmoid fitted to cached training OOF,7,CV17,,SMOTENC,64,0.0,0.0,0.0,"LVEF, Age, Vessels",,,0.23577178398189602,0.1948828951721675,groups/h7_CV17/figures/13_GradientBoosting_sigmoid.png
XGBoost,individual,XGBoost,raw,Cached fitted individual; sigmoid fitted to cached training OOF,7,CV17,,RandomOverSampler,64,0.0,0.0,0.0,"Age, LVEF, Vessels",,,0.4701136201620102,0.4586593867279589,groups/h7_CV17/figures/14_XGBoost_raw.png
XGBoost,individual,XGBoost,sigmoid,Cached fitted individual; sigmoid fitted to cached training OOF,7,CV17,,RandomOverSampler,64,0.0,0.0,0.0,"Age, LVEF, Vessels",,,0.23543642660447286,0.18703029812644456,groups/h7_CV17/figures/15_XGBoost_sigmoid.png
paper,voting,"LogisticRegression,RandomForest,AdaBoost",raw,models/predictive_sensitivity/h7_CV17_paper.joblib,7,CV17,,,64,0.0,0.0,0.0,"Age, LVEF, Vessels",,,0.43745616722751995,0.4080860411196732,groups/h7_CV17/figures/16_paper_raw.png
paper,voting,"LogisticRegression,RandomForest,AdaBoost",sigmoid,models/predictive_sensitivity/h7_CV17_paper.joblib,7,CV17,,,64,0.0,0.0,0.0,"Age, LVEF, Vessels",,,0.2435425350671552,0.19314490881013974,groups/h7_CV17/figures/17_paper_sigmoid.png
own,stacking,"KNeighbors,RandomForest,AdaBoost,MLP",raw,models/stacking_sensitivity/h7_CV17_own.joblib,7,CV17,1.0,,64,0.0,0.0,0.0,"Age, LVEF, Vessels",,,0.25113500083705004,0.1971643096365057,groups/h7_CV17/figures/18_own_raw.png
own,stacking,"KNeighbors,RandomForest,AdaBoost,MLP",sigmoid,models/stacking_sensitivity/h7_CV17_own.joblib,7,CV17,1.0,,64,0.0,0.0,0.0,"Age, LVEF, Vessels",,,0.2509123540431919,0.19891164658253346,groups/h7_CV17/figures/19_own_sigmoid.png
own,stacking,"KNeighbors,RandomForest,AdaBoost,MLP",isotonic,models/stacking_sensitivity/h7_CV17_own.joblib,7,CV17,1.0,,64,0.0,0.0,0.0,"Age, LVEF, Vessels",,,0.24349335789832072,0.20232695701240735,groups/h7_CV17/figures/20_own_isotonic.png
paper,stacking,"LogisticRegression,RandomForest,AdaBoost",raw,models/stacking_sensitivity/h7_CV17_paper.joblib,7,CV17,10.0,,64,0.0,0.0,0.0,"Age, LVEF, Vessels",,,0.2434697115382614,0.19121135076833418,groups/h7_CV17/figures/21_paper_raw.png
paper,stacking,"LogisticRegression,RandomForest,AdaBoost",sigmoid,models/stacking_sensitivity/h7_CV17_paper.joblib,7,CV17,10.0,,64,0.0,0.0,0.0,"Age, LVEF, Vessels",,,0.23863235710576536,0.18779621609067995,groups/h7_CV17/figures/22_paper_sigmoid.png
paper,stacking,"LogisticRegression,RandomForest,AdaBoost",isotonic,models/stacking_sensitivity/h7_CV17_paper.joblib,7,CV17,10.0,,64,0.0,0.0,0.0,"Age, LVEF, Vessels",,,0.2345999965272312,0.18686330470848292,groups/h7_CV17/figures/23_paper_isotonic.png
LogisticRegression,individual,LogisticRegression,raw,Cached fitted individual; sigmoid fitted to cached training OOF,7,CV17_THY_CONT,,RandomOverSampler,64,1.7168727128892343,0.006351911669291446,-5.490341665433633e-05,"Age, LVEF, Dyslipidemia",fT4,13.0,0.44688181178158765,0.41136108736050925,groups/h7_CV17_THY_CONT/figures/00_LogisticRegression_raw.png
LogisticRegression,individual,LogisticRegression,sigmoid,Cached fitted individual; sigmoid fitted to cached training OOF,7,CV17_THY_CONT,,RandomOverSampler,64,1.675346047658365,0.00590025128538826,-0.0012509025893794278,"Age, LVEF, PostIsch_DCM",fT4,13.0,0.22822088139740698,0.18903073609431625,groups/h7_CV17_THY_CONT/figures/01_LogisticRegression_sigmoid.png
SVC,individual,SVC,raw,Cached fitted individual; sigmoid fitted to cached training OOF,7,CV17_THY_CONT,,class_weight,64,2.373091815798063,0.00748725465026246,-0.0012115283487927333,"LVEF, Age, PostIsch_DCM",fT4,14.0,0.22051050942027042,0.20363774972692306,groups/h7_CV17_THY_CONT/figures/02_SVC_raw.png
SVC,individual,SVC,sigmoid,Cached fitted individual; sigmoid fitted to cached training OOF,7,CV17_THY_CONT,,class_weight,64,2.359660013308312,0.00696759295673067,-0.0011172705224803642,"LVEF, Age, PostIsch_DCM",fT4,14.0,0.2082712553628831,0.19457982905661036,groups/h7_CV17_THY_CONT/figures/03_SVC_sigmoid.png
KNeighbors,individual,KNeighbors,raw,Cached fitted individual; sigmoid fitted to cached training OOF,7,CV17_THY_CONT,,RandomOverSampler,64,5.837186794278946,0.019626783288043476,-0.003991168478260869,"Age, LVEF, AFib",fT4,16.0,0.34782608695652173,0.35529891304347827,groups/h7_CV17_THY_CONT/figures/04_KNeighbors_raw.png
KNeighbors,individual,KNeighbors,sigmoid,Cached fitted individual; sigmoid fitted to cached training OOF,7,CV17_THY_CONT,,RandomOverSampler,64,5.55632770607256,0.010533365249609069,-0.0025911732402403563,"Age, LVEF, PostIsch_DCM",fT4,16.0,0.187793918772874,0.19268154481215727,groups/h7_CV17_THY_CONT/figures/05_KNeighbors_sigmoid.png
RandomForest,individual,RandomForest,raw,Cached fitted individual; sigmoid fitted to cached training OOF,7,CV17_THY_CONT,,RandomOverSampler,64,16.116636289652206,0.03645844035438933,0.004969116982058965,"Age, LVEF, fT4",fT4,3.0,0.3181410385745103,0.29994991865655335,groups/h7_CV17_THY_CONT/figures/06_RandomForest_raw.png
RandomForest,individual,RandomForest,sigmoid,Cached fitted individual; sigmoid fitted to cached training OOF,7,CV17_THY_CONT,,RandomOverSampler,64,15.209823856229212,0.03276913624316541,-0.00619428570820235,"Age, LVEF, fT4",fT4,3.0,0.23600400096971147,0.18739162093701153,groups/h7_CV17_THY_CONT/figures/07_RandomForest_sigmoid.png
AdaBoost,individual,AdaBoost,raw,Cached fitted individual; sigmoid fitted to cached training OOF,7,CV17_THY_CONT,,RandomOverSampler,64,10.65869701624617,0.012508520245735223,-0.0022450713668381124,"Age, LVEF, fT4",fT4,3.0,0.46218857347149983,0.44531582669444747,groups/h7_CV17_THY_CONT/figures/08_AdaBoost_raw.png
AdaBoost,individual,AdaBoost,sigmoid,Cached fitted individual; sigmoid fitted to cached training OOF,7,CV17_THY_CONT,,RandomOverSampler,64,10.139576556492122,0.021506990128988778,-0.009494273960378177,"Age, LVEF, fT4",fT4,3.0,0.2262872149983939,0.1827697906545813,groups/h7_CV17_THY_CONT/figures/09_AdaBoost_sigmoid.png
MLP,individual,MLP,raw,Cached fitted individual; sigmoid fitted to cached training OOF,7,CV17_THY_CONT,,RandomOverSampler,64,2.2879866550696555,0.007909985686170512,-0.003144294132885489,"Age, LVEF, Dyslipidemia",fT4,15.0,0.4495227903650952,0.3877387676086466,groups/h7_CV17_THY_CONT/figures/10_MLP_raw.png
MLP,individual,MLP,sigmoid,Cached fitted individual; sigmoid fitted to cached training OOF,7,CV17_THY_CONT,,RandomOverSampler,64,2.3400595756092604,0.004803680287349209,-0.0019343139229291253,"Age, LVEF, Dyslipidemia",fT4,15.0,0.22757945870977014,0.20119944659797412,groups/h7_CV17_THY_CONT/figures/11_MLP_sigmoid.png
GradientBoosting,individual,GradientBoosting,raw,Cached fitted individual; sigmoid fitted to cached training OOF,7,CV17_THY_CONT,,RandomOverSampler,64,18.53068275227354,0.0611829323709652,0.01803224471720346,"Age, LVEF, TSH",TSH,3.0,0.3630839347402861,0.32951871016633555,groups/h7_CV17_THY_CONT/figures/12_GradientBoosting_raw.png
GradientBoosting,individual,GradientBoosting,sigmoid,Cached fitted individual; sigmoid fitted to cached training OOF,7,CV17_THY_CONT,,RandomOverSampler,64,17.658324327725737,0.03785184491012313,0.006038117779839093,"Age, LVEF, Vessels",TSH,4.0,0.2258437156302095,0.1905538709408376,groups/h7_CV17_THY_CONT/figures/13_GradientBoosting_sigmoid.png
XGBoost,individual,XGBoost,raw,Cached fitted individual; sigmoid fitted to cached training OOF,7,CV17_THY_CONT,,RandomOverSampler,64,16.983809017683775,0.038209902622838854,2.5258932510041632e-05,"Age, LVEF, fT4",fT4,3.0,0.3964728256687522,0.36094541335478425,groups/h7_CV17_THY_CONT/figures/14_XGBoost_raw.png
XGBoost,individual,XGBoost,sigmoid,Cached fitted individual; sigmoid fitted to cached training OOF,7,CV17_THY_CONT,,RandomOverSampler,64,16.044392944476595,0.0335364477304736,-0.010926307015855003,"Age, LVEF, Vessels",fT4,5.0,0.2388115597371811,0.179674136880713,groups/h7_CV17_THY_CONT/figures/15_XGBoost_sigmoid.png
paper,voting,"LogisticRegression,RandomForest,AdaBoost",raw,models/predictive_sensitivity/h7_CV17_THY_CONT_paper.joblib,7,CV17_THY_CONT,,,64,8.845587050927769,0.01746137849527942,0.0008897140661888242,"Age, LVEF, Dyslipidemia",fT4,7.0,0.4090704746091993,0.38554227757050336,groups/h7_CV17_THY_CONT/figures/16_paper_raw.png
paper,voting,"LogisticRegression,RandomForest,AdaBoost",sigmoid,models/predictive_sensitivity/h7_CV17_THY_CONT_paper.joblib,7,CV17_THY_CONT,,,64,8.310805909043795,0.019676426454793117,-0.0061944035170974215,"Age, LVEF, PostIsch_DCM",fT4,7.0,0.237278953319586,0.1851129304696781,groups/h7_CV17_THY_CONT/figures/17_paper_sigmoid.png
paper_locked,voting,"LogisticRegression,RandomForest,AdaBoost",raw,models/final_h7_CV17_THY_CONT_paper_locked.joblib,7,CV17_THY_CONT,,,64,8.78310561064337,0.016356296042701855,-3.772080266370133e-05,"Age, LVEF, Vessels",fT4,7.0,0.4300747549750134,0.4020750488383579,groups/h7_CV17_THY_CONT/figures/18_paper_locked_raw.png
paper_locked,voting,"LogisticRegression,RandomForest,AdaBoost",sigmoid,models/final_h7_CV17_THY_CONT_paper_locked.joblib,7,CV17_THY_CONT,,,64,8.376065944698171,0.020589902711286797,-0.0049178792666580776,"Age, LVEF, Vessels",fT4,7.0,0.24767306846762424,0.19031399479996086,groups/h7_CV17_THY_CONT/figures/19_paper_locked_sigmoid.png
own,stacking,"LogisticRegression,KNeighbors,AdaBoost",raw,models/stacking_sensitivity/h7_CV17_THY_CONT_own.joblib,7,CV17_THY_CONT,1.0,,64,5.138891406969909,0.0139484625168684,-0.006077850842523264,"Age, LVEF, PostIsch_DCM",fT4,10.0,0.23357919517312647,0.18620519906073396,groups/h7_CV17_THY_CONT/figures/20_own_raw.png
own,stacking,"LogisticRegression,KNeighbors,AdaBoost",sigmoid,models/stacking_sensitivity/h7_CV17_THY_CONT_own.joblib,7,CV17_THY_CONT,1.0,,64,5.13927264987269,0.013539150180571264,-0.005893516524000785,"Age, LVEF, PostIsch_DCM",fT4,10.0,0.22832823742533523,0.18275710634217796,groups/h7_CV17_THY_CONT/figures/21_own_sigmoid.png
own,stacking,"LogisticRegression,KNeighbors,AdaBoost",isotonic,models/stacking_sensitivity/h7_CV17_THY_CONT_own.joblib,7,CV17_THY_CONT,1.0,,64,5.600038024840615,0.014755514040344458,-0.006504200512690097,"Age, LVEF, PostIsch_DCM",fT4,10.0,0.23164694963645258,0.178471507936537,groups/h7_CV17_THY_CONT/figures/22_own_isotonic.png
same_baseline,stacking,"KNeighbors,RandomForest,AdaBoost,MLP",raw,models/stacking_sensitivity/h7_CV17_THY_CONT_same_baseline.joblib,7,CV17_THY_CONT,1.0,,64,9.678940249614108,0.023170209897819226,-0.008436187018900311,"Age, LVEF, PostIsch_DCM",fT4,4.0,0.23672814410046722,0.18575781519233833,groups/h7_CV17_THY_CONT/figures/23_same_baseline_raw.png
same_baseline,stacking,"KNeighbors,RandomForest,AdaBoost,MLP",sigmoid,models/stacking_sensitivity/h7_CV17_THY_CONT_same_baseline.joblib,7,CV17_THY_CONT,1.0,,64,9.684051347738372,0.02277922936755731,-0.008243106046713744,"Age, LVEF, PostIsch_DCM",fT4,4.0,0.23494416278248037,0.18518068640109453,groups/h7_CV17_THY_CONT/figures/24_same_baseline_sigmoid.png
same_baseline,stacking,"KNeighbors,RandomForest,AdaBoost,MLP",isotonic,models/stacking_sensitivity/h7_CV17_THY_CONT_same_baseline.joblib,7,CV17_THY_CONT,1.0,,64,9.624436258179937,0.023106747219627168,-0.010174766570424067,"Age, LVEF, PostIsch_DCM",fT4,4.0,0.23803859531695565,0.18664938089949903,groups/h7_CV17_THY_CONT/figures/25_same_baseline_isotonic.png
locked_baseline,stacking,"KNeighbors,RandomForest,AdaBoost,MLP",raw,models/stacking_sensitivity/h7_CV17_THY_CONT_locked_baseline.joblib,7,CV17_THY_CONT,1.0,,64,11.43304439923282,0.029178013500653036,-0.005179903928168871,"Age, LVEF, Vessels",fT4,4.0,0.2432970015453006,0.19284188186208218,groups/h7_CV17_THY_CONT/figures/26_locked_baseline_raw.png
locked_baseline,stacking,"KNeighbors,RandomForest,AdaBoost,MLP",sigmoid,models/stacking_sensitivity/h7_CV17_THY_CONT_locked_baseline.joblib,7,CV17_THY_CONT,1.0,,64,11.42592031185612,0.028868126145216194,-0.005336110694343033,"Age, LVEF, Vessels",fT4,4.0,0.23945904486559105,0.18899123747225688,groups/h7_CV17_THY_CONT/figures/27_locked_baseline_sigmoid.png
locked_baseline,stacking,"KNeighbors,RandomForest,AdaBoost,MLP",isotonic,models/stacking_sensitivity/h7_CV17_THY_CONT_locked_baseline.joblib,7,CV17_THY_CONT,1.0,,64,11.631353223250386,0.030157057555038072,-0.0037955958876717136,"Age, LVEF, Vessels",fT4,4.0,0.23716140238367747,0.1938943150209863,groups/h7_CV17_THY_CONT/figures/28_locked_baseline_isotonic.png
paper,stacking,"LogisticRegression,RandomForest,AdaBoost",raw,models/stacking_sensitivity/h7_CV17_THY_CONT_paper.joblib,7,CV17_THY_CONT,100.0,,64,7.705753982079979,0.018559524064858276,-0.005652245812651658,"Age, LVEF, PostIsch_DCM",fT4,7.0,0.23953626073600412,0.18470351747861866,groups/h7_CV17_THY_CONT/figures/29_paper_raw.png
paper,stacking,"LogisticRegression,RandomForest,AdaBoost",sigmoid,models/stacking_sensitivity/h7_CV17_THY_CONT_paper.joblib,7,CV17_THY_CONT,100.0,,64,7.699988563682273,0.018092804427786276,-0.005637720000395775,"Age, LVEF, PostIsch_DCM",fT4,7.0,0.23410441559122347,0.180721737158048,groups/h7_CV17_THY_CONT/figures/30_paper_sigmoid.png
paper,stacking,"LogisticRegression,RandomForest,AdaBoost",isotonic,models/stacking_sensitivity/h7_CV17_THY_CONT_paper.joblib,7,CV17_THY_CONT,100.0,,64,8.048995718710007,0.019588795141535144,-0.007118391032516812,"Age, LVEF, PostIsch_DCM",fT4,7.0,0.23634589528952096,0.18322800864844688,groups/h7_CV17_THY_CONT/figures/31_paper_isotonic.png
same_members_reselected_C,stacking,"KNeighbors,RandomForest,AdaBoost,MLP",raw,cache/classification_explainability/prepared_h7_CV17_THY_CONT.joblib,7,CV17_THY_CONT,0.01,,64,8.634294285534304,0.019603026937635663,-0.006515651743360053,"Age, LVEF, PostIsch_DCM",fT4,7.0,0.23357289550752688,0.18930424773276805,groups/h7_CV17_THY_CONT/figures/32_same_members_reselected_C_raw.png
same_members_reselected_C,stacking,"KNeighbors,RandomForest,AdaBoost,MLP",sigmoid,cache/classification_explainability/prepared_h7_CV17_THY_CONT.joblib,7,CV17_THY_CONT,0.01,,64,8.593368318263575,0.021261448566022488,-0.007480866871877144,"Age, LVEF, PostIsch_DCM",fT4,7.0,0.23848769954901702,0.18820163132039536,groups/h7_CV17_THY_CONT/figures/33_same_members_reselected_C_sigmoid.png
same_members_reselected_C,stacking,"KNeighbors,RandomForest,AdaBoost,MLP",isotonic,cache/classification_explainability/prepared_h7_CV17_THY_CONT.joblib,7,CV17_THY_CONT,0.01,,64,8.775259002256139,0.022440810822077994,-0.008831057282923195,"Age, LVEF, PostIsch_DCM",fT4,7.0,0.2364414165319082,0.18812047047634772,groups/h7_CV17_THY_CONT/figures/34_same_members_reselected_C_isotonic.png
LogisticRegression,individual,LogisticRegression,raw,Cached fitted individual; sigmoid fitted to cached training OOF,7,CV17_THY_CONT_RATIO,,RandomOverSampler,64,1.7076956240312355,0.0062946523227022655,-0.00014009877180644678,"Age, LVEF, Dyslipidemia",fT4,13.0,0.4469024586970987,0.4113962454117064,groups/h7_CV17_THY_CONT_RATIO/figures/00_LogisticRegression_raw.png
LogisticRegression,individual,LogisticRegression,sigmoid,Cached fitted individual; sigmoid fitted to cached training OOF,7,CV17_THY_CONT_RATIO,,RandomOverSampler,64,1.6384249801617479,0.005678161564122403,-0.0011867684713413062,"Age, LVEF, PostIsch_DCM",fT4,13.0,0.22723077038335648,0.1891692973903827,groups/h7_CV17_THY_CONT_RATIO/figures/01_LogisticRegression_sigmoid.png
SVC,individual,SVC,raw,Cached fitted individual; sigmoid fitted to cached training OOF,7,CV17_THY_CONT_RATIO,,class_weight,64,4.730084922840923,0.014661041190108333,0.0046703405023877055,"LVEF, Age, PostIsch_DCM",fT3_fT4_ratio,14.0,0.21498302582001896,0.204724886560267,groups/h7_CV17_THY_CONT_RATIO/figures/02_SVC_raw.png
SVC,individual,SVC,sigmoid,Cached fitted individual; sigmoid fitted to cached training OOF,7,CV17_THY_CONT_RATIO,,class_weight,64,4.709439717879623,0.013719983705139683,0.004361580261312851,"LVEF, Age, PostIsch_DCM",fT3_fT4_ratio,14.0,0.20424087924578485,0.19639884234001503,groups/h7_CV17_THY_CONT_RATIO/figures/03_SVC_sigmoid.png
KNeighbors,individual,KNeighbors,raw,Cached fitted individual; sigmoid fitted to cached training OOF,7,CV17_THY_CONT_RATIO,,RandomOverSampler,64,7.650444138621269,0.025380452473958336,0.0005187988281249874,"Age, LVEF, AFib",fT3_fT4_ratio,16.0,0.3489583333333334,0.3600260416666667,groups/h7_CV17_THY_CONT_RATIO/figures/04_KNeighbors_raw.png
KNeighbors,individual,KNeighbors,sigmoid,Cached fitted individual; sigmoid fitted to cached training OOF,7,CV17_THY_CONT_RATIO,,RandomOverSampler,64,7.240820525620406,0.013969698146862986,0.0004026460524707866,"Age, LVEF, AFib",fT3_fT4_ratio,16.0,0.18741904266608372,0.19474529389188072,groups/h7_CV17_THY_CONT_RATIO/figures/05_KNeighbors_sigmoid.png
RandomForest,individual,RandomForest,raw,Cached fitted individual; sigmoid fitted to cached training OOF,7,CV17_THY_CONT_RATIO,,class_weight,64,18.437234110260107,0.046957631587470856,0.003170839005221836,"Age, LVEF, fT3_fT4_ratio",fT3_fT4_ratio,3.0,0.30939575566717487,0.29844680169726007,groups/h7_CV17_THY_CONT_RATIO/figures/06_RandomForest_raw.png
RandomForest,individual,RandomForest,sigmoid,Cached fitted individual; sigmoid fitted to cached training OOF,7,CV17_THY_CONT_RATIO,,class_weight,64,17.57214997973519,0.04131364239768537,-0.007450298746341061,"Age, LVEF, PostIsch_DCM",fT3_fT4_ratio,4.0,0.2253752378427956,0.19093622589931453,groups/h7_CV17_THY_CONT_RATIO/figures/07_RandomForest_sigmoid.png
AdaBoost,individual,AdaBoost,raw,Cached fitted individual; sigmoid fitted to cached training OOF,7,CV17_THY_CONT_RATIO,,RandomOverSampler,64,15.92487898359506,0.018717639569978878,8.77027311456894e-05,"Age, LVEF, fT3_fT4_ratio",fT3_fT4_ratio,3.0,0.45685960612117876,0.44751872750563565,groups/h7_CV17_THY_CONT_RATIO/figures/08_AdaBoost_raw.png
AdaBoost,individual,AdaBoost,sigmoid,Cached fitted individual; sigmoid fitted to cached training OOF,7,CV17_THY_CONT_RATIO,,RandomOverSampler,64,15.48702506634778,0.029301997967606797,-0.005103943390860898,"Age, LVEF, fT3_fT4_ratio",fT3_fT4_ratio,3.0,0.21164285859084828,0.18197735207215596,groups/h7_CV17_THY_CONT_RATIO/figures/09_AdaBoost_sigmoid.png
MLP,individual,MLP,raw,Cached fitted individual; sigmoid fitted to cached training OOF,7,CV17_THY_CONT_RATIO,,none,64,7.563904109568793,0.017767549729866085,-0.0036888480393197647,"Age, LVEF, Dyslipidemia",fT4,11.0,0.20902028494044828,0.19764008342408945,groups/h7_CV17_THY_CONT_RATIO/figures/10_MLP_raw.png
MLP,individual,MLP,sigmoid,Cached fitted individual; sigmoid fitted to cached training OOF,7,CV17_THY_CONT_RATIO,,none,64,7.446393071952348,0.01964791832895065,-0.004434688919503273,"Age, LVEF, Dyslipidemia",fT4,11.0,0.1992568417466672,0.18453781442385594,groups/h7_CV17_THY_CONT_RATIO/figures/11_MLP_sigmoid.png
GradientBoosting,individual,GradientBoosting,raw,Cached fitted individual; sigmoid fitted to cached training OOF,7,CV17_THY_CONT_RATIO,,none,64,16.638658199814046,0.02985171938613909,-0.016840782272920518,"LVEF, Age, Vessels",fT4,5.0,0.2231069089396391,0.1759478464058563,groups/h7_CV17_THY_CONT_RATIO/figures/12_GradientBoosting_raw.png
GradientBoosting,individual,GradientBoosting,sigmoid,Cached fitted individual; sigmoid fitted to cached training OOF,7,CV17_THY_CONT_RATIO,,none,64,16.60593916093624,0.03121879098410553,-0.01789137711724838,"LVEF, Age, Vessels",fT4,5.0,0.22746192076658264,0.17719175562146883,groups/h7_CV17_THY_CONT_RATIO/figures/13_GradientBoosting_sigmoid.png
XGBoost,individual,XGBoost,raw,Cached fitted individual; sigmoid fitted to cached training OOF,7,CV17_THY_CONT_RATIO,,RandomOverSampler,64,20.820831349857663,0.0488121093439986,0.0012240578180353623,"Age, LVEF, fT3_fT4_ratio",fT3_fT4_ratio,3.0,0.3412070316262543,0.3214471766259521,groups/h7_CV17_THY_CONT_RATIO/figures/14_XGBoost_raw.png
XGBoost,individual,XGBoost,sigmoid,Cached fitted individual; sigmoid fitted to cached training OOF,7,CV17_THY_CONT_RATIO,,RandomOverSampler,64,19.8445952544858,0.04431947642296005,-0.008815999744929897,"Age, LVEF, fT3_fT4_ratio",fT3_fT4_ratio,3.0,0.22728256473708622,0.18687648538404672,groups/h7_CV17_THY_CONT_RATIO/figures/15_XGBoost_sigmoid.png
paper,voting,"LogisticRegression,RandomForest,AdaBoost",raw,models/predictive_sensitivity/h7_CV17_THY_CONT_RATIO_paper.joblib,7,CV17_THY_CONT_RATIO,,,64,10.807062822587733,0.023253212288877678,0.0010394809881870144,"Age, LVEF, PostIsch_DCM",fT3_fT4_ratio,8.0,0.4043859401618174,0.38578725820486737,groups/h7_CV17_THY_CONT_RATIO/figures/16_paper_raw.png
paper,voting,"LogisticRegression,RandomForest,AdaBoost",sigmoid,models/predictive_sensitivity/h7_CV17_THY_CONT_RATIO_paper.joblib,7,CV17_THY_CONT_RATIO,,,64,10.15434745373631,0.02542729442461719,-0.005741160509530821,"Age, LVEF, PostIsch_DCM",fT3_fT4_ratio,7.0,0.22954231782440493,0.18669758255638852,groups/h7_CV17_THY_CONT_RATIO/figures/17_paper_sigmoid.png
top3_train_cv,voting,"GradientBoosting,LogisticRegression,AdaBoost",raw,models/predictive_sensitivity/h7_CV17_THY_CONT_RATIO_top3_train_cv.joblib,7,CV17_THY_CONT_RATIO,,,64,9.643597100423976,0.016590174242357758,-0.005631059437860426,"Age, LVEF, Vessels",fT3_fT4_ratio,10.0,0.3756229912526389,0.34495427310773275,groups/h7_CV17_THY_CONT_RATIO/figures/18_top3_train_cv_raw.png
top3_train_cv,voting,"GradientBoosting,LogisticRegression,AdaBoost",sigmoid,models/predictive_sensitivity/h7_CV17_THY_CONT_RATIO_top3_train_cv.joblib,7,CV17_THY_CONT_RATIO,,,64,10.297276546113054,0.021674273058462756,-0.011508454347615979,"Age, LVEF, Vessels",fT4,9.0,0.22918322747449954,0.179767706771486,groups/h7_CV17_THY_CONT_RATIO/figures/19_top3_train_cv_sigmoid.png
paper_locked,voting,"LogisticRegression,RandomForest,AdaBoost",raw,models/final_h7_CV17_THY_CONT_RATIO_paper_locked.joblib,7,CV17_THY_CONT_RATIO,,,64,10.229745252587415,0.022569935377723272,-0.00022747418035582638,"Age, LVEF, Vessels",fT3_fT4_ratio,7.0,0.4241337832940171,0.4013408533064171,groups/h7_CV17_THY_CONT_RATIO/figures/20_paper_locked_raw.png
paper_locked,voting,"LogisticRegression,RandomForest,AdaBoost",sigmoid,models/final_h7_CV17_THY_CONT_RATIO_paper_locked.joblib,7,CV17_THY_CONT_RATIO,,,64,9.712463399774705,0.026590705966695057,-0.004814351588263906,"Age, LVEF, Vessels",fT3_fT4_ratio,7.0,0.24136803180048874,0.1929097748288771,groups/h7_CV17_THY_CONT_RATIO/figures/21_paper_locked_sigmoid.png
own,stacking,"AdaBoost,MLP",raw,models/stacking_sensitivity/h7_CV17_THY_CONT_RATIO_own.joblib,7,CV17_THY_CONT_RATIO,100.0,,64,12.504597922517743,0.028090806093563212,-0.006353698018771163,"Age, LVEF, PostIsch_DCM",fT3_fT4_ratio,6.0,0.218219854519406,0.18650547315808133,groups/h7_CV17_THY_CONT_RATIO/figures/22_own_raw.png
own,stacking,"AdaBoost,MLP",sigmoid,models/stacking_sensitivity/h7_CV17_THY_CONT_RATIO_own.joblib,7,CV17_THY_CONT_RATIO,100.0,,64,12.500425707237168,0.027955141277301095,-0.006373544614702066,"Age, LVEF, PostIsch_DCM",fT3_fT4_ratio,6.0,0.21632559281790467,0.18475691898368257,groups/h7_CV17_THY_CONT_RATIO/figures/23_own_sigmoid.png
own,stacking,"AdaBoost,MLP",isotonic,models/stacking_sensitivity/h7_CV17_THY_CONT_RATIO_own.joblib,7,CV17_THY_CONT_RATIO,100.0,,64,12.391437076979445,0.027728524944533352,-0.008963661455575258,"Age, LVEF, PostIsch_DCM",fT3_fT4_ratio,7.0,0.2243372728021406,0.17951752809656774,groups/h7_CV17_THY_CONT_RATIO/figures/24_own_isotonic.png
same_baseline,stacking,"KNeighbors,RandomForest,AdaBoost,MLP",raw,models/stacking_sensitivity/h7_CV17_THY_CONT_RATIO_same_baseline.joblib,7,CV17_THY_CONT_RATIO,1.0,,64,12.946257162302931,0.032316666816814756,-0.007234411033460052,"Age, LVEF, PostIsch_DCM",fT3_fT4_ratio,5.0,0.22352010602411035,0.18678176930517193,groups/h7_CV17_THY_CONT_RATIO/figures/25_same_baseline_raw.png
same_baseline,stacking,"KNeighbors,RandomForest,AdaBoost,MLP",sigmoid,models/stacking_sensitivity/h7_CV17_THY_CONT_RATIO_same_baseline.joblib,7,CV17_THY_CONT_RATIO,1.0,,64,12.939441379807484,0.03204643375435261,-0.007266630801426176,"Age, LVEF, PostIsch_DCM",fT3_fT4_ratio,5.0,0.22127416247099158,0.18473890965557827,groups/h7_CV17_THY_CONT_RATIO/figures/26_same_baseline_sigmoid.png
same_baseline,stacking,"KNeighbors,RandomForest,AdaBoost,MLP",isotonic,models/stacking_sensitivity/h7_CV17_THY_CONT_RATIO_same_baseline.joblib,7,CV17_THY_CONT_RATIO,1.0,,64,13.274685042906224,0.03218036663988823,-0.006438156716010767,"Age, LVEF, PostIsch_DCM",fT3_fT4_ratio,5.0,0.21776123763238675,0.18102688352547824,groups/h7_CV17_THY_CONT_RATIO/figures/27_same_baseline_isotonic.png
locked_baseline,stacking,"KNeighbors,RandomForest,AdaBoost,MLP",raw,models/stacking_sensitivity/h7_CV17_THY_CONT_RATIO_locked_baseline.joblib,7,CV17_THY_CONT_RATIO,1.0,,64,12.498615772280466,0.036006743925961496,-0.003880768662650772,"Age, LVEF, Vessels",fT3_fT4_ratio,4.0,0.23344316594779782,0.19807163867457817,groups/h7_CV17_THY_CONT_RATIO/figures/28_locked_baseline_raw.png
locked_baseline,stacking,"KNeighbors,RandomForest,AdaBoost,MLP",sigmoid,models/stacking_sensitivity/h7_CV17_THY_CONT_RATIO_locked_baseline.joblib,7,CV17_THY_CONT_RATIO,1.0,,64,12.492191201511096,0.03553643987098513,-0.0040637600606906335,"Age, LVEF, Vessels",fT3_fT4_ratio,4.0,0.22916759477957352,0.19364192570425737,groups/h7_CV17_THY_CONT_RATIO/figures/29_locked_baseline_sigmoid.png
locked_baseline,stacking,"KNeighbors,RandomForest,AdaBoost,MLP",isotonic,models/stacking_sensitivity/h7_CV17_THY_CONT_RATIO_locked_baseline.joblib,7,CV17_THY_CONT_RATIO,1.0,,64,13.298000753476714,0.03660675006377327,-0.007208956764905975,"Age, LVEF, Vessels",fT3_fT4_ratio,4.0,0.23060116963719673,0.18938985258407598,groups/h7_CV17_THY_CONT_RATIO/figures/30_locked_baseline_isotonic.png
paper,stacking,"LogisticRegression,RandomForest,AdaBoost",raw,models/stacking_sensitivity/h7_CV17_THY_CONT_RATIO_paper.joblib,7,CV17_THY_CONT_RATIO,0.01,,64,10.874978751578558,0.024431946209900687,-0.0049021273072354325,"Age, LVEF, PostIsch_DCM",fT3_fT4_ratio,7.0,0.22453158705854273,0.18629353629734685,groups/h7_CV17_THY_CONT_RATIO/figures/31_paper_raw.png
paper,stacking,"LogisticRegression,RandomForest,AdaBoost",sigmoid,models/stacking_sensitivity/h7_CV17_THY_CONT_RATIO_paper.joblib,7,CV17_THY_CONT_RATIO,0.01,,64,10.80288249058409,0.0268147969268044,-0.006086861716971011,"Age, LVEF, PostIsch_DCM",fT3_fT4_ratio,7.0,0.2282284647275023,0.18296004124150994,groups/h7_CV17_THY_CONT_RATIO/figures/32_paper_sigmoid.png
paper,stacking,"LogisticRegression,RandomForest,AdaBoost",isotonic,models/stacking_sensitivity/h7_CV17_THY_CONT_RATIO_paper.joblib,7,CV17_THY_CONT_RATIO,0.01,,64,10.939729107199405,0.026445356076103044,-0.006931681644034286,"Age, LVEF, PostIsch_DCM",fT3_fT4_ratio,7.0,0.23804040786625016,0.186513530246054,groups/h7_CV17_THY_CONT_RATIO/figures/33_paper_isotonic.png
same_members_reselected_C,stacking,"KNeighbors,RandomForest,AdaBoost,MLP",raw,cache/classification_explainability/prepared_h7_CV17_THY_CONT_RATIO.joblib,7,CV17_THY_CONT_RATIO,0.1,,64,12.751679456874703,0.03186784922668624,-0.007124605572864264,"Age, LVEF, PostIsch_DCM",fT3_fT4_ratio,7.0,0.2233009283708472,0.18740351116068374,groups/h7_CV17_THY_CONT_RATIO/figures/34_same_members_reselected_C_raw.png
same_members_reselected_C,stacking,"KNeighbors,RandomForest,AdaBoost,MLP",sigmoid,cache/classification_explainability/prepared_h7_CV17_THY_CONT_RATIO.joblib,7,CV17_THY_CONT_RATIO,0.1,,64,12.73293089207803,0.03205537030923314,-0.007350881257448236,"Age, LVEF, PostIsch_DCM",fT3_fT4_ratio,7.0,0.22197799405309743,0.1853115567959807,groups/h7_CV17_THY_CONT_RATIO/figures/35_same_members_reselected_C_sigmoid.png
same_members_reselected_C,stacking,"KNeighbors,RandomForest,AdaBoost,MLP",isotonic,cache/classification_explainability/prepared_h7_CV17_THY_CONT_RATIO.joblib,7,CV17_THY_CONT_RATIO,0.1,,64,13.167988030673499,0.033486600662996795,-0.007319838462618571,"Age, LVEF, PostIsch_DCM",fT3_fT4_ratio,5.0,0.21936275496985627,0.18430063195841329,groups/h7_CV17_THY_CONT_RATIO/figures/36_same_members_reselected_C_isotonic.png
LogisticRegression,individual,LogisticRegression,raw,Cached fitted individual; sigmoid fitted to cached training OOF,7,CV17_THY_CONT_STATES,,SMOTENC,64,2.2330827404917235,0.0066251548283199025,-0.00308809183033649,"Age, LVEF, Vessels",fT4,11.0,0.4690440801053754,0.4256711683173311,groups/h7_CV17_THY_CONT_STATES/figures/00_LogisticRegression_raw.png
LogisticRegression,individual,LogisticRegression,sigmoid,Cached fitted individual; sigmoid fitted to cached training OOF,7,CV17_THY_CONT_STATES,,SMOTENC,64,1.9624403630379743,0.006143215667456152,-0.002800675143514073,"LVEF, Age, Vessels",fT4,11.0,0.25924038433576585,0.19880221943491688,groups/h7_CV17_THY_CONT_STATES/figures/01_LogisticRegression_sigmoid.png
SVC,individual,SVC,raw,Cached fitted individual; sigmoid fitted to cached training OOF,7,CV17_THY_CONT_STATES,,class_weight,64,9.68076149890332,0.026269930108161553,-0.005961124815242054,"LVEF, Age, PostIsch_DCM",Low_T3,8.0,0.21950075718960663,0.20154988328326723,groups/h7_CV17_THY_CONT_STATES/figures/02_SVC_raw.png
SVC,individual,SVC,sigmoid,Cached fitted individual; sigmoid fitted to cached training OOF,7,CV17_THY_CONT_STATES,,class_weight,64,9.673422014140941,0.02504869202509756,-0.005671433939164265,"LVEF, Age, PostIsch_DCM",Low_T3,8.0,0.21424510655236714,0.19831788628217556,groups/h7_CV17_THY_CONT_STATES/figures/03_SVC_sigmoid.png
KNeighbors,individual,KNeighbors,raw,Cached fitted individual; sigmoid fitted to cached training OOF,7,CV17_THY_CONT_STATES,,RandomOverSampler,64,16.15638575152035,0.04954370959051723,-0.01473262392241377,"Age, LVEF, Low_T3",Low_T3,3.0,0.3890086206896552,0.3588362068965517,groups/h7_CV17_THY_CONT_STATES/figures/04_KNeighbors_raw.png
KNeighbors,individual,KNeighbors,sigmoid,Cached fitted individual; sigmoid fitted to cached training OOF,7,CV17_THY_CONT_STATES,,RandomOverSampler,64,15.464386090042654,0.02859786334336983,-0.009768794011381872,"LVEF, Age, Low_T3",Low_T3,3.0,0.21806284581387894,0.1961111928217187,groups/h7_CV17_THY_CONT_STATES/figures/05_KNeighbors_sigmoid.png
RandomForest,individual,RandomForest,raw,Cached fitted individual; sigmoid fitted to cached training OOF,7,CV17_THY_CONT_STATES,,RandomOverSampler,64,17.19766216995048,0.03970163665500101,0.00240065323148301,"Age, LVEF, fT4",fT4,3.0,0.33626189573708226,0.3191803554805635,groups/h7_CV17_THY_CONT_STATES/figures/06_RandomForest_raw.png
RandomForest,individual,RandomForest,sigmoid,Cached fitted individual; sigmoid fitted to cached training OOF,7,CV17_THY_CONT_STATES,,RandomOverSampler,64,16.645442500951123,0.03535224126379802,-0.010682013575929374,"Age, LVEF, fT4",fT4,3.0,0.23616704321852547,0.18754255798534586,groups/h7_CV17_THY_CONT_STATES/figures/07_RandomForest_sigmoid.png
AdaBoost,individual,AdaBoost,raw,Cached fitted individual; sigmoid fitted to cached training OOF,7,CV17_THY_CONT_STATES,,RandomOverSampler,64,10.649719903654683,0.012476561519292304,-0.0022324839665203164,"Age, LVEF, fT4",fT4,3.0,0.46218857347149983,0.44531582669444747,groups/h7_CV17_THY_CONT_STATES/figures/08_AdaBoost_raw.png
AdaBoost,individual,AdaBoost,sigmoid,Cached fitted individual; sigmoid fitted to cached training OOF,7,CV17_THY_CONT_STATES,,RandomOverSampler,64,10.246405412425586,0.021453637049894364,-0.009220687001951063,"Age, LVEF, fT4",fT4,3.0,0.2262872149983939,0.1827697906545813,groups/h7_CV17_THY_CONT_STATES/figures/09_AdaBoost_sigmoid.png
MLP,individual,MLP,raw,Cached fitted individual; sigmoid fitted to cached training OOF,7,CV17_THY_CONT_STATES,,RandomOverSampler,64,11.074223673751673,0.04308784392334582,0.002201841002779769,"Age, LVEF, Vessels",fT4,6.0,0.392663111546908,0.38697135050619136,groups/h7_CV17_THY_CONT_STATES/figures/10_MLP_raw.png
MLP,individual,MLP,sigmoid,Cached fitted individual; sigmoid fitted to cached training OOF,7,CV17_THY_CONT_STATES,,RandomOverSampler,64,10.783966633077892,0.025831887191967086,0.0004258045819065697,"Age, LVEF, Vessels",fT4,6.0,0.22017717555503719,0.21673346730862053,groups/h7_CV17_THY_CONT_STATES/figures/11_MLP_sigmoid.png
GradientBoosting,individual,GradientBoosting,raw,Cached fitted individual; sigmoid fitted to cached training OOF,7,CV17_THY_CONT_STATES,,RandomOverSampler,64,18.12625886462911,0.04770024766384007,-0.0027703009393273267,"Age, LVEF, fT4",fT4,3.0,0.3879353882525995,0.34444917320312785,groups/h7_CV17_THY_CONT_STATES/figures/12_GradientBoosting_raw.png
GradientBoosting,individual,GradientBoosting,sigmoid,Cached fitted individual; sigmoid fitted to cached training OOF,7,CV17_THY_CONT_STATES,,RandomOverSampler,64,17.39150271268476,0.03483709805790179,-0.010002724368681045,"Age, LVEF, fT4",fT4,3.0,0.23430956496254945,0.18432165392552963,groups/h7_CV17_THY_CONT_STATES/figures/13_GradientBoosting_sigmoid.png
XGBoost,individual,XGBoost,raw,Cached fitted individual; sigmoid fitted to cached training OOF,7,CV17_THY_CONT_STATES,,SMOTENC,64,21.374196366711832,0.05717418818585429,0.016917874792625298,"Age, LVEF, Vessels",fT4,4.0,0.3198056897963397,0.29719937792106066,groups/h7_CV17_THY_CONT_STATES/figures/14_XGBoost_raw.png
XGBoost,individual,XGBoost,sigmoid,Cached fitted individual; sigmoid fitted to cached training OOF,7,CV17_THY_CONT_STATES,,SMOTENC,64,21.344947772711308,0.037049760676489796,0.00914975721948439,"Age, LVEF, Vessels",fT4,4.0,0.22322955648111908,0.1991157019790949,groups/h7_CV17_THY_CONT_STATES/figures/15_XGBoost_sigmoid.png
paper,voting,"LogisticRegression,RandomForest,AdaBoost",raw,models/predictive_sensitivity/h7_CV17_THY_CONT_STATES_paper.joblib,7,CV17_THY_CONT_STATES,,,64,9.832290099329152,0.01809579737144623,-0.0009733075217912697,"Age, LVEF, Vessels",fT4,7.0,0.4224981831046524,0.396722450164114,groups/h7_CV17_THY_CONT_STATES/figures/16_paper_raw.png
paper,voting,"LogisticRegression,RandomForest,AdaBoost",sigmoid,models/predictive_sensitivity/h7_CV17_THY_CONT_STATES_paper.joblib,7,CV17_THY_CONT_STATES,,,64,9.566991885005859,0.021790143232507123,-0.00899822539183314,"Age, LVEF, Vessels",fT4,7.0,0.247805823283894,0.18853630050040937,groups/h7_CV17_THY_CONT_STATES/figures/17_paper_sigmoid.png
paper_locked,voting,"LogisticRegression,RandomForest,AdaBoost",raw,models/final_h7_CV17_THY_CONT_STATES_paper_locked.joblib,7,CV17_THY_CONT_STATES,,,64,9.926711379758256,0.017418788431366673,-0.0008808242645337234,"Age, LVEF, Vessels",fT4,8.0,0.42938061128749544,0.4027050203776994,groups/h7_CV17_THY_CONT_STATES/figures/18_paper_locked_raw.png
paper_locked,voting,"LogisticRegression,RandomForest,AdaBoost",sigmoid,models/final_h7_CV17_THY_CONT_STATES_paper_locked.joblib,7,CV17_THY_CONT_STATES,,,64,9.656314846644133,0.021492176907557992,-0.006298715837188081,"Age, LVEF, Vessels",fT4,8.0,0.246292476300793,0.1912717477622244,groups/h7_CV17_THY_CONT_STATES/figures/19_paper_locked_sigmoid.png
own,stacking,"MLP,GradientBoosting,XGBoost",raw,models/stacking_sensitivity/h7_CV17_THY_CONT_STATES_own.joblib,7,CV17_THY_CONT_STATES,0.1,,64,14.422450052488657,0.030431798373432455,-0.005298519102419314,"Age, LVEF, Vessels",fT4,4.0,0.24172331893599372,0.19478306224024294,groups/h7_CV17_THY_CONT_STATES/figures/20_own_raw.png
own,stacking,"MLP,GradientBoosting,XGBoost",sigmoid,models/stacking_sensitivity/h7_CV17_THY_CONT_STATES_own.joblib,7,CV17_THY_CONT_STATES,0.1,,64,14.421156639462765,0.030626940488064892,-0.005382552629984232,"Age, LVEF, Vessels",fT4,4.0,0.24184970887131868,0.19438882438648725,groups/h7_CV17_THY_CONT_STATES/figures/21_own_sigmoid.png
own,stacking,"MLP,GradientBoosting,XGBoost",isotonic,models/stacking_sensitivity/h7_CV17_THY_CONT_STATES_own.joblib,7,CV17_THY_CONT_STATES,0.1,,64,14.7373067636444,0.034448322282727116,-0.009680041694273757,"Age, LVEF, Vessels",fT4,4.0,0.25068994840077785,0.19691968127780235,groups/h7_CV17_THY_CONT_STATES/figures/22_own_isotonic.png
same_baseline,stacking,"KNeighbors,RandomForest,AdaBoost,MLP",raw,models/stacking_sensitivity/h7_CV17_THY_CONT_STATES_same_baseline.joblib,7,CV17_THY_CONT_STATES,1.0,,64,13.109090827331705,0.027760040390597762,-0.010810379628997488,"Age, LVEF, fT4",fT4,3.0,0.23862876992562596,0.18646636644328013,groups/h7_CV17_THY_CONT_STATES/figures/23_same_baseline_raw.png
same_baseline,stacking,"KNeighbors,RandomForest,AdaBoost,MLP",sigmoid,models/stacking_sensitivity/h7_CV17_THY_CONT_STATES_same_baseline.joblib,7,CV17_THY_CONT_STATES,1.0,,64,13.115382355103137,0.02740221885558677,-0.010846546104755848,"Age, LVEF, fT4",fT4,3.0,0.23476940511536487,0.18304887995374608,groups/h7_CV17_THY_CONT_STATES/figures/24_same_baseline_sigmoid.png
same_baseline,stacking,"KNeighbors,RandomForest,AdaBoost,MLP",isotonic,models/stacking_sensitivity/h7_CV17_THY_CONT_STATES_same_baseline.joblib,7,CV17_THY_CONT_STATES,1.0,,64,12.595269645754659,0.02514889410877777,-0.006811853909784091,"Age, LVEF, PostIsch_DCM",fT4,4.0,0.2245016689558415,0.18499768596742275,groups/h7_CV17_THY_CONT_STATES/figures/25_same_baseline_isotonic.png
locked_baseline,stacking,"KNeighbors,RandomForest,AdaBoost,MLP",raw,models/stacking_sensitivity/h7_CV17_THY_CONT_STATES_locked_baseline.joblib,7,CV17_THY_CONT_STATES,1.0,,64,13.171414222163543,0.028729415779318524,-0.00430695097684563,"Age, LVEF, Vessels",fT4,4.0,0.24110936161049507,0.1953564632328571,groups/h7_CV17_THY_CONT_STATES/figures/26_locked_baseline_raw.png
locked_baseline,stacking,"KNeighbors,RandomForest,AdaBoost,MLP",sigmoid,models/stacking_sensitivity/h7_CV17_THY_CONT_STATES_locked_baseline.joblib,7,CV17_THY_CONT_STATES,1.0,,64,13.173207015341793,0.028659181103222957,-0.004568375710115343,"Age, LVEF, Vessels",fT4,4.0,0.23759638368089403,0.19121096596580556,groups/h7_CV17_THY_CONT_STATES/figures/27_locked_baseline_sigmoid.png
locked_baseline,stacking,"KNeighbors,RandomForest,AdaBoost,MLP",isotonic,models/stacking_sensitivity/h7_CV17_THY_CONT_STATES_locked_baseline.joblib,7,CV17_THY_CONT_STATES,1.0,,64,13.076721420717107,0.029543378603865807,-0.00481707303114704,"Age, LVEF, Vessels",fT4,4.0,0.23607946202714508,0.1916750719851407,groups/h7_CV17_THY_CONT_STATES/figures/28_locked_baseline_isotonic.png
paper,stacking,"LogisticRegression,RandomForest,AdaBoost",raw,models/stacking_sensitivity/h7_CV17_THY_CONT_STATES_paper.joblib,7,CV17_THY_CONT_STATES,1.0,,64,12.164396035640243,0.026511297068056966,-0.010207332317594908,"Age, LVEF, PostIsch_DCM",fT4,4.0,0.2415894862584747,0.18510904659336766,groups/h7_CV17_THY_CONT_STATES/figures/29_paper_raw.png
paper,stacking,"LogisticRegression,RandomForest,AdaBoost",sigmoid,models/stacking_sensitivity/h7_CV17_THY_CONT_STATES_paper.joblib,7,CV17_THY_CONT_STATES,1.0,,64,12.171203722835957,0.0261590194878025,-0.010316715893127364,"Age, LVEF, PostIsch_DCM",fT4,4.0,0.237407322445975,0.18125473777707923,groups/h7_CV17_THY_CONT_STATES/figures/30_paper_sigmoid.png
paper,stacking,"LogisticRegression,RandomForest,AdaBoost",isotonic,models/stacking_sensitivity/h7_CV17_THY_CONT_STATES_paper.joblib,7,CV17_THY_CONT_STATES,1.0,,64,12.243240915056033,0.02697289443834218,-0.011635625551337674,"Age, LVEF, PostIsch_DCM",fT4,5.0,0.23839866410423666,0.1840418250863292,groups/h7_CV17_THY_CONT_STATES/figures/31_paper_isotonic.png
same_members_reselected_C,stacking,"KNeighbors,RandomForest,AdaBoost,MLP",raw,cache/classification_explainability/prepared_h7_CV17_THY_CONT_STATES.joblib,7,CV17_THY_CONT_STATES,0.1,,64,12.945736944063336,0.027261066711635553,-0.010531423391181242,"Age, LVEF, fT4",fT4,3.0,0.23859719804808305,0.18769928070274794,groups/h7_CV17_THY_CONT_STATES/figures/32_same_members_reselected_C_raw.png
same_members_reselected_C,stacking,"KNeighbors,RandomForest,AdaBoost,MLP",sigmoid,cache/classification_explainability/prepared_h7_CV17_THY_CONT_STATES.joblib,7,CV17_THY_CONT_STATES,0.1,,64,12.947316618009259,0.027263876569503714,-0.010748798637420225,"Age, LVEF, PostIsch_DCM",fT4,4.0,0.23585658886415864,0.18445181751466896,groups/h7_CV17_THY_CONT_STATES/figures/33_same_members_reselected_C_sigmoid.png
same_members_reselected_C,stacking,"KNeighbors,RandomForest,AdaBoost,MLP",isotonic,cache/classification_explainability/prepared_h7_CV17_THY_CONT_STATES.joblib,7,CV17_THY_CONT_STATES,0.1,,64,12.670123056661827,0.0265771830132265,-0.0103377674537758,"Age, LVEF, PostIsch_DCM",fT4,5.0,0.23360691068750875,0.18621062951139405,groups/h7_CV17_THY_CONT_STATES/figures/34_same_members_reselected_C_isotonic.png
LogisticRegression,individual,LogisticRegression,raw,Cached fitted individual; sigmoid fitted to cached training OOF,7,CV17_THY_STATES,,class_weight,64,6.650811152259153,0.017924765875042888,-0.00363291700865459,"Age, LVEF, Dyslipidemia",Low_T3,10.0,0.4600600724758569,0.43679083286909576,groups/h7_CV17_THY_STATES/figures/00_LogisticRegression_raw.png
LogisticRegression,individual,LogisticRegression,sigmoid,Cached fitted individual; sigmoid fitted to cached training OOF,7,CV17_THY_STATES,,class_weight,64,6.305572228670864,0.0224692108991816,-0.0045844319597527165,"LVEF, Age, PostIsch_DCM",Low_T3,11.0,0.22383481984986944,0.1949261162345967,groups/h7_CV17_THY_STATES/figures/01_LogisticRegression_sigmoid.png
SVC,individual,SVC,raw,Cached fitted individual; sigmoid fitted to cached training OOF,7,CV17_THY_STATES,,RandomOverSampler,64,8.946388059737034,0.01371927994316266,-0.0018102978210869278,"LVEF, Age, PostIsch_DCM",Low_T3,5.0,0.4369202150695246,0.4280630931336574,groups/h7_CV17_THY_STATES/figures/02_SVC_raw.png
SVC,individual,SVC,sigmoid,Cached fitted individual; sigmoid fitted to cached training OOF,7,CV17_THY_STATES,,RandomOverSampler,64,7.903685314240796,0.027005464929374164,-0.0049080588489330374,"LVEF, PostIsch_DCM, Age",Low_T3,7.0,0.20053822289931242,0.18222422212626438,groups/h7_CV17_THY_STATES/figures/03_SVC_sigmoid.png
KNeighbors,individual,KNeighbors,raw,Cached fitted individual; sigmoid fitted to cached training OOF,7,CV17_THY_STATES,,RandomOverSampler,64,11.375351002038649,0.04748065655048076,-0.007263183593750003,"Age, LVEF, AFib",Low_T3,4.0,0.35697115384615385,0.37109375,groups/h7_CV17_THY_STATES/figures/04_KNeighbors_raw.png
KNeighbors,individual,KNeighbors,sigmoid,Cached fitted individual; sigmoid fitted to cached training OOF,7,CV17_THY_STATES,,RandomOverSampler,64,10.631022673887601,0.02630580660391363,-0.005227886330629047,"Age, LVEF, PostIsch_DCM",Low_T3,5.0,0.20070353245880973,0.20279906866730174,groups/h7_CV17_THY_STATES/figures/05_KNeighbors_sigmoid.png
RandomForest,individual,RandomForest,raw,Cached fitted individual; sigmoid fitted to cached training OOF,7,CV17_THY_STATES,,RandomOverSampler,64,5.51186976810865,0.0197798294980122,-0.006096108899949618,"Age, LVEF, Vessels",Low_T3,8.0,0.38626481656236733,0.34963657363896117,groups/h7_CV17_THY_STATES/figures/06_RandomForest_raw.png
RandomForest,individual,RandomForest,sigmoid,Cached fitted individual; sigmoid fitted to cached training OOF,7,CV17_THY_STATES,,RandomOverSampler,64,4.914931060744451,0.014493348181629,-0.00572288950566748,"Age, LVEF, Vessels",Low_T3,8.0,0.24170270743886244,0.1952347360357431,groups/h7_CV17_THY_STATES/figures/07_RandomForest_sigmoid.png
AdaBoost,individual,AdaBoost,raw,Cached fitted individual; sigmoid fitted to cached training OOF,7,CV17_THY_STATES,,RandomOverSampler,64,1.2047163247480008,0.0018741488577633644,-0.00011611556547572286,"Age, LVEF, Vessels",Low_T3,12.0,0.4724293658730431,0.4596011017875449,groups/h7_CV17_THY_STATES/figures/08_AdaBoost_raw.png
AdaBoost,individual,AdaBoost,sigmoid,Cached fitted individual; sigmoid fitted to cached training OOF,7,CV17_THY_STATES,,RandomOverSampler,64,1.0554646231107885,0.0032718647897846723,-0.00022876929158661778,"Age, LVEF, Vessels",Low_T3,12.0,0.2261269557053511,0.1934848146798268,groups/h7_CV17_THY_STATES/figures/09_AdaBoost_sigmoid.png
MLP,individual,MLP,raw,Cached fitted individual; sigmoid fitted to cached training OOF,7,CV17_THY_STATES,,RandomOverSampler,64,5.7750029519050345,0.03049931585899498,-0.0026923561060001253,"Age, LVEF, Vessels",Low_T3,11.0,0.4043293440662689,0.4010047164791267,groups/h7_CV17_THY_STATES/figures/10_MLP_raw.png
MLP,individual,MLP,sigmoid,Cached fitted individual; sigmoid fitted to cached training OOF,7,CV17_THY_STATES,,RandomOverSampler,64,4.970642214553362,0.01936456308143828,0.0021124035353764182,"LVEF, Age, Vessels",Low_T3,13.0,0.23713311526494113,0.23425479137918398,groups/h7_CV17_THY_STATES/figures/11_MLP_sigmoid.png
GradientBoosting,individual,GradientBoosting,raw,Cached fitted individual; sigmoid fitted to cached training OOF,7,CV17_THY_STATES,,none,64,4.521575269063725,0.014097230017232839,0.0007534713078876042,"Age, LVEF, Vessels",Low_T3,12.0,0.22148727601061255,0.19386314985956377,groups/h7_CV17_THY_STATES/figures/12_GradientBoosting_raw.png
GradientBoosting,individual,GradientBoosting,sigmoid,Cached fitted individual; sigmoid fitted to cached training OOF,7,CV17_THY_STATES,,none,64,4.562409872030536,0.012655309520820921,0.0006075065246456048,"Age, LVEF, Vessels",Low_T3,12.0,0.21766849949205927,0.19640599888215604,groups/h7_CV17_THY_STATES/figures/13_GradientBoosting_sigmoid.png
XGBoost,individual,XGBoost,raw,Cached fitted individual; sigmoid fitted to cached training OOF,7,CV17_THY_STATES,,SMOTENC,64,7.295465379539719,0.0004916036778013222,-0.00022223003179533407,"Age, LVEF, Ischemia",Low_T3,13.0,0.49889885634183884,0.49812019197270274,groups/h7_CV17_THY_STATES/figures/14_XGBoost_raw.png
XGBoost,individual,XGBoost,sigmoid,Cached fitted individual; sigmoid fitted to cached training OOF,7,CV17_THY_STATES,,SMOTENC,64,7.13932309018475,0.0023009112309233474,-0.00099050472613188,"Age, LVEF, Ischemia",Low_T3,13.0,0.19488083707232787,0.19132449648500408,groups/h7_CV17_THY_STATES/figures/15_XGBoost_sigmoid.png
paper,voting,"LogisticRegression,RandomForest,AdaBoost",raw,models/predictive_sensitivity/h7_CV17_THY_STATES_paper.joblib,7,CV17_THY_STATES,,,64,5.197854700416017,0.01300370212013733,-0.00328171382469332,"Age, LVEF, Vessels",Low_T3,11.0,0.4395847516370893,0.41534283609853395,groups/h7_CV17_THY_STATES/figures/16_paper_raw.png
paper,voting,"LogisticRegression,RandomForest,AdaBoost",sigmoid,models/predictive_sensitivity/h7_CV17_THY_STATES_paper.joblib,7,CV17_THY_STATES,,,64,4.708210150349326,0.015136877434109214,-0.004544101902397801,"Age, LVEF, PostIsch_DCM",Low_T3,11.0,0.2373968186675665,0.19300041638849225,groups/h7_CV17_THY_STATES/figures/17_paper_sigmoid.png
top3_train_cv,voting,"GradientBoosting,LogisticRegression,AdaBoost",raw,models/predictive_sensitivity/h7_CV17_THY_STATES_top3_train_cv.joblib,7,CV17_THY_STATES,,,64,4.5680174822700685,0.011077426738601036,-0.0009985204220808936,"Age, LVEF, Vessels",Low_T3,11.0,0.3846589047865043,0.36341836150540147,groups/h7_CV17_THY_STATES/figures/18_top3_train_cv_raw.png
top3_train_cv,voting,"GradientBoosting,LogisticRegression,AdaBoost",sigmoid,models/predictive_sensitivity/h7_CV17_THY_STATES_top3_train_cv.joblib,7,CV17_THY_STATES,,,64,4.342028531642248,0.013722993287596243,-0.001038534982061066,"LVEF, Age, Vessels",Low_T3,11.0,0.22134375804182999,0.19316438452655205,groups/h7_CV17_THY_STATES/figures/19_top3_train_cv_sigmoid.png
paper_locked,voting,"LogisticRegression,RandomForest,AdaBoost",raw,models/final_h7_CV17_THY_STATES_paper_locked.joblib,7,CV17_THY_STATES,,,64,3.3745825996381797,0.00867565306091535,-0.0016685968338073745,"Age, LVEF, Vessels",Low_T3,12.0,0.4382579690680984,0.4123294962311054,groups/h7_CV17_THY_STATES/figures/20_paper_locked_raw.png
paper_locked,voting,"LogisticRegression,RandomForest,AdaBoost",sigmoid,models/final_h7_CV17_THY_STATES_paper_locked.joblib,7,CV17_THY_STATES,,,64,3.3328651678902825,0.009758090706615527,-0.001697155558195973,"Age, LVEF, Vessels",Low_T3,11.0,0.24132127921062785,0.19585431290053038,groups/h7_CV17_THY_STATES/figures/21_paper_locked_sigmoid.png
own,stacking,"KNeighbors,RandomForest,MLP,GradientBoosting",raw,models/stacking_sensitivity/h7_CV17_THY_STATES_own.joblib,7,CV17_THY_STATES,0.1,,64,4.681598520039821,0.014838803082620377,-0.001279030774925219,"Age, LVEF, Vessels",Low_T3,11.0,0.24095230489335467,0.20709982176701797,groups/h7_CV17_THY_STATES/figures/22_own_raw.png
own,stacking,"KNeighbors,RandomForest,MLP,GradientBoosting",sigmoid,models/stacking_sensitivity/h7_CV17_THY_STATES_own.joblib,7,CV17_THY_STATES,0.1,,64,4.672585328266043,0.01479296434708191,-0.001247408915281474,"Age, LVEF, Vessels",Low_T3,11.0,0.23785434609723438,0.20382484916763846,groups/h7_CV17_THY_STATES/figures/23_own_sigmoid.png
own,stacking,"KNeighbors,RandomForest,MLP,GradientBoosting",isotonic,models/stacking_sensitivity/h7_CV17_THY_STATES_own.joblib,7,CV17_THY_STATES,0.1,,64,4.789345011438866,0.015172276426679576,-0.002244921165072968,"Age, LVEF, Vessels",Low_T3,11.0,0.23448895665675165,0.19598655053250608,groups/h7_CV17_THY_STATES/figures/24_own_isotonic.png
same_baseline,stacking,"KNeighbors,RandomForest,AdaBoost,MLP",raw,models/stacking_sensitivity/h7_CV17_THY_STATES_same_baseline.joblib,7,CV17_THY_STATES,1.0,,64,2.9291570009921357,0.008858867720759729,-0.0005121166871358469,"Age, LVEF, Vessels",Low_T3,11.0,0.23414203065003814,0.2002346510351381,groups/h7_CV17_THY_STATES/figures/25_same_baseline_raw.png
same_baseline,stacking,"KNeighbors,RandomForest,AdaBoost,MLP",sigmoid,models/stacking_sensitivity/h7_CV17_THY_STATES_same_baseline.joblib,7,CV17_THY_STATES,1.0,,64,2.927800064857514,0.00879095683471575,-0.0005002233933100259,"Age, LVEF, Vessels",Low_T3,11.0,0.2306760243848394,0.19697242382726632,groups/h7_CV17_THY_STATES/figures/26_same_baseline_sigmoid.png
same_baseline,stacking,"KNeighbors,RandomForest,AdaBoost,MLP",isotonic,models/stacking_sensitivity/h7_CV17_THY_STATES_same_baseline.joblib,7,CV17_THY_STATES,1.0,,64,2.899300145952463,0.008457105343669091,-0.0011822682241467086,"Age, LVEF, Vessels",Low_T3,11.0,0.23588252607080798,0.19634565539636284,groups/h7_CV17_THY_STATES/figures/27_same_baseline_isotonic.png
locked_baseline,stacking,"KNeighbors,RandomForest,AdaBoost,MLP",raw,models/stacking_sensitivity/h7_CV17_THY_STATES_locked_baseline.joblib,7,CV17_THY_STATES,1.0,,64,3.869377047354584,0.009459120452087012,0.001429256675610203,"Age, LVEF, Vessels",Low_T3,11.0,0.24254241379181082,0.20185046897662437,groups/h7_CV17_THY_STATES/figures/28_locked_baseline_raw.png
locked_baseline,stacking,"KNeighbors,RandomForest,AdaBoost,MLP",sigmoid,models/stacking_sensitivity/h7_CV17_THY_STATES_locked_baseline.joblib,7,CV17_THY_STATES,1.0,,64,3.873478972071657,0.009586046535488932,0.0014757316843662335,"Age, LVEF, Vessels",Low_T3,11.0,0.24192703496983078,0.20013782549691142,groups/h7_CV17_THY_STATES/figures/29_locked_baseline_sigmoid.png
locked_baseline,stacking,"KNeighbors,RandomForest,AdaBoost,MLP",isotonic,models/stacking_sensitivity/h7_CV17_THY_STATES_locked_baseline.joblib,7,CV17_THY_STATES,1.0,,64,3.5629872548185606,0.008870754111948957,0.0008579415055161919,"Age, LVEF, Vessels",Low_T3,11.0,0.23394422724146874,0.19955472742358837,groups/h7_CV17_THY_STATES/figures/30_locked_baseline_isotonic.png
paper,stacking,"LogisticRegression,RandomForest,AdaBoost",raw,models/stacking_sensitivity/h7_CV17_THY_STATES_paper.joblib,7,CV17_THY_STATES,1.0,,64,3.800057805605196,0.012459020893223306,-0.0022123609871278057,"LVEF, Age, PostIsch_DCM",Low_T3,11.0,0.23096926307443072,0.19388702270857314,groups/h7_CV17_THY_STATES/figures/31_paper_raw.png
paper,stacking,"LogisticRegression,RandomForest,AdaBoost",sigmoid,models/stacking_sensitivity/h7_CV17_THY_STATES_paper.joblib,7,CV17_THY_STATES,1.0,,64,3.8028935403636686,0.012033969705263738,-0.0021568837253540217,"LVEF, Age, PostIsch_DCM",Low_T3,11.0,0.22608110949420984,0.1909647956362478,groups/h7_CV17_THY_STATES/figures/32_paper_sigmoid.png
paper,stacking,"LogisticRegression,RandomForest,AdaBoost",isotonic,models/stacking_sensitivity/h7_CV17_THY_STATES_paper.joblib,7,CV17_THY_STATES,1.0,,64,3.7670195165328804,0.011435739197596502,-0.004240265484514767,"Age, LVEF, PostIsch_DCM",Low_T3,11.0,0.23042048360697875,0.1872701421661808,groups/h7_CV17_THY_STATES/figures/33_paper_isotonic.png
same_members_reselected_C,stacking,"KNeighbors,RandomForest,AdaBoost,MLP",raw,cache/classification_explainability/prepared_h7_CV17_THY_STATES.joblib,7,CV17_THY_STATES,100.0,,64,2.8759564570122627,0.008688884385000716,-0.00045911750071796296,"Age, LVEF, Vessels",Low_T3,11.0,0.23375341118256146,0.200085224206618,groups/h7_CV17_THY_STATES/figures/34_same_members_reselected_C_raw.png
same_members_reselected_C,stacking,"KNeighbors,RandomForest,AdaBoost,MLP",sigmoid,cache/classification_explainability/prepared_h7_CV17_THY_STATES.joblib,7,CV17_THY_STATES,100.0,,64,2.8746878512971934,0.008606293530296204,-0.00044992699027223565,"Age, LVEF, Vessels",Low_T3,11.0,0.23017801073723268,0.19681865616836863,groups/h7_CV17_THY_STATES/figures/35_same_members_reselected_C_sigmoid.png
same_members_reselected_C,stacking,"KNeighbors,RandomForest,AdaBoost,MLP",isotonic,cache/classification_explainability/prepared_h7_CV17_THY_STATES.joblib,7,CV17_THY_STATES,100.0,,64,2.866433429334873,0.008210681165497436,-0.0007563164228154184,"Age, LVEF, Vessels",Low_T3,11.0,0.23270543493422655,0.19568351810283724,groups/h7_CV17_THY_STATES/figures/36_same_members_reselected_C_isotonic.png
