arm,kind,members,scale,source,mode,probability_index,threshold,threshold_source,horizon,feature_set,target,target_kind,block,n_variables,baseline_f1_macro,altered_f1_macro,f1_macro_drop,baseline_roc_auc,altered_roc_auc,roc_auc_drop,baseline_auprc,altered_auprc,auprc_drop,baseline_brier,altered_brier,brier_drop,f1_drop_ci_lo,f1_drop_ci_hi,importance_ratio,importance_ratio_ci_lo,importance_ratio_ci_hi,bootstrap_valid
LogisticRegression,individual,LogisticRegression,raw,Cached fitted individual; sigmoid fitted to cached training OOF,raw_fixed,0,0.5,fixed 0.5,7,CV17_THY_CONT,Gender,single variable,cardiovascular,1,0.7027203218095723,0.7027203218095723,0.0,0.8415828303152246,0.8415828303152246,0.0,0.586842265981418,0.586842265981418,0.0,0.16219265113101544,0.16219265113101544,0.0,0.0,0.0,1.0,1.0,1.0,2000
LogisticRegression,individual,LogisticRegression,raw,Cached fitted individual; sigmoid fitted to cached training OOF,raw_threshold,0,0.6399999999999999,own validation,7,CV17_THY_CONT,Gender,single variable,cardiovascular,1,0.7426812986420919,0.7426812986420919,0.0,0.8415828303152246,0.8415828303152246,0.0,0.586842265981418,0.586842265981418,0.0,0.16219265113101544,0.16219265113101544,0.0,0.0,0.0,1.0,1.0,1.0,2000
LogisticRegression,individual,LogisticRegression,sigmoid,Cached fitted individual; sigmoid fitted to cached training OOF,sigmoid,1,0.38999999999999996,own validation,7,CV17_THY_CONT,Gender,single variable,cardiovascular,1,0.7361367513642372,0.7361367513642372,0.0,0.8415828303152246,0.8415828303152246,0.0,0.586842265981418,0.586842265981418,0.0,0.11137008767811421,0.11137008767811421,0.0,0.0,0.0,1.0,1.0,1.0,2000
SVC,individual,SVC,raw,Cached fitted individual; sigmoid fitted to cached training OOF,raw_fixed,2,0.5,fixed 0.5,7,CV17_THY_CONT,Gender,single variable,cardiovascular,1,0.7011045261967771,0.7011045261967771,0.0,0.8283702213279678,0.828378604963112,-8.383635144215695e-06,0.5568024589994544,0.5567391539615725,6.33050378818778e-05,0.11715140617654654,0.11713884739901984,-1.2558777526705533e-05,0.0,0.0,1.0,1.0,1.0,2000
SVC,individual,SVC,raw,Cached fitted individual; sigmoid fitted to cached training OOF,raw_threshold,2,0.37999999999999995,own validation,7,CV17_THY_CONT,Gender,single variable,cardiovascular,1,0.716891790418474,0.716891790418474,0.0,0.8283702213279678,0.828378604963112,-8.383635144215695e-06,0.5568024589994544,0.5567391539615725,6.33050378818778e-05,0.11715140617654654,0.11713884739901984,-1.2558777526705533e-05,0.0,0.0,1.0,1.0,1.0,2000
SVC,individual,SVC,sigmoid,Cached fitted individual; sigmoid fitted to cached training OOF,sigmoid,3,0.4099999999999999,own validation,7,CV17_THY_CONT,Gender,single variable,cardiovascular,1,0.7072343406283659,0.7072343406283659,0.0,0.8283702213279678,0.828378604963112,-8.383635144215695e-06,0.5568024589994544,0.5567391539615725,6.33050378818778e-05,0.1169250023920927,0.11691508609919417,-9.91629289853746e-06,0.0,0.0,1.0,1.0,1.0,2000
KNeighbors,individual,KNeighbors,raw,Cached fitted individual; sigmoid fitted to cached training OOF,raw_fixed,4,0.5,fixed 0.5,7,CV17_THY_CONT,Gender,single variable,cardiovascular,1,0.7063464648956876,0.7117663348977274,-0.005419870002039806,0.8055122401073105,0.8110286720321932,-0.005516431924882714,0.5386758931409478,0.5362544045948702,0.0024214885460775992,0.1499207685451123,0.14774190353570377,-0.0021788650094085316,-0.02810122612750471,0.016551910017431663,0.9923853240364079,0.9609376180457121,1.023737391782336,2000
KNeighbors,individual,KNeighbors,raw,Cached fitted individual; sigmoid fitted to cached training OOF,raw_threshold,4,0.59,own validation,7,CV17_THY_CONT,Gender,single variable,cardiovascular,1,0.6881589091885617,0.6948007235547171,-0.0066418143661554074,0.8055122401073105,0.8110286720321932,-0.005516431924882714,0.5386758931409478,0.5362544045948702,0.0024214885460775992,0.1499207685451123,0.14774190353570377,-0.0021788650094085316,-0.031903587522477767,0.0171606525620546,0.9904406916386402,0.9537731055180768,1.0256352941306488,2000
KNeighbors,individual,KNeighbors,sigmoid,Cached fitted individual; sigmoid fitted to cached training OOF,sigmoid,5,0.30999999999999994,own validation,7,CV17_THY_CONT,Gender,single variable,cardiovascular,1,0.6881589091885617,0.6948007235547171,-0.0066418143661554074,0.8055122401073105,0.8110286720321932,-0.005516431924882714,0.5386758931409478,0.5362544045948702,0.0024214885460775992,0.12173341907432166,0.1212911841899635,-0.00044223488435815583,-0.031903587522477767,0.0171606525620546,0.9904406916386402,0.9537731055180768,1.0256352941306488,2000
RandomForest,individual,RandomForest,raw,Cached fitted individual; sigmoid fitted to cached training OOF,raw_fixed,6,0.5,fixed 0.5,7,CV17_THY_CONT,Gender,single variable,cardiovascular,1,0.7491346656217346,0.7502133712660028,-0.001078705644268263,0.8410127431254192,0.8404678068410463,0.00054493628437291,0.6356546074048491,0.6368946067309734,-0.0012399993261242859,0.12209730025536963,0.12240561111078775,0.0003083108554181174,-0.008656496852398745,0.0052538001090318386,0.9985621348731123,0.9885746887131132,1.0069515770244326,2000
RandomForest,individual,RandomForest,raw,Cached fitted individual; sigmoid fitted to cached training OOF,raw_threshold,6,0.5299999999999999,own validation,7,CV17_THY_CONT,Gender,single variable,cardiovascular,1,0.74400817251728,0.736325024668583,0.007683147848697058,0.8410127431254192,0.8404678068410463,0.00054493628437291,0.6356546074048491,0.6368946067309734,-0.0012399993261242859,0.12209730025536963,0.12240561111078775,0.0003083108554181174,-0.0012148776706282145,0.01679833190494603,1.0104344516229844,0.998383529470103,1.0227841142790959,2000
RandomForest,individual,RandomForest,sigmoid,Cached fitted individual; sigmoid fitted to cached training OOF,sigmoid,7,0.37999999999999995,own validation,7,CV17_THY_CONT,Gender,single variable,cardiovascular,1,0.7452590842555569,0.736325024668583,0.008934059586973908,0.8410127431254192,0.8404678068410463,0.00054493628437291,0.6356546074048491,0.6368946067309734,-0.0012399993261242859,0.10692705464634006,0.10712134261670786,0.00019428797036780132,-0.0007192836110488902,0.018931041524443994,1.012133309730978,0.9990415110364851,1.0258589197159502,2000
AdaBoost,individual,AdaBoost,raw,Cached fitted individual; sigmoid fitted to cached training OOF,raw_fixed,8,0.5,fixed 0.5,7,CV17_THY_CONT,Gender,single variable,cardiovascular,1,0.7035592443093917,0.7035592443093917,0.0,0.8369634473507713,0.8369634473507713,0.0,0.5904214779938294,0.5904214779938294,0.0,0.1861595753416243,0.1861595753416243,0.0,0.0,0.0,1.0,1.0,1.0,2000
AdaBoost,individual,AdaBoost,raw,Cached fitted individual; sigmoid fitted to cached training OOF,raw_threshold,8,0.58,own validation,7,CV17_THY_CONT,Gender,single variable,cardiovascular,1,0.7308812260536399,0.7308812260536399,0.0,0.8369634473507713,0.8369634473507713,0.0,0.5904214779938294,0.5904214779938294,0.0,0.1861595753416243,0.1861595753416243,0.0,0.0,0.0,1.0,1.0,1.0,2000
AdaBoost,individual,AdaBoost,sigmoid,Cached fitted individual; sigmoid fitted to cached training OOF,sigmoid,9,0.4099999999999999,own validation,7,CV17_THY_CONT,Gender,single variable,cardiovascular,1,0.7293557557283282,0.7293557557283282,0.0,0.8369634473507713,0.8369634473507713,0.0,0.5904214779938294,0.5904214779938294,0.0,0.11138800805411916,0.11138800805411916,0.0,0.0,0.0,1.0,1.0,1.0,2000
MLP,individual,MLP,raw,Cached fitted individual; sigmoid fitted to cached training OOF,raw_fixed,10,0.5,fixed 0.5,7,CV17_THY_CONT,Gender,single variable,cardiovascular,1,0.7086712317698171,0.707394855440651,0.0012763763291661068,0.8466968477531858,0.8428152246814219,0.0038816230717638733,0.6105382221434775,0.605273177651261,0.005265044492216542,0.15329636532074958,0.1567290054403736,0.0034326401196240197,-0.01038238267520697,0.012308526401932003,1.0018043336325524,0.9853719873292638,1.0176496162606075,2000
MLP,individual,MLP,raw,Cached fitted individual; sigmoid fitted to cached training OOF,raw_threshold,10,0.6799999999999999,own validation,7,CV17_THY_CONT,Gender,single variable,cardiovascular,1,0.7489136160834274,0.7414000710344171,0.007513545049010362,0.8466968477531858,0.8428152246814219,0.0038816230717638733,0.6105382221434775,0.605273177651261,0.005265044492216542,0.15329636532074958,0.1567290054403736,0.0034326401196240197,-0.007397186044816545,0.02324811190790253,1.010134265348164,0.9900134703513763,1.0314088389014908,2000
MLP,individual,MLP,sigmoid,Cached fitted individual; sigmoid fitted to cached training OOF,sigmoid,11,0.31999999999999995,own validation,7,CV17_THY_CONT,Gender,single variable,cardiovascular,1,0.7574482553444686,0.7463421524001514,0.011106102944317131,0.8466968477531858,0.8428152246814219,0.0038816230717638733,0.6105382221434775,0.605273177651261,0.005265044492216542,0.11299743818759635,0.11346835318829872,0.000470915000702371,-0.006491939557513387,0.028565542039756118,1.0148807124300847,0.9913358614331308,1.0393514967827129,2000
GradientBoosting,individual,GradientBoosting,raw,Cached fitted individual; sigmoid fitted to cached training OOF,raw_fixed,12,0.5,fixed 0.5,7,CV17_THY_CONT,Gender,single variable,cardiovascular,1,0.7196397818599312,0.7163206908924087,0.0033190909675224756,0.840627095908786,0.8400402414486922,0.0005868544600938774,0.6218609666423225,0.6213068241296819,0.0005541425126406319,0.13797559292209854,0.13831205298357513,0.00033646006147658447,-0.0011029264388566524,0.008717942200034244,1.0046335265890303,0.9984633694160087,1.0123210471291066,2000
GradientBoosting,individual,GradientBoosting,raw,Cached fitted individual; sigmoid fitted to cached training OOF,raw_threshold,12,0.6599999999999999,own validation,7,CV17_THY_CONT,Gender,single variable,cardiovascular,1,0.7604147716936511,0.7590929419110355,0.0013218297826156356,0.840627095908786,0.8400402414486922,0.0005868544600938774,0.6218609666423225,0.6213068241296819,0.0005541425126406319,0.13797559292209854,0.13831205298357513,0.00033646006147658447,-0.005648697410243858,0.008064665593757181,1.0017413279845389,0.9925707564193266,1.0108778233798301,2000
GradientBoosting,individual,GradientBoosting,sigmoid,Cached fitted individual; sigmoid fitted to cached training OOF,sigmoid,13,0.37999999999999995,own validation,7,CV17_THY_CONT,Gender,single variable,cardiovascular,1,0.7579298142781161,0.7566118315618042,0.001317982716311894,0.840627095908786,0.8400402414486922,0.0005868544600938774,0.6218609666423225,0.6213068241296819,0.0005541425126406319,0.10818765827236983,0.10838702117705334,0.00019936290468351714,-0.005648967026558149,0.00811192824376195,1.0017419536165477,0.9924330503274157,1.0109465507777053,2000
XGBoost,individual,XGBoost,raw,Cached fitted individual; sigmoid fitted to cached training OOF,raw_fixed,14,0.5,fixed 0.5,7,CV17_THY_CONT,Gender,single variable,cardiovascular,1,0.7340850209815728,0.7310892621671536,0.0029957588144191583,0.8427649228705567,0.8436116700201207,-0.0008467471495640089,0.6207142319116041,0.6233319850930668,-0.002617753181462623,0.142721285120714,0.1417336071988593,-0.000987677921854696,-0.004777530778272967,0.011484066568557277,1.0040976649083027,0.9935338933217139,1.015779093660473,2000
XGBoost,individual,XGBoost,raw,Cached fitted individual; sigmoid fitted to cached training OOF,raw_threshold,14,0.6,own validation,7,CV17_THY_CONT,Gender,single variable,cardiovascular,1,0.7375657580105213,0.7477889972144847,-0.010223239203963397,0.8427649228705567,0.8436116700201207,-0.0008467471495640089,0.6207142319116041,0.6233319850930668,-0.002617753181462623,0.142721285120714,0.1417336071988593,-0.000987677921854696,-0.017547352296113563,-0.0038524403876944286,0.9863287113851034,0.9768886624883577,0.9948321138971576,2000
XGBoost,individual,XGBoost,sigmoid,Cached fitted individual; sigmoid fitted to cached training OOF,sigmoid,15,0.36999999999999994,own validation,7,CV17_THY_CONT,Gender,single variable,cardiovascular,1,0.738826364323119,0.7503958152920286,-0.0115694509689096,0.8427649228705567,0.8436116700201207,-0.0008467471495640089,0.6207142319116041,0.6233319850930668,-0.002617753181462623,0.10779122172922385,0.1074512102339835,-0.0003400114952403499,-0.019437988294253063,-0.005012291521230906,0.9845822021749853,0.9741949377451071,0.9932137291161646,2000
paper,voting,"LogisticRegression,RandomForest,AdaBoost",raw,models/predictive_sensitivity/h7_CV17_THY_CONT_paper.joblib,raw_fixed,16,0.5,fixed 0.5,7,CV17_THY_CONT,Gender,single variable,cardiovascular,1,0.7329425928388122,0.7329425928388122,0.0,0.8474765258215963,0.8471076458752516,0.00036887994634471344,0.6249100841759544,0.6243205171668895,0.000589567009064873,0.14916737933582,0.1492599101782641,9.253084244409404e-05,0.0,0.0,1.0,1.0,1.0,2000
paper,voting,"LogisticRegression,RandomForest,AdaBoost",raw,models/predictive_sensitivity/h7_CV17_THY_CONT_paper.joblib,raw_threshold,16,0.38999999999999996,saved voting threshold (also applied to raw),7,CV17_THY_CONT,Gender,single variable,cardiovascular,1,0.661069806744196,0.6587960799790722,0.002273726765123829,0.8474765258215963,0.8471076458752516,0.00036887994634471344,0.6249100841759544,0.6243205171668895,0.000589567009064873,0.14916737933582,0.1492599101782641,9.253084244409404e-05,-0.002551214311311373,0.007052384214979674,1.0034513362089161,0.9961358093228646,1.0107914829784324,2000
paper,voting,"LogisticRegression,RandomForest,AdaBoost",sigmoid,models/predictive_sensitivity/h7_CV17_THY_CONT_paper.joblib,sigmoid,17,0.38999999999999996,saved voting threshold (also applied to raw),7,CV17_THY_CONT,Gender,single variable,cardiovascular,1,0.7596902502253029,0.7583457631934086,0.0013444870318942703,0.8474765258215963,0.8471076458752516,0.00036887994634471344,0.6249100841759544,0.6243205171668895,0.000589567009064873,0.10681940292729272,0.10704245460689148,0.00022305167959875416,-0.006832454176533054,0.009891624607708562,1.0017729208721793,0.991006343104402,1.013112415117019,2000
paper_locked,voting,"LogisticRegression,RandomForest,AdaBoost",raw,models/final_h7_CV17_THY_CONT_paper_locked.joblib,raw_fixed,18,0.5,fixed 0.5,7,CV17_THY_CONT,Gender,single variable,cardiovascular,1,0.7281870738748857,0.7248205916222958,0.003366482252589842,0.8466381623071764,0.8465207914151576,0.00011737089201879769,0.6220693480215564,0.6217322525780042,0.00033709544355220444,0.1566021485441328,0.15685786748849187,0.00025571894435907905,0.0,0.007475531338142535,1.004644573141962,1.0,1.0105388154554702,2000
paper_locked,voting,"LogisticRegression,RandomForest,AdaBoost",raw,models/final_h7_CV17_THY_CONT_paper_locked.joblib,raw_threshold,18,0.43999999999999995,saved voting threshold (also applied to raw),7,CV17_THY_CONT,Gender,single variable,cardiovascular,1,0.6898933929555102,0.6927384076990376,-0.0028450147435273854,0.8466381623071764,0.8465207914151576,0.00011737089201879769,0.6220693480215564,0.6217322525780042,0.00033709544355220444,0.1566021485441328,0.15685786748849187,0.00025571894435907905,-0.008171509985223901,0.002022758751144623,0.9958930893510334,0.9882809410181062,1.0029687332509367,2000
paper_locked,voting,"LogisticRegression,RandomForest,AdaBoost",sigmoid,models/final_h7_CV17_THY_CONT_paper_locked.joblib,sigmoid,19,0.43999999999999995,saved voting threshold (also applied to raw),7,CV17_THY_CONT,Gender,single variable,cardiovascular,1,0.7243328100470958,0.7201560344417488,0.004176775605347016,0.8466381623071764,0.8465207914151576,0.00011737089201879769,0.6220693480215564,0.6217322525780042,0.00033709544355220444,0.10735395528864841,0.10748663429112382,0.00013267900247540543,0.0,0.011486948838787217,1.005799820324473,1.0,1.0161042496628119,2000
own,stacking,"LogisticRegression,KNeighbors,AdaBoost",raw,models/stacking_sensitivity/h7_CV17_THY_CONT_own.joblib,raw_fixed,20,0.5,fixed 0.5,7,CV17_THY_CONT,Gender,single variable,cardiovascular,1,0.7036772224208319,0.7054679637705468,-0.0017907413497149083,0.8452045606975185,0.8455566733735748,-0.00035211267605628205,0.6027119778421592,0.604427537307987,-0.0017155594658277984,0.10917993345567255,0.1090296126103687,-0.00015032084530385015,-0.012582613630280726,0.008727535829540743,0.9974616262655729,0.9820699606935889,1.0123864376619272,2000
own,stacking,"LogisticRegression,KNeighbors,AdaBoost",raw,models/stacking_sensitivity/h7_CV17_THY_CONT_own.joblib,raw_threshold,20,0.33999999999999997,saved stacking threshold,7,CV17_THY_CONT,Gender,single variable,cardiovascular,1,0.7554362964476055,0.7554362964476055,0.0,0.8452045606975185,0.8455566733735748,-0.00035211267605628205,0.6027119778421592,0.604427537307987,-0.0017155594658277984,0.10917993345567255,0.1090296126103687,-0.00015032084530385015,-0.011858527151973459,0.011242554772270374,1.0,0.9844081445030265,1.0151924601454643,2000
own,stacking,"LogisticRegression,KNeighbors,AdaBoost",sigmoid,models/stacking_sensitivity/h7_CV17_THY_CONT_own.joblib,sigmoid,21,0.32999999999999996,saved stacking threshold,7,CV17_THY_CONT,Gender,single variable,cardiovascular,1,0.7554362964476055,0.75416694116872,0.0012693552788854978,0.8452045606975185,0.8455566733735748,-0.00035211267605628205,0.6027119778421592,0.604427537307987,-0.0017155594658277984,0.10921388840861973,0.1090716728333447,-0.00014221557527503703,-0.010441157241018897,0.012392514477347903,1.0016831224091027,0.9860744114490186,1.0165122591896496,2000
own,stacking,"LogisticRegression,KNeighbors,AdaBoost",isotonic,models/stacking_sensitivity/h7_CV17_THY_CONT_own.joblib,isotonic,22,0.33999999999999997,saved stacking threshold,7,CV17_THY_CONT,Gender,single variable,cardiovascular,1,0.756166353170578,0.7564146262197103,-0.0002482730491323304,0.8448608316566063,0.8456321260898726,-0.0007712944332662897,0.5843766539391511,0.5852508756416631,-0.0008742217025120569,0.11066089189702547,0.11048103890210395,-0.0001798529949215144,-0.006511960157623761,0.006823825292487025,0.9996717765091705,0.9913924341684243,1.009156338411154,2000
same_baseline,stacking,"KNeighbors,RandomForest,AdaBoost,MLP",raw,models/stacking_sensitivity/h7_CV17_THY_CONT_same_baseline.joblib,raw_fixed,23,0.5,fixed 0.5,7,CV17_THY_CONT,Gender,single variable,cardiovascular,1,0.7046565588361673,0.7136612766620263,-0.009004717825858988,0.8468226022803488,0.8464537223340041,0.00036887994634471344,0.6266442551545337,0.6270293056237278,-0.0003850504691941259,0.10694711012065376,0.10711629558010749,0.00016918545945372732,-0.025258321645571923,0.006100883395754877,0.987382364546979,0.9647023191055327,1.0086003481905204,2000
same_baseline,stacking,"KNeighbors,RandomForest,AdaBoost,MLP",raw,models/stacking_sensitivity/h7_CV17_THY_CONT_same_baseline.joblib,raw_threshold,23,0.38999999999999996,saved stacking threshold,7,CV17_THY_CONT,Gender,single variable,cardiovascular,1,0.7542358796721512,0.7582146437108269,-0.003978764038675697,0.8468226022803488,0.8464537223340041,0.00036887994634471344,0.6266442551545337,0.6270293056237278,-0.0003850504691941259,0.10694711012065376,0.10711629558010749,0.00016918545945372732,-0.014071472885795333,0.005287319740648283,0.994752456877906,0.9815808607073082,1.007096397407777,2000
same_baseline,stacking,"KNeighbors,RandomForest,AdaBoost,MLP",sigmoid,models/stacking_sensitivity/h7_CV17_THY_CONT_same_baseline.joblib,sigmoid,24,0.3999999999999999,saved stacking threshold,7,CV17_THY_CONT,Gender,single variable,cardiovascular,1,0.7545418151157511,0.7519462581617278,0.002595556954023359,0.8468226022803488,0.8464537223340041,0.00036887994634471344,0.6266442551545337,0.6270293056237278,-0.0003850504691941259,0.106977825803903,0.1071311184725371,0.00015329266863410573,-0.009835997082472745,0.015479499280901062,1.0034517851852454,0.9869659184418917,1.0209690452526177,2000
same_baseline,stacking,"KNeighbors,RandomForest,AdaBoost,MLP",isotonic,models/stacking_sensitivity/h7_CV17_THY_CONT_same_baseline.joblib,isotonic,25,0.32999999999999996,saved stacking threshold,7,CV17_THY_CONT,Gender,single variable,cardiovascular,1,0.7498623008110008,0.7558066344209468,-0.005944333609945951,0.8466339704896043,0.8451332997987927,0.0015006706908116119,0.6078162488237903,0.6051997994071804,0.0026164494166098784,0.10763459558478214,0.10817742380446672,0.0005428282196845852,-0.01756299446982169,0.0038636291888456535,0.9921351132164907,0.9769092378799852,1.0051843885807983,2000
locked_baseline,stacking,"KNeighbors,RandomForest,AdaBoost,MLP",raw,models/stacking_sensitivity/h7_CV17_THY_CONT_locked_baseline.joblib,raw_fixed,26,0.5,fixed 0.5,7,CV17_THY_CONT,Gender,single variable,cardiovascular,1,0.7294088812205308,0.7294088812205308,0.0,0.8484657947686117,0.8486586183769282,-0.0001928236083165169,0.6414093765224447,0.6411888851164155,0.0002204914060291996,0.10521713348319792,0.1053503677510226,0.00013323426782468895,-0.0085286379007263,0.008484839520819172,1.0,0.988360855074911,1.01160188432944,2000
locked_baseline,stacking,"KNeighbors,RandomForest,AdaBoost,MLP",raw,models/stacking_sensitivity/h7_CV17_THY_CONT_locked_baseline.joblib,raw_threshold,26,0.48999999999999994,saved stacking threshold,7,CV17_THY_CONT,Gender,single variable,cardiovascular,1,0.7309705048555402,0.7280681378242353,0.0029023670313048644,0.8484657947686117,0.8486586183769282,-0.0001928236083165169,0.6414093765224447,0.6411888851164155,0.0002204914060291996,0.10521713348319792,0.1053503677510226,0.00013323426782468895,-0.006128106084596055,0.013348177398912774,1.0039863947898864,0.9915495128317547,1.0183679137680781,2000
locked_baseline,stacking,"KNeighbors,RandomForest,AdaBoost,MLP",sigmoid,models/stacking_sensitivity/h7_CV17_THY_CONT_locked_baseline.joblib,sigmoid,27,0.48999999999999994,saved stacking threshold,7,CV17_THY_CONT,Gender,single variable,cardiovascular,1,0.7294088812205308,0.7294088812205308,0.0,0.8484657947686117,0.8486586183769282,-0.0001928236083165169,0.6414093765224447,0.6411888851164155,0.0002204914060291996,0.10516829882784544,0.105292578366601,0.00012427953875555897,-0.0085286379007263,0.008484839520819172,1.0,0.988360855074911,1.01160188432944,2000
locked_baseline,stacking,"KNeighbors,RandomForest,AdaBoost,MLP",isotonic,models/stacking_sensitivity/h7_CV17_THY_CONT_locked_baseline.joblib,isotonic,28,0.42999999999999994,saved stacking threshold,7,CV17_THY_CONT,Gender,single variable,cardiovascular,1,0.7278237075983138,0.7264824135279057,0.0013412940704081722,0.8465459423205902,0.845862676056338,0.0006832662642521914,0.6069580639148737,0.6083687255766931,-0.0014106616618193568,0.10696678701552328,0.10720248427776677,0.00023569726224348386,-0.00991745677306699,0.012913160213991855,1.0018462856711075,0.9866548426166575,1.017941440099347,2000
paper,stacking,"LogisticRegression,RandomForest,AdaBoost",raw,models/stacking_sensitivity/h7_CV17_THY_CONT_paper.joblib,raw_fixed,29,0.5,fixed 0.5,7,CV17_THY_CONT,Gender,single variable,cardiovascular,1,0.7089681419188509,0.7076772424598512,0.0012908994589997391,0.8476190476190476,0.8473340040241448,0.00028504359490277853,0.6237386907226503,0.6232225876066471,0.0005161031160032525,0.10684277418145065,0.10706401423202991,0.00022124005057926055,0.0,0.00411094034183002,1.001824135893522,1.0,1.0056883167024357,2000
paper,stacking,"LogisticRegression,RandomForest,AdaBoost",raw,models/stacking_sensitivity/h7_CV17_THY_CONT_paper.joblib,raw_threshold,29,0.3999999999999999,saved stacking threshold,7,CV17_THY_CONT,Gender,single variable,cardiovascular,1,0.7571230982019364,0.7544481142126571,0.0026749839892792338,0.8476190476190476,0.8473340040241448,0.00028504359490277853,0.6237386907226503,0.6232225876066471,0.0005161031160032525,0.10684277418145065,0.10706401423202991,0.00022124005057926055,-0.00527987290581444,0.010892705982049122,1.0035456169070962,0.9930557835785488,1.0144783763719993,2000
paper,stacking,"LogisticRegression,RandomForest,AdaBoost",sigmoid,models/stacking_sensitivity/h7_CV17_THY_CONT_paper.joblib,sigmoid,30,0.38999999999999996,saved stacking threshold,7,CV17_THY_CONT,Gender,single variable,cardiovascular,1,0.7571230982019364,0.7544481142126571,0.0026749839892792338,0.8476190476190476,0.8473340040241448,0.00028504359490277853,0.6237386907226503,0.6232225876066471,0.0005161031160032525,0.10691330488299498,0.10711092210767337,0.00019761722467838416,-0.00527987290581444,0.010892705982049122,1.0035456169070962,0.9930557835785488,1.0144783763719993,2000
paper,stacking,"LogisticRegression,RandomForest,AdaBoost",isotonic,models/stacking_sensitivity/h7_CV17_THY_CONT_paper.joblib,isotonic,31,0.3499999999999999,saved stacking threshold,7,CV17_THY_CONT,Gender,single variable,cardiovascular,1,0.7531190566334336,0.755556676012741,-0.002437619379307421,0.8453093561368209,0.8450746143527834,0.00023474178403748436,0.6000089471701715,0.5980807397627609,0.0019282074074106204,0.10818818153761928,0.10808818370852678,-9.999782909249355e-05,-0.011306581358691664,0.004234074895106262,0.9967737438412015,0.9849013307458465,1.0055552050887893,2000
same_members_reselected_C,stacking,"KNeighbors,RandomForest,AdaBoost,MLP",raw,cache/classification_explainability/prepared_h7_CV17_THY_CONT.joblib,raw_fixed,32,0.5,fixed 0.5,7,CV17_THY_CONT,Gender,single variable,cardiovascular,1,0.6911228376548599,0.6974416633338616,-0.006318825679001661,0.8478286384976526,0.8473256203890007,0.0005030181086518315,0.6291219667126018,0.628356111454965,0.0007658552576368383,0.10710668881529546,0.10724040216769233,0.0001337133523968692,-0.016661644865866205,0.0,0.9909399939648044,0.9763602142712199,1.0,2000
same_members_reselected_C,stacking,"KNeighbors,RandomForest,AdaBoost,MLP",raw,cache/classification_explainability/prepared_h7_CV17_THY_CONT.joblib,raw_threshold,32,0.36999999999999994,saved reselected-C validation threshold,7,CV17_THY_CONT,Gender,single variable,cardiovascular,1,0.7617419431871222,0.7590929419110355,0.0026490012760866932,0.8478286384976526,0.8473256203890007,0.0005030181086518315,0.6291219667126018,0.628356111454965,0.0007658552576368383,0.10710668881529546,0.10724040216769233,0.0001337133523968692,-0.009305290997210666,0.014005438528033811,1.0034896929345933,0.987923855943382,1.0185944166250358,2000
same_members_reselected_C,stacking,"KNeighbors,RandomForest,AdaBoost,MLP",sigmoid,cache/classification_explainability/prepared_h7_CV17_THY_CONT.joblib,sigmoid,33,0.35999999999999993,saved reselected-C validation threshold,7,CV17_THY_CONT,Gender,single variable,cardiovascular,1,0.7511422092865845,0.7510057033621478,0.00013650592443670284,0.8478286384976526,0.8473256203890007,0.0005030181086518315,0.6291219667126018,0.628356111454965,0.0007658552576368383,0.10661452685674429,0.10681741225192917,0.0002028853951848847,-0.008969042774692243,0.00845203260003959,1.0001817641648068,0.988360746220422,1.011301440124356,2000
same_members_reselected_C,stacking,"KNeighbors,RandomForest,AdaBoost,MLP",isotonic,cache/classification_explainability/prepared_h7_CV17_THY_CONT.joblib,isotonic,34,0.33999999999999997,saved reselected-C validation threshold,7,CV17_THY_CONT,Gender,single variable,cardiovascular,1,0.7556737369364912,0.756882911392405,-0.0012091744559138418,0.8462692823608317,0.8447099262240108,0.0015593561368208997,0.6070559198389371,0.6032149980763793,0.003840921762557792,0.10824084444828577,0.10828608024582666,4.5235797540885136e-05,-0.014470662675151813,0.012554280326364065,0.9984024286481916,0.9810153723373369,1.0169638220478727,2000
LogisticRegression,individual,LogisticRegression,raw,Cached fitted individual; sigmoid fitted to cached training OOF,raw_fixed,0,0.5,fixed 0.5,7,CV17_THY_CONT,Age,single variable,cardiovascular,1,0.7027203218095723,0.6831079472588907,0.019612374550681655,0.8415828303152246,0.7776995305164319,0.0638832997987927,0.586842265981418,0.4938562997725778,0.0929859662088402,0.16219265113101544,0.17070300305637767,0.00851035192536223,-0.012980392878596274,0.05144156173872281,1.0287105056080526,0.9811427903073924,1.0776339361767306,2000
LogisticRegression,individual,LogisticRegression,raw,Cached fitted individual; sigmoid fitted to cached training OOF,raw_threshold,0,0.6399999999999999,own validation,7,CV17_THY_CONT,Age,single variable,cardiovascular,1,0.7426812986420919,0.666650441487135,0.07603085715495683,0.8415828303152246,0.7776995305164319,0.0638832997987927,0.586842265981418,0.4938562997725778,0.0929859662088402,0.16219265113101544,0.17070300305637767,0.00851035192536223,0.03858961518845237,0.11469687662891842,1.114049061432181,1.0558223843004422,1.1791040869306555,2000
LogisticRegression,individual,LogisticRegression,sigmoid,Cached fitted individual; sigmoid fitted to cached training OOF,sigmoid,1,0.38999999999999996,own validation,7,CV17_THY_CONT,Age,single variable,cardiovascular,1,0.7361367513642372,0.6677095423121562,0.068427209052081,0.8415828303152246,0.7776995305164319,0.0638832997987927,0.586842265981418,0.4938562997725778,0.0929859662088402,0.11137008767811421,0.1281949658274964,0.01682487814938219,0.03305933792379315,0.1061304049239047,1.1024805019486918,1.0475538208235677,1.166960237456394,2000
SVC,individual,SVC,raw,Cached fitted individual; sigmoid fitted to cached training OOF,raw_fixed,2,0.5,fixed 0.5,7,CV17_THY_CONT,Age,single variable,cardiovascular,1,0.7011045261967771,0.6421842836858814,0.05892024251089567,0.8283702213279678,0.7800301810865191,0.04834004024144867,0.5568024589994544,0.4933894109047098,0.06341304809474457,0.11715140617654654,0.12824102582239885,0.011089619645852311,0.031851006831697726,0.0880009243513316,1.0917497422588995,1.0487078699335102,1.1427782706430427,2000
SVC,individual,SVC,raw,Cached fitted individual; sigmoid fitted to cached training OOF,raw_threshold,2,0.37999999999999995,own validation,7,CV17_THY_CONT,Age,single variable,cardiovascular,1,0.716891790418474,0.6866180343816414,0.030273756036832578,0.8283702213279678,0.7800301810865191,0.04834004024144867,0.5568024589994544,0.4933894109047098,0.06341304809474457,0.11715140617654654,0.12824102582239885,0.011089619645852311,0.004568296652591911,0.057245367377486304,1.0440911169251426,1.0065235107017143,1.0847362174145794,2000
SVC,individual,SVC,sigmoid,Cached fitted individual; sigmoid fitted to cached training OOF,sigmoid,3,0.4099999999999999,own validation,7,CV17_THY_CONT,Age,single variable,cardiovascular,1,0.7072343406283659,0.65556863191729,0.0516657087110759,0.8283702213279678,0.7800301810865191,0.04834004024144867,0.5568024589994544,0.4933894109047098,0.06341304809474457,0.1169250023920927,0.1278546814381209,0.010929679046028193,0.024670614539394016,0.08135183798764122,1.0788105260008753,1.0367826532766746,1.1292403452791462,2000
KNeighbors,individual,KNeighbors,raw,Cached fitted individual; sigmoid fitted to cached training OOF,raw_fixed,4,0.5,fixed 0.5,7,CV17_THY_CONT,Age,single variable,cardiovascular,1,0.7063464648956876,0.6804694113869239,0.025877053508763792,0.8055122401073105,0.7525821596244131,0.05293008048289738,0.5386758931409478,0.47423169467599346,0.0644441984649543,0.1499207685451123,0.15788213029268275,0.00796136174757045,0.0018004788675528988,0.05150030560047235,1.0380282391474756,1.0026017682946353,1.076962207553603,2000
KNeighbors,individual,KNeighbors,raw,Cached fitted individual; sigmoid fitted to cached training OOF,raw_threshold,4,0.59,own validation,7,CV17_THY_CONT,Age,single variable,cardiovascular,1,0.6881589091885617,0.6620390566860838,0.026119852502477947,0.8055122401073105,0.7525821596244131,0.05293008048289738,0.5386758931409478,0.47423169467599346,0.0644441984649543,0.1499207685451123,0.15788213029268275,0.00796136174757045,-0.002573532088703778,0.05626821522255641,1.0394536428609273,0.9963479594059126,1.0862453409670259,2000
KNeighbors,individual,KNeighbors,sigmoid,Cached fitted individual; sigmoid fitted to cached training OOF,sigmoid,5,0.30999999999999994,own validation,7,CV17_THY_CONT,Age,single variable,cardiovascular,1,0.6881589091885617,0.6620390566860838,0.026119852502477947,0.8055122401073105,0.7525821596244131,0.05293008048289738,0.5386758931409478,0.47423169467599346,0.0644441984649543,0.12173341907432166,0.13038779911993545,0.008654380045613794,-0.002573532088703778,0.05626821522255641,1.0394536428609273,0.9963479594059126,1.0862453409670259,2000
RandomForest,individual,RandomForest,raw,Cached fitted individual; sigmoid fitted to cached training OOF,raw_fixed,6,0.5,fixed 0.5,7,CV17_THY_CONT,Age,single variable,cardiovascular,1,0.7491346656217346,0.6805044613927521,0.06863020422898247,0.8410127431254192,0.7702800134138162,0.07073272971160294,0.6356546074048491,0.5122869699930935,0.1233676374117556,0.12209730025536963,0.12910989776847226,0.007012597513102625,0.03148521216431256,0.10800739586529211,1.1008519534001595,1.0445171255282237,1.166044214239527,2000
RandomForest,individual,RandomForest,raw,Cached fitted individual; sigmoid fitted to cached training OOF,raw_threshold,6,0.5299999999999999,own validation,7,CV17_THY_CONT,Age,single variable,cardiovascular,1,0.74400817251728,0.6637790956417342,0.08022907687554581,0.8410127431254192,0.7702800134138162,0.07073272971160294,0.6356546074048491,0.5122869699930935,0.1233676374117556,0.12209730025536963,0.12910989776847226,0.007012597513102625,0.04156515193046072,0.12233303208847206,1.1208671339641711,1.0598907802755706,1.1925559434796196,2000
RandomForest,individual,RandomForest,sigmoid,Cached fitted individual; sigmoid fitted to cached training OOF,sigmoid,7,0.37999999999999995,own validation,7,CV17_THY_CONT,Age,single variable,cardiovascular,1,0.7452590842555569,0.6625890132904161,0.08267007096514079,0.8410127431254192,0.7702800134138162,0.07073272971160294,0.6356546074048491,0.5122869699930935,0.1233676374117556,0.10692705464634006,0.12664337360225025,0.019716318955910195,0.044829507280899114,0.12422964336428549,1.1247682489551123,1.0650658212850805,1.1964415658638734,2000
AdaBoost,individual,AdaBoost,raw,Cached fitted individual; sigmoid fitted to cached training OOF,raw_fixed,8,0.5,fixed 0.5,7,CV17_THY_CONT,Age,single variable,cardiovascular,1,0.7035592443093917,0.6769430286214073,0.026616215687984335,0.8369634473507713,0.7645372233400403,0.07242622401073107,0.5904214779938294,0.4705157600622001,0.1199057179316293,0.1861595753416243,0.19655253064103642,0.010392955299412115,-0.011449556117381923,0.0648045685941933,1.0393182506690233,0.9832850341475997,1.0989001079307423,2000
AdaBoost,individual,AdaBoost,raw,Cached fitted individual; sigmoid fitted to cached training OOF,raw_threshold,8,0.58,own validation,7,CV17_THY_CONT,Age,single variable,cardiovascular,1,0.7308812260536399,0.6466876130933822,0.08419361296025774,0.8369634473507713,0.7645372233400403,0.07242622401073107,0.5904214779938294,0.4705157600622001,0.1199057179316293,0.1861595753416243,0.19655253064103642,0.010392955299412115,0.039736152356596215,0.13108880555610644,1.1301920915997197,1.0587228262592954,1.2129929243015387,2000
AdaBoost,individual,AdaBoost,sigmoid,Cached fitted individual; sigmoid fitted to cached training OOF,sigmoid,9,0.4099999999999999,own validation,7,CV17_THY_CONT,Age,single variable,cardiovascular,1,0.7293557557283282,0.6357522626286887,0.09360349309963956,0.8369634473507713,0.7645372233400403,0.07242622401073107,0.5904214779938294,0.4705157600622001,0.1199057179316293,0.11138800805411916,0.13072609078833505,0.01933808273421589,0.048884368867805505,0.1402367538057209,1.1472326542930587,1.074777308930542,1.232942502410178,2000
MLP,individual,MLP,raw,Cached fitted individual; sigmoid fitted to cached training OOF,raw_fixed,10,0.5,fixed 0.5,7,CV17_THY_CONT,Age,single variable,cardiovascular,1,0.7086712317698171,0.6966943027210883,0.011976929048728713,0.8466968477531858,0.7934691482226693,0.053227699530516426,0.6105382221434775,0.5173929551969266,0.0931452669465509,0.15329636532074958,0.1564931929542471,0.0031968276334975176,-0.016277112979011254,0.041592327165331816,1.0171910822321215,0.9771736836910931,1.060585140063646,2000
MLP,individual,MLP,raw,Cached fitted individual; sigmoid fitted to cached training OOF,raw_threshold,10,0.6799999999999999,own validation,7,CV17_THY_CONT,Age,single variable,cardiovascular,1,0.7489136160834274,0.6867961066095908,0.06211750947383665,0.8466968477531858,0.7934691482226693,0.053227699530516426,0.6105382221434775,0.5173929551969266,0.0931452669465509,0.15329636532074958,0.1564931929542471,0.0031968276334975176,0.025475144665172252,0.09799410860077937,1.0904453430589223,1.0343586028669094,1.1478479448678363,2000
MLP,individual,MLP,sigmoid,Cached fitted individual; sigmoid fitted to cached training OOF,sigmoid,11,0.31999999999999995,own validation,7,CV17_THY_CONT,Age,single variable,cardiovascular,1,0.7574482553444686,0.6886036552264914,0.06884460011797722,0.8466968477531858,0.7934691482226693,0.053227699530516426,0.6105382221434775,0.5173929551969266,0.0931452669465509,0.11299743818759635,0.12614693789392598,0.013149499706329629,0.03427673508620763,0.10368464793704218,1.0999771052556107,1.0481935777442086,1.1558526030093899,2000
GradientBoosting,individual,GradientBoosting,raw,Cached fitted individual; sigmoid fitted to cached training OOF,raw_fixed,12,0.5,fixed 0.5,7,CV17_THY_CONT,Age,single variable,cardiovascular,1,0.7196397818599312,0.6908450704225353,0.02879471143739587,0.840627095908786,0.7694835680751174,0.07114352783366862,0.6218609666423225,0.5187803025847192,0.1030806640576033,0.13797559292209854,0.14146246841696805,0.003486875494869507,-0.00460162229042858,0.06422778727965207,1.0416804181866484,0.9935975214192646,1.0954374957289401,2000
GradientBoosting,individual,GradientBoosting,raw,Cached fitted individual; sigmoid fitted to cached training OOF,raw_threshold,12,0.6599999999999999,own validation,7,CV17_THY_CONT,Age,single variable,cardiovascular,1,0.7604147716936511,0.6970770251523011,0.06333774654135005,0.840627095908786,0.7694835680751174,0.07114352783366862,0.6218609666423225,0.5187803025847192,0.1030806640576033,0.13797559292209854,0.14146246841696805,0.003486875494869507,0.02487319686791618,0.10454056090055647,1.0908619051495947,1.0342564424765368,1.157400467514393,2000
GradientBoosting,individual,GradientBoosting,sigmoid,Cached fitted individual; sigmoid fitted to cached training OOF,sigmoid,13,0.37999999999999995,own validation,7,CV17_THY_CONT,Age,single variable,cardiovascular,1,0.7579298142781161,0.6970770251523011,0.06085278912581504,0.840627095908786,0.7694835680751174,0.07114352783366862,0.6218609666423225,0.5187803025847192,0.1030806640576033,0.10818765827236983,0.12447829767726926,0.01629063940489943,0.022296026594865067,0.10155498933565357,1.087297080423099,1.031090585718957,1.1531703670306244,2000
XGBoost,individual,XGBoost,raw,Cached fitted individual; sigmoid fitted to cached training OOF,raw_fixed,14,0.5,fixed 0.5,7,CV17_THY_CONT,Age,single variable,cardiovascular,1,0.7340850209815728,0.6914265266260973,0.04265849435547553,0.8427649228705567,0.7803319919517102,0.062432930918846496,0.6207142319116041,0.5174882605588286,0.10322597135277556,0.142721285120714,0.1469387299253964,0.004217444804682391,0.008509550569090352,0.07731046715288016,1.0616963519806406,1.0119299788445835,1.116724575331418,2000
XGBoost,individual,XGBoost,raw,Cached fitted individual; sigmoid fitted to cached training OOF,raw_threshold,14,0.6,own validation,7,CV17_THY_CONT,Age,single variable,cardiovascular,1,0.7375657580105213,0.6812075315109705,0.0563582264995508,0.8427649228705567,0.7803319919517102,0.062432930918846496,0.6207142319116041,0.5174882605588286,0.10322597135277556,0.142721285120714,0.1469387299253964,0.004217444804682391,0.01785309296108973,0.096285771599001,1.0827328294132978,1.0256206603107714,1.1477643774235864,2000
XGBoost,individual,XGBoost,sigmoid,Cached fitted individual; sigmoid fitted to cached training OOF,sigmoid,15,0.36999999999999994,own validation,7,CV17_THY_CONT,Age,single variable,cardiovascular,1,0.738826364323119,0.6792873383279288,0.05953902599519023,0.8427649228705567,0.7803319919517102,0.062432930918846496,0.6207142319116041,0.5174882605588286,0.10322597135277556,0.10779122172922385,0.12433403048953211,0.016542808760308253,0.019954687012355886,0.10098890096139077,1.087649250377235,1.028540923921997,1.1562016949435534,2000
paper,voting,"LogisticRegression,RandomForest,AdaBoost",raw,models/predictive_sensitivity/h7_CV17_THY_CONT_paper.joblib,raw_fixed,16,0.5,fixed 0.5,7,CV17_THY_CONT,Age,single variable,cardiovascular,1,0.7329425928388122,0.6912798874824191,0.04166270535639316,0.8474765258215963,0.7781522468142187,0.06932427900737759,0.6249100841759544,0.5039984788266115,0.12091160534934287,0.14916737933582,0.15588169231326277,0.006714312977442766,0.004458243494720196,0.07835835357371738,1.0602689389794415,1.0060441202603738,1.1187850500799221,2000
paper,voting,"LogisticRegression,RandomForest,AdaBoost",raw,models/predictive_sensitivity/h7_CV17_THY_CONT_paper.joblib,raw_threshold,16,0.38999999999999996,saved voting threshold (also applied to raw),7,CV17_THY_CONT,Age,single variable,cardiovascular,1,0.661069806744196,0.661212810631762,-0.00014300388756594007,0.8474765258215963,0.7781522468142187,0.06932427900737759,0.6249100841759544,0.5039984788266115,0.12091160534934287,0.14916737933582,0.15588169231326277,0.006714312977442766,-0.031264731567043236,0.031597783104637414,0.9997837248685044,0.9542715947060414,1.0495135053513223,2000
paper,voting,"LogisticRegression,RandomForest,AdaBoost",sigmoid,models/predictive_sensitivity/h7_CV17_THY_CONT_paper.joblib,sigmoid,17,0.38999999999999996,saved voting threshold (also applied to raw),7,CV17_THY_CONT,Age,single variable,cardiovascular,1,0.7596902502253029,0.6700991144690877,0.08959113575621525,0.8474765258215963,0.7781522468142187,0.06932427900737759,0.6249100841759544,0.5039984788266115,0.12091160534934287,0.10681940292729272,0.12672297786212813,0.01990357493483541,0.049285539602723014,0.1322106013414057,1.1336983348011098,1.070442688030636,1.2071104683753346,2000
paper_locked,voting,"LogisticRegression,RandomForest,AdaBoost",raw,models/final_h7_CV17_THY_CONT_paper_locked.joblib,raw_fixed,18,0.5,fixed 0.5,7,CV17_THY_CONT,Age,single variable,cardiovascular,1,0.7281870738748857,0.6925770308123249,0.03561004306256077,0.8466381623071764,0.7792169684775319,0.06742119382964451,0.6220693480215564,0.5076319706110258,0.11443737741053062,0.1566021485441328,0.16289270368125824,0.006290555137125453,-0.00016495413784354797,0.07094422960717332,1.0514167254735458,0.9997625640790998,1.107181573563652,2000
paper_locked,voting,"LogisticRegression,RandomForest,AdaBoost",raw,models/final_h7_CV17_THY_CONT_paper_locked.joblib,raw_threshold,18,0.43999999999999995,saved voting threshold (also applied to raw),7,CV17_THY_CONT,Age,single variable,cardiovascular,1,0.6898933929555102,0.6782596564328165,0.011633736522693727,0.8466381623071764,0.7792169684775319,0.06742119382964451,0.6220693480215564,0.5076319706110258,0.11443737741053062,0.1566021485441328,0.16289270368125824,0.006290555137125453,-0.020853953487765926,0.04274982443827472,1.0171523345261007,0.9703801916085909,1.0658577040896176,2000
paper_locked,voting,"LogisticRegression,RandomForest,AdaBoost",sigmoid,models/final_h7_CV17_THY_CONT_paper_locked.joblib,sigmoid,19,0.43999999999999995,saved voting threshold (also applied to raw),7,CV17_THY_CONT,Age,single variable,cardiovascular,1,0.7243328100470958,0.6477795125336109,0.07655329751348494,0.8466381623071764,0.7792169684775319,0.06742119382964451,0.6220693480215564,0.5076319706110258,0.11443737741053062,0.10735395528864841,0.12617779020390785,0.018823834915259435,0.035081915479135785,0.12099110941000446,1.1181780158715855,1.052169561947561,1.1935735706021884,2000
own,stacking,"LogisticRegression,KNeighbors,AdaBoost",raw,models/stacking_sensitivity/h7_CV17_THY_CONT_own.joblib,raw_fixed,20,0.5,fixed 0.5,7,CV17_THY_CONT,Age,single variable,cardiovascular,1,0.7036772224208319,0.6241722271182173,0.07950499530261457,0.8452045606975185,0.7799631120053655,0.06524144869215298,0.6027119778421592,0.4940532049239085,0.10865877291825077,0.10917993345567255,0.12750519132742918,0.018325257871756637,0.03798253530596396,0.12147575688449036,1.1273766948422017,1.0590372214796686,1.2021105467640318,2000
own,stacking,"LogisticRegression,KNeighbors,AdaBoost",raw,models/stacking_sensitivity/h7_CV17_THY_CONT_own.joblib,raw_threshold,20,0.33999999999999997,saved stacking threshold,7,CV17_THY_CONT,Age,single variable,cardiovascular,1,0.7554362964476055,0.6736980759279296,0.08173822051967583,0.8452045606975185,0.7799631120053655,0.06524144869215298,0.6027119778421592,0.4940532049239085,0.10865877291825077,0.10917993345567255,0.12750519132742918,0.018325257871756637,0.04411142981057149,0.12057109231023523,1.1213276739837683,1.0631619736097508,1.187900212795794,2000
own,stacking,"LogisticRegression,KNeighbors,AdaBoost",sigmoid,models/stacking_sensitivity/h7_CV17_THY_CONT_own.joblib,sigmoid,21,0.32999999999999996,saved stacking threshold,7,CV17_THY_CONT,Age,single variable,cardiovascular,1,0.7554362964476055,0.6736980759279296,0.08173822051967583,0.8452045606975185,0.7799631120053655,0.06524144869215298,0.6027119778421592,0.4940532049239085,0.10865877291825077,0.10921388840861973,0.12771215082838963,0.0184982624197699,0.04411142981057149,0.12057109231023523,1.1213276739837683,1.0631619736097508,1.187900212795794,2000
own,stacking,"LogisticRegression,KNeighbors,AdaBoost",isotonic,models/stacking_sensitivity/h7_CV17_THY_CONT_own.joblib,isotonic,22,0.33999999999999997,saved stacking threshold,7,CV17_THY_CONT,Age,single variable,cardiovascular,1,0.756166353170578,0.6783882783882784,0.07777807478229959,0.8448608316566063,0.7803487592219986,0.06451207243460766,0.5843766539391511,0.47584083295750496,0.1085358209816461,0.11066089189702547,0.12837847393046073,0.017717582033435264,0.04025692546434378,0.11621699866415312,1.1146512657428067,1.0573390176230864,1.1811895689023264,2000
same_baseline,stacking,"KNeighbors,RandomForest,AdaBoost,MLP",raw,models/stacking_sensitivity/h7_CV17_THY_CONT_same_baseline.joblib,raw_fixed,23,0.5,fixed 0.5,7,CV17_THY_CONT,Age,single variable,cardiovascular,1,0.7046565588361673,0.6191219850772167,0.08553457375895057,0.8468226022803488,0.7804996646545942,0.06632293762575459,0.6266442551545337,0.5057887861684515,0.12085546898608224,0.10694711012065376,0.126422945486463,0.019475835365809227,0.043611012466544065,0.12843201577912847,1.1381546380529237,1.0679051763213023,1.2180420411425916,2000
same_baseline,stacking,"KNeighbors,RandomForest,AdaBoost,MLP",raw,models/stacking_sensitivity/h7_CV17_THY_CONT_same_baseline.joblib,raw_threshold,23,0.38999999999999996,saved stacking threshold,7,CV17_THY_CONT,Age,single variable,cardiovascular,1,0.7542358796721512,0.6741494142192265,0.08008646545292475,0.8468226022803488,0.7804996646545942,0.06632293762575459,0.6266442551545337,0.5057887861684515,0.12085546898608224,0.10694711012065376,0.126422945486463,0.019475835365809227,0.04169287192060363,0.12235493934104366,1.1187963139383243,1.059280718190608,1.1898027144154868,2000
same_baseline,stacking,"KNeighbors,RandomForest,AdaBoost,MLP",sigmoid,models/stacking_sensitivity/h7_CV17_THY_CONT_same_baseline.joblib,sigmoid,24,0.3999999999999999,saved stacking threshold,7,CV17_THY_CONT,Age,single variable,cardiovascular,1,0.7545418151157511,0.6659193747429042,0.08862244037284694,0.8468226022803488,0.7804996646545942,0.06632293762575459,0.6266442551545337,0.5057887861684515,0.12085546898608224,0.106977825803903,0.12645678001668884,0.019478954212785837,0.04923391469573865,0.13191161891901496,1.1330828381544868,1.070531001479458,1.2086351516147522,2000
same_baseline,stacking,"KNeighbors,RandomForest,AdaBoost,MLP",isotonic,models/stacking_sensitivity/h7_CV17_THY_CONT_same_baseline.joblib,isotonic,25,0.32999999999999996,saved stacking threshold,7,CV17_THY_CONT,Age,single variable,cardiovascular,1,0.7498623008110008,0.6867961066095908,0.06306619420141002,0.8466339704896043,0.7782863849765258,0.06834758551307851,0.6078162488237903,0.48631808218030836,0.1214981666434819,0.10763459558478214,0.12677625190857175,0.019141656323789613,0.02496177225828273,0.10567994209850726,1.0918266623739905,1.034970949126373,1.1605955096586102,2000
locked_baseline,stacking,"KNeighbors,RandomForest,AdaBoost,MLP",raw,models/stacking_sensitivity/h7_CV17_THY_CONT_locked_baseline.joblib,raw_fixed,26,0.5,fixed 0.5,7,CV17_THY_CONT,Age,single variable,cardiovascular,1,0.7294088812205308,0.6169284467713787,0.11248043444915212,0.8484657947686117,0.783995640509725,0.06447015425888669,0.6414093765224447,0.5239856983428146,0.11742367817963006,0.10521713348319792,0.12436684846708147,0.019149714983883556,0.07027738637999366,0.15862593542123746,1.1823233067591632,1.1087457334389328,1.2700860110821235,2000
locked_baseline,stacking,"KNeighbors,RandomForest,AdaBoost,MLP",raw,models/stacking_sensitivity/h7_CV17_THY_CONT_locked_baseline.joblib,raw_threshold,26,0.48999999999999994,saved stacking threshold,7,CV17_THY_CONT,Age,single variable,cardiovascular,1,0.7309705048555402,0.6275115395058376,0.10345896534970256,0.8484657947686117,0.783995640509725,0.06447015425888669,0.6414093765224447,0.5239856983428146,0.11742367817963006,0.10521713348319792,0.12436684846708147,0.019149714983883556,0.0635706125946488,0.1481717949682624,1.164871813243747,1.0958338557798233,1.2485588835235388,2000
locked_baseline,stacking,"KNeighbors,RandomForest,AdaBoost,MLP",sigmoid,models/stacking_sensitivity/h7_CV17_THY_CONT_locked_baseline.joblib,sigmoid,27,0.48999999999999994,saved stacking threshold,7,CV17_THY_CONT,Age,single variable,cardiovascular,1,0.7294088812205308,0.6208623238761964,0.10854655734433438,0.8484657947686117,0.783995640509725,0.06447015425888669,0.6414093765224447,0.5239856983428146,0.11742367817963006,0.10516829882784544,0.12472653079168936,0.019558231963843917,0.06670018624501102,0.15465511757152792,1.1748319283841409,1.102440124196178,1.2613355958762305,2000
locked_baseline,stacking,"KNeighbors,RandomForest,AdaBoost,MLP",isotonic,models/stacking_sensitivity/h7_CV17_THY_CONT_locked_baseline.joblib,isotonic,28,0.42999999999999994,saved stacking threshold,7,CV17_THY_CONT,Age,single variable,cardiovascular,1,0.7278237075983138,0.6129628936018185,0.11486081399649528,0.8465459423205902,0.7813086854460094,0.06523725687458082,0.6069580639148737,0.4944269573881418,0.11253110652673193,0.10696678701552328,0.12616260990327732,0.019195822887754038,0.07316913421294446,0.16052287364481174,1.1873862434340259,1.114439944555019,1.2755853792754355,2000
paper,stacking,"LogisticRegression,RandomForest,AdaBoost",raw,models/stacking_sensitivity/h7_CV17_THY_CONT_paper.joblib,raw_fixed,29,0.5,fixed 0.5,7,CV17_THY_CONT,Age,single variable,cardiovascular,1,0.7089681419188509,0.6089652380126092,0.10000290390624178,0.8476190476190476,0.7789906103286385,0.06862843729040913,0.6237386907226503,0.5037591314286965,0.11997955929395376,0.10684277418145065,0.1268640607125195,0.02002128653106884,0.0579041235575784,0.14393065741882494,1.1642177544199512,1.0921974950959568,1.2484395334995764,2000
paper,stacking,"LogisticRegression,RandomForest,AdaBoost",raw,models/stacking_sensitivity/h7_CV17_THY_CONT_paper.joblib,raw_threshold,29,0.3999999999999999,saved stacking threshold,7,CV17_THY_CONT,Age,single variable,cardiovascular,1,0.7571230982019364,0.673345734786075,0.0837773634158614,0.8476190476190476,0.7789906103286385,0.06862843729040913,0.6237386907226503,0.5037591314286965,0.11997955929395376,0.10684277418145065,0.1268640607125195,0.02002128653106884,0.04373702587829582,0.12584241277680133,1.124419535296348,1.0631511846850472,1.1968079331404966,2000
paper,stacking,"LogisticRegression,RandomForest,AdaBoost",sigmoid,models/stacking_sensitivity/h7_CV17_THY_CONT_paper.joblib,sigmoid,30,0.38999999999999996,saved stacking threshold,7,CV17_THY_CONT,Age,single variable,cardiovascular,1,0.7571230982019364,0.673345734786075,0.0837773634158614,0.8476190476190476,0.7789906103286385,0.06862843729040913,0.6237386907226503,0.5037591314286965,0.11997955929395376,0.10691330488299498,0.1272028967495434,0.020289591866548426,0.04373702587829582,0.12584241277680133,1.124419535296348,1.0631511846850472,1.1968079331404966,2000
paper,stacking,"LogisticRegression,RandomForest,AdaBoost",isotonic,models/stacking_sensitivity/h7_CV17_THY_CONT_paper.joblib,isotonic,31,0.3499999999999999,saved stacking threshold,7,CV17_THY_CONT,Age,single variable,cardiovascular,1,0.7531190566334336,0.6773374199693503,0.07578163666408333,0.8453093561368209,0.7780851777330651,0.06722417840375583,0.6000089471701715,0.47633359832017597,0.12367534884999554,0.10818818153761928,0.12824719028936882,0.02005900875174954,0.03800059335141375,0.11670472626039079,1.1118816625656271,1.0539736408191367,1.1806417919654628,2000
same_members_reselected_C,stacking,"KNeighbors,RandomForest,AdaBoost,MLP",raw,cache/classification_explainability/prepared_h7_CV17_THY_CONT.joblib,raw_fixed,32,0.5,fixed 0.5,7,CV17_THY_CONT,Age,single variable,cardiovascular,1,0.6911228376548599,0.6102627840909091,0.08086005356395087,0.8478286384976526,0.7838615023474178,0.06396713615023475,0.6291219667126018,0.5110254108788868,0.11809655583371503,0.10710668881529546,0.12537518244662446,0.018268493631329,0.04136871329951749,0.12110985785400824,1.1325003845423833,1.0662164746339766,1.2073912643976,2000
same_members_reselected_C,stacking,"KNeighbors,RandomForest,AdaBoost,MLP",raw,cache/classification_explainability/prepared_h7_CV17_THY_CONT.joblib,raw_threshold,32,0.36999999999999994,saved reselected-C validation threshold,7,CV17_THY_CONT,Age,single variable,cardiovascular,1,0.7617419431871222,0.6697460279248917,0.0919959152622305,0.8478286384976526,0.7838615023474178,0.06396713615023475,0.6291219667126018,0.5110254108788868,0.11809655583371503,0.10710668881529546,0.12537518244662446,0.018268493631329,0.05340894605016962,0.13375107758922894,1.137359404052408,1.0773727018931278,1.2073990525884877,2000
same_members_reselected_C,stacking,"KNeighbors,RandomForest,AdaBoost,MLP",sigmoid,cache/classification_explainability/prepared_h7_CV17_THY_CONT.joblib,sigmoid,33,0.35999999999999993,saved reselected-C validation threshold,7,CV17_THY_CONT,Age,single variable,cardiovascular,1,0.7511422092865845,0.676388817695633,0.07475339159095151,0.8478286384976526,0.7838615023474178,0.06396713615023475,0.6291219667126018,0.5110254108788868,0.11809655583371503,0.10661452685674429,0.12539714684299336,0.01878261998624907,0.03651082232391418,0.11410459272575033,1.1105183729169656,1.052256187071327,1.1760456821243621,2000
same_members_reselected_C,stacking,"KNeighbors,RandomForest,AdaBoost,MLP",isotonic,cache/classification_explainability/prepared_h7_CV17_THY_CONT.joblib,isotonic,34,0.33999999999999997,saved reselected-C validation threshold,7,CV17_THY_CONT,Age,single variable,cardiovascular,1,0.7556737369364912,0.6656409943943457,0.09003274254214555,0.8462692823608317,0.7816188799463447,0.06465040241448694,0.6070559198389371,0.4832307764414512,0.12382514339748596,0.10824084444828577,0.12641973958012553,0.018178895131839762,0.052684477382772876,0.1305855160127449,1.1352572081652883,1.07557109971503,1.2066915048814155,2000
LogisticRegression,individual,LogisticRegression,raw,Cached fitted individual; sigmoid fitted to cached training OOF,raw_fixed,0,0.5,fixed 0.5,7,CV17_THY_CONT,Angina,single variable,cardiovascular,1,0.7027203218095723,0.7022678978875099,0.0004524239220624615,0.8415828303152246,0.841130114017438,0.00045271629778664835,0.586842265981418,0.5875107266748545,-0.0006684606934365123,0.16219265113101544,0.16194388484481997,-0.0002487662861954676,-0.010550342187288217,0.011953944432951976,1.0006442326687912,0.9848695978931395,1.0173589732014106,2000
LogisticRegression,individual,LogisticRegression,raw,Cached fitted individual; sigmoid fitted to cached training OOF,raw_threshold,0,0.6399999999999999,own validation,7,CV17_THY_CONT,Angina,single variable,cardiovascular,1,0.7426812986420919,0.7401609583292843,0.0025203403128075674,0.8415828303152246,0.841130114017438,0.00045271629778664835,0.586842265981418,0.5875107266748545,-0.0006684606934365123,0.16219265113101544,0.16194388484481997,-0.0002487662861954676,-0.012857550286061337,0.019287003387912397,1.0034051246346425,0.98271766581849,1.0264398661625647,2000
LogisticRegression,individual,LogisticRegression,sigmoid,Cached fitted individual; sigmoid fitted to cached training OOF,sigmoid,1,0.38999999999999996,own validation,7,CV17_THY_CONT,Angina,single variable,cardiovascular,1,0.7361367513642372,0.7333653000879086,0.002771451276328607,0.8415828303152246,0.841130114017438,0.00045271629778664835,0.586842265981418,0.5875107266748545,-0.0006684606934365123,0.11137008767811421,0.11105633842901094,-0.00031374924910326785,-0.010593349755491255,0.01619866458522401,1.003779087006157,0.9859380174439085,1.02249383899078,2000
SVC,individual,SVC,raw,Cached fitted individual; sigmoid fitted to cached training OOF,raw_fixed,2,0.5,fixed 0.5,7,CV17_THY_CONT,Angina,single variable,cardiovascular,1,0.7011045261967771,0.6829561868078959,0.018148339388881163,0.8283702213279678,0.8281354795439303,0.00023474178403748436,0.5568024589994544,0.5622704732869422,-0.005468014287487888,0.11715140617654654,0.1167606845120352,-0.0003907216645113454,0.0023433873868426466,0.03714835333319516,1.0265732117805473,1.0034969060318926,1.0553236052070696,2000
SVC,individual,SVC,raw,Cached fitted individual; sigmoid fitted to cached training OOF,raw_threshold,2,0.37999999999999995,own validation,7,CV17_THY_CONT,Angina,single variable,cardiovascular,1,0.716891790418474,0.719008338967771,-0.0021165485492971037,0.8283702213279678,0.8281354795439303,0.00023474178403748436,0.5568024589994544,0.5622704732869422,-0.005468014287487888,0.11715140617654654,0.1167606845120352,-0.0003907216645113454,-0.019616835308423168,0.017299336284994186,0.997056294851412,0.9731281593914609,1.0242766385548983,2000
SVC,individual,SVC,sigmoid,Cached fitted individual; sigmoid fitted to cached training OOF,sigmoid,3,0.4099999999999999,own validation,7,CV17_THY_CONT,Angina,single variable,cardiovascular,1,0.7072343406283659,0.708507751378504,-0.0012734107501380931,0.8283702213279678,0.8281354795439303,0.00023474178403748436,0.5568024589994544,0.5622704732869422,-0.005468014287487888,0.1169250023920927,0.1165972144963707,-0.0003277878957220065,-0.01699704859296647,0.014667188801331651,0.9982026862124508,0.9761462947257605,1.0212257815950396,2000
KNeighbors,individual,KNeighbors,raw,Cached fitted individual; sigmoid fitted to cached training OOF,raw_fixed,4,0.5,fixed 0.5,7,CV17_THY_CONT,Angina,single variable,cardiovascular,1,0.7063464648956876,0.6956394818463785,0.010706983049309171,0.8055122401073105,0.8096579476861167,-0.004145707578806168,0.5386758931409478,0.5419775352095525,-0.0033016420686047265,0.1499207685451123,0.1472779258583049,-0.002642842686807395,-0.009422307295947563,0.03197795127125263,1.0153915689501845,0.9863292736984908,1.046820301219051,2000
KNeighbors,individual,KNeighbors,raw,Cached fitted individual; sigmoid fitted to cached training OOF,raw_threshold,4,0.59,own validation,7,CV17_THY_CONT,Angina,single variable,cardiovascular,1,0.6881589091885617,0.7019324512534819,-0.013773542064920208,0.8055122401073105,0.8096579476861167,-0.004145707578806168,0.5386758931409478,0.5419775352095525,-0.0033016420686047265,0.1499207685451123,0.1472779258583049,-0.002642842686807395,-0.039015783619414865,0.010300829527441996,0.9803776815841411,0.9451545676714345,1.0148579604477752,2000
KNeighbors,individual,KNeighbors,sigmoid,Cached fitted individual; sigmoid fitted to cached training OOF,sigmoid,5,0.30999999999999994,own validation,7,CV17_THY_CONT,Angina,single variable,cardiovascular,1,0.6881589091885617,0.7019324512534819,-0.013773542064920208,0.8055122401073105,0.8096579476861167,-0.004145707578806168,0.5386758931409478,0.5419775352095525,-0.0033016420686047265,0.12173341907432166,0.12079819245451467,-0.0009352266198069809,-0.039015783619414865,0.010300829527441996,0.9803776815841411,0.9451545676714345,1.0148579604477752,2000
RandomForest,individual,RandomForest,raw,Cached fitted individual; sigmoid fitted to cached training OOF,raw_fixed,6,0.5,fixed 0.5,7,CV17_THY_CONT,Angina,single variable,cardiovascular,1,0.7491346656217346,0.7499851247396829,-0.0008504591179483434,0.8410127431254192,0.8385060362173038,0.002506706908115386,0.6356546074048491,0.6278236853962271,0.00783092200862201,0.12209730025536963,0.12043583507566646,-0.0016614651797031699,-0.014362621552574464,0.014717598125061253,0.9988660320186437,0.9811147591295224,1.0199329199934197,2000
RandomForest,individual,RandomForest,raw,Cached fitted individual; sigmoid fitted to cached training OOF,raw_threshold,6,0.5299999999999999,own validation,7,CV17_THY_CONT,Angina,single variable,cardiovascular,1,0.74400817251728,0.7374939023430739,0.006514270174206138,0.8410127431254192,0.8385060362173038,0.002506706908115386,0.6356546074048491,0.6278236853962271,0.00783092200862201,0.12209730025536963,0.12043583507566646,-0.0016614651797031699,-0.00744157937213045,0.02219872078405759,1.008832981741964,0.9899405568989156,1.030498668106385,2000
RandomForest,individual,RandomForest,sigmoid,Cached fitted individual; sigmoid fitted to cached training OOF,sigmoid,7,0.37999999999999995,own validation,7,CV17_THY_CONT,Angina,single variable,cardiovascular,1,0.7452590842555569,0.7374939023430739,0.007765181912482988,0.8410127431254192,0.8385060362173038,0.002506706908115386,0.6356546074048491,0.6278236853962271,0.00783092200862201,0.10692705464634006,0.10809046653505579,0.001163411888715729,-0.006714810958542527,0.023966473491184463,1.0105291472754045,0.9910411946635097,1.0329726808683193,2000
AdaBoost,individual,AdaBoost,raw,Cached fitted individual; sigmoid fitted to cached training OOF,raw_fixed,8,0.5,fixed 0.5,7,CV17_THY_CONT,Angina,single variable,cardiovascular,1,0.7035592443093917,0.7035592443093917,0.0,0.8369634473507713,0.8369634473507713,0.0,0.5904214779938294,0.5904214779938294,0.0,0.1861595753416243,0.1861595753416243,0.0,0.0,0.0,1.0,1.0,1.0,2000
AdaBoost,individual,AdaBoost,raw,Cached fitted individual; sigmoid fitted to cached training OOF,raw_threshold,8,0.58,own validation,7,CV17_THY_CONT,Angina,single variable,cardiovascular,1,0.7308812260536399,0.7308812260536399,0.0,0.8369634473507713,0.8369634473507713,0.0,0.5904214779938294,0.5904214779938294,0.0,0.1861595753416243,0.1861595753416243,0.0,0.0,0.0,1.0,1.0,1.0,2000
AdaBoost,individual,AdaBoost,sigmoid,Cached fitted individual; sigmoid fitted to cached training OOF,sigmoid,9,0.4099999999999999,own validation,7,CV17_THY_CONT,Angina,single variable,cardiovascular,1,0.7293557557283282,0.7293557557283282,0.0,0.8369634473507713,0.8369634473507713,0.0,0.5904214779938294,0.5904214779938294,0.0,0.11138800805411916,0.11138800805411916,0.0,0.0,0.0,1.0,1.0,1.0,2000
MLP,individual,MLP,raw,Cached fitted individual; sigmoid fitted to cached training OOF,raw_fixed,10,0.5,fixed 0.5,7,CV17_THY_CONT,Angina,single variable,cardiovascular,1,0.7086712317698171,0.7207470356342806,-0.012075803864463497,0.8466968477531858,0.8470573440643863,-0.00036049631120049774,0.6105382221434775,0.6102904690135214,0.00024775312995617416,0.15329636532074958,0.15283827707357756,-0.00045808824717202823,-0.024059319961038352,-0.00106117451849684,0.9832454338798128,0.96664484965198,0.9984872631391551,2000
MLP,individual,MLP,raw,Cached fitted individual; sigmoid fitted to cached training OOF,raw_threshold,10,0.6799999999999999,own validation,7,CV17_THY_CONT,Angina,single variable,cardiovascular,1,0.7489136160834274,0.7542358796721512,-0.005322263588723786,0.8466968477531858,0.8470573440643863,-0.00036049631120049774,0.6105382221434775,0.6102904690135214,0.00024775312995617416,0.15329636532074958,0.15283827707357756,-0.00045808824717202823,-0.018737673064586062,0.0077770634404387175,0.9929435025140447,0.9750050682127402,1.0103856321747535,2000
MLP,individual,MLP,sigmoid,Cached fitted individual; sigmoid fitted to cached training OOF,sigmoid,11,0.31999999999999995,own validation,7,CV17_THY_CONT,Angina,single variable,cardiovascular,1,0.7574482553444686,0.7528088914299575,0.00463936391451103,0.8466968477531858,0.8470573440643863,-0.00036049631120049774,0.6105382221434775,0.6102904690135214,0.00024775312995617416,0.11299743818759635,0.1130621090553999,6.467086780355402e-05,-0.007683932757774975,0.017862897506126428,1.0061627379369797,0.989855475087197,1.0242999860646749,2000
GradientBoosting,individual,GradientBoosting,raw,Cached fitted individual; sigmoid fitted to cached training OOF,raw_fixed,12,0.5,fixed 0.5,7,CV17_THY_CONT,Angina,single variable,cardiovascular,1,0.7196397818599312,0.7205911738367834,-0.0009513919768522339,0.840627095908786,0.84011569416499,0.0005114017437960472,0.6218609666423225,0.6206689907286046,0.001191975913717891,0.13797559292209854,0.13238103325149975,-0.005594559670598798,-0.012913135177381069,0.012126685058876634,0.9986797063142107,0.982165589074243,1.0168809206815885,2000
GradientBoosting,individual,GradientBoosting,raw,Cached fitted individual; sigmoid fitted to cached training OOF,raw_threshold,12,0.6599999999999999,own validation,7,CV17_THY_CONT,Angina,single variable,cardiovascular,1,0.7604147716936511,0.7556737369364912,0.004741034757159923,0.840627095908786,0.84011569416499,0.0005114017437960472,0.6218609666423225,0.6206689907286046,0.001191975913717891,0.13797559292209854,0.13238103325149975,-0.005594559670598798,-0.005213368401676655,0.016630223692512318,1.006273917598857,0.9931633249020949,1.0218741858255251,2000
GradientBoosting,individual,GradientBoosting,sigmoid,Cached fitted individual; sigmoid fitted to cached training OOF,sigmoid,13,0.37999999999999995,own validation,7,CV17_THY_CONT,Angina,single variable,cardiovascular,1,0.7579298142781161,0.7531190566334336,0.004810757644682528,0.840627095908786,0.84011569416499,0.0005114017437960472,0.6218609666423225,0.6206689907286046,0.001191975913717891,0.10818765827236983,0.10809889634399446,-8.876192837536934e-05,-0.005178881516231584,0.016760688013896102,1.0063877784027766,0.9931618683828443,1.0222708046986848,2000
XGBoost,individual,XGBoost,raw,Cached fitted individual; sigmoid fitted to cached training OOF,raw_fixed,14,0.5,fixed 0.5,7,CV17_THY_CONT,Angina,single variable,cardiovascular,1,0.7340850209815728,0.7293147681728773,0.004770252808695474,0.8427649228705567,0.8434775318578136,-0.0007126089872568908,0.6207142319116041,0.6224196440598669,-0.0017054121482628082,0.142721285120714,0.14583394583545167,0.003112660714737675,-0.002026761363335175,0.01145200476108967,1.0065407325024367,0.9972178815121234,1.015795582297246,2000
XGBoost,individual,XGBoost,raw,Cached fitted individual; sigmoid fitted to cached training OOF,raw_threshold,14,0.6,own validation,7,CV17_THY_CONT,Angina,single variable,cardiovascular,1,0.7375657580105213,0.742450813427623,-0.0048850554171017135,0.8427649228705567,0.8434775318578136,-0.0007126089872568908,0.6207142319116041,0.6224196440598669,-0.0017054121482628082,0.142721285120714,0.14583394583545167,0.003112660714737675,-0.015105041698998022,0.003507727200049016,0.9934203649201363,0.9799645060983693,1.0049837211168793,2000
XGBoost,individual,XGBoost,sigmoid,Cached fitted individual; sigmoid fitted to cached training OOF,sigmoid,15,0.36999999999999994,own validation,7,CV17_THY_CONT,Angina,single variable,cardiovascular,1,0.738826364323119,0.7437136185190198,-0.004887254195900859,0.8427649228705567,0.8434775318578136,-0.0007126089872568908,0.6207142319116041,0.6224196440598669,-0.0017054121482628082,0.10779122172922385,0.10758615222714862,-0.00020506950207523078,-0.015105555940821053,0.0035457202063251,0.9934285804721003,0.979967910409079,1.0049912509641974,2000
paper,voting,"LogisticRegression,RandomForest,AdaBoost",raw,models/predictive_sensitivity/h7_CV17_THY_CONT_paper.joblib,raw_fixed,16,0.5,fixed 0.5,7,CV17_THY_CONT,Angina,single variable,cardiovascular,1,0.7329425928388122,0.7400848128714264,-0.0071422200326141105,0.8474765258215963,0.8460010060362173,0.0014755197853789648,0.6249100841759544,0.6196148470956677,0.005295237080286674,0.14916737933582,0.1480348449590604,-0.0011325343767595863,-0.015006818631535348,0.0010130753169446637,0.9903494573751578,0.9796335696212872,1.0014373145983289,2000
paper,voting,"LogisticRegression,RandomForest,AdaBoost",raw,models/predictive_sensitivity/h7_CV17_THY_CONT_paper.joblib,raw_threshold,16,0.38999999999999996,saved voting threshold (also applied to raw),7,CV17_THY_CONT,Angina,single variable,cardiovascular,1,0.661069806744196,0.6650307347653841,-0.0039609280211880815,0.8474765258215963,0.8460010060362173,0.0014755197853789648,0.6249100841759544,0.6196148470956677,0.005295237080286674,0.14916737933582,0.1480348449590604,-0.0011325343767595863,-0.010668258243996207,0.0019995910280428816,0.9940439925342918,0.9838206640720608,1.0030102794357283,2000
paper,voting,"LogisticRegression,RandomForest,AdaBoost",sigmoid,models/predictive_sensitivity/h7_CV17_THY_CONT_paper.joblib,sigmoid,17,0.38999999999999996,saved voting threshold (also applied to raw),7,CV17_THY_CONT,Angina,single variable,cardiovascular,1,0.7596902502253029,0.7586920426385377,0.0009982075867651652,0.8474765258215963,0.8460010060362173,0.0014755197853789648,0.6249100841759544,0.6196148470956677,0.005295237080286674,0.10681940292729272,0.10732421385795378,0.0005048109306610565,-0.009032805904489835,0.011698450166146705,1.0013156953423337,0.988387056894779,1.015462505597867,2000
paper_locked,voting,"LogisticRegression,RandomForest,AdaBoost",raw,models/final_h7_CV17_THY_CONT_paper_locked.joblib,raw_fixed,18,0.5,fixed 0.5,7,CV17_THY_CONT,Angina,single variable,cardiovascular,1,0.7281870738748857,0.7433337527105335,-0.015146678835647798,0.8466381623071764,0.8454644533869886,0.0011737089201877549,0.6220693480215564,0.6186878074264531,0.003381540595103316,0.1566021485441328,0.15363169275121022,-0.0029704557929225717,-0.025108840758422186,-0.005936043584824453,0.9796233135110358,0.9663316801073314,0.9919556181325387,2000
paper_locked,voting,"LogisticRegression,RandomForest,AdaBoost",raw,models/final_h7_CV17_THY_CONT_paper_locked.joblib,raw_threshold,18,0.43999999999999995,saved voting threshold (also applied to raw),7,CV17_THY_CONT,Angina,single variable,cardiovascular,1,0.6898933929555102,0.6888655880311261,0.0010278049243841458,0.8466381623071764,0.8454644533869886,0.0011737089201877549,0.6220693480215564,0.6186878074264531,0.003381540595103316,0.1566021485441328,0.15363169275121022,-0.0029704557929225717,-0.009822394044127016,0.011071652550943854,1.0014920253562407,0.9858596566625815,1.0161463598942242,2000
paper_locked,voting,"LogisticRegression,RandomForest,AdaBoost",sigmoid,models/final_h7_CV17_THY_CONT_paper_locked.joblib,sigmoid,19,0.43999999999999995,saved voting threshold (also applied to raw),7,CV17_THY_CONT,Angina,single variable,cardiovascular,1,0.7243328100470958,0.7267338198926353,-0.0024010098455394813,0.8466381623071764,0.8454644533869886,0.0011737089201877549,0.6220693480215564,0.6186878074264531,0.003381540595103316,0.10735395528864841,0.10766422430181469,0.00031026901316627553,-0.015640113821421678,0.011127157379168208,0.9966961633271805,0.9785616383854485,1.0155299707689058,2000
own,stacking,"LogisticRegression,KNeighbors,AdaBoost",raw,models/stacking_sensitivity/h7_CV17_THY_CONT_own.joblib,raw_fixed,20,0.5,fixed 0.5,7,CV17_THY_CONT,Angina,single variable,cardiovascular,1,0.7036772224208319,0.6961663456909003,0.007510876729931559,0.8452045606975185,0.8451961770623743,8.383635144215695e-06,0.6027119778421592,0.6061286088261828,-0.003416630984023561,0.10917993345567255,0.10894564123582991,-0.00023429221984264115,0.0,0.017580607538837053,1.0107889109785644,1.0,1.0252987073252988,2000
own,stacking,"LogisticRegression,KNeighbors,AdaBoost",raw,models/stacking_sensitivity/h7_CV17_THY_CONT_own.joblib,raw_threshold,20,0.33999999999999997,saved stacking threshold,7,CV17_THY_CONT,Angina,single variable,cardiovascular,1,0.7554362964476055,0.7543496057117396,0.0010866907358658695,0.8452045606975185,0.8451961770623743,8.383635144215695e-06,0.6027119778421592,0.6061286088261828,-0.003416630984023561,0.10917993345567255,0.10894564123582991,-0.00023429221984264115,-0.011846933882231592,0.014433734161669867,1.001440566453058,0.9843651773796158,1.0193552999719875,2000
own,stacking,"LogisticRegression,KNeighbors,AdaBoost",sigmoid,models/stacking_sensitivity/h7_CV17_THY_CONT_own.joblib,sigmoid,21,0.32999999999999996,saved stacking threshold,7,CV17_THY_CONT,Angina,single variable,cardiovascular,1,0.7554362964476055,0.7530790673052268,0.0023572291423786806,0.8452045606975185,0.8451961770623743,8.383635144215695e-06,0.6027119778421592,0.6061286088261828,-0.003416630984023561,0.10921388840861973,0.10899111085071643,-0.00022277755790330034,-0.010950698832936704,0.016284217261203666,1.0031301217159223,0.9855510175121572,1.021771424650338,2000
own,stacking,"LogisticRegression,KNeighbors,AdaBoost",isotonic,models/stacking_sensitivity/h7_CV17_THY_CONT_own.joblib,isotonic,22,0.33999999999999997,saved stacking threshold,7,CV17_THY_CONT,Angina,single variable,cardiovascular,1,0.756166353170578,0.7601585570352706,-0.003992203864692567,0.8448608316566063,0.8431882964453387,0.001672535211267645,0.5843766539391511,0.5848579876038338,-0.000481333664682726,0.11066089189702547,0.11112553123989145,0.0004646393428659884,-0.01260452664496329,0.0043518622573620915,0.9947481958497412,0.9834986750865198,1.005742336054123,2000
same_baseline,stacking,"KNeighbors,RandomForest,AdaBoost,MLP",raw,models/stacking_sensitivity/h7_CV17_THY_CONT_same_baseline.joblib,raw_fixed,23,0.5,fixed 0.5,7,CV17_THY_CONT,Angina,single variable,cardiovascular,1,0.7046565588361673,0.7049731182795699,-0.00031655944340258646,0.8468226022803488,0.8455399061032863,0.0012826961770624479,0.6266442551545337,0.6228730226297804,0.0037712325247533096,0.10694711012065376,0.10720238620434633,0.0002552760836925655,-0.009181102566058443,0.010783560527328664,0.9995509623910552,0.9870439982389414,1.0154963934472705,2000
same_baseline,stacking,"KNeighbors,RandomForest,AdaBoost,MLP",raw,models/stacking_sensitivity/h7_CV17_THY_CONT_same_baseline.joblib,raw_threshold,23,0.38999999999999996,saved stacking threshold,7,CV17_THY_CONT,Angina,single variable,cardiovascular,1,0.7542358796721512,0.7453432788896048,0.00889260078254639,0.8468226022803488,0.8455399061032863,0.0012826961770624479,0.6266442551545337,0.6228730226297804,0.0037712325247533096,0.10694711012065376,0.10720238620434633,0.0002552760836925655,-0.001547159222939873,0.02088853003085592,1.0119308794141062,0.9979493843340573,1.028678795561116,2000
same_baseline,stacking,"KNeighbors,RandomForest,AdaBoost,MLP",sigmoid,models/stacking_sensitivity/h7_CV17_THY_CONT_same_baseline.joblib,sigmoid,24,0.3999999999999999,saved stacking threshold,7,CV17_THY_CONT,Angina,single variable,cardiovascular,1,0.7545418151157511,0.7467117421681316,0.007830072947619504,0.8468226022803488,0.8455399061032863,0.0012826961770624479,0.6266442551545337,0.6228730226297804,0.0037712325247533096,0.106977825803903,0.1072471374683748,0.0002693116644718052,-0.004715450340446617,0.021392924239939822,1.010486071807153,0.9938110709682564,1.0290032935469462,2000
same_baseline,stacking,"KNeighbors,RandomForest,AdaBoost,MLP",isotonic,models/stacking_sensitivity/h7_CV17_THY_CONT_same_baseline.joblib,isotonic,25,0.32999999999999996,saved stacking threshold,7,CV17_THY_CONT,Angina,single variable,cardiovascular,1,0.7498623008110008,0.7546945077567826,-0.004832206945781792,0.8466339704896043,0.8455063715627096,0.001127598926894735,0.6078162488237903,0.6047147956526567,0.003101453171133528,0.10763459558478214,0.10822854345473278,0.0005939478699506368,-0.015977026824084327,0.005464975270198202,0.993597135137309,0.9788727440545921,1.0071770930362125,2000
locked_baseline,stacking,"KNeighbors,RandomForest,AdaBoost,MLP",raw,models/stacking_sensitivity/h7_CV17_THY_CONT_locked_baseline.joblib,raw_fixed,26,0.5,fixed 0.5,7,CV17_THY_CONT,Angina,single variable,cardiovascular,1,0.7294088812205308,0.7262144742495857,0.003194406970945085,0.8484657947686117,0.8470154258886653,0.0014503688799464287,0.6414093765224447,0.6339060493501285,0.007503327172316165,0.10521713348319792,0.10572982706329379,0.0005126935800958687,-0.011235150242403794,0.018231680189414186,1.0043987101389653,0.9846440816613672,1.0254615729521088,2000
locked_baseline,stacking,"KNeighbors,RandomForest,AdaBoost,MLP",raw,models/stacking_sensitivity/h7_CV17_THY_CONT_locked_baseline.joblib,raw_threshold,26,0.48999999999999994,saved stacking threshold,7,CV17_THY_CONT,Angina,single variable,cardiovascular,1,0.7309705048555402,0.7278237075983138,0.0031467972572263303,0.8484657947686117,0.8470154258886653,0.0014503688799464287,0.6414093765224447,0.6339060493501285,0.007503327172316165,0.10521713348319792,0.10572982706329379,0.0005126935800958687,-0.01099787641242223,0.018413428016512946,1.004323570700397,0.9849978863795024,1.026071828338012,2000
locked_baseline,stacking,"KNeighbors,RandomForest,AdaBoost,MLP",sigmoid,models/stacking_sensitivity/h7_CV17_THY_CONT_locked_baseline.joblib,sigmoid,27,0.48999999999999994,saved stacking threshold,7,CV17_THY_CONT,Angina,single variable,cardiovascular,1,0.7294088812205308,0.7262144742495857,0.003194406970945085,0.8484657947686117,0.8470154258886653,0.0014503688799464287,0.6414093765224447,0.6339060493501285,0.007503327172316165,0.10516829882784544,0.10579299496209028,0.0006246961342448454,-0.011235150242403794,0.018231680189414186,1.0043987101389653,0.9846440816613672,1.0254615729521088,2000
locked_baseline,stacking,"KNeighbors,RandomForest,AdaBoost,MLP",isotonic,models/stacking_sensitivity/h7_CV17_THY_CONT_locked_baseline.joblib,isotonic,28,0.42999999999999994,saved stacking threshold,7,CV17_THY_CONT,Angina,single variable,cardiovascular,1,0.7278237075983138,0.72756287124324,0.0002608363550737902,0.8465459423205902,0.8442655935613682,0.002280348759222006,0.6069580639148737,0.6033599783660374,0.0035980855488363384,0.10696678701552328,0.10679896553138708,-0.0001678214841362019,-0.01557913531706584,0.016587473687453308,1.0003585069626053,0.9787238028288592,1.0234228460393897,2000
paper,stacking,"LogisticRegression,RandomForest,AdaBoost",raw,models/stacking_sensitivity/h7_CV17_THY_CONT_paper.joblib,raw_fixed,29,0.5,fixed 0.5,7,CV17_THY_CONT,Angina,single variable,cardiovascular,1,0.7089681419188509,0.7000113890892525,0.008956752829598402,0.8476190476190476,0.8460093896713615,0.0016096579476860828,0.6237386907226503,0.6182742019295306,0.005464488793119671,0.10684277418145065,0.10721095729969969,0.0003681831182490436,-0.003942278012226555,0.02447086408796991,1.0127951530063697,0.9945477639122409,1.0356895716941115,2000
paper,stacking,"LogisticRegression,RandomForest,AdaBoost",raw,models/stacking_sensitivity/h7_CV17_THY_CONT_paper.joblib,raw_threshold,29,0.3999999999999999,saved stacking threshold,7,CV17_THY_CONT,Angina,single variable,cardiovascular,1,0.7571230982019364,0.7599439617674639,-0.002820863565527576,0.8476190476190476,0.8460093896713615,0.0016096579476860828,0.6237386907226503,0.6182742019295306,0.005464488793119671,0.10684277418145065,0.10721095729969969,0.0003681831182490436,-0.010847251505712596,0.005370815804763893,0.9962880637159524,0.985944225219481,1.007093962369213,2000
paper,stacking,"LogisticRegression,RandomForest,AdaBoost",sigmoid,models/stacking_sensitivity/h7_CV17_THY_CONT_paper.joblib,sigmoid,30,0.38999999999999996,saved stacking threshold,7,CV17_THY_CONT,Angina,single variable,cardiovascular,1,0.7571230982019364,0.7573310859794113,-0.00020798777747499386,0.8476190476190476,0.8460093896713615,0.0016096579476860828,0.6237386907226503,0.6182742019295306,0.005464488793119671,0.10691330488299498,0.10734402970330836,0.0004307248203133801,-0.009400785007309165,0.009753672520900973,0.9997253674366132,0.9877131118538701,1.013130708377574,2000
paper,stacking,"LogisticRegression,RandomForest,AdaBoost",isotonic,models/stacking_sensitivity/h7_CV17_THY_CONT_paper.joblib,isotonic,31,0.3499999999999999,saved stacking threshold,7,CV17_THY_CONT,Angina,single variable,cardiovascular,1,0.7531190566334336,0.7556737369364912,-0.0025546803030576104,0.8453093561368209,0.8461016096579477,-0.0007922535211267734,0.6000089471701715,0.5980961164874269,0.001912830682744615,0.10818818153761928,0.10790274826262249,-0.00028543327499679083,-0.013281347395694216,0.008194662136136557,0.9966193342732614,0.9825754080725645,1.010831284890221,2000
same_members_reselected_C,stacking,"KNeighbors,RandomForest,AdaBoost,MLP",raw,cache/classification_explainability/prepared_h7_CV17_THY_CONT.joblib,raw_fixed,32,0.5,fixed 0.5,7,CV17_THY_CONT,Angina,single variable,cardiovascular,1,0.6911228376548599,0.6904564824182224,0.0006663552366374947,0.8478286384976526,0.8471579476861167,0.0006706908115358123,0.6291219667126018,0.6254865024674723,0.003635464245129505,0.10710668881529546,0.10729863180438502,0.00019194298908956076,-0.009990512637278168,0.01341810555093908,1.0009650937511712,0.9856815251463203,1.0196570120532644,2000
same_members_reselected_C,stacking,"KNeighbors,RandomForest,AdaBoost,MLP",raw,cache/classification_explainability/prepared_h7_CV17_THY_CONT.joblib,raw_threshold,32,0.36999999999999994,saved reselected-C validation threshold,7,CV17_THY_CONT,Angina,single variable,cardiovascular,1,0.7617419431871222,0.7567511556425242,0.00499078754459803,0.8478286384976526,0.8471579476861167,0.0006706908115358123,0.6291219667126018,0.6254865024674723,0.003635464245129505,0.10710668881529546,0.10729863180438502,0.00019194298908956076,-0.006148798456622048,0.016708500298108178,1.0065950180682057,0.9921604262495357,1.022356395640973,2000
same_members_reselected_C,stacking,"KNeighbors,RandomForest,AdaBoost,MLP",sigmoid,cache/classification_explainability/prepared_h7_CV17_THY_CONT.joblib,sigmoid,33,0.35999999999999993,saved reselected-C validation threshold,7,CV17_THY_CONT,Angina,single variable,cardiovascular,1,0.7511422092865845,0.7534121395036888,-0.00226993021710431,0.8478286384976526,0.8471579476861167,0.0006706908115358123,0.6291219667126018,0.6254865024674723,0.003635464245129505,0.10661452685674429,0.10677812452673806,0.00016359766999377023,-0.01396198106071575,0.009075593183308145,0.9969871334717282,0.9816645801839858,1.0123691128587664,2000
same_members_reselected_C,stacking,"KNeighbors,RandomForest,AdaBoost,MLP",isotonic,cache/classification_explainability/prepared_h7_CV17_THY_CONT.joblib,isotonic,34,0.33999999999999997,saved reselected-C validation threshold,7,CV17_THY_CONT,Angina,single variable,cardiovascular,1,0.7556737369364912,0.7530239099859353,0.0026498269505559335,0.8462692823608317,0.8467848759221999,-0.0005155935613682106,0.6070559198389371,0.6045018259513855,0.0025540938875516783,0.10824084444828577,0.1075640211451696,-0.000676823303116178,-0.010716897618131415,0.01603303403139181,1.0035189147587698,0.9858739628822328,1.021286723084731,2000
LogisticRegression,individual,LogisticRegression,raw,Cached fitted individual; sigmoid fitted to cached training OOF,raw_fixed,0,0.5,fixed 0.5,7,CV17_THY_CONT,Previous_CABG,single variable,cardiovascular,1,0.7027203218095723,0.7022678978875099,0.0004524239220624615,0.8415828303152246,0.8405432595573441,0.0010395707578805258,0.586842265981418,0.5887811588306857,-0.001938892849267737,0.16219265113101544,0.16247168508529894,0.0002790339542834974,-0.008297681979502097,0.01017538819460573,1.0006442326687912,0.9880184833387696,1.0145715834404705,2000
LogisticRegression,individual,LogisticRegression,raw,Cached fitted individual; sigmoid fitted to cached training OOF,raw_threshold,0,0.6399999999999999,own validation,7,CV17_THY_CONT,Previous_CABG,single variable,cardiovascular,1,0.7426812986420919,0.7490059512981107,-0.006324652656018781,0.8415828303152246,0.8405432595573441,0.0010395707578805258,0.586842265981418,0.5887811588306857,-0.001938892849267737,0.16219265113101544,0.16247168508529894,0.0002790339542834974,-0.018365889257907508,0.00393761345989949,0.9915559380468774,0.9753622974469488,1.0054357434038832,2000
LogisticRegression,individual,LogisticRegression,sigmoid,Cached fitted individual; sigmoid fitted to cached training OOF,sigmoid,1,0.38999999999999996,own validation,7,CV17_THY_CONT,Previous_CABG,single variable,cardiovascular,1,0.7361367513642372,0.7427541131395087,-0.006617361775271502,0.8415828303152246,0.8405432595573441,0.0010395707578805258,0.586842265981418,0.5887811588306857,-0.001938892849267737,0.11137008767811421,0.11103367780856245,-0.0003364098695517598,-0.018481644305083835,0.0041306907713937425,0.9910907773404297,0.9754050733955986,1.0056532921345342,2000
SVC,individual,SVC,raw,Cached fitted individual; sigmoid fitted to cached training OOF,raw_fixed,2,0.5,fixed 0.5,7,CV17_THY_CONT,Previous_CABG,single variable,cardiovascular,1,0.7011045261967771,0.7018585733581848,-0.0007540471614077005,0.8283702213279678,0.8290199530516432,-0.0006497317236754396,0.5568024589994544,0.5601498132995695,-0.003347354300115124,0.11715140617654654,0.11629711622248066,-0.000854289954065876,-0.01327787004906015,0.013186011995972736,0.9989256423016964,0.9813869472955526,1.0186213592193847,2000
SVC,individual,SVC,raw,Cached fitted individual; sigmoid fitted to cached training OOF,raw_threshold,2,0.37999999999999995,own validation,7,CV17_THY_CONT,Previous_CABG,single variable,cardiovascular,1,0.716891790418474,0.7158352358709248,0.00105655454754916,0.8283702213279678,0.8290199530516432,-0.0006497317236754396,0.5568024589994544,0.5601498132995695,-0.003347354300115124,0.11715140617654654,0.11629711622248066,-0.000854289954065876,-0.009806916506985926,0.011495138694209475,1.0014759744905037,0.9862139820823247,1.0162933431487011,2000
SVC,individual,SVC,sigmoid,Cached fitted individual; sigmoid fitted to cached training OOF,sigmoid,3,0.4099999999999999,own validation,7,CV17_THY_CONT,Previous_CABG,single variable,cardiovascular,1,0.7072343406283659,0.7025745257452575,0.004659814883108404,0.8283702213279678,0.8290199530516432,-0.0006497317236754396,0.5568024589994544,0.5601498132995695,-0.003347354300115124,0.1169250023920927,0.11618978431278944,-0.0007352180793032681,-0.004173805734037264,0.01550913269767586,1.0066324848288024,0.9941960401883416,1.022372283380121,2000
KNeighbors,individual,KNeighbors,raw,Cached fitted individual; sigmoid fitted to cached training OOF,raw_fixed,4,0.5,fixed 0.5,7,CV17_THY_CONT,Previous_CABG,single variable,cardiovascular,1,0.7063464648956876,0.7055319786777587,0.0008144862179289003,0.8055122401073105,0.7990233065057009,0.0064889336016096255,0.5386758931409478,0.5415136562767442,-0.002837763135796423,0.1499207685451123,0.1479372908870908,-0.0019834776580215097,-0.01188570080086641,0.014847275977089064,1.0011544284916118,0.9830638404965322,1.0212021695130278,2000
KNeighbors,individual,KNeighbors,raw,Cached fitted individual; sigmoid fitted to cached training OOF,raw_threshold,4,0.59,own validation,7,CV17_THY_CONT,Previous_CABG,single variable,cardiovascular,1,0.6881589091885617,0.6881880815398821,-2.9172351320383427e-05,0.8055122401073105,0.7990233065057009,0.0064889336016096255,0.5386758931409478,0.5415136562767442,-0.002837763135796423,0.1499207685451123,0.1479372908870908,-0.0019834776580215097,-0.013113277547954893,0.013344261372526206,0.9999576099149303,0.9809062948149169,1.0198877391794885,2000
KNeighbors,individual,KNeighbors,sigmoid,Cached fitted individual; sigmoid fitted to cached training OOF,sigmoid,5,0.30999999999999994,own validation,7,CV17_THY_CONT,Previous_CABG,single variable,cardiovascular,1,0.6881589091885617,0.6881880815398821,-2.9172351320383427e-05,0.8055122401073105,0.7990233065057009,0.0064889336016096255,0.5386758931409478,0.5415136562767442,-0.002837763135796423,0.12173341907432166,0.12193640412607029,0.0002029850517486359,-0.013113277547954893,0.013344261372526206,0.9999576099149303,0.9809062948149169,1.0198877391794885,2000
RandomForest,individual,RandomForest,raw,Cached fitted individual; sigmoid fitted to cached training OOF,raw_fixed,6,0.5,fixed 0.5,7,CV17_THY_CONT,Previous_CABG,single variable,cardiovascular,1,0.7491346656217346,0.7505517491270834,-0.0014170835053488595,0.8410127431254192,0.841297786720322,-0.00028504359490277853,0.6356546074048491,0.6363071184052943,-0.0006525110004451662,0.12209730025536963,0.1209760201719074,-0.0011212800834622394,-0.007383166547384851,0.0057627861482989415,0.9981119443036447,0.9901424564271417,1.007696862305665,2000
RandomForest,individual,RandomForest,raw,Cached fitted individual; sigmoid fitted to cached training OOF,raw_threshold,6,0.5299999999999999,own validation,7,CV17_THY_CONT,Previous_CABG,single variable,cardiovascular,1,0.74400817251728,0.7505504652319057,-0.006542292714625697,0.8410127431254192,0.841297786720322,-0.00028504359490277853,0.6356546074048491,0.6363071184052943,-0.0006525110004451662,0.12209730025536963,0.1209760201719074,-0.0011212800834622394,-0.012970969156558603,-0.0013084526400980847,0.9912833406710311,0.9828664220288812,0.9982496514100249,2000
RandomForest,individual,RandomForest,sigmoid,Cached fitted individual; sigmoid fitted to cached training OOF,sigmoid,7,0.37999999999999995,own validation,7,CV17_THY_CONT,Previous_CABG,single variable,cardiovascular,1,0.7452590842555569,0.7504775123095734,-0.005218428054016511,0.8410127431254192,0.841297786720322,-0.00028504359490277853,0.6356546074048491,0.6363071184052943,-0.0006525110004451662,0.10692705464634006,0.10679704123643508,-0.00013001340990498322,-0.010817986598723092,-0.00120223821464357,0.9930465230890704,0.9858931835744534,0.9983337007708704,2000
AdaBoost,individual,AdaBoost,raw,Cached fitted individual; sigmoid fitted to cached training OOF,raw_fixed,8,0.5,fixed 0.5,7,CV17_THY_CONT,Previous_CABG,single variable,cardiovascular,1,0.7035592443093917,0.7027203218095723,0.0008389224998193168,0.8369634473507713,0.8367748155600269,0.00018863179074446457,0.5904214779938294,0.5907820875668346,-0.00036060957300521057,0.1861595753416243,0.18602688178085894,-0.00013269356076536787,-0.003139362543846694,0.005651230521124264,1.0011938213166498,0.9955059709065323,1.0080489216597022,2000
AdaBoost,individual,AdaBoost,raw,Cached fitted individual; sigmoid fitted to cached training OOF,raw_threshold,8,0.58,own validation,7,CV17_THY_CONT,Previous_CABG,single variable,cardiovascular,1,0.7308812260536399,0.7294838335508192,0.0013973925028206713,0.8369634473507713,0.8367748155600269,0.00018863179074446457,0.5904214779938294,0.5907820875668346,-0.00036060957300521057,0.1861595753416243,0.18602688178085894,-0.00013269356076536787,-0.003801639437652793,0.008367084929934926,1.0019155907760406,0.9947837233297661,1.011553664773086,2000
AdaBoost,individual,AdaBoost,sigmoid,Cached fitted individual; sigmoid fitted to cached training OOF,sigmoid,9,0.4099999999999999,own validation,7,CV17_THY_CONT,Previous_CABG,single variable,cardiovascular,1,0.7293557557283282,0.7293557557283282,0.0,0.8369634473507713,0.8367748155600269,0.00018863179074446457,0.5904214779938294,0.5907820875668346,-0.00036060957300521057,0.11138800805411916,0.11135511482024982,-3.2893233869346616e-05,0.0,0.0,1.0,1.0,1.0,2000
MLP,individual,MLP,raw,Cached fitted individual; sigmoid fitted to cached training OOF,raw_fixed,10,0.5,fixed 0.5,7,CV17_THY_CONT,Previous_CABG,single variable,cardiovascular,1,0.7086712317698171,0.711026115395542,-0.0023548836257248906,0.8466968477531858,0.8436619718309859,0.0030348759221998645,0.6105382221434775,0.6083215071664624,0.002216714977015144,0.15329636532074958,0.1544687260392313,0.0011723607184817297,-0.014545735828358483,0.00973040747678832,0.9966880490396406,0.9796769081583174,1.0136330521521937,2000
MLP,individual,MLP,raw,Cached fitted individual; sigmoid fitted to cached training OOF,raw_threshold,10,0.6799999999999999,own validation,7,CV17_THY_CONT,Previous_CABG,single variable,cardiovascular,1,0.7489136160834274,0.7515053180342177,-0.0025917019507902816,0.8466968477531858,0.8436619718309859,0.0030348759221998645,0.6105382221434775,0.6083215071664624,0.002216714977015144,0.15329636532074958,0.1544687260392313,0.0011723607184817297,-0.013650907099285117,0.009098769151451705,0.9965513192141213,0.981907492531335,1.0122693925399227,2000
MLP,individual,MLP,sigmoid,Cached fitted individual; sigmoid fitted to cached training OOF,sigmoid,11,0.31999999999999995,own validation,7,CV17_THY_CONT,Previous_CABG,single variable,cardiovascular,1,0.7574482553444686,0.7539916545968688,0.0034566007475997917,0.8466968477531858,0.8436619718309859,0.0030348759221998645,0.6105382221434775,0.6083215071664624,0.002216714977015144,0.11299743818759635,0.11394711076886153,0.0009496725812651874,-0.009749149518201994,0.016852565089453812,1.004584401865095,0.9872356937045229,1.0227636619167229,2000
GradientBoosting,individual,GradientBoosting,raw,Cached fitted individual; sigmoid fitted to cached training OOF,raw_fixed,12,0.5,fixed 0.5,7,CV17_THY_CONT,Previous_CABG,single variable,cardiovascular,1,0.7196397818599312,0.7241028085991679,-0.0044630267392367085,0.840627095908786,0.8410127431254192,-0.00038564721663314483,0.6218609666423225,0.6233879850535073,-0.001527018411184855,0.13797559292209854,0.13560276220639478,-0.0023728307157037665,-0.009537971419346657,-0.0010907624959610677,0.9938364736523109,0.9864288964557043,0.9984804205508443,2000
GradientBoosting,individual,GradientBoosting,raw,Cached fitted individual; sigmoid fitted to cached training OOF,raw_threshold,12,0.6599999999999999,own validation,7,CV17_THY_CONT,Previous_CABG,single variable,cardiovascular,1,0.7604147716936511,0.7619160084323965,-0.0015012367387453596,0.840627095908786,0.8410127431254192,-0.00038564721663314483,0.6218609666423225,0.6233879850535073,-0.001527018411184855,0.13797559292209854,0.13560276220639478,-0.0023728307157037665,-0.00780294677241965,0.005324899333953928,0.9980296558647795,0.9897282548703852,1.007221157807107,2000
GradientBoosting,individual,GradientBoosting,sigmoid,Cached fitted individual; sigmoid fitted to cached training OOF,sigmoid,13,0.37999999999999995,own validation,7,CV17_THY_CONT,Previous_CABG,single variable,cardiovascular,1,0.7579298142781161,0.7594061771778948,-0.0014763628997787048,0.840627095908786,0.8410127431254192,-0.00038564721663314483,0.6218609666423225,0.6233879850535073,-0.001527018411184855,0.10818765827236983,0.10807691570725032,-0.00011074256511950376,-0.007784322797589891,0.005420259818364327,0.9980558982213377,0.9897279875855112,1.0073057287382896,2000
XGBoost,individual,XGBoost,raw,Cached fitted individual; sigmoid fitted to cached training OOF,raw_fixed,14,0.5,fixed 0.5,7,CV17_THY_CONT,Previous_CABG,single variable,cardiovascular,1,0.7340850209815728,0.7343097500453912,-0.0002247290638184296,0.8427649228705567,0.8425888665325285,0.00017605633802819654,0.6207142319116041,0.6203968831511079,0.00031734876049627214,0.142721285120714,0.14123667999640074,-0.001484605124313254,-0.004746446807807966,0.005417191437498424,0.999693958763581,0.9936453117518579,1.007425002191164,2000
XGBoost,individual,XGBoost,raw,Cached fitted individual; sigmoid fitted to cached training OOF,raw_threshold,14,0.6,own validation,7,CV17_THY_CONT,Previous_CABG,single variable,cardiovascular,1,0.7375657580105213,0.7439176941574,-0.006351936146878678,0.8427649228705567,0.8425888665325285,0.00017605633802819654,0.6207142319116041,0.6203968831511079,0.00031734876049627214,0.142721285120714,0.14123667999640074,-0.001484605124313254,-0.011858420055079064,-0.0012882554356561699,0.9914615068350092,0.9842097792417959,0.9982790154114028,2000
XGBoost,individual,XGBoost,sigmoid,Cached fitted individual; sigmoid fitted to cached training OOF,sigmoid,15,0.36999999999999994,own validation,7,CV17_THY_CONT,Previous_CABG,single variable,cardiovascular,1,0.738826364323119,0.7426812986420919,-0.00385493431897288,0.8427649228705567,0.8425888665325285,0.00017605633802819654,0.6207142319116041,0.6203968831511079,0.00031734876049627214,0.10779122172922385,0.10769987257181804,-9.134915740581506e-05,-0.010812399094813033,0.0039627563380392776,0.9948094366641234,0.9852158908790511,1.0054003455543403,2000
paper,voting,"LogisticRegression,RandomForest,AdaBoost",raw,models/predictive_sensitivity/h7_CV17_THY_CONT_paper.joblib,raw_fixed,16,0.5,fixed 0.5,7,CV17_THY_CONT,Previous_CABG,single variable,cardiovascular,1,0.7329425928388122,0.7301469573299224,0.0027956355088898377,0.8474765258215963,0.8468980549966465,0.0005784708249497728,0.6249100841759544,0.6273552498992357,-0.0024451657232813506,0.14916737933582,0.14870714511129776,-0.00046023422452223794,-0.005662831090003884,0.012331508964090358,1.0038288668888153,0.99230139295586,1.0167901847264689,2000
paper,voting,"LogisticRegression,RandomForest,AdaBoost",raw,models/predictive_sensitivity/h7_CV17_THY_CONT_paper.joblib,raw_threshold,16,0.38999999999999996,saved voting threshold (also applied to raw),7,CV17_THY_CONT,Previous_CABG,single variable,cardiovascular,1,0.661069806744196,0.656275997063861,0.004793809680335048,0.8474765258215963,0.8468980549966465,0.0005784708249497728,0.6249100841759544,0.6273552498992357,-0.0024451657232813506,0.14916737933582,0.14870714511129776,-0.00046023422452223794,-0.0023141185993388325,0.013272877582541245,1.007304563479058,0.9964910808047064,1.020170652642569,2000
paper,voting,"LogisticRegression,RandomForest,AdaBoost",sigmoid,models/predictive_sensitivity/h7_CV17_THY_CONT_paper.joblib,sigmoid,17,0.38999999999999996,saved voting threshold (also applied to raw),7,CV17_THY_CONT,Previous_CABG,single variable,cardiovascular,1,0.7596902502253029,0.7545418151157511,0.005148435109551763,0.8474765258215963,0.8468980549966465,0.0005784708249497728,0.6249100841759544,0.6273552498992357,-0.0024451657232813506,0.10681940292729272,0.10667176418366327,-0.00014763874362945517,-0.001449531012970956,0.013798452416902212,1.0068232601645304,0.9981007564144021,1.0185458051301903,2000
paper_locked,voting,"LogisticRegression,RandomForest,AdaBoost",raw,models/final_h7_CV17_THY_CONT_paper_locked.joblib,raw_fixed,18,0.5,fixed 0.5,7,CV17_THY_CONT,Previous_CABG,single variable,cardiovascular,1,0.7281870738748857,0.727677431125707,0.0005096427491786404,0.8466381623071764,0.8454560697518444,0.0011820925553319706,0.6220693480215564,0.6229585269165437,-0.000889178894987297,0.1566021485441328,0.1564603266773765,-0.00014182186675629205,-0.00783210151724711,0.009598366281015232,1.0007003690472993,0.9890983489714403,1.013505770503372,2000
paper_locked,voting,"LogisticRegression,RandomForest,AdaBoost",raw,models/final_h7_CV17_THY_CONT_paper_locked.joblib,raw_threshold,18,0.43999999999999995,saved voting threshold (also applied to raw),7,CV17_THY_CONT,Previous_CABG,single variable,cardiovascular,1,0.6898933929555102,0.6870483782119827,0.0028450147435274964,0.8466381623071764,0.8454560697518444,0.0011820925553319706,0.6220693480215564,0.6229585269165437,-0.000889178894987297,0.1566021485441328,0.1564603266773765,-0.00014182186675629205,-0.004084251851564094,0.010100452534858063,1.0041409234542282,0.9940276038702858,1.014813236620262,2000
paper_locked,voting,"LogisticRegression,RandomForest,AdaBoost",sigmoid,models/final_h7_CV17_THY_CONT_paper_locked.joblib,sigmoid,19,0.43999999999999995,saved voting threshold (also applied to raw),7,CV17_THY_CONT,Previous_CABG,single variable,cardiovascular,1,0.7243328100470958,0.727393329256245,-0.0030605192091491817,0.8466381623071764,0.8454560697518444,0.0011820925553319706,0.6220693480215564,0.6229585269165437,-0.000889178894987297,0.10735395528864841,0.10739624983389058,4.2294545242169135e-05,-0.015378398529136545,0.008051800379245914,0.9957924838102673,0.9790080825514815,1.0112085873154217,2000
own,stacking,"LogisticRegression,KNeighbors,AdaBoost",raw,models/stacking_sensitivity/h7_CV17_THY_CONT_own.joblib,raw_fixed,20,0.5,fixed 0.5,7,CV17_THY_CONT,Previous_CABG,single variable,cardiovascular,1,0.7036772224208319,0.7036772224208319,0.0,0.8452045606975185,0.8435362173038229,0.0016683433936955927,0.6027119778421592,0.6032289989704547,-0.0005170211282954362,0.10917993345567255,0.10925175734288484,7.182388721228838e-05,-0.011451306406152804,0.010620354069209815,1.0,0.9836943979043987,1.0153654700720565,2000
own,stacking,"LogisticRegression,KNeighbors,AdaBoost",raw,models/stacking_sensitivity/h7_CV17_THY_CONT_own.joblib,raw_threshold,20,0.33999999999999997,saved stacking threshold,7,CV17_THY_CONT,Previous_CABG,single variable,cardiovascular,1,0.7554362964476055,0.7567102574919146,-0.001273961044309102,0.8452045606975185,0.8435362173038229,0.0016683433936955927,0.6027119778421592,0.6032289989704547,-0.0005170211282954362,0.10917993345567255,0.10925175734288484,7.182388721228838e-05,-0.009056032163614725,0.006233825160410289,0.9983164480305426,0.9880552162375409,1.008395986927811,2000
own,stacking,"LogisticRegression,KNeighbors,AdaBoost",sigmoid,models/stacking_sensitivity/h7_CV17_THY_CONT_own.joblib,sigmoid,21,0.32999999999999996,saved stacking threshold,7,CV17_THY_CONT,Previous_CABG,single variable,cardiovascular,1,0.7554362964476055,0.7554362964476055,0.0,0.8452045606975185,0.8435362173038229,0.0016683433936955927,0.6027119778421592,0.6032289989704547,-0.0005170211282954362,0.10921388840861973,0.10930768578904214,9.379738042240848e-05,-0.008017305642677086,0.008148380025180722,1.0,0.9892418437128795,1.0108294301127982,2000
own,stacking,"LogisticRegression,KNeighbors,AdaBoost",isotonic,models/stacking_sensitivity/h7_CV17_THY_CONT_own.joblib,isotonic,22,0.33999999999999997,saved stacking threshold,7,CV17_THY_CONT,Previous_CABG,single variable,cardiovascular,1,0.756166353170578,0.7566572221014789,-0.0004908689309008896,0.8448608316566063,0.8429116364855801,0.0019491951710262079,0.5843766539391511,0.5840925420821647,0.00028411185698640207,0.11066089189702547,0.11111467785638839,0.00045378595936292065,-0.009688604518814916,0.009788692586119955,0.9993512664432944,0.9871128625632869,1.0131509768548133,2000
same_baseline,stacking,"KNeighbors,RandomForest,AdaBoost,MLP",raw,models/stacking_sensitivity/h7_CV17_THY_CONT_same_baseline.joblib,raw_fixed,23,0.5,fixed 0.5,7,CV17_THY_CONT,Previous_CABG,single variable,cardiovascular,1,0.7046565588361673,0.7059408768974655,-0.0012843180612982508,0.8468226022803488,0.8455482897384305,0.0012743125419182322,0.6266442551545337,0.6263797292580262,0.0002645258965074948,0.10694711012065376,0.10705364761966403,0.00010653749901026743,-0.004054589383386054,0.0,0.9981807002493712,0.9943084933628077,1.0,2000
same_baseline,stacking,"KNeighbors,RandomForest,AdaBoost,MLP",raw,models/stacking_sensitivity/h7_CV17_THY_CONT_same_baseline.joblib,raw_threshold,23,0.38999999999999996,saved stacking threshold,7,CV17_THY_CONT,Previous_CABG,single variable,cardiovascular,1,0.7542358796721512,0.7544481142126571,-0.00021223454050589563,0.8468226022803488,0.8455482897384305,0.0012743125419182322,0.6266442551545337,0.6263797292580262,0.0002645258965074948,0.10694711012065376,0.10705364761966403,0.00010653749901026743,-0.008608634638841834,0.008960221226323542,0.9997186890171667,0.9888567700473228,1.011965962393033,2000
same_baseline,stacking,"KNeighbors,RandomForest,AdaBoost,MLP",sigmoid,models/stacking_sensitivity/h7_CV17_THY_CONT_same_baseline.joblib,sigmoid,24,0.3999999999999999,saved stacking threshold,7,CV17_THY_CONT,Previous_CABG,single variable,cardiovascular,1,0.7545418151157511,0.7493747281426707,0.005167086973080437,0.8468226022803488,0.8455482897384305,0.0012743125419182322,0.6266442551545337,0.6263797292580262,0.0002645258965074948,0.106977825803903,0.1070934401092395,0.00011561430533650607,-0.0038958423682727587,0.01514910551032856,1.0068951977949498,0.9947413167393653,1.0204657557603174,2000
same_baseline,stacking,"KNeighbors,RandomForest,AdaBoost,MLP",isotonic,models/stacking_sensitivity/h7_CV17_THY_CONT_same_baseline.joblib,isotonic,25,0.32999999999999996,saved stacking threshold,7,CV17_THY_CONT,Previous_CABG,single variable,cardiovascular,1,0.7498623008110008,0.7524269889224572,-0.0025646881114563813,0.8466339704896043,0.8461644869215291,0.00046948356807519076,0.6078162488237903,0.6076372361418104,0.00017901268197983988,0.10763459558478214,0.10753708938569512,-9.750619908702185e-05,-0.011437097653164998,0.006072439740879689,0.9965914458821722,0.9852152769915912,1.0081020831972263,2000
locked_baseline,stacking,"KNeighbors,RandomForest,AdaBoost,MLP",raw,models/stacking_sensitivity/h7_CV17_THY_CONT_locked_baseline.joblib,raw_fixed,26,0.5,fixed 0.5,7,CV17_THY_CONT,Previous_CABG,single variable,cardiovascular,1,0.7294088812205308,0.7264824135279057,0.0029264676926251676,0.8484657947686117,0.8479292421193829,0.0005365526492288053,0.6414093765224447,0.6419030746985313,-0.0004936981760865766,0.10521713348319792,0.10536104260735825,0.0001439091241603324,-0.0027191302706122437,0.010690919734530088,1.0040282705240087,0.996327587515114,1.0148913616558908,2000
locked_baseline,stacking,"KNeighbors,RandomForest,AdaBoost,MLP",raw,models/stacking_sensitivity/h7_CV17_THY_CONT_locked_baseline.joblib,raw_threshold,26,0.48999999999999994,saved stacking threshold,7,CV17_THY_CONT,Previous_CABG,single variable,cardiovascular,1,0.7309705048555402,0.7294088812205308,0.0015616236350093349,0.8484657947686117,0.8479292421193829,0.0005365526492288053,0.6414093765224447,0.6419030746985313,-0.0004936981760865766,0.10521713348319792,0.10536104260735825,0.0001439091241603324,-0.003802383241989479,0.008852316642882909,1.002140944092148,0.9947451851013189,1.0123929702240622,2000
locked_baseline,stacking,"KNeighbors,RandomForest,AdaBoost,MLP",sigmoid,models/stacking_sensitivity/h7_CV17_THY_CONT_locked_baseline.joblib,sigmoid,27,0.48999999999999994,saved stacking threshold,7,CV17_THY_CONT,Previous_CABG,single variable,cardiovascular,1,0.7294088812205308,0.7264824135279057,0.0029264676926251676,0.8484657947686117,0.8479292421193829,0.0005365526492288053,0.6414093765224447,0.6419030746985313,-0.0004936981760865766,0.10516829882784544,0.10532902741751123,0.0001607285896657873,-0.0027191302706122437,0.010690919734530088,1.0040282705240087,0.996327587515114,1.0148913616558908,2000
locked_baseline,stacking,"KNeighbors,RandomForest,AdaBoost,MLP",isotonic,models/stacking_sensitivity/h7_CV17_THY_CONT_locked_baseline.joblib,isotonic,28,0.42999999999999994,saved stacking threshold,7,CV17_THY_CONT,Previous_CABG,single variable,cardiovascular,1,0.7278237075983138,0.7278237075983138,0.0,0.8465459423205902,0.8457201542588867,0.0008257880617035251,0.6069580639148737,0.6075185007229265,-0.0005604368080527333,0.10696678701552328,0.10706986654681439,0.00010307953129110037,-0.008449307386780177,0.009538249436916783,1.0,0.9885151727797339,1.013281767282879,2000
paper,stacking,"LogisticRegression,RandomForest,AdaBoost",raw,models/stacking_sensitivity/h7_CV17_THY_CONT_paper.joblib,raw_fixed,29,0.5,fixed 0.5,7,CV17_THY_CONT,Previous_CABG,single variable,cardiovascular,1,0.7089681419188509,0.7115687189861162,-0.0026005770672652417,0.8476190476190476,0.8466968477531858,0.0009221998658618391,0.6237386907226503,0.6262119591657006,-0.0024732684430502916,0.10684277418145065,0.10670947380774023,-0.0001333003737104127,-0.006706966406545259,0.0,0.9963452903452942,0.9906645165757728,1.0,2000
paper,stacking,"LogisticRegression,RandomForest,AdaBoost",raw,models/stacking_sensitivity/h7_CV17_THY_CONT_paper.joblib,raw_threshold,29,0.3999999999999999,saved stacking threshold,7,CV17_THY_CONT,Previous_CABG,single variable,cardiovascular,1,0.7571230982019364,0.7545418151157511,0.0025812830861852154,0.8476190476190476,0.8466968477531858,0.0009221998658618391,0.6237386907226503,0.6262119591657006,-0.0024732684430502916,0.10684277418145065,0.10670947380774023,-0.0001333003737104127,-0.0026966906276433807,0.009430656452349953,1.0034209940847205,0.9964502780791743,1.012621006042313,2000
paper,stacking,"LogisticRegression,RandomForest,AdaBoost",sigmoid,models/stacking_sensitivity/h7_CV17_THY_CONT_paper.joblib,sigmoid,30,0.38999999999999996,saved stacking threshold,7,CV17_THY_CONT,Previous_CABG,single variable,cardiovascular,1,0.7571230982019364,0.7545418151157511,0.0025812830861852154,0.8476190476190476,0.8466968477531858,0.0009221998658618391,0.6237386907226503,0.6262119591657006,-0.0024732684430502916,0.10691330488299498,0.10680738182738979,-0.00010592305560519488,-0.0026966906276433807,0.009430656452349953,1.0034209940847205,0.9964502780791743,1.012621006042313,2000
paper,stacking,"LogisticRegression,RandomForest,AdaBoost",isotonic,models/stacking_sensitivity/h7_CV17_THY_CONT_paper.joblib,isotonic,31,0.3499999999999999,saved stacking threshold,7,CV17_THY_CONT,Previous_CABG,single variable,cardiovascular,1,0.7531190566334336,0.7531190566334336,0.0,0.8453093561368209,0.8447476525821597,0.0005617035546612303,0.6000089471701715,0.6043513136566107,-0.004342366486439153,0.10818818153761928,0.10793773184271555,-0.0002504496949037316,-0.0075472706792867415,0.007709961258975057,1.0,0.9900175814929153,1.0102829009159995,2000
same_members_reselected_C,stacking,"KNeighbors,RandomForest,AdaBoost,MLP",raw,cache/classification_explainability/prepared_h7_CV17_THY_CONT.joblib,raw_fixed,32,0.5,fixed 0.5,7,CV17_THY_CONT,Previous_CABG,single variable,cardiovascular,1,0.6911228376548599,0.6936629492765988,-0.0025401116217388386,0.8478286384976526,0.8460513078470825,0.0017773306505700637,0.6291219667126018,0.6267238356469014,0.002398131065700415,0.10710668881529546,0.10736051968720159,0.0002538308719061272,-0.006609156230039817,0.0,0.9963381183550486,0.9906556382001636,1.0,2000
same_members_reselected_C,stacking,"KNeighbors,RandomForest,AdaBoost,MLP",raw,cache/classification_explainability/prepared_h7_CV17_THY_CONT.joblib,raw_threshold,32,0.36999999999999994,saved reselected-C validation threshold,7,CV17_THY_CONT,Previous_CABG,single variable,cardiovascular,1,0.7617419431871222,0.7594061771778948,0.002335766009227358,0.8478286384976526,0.8460513078470825,0.0017773306505700637,0.6291219667126018,0.6267238356469014,0.002398131065700415,0.10710668881529546,0.10736051968720159,0.0002538308719061272,-0.005481527381718232,0.011549583331042793,1.0030757795754408,0.9928502909391017,1.0155103681455246,2000
same_members_reselected_C,stacking,"KNeighbors,RandomForest,AdaBoost,MLP",sigmoid,cache/classification_explainability/prepared_h7_CV17_THY_CONT.joblib,sigmoid,33,0.35999999999999993,saved reselected-C validation threshold,7,CV17_THY_CONT,Previous_CABG,single variable,cardiovascular,1,0.7511422092865845,0.7488129398100704,0.0023292694765141286,0.8478286384976526,0.8460513078470825,0.0017773306505700637,0.6291219667126018,0.6267238356469014,0.002398131065700415,0.10661452685674429,0.10685903485004936,0.0002445079933050681,-0.005244357151321386,0.011692783245274858,1.003110615953171,0.9930303231256796,1.0160229110170895,2000
same_members_reselected_C,stacking,"KNeighbors,RandomForest,AdaBoost,MLP",isotonic,cache/classification_explainability/prepared_h7_CV17_THY_CONT.joblib,isotonic,34,0.33999999999999997,saved reselected-C validation threshold,7,CV17_THY_CONT,Previous_CABG,single variable,cardiovascular,1,0.7556737369364912,0.7505504652319057,0.005123271704585486,0.8462692823608317,0.8435278336686788,0.0027414486921528702,0.6070559198389371,0.6034658106064541,0.003590109232483041,0.10824084444828577,0.10883157552931008,0.0005907310810243094,-0.0027893366681263354,0.014306374612773263,1.006826018957969,0.9963229058003522,1.0191107874385394,2000
LogisticRegression,individual,LogisticRegression,raw,Cached fitted individual; sigmoid fitted to cached training OOF,raw_fixed,0,0.5,fixed 0.5,7,CV17_THY_CONT,Previous_PCI,single variable,cardiovascular,1,0.7027203218095723,0.7027203218095723,0.0,0.8415828303152246,0.8413816230717639,0.0002012072434607326,0.586842265981418,0.5870565051441041,-0.0002142391626861473,0.16219265113101544,0.16221588800543763,2.3236874422183362e-05,0.0,0.0,1.0,1.0,1.0,2000
LogisticRegression,individual,LogisticRegression,raw,Cached fitted individual; sigmoid fitted to cached training OOF,raw_threshold,0,0.6399999999999999,own validation,7,CV17_THY_CONT,Previous_PCI,single variable,cardiovascular,1,0.7426812986420919,0.7464934275510979,-0.003812128909006063,0.8415828303152246,0.8413816230717639,0.0002012072434607326,0.586842265981418,0.5870565051441041,-0.0002142391626861473,0.16219265113101544,0.16221588800543763,2.3236874422183362e-05,-0.010584222015324279,0.0,0.9948932853682156,0.9858039615776376,1.0,2000
LogisticRegression,individual,LogisticRegression,sigmoid,Cached fitted individual; sigmoid fitted to cached training OOF,sigmoid,1,0.38999999999999996,own validation,7,CV17_THY_CONT,Previous_PCI,single variable,cardiovascular,1,0.7361367513642372,0.7374401913875598,-0.0013034400233226107,0.8415828303152246,0.8413816230717639,0.0002012072434607326,0.586842265981418,0.5870565051441041,-0.0002142391626861473,0.11137008767811421,0.11138917201938502,1.9084341270805827e-05,-0.004137844569358462,0.0,0.998232480357668,0.9944804877861803,1.0,2000
SVC,individual,SVC,raw,Cached fitted individual; sigmoid fitted to cached training OOF,raw_fixed,2,0.5,fixed 0.5,7,CV17_THY_CONT,Previous_PCI,single variable,cardiovascular,1,0.7011045261967771,0.7011045261967771,0.0,0.8283702213279678,0.827997149564051,0.0003730717639167658,0.5568024589994544,0.5579403227524299,-0.001137863752975532,0.11715140617654654,0.11705718700124915,-9.421917529739421e-05,0.0,0.0,1.0,1.0,1.0,2000
SVC,individual,SVC,raw,Cached fitted individual; sigmoid fitted to cached training OOF,raw_threshold,2,0.37999999999999995,own validation,7,CV17_THY_CONT,Previous_PCI,single variable,cardiovascular,1,0.716891790418474,0.7130135957666723,0.003878194651801614,0.8283702213279678,0.827997149564051,0.0003730717639167658,0.5568024589994544,0.5579403227524299,-0.001137863752975532,0.11715140617654654,0.11705718700124915,-9.421917529739421e-05,-0.0013428735451058355,0.011485551642089083,1.0054391594702083,0.9981623909332822,1.0165751129144127,2000
SVC,individual,SVC,sigmoid,Cached fitted individual; sigmoid fitted to cached training OOF,sigmoid,3,0.4099999999999999,own validation,7,CV17_THY_CONT,Previous_PCI,single variable,cardiovascular,1,0.7072343406283659,0.7072343406283659,0.0,0.8283702213279678,0.827997149564051,0.0003730717639167658,0.5568024589994544,0.5579403227524299,-0.001137863752975532,0.1169250023920927,0.11686077314725477,-6.422924483794057e-05,-0.0038346781266120596,0.0037552813068811694,1.0,0.9946103752826406,1.0053189463238852,2000
KNeighbors,individual,KNeighbors,raw,Cached fitted individual; sigmoid fitted to cached training OOF,raw_fixed,4,0.5,fixed 0.5,7,CV17_THY_CONT,Previous_PCI,single variable,cardiovascular,1,0.7063464648956876,0.7095557931481938,-0.003209328252506194,0.8055122401073105,0.8026701877934272,0.0028420523138832365,0.5386758931409478,0.5273526331721632,0.011323259968784583,0.1499207685451123,0.14992830414544137,7.5356003290671936e-06,-0.013810535944350994,0.007528980964430144,0.9954769895708033,0.9806216807101773,1.0108085466505978,2000
KNeighbors,individual,KNeighbors,raw,Cached fitted individual; sigmoid fitted to cached training OOF,raw_threshold,4,0.59,own validation,7,CV17_THY_CONT,Previous_PCI,single variable,cardiovascular,1,0.6881589091885617,0.6854993650070011,0.002659544181560558,0.8055122401073105,0.8026701877934272,0.0028420523138832365,0.5386758931409478,0.5273526331721632,0.011323259968784583,0.1499207685451123,0.14992830414544137,7.5356003290671936e-06,-0.007958953457942352,0.014009644257844268,1.0038797179360384,0.9888901288902127,1.0204672637785426,2000
KNeighbors,individual,KNeighbors,sigmoid,Cached fitted individual; sigmoid fitted to cached training OOF,sigmoid,5,0.30999999999999994,own validation,7,CV17_THY_CONT,Previous_PCI,single variable,cardiovascular,1,0.6881589091885617,0.6854993650070011,0.002659544181560558,0.8055122401073105,0.8026701877934272,0.0028420523138832365,0.5386758931409478,0.5273526331721632,0.011323259968784583,0.12173341907432166,0.12272099317761218,0.00098757410329052,-0.007958953457942352,0.014009644257844268,1.0038797179360384,0.9888901288902127,1.0204672637785426,2000
RandomForest,individual,RandomForest,raw,Cached fitted individual; sigmoid fitted to cached training OOF,raw_fixed,6,0.5,fixed 0.5,7,CV17_THY_CONT,Previous_PCI,single variable,cardiovascular,1,0.7491346656217346,0.7432029174328063,0.005931748188928276,0.8410127431254192,0.8399312541918176,0.0010814889336016043,0.6356546074048491,0.634726298352219,0.000928309052630083,0.12209730025536963,0.1219415436283259,-0.0001557566270437294,0.0,0.014064311944883555,1.007981330602708,1.0,1.0191338221354171,2000
RandomForest,individual,RandomForest,raw,Cached fitted individual; sigmoid fitted to cached training OOF,raw_threshold,6,0.5299999999999999,own validation,7,CV17_THY_CONT,Previous_PCI,single variable,cardiovascular,1,0.74400817251728,0.746555750911906,-0.002547578394625938,0.8410127431254192,0.8399312541918176,0.0010814889336016043,0.6356546074048491,0.634726298352219,0.000928309052630083,0.12209730025536963,0.1219415436283259,-0.0001557566270437294,-0.008072756965114471,0.0,0.9965875577389711,0.9890367885834631,1.0,2000
RandomForest,individual,RandomForest,sigmoid,Cached fitted individual; sigmoid fitted to cached training OOF,sigmoid,7,0.37999999999999995,own validation,7,CV17_THY_CONT,Previous_PCI,single variable,cardiovascular,1,0.7452590842555569,0.7452590842555569,0.0,0.8410127431254192,0.8399312541918176,0.0010814889336016043,0.6356546074048491,0.634726298352219,0.000928309052630083,0.10692705464634006,0.10711597022948358,0.00018891558314351742,0.0,0.0,1.0,1.0,1.0,2000
AdaBoost,individual,AdaBoost,raw,Cached fitted individual; sigmoid fitted to cached training OOF,raw_fixed,8,0.5,fixed 0.5,7,CV17_THY_CONT,Previous_PCI,single variable,cardiovascular,1,0.7035592443093917,0.7035592443093917,0.0,0.8369634473507713,0.8369634473507713,0.0,0.5904214779938294,0.5904214779938294,0.0,0.1861595753416243,0.1861595753416243,0.0,0.0,0.0,1.0,1.0,1.0,2000
AdaBoost,individual,AdaBoost,raw,Cached fitted individual; sigmoid fitted to cached training OOF,raw_threshold,8,0.58,own validation,7,CV17_THY_CONT,Previous_PCI,single variable,cardiovascular,1,0.7308812260536399,0.7308812260536399,0.0,0.8369634473507713,0.8369634473507713,0.0,0.5904214779938294,0.5904214779938294,0.0,0.1861595753416243,0.1861595753416243,0.0,0.0,0.0,1.0,1.0,1.0,2000
AdaBoost,individual,AdaBoost,sigmoid,Cached fitted individual; sigmoid fitted to cached training OOF,sigmoid,9,0.4099999999999999,own validation,7,CV17_THY_CONT,Previous_PCI,single variable,cardiovascular,1,0.7293557557283282,0.7293557557283282,0.0,0.8369634473507713,0.8369634473507713,0.0,0.5904214779938294,0.5904214779938294,0.0,0.11138800805411916,0.11138800805411916,0.0,0.0,0.0,1.0,1.0,1.0,2000
MLP,individual,MLP,raw,Cached fitted individual; sigmoid fitted to cached training OOF,raw_fixed,10,0.5,fixed 0.5,7,CV17_THY_CONT,Previous_PCI,single variable,cardiovascular,1,0.7086712317698171,0.714935064935065,-0.006263833165247923,0.8466968477531858,0.8452380952380952,0.0014587525150905334,0.6105382221434775,0.6068900906943514,0.003648131449126124,0.15329636532074958,0.15487174729372402,0.0015753819729744378,-0.01710594170017774,0.003435735158392704,0.9912385984791264,0.9763026298103024,1.0048083718732874,2000
MLP,individual,MLP,raw,Cached fitted individual; sigmoid fitted to cached training OOF,raw_threshold,10,0.6799999999999999,own validation,7,CV17_THY_CONT,Previous_PCI,single variable,cardiovascular,1,0.7489136160834274,0.75256200040992,-0.0036483843264926152,0.8466968477531858,0.8452380952380952,0.0014587525150905334,0.6105382221434775,0.6068900906943514,0.003648131449126124,0.15329636532074958,0.15487174729372402,0.0015753819729744378,-0.013026643919842826,0.004817780248049287,0.9951520481707748,0.9826883034883592,1.006616505308237,2000
MLP,individual,MLP,sigmoid,Cached fitted individual; sigmoid fitted to cached training OOF,sigmoid,11,0.31999999999999995,own validation,7,CV17_THY_CONT,Previous_PCI,single variable,cardiovascular,1,0.7574482553444686,0.7524269889224572,0.0050212664220113945,0.8466968477531858,0.8452380952380952,0.0014587525150905334,0.6105382221434775,0.6068900906943514,0.003648131449126124,0.11299743818759635,0.11336852134648184,0.00037108315888549626,-0.001304455475938604,0.012320897913424722,1.0066734267855042,0.9982881986528283,1.0166498055303461,2000
GradientBoosting,individual,GradientBoosting,raw,Cached fitted individual; sigmoid fitted to cached training OOF,raw_fixed,12,0.5,fixed 0.5,7,CV17_THY_CONT,Previous_PCI,single variable,cardiovascular,1,0.7196397818599312,0.720751462224738,-0.0011116803648067997,0.840627095908786,0.8400067069081154,0.0006203890006706292,0.6218609666423225,0.6217063219735394,0.00015464466878312155,0.13797559292209854,0.13628701155116613,-0.0016885813709324182,-0.003418605692927218,0.0,0.9984576092827125,0.9952879213437993,1.0,2000
GradientBoosting,individual,GradientBoosting,raw,Cached fitted individual; sigmoid fitted to cached training OOF,raw_threshold,12,0.6599999999999999,own validation,7,CV17_THY_CONT,Previous_PCI,single variable,cardiovascular,1,0.7604147716936511,0.755556676012741,0.004858095680910113,0.840627095908786,0.8400067069081154,0.0006203890006706292,0.6218609666423225,0.6217063219735394,0.00015464466878312155,0.13797559292209854,0.13628701155116613,-0.0016885813709324182,-0.003746626770083414,0.01500950647452571,1.0064298229836939,0.9948807145101491,1.0204223007564008,2000
GradientBoosting,individual,GradientBoosting,sigmoid,Cached fitted individual; sigmoid fitted to cached training OOF,sigmoid,13,0.37999999999999995,own validation,7,CV17_THY_CONT,Previous_PCI,single variable,cardiovascular,1,0.7579298142781161,0.7530239099859353,0.0049059042921808516,0.840627095908786,0.8400067069081154,0.0006203890006706292,0.6218609666423225,0.6217063219735394,0.00015464466878312155,0.10818765827236983,0.10840053468952475,0.00021287641715492245,-0.0037291136616159266,0.015043212367738484,1.006514938273703,0.9948763743755772,1.0205720346398015,2000
XGBoost,individual,XGBoost,raw,Cached fitted individual; sigmoid fitted to cached training OOF,raw_fixed,14,0.5,fixed 0.5,7,CV17_THY_CONT,Previous_PCI,single variable,cardiovascular,1,0.7340850209815728,0.7340850209815728,0.0,0.8427649228705567,0.842102615694165,0.0006623071763917077,0.6207142319116041,0.6209825337679592,-0.00026830185635506876,0.142721285120714,0.14233418792691846,-0.0003870971937955381,0.0,0.0,1.0,1.0,1.0,2000
XGBoost,individual,XGBoost,raw,Cached fitted individual; sigmoid fitted to cached training OOF,raw_threshold,14,0.6,own validation,7,CV17_THY_CONT,Previous_PCI,single variable,cardiovascular,1,0.7375657580105213,0.738826364323119,-0.001260606312597723,0.8427649228705567,0.842102615694165,0.0006623071763917077,0.6207142319116041,0.6209825337679592,-0.00026830185635506876,0.142721285120714,0.14233418792691846,-0.0003870971937955381,-0.00398737581883365,0.0,0.9982937718881315,0.994674967081738,1.0,2000
XGBoost,individual,XGBoost,sigmoid,Cached fitted individual; sigmoid fitted to cached training OOF,sigmoid,15,0.36999999999999994,own validation,7,CV17_THY_CONT,Previous_PCI,single variable,cardiovascular,1,0.738826364323119,0.7400918100304603,-0.0012654457073413283,0.8427649228705567,0.842102615694165,0.0006623071763917077,0.6207142319116041,0.6209825337679592,-0.00026830185635506876,0.10779122172922385,0.1078052661534855,1.4044424261644428e-05,-0.00399984168801486,0.0,0.9982901503702774,0.9946483979105714,1.0,2000
paper,voting,"LogisticRegression,RandomForest,AdaBoost",raw,models/predictive_sensitivity/h7_CV17_THY_CONT_paper.joblib,raw_fixed,16,0.5,fixed 0.5,7,CV17_THY_CONT,Previous_PCI,single variable,cardiovascular,1,0.7329425928388122,0.7329425928388122,0.0,0.8474765258215963,0.8468142186452046,0.0006623071763917077,0.6249100841759544,0.6245658073489783,0.00034427682697613093,0.14916737933582,0.1489784826950171,-0.0001888966408029047,0.0,0.0,1.0,1.0,1.0,2000
paper,voting,"LogisticRegression,RandomForest,AdaBoost",raw,models/predictive_sensitivity/h7_CV17_THY_CONT_paper.joblib,raw_threshold,16,0.38999999999999996,saved voting threshold (also applied to raw),7,CV17_THY_CONT,Previous_PCI,single variable,cardiovascular,1,0.661069806744196,0.6620585259730875,-0.0009887192288914326,0.8474765258215963,0.8468142186452046,0.0006623071763917077,0.6249100841759544,0.6245658073489783,0.00034427682697613093,0.14916737933582,0.1489784826950171,-0.0001888966408029047,-0.0030190484278674297,0.0,0.9985065984499811,0.9954789680035283,1.0,2000
paper,voting,"LogisticRegression,RandomForest,AdaBoost",sigmoid,models/predictive_sensitivity/h7_CV17_THY_CONT_paper.joblib,sigmoid,17,0.38999999999999996,saved voting threshold (also applied to raw),7,CV17_THY_CONT,Previous_PCI,single variable,cardiovascular,1,0.7596902502253029,0.7583457631934086,0.0013444870318942703,0.8474765258215963,0.8468142186452046,0.0006623071763917077,0.6249100841759544,0.6245658073489783,0.00034427682697613093,0.10681940292729272,0.1069535885671531,0.0001341856398603819,0.0,0.004223480470865961,1.0017729208721793,1.0,1.005556630403658,2000
paper_locked,voting,"LogisticRegression,RandomForest,AdaBoost",raw,models/final_h7_CV17_THY_CONT_paper_locked.joblib,raw_fixed,18,0.5,fixed 0.5,7,CV17_THY_CONT,Previous_PCI,single variable,cardiovascular,1,0.7281870738748857,0.7281870738748857,0.0,0.8466381623071764,0.8461099932930919,0.0005281690140844786,0.6220693480215564,0.6216471999098611,0.00042214811169538624,0.1566021485441328,0.1564959614196331,-0.00010618712449969592,0.0,0.0,1.0,1.0,1.0,2000
paper_locked,voting,"LogisticRegression,RandomForest,AdaBoost",raw,models/final_h7_CV17_THY_CONT_paper_locked.joblib,raw_threshold,18,0.43999999999999995,saved voting threshold (also applied to raw),7,CV17_THY_CONT,Previous_PCI,single variable,cardiovascular,1,0.6898933929555102,0.6898933929555102,0.0,0.8466381623071764,0.8461099932930919,0.0005281690140844786,0.6220693480215564,0.6216471999098611,0.00042214811169538624,0.1566021485441328,0.1564959614196331,-0.00010618712449969592,0.0,0.0,1.0,1.0,1.0,2000
paper_locked,voting,"LogisticRegression,RandomForest,AdaBoost",sigmoid,models/final_h7_CV17_THY_CONT_paper_locked.joblib,sigmoid,19,0.43999999999999995,saved voting threshold (also applied to raw),7,CV17_THY_CONT,Previous_PCI,single variable,cardiovascular,1,0.7243328100470958,0.721459324722411,0.002873485324684788,0.8466381623071764,0.8461099932930919,0.0005281690140844786,0.6220693480215564,0.6216471999098611,0.00042214811169538624,0.10735395528864841,0.10747049215856078,0.00011653686991236478,0.0,0.0094064534591506,1.0039828791814291,1.0,1.0137161855515315,2000
own,stacking,"LogisticRegression,KNeighbors,AdaBoost",raw,models/stacking_sensitivity/h7_CV17_THY_CONT_own.joblib,raw_fixed,20,0.5,fixed 0.5,7,CV17_THY_CONT,Previous_PCI,single variable,cardiovascular,1,0.7036772224208319,0.7011045261967771,0.00257269622405476,0.8452045606975185,0.8444668008048289,0.0007377598926895379,0.6027119778421592,0.6001255681396345,0.0025864097025247723,0.10917993345567255,0.10928733086949034,0.00010739741381779466,-0.007142550631243108,0.012266438767854135,1.0036694902513477,0.9899326238477716,1.0174462065901113,2000
own,stacking,"LogisticRegression,KNeighbors,AdaBoost",raw,models/stacking_sensitivity/h7_CV17_THY_CONT_own.joblib,raw_threshold,20,0.33999999999999997,saved stacking threshold,7,CV17_THY_CONT,Previous_PCI,single variable,cardiovascular,1,0.7554362964476055,0.751641864469315,0.0037944319782904357,0.8452045606975185,0.8444668008048289,0.0007377598926895379,0.6027119778421592,0.6001255681396345,0.0025864097025247723,0.10917993345567255,0.10928733086949034,0.00010739741381779466,0.0,0.008547054133121504,1.0050481913763138,1.0,1.0115850805280184,2000
own,stacking,"LogisticRegression,KNeighbors,AdaBoost",sigmoid,models/stacking_sensitivity/h7_CV17_THY_CONT_own.joblib,sigmoid,21,0.32999999999999996,saved stacking threshold,7,CV17_THY_CONT,Previous_PCI,single variable,cardiovascular,1,0.7554362964476055,0.7539776201978634,0.0014586762497420525,0.8452045606975185,0.8444668008048289,0.0007377598926895379,0.6027119778421592,0.6001255681396345,0.0025864097025247723,0.10921388840861973,0.10932242181473274,0.00010853340611301221,-0.005170323655638231,0.007517618467100257,1.0019346413085302,0.9930220174094924,1.010060074570272,2000
own,stacking,"LogisticRegression,KNeighbors,AdaBoost",isotonic,models/stacking_sensitivity/h7_CV17_THY_CONT_own.joblib,isotonic,22,0.33999999999999997,saved stacking threshold,7,CV17_THY_CONT,Previous_PCI,single variable,cardiovascular,1,0.756166353170578,0.7527077198822174,0.003458633288360602,0.8448608316566063,0.8433853118712273,0.0014755197853789648,0.5843766539391511,0.5809652753480709,0.0034113785910802052,0.11066089189702547,0.11062463731771933,-3.62545793061303e-05,0.0,0.009696201649630252,1.0045949220354773,1.0,1.0128515404866734,2000
same_baseline,stacking,"KNeighbors,RandomForest,AdaBoost,MLP",raw,models/stacking_sensitivity/h7_CV17_THY_CONT_same_baseline.joblib,raw_fixed,23,0.5,fixed 0.5,7,CV17_THY_CONT,Previous_PCI,single variable,cardiovascular,1,0.7046565588361673,0.7063925034721967,-0.0017359446360294406,0.8468226022803488,0.8454560697518444,0.0013665325285043828,0.6266442551545337,0.6256490482074443,0.0009952069470894331,0.10694711012065376,0.1071594121011067,0.00021230198045293913,-0.009299041396214616,0.003723456127882781,0.9975425211514893,0.9868092890543102,1.005372864632808,2000
same_baseline,stacking,"KNeighbors,RandomForest,AdaBoost,MLP",raw,models/stacking_sensitivity/h7_CV17_THY_CONT_same_baseline.joblib,raw_threshold,23,0.38999999999999996,saved stacking threshold,7,CV17_THY_CONT,Previous_PCI,single variable,cardiovascular,1,0.7542358796721512,0.7541176853691101,0.00011819430304116363,0.8468226022803488,0.8454560697518444,0.0013665325285043828,0.6266442551545337,0.6256490482074443,0.0009952069470894331,0.10694711012065376,0.1071594121011067,0.00021230198045293913,-0.009536436784990221,0.009076582231443623,1.000156731907147,0.9873407907131801,1.012343378880827,2000
same_baseline,stacking,"KNeighbors,RandomForest,AdaBoost,MLP",sigmoid,models/stacking_sensitivity/h7_CV17_THY_CONT_same_baseline.joblib,sigmoid,24,0.3999999999999999,saved stacking threshold,7,CV17_THY_CONT,Previous_PCI,single variable,cardiovascular,1,0.7545418151157511,0.7506144841576032,0.003927330958147901,0.8468226022803488,0.8454560697518444,0.0013665325285043828,0.6266442551545337,0.6256490482074443,0.0009952069470894331,0.106977825803903,0.10718673282115612,0.00020890701725312377,-0.005157934633420036,0.013955697039505202,1.0052321545094556,0.9932713629580785,1.0190066728834701,2000
same_baseline,stacking,"KNeighbors,RandomForest,AdaBoost,MLP",isotonic,models/stacking_sensitivity/h7_CV17_THY_CONT_same_baseline.joblib,isotonic,25,0.32999999999999996,saved stacking threshold,7,CV17_THY_CONT,Previous_PCI,single variable,cardiovascular,1,0.7498623008110008,0.7511422092865845,-0.0012799084755836798,0.8466339704896043,0.8451961770623743,0.0014377934272300497,0.6078162488237903,0.6024882738890095,0.005327974934780766,0.10763459558478214,0.10794572206894996,0.00031112648416782573,-0.005645997375741768,0.0026555836576562172,0.9982960503886483,0.9925784988053864,1.0035133690021538,2000
locked_baseline,stacking,"KNeighbors,RandomForest,AdaBoost,MLP",raw,models/stacking_sensitivity/h7_CV17_THY_CONT_locked_baseline.joblib,raw_fixed,26,0.5,fixed 0.5,7,CV17_THY_CONT,Previous_PCI,single variable,cardiovascular,1,0.7294088812205308,0.7278237075983138,0.0015851736222169954,0.8484657947686117,0.846621395036888,0.0018443997317236782,0.6414093765224447,0.6384830990397496,0.0029262774826950277,0.10521713348319792,0.10570493541099416,0.00048780192779623865,-0.0038329405449486847,0.008927027914722515,1.0021779637097117,0.9947338649355613,1.0126630841214994,2000
locked_baseline,stacking,"KNeighbors,RandomForest,AdaBoost,MLP",raw,models/stacking_sensitivity/h7_CV17_THY_CONT_locked_baseline.joblib,raw_threshold,26,0.48999999999999994,saved stacking threshold,7,CV17_THY_CONT,Previous_PCI,single variable,cardiovascular,1,0.7309705048555402,0.7323170731707318,-0.001346568315191643,0.8484657947686117,0.846621395036888,0.0018443997317236782,0.6414093765224447,0.6384830990397496,0.0029262774826950277,0.10521713348319792,0.10570493541099416,0.00048780192779623865,-0.009783006429006421,0.007592763596220517,0.9981612222840014,0.9866876615657807,1.0105657068181715,2000
locked_baseline,stacking,"KNeighbors,RandomForest,AdaBoost,MLP",sigmoid,models/stacking_sensitivity/h7_CV17_THY_CONT_locked_baseline.joblib,sigmoid,27,0.48999999999999994,saved stacking threshold,7,CV17_THY_CONT,Previous_PCI,single variable,cardiovascular,1,0.7294088812205308,0.7264824135279057,0.0029264676926251676,0.8484657947686117,0.846621395036888,0.0018443997317236782,0.6414093765224447,0.6384830990397496,0.0029262774826950277,0.10516829882784544,0.10564117035326406,0.000472871525418625,-0.0027191302706122437,0.010690919734530088,1.0040282705240087,0.996327587515114,1.0148913616558908,2000
locked_baseline,stacking,"KNeighbors,RandomForest,AdaBoost,MLP",isotonic,models/stacking_sensitivity/h7_CV17_THY_CONT_locked_baseline.joblib,isotonic,28,0.42999999999999994,saved stacking threshold,7,CV17_THY_CONT,Previous_PCI,single variable,cardiovascular,1,0.7278237075983138,0.7291715628672151,-0.0013478552689012435,0.8465459423205902,0.8429787055667337,0.0035672367538565064,0.6069580639148737,0.6035025225964632,0.0034555413184105266,0.10696678701552328,0.10765888964439618,0.0006921026288728982,-0.009100658201846603,0.008003532705073696,0.9981515251861972,0.9873172536920439,1.0109751280242565,2000
paper,stacking,"LogisticRegression,RandomForest,AdaBoost",raw,models/stacking_sensitivity/h7_CV17_THY_CONT_paper.joblib,raw_fixed,29,0.5,fixed 0.5,7,CV17_THY_CONT,Previous_PCI,single variable,cardiovascular,1,0.7089681419188509,0.7089681419188509,0.0,0.8476190476190476,0.8470824949698189,0.0005365526492286943,0.6237386907226503,0.6226548028447673,0.0010838878778830496,0.10684277418145065,0.10697688336612346,0.00013410918467281208,0.0,0.0,1.0,1.0,1.0,2000
paper,stacking,"LogisticRegression,RandomForest,AdaBoost",raw,models/stacking_sensitivity/h7_CV17_THY_CONT_paper.joblib,raw_threshold,29,0.3999999999999999,saved stacking threshold,7,CV17_THY_CONT,Previous_PCI,single variable,cardiovascular,1,0.7571230982019364,0.7544481142126571,0.0026749839892792338,0.8476190476190476,0.8470824949698189,0.0005365526492286943,0.6237386907226503,0.6226548028447673,0.0010838878778830496,0.10684277418145065,0.10697688336612346,0.00013410918467281208,0.0,0.006757196640975284,1.0035456169070962,1.0,1.009000660005004,2000
paper,stacking,"LogisticRegression,RandomForest,AdaBoost",sigmoid,models/stacking_sensitivity/h7_CV17_THY_CONT_paper.joblib,sigmoid,30,0.38999999999999996,saved stacking threshold,7,CV17_THY_CONT,Previous_PCI,single variable,cardiovascular,1,0.7571230982019364,0.7557827746192103,0.0013403235827260662,0.8476190476190476,0.8470824949698189,0.0005365526492286943,0.6237386907226503,0.6226548028447673,0.0010838878778830496,0.10691330488299498,0.10704282943454539,0.00012952455155040843,0.0,0.004216326821783288,1.0017734243591372,1.0,1.0055574689217621,2000
paper,stacking,"LogisticRegression,RandomForest,AdaBoost",isotonic,models/stacking_sensitivity/h7_CV17_THY_CONT_paper.joblib,isotonic,31,0.3499999999999999,saved stacking threshold,7,CV17_THY_CONT,Previous_PCI,single variable,cardiovascular,1,0.7531190566334336,0.7531190566334336,0.0,0.8453093561368209,0.8457453051643192,-0.000435949027498328,0.6000089471701715,0.5985371508903791,0.0014717962797924367,0.10818818153761928,0.10823967973059508,5.149819297579905e-05,0.0,0.0,1.0,1.0,1.0,2000
same_members_reselected_C,stacking,"KNeighbors,RandomForest,AdaBoost,MLP",raw,cache/classification_explainability/prepared_h7_CV17_THY_CONT.joblib,raw_fixed,32,0.5,fixed 0.5,7,CV17_THY_CONT,Previous_PCI,single variable,cardiovascular,1,0.6911228376548599,0.6911228376548599,0.0,0.8478286384976526,0.8459590878604963,0.0018695506371562143,0.6291219667126018,0.6253343986207822,0.003787568091819571,0.10710668881529546,0.10733644590732065,0.00022975709202519012,-0.0037003529440569863,0.00360759747137747,1.0,0.9945967003118998,1.0053365512887096,2000
same_members_reselected_C,stacking,"KNeighbors,RandomForest,AdaBoost,MLP",raw,cache/classification_explainability/prepared_h7_CV17_THY_CONT.joblib,raw_threshold,32,0.36999999999999994,saved reselected-C validation threshold,7,CV17_THY_CONT,Previous_PCI,single variable,cardiovascular,1,0.7617419431871222,0.7617419431871222,0.0,0.8478286384976526,0.8459590878604963,0.0018695506371562143,0.6291219667126018,0.6253343986207822,0.003787568091819571,0.10710668881529546,0.10733644590732065,0.00022975709202519012,-0.003931878444075432,0.003761789274408421,1.0,0.9948141715100197,1.0051233474989023,2000
same_members_reselected_C,stacking,"KNeighbors,RandomForest,AdaBoost,MLP",sigmoid,cache/classification_explainability/prepared_h7_CV17_THY_CONT.joblib,sigmoid,33,0.35999999999999993,saved reselected-C validation threshold,7,CV17_THY_CONT,Previous_PCI,single variable,cardiovascular,1,0.7511422092865845,0.7485872137581377,0.002554995528446735,0.8478286384976526,0.8459590878604963,0.0018695506371562143,0.6291219667126018,0.6253343986207822,0.003787568091819571,0.10661452685674429,0.10686338799184378,0.00024886113509949015,0.0,0.006561993409134439,1.0034130899933755,1.0,1.0087623069122884,2000
same_members_reselected_C,stacking,"KNeighbors,RandomForest,AdaBoost,MLP",isotonic,cache/classification_explainability/prepared_h7_CV17_THY_CONT.joblib,isotonic,34,0.33999999999999997,saved reselected-C validation threshold,7,CV17_THY_CONT,Previous_PCI,single variable,cardiovascular,1,0.7556737369364912,0.7543460780102001,0.0013276589262910532,0.8462692823608317,0.8440308517773306,0.0022384305835010387,0.6070559198389371,0.6022839694622161,0.004771950376721068,0.10824084444828577,0.10872530631631169,0.0004844618680259205,-0.00665618783239059,0.0085963737997991,1.0017600130298194,0.991344493496997,1.011468245290346,2000
LogisticRegression,individual,LogisticRegression,raw,Cached fitted individual; sigmoid fitted to cached training OOF,raw_fixed,0,0.5,fixed 0.5,7,CV17_THY_CONT,Previous_MI,single variable,cardiovascular,1,0.7027203218095723,0.703778677462888,-0.0010583556533156901,0.8415828303152246,0.8416247484909457,-4.191817572107848e-05,0.586842265981418,0.5867862010552451,5.6064926172827434e-05,0.16219265113101544,0.16220042876416846,7.777633153016605e-06,-0.003386463324271663,0.0,0.9984961811330644,0.9953494423559138,1.0,2000
LogisticRegression,individual,LogisticRegression,raw,Cached fitted individual; sigmoid fitted to cached training OOF,raw_threshold,0,0.6399999999999999,own validation,7,CV17_THY_CONT,Previous_MI,single variable,cardiovascular,1,0.7426812986420919,0.7452030111662639,-0.002521712524171993,0.8415828303152246,0.8416247484909457,-4.191817572107848e-05,0.586842265981418,0.5867862010552451,5.6064926172827434e-05,0.16219265113101544,0.16220042876416846,7.777633153016605e-06,-0.008519275799471353,0.0,0.9966160730882911,0.9884135883162272,1.0,2000
LogisticRegression,individual,LogisticRegression,sigmoid,Cached fitted individual; sigmoid fitted to cached training OOF,sigmoid,1,0.38999999999999996,own validation,7,CV17_THY_CONT,Previous_MI,single variable,cardiovascular,1,0.7361367513642372,0.7361367513642372,0.0,0.8415828303152246,0.8416247484909457,-4.191817572107848e-05,0.586842265981418,0.5867862010552451,5.6064926172827434e-05,0.11137008767811421,0.11135637102201065,-1.3716656103557323e-05,0.0,0.0,1.0,1.0,1.0,2000
SVC,individual,SVC,raw,Cached fitted individual; sigmoid fitted to cached training OOF,raw_fixed,2,0.5,fixed 0.5,7,CV17_THY_CONT,Previous_MI,single variable,cardiovascular,1,0.7011045261967771,0.6936344150341458,0.007470111162631299,0.8283702213279678,0.8288229376257545,-0.00045271629778675937,0.5568024589994544,0.55755218257712,-0.000749723577665673,0.11715140617654654,0.11646463626903678,-0.0006867699075097655,-0.004213715127673623,0.021686819612861813,1.0107695221008657,0.9941442786932649,1.0317270950842126,2000
SVC,individual,SVC,raw,Cached fitted individual; sigmoid fitted to cached training OOF,raw_threshold,2,0.37999999999999995,own validation,7,CV17_THY_CONT,Previous_MI,single variable,cardiovascular,1,0.716891790418474,0.7193692733858938,-0.0024774829674198973,0.8283702213279678,0.8288229376257545,-0.00045271629778675937,0.5568024589994544,0.55755218257712,-0.000749723577665673,0.11715140617654654,0.11646463626903678,-0.0006867699075097655,-0.01595634342289532,0.009971690999064517,0.996556034488714,0.9778306214054288,1.0141847254853282,2000
SVC,individual,SVC,sigmoid,Cached fitted individual; sigmoid fitted to cached training OOF,sigmoid,3,0.4099999999999999,own validation,7,CV17_THY_CONT,Previous_MI,single variable,cardiovascular,1,0.7072343406283659,0.7110723964382502,-0.0038380558098842776,0.8283702213279678,0.8288229376257545,-0.00045271629778675937,0.5568024589994544,0.55755218257712,-0.000749723577665673,0.1169250023920927,0.11638027257645699,-0.0005447298156357194,-0.010452077554550271,0.002562567207450497,0.9946024401606517,0.9854941329736714,1.00359240558325,2000
KNeighbors,individual,KNeighbors,raw,Cached fitted individual; sigmoid fitted to cached training OOF,raw_fixed,4,0.5,fixed 0.5,7,CV17_THY_CONT,Previous_MI,single variable,cardiovascular,1,0.7063464648956876,0.6955617198335644,0.010784745062123235,0.8055122401073105,0.8000964118041582,0.005415828303152237,0.5386758931409478,0.5264699306678758,0.01220596247307193,0.1499207685451123,0.15186925948732077,0.001948490942208475,-0.008333340095824917,0.03055263755602519,1.015505087118227,0.9881119608687913,1.0445834216809446,2000
KNeighbors,individual,KNeighbors,raw,Cached fitted individual; sigmoid fitted to cached training OOF,raw_threshold,4,0.59,own validation,7,CV17_THY_CONT,Previous_MI,single variable,cardiovascular,1,0.6881589091885617,0.6901151562051284,-0.0019562470165667145,0.8055122401073105,0.8000964118041582,0.005415828303152237,0.5386758931409478,0.5264699306678758,0.01220596247307193,0.1499207685451123,0.15186925948732077,0.001948490942208475,-0.021459281483713143,0.01764614732976966,0.9971653324825904,0.9695102641695932,1.0260156101425977,2000
KNeighbors,individual,KNeighbors,sigmoid,Cached fitted individual; sigmoid fitted to cached training OOF,sigmoid,5,0.30999999999999994,own validation,7,CV17_THY_CONT,Previous_MI,single variable,cardiovascular,1,0.6881589091885617,0.6901151562051284,-0.0019562470165667145,0.8055122401073105,0.8000964118041582,0.005415828303152237,0.5386758931409478,0.5264699306678758,0.01220596247307193,0.12173341907432166,0.1235637155909427,0.0018302965166210466,-0.021459281483713143,0.01764614732976966,0.9971653324825904,0.9695102641695932,1.0260156101425977,2000
RandomForest,individual,RandomForest,raw,Cached fitted individual; sigmoid fitted to cached training OOF,raw_fixed,6,0.5,fixed 0.5,7,CV17_THY_CONT,Previous_MI,single variable,cardiovascular,1,0.7491346656217346,0.7422823989358048,0.006852266685929753,0.8410127431254192,0.8422535211267606,-0.0012407780013413694,0.6356546074048491,0.636363805398657,-0.0007091979938078641,0.12209730025536963,0.12173381701191206,-0.0003634832434575713,-0.003970890333080043,0.01952318039473593,1.009231347389826,0.9947264991109875,1.0266496560884755,2000
RandomForest,individual,RandomForest,raw,Cached fitted individual; sigmoid fitted to cached training OOF,raw_threshold,6,0.5299999999999999,own validation,7,CV17_THY_CONT,Previous_MI,single variable,cardiovascular,1,0.74400817251728,0.7517955422846896,-0.007787369767409569,0.8410127431254192,0.8422535211267606,-0.0012407780013413694,0.6356546074048491,0.636363805398657,-0.0007091979938078641,0.12209730025536963,0.12173381701191206,-0.0003634832434575713,-0.018199467493400533,0.0019855117032556873,0.9896416388108076,0.9758459231470133,1.0026019428559296,2000
RandomForest,individual,RandomForest,sigmoid,Cached fitted individual; sigmoid fitted to cached training OOF,sigmoid,7,0.37999999999999995,own validation,7,CV17_THY_CONT,Previous_MI,single variable,cardiovascular,1,0.7452590842555569,0.7504775123095734,-0.005218428054016511,0.8410127431254192,0.8422535211267606,-0.0012407780013413694,0.6356546074048491,0.636363805398657,-0.0007091979938078641,0.10692705464634006,0.10698114955526754,5.409490892747948e-05,-0.014656794753220102,0.0031605154925185316,0.9930465230890704,0.9807289893545065,1.0042831639923722,2000
AdaBoost,individual,AdaBoost,raw,Cached fitted individual; sigmoid fitted to cached training OOF,raw_fixed,8,0.5,fixed 0.5,7,CV17_THY_CONT,Previous_MI,single variable,cardiovascular,1,0.7035592443093917,0.7035592443093917,0.0,0.8369634473507713,0.8369634473507713,0.0,0.5904214779938294,0.5904214779938294,0.0,0.1861595753416243,0.1861595753416243,0.0,0.0,0.0,1.0,1.0,1.0,2000
AdaBoost,individual,AdaBoost,raw,Cached fitted individual; sigmoid fitted to cached training OOF,raw_threshold,8,0.58,own validation,7,CV17_THY_CONT,Previous_MI,single variable,cardiovascular,1,0.7308812260536399,0.7308812260536399,0.0,0.8369634473507713,0.8369634473507713,0.0,0.5904214779938294,0.5904214779938294,0.0,0.1861595753416243,0.1861595753416243,0.0,0.0,0.0,1.0,1.0,1.0,2000
AdaBoost,individual,AdaBoost,sigmoid,Cached fitted individual; sigmoid fitted to cached training OOF,sigmoid,9,0.4099999999999999,own validation,7,CV17_THY_CONT,Previous_MI,single variable,cardiovascular,1,0.7293557557283282,0.7293557557283282,0.0,0.8369634473507713,0.8369634473507713,0.0,0.5904214779938294,0.5904214779938294,0.0,0.11138800805411916,0.11138800805411916,0.0,0.0,0.0,1.0,1.0,1.0,2000
MLP,individual,MLP,raw,Cached fitted individual; sigmoid fitted to cached training OOF,raw_fixed,10,0.5,fixed 0.5,7,CV17_THY_CONT,Previous_MI,single variable,cardiovascular,1,0.7086712317698171,0.7177280846681646,-0.009056852898347567,0.8466968477531858,0.848650234741784,-0.00195338698859826,0.6105382221434775,0.615041414468585,-0.00450319232510743,0.15329636532074958,0.15263770578695504,-0.0006586595337945422,-0.0177758226749374,-0.0019371860911713175,0.9873812198633206,0.9753087163124786,0.9972901896381875,2000
MLP,individual,MLP,raw,Cached fitted individual; sigmoid fitted to cached training OOF,raw_threshold,10,0.6799999999999999,own validation,7,CV17_THY_CONT,Previous_MI,single variable,cardiovascular,1,0.7489136160834274,0.750206910821436,-0.0012932947380085436,0.8466968477531858,0.848650234741784,-0.00195338698859826,0.6105382221434775,0.615041414468585,-0.00450319232510743,0.15329636532074958,0.15263770578695504,-0.0006586595337945422,-0.013123698978219295,0.010356018231611298,0.9982760826122057,0.9828541485872018,1.0140193569568101,2000
MLP,individual,MLP,sigmoid,Cached fitted individual; sigmoid fitted to cached training OOF,sigmoid,11,0.31999999999999995,own validation,7,CV17_THY_CONT,Previous_MI,single variable,cardiovascular,1,0.7574482553444686,0.7512710790380056,0.0061771763064629726,0.8466968477531858,0.848650234741784,-0.00195338698859826,0.6105382221434775,0.615041414468585,-0.00450319232510743,0.11299743818759635,0.11281550136192679,-0.00018193682566955416,-0.0036669264408235175,0.01723334526373163,1.0082223001507962,0.9951521628934845,1.0230134035452052,2000
GradientBoosting,individual,GradientBoosting,raw,Cached fitted individual; sigmoid fitted to cached training OOF,raw_fixed,12,0.5,fixed 0.5,7,CV17_THY_CONT,Previous_MI,single variable,cardiovascular,1,0.7196397818599312,0.7174244212242795,0.002215360635651642,0.840627095908786,0.8405767940979209,5.030181086518315e-05,0.6218609666423225,0.6240199922264764,-0.0021590255841539285,0.13797559292209854,0.1384571106012802,0.00048151767918164223,0.0,0.0056263406415750766,1.0030879359136828,1.0,1.007840529363312,2000
GradientBoosting,individual,GradientBoosting,raw,Cached fitted individual; sigmoid fitted to cached training OOF,raw_threshold,12,0.6599999999999999,own validation,7,CV17_THY_CONT,Previous_MI,single variable,cardiovascular,1,0.7604147716936511,0.7590929419110355,0.0013218297826156356,0.840627095908786,0.8405767940979209,5.030181086518315e-05,0.6218609666423225,0.6240199922264764,-0.0021590255841539285,0.13797559292209854,0.1384571106012802,0.00048151767918164223,-0.0062979055752991845,0.00865377545753275,1.0017413279845389,0.9916222123657701,1.0114155371572242,2000
GradientBoosting,individual,GradientBoosting,sigmoid,Cached fitted individual; sigmoid fitted to cached training OOF,sigmoid,13,0.37999999999999995,own validation,7,CV17_THY_CONT,Previous_MI,single variable,cardiovascular,1,0.7579298142781161,0.7566118315618042,0.001317982716311894,0.840627095908786,0.8405767940979209,5.030181086518315e-05,0.6218609666423225,0.6240199922264764,-0.0021590255841539285,0.10818765827236983,0.1081585199918295,-2.913828054032508e-05,-0.006342636560709209,0.008698597633667537,1.0017419536165477,0.9915775353420854,1.0115150673999322,2000
XGBoost,individual,XGBoost,raw,Cached fitted individual; sigmoid fitted to cached training OOF,raw_fixed,14,0.5,fixed 0.5,7,CV17_THY_CONT,Previous_MI,single variable,cardiovascular,1,0.7340850209815728,0.7329425928388122,0.0011424281427605543,0.8427649228705567,0.842228370221328,0.0005365526492286943,0.6207142319116041,0.620662920359584,5.131155202009463e-05,0.142721285120714,0.14240646846043908,-0.0003148166602749136,-0.0023333304037751355,0.005700472930218392,1.0015586870703417,0.9968589608323289,1.0077577036594896,2000
XGBoost,individual,XGBoost,raw,Cached fitted individual; sigmoid fitted to cached training OOF,raw_threshold,14,0.6,own validation,7,CV17_THY_CONT,Previous_MI,single variable,cardiovascular,1,0.7375657580105213,0.7413621458904478,-0.0037963878799265327,0.8427649228705567,0.842228370221328,0.0005365526492286943,0.6207142319116041,0.620662920359584,5.131155202009463e-05,0.142721285120714,0.14240646846043908,-0.0003148166602749136,-0.008919320877578126,0.0,0.9948791722089254,0.9881284966183846,1.0,2000
XGBoost,individual,XGBoost,sigmoid,Cached fitted individual; sigmoid fitted to cached training OOF,sigmoid,15,0.36999999999999994,own validation,7,CV17_THY_CONT,Previous_MI,single variable,cardiovascular,1,0.738826364323119,0.7426374232705704,-0.0038110589474513734,0.8427649228705567,0.842228370221328,0.0005365526492286943,0.6207142319116041,0.620662920359584,5.131155202009463e-05,0.10779122172922385,0.10802351144749388,0.00023228971827002343,-0.008952008659550707,0.0,0.9948682104779106,0.9880953259368662,1.0,2000
paper,voting,"LogisticRegression,RandomForest,AdaBoost",raw,models/predictive_sensitivity/h7_CV17_THY_CONT_paper.joblib,raw_fixed,16,0.5,fixed 0.5,7,CV17_THY_CONT,Previous_MI,single variable,cardiovascular,1,0.7329425928388122,0.7349959271542446,-0.002053334315432309,0.8474765258215963,0.8478789403085177,-0.0004024144869214652,0.6249100841759544,0.6250961251882506,-0.00018604101229624526,0.14916737933582,0.14902455914287796,-0.00014282019294203918,-0.006462017884386828,0.0,0.9972063323896468,0.9911717773402818,1.0,2000
paper,voting,"LogisticRegression,RandomForest,AdaBoost",raw,models/predictive_sensitivity/h7_CV17_THY_CONT_paper.joblib,raw_threshold,16,0.38999999999999996,saved voting threshold (also applied to raw),7,CV17_THY_CONT,Previous_MI,single variable,cardiovascular,1,0.661069806744196,0.6620585259730875,-0.0009887192288914326,0.8474765258215963,0.8478789403085177,-0.0004024144869214652,0.6249100841759544,0.6250961251882506,-0.00018604101229624526,0.14916737933582,0.14902455914287796,-0.00014282019294203918,-0.004863693773080541,0.0020054695922989557,0.9985065984499811,0.9925811876303372,1.0030186128011915,2000
paper,voting,"LogisticRegression,RandomForest,AdaBoost",sigmoid,models/predictive_sensitivity/h7_CV17_THY_CONT_paper.joblib,sigmoid,17,0.38999999999999996,saved voting threshold (also applied to raw),7,CV17_THY_CONT,Previous_MI,single variable,cardiovascular,1,0.7596902502253029,0.7571230982019364,0.002567152023366548,0.8474765258215963,0.8478789403085177,-0.0004024144869214652,0.6249100841759544,0.6250961251882506,-0.00018604101229624526,0.10681940292729272,0.10669679753696874,-0.00012260539032397932,0.0,0.008125931521089551,1.0033906666293277,1.0,1.0109834840329492,2000
paper_locked,voting,"LogisticRegression,RandomForest,AdaBoost",raw,models/final_h7_CV17_THY_CONT_paper_locked.joblib,raw_fixed,18,0.5,fixed 0.5,7,CV17_THY_CONT,Previous_MI,single variable,cardiovascular,1,0.7281870738748857,0.7293147681728773,-0.0011276942979916438,0.8466381623071764,0.8465878604963112,5.030181086518315e-05,0.6220693480215564,0.62141374001585,0.0006556080057064095,0.1566021485441328,0.15653501452265844,-6.713402147434655e-05,-0.0034611778186584064,0.0,0.9984537618773074,0.9952894617782606,1.0,2000
paper_locked,voting,"LogisticRegression,RandomForest,AdaBoost",raw,models/final_h7_CV17_THY_CONT_paper_locked.joblib,raw_threshold,18,0.43999999999999995,saved voting threshold (also applied to raw),7,CV17_THY_CONT,Previous_MI,single variable,cardiovascular,1,0.6898933929555102,0.6898933929555102,0.0,0.8466381623071764,0.8465878604963112,5.030181086518315e-05,0.6220693480215564,0.62141374001585,0.0006556080057064095,0.1566021485441328,0.15653501452265844,-6.713402147434655e-05,-0.003072041359694791,0.0030744674561425595,1.0,0.9955564285678676,1.0044726804123156,2000
paper_locked,voting,"LogisticRegression,RandomForest,AdaBoost",sigmoid,models/final_h7_CV17_THY_CONT_paper_locked.joblib,sigmoid,19,0.43999999999999995,saved voting threshold (also applied to raw),7,CV17_THY_CONT,Previous_MI,single variable,cardiovascular,1,0.7243328100470958,0.7243328100470958,0.0,0.8466381623071764,0.8465878604963112,5.030181086518315e-05,0.6220693480215564,0.62141374001585,0.0006556080057064095,0.10735395528864841,0.10731867302235785,-3.528226629055664e-05,0.0,0.0,1.0,1.0,1.0,2000
own,stacking,"LogisticRegression,KNeighbors,AdaBoost",raw,models/stacking_sensitivity/h7_CV17_THY_CONT_own.joblib,raw_fixed,20,0.5,fixed 0.5,7,CV17_THY_CONT,Previous_MI,single variable,cardiovascular,1,0.7036772224208319,0.7011045261967771,0.00257269622405476,0.8452045606975185,0.8447602280348759,0.0004443326626425437,0.6027119778421592,0.5982493100933954,0.0044626677487638045,0.10917993345567255,0.10951115828798168,0.00033122483230912936,-0.007532138948325104,0.012181761038465029,1.0036694902513477,0.9890582101726229,1.0173864470932144,2000
own,stacking,"LogisticRegression,KNeighbors,AdaBoost",raw,models/stacking_sensitivity/h7_CV17_THY_CONT_own.joblib,raw_threshold,20,0.33999999999999997,saved stacking threshold,7,CV17_THY_CONT,Previous_MI,single variable,cardiovascular,1,0.7554362964476055,0.7577821332103565,-0.002345836762751019,0.8452045606975185,0.8447602280348759,0.0004443326626425437,0.6027119778421592,0.5982493100933954,0.0044626677487638045,0.10917993345567255,0.10951115828798168,0.00033122483230912936,-0.009696385210096475,0.0039216481429869,0.9969043387803129,0.9873418307439317,1.005176298336751,2000
own,stacking,"LogisticRegression,KNeighbors,AdaBoost",sigmoid,models/stacking_sensitivity/h7_CV17_THY_CONT_own.joblib,sigmoid,21,0.32999999999999996,saved stacking threshold,7,CV17_THY_CONT,Previous_MI,single variable,cardiovascular,1,0.7554362964476055,0.7577821332103565,-0.002345836762751019,0.8452045606975185,0.8447602280348759,0.0004443326626425437,0.6027119778421592,0.5982493100933954,0.0044626677487638045,0.10921388840861973,0.10955293718487198,0.0003390487762522515,-0.009696385210096475,0.0039216481429869,0.9969043387803129,0.9873418307439317,1.005176298336751,2000
own,stacking,"LogisticRegression,KNeighbors,AdaBoost",isotonic,models/stacking_sensitivity/h7_CV17_THY_CONT_own.joblib,isotonic,22,0.33999999999999997,saved stacking threshold,7,CV17_THY_CONT,Previous_MI,single variable,cardiovascular,1,0.756166353170578,0.7519181789239096,0.004248174246668457,0.8448608316566063,0.8438883299798793,0.0009725016767270223,0.5843766539391511,0.5778162173700293,0.0065604365691217525,0.11066089189702547,0.11123831635539072,0.0005774244583652555,-0.0038573736330175107,0.014688167819362859,1.0056497826036712,0.9948781117642165,1.0197649549306214,2000
same_baseline,stacking,"KNeighbors,RandomForest,AdaBoost,MLP",raw,models/stacking_sensitivity/h7_CV17_THY_CONT_same_baseline.joblib,raw_fixed,23,0.5,fixed 0.5,7,CV17_THY_CONT,Previous_MI,single variable,cardiovascular,1,0.7046565588361673,0.7128785476454733,-0.008221988809306024,0.8468226022803488,0.8465291750503018,0.0002934272300469942,0.6266442551545337,0.6217212073766247,0.004923047777908973,0.10694711012065376,0.10715995618742022,0.00021284606676645612,-0.01743025715606877,-0.0013312903964766908,0.9884664942766731,0.975804350006129,0.9981305394528285,2000
same_baseline,stacking,"KNeighbors,RandomForest,AdaBoost,MLP",raw,models/stacking_sensitivity/h7_CV17_THY_CONT_same_baseline.joblib,raw_threshold,23,0.38999999999999996,saved stacking threshold,7,CV17_THY_CONT,Previous_MI,single variable,cardiovascular,1,0.7542358796721512,0.7491649085794656,0.005070971092685617,0.8468226022803488,0.8465291750503018,0.0002934272300469942,0.6266442551545337,0.6217212073766247,0.004923047777908973,0.10694711012065376,0.10715995618742022,0.00021284606676645612,-0.003939014020346762,0.015405165576884382,1.0067688315811547,0.9947520297653671,1.0204196577679114,2000
same_baseline,stacking,"KNeighbors,RandomForest,AdaBoost,MLP",sigmoid,models/stacking_sensitivity/h7_CV17_THY_CONT_same_baseline.joblib,sigmoid,24,0.3999999999999999,saved stacking threshold,7,CV17_THY_CONT,Previous_MI,single variable,cardiovascular,1,0.7545418151157511,0.7493362826884991,0.00520553242725208,0.8468226022803488,0.8465291750503018,0.0002934272300469942,0.6266442551545337,0.6217212073766247,0.004923047777908973,0.106977825803903,0.10721034117473491,0.00023251537083190943,0.0,0.013259432111477442,1.0069468575691751,1.0,1.0180145733727384,2000
same_baseline,stacking,"KNeighbors,RandomForest,AdaBoost,MLP",isotonic,models/stacking_sensitivity/h7_CV17_THY_CONT_same_baseline.joblib,isotonic,25,0.32999999999999996,saved stacking threshold,7,CV17_THY_CONT,Previous_MI,single variable,cardiovascular,1,0.7498623008110008,0.7485872137581377,0.0012750870528630553,0.8466339704896043,0.8473926894701542,-0.0007587189805499106,0.6078162488237903,0.6032840439139138,0.004532204909876492,0.10763459558478214,0.10763871798513147,4.122400349332311e-06,-0.01091902206563288,0.013896473256697092,1.0017033246486562,0.9854597749871279,1.0187891740797839,2000
locked_baseline,stacking,"KNeighbors,RandomForest,AdaBoost,MLP",raw,models/stacking_sensitivity/h7_CV17_THY_CONT_locked_baseline.joblib,raw_fixed,26,0.5,fixed 0.5,7,CV17_THY_CONT,Previous_MI,single variable,cardiovascular,1,0.7294088812205308,0.731887270112395,-0.002478388891864136,0.8484657947686117,0.8482897384305835,0.00017605633802819654,0.6414093765224447,0.6389862952698787,0.0024230812525659617,0.10521713348319792,0.10528298735847672,6.585387527879849e-05,-0.009636103370370644,0.004905045938173419,0.9966137013265943,0.9870167500105241,1.0068830470477073,2000
locked_baseline,stacking,"KNeighbors,RandomForest,AdaBoost,MLP",raw,models/stacking_sensitivity/h7_CV17_THY_CONT_locked_baseline.joblib,raw_threshold,26,0.48999999999999994,saved stacking threshold,7,CV17_THY_CONT,Previous_MI,single variable,cardiovascular,1,0.7309705048555402,0.7336701586816248,-0.0026996538260846137,0.8484657947686117,0.8482897384305835,0.00017605633802819654,0.6414093765224447,0.6389862952698787,0.0024230812525659617,0.10521713348319792,0.10528298735847672,6.585387527879849e-05,-0.013051933303902136,0.006403736156222345,0.9963203439663734,0.9822745670225478,1.0087875057191216,2000
locked_baseline,stacking,"KNeighbors,RandomForest,AdaBoost,MLP",sigmoid,models/stacking_sensitivity/h7_CV17_THY_CONT_locked_baseline.joblib,sigmoid,27,0.48999999999999994,saved stacking threshold,7,CV17_THY_CONT,Previous_MI,single variable,cardiovascular,1,0.7294088812205308,0.7305260573322694,-0.0011171761117385604,0.8484657947686117,0.8482897384305835,0.00017605633802819654,0.6414093765224447,0.6389862952698787,0.0024230812525659617,0.10516829882784544,0.10524901995552159,8.072112767615325e-05,-0.008578492767465681,0.006887718696028305,0.9984707238016693,0.9883442098862015,1.0093980032834058,2000
locked_baseline,stacking,"KNeighbors,RandomForest,AdaBoost,MLP",isotonic,models/stacking_sensitivity/h7_CV17_THY_CONT_locked_baseline.joblib,isotonic,28,0.42999999999999994,saved stacking threshold,7,CV17_THY_CONT,Previous_MI,single variable,cardiovascular,1,0.7278237075983138,0.731887270112395,-0.0040635625140811316,0.8465459423205902,0.8464872568745808,5.8685446009398845e-05,0.6069580639148737,0.6098596670132361,-0.002901603098362404,0.10696678701552328,0.10638984263818413,-0.0005769443773391558,-0.010654591117799438,0.0013845722411335191,0.9944478300415621,0.9855963086769052,1.0018907883986408,2000
paper,stacking,"LogisticRegression,RandomForest,AdaBoost",raw,models/stacking_sensitivity/h7_CV17_THY_CONT_paper.joblib,raw_fixed,29,0.5,fixed 0.5,7,CV17_THY_CONT,Previous_MI,single variable,cardiovascular,1,0.7089681419188509,0.7115687189861162,-0.0026005770672652417,0.8476190476190476,0.8479795439302481,-0.00036049631120049774,0.6237386907226503,0.6225294585286532,0.0012092321939971562,0.10684277418145065,0.10669477547258602,-0.00014799870886463007,-0.006828794040971101,0.0,0.9963452903452942,0.9905566422746073,1.0,2000
paper,stacking,"LogisticRegression,RandomForest,AdaBoost",raw,models/stacking_sensitivity/h7_CV17_THY_CONT_paper.joblib,raw_threshold,29,0.3999999999999999,saved stacking threshold,7,CV17_THY_CONT,Previous_MI,single variable,cardiovascular,1,0.7571230982019364,0.7532057288180967,0.003917369383839686,0.8476190476190476,0.8479795439302481,-0.00036049631120049774,0.6237386907226503,0.6225294585286532,0.0012092321939971562,0.10684277418145065,0.10669477547258602,-0.00014799870886463007,0.0,0.010264741431458634,1.0052009288219126,1.0,1.0136311316812772,2000
paper,stacking,"LogisticRegression,RandomForest,AdaBoost",sigmoid,models/stacking_sensitivity/h7_CV17_THY_CONT_paper.joblib,sigmoid,30,0.38999999999999996,saved stacking threshold,7,CV17_THY_CONT,Previous_MI,single variable,cardiovascular,1,0.7571230982019364,0.7545418151157511,0.0025812830861852154,0.8476190476190476,0.8479795439302481,-0.00036049631120049774,0.6237386907226503,0.6225294585286532,0.0012092321939971562,0.10691330488299498,0.10679786315467006,-0.00011544172832492205,0.0,0.008173915541522208,1.0034209940847205,1.0,1.0110884111225182,2000
paper,stacking,"LogisticRegression,RandomForest,AdaBoost",isotonic,models/stacking_sensitivity/h7_CV17_THY_CONT_paper.joblib,isotonic,31,0.3499999999999999,saved stacking threshold,7,CV17_THY_CONT,Previous_MI,single variable,cardiovascular,1,0.7531190566334336,0.7531190566334336,0.0,0.8453093561368209,0.8467639168343394,-0.001454560697518481,0.6000089471701715,0.602978333288076,-0.0029693861179045378,0.10818818153761928,0.1074603854458453,-0.0007277960917739801,0.0,0.0,1.0,1.0,1.0,2000
same_members_reselected_C,stacking,"KNeighbors,RandomForest,AdaBoost,MLP",raw,cache/classification_explainability/prepared_h7_CV17_THY_CONT.joblib,raw_fixed,32,0.5,fixed 0.5,7,CV17_THY_CONT,Previous_MI,single variable,cardiovascular,1,0.6911228376548599,0.7026070967429754,-0.011484259088115456,0.8478286384976526,0.8479795439302481,-0.00015090543259554945,0.6291219667126018,0.6231467872193817,0.0059751794932201285,0.10710668881529546,0.10739669260541572,0.0002900037901202579,-0.023580793199016695,-0.002695609065322454,0.9836547920717679,0.9666452737364826,0.9962162566717925,2000
same_members_reselected_C,stacking,"KNeighbors,RandomForest,AdaBoost,MLP",raw,cache/classification_explainability/prepared_h7_CV17_THY_CONT.joblib,raw_threshold,32,0.36999999999999994,saved reselected-C validation threshold,7,CV17_THY_CONT,Previous_MI,single variable,cardiovascular,1,0.7617419431871222,0.755556676012741,0.0061852671743811705,0.8478286384976526,0.8479795439302481,-0.00015090543259554945,0.6291219667126018,0.6231467872193817,0.0059751794932201285,0.10710668881529546,0.10739669260541572,0.0002900037901202579,-0.0026788125067578827,0.01671890549772852,1.0081863708848717,0.9964556403019317,1.0224311350199158,2000
same_members_reselected_C,stacking,"KNeighbors,RandomForest,AdaBoost,MLP",sigmoid,cache/classification_explainability/prepared_h7_CV17_THY_CONT.joblib,sigmoid,33,0.35999999999999993,saved reselected-C validation threshold,7,CV17_THY_CONT,Previous_MI,single variable,cardiovascular,1,0.7511422092865845,0.7499851247396829,0.0011570845469015545,0.8478286384976526,0.8479795439302481,-0.00015090543259554945,0.6291219667126018,0.6231467872193817,0.0059751794932201285,0.10661452685674429,0.1068114737438866,0.00019694688714230746,-0.009262824266904307,0.012065984708328911,1.001542809995469,0.9878480998446209,1.016368074760296,2000
same_members_reselected_C,stacking,"KNeighbors,RandomForest,AdaBoost,MLP",isotonic,cache/classification_explainability/prepared_h7_CV17_THY_CONT.joblib,isotonic,34,0.33999999999999997,saved reselected-C validation threshold,7,CV17_THY_CONT,Previous_MI,single variable,cardiovascular,1,0.7556737369364912,0.7427598222413072,0.012913914695183992,0.8462692823608317,0.8463908450704225,-0.00012156270959085003,0.6070559198389371,0.6005076337624862,0.006548286076450971,0.10824084444828577,0.1089529095935168,0.0007120651452310334,0.0011786245884583158,0.02593461171752923,1.0173863937015546,1.0015845059593897,1.0356294406918851,2000
LogisticRegression,individual,LogisticRegression,raw,Cached fitted individual; sigmoid fitted to cached training OOF,raw_fixed,0,0.5,fixed 0.5,7,CV17_THY_CONT,Acute_MI,single variable,cardiovascular,1,0.7027203218095723,0.703778677462888,-0.0010583556533156901,0.8415828303152246,0.8392605633802817,0.0023222669349429736,0.586842265981418,0.5742786581704733,0.012563607810944677,0.16219265113101544,0.16288623475269512,0.0006935836216796776,-0.005563041622591008,0.0032517287755918353,0.9984961811330644,0.9923016508131332,1.0045840346869872,2000
LogisticRegression,individual,LogisticRegression,raw,Cached fitted individual; sigmoid fitted to cached training OOF,raw_threshold,0,0.6399999999999999,own validation,7,CV17_THY_CONT,Acute_MI,single variable,cardiovascular,1,0.7426812986420919,0.7388575182896513,0.0038237803524405756,0.8415828303152246,0.8392605633802817,0.0023222669349429736,0.586842265981418,0.5742786581704733,0.012563607810944677,0.16219265113101544,0.16288623475269512,0.0006935836216796776,-0.013433624556543719,0.021932275651304955,1.005175260801693,0.9822440579029913,1.0304525265321007,2000
LogisticRegression,individual,LogisticRegression,sigmoid,Cached fitted individual; sigmoid fitted to cached training OOF,sigmoid,1,0.38999999999999996,own validation,7,CV17_THY_CONT,Acute_MI,single variable,cardiovascular,1,0.7361367513642372,0.7292144244667238,0.006922326897513376,0.8415828303152246,0.8392605633802817,0.0023222669349429736,0.586842265981418,0.5742786581704733,0.012563607810944677,0.11137008767811421,0.11325770872073893,0.0018876210426247153,-0.00947910364355963,0.02440540943992837,1.0094928551400717,0.9870324491365193,1.0342263923514396,2000
SVC,individual,SVC,raw,Cached fitted individual; sigmoid fitted to cached training OOF,raw_fixed,2,0.5,fixed 0.5,7,CV17_THY_CONT,Acute_MI,single variable,cardiovascular,1,0.7011045261967771,0.6861173541198441,0.014987172076933009,0.8283702213279678,0.8253185781354796,0.003051643192488185,0.5568024589994544,0.5411113296090645,0.015691129390389857,0.11715140617654654,0.11938126333546473,0.002229857158918186,0.0,0.030954517900144345,1.0218434528538616,1.0,1.0464691171505647,2000
SVC,individual,SVC,raw,Cached fitted individual; sigmoid fitted to cached training OOF,raw_threshold,2,0.37999999999999995,own validation,7,CV17_THY_CONT,Acute_MI,single variable,cardiovascular,1,0.716891790418474,0.7101146655958596,0.006777124822614389,0.8283702213279678,0.8253185781354796,0.003051643192488185,0.5568024589994544,0.5411113296090645,0.015691129390389857,0.11715140617654654,0.11938126333546473,0.002229857158918186,-0.010038983371442588,0.023332581746909185,1.0095437049126814,0.9863514609262368,1.0337484237442633,2000
SVC,individual,SVC,sigmoid,Cached fitted individual; sigmoid fitted to cached training OOF,sigmoid,3,0.4099999999999999,own validation,7,CV17_THY_CONT,Acute_MI,single variable,cardiovascular,1,0.7072343406283659,0.6922927152188939,0.01494162540947197,0.8283702213279678,0.8253185781354796,0.003051643192488185,0.5568024589994544,0.5411113296090645,0.015691129390389857,0.1169250023920927,0.11922344241062502,0.0022984400185323134,0.0028350419015940958,0.029998455930471474,1.0215828147270734,1.0041030344751705,1.0446775539698592,2000
KNeighbors,individual,KNeighbors,raw,Cached fitted individual; sigmoid fitted to cached training OOF,raw_fixed,4,0.5,fixed 0.5,7,CV17_THY_CONT,Acute_MI,single variable,cardiovascular,1,0.7063464648956876,0.6989497379935449,0.0073967269021427695,0.8055122401073105,0.7976106639839035,0.007901576123407028,0.5386758931409478,0.5135180718540596,0.02515782128688815,0.1499207685451123,0.15048378554112057,0.0005630169960082754,-0.003992025908757829,0.01992297517249713,1.0105826306243084,0.9943918625367593,1.028932130288796,2000
KNeighbors,individual,KNeighbors,raw,Cached fitted individual; sigmoid fitted to cached training OOF,raw_threshold,4,0.59,own validation,7,CV17_THY_CONT,Acute_MI,single variable,cardiovascular,1,0.6881589091885617,0.6797028832630099,0.008456025925551836,0.8055122401073105,0.7976106639839035,0.007901576123407028,0.5386758931409478,0.5135180718540596,0.02515782128688815,0.1499207685451123,0.15048378554112057,0.0005630169960082754,-0.0034124189747072125,0.021444076514871065,1.0124407680675966,0.9951125416482026,1.0321326479711217,2000
KNeighbors,individual,KNeighbors,sigmoid,Cached fitted individual; sigmoid fitted to cached training OOF,sigmoid,5,0.30999999999999994,own validation,7,CV17_THY_CONT,Acute_MI,single variable,cardiovascular,1,0.6881589091885617,0.6797028832630099,0.008456025925551836,0.8055122401073105,0.7976106639839035,0.007901576123407028,0.5386758931409478,0.5135180718540596,0.02515782128688815,0.12173341907432166,0.12432487426466812,0.002591455190346467,-0.0034124189747072125,0.021444076514871065,1.0124407680675966,0.9951125416482026,1.0321326479711217,2000
RandomForest,individual,RandomForest,raw,Cached fitted individual; sigmoid fitted to cached training OOF,raw_fixed,6,0.5,fixed 0.5,7,CV17_THY_CONT,Acute_MI,single variable,cardiovascular,1,0.7491346656217346,0.7444430779321937,0.004691587689540921,0.8410127431254192,0.841088195841717,-7.545271629783024e-05,0.6356546074048491,0.6307323564015398,0.004922251003309341,0.12209730025536963,0.12178742878073592,-0.00030987147463371056,0.0,0.01200659413844504,1.0063021442855946,1.0,1.0164410863099957,2000
RandomForest,individual,RandomForest,raw,Cached fitted individual; sigmoid fitted to cached training OOF,raw_threshold,6,0.5299999999999999,own validation,7,CV17_THY_CONT,Acute_MI,single variable,cardiovascular,1,0.74400817251728,0.7440391529810861,-3.098046380611841e-05,0.8410127431254192,0.841088195841717,-7.545271629783024e-05,0.6356546074048491,0.6307323564015398,0.004922251003309341,0.12209730025536963,0.12178742878073592,-0.00030987147463371056,-0.005482762995254994,0.006844341789994097,0.9999583617828686,0.9927887200592997,1.0091774162230656,2000
RandomForest,individual,RandomForest,sigmoid,Cached fitted individual; sigmoid fitted to cached training OOF,sigmoid,7,0.37999999999999995,own validation,7,CV17_THY_CONT,Acute_MI,single variable,cardiovascular,1,0.7452590842555569,0.7453059071729957,-4.682291743884903e-05,0.8410127431254192,0.841088195841717,-7.545271629783024e-05,0.6356546074048491,0.6307323564015398,0.004922251003309341,0.10692705464634006,0.1074450435740953,0.0005179889277552446,-0.005452728931515169,0.0068039008380305155,0.9999371762426834,0.992810532524075,1.0090805119831914,2000
AdaBoost,individual,AdaBoost,raw,Cached fitted individual; sigmoid fitted to cached training OOF,raw_fixed,8,0.5,fixed 0.5,7,CV17_THY_CONT,Acute_MI,single variable,cardiovascular,1,0.7035592443093917,0.7016639640427664,0.001895280266625221,0.8369634473507713,0.8363346747149564,0.0006287726358149559,0.5904214779938294,0.5885567322126507,0.0018647457811786783,0.1861595753416243,0.18596732695582735,-0.0001922483857969559,0.0,0.00605374153648244,1.0027011224229119,1.0,1.0087791765877623,2000
AdaBoost,individual,AdaBoost,raw,Cached fitted individual; sigmoid fitted to cached training OOF,raw_threshold,8,0.58,own validation,7,CV17_THY_CONT,Acute_MI,single variable,cardiovascular,1,0.7308812260536399,0.7282010145631617,0.002680211490478257,0.8369634473507713,0.8363346747149564,0.0006287726358149559,0.5904214779938294,0.5885567322126507,0.0018647457811786783,0.1861595753416243,0.18596732695582735,-0.0001922483857969559,0.0,0.00863655139130901,1.003680592908932,1.0,1.012119739603329,2000
AdaBoost,individual,AdaBoost,sigmoid,Cached fitted individual; sigmoid fitted to cached training OOF,sigmoid,9,0.4099999999999999,own validation,7,CV17_THY_CONT,Acute_MI,single variable,cardiovascular,1,0.7293557557283282,0.7266300366300367,0.002725719098291557,0.8369634473507713,0.8363346747149564,0.0006287726358149559,0.5904214779938294,0.5885567322126507,0.0018647457811786783,0.11138800805411916,0.11175285736872564,0.0003648493146064802,0.0,0.008797845239567127,1.0037511786753723,1.0,1.012362421566166,2000
MLP,individual,MLP,raw,Cached fitted individual; sigmoid fitted to cached training OOF,raw_fixed,10,0.5,fixed 0.5,7,CV17_THY_CONT,Acute_MI,single variable,cardiovascular,1,0.7086712317698171,0.7190584662110857,-0.010387234441268656,0.8466968477531858,0.8433350100603622,0.0033618376928236104,0.6105382221434775,0.586482150661958,0.02405607148151956,0.15329636532074958,0.15376723460008995,0.00047086927934036904,-0.021407114934138088,-0.0006662266940177539,0.9855543951856908,0.9705758094240765,0.9990597735883068,2000
MLP,individual,MLP,raw,Cached fitted individual; sigmoid fitted to cached training OOF,raw_threshold,10,0.6799999999999999,own validation,7,CV17_THY_CONT,Acute_MI,single variable,cardiovascular,1,0.7489136160834274,0.750305556460104,-0.0013919403766765592,0.8466968477531858,0.8433350100603622,0.0033618376928236104,0.6105382221434775,0.586482150661958,0.02405607148151956,0.15329636532074958,0.15376723460008995,0.00047086927934036904,-0.01530114765959488,0.012531484841521914,0.9981448353078396,0.9792153076121102,1.0170092048178225,2000
MLP,individual,MLP,sigmoid,Cached fitted individual; sigmoid fitted to cached training OOF,sigmoid,11,0.31999999999999995,own validation,7,CV17_THY_CONT,Acute_MI,single variable,cardiovascular,1,0.7574482553444686,0.750206910821436,0.0072413445230326,0.8466968477531858,0.8433350100603622,0.0033618376928236104,0.6105382221434775,0.586482150661958,0.02405607148151956,0.11299743818759635,0.11546418854450616,0.002466750356909811,-0.004565800764987832,0.019654589502516265,1.0096524630986186,0.9940236006502979,1.0265154322571302,2000
GradientBoosting,individual,GradientBoosting,raw,Cached fitted individual; sigmoid fitted to cached training OOF,raw_fixed,12,0.5,fixed 0.5,7,CV17_THY_CONT,Acute_MI,single variable,cardiovascular,1,0.7196397818599312,0.7198170407403468,-0.00017725888041564275,0.840627095908786,0.8387156270959087,0.0019114688128772928,0.6218609666423225,0.6166645079514053,0.005196458690917227,0.13797559292209854,0.13719942351261996,-0.0007761694094785831,-0.004616562813903541,0.0052286025481791225,0.9997537445345371,0.9936038328714243,1.0073141882822443,2000
GradientBoosting,individual,GradientBoosting,raw,Cached fitted individual; sigmoid fitted to cached training OOF,raw_threshold,12,0.6599999999999999,own validation,7,CV17_THY_CONT,Acute_MI,single variable,cardiovascular,1,0.7604147716936511,0.7542358796721512,0.006178892021499904,0.840627095908786,0.8387156270959087,0.0019114688128772928,0.6218609666423225,0.6166645079514053,0.005196458690917227,0.13797559292209854,0.13719942351261996,-0.0007761694094785831,-0.0013642212181889408,0.016005267208849577,1.0081922541581896,0.9982098492430455,1.0211746688157781,2000
GradientBoosting,individual,GradientBoosting,sigmoid,Cached fitted individual; sigmoid fitted to cached training OOF,sigmoid,13,0.37999999999999995,own validation,7,CV17_THY_CONT,Acute_MI,single variable,cardiovascular,1,0.7579298142781161,0.7517071748475874,0.006222639430528698,0.840627095908786,0.8387156270959087,0.0019114688128772928,0.6218609666423225,0.6166645079514053,0.005196458690917227,0.10818765827236983,0.10936168891818726,0.0011740306458174338,-0.00135295817603161,0.016096897894346276,1.0082780098936668,0.998219713842388,1.021486323247169,2000
XGBoost,individual,XGBoost,raw,Cached fitted individual; sigmoid fitted to cached training OOF,raw_fixed,14,0.5,fixed 0.5,7,CV17_THY_CONT,Acute_MI,single variable,cardiovascular,1,0.7340850209815728,0.7333787302960311,0.0007062906855417328,0.8427649228705567,0.8418511066398391,0.0009138162307176234,0.6207142319116041,0.6152341514675805,0.005480080444023594,0.142721285120714,0.14207702303767045,-0.0006442620830435508,-0.005991374086842647,0.008695828470752764,1.0009630640436717,0.9919185482496624,1.011978684249485,2000
XGBoost,individual,XGBoost,raw,Cached fitted individual; sigmoid fitted to cached training OOF,raw_threshold,14,0.6,own validation,7,CV17_THY_CONT,Acute_MI,single variable,cardiovascular,1,0.7375657580105213,0.737586410793958,-2.0652783436769795e-05,0.8427649228705567,0.8418511066398391,0.0009138162307176234,0.6207142319116041,0.6152341514675805,0.005480080444023594,0.142721285120714,0.14207702303767045,-0.0006442620830435508,-0.005276921109520746,0.006521655900948783,0.9999719995065872,0.9929049639483328,1.0089777781583045,2000
XGBoost,individual,XGBoost,sigmoid,Cached fitted individual; sigmoid fitted to cached training OOF,sigmoid,15,0.36999999999999994,own validation,7,CV17_THY_CONT,Acute_MI,single variable,cardiovascular,1,0.738826364323119,0.7388526794951376,-2.6315172018565036e-05,0.8427649228705567,0.8418511066398391,0.0009138162307176234,0.6207142319116041,0.6152341514675805,0.005480080444023594,0.10779122172922385,0.10858346822155338,0.0007922464923295208,-0.005294360989235853,0.0065302579290256344,0.9999643837360966,0.9929045165596172,1.0089754615358255,2000
paper,voting,"LogisticRegression,RandomForest,AdaBoost",raw,models/predictive_sensitivity/h7_CV17_THY_CONT_paper.joblib,raw_fixed,16,0.5,fixed 0.5,7,CV17_THY_CONT,Acute_MI,single variable,cardiovascular,1,0.7329425928388122,0.7322324860189451,0.0007101068198671623,0.8474765258215963,0.8462860496311201,0.0011904761904761862,0.6249100841759544,0.6173829227768299,0.00752716139912446,0.14916737933582,0.14918372212127892,1.634278545892265e-05,-0.00569160369998255,0.008439574378076438,1.000969783277068,0.9922295837372909,1.011692983346954,2000
paper,voting,"LogisticRegression,RandomForest,AdaBoost",raw,models/predictive_sensitivity/h7_CV17_THY_CONT_paper.joblib,raw_threshold,16,0.38999999999999996,saved voting threshold (also applied to raw),7,CV17_THY_CONT,Acute_MI,single variable,cardiovascular,1,0.661069806744196,0.6603740253411305,0.0006957814030654763,0.8474765258215963,0.8462860496311201,0.0011904761904761862,0.6249100841759544,0.6173829227768299,0.00752716139912446,0.14916737933582,0.14918372212127892,1.634278545892265e-05,-0.0038912835523751245,0.005586272010939796,1.0010536171568925,0.9940638344204319,1.0086724102146025,2000
paper,voting,"LogisticRegression,RandomForest,AdaBoost",sigmoid,models/predictive_sensitivity/h7_CV17_THY_CONT_paper.joblib,sigmoid,17,0.38999999999999996,saved voting threshold (also applied to raw),7,CV17_THY_CONT,Acute_MI,single variable,cardiovascular,1,0.7596902502253029,0.7480403565658506,0.011649893659452348,0.8474765258215963,0.8462860496311201,0.0011904761904761862,0.6249100841759544,0.6173829227768299,0.00752716139912446,0.10681940292729272,0.10778367403186626,0.000964271104573533,-3.478674278078822e-08,0.024621642349930663,1.0155738838916866,0.999999953666773,1.0334036250633507,2000
paper_locked,voting,"LogisticRegression,RandomForest,AdaBoost",raw,models/final_h7_CV17_THY_CONT_paper_locked.joblib,raw_fixed,18,0.5,fixed 0.5,7,CV17_THY_CONT,Acute_MI,single variable,cardiovascular,1,0.7281870738748857,0.7272740406842348,0.000913033190650836,0.8466381623071764,0.8447099262240108,0.0019282360831656131,0.6220693480215564,0.6133728053574636,0.00869654266409281,0.1566021485441328,0.15692000522491178,0.000317856680778994,-0.003250214870637147,0.006176737934137354,1.0012554183699336,0.9954630090717411,1.008558509411959,2000
paper_locked,voting,"LogisticRegression,RandomForest,AdaBoost",raw,models/final_h7_CV17_THY_CONT_paper_locked.joblib,raw_threshold,18,0.43999999999999995,saved voting threshold (also applied to raw),7,CV17_THY_CONT,Acute_MI,single variable,cardiovascular,1,0.6898933929555102,0.683750128640527,0.006143264314983243,0.8466381623071764,0.8447099262240108,0.0019282360831656131,0.6220693480215564,0.6133728053574636,0.00869654266409281,0.1566021485441328,0.15692000522491178,0.000317856680778994,0.0010149076431615722,0.012379596463436476,1.0089846627556731,1.0014911242315836,1.0180999615929094,2000
paper_locked,voting,"LogisticRegression,RandomForest,AdaBoost",sigmoid,models/final_h7_CV17_THY_CONT_paper_locked.joblib,sigmoid,19,0.43999999999999995,saved voting threshold (also applied to raw),7,CV17_THY_CONT,Acute_MI,single variable,cardiovascular,1,0.7243328100470958,0.7287074579621335,-0.0043746479150377215,0.8466381623071764,0.8447099262240108,0.0019282360831656131,0.6220693480215564,0.6133728053574636,0.00869654266409281,0.10735395528864841,0.10834226223982583,0.0009883069511774228,-0.01644877628749211,0.006814549445909436,0.9939967021508581,0.9773374263630215,1.0093884686508956,2000
own,stacking,"LogisticRegression,KNeighbors,AdaBoost",raw,models/stacking_sensitivity/h7_CV17_THY_CONT_own.joblib,raw_fixed,20,0.5,fixed 0.5,7,CV17_THY_CONT,Acute_MI,single variable,cardiovascular,1,0.7036772224208319,0.6961663456909003,0.007510876729931559,0.8452045606975185,0.8427230046948356,0.00248155600268285,0.6027119778421592,0.5924611896579133,0.010250788184245962,0.10917993345567255,0.1104695976182988,0.0012896641626262556,-0.0007630899308407655,0.018258569659568263,1.0107889109785644,0.9989216413074441,1.0268005746675912,2000
own,stacking,"LogisticRegression,KNeighbors,AdaBoost",raw,models/stacking_sensitivity/h7_CV17_THY_CONT_own.joblib,raw_threshold,20,0.33999999999999997,saved stacking threshold,7,CV17_THY_CONT,Acute_MI,single variable,cardiovascular,1,0.7554362964476055,0.7471979035394464,0.008238392908159087,0.8452045606975185,0.8427230046948356,0.00248155600268285,0.6027119778421592,0.5924611896579133,0.010250788184245962,0.10917993345567255,0.1104695976182988,0.0012896641626262556,-0.001530054731577693,0.02029335308966546,1.0110257173757236,0.9979928220166702,1.0281018524560221,2000
own,stacking,"LogisticRegression,KNeighbors,AdaBoost",sigmoid,models/stacking_sensitivity/h7_CV17_THY_CONT_own.joblib,sigmoid,21,0.32999999999999996,saved stacking threshold,7,CV17_THY_CONT,Acute_MI,single variable,cardiovascular,1,0.7554362964476055,0.745937967745226,0.009498328702379433,0.8452045606975185,0.8427230046948356,0.00248155600268285,0.6027119778421592,0.5924611896579133,0.010250788184245962,0.10921388840861973,0.110521794296231,0.0013079058876112742,-0.0006372710342320481,0.02158104203226683,1.012733402927713,0.9991778375151,1.029764819576303,2000
own,stacking,"LogisticRegression,KNeighbors,AdaBoost",isotonic,models/stacking_sensitivity/h7_CV17_THY_CONT_own.joblib,isotonic,22,0.33999999999999997,saved stacking threshold,7,CV17_THY_CONT,Acute_MI,single variable,cardiovascular,1,0.756166353170578,0.7496545522338955,0.006511800936682466,0.8448608316566063,0.8433559691482226,0.0015048625083836642,0.5843766539391511,0.5756227969491894,0.008753856989961672,0.11066089189702547,0.11185751698615967,0.0011966250891342067,-0.003644322889453269,0.01793932746677678,1.0086864021798814,0.995031215607056,1.0243955499589283,2000
same_baseline,stacking,"KNeighbors,RandomForest,AdaBoost,MLP",raw,models/stacking_sensitivity/h7_CV17_THY_CONT_same_baseline.joblib,raw_fixed,23,0.5,fixed 0.5,7,CV17_THY_CONT,Acute_MI,single variable,cardiovascular,1,0.7046565588361673,0.7016164780283105,0.003040080807856782,0.8468226022803488,0.8455063715627096,0.0013162307176391996,0.6266442551545337,0.6205483665415482,0.0060958886129854895,0.10694711012065376,0.10782965808687943,0.0008825479662256663,0.0,0.009880071542705704,1.0043329666606464,1.0,1.0146421383911752,2000
same_baseline,stacking,"KNeighbors,RandomForest,AdaBoost,MLP",raw,models/stacking_sensitivity/h7_CV17_THY_CONT_same_baseline.joblib,raw_threshold,23,0.38999999999999996,saved stacking threshold,7,CV17_THY_CONT,Acute_MI,single variable,cardiovascular,1,0.7542358796721512,0.7453432788896048,0.00889260078254639,0.8468226022803488,0.8455063715627096,0.0013162307176391996,0.6266442551545337,0.6205483665415482,0.0060958886129854895,0.10694711012065376,0.10782965808687943,0.0008825479662256663,-0.0006642428195995725,0.02025757849029421,1.0119308794141062,0.9991507306793953,1.0276331476235971,2000
same_baseline,stacking,"KNeighbors,RandomForest,AdaBoost,MLP",sigmoid,models/stacking_sensitivity/h7_CV17_THY_CONT_same_baseline.joblib,sigmoid,24,0.3999999999999999,saved stacking threshold,7,CV17_THY_CONT,Acute_MI,single variable,cardiovascular,1,0.7545418151157511,0.7440629640088543,0.010478851106896836,0.8468226022803488,0.8455063715627096,0.0013162307176391996,0.6266442551545337,0.6205483665415482,0.0060958886129854895,0.106977825803903,0.10786620920675098,0.0008883834028479837,-0.00034481810301561773,0.023056718214226574,1.0140832854392308,0.9995517439015404,1.031570814733583,2000
same_baseline,stacking,"KNeighbors,RandomForest,AdaBoost,MLP",isotonic,models/stacking_sensitivity/h7_CV17_THY_CONT_same_baseline.joblib,isotonic,25,0.32999999999999996,saved stacking threshold,7,CV17_THY_CONT,Acute_MI,single variable,cardiovascular,1,0.7498623008110008,0.7437136185190198,0.006148682291980956,0.8466339704896043,0.8450913816230717,0.0015425888665325793,0.6078162488237903,0.600550965184951,0.0072652836388392705,0.10763459558478214,0.10848695022151189,0.0008523546367297519,-0.0012480711998000631,0.0151086231358208,1.008267540272054,0.9983309783206498,1.0205157958535322,2000
locked_baseline,stacking,"KNeighbors,RandomForest,AdaBoost,MLP",raw,models/stacking_sensitivity/h7_CV17_THY_CONT_locked_baseline.joblib,raw_fixed,26,0.5,fixed 0.5,7,CV17_THY_CONT,Acute_MI,single variable,cardiovascular,1,0.7294088812205308,0.7222087012392793,0.007200179981251553,0.8484657947686117,0.8469399731723676,0.001525821596244148,0.6414093765224447,0.6331541196675521,0.00825525685489259,0.10521713348319792,0.10626587123681967,0.0010487377536217563,0.0,0.01699022695200002,1.0099696666197684,1.0,1.0240372508654227,2000
locked_baseline,stacking,"KNeighbors,RandomForest,AdaBoost,MLP",raw,models/stacking_sensitivity/h7_CV17_THY_CONT_locked_baseline.joblib,raw_threshold,26,0.48999999999999994,saved stacking threshold,7,CV17_THY_CONT,Acute_MI,single variable,cardiovascular,1,0.7309705048555402,0.7251476037594369,0.0058229010961032834,0.8484657947686117,0.8469399731723676,0.001525821596244148,0.6414093765224447,0.6331541196675521,0.00825525685489259,0.10521713348319792,0.10626587123681967,0.0010487377536217563,0.0,0.015232845921800152,1.008029952889474,1.0,1.021370313320106,2000
locked_baseline,stacking,"KNeighbors,RandomForest,AdaBoost,MLP",sigmoid,models/stacking_sensitivity/h7_CV17_THY_CONT_locked_baseline.joblib,sigmoid,27,0.48999999999999994,saved stacking threshold,7,CV17_THY_CONT,Acute_MI,single variable,cardiovascular,1,0.7294088812205308,0.7222087012392793,0.007200179981251553,0.8484657947686117,0.8469399731723676,0.001525821596244148,0.6414093765224447,0.6331541196675521,0.00825525685489259,0.10516829882784544,0.10623345102928886,0.0010651522014434173,0.0,0.01699022695200002,1.0099696666197684,1.0,1.0240372508654227,2000
locked_baseline,stacking,"KNeighbors,RandomForest,AdaBoost,MLP",isotonic,models/stacking_sensitivity/h7_CV17_THY_CONT_locked_baseline.joblib,isotonic,28,0.42999999999999994,saved stacking threshold,7,CV17_THY_CONT,Acute_MI,single variable,cardiovascular,1,0.7278237075983138,0.7235374667730905,0.004286240825223331,0.8465459423205902,0.8447979543930249,0.0017479879275653643,0.6069580639148737,0.5987607087036593,0.008197355211214452,0.10696678701552328,0.10837618685332447,0.0014093998378011813,-0.005495124684278788,0.014748452424102929,1.0059240067336659,0.9925519480763003,1.0207758710582777,2000
paper,stacking,"LogisticRegression,RandomForest,AdaBoost",raw,models/stacking_sensitivity/h7_CV17_THY_CONT_paper.joblib,raw_fixed,29,0.5,fixed 0.5,7,CV17_THY_CONT,Acute_MI,single variable,cardiovascular,1,0.7089681419188509,0.7028940939932173,0.006074047925633597,0.8476190476190476,0.8463363514419853,0.0012826961770623369,0.6237386907226503,0.6162033051700403,0.007535385552610019,0.10684277418145065,0.10786433234754231,0.00102155816609166,0.0,0.0162349711353746,1.0086414837989692,1.0,1.0232810622620743,2000
paper,stacking,"LogisticRegression,RandomForest,AdaBoost",raw,models/stacking_sensitivity/h7_CV17_THY_CONT_paper.joblib,raw_threshold,29,0.3999999999999999,saved stacking threshold,7,CV17_THY_CONT,Acute_MI,single variable,cardiovascular,1,0.7571230982019364,0.7453965492243004,0.01172654897763592,0.8476190476190476,0.8463363514419853,0.0012826961770623369,0.6237386907226503,0.6162033051700403,0.007535385552610019,0.10684277418145065,0.10786433234754231,0.00102155816609166,0.00012799734380067597,0.024195626478554663,1.0157319603771162,1.0001718587262525,1.0330840521806686,2000
paper,stacking,"LogisticRegression,RandomForest,AdaBoost",sigmoid,models/stacking_sensitivity/h7_CV17_THY_CONT_paper.joblib,sigmoid,30,0.38999999999999996,saved stacking threshold,7,CV17_THY_CONT,Acute_MI,single variable,cardiovascular,1,0.7571230982019364,0.7453965492243004,0.01172654897763592,0.8476190476190476,0.8463363514419853,0.0012826961770623369,0.6237386907226503,0.6162033051700403,0.007535385552610019,0.10691330488299498,0.10796143649433237,0.0010481316113373912,0.00012799734380067597,0.024195626478554663,1.0157319603771162,1.0001718587262525,1.0330840521806686,2000
paper,stacking,"LogisticRegression,RandomForest,AdaBoost",isotonic,models/stacking_sensitivity/h7_CV17_THY_CONT_paper.joblib,isotonic,31,0.3499999999999999,saved stacking threshold,7,CV17_THY_CONT,Acute_MI,single variable,cardiovascular,1,0.7531190566334336,0.7453888225733574,0.007730234060076224,0.8453093561368209,0.8447057344064386,0.0006036217303823088,0.6000089471701715,0.5942331843323988,0.005775762837772702,0.10818818153761928,0.10903346206265482,0.0008452805250355466,-0.0050960431335815405,0.02157666902404371,1.0103707405128355,0.993139469398721,1.0292071756693077,2000
same_members_reselected_C,stacking,"KNeighbors,RandomForest,AdaBoost,MLP",raw,cache/classification_explainability/prepared_h7_CV17_THY_CONT.joblib,raw_fixed,32,0.5,fixed 0.5,7,CV17_THY_CONT,Acute_MI,single variable,cardiovascular,1,0.6911228376548599,0.687931594768056,0.0031912428868039466,0.8478286384976526,0.8460513078470825,0.0017773306505700637,0.6291219667126018,0.6214371874964362,0.007684779216165616,0.10710668881529546,0.1082298018697864,0.0011231130544909346,0.0,0.010403992108515859,1.0046388956563042,1.0,1.0156033218142457,2000
same_members_reselected_C,stacking,"KNeighbors,RandomForest,AdaBoost,MLP",raw,cache/classification_explainability/prepared_h7_CV17_THY_CONT.joblib,raw_threshold,32,0.36999999999999994,saved reselected-C validation threshold,7,CV17_THY_CONT,Acute_MI,single variable,cardiovascular,1,0.7617419431871222,0.7530239099859353,0.008718033201186914,0.8478286384976526,0.8460513078470825,0.0017773306505700637,0.6291219667126018,0.6214371874964362,0.007684779216165616,0.10710668881529546,0.1082298018697864,0.0011231130544909346,-0.00019584965844435254,0.01936718128386926,1.0115773657191705,0.9997404838236551,1.0260935941254756,2000
same_members_reselected_C,stacking,"KNeighbors,RandomForest,AdaBoost,MLP",sigmoid,cache/classification_explainability/prepared_h7_CV17_THY_CONT.joblib,sigmoid,33,0.35999999999999993,saved reselected-C validation threshold,7,CV17_THY_CONT,Acute_MI,single variable,cardiovascular,1,0.7511422092865845,0.7400502254607728,0.011091983825811669,0.8478286384976526,0.8460513078470825,0.0017773306505700637,0.6291219667126018,0.6214371874964362,0.007684779216165616,0.10661452685674429,0.10775398162065562,0.001139454763911335,0.0013933678112637378,0.022059832173920817,1.0149881500527962,1.0018952394048999,1.0304803796812736,2000
same_members_reselected_C,stacking,"KNeighbors,RandomForest,AdaBoost,MLP",isotonic,cache/classification_explainability/prepared_h7_CV17_THY_CONT.joblib,isotonic,34,0.33999999999999997,saved reselected-C validation threshold,7,CV17_THY_CONT,Acute_MI,single variable,cardiovascular,1,0.7556737369364912,0.7479678234070251,0.007705913529466146,0.8462692823608317,0.8443368544600939,0.0019324279007377765,0.6070559198389371,0.5971916166836064,0.009864303155330711,0.10824084444828577,0.10935988738731997,0.0011190429390341983,-0.000307369981985428,0.01788606267157237,1.010302466614627,0.9996047926577574,1.0246165102333262,2000
LogisticRegression,individual,LogisticRegression,raw,Cached fitted individual; sigmoid fitted to cached training OOF,raw_fixed,0,0.5,fixed 0.5,7,CV17_THY_CONT,Angiography,single variable,cardiovascular,1,0.7027203218095723,0.7020739453824855,0.0006463764270868699,0.8415828303152246,0.8394533869885983,0.0021294433266263457,0.586842265981418,0.5795537858273582,0.0072884801540598065,0.16219265113101544,0.16275455574201989,0.0005619046110044434,-0.006470423433135539,0.00926998316559432,1.0009206671623951,0.9908560000289532,1.0132263845014373,2000
LogisticRegression,individual,LogisticRegression,raw,Cached fitted individual; sigmoid fitted to cached training OOF,raw_threshold,0,0.6399999999999999,own validation,7,CV17_THY_CONT,Angiography,single variable,cardiovascular,1,0.7426812986420919,0.7388718152076931,0.003809483434398797,0.8415828303152246,0.8394533869885983,0.0021294433266263457,0.586842265981418,0.5795537858273582,0.0072884801540598065,0.16219265113101544,0.16275455574201989,0.0005619046110044434,-0.00882075439056415,0.016890679091375524,1.0051558110026542,0.9882844936079671,1.0234002272820402,2000
LogisticRegression,individual,LogisticRegression,sigmoid,Cached fitted individual; sigmoid fitted to cached training OOF,sigmoid,1,0.38999999999999996,own validation,7,CV17_THY_CONT,Angiography,single variable,cardiovascular,1,0.7361367513642372,0.7292144244667238,0.006922326897513376,0.8415828303152246,0.8394533869885983,0.0021294433266263457,0.586842265981418,0.5795537858273582,0.0072884801540598065,0.11137008767811421,0.1123898171524437,0.0010197294743294893,-0.0036921446894548236,0.018932172255342772,1.0094928551400717,0.9949086752637358,1.0263550617723471,2000
SVC,individual,SVC,raw,Cached fitted individual; sigmoid fitted to cached training OOF,raw_fixed,2,0.5,fixed 0.5,7,CV17_THY_CONT,Angiography,single variable,cardiovascular,1,0.7011045261967771,0.6917629593965655,0.009341566800211587,0.8283702213279678,0.8243125419181757,0.00405767940979207,0.5568024589994544,0.5471965450593819,0.009605913940072486,0.11715140617654654,0.11884972873855425,0.0016983225620077064,0.0,0.02209904242045166,1.0135039997058535,1.0,1.0332373321313026,2000
SVC,individual,SVC,raw,Cached fitted individual; sigmoid fitted to cached training OOF,raw_threshold,2,0.37999999999999995,own validation,7,CV17_THY_CONT,Angiography,single variable,cardiovascular,1,0.716891790418474,0.7071354518819022,0.009756338536571763,0.8283702213279678,0.8243125419181757,0.00405767940979207,0.5568024589994544,0.5471965450593819,0.009605913940072486,0.11715140617654654,0.11884972873855425,0.0016983225620077064,-0.007915735234311827,0.028543094969420785,1.0137969868581855,0.9890122725977353,1.0411146049850928,2000
SVC,individual,SVC,sigmoid,Cached fitted individual; sigmoid fitted to cached training OOF,sigmoid,3,0.4099999999999999,own validation,7,CV17_THY_CONT,Angiography,single variable,cardiovascular,1,0.7072343406283659,0.6983255903987611,0.0089087502296048,0.8283702213279678,0.8243125419181757,0.00405767940979207,0.5568024589994544,0.5471965450593819,0.009605913940072486,0.1169250023920927,0.11864684185277768,0.001721839460684979,-0.004274979453139707,0.02378947738561629,1.012757301682898,0.9936821809269057,1.0343930487576334,2000
KNeighbors,individual,KNeighbors,raw,Cached fitted individual; sigmoid fitted to cached training OOF,raw_fixed,4,0.5,fixed 0.5,7,CV17_THY_CONT,Angiography,single variable,cardiovascular,1,0.7063464648956876,0.689197955131488,0.017148509764199682,0.8055122401073105,0.813514419852448,-0.008002179745137505,0.5386758931409478,0.5374498316074946,0.001226061533453171,0.1499207685451123,0.15012315323966235,0.00020238469455005625,-0.003029733275823665,0.037331734457783,1.0248818349452706,0.9956121252314929,1.0547170340577936,2000
KNeighbors,individual,KNeighbors,raw,Cached fitted individual; sigmoid fitted to cached training OOF,raw_threshold,4,0.59,own validation,7,CV17_THY_CONT,Angiography,single variable,cardiovascular,1,0.6881589091885617,0.7109765499796425,-0.02281764079108084,0.8055122401073105,0.813514419852448,-0.008002179745137505,0.5386758931409478,0.5374498316074946,0.001226061533453171,0.1499207685451123,0.15012315323966235,0.00020238469455005625,-0.04270977767640921,-0.0022993355345857715,0.9679066197165938,0.9403186341137779,0.9967344012468611,2000
KNeighbors,individual,KNeighbors,sigmoid,Cached fitted individual; sigmoid fitted to cached training OOF,sigmoid,5,0.30999999999999994,own validation,7,CV17_THY_CONT,Angiography,single variable,cardiovascular,1,0.6881589091885617,0.7109765499796425,-0.02281764079108084,0.8055122401073105,0.813514419852448,-0.008002179745137505,0.5386758931409478,0.5374498316074946,0.001226061533453171,0.12173341907432166,0.12082295690578315,-0.0009104621685385034,-0.04270977767640921,-0.0022993355345857715,0.9679066197165938,0.9403186341137779,0.9967344012468611,2000
RandomForest,individual,RandomForest,raw,Cached fitted individual; sigmoid fitted to cached training OOF,raw_fixed,6,0.5,fixed 0.5,7,CV17_THY_CONT,Angiography,single variable,cardiovascular,1,0.7491346656217346,0.7422823989358048,0.006852266685929753,0.8410127431254192,0.8370472837022133,0.003965459423205919,0.6356546074048491,0.6237189678704038,0.01193563953444532,0.12209730025536963,0.12300117294714474,0.0009038726917751094,-0.003944022941570905,0.01965932422326502,1.009231347389826,0.9947094570820811,1.027150893236153,2000
RandomForest,individual,RandomForest,raw,Cached fitted individual; sigmoid fitted to cached training OOF,raw_threshold,6,0.5299999999999999,own validation,7,CV17_THY_CONT,Angiography,single variable,cardiovascular,1,0.74400817251728,0.740134175217048,0.0038739973002319683,0.8410127431254192,0.8370472837022133,0.003965459423205919,0.6356546074048491,0.6237189678704038,0.01193563953444532,0.12209730025536963,0.12300117294714474,0.0009038726917751094,-0.008124966861117166,0.017190716609810214,1.0052341824360371,0.989073237454964,1.0236533173434614,2000
RandomForest,individual,RandomForest,sigmoid,Cached fitted individual; sigmoid fitted to cached training OOF,sigmoid,7,0.37999999999999995,own validation,7,CV17_THY_CONT,Angiography,single variable,cardiovascular,1,0.7452590842555569,0.7427598222413072,0.002499262014249659,0.8410127431254192,0.8370472837022133,0.003965459423205919,0.6356546074048491,0.6237189678704038,0.01193563953444532,0.10692705464634006,0.10900557132507248,0.00207851667873242,-0.009413317952835176,0.01564728739681836,1.0033648319946924,0.9875680094154227,1.0212263012510205,2000
AdaBoost,individual,AdaBoost,raw,Cached fitted individual; sigmoid fitted to cached training OOF,raw_fixed,8,0.5,fixed 0.5,7,CV17_THY_CONT,Angiography,single variable,cardiovascular,1,0.7035592443093917,0.7035592443093917,0.0,0.8369634473507713,0.8369634473507713,0.0,0.5904214779938294,0.5904214779938294,0.0,0.1861595753416243,0.1861595753416243,0.0,0.0,0.0,1.0,1.0,1.0,2000
AdaBoost,individual,AdaBoost,raw,Cached fitted individual; sigmoid fitted to cached training OOF,raw_threshold,8,0.58,own validation,7,CV17_THY_CONT,Angiography,single variable,cardiovascular,1,0.7308812260536399,0.7308812260536399,0.0,0.8369634473507713,0.8369634473507713,0.0,0.5904214779938294,0.5904214779938294,0.0,0.1861595753416243,0.1861595753416243,0.0,0.0,0.0,1.0,1.0,1.0,2000
AdaBoost,individual,AdaBoost,sigmoid,Cached fitted individual; sigmoid fitted to cached training OOF,sigmoid,9,0.4099999999999999,own validation,7,CV17_THY_CONT,Angiography,single variable,cardiovascular,1,0.7293557557283282,0.7293557557283282,0.0,0.8369634473507713,0.8369634473507713,0.0,0.5904214779938294,0.5904214779938294,0.0,0.11138800805411916,0.11138800805411916,0.0,0.0,0.0,1.0,1.0,1.0,2000
MLP,individual,MLP,raw,Cached fitted individual; sigmoid fitted to cached training OOF,raw_fixed,10,0.5,fixed 0.5,7,CV17_THY_CONT,Angiography,single variable,cardiovascular,1,0.7086712317698171,0.7071839373830185,0.00148729438679851,0.8466968477531858,0.8437122736418511,0.0029845741113346813,0.6105382221434775,0.5989194290719351,0.011618793071542455,0.15329636532074958,0.15624568359435795,0.0029493182736083645,-0.011483079982385045,0.01490331308379548,1.002103122410136,0.9839231074085152,1.0213662685477642,2000
MLP,individual,MLP,raw,Cached fitted individual; sigmoid fitted to cached training OOF,raw_threshold,10,0.6799999999999999,own validation,7,CV17_THY_CONT,Angiography,single variable,cardiovascular,1,0.7489136160834274,0.7552991299726266,-0.006385513889199168,0.8466968477531858,0.8437122736418511,0.0029845741113346813,0.6105382221434775,0.5989194290719351,0.011618793071542455,0.15329636532074958,0.15624568359435795,0.0029493182736083645,-0.022346176182892835,0.010219217054625317,0.9915457152857695,0.9707379597369155,1.0138024716600988,2000
MLP,individual,MLP,sigmoid,Cached fitted individual; sigmoid fitted to cached training OOF,sigmoid,11,0.31999999999999995,own validation,7,CV17_THY_CONT,Angiography,single variable,cardiovascular,1,0.7574482553444686,0.7539916545968688,0.0034566007475997917,0.8466968477531858,0.8437122736418511,0.0029845741113346813,0.6105382221434775,0.5989194290719351,0.011618793071542455,0.11299743818759635,0.1143996052326894,0.0014021670450930501,-0.01143577600646263,0.019757044375859664,1.004584401865095,0.9850924533342621,1.0260858029141546,2000
GradientBoosting,individual,GradientBoosting,raw,Cached fitted individual; sigmoid fitted to cached training OOF,raw_fixed,12,0.5,fixed 0.5,7,CV17_THY_CONT,Angiography,single variable,cardiovascular,1,0.7196397818599312,0.7244736361977742,-0.004833854337843002,0.840627095908786,0.8388581488933602,0.001768947015425848,0.6218609666423225,0.6190971336320986,0.0027638330102238706,0.13797559292209854,0.1362388464057518,-0.0017367465163467544,-0.013459860622838996,0.004616498318435015,0.9933277705408131,0.9814019142411738,1.0064272422658842,2000
GradientBoosting,individual,GradientBoosting,raw,Cached fitted individual; sigmoid fitted to cached training OOF,raw_threshold,12,0.6599999999999999,own validation,7,CV17_THY_CONT,Angiography,single variable,cardiovascular,1,0.7604147716936511,0.7478576736824337,0.012557098011217405,0.840627095908786,0.8388581488933602,0.001768947015425848,0.6218609666423225,0.6190971336320986,0.0027638330102238706,0.13797559292209854,0.1362388464057518,-0.0017367465163467544,0.0022608490432324824,0.024994616249863665,1.0167907590616627,1.002997704720373,1.0336173140425524,2000
GradientBoosting,individual,GradientBoosting,sigmoid,Cached fitted individual; sigmoid fitted to cached training OOF,sigmoid,13,0.37999999999999995,own validation,7,CV17_THY_CONT,Angiography,single variable,cardiovascular,1,0.7579298142781161,0.7478576736824337,0.0100721405956824,0.840627095908786,0.8388581488933602,0.001768947015425848,0.6218609666423225,0.6190971336320986,0.0027638330102238706,0.10818765827236983,0.10921253027092208,0.0010248719985522514,0.0010711370495585127,0.0215706608944392,1.0134679912370055,1.0013962840947892,1.0293928466459388,2000
XGBoost,individual,XGBoost,raw,Cached fitted individual; sigmoid fitted to cached training OOF,raw_fixed,14,0.5,fixed 0.5,7,CV17_THY_CONT,Angiography,single variable,cardiovascular,1,0.7340850209815728,0.7259400114810564,0.008145009500516442,0.8427649228705567,0.8409708249496982,0.001794097920858495,0.6207142319116041,0.6125650308921097,0.008149201019494456,0.142721285120714,0.1462191115691644,0.0034978264484503974,0.00046429093491741347,0.01588608366998417,1.0112199484416062,1.0006449719500403,1.0218858720514197,2000
XGBoost,individual,XGBoost,raw,Cached fitted individual; sigmoid fitted to cached training OOF,raw_threshold,14,0.6,own validation,7,CV17_THY_CONT,Angiography,single variable,cardiovascular,1,0.7375657580105213,0.7325707323676729,0.004995025642848372,0.8427649228705567,0.8409708249496982,0.001794097920858495,0.6207142319116041,0.6125650308921097,0.008149201019494456,0.142721285120714,0.1462191115691644,0.0034978264484503974,-0.002926934649975493,0.013829933519602659,1.0068184892217908,0.9959451858470203,1.0190356359349826,2000
XGBoost,individual,XGBoost,sigmoid,Cached fitted individual; sigmoid fitted to cached training OOF,sigmoid,15,0.36999999999999994,own validation,7,CV17_THY_CONT,Angiography,single variable,cardiovascular,1,0.738826364323119,0.7338124768113639,0.005013887511755133,0.8427649228705567,0.8409708249496982,0.001794097920858495,0.6207142319116041,0.6125650308921097,0.008149201019494456,0.10779122172922385,0.10890232980953782,0.0011111080803139634,-0.0029270033572059984,0.01384752549805291,1.0068326550313536,0.9959592942550086,1.0190542189671081,2000
paper,voting,"LogisticRegression,RandomForest,AdaBoost",raw,models/predictive_sensitivity/h7_CV17_THY_CONT_paper.joblib,raw_fixed,16,0.5,fixed 0.5,7,CV17_THY_CONT,Angiography,single variable,cardiovascular,1,0.7329425928388122,0.7288117626632307,0.004130830175581579,0.8474765258215963,0.8448608316566063,0.002615694164989968,0.6249100841759544,0.6163615173530141,0.008548566822940251,0.14916737933582,0.14969574969972155,0.000528370363901548,-0.0011708850976257484,0.011775071604852283,1.005667897236574,0.9984082244603137,1.016067112124029,2000
paper,voting,"LogisticRegression,RandomForest,AdaBoost",raw,models/predictive_sensitivity/h7_CV17_THY_CONT_paper.joblib,raw_threshold,16,0.38999999999999996,saved voting threshold (also applied to raw),7,CV17_THY_CONT,Angiography,single variable,cardiovascular,1,0.661069806744196,0.6623509806435073,-0.001281173899311261,0.8474765258215963,0.8448608316566063,0.002615694164989968,0.6249100841759544,0.6163615173530141,0.008548566822940251,0.14916737933582,0.14969574969972155,0.000528370363901548,-0.00687361940231,0.004263181191967331,0.9980657175172194,0.9896251058208823,1.0064676482690365,2000
paper,voting,"LogisticRegression,RandomForest,AdaBoost",sigmoid,models/predictive_sensitivity/h7_CV17_THY_CONT_paper.joblib,sigmoid,17,0.38999999999999996,saved voting threshold (also applied to raw),7,CV17_THY_CONT,Angiography,single variable,cardiovascular,1,0.7596902502253029,0.7547034813598359,0.004986768865467006,0.8474765258215963,0.8448608316566063,0.002615694164989968,0.6249100841759544,0.6163615173530141,0.008548566822940251,0.10681940292729272,0.1079209539803603,0.0011015510530675843,-0.005412956651529219,0.017075185107873408,1.0066075869379612,0.9928047227150644,1.0232986140827431,2000
paper_locked,voting,"LogisticRegression,RandomForest,AdaBoost",raw,models/final_h7_CV17_THY_CONT_paper_locked.joblib,raw_fixed,18,0.5,fixed 0.5,7,CV17_THY_CONT,Angiography,single variable,cardiovascular,1,0.7281870738748857,0.7295328525350633,-0.001345778660177599,0.8466381623071764,0.8446763916834339,0.001961770623742476,0.6220693480215564,0.6143028396456346,0.0077665083759218545,0.1566021485441328,0.15697799229026918,0.0003758437461363895,-0.006632455438925849,0.004678700909768027,0.9981552871053015,0.9907985610324718,1.0064366412727221,2000
paper_locked,voting,"LogisticRegression,RandomForest,AdaBoost",raw,models/final_h7_CV17_THY_CONT_paper_locked.joblib,raw_threshold,18,0.43999999999999995,saved voting threshold (also applied to raw),7,CV17_THY_CONT,Angiography,single variable,cardiovascular,1,0.6898933929555102,0.6811462272601818,0.008747165695328407,0.8466381623071764,0.8446763916834339,0.001961770623742476,0.6220693480215564,0.6143028396456346,0.0077665083759218545,0.1566021485441328,0.15697799229026918,0.0003758437461363895,0.002889735842598329,0.016379557929247415,1.012841832407283,1.0042643976393117,1.0244143029127306,2000
paper_locked,voting,"LogisticRegression,RandomForest,AdaBoost",sigmoid,models/final_h7_CV17_THY_CONT_paper_locked.joblib,sigmoid,19,0.43999999999999995,saved voting threshold (also applied to raw),7,CV17_THY_CONT,Angiography,single variable,cardiovascular,1,0.7243328100470958,0.7227686772810777,0.0015641327660180782,0.8466381623071764,0.8446763916834339,0.001961770623742476,0.6220693480215564,0.6143028396456346,0.0077665083759218545,0.10735395528864841,0.1082876003111366,0.0009336450224881887,-0.0055872134637170775,0.009721541055123645,1.0021640848796907,0.9923724501094109,1.0135243109486594,2000
own,stacking,"LogisticRegression,KNeighbors,AdaBoost",raw,models/stacking_sensitivity/h7_CV17_THY_CONT_own.joblib,raw_fixed,20,0.5,fixed 0.5,7,CV17_THY_CONT,Angiography,single variable,cardiovascular,1,0.7036772224208319,0.7054679637705468,-0.0017907413497149083,0.8452045606975185,0.8454560697518444,-0.00025150905432591575,0.6027119778421592,0.6020840036016482,0.0006279742405110866,0.10917993345567255,0.10910088667049081,-7.904678518173835e-05,-0.013318050769089106,0.00914856263913645,0.9974616262655729,0.9812946842974909,1.0132711577217242,2000
own,stacking,"LogisticRegression,KNeighbors,AdaBoost",raw,models/stacking_sensitivity/h7_CV17_THY_CONT_own.joblib,raw_threshold,20,0.33999999999999997,saved stacking threshold,7,CV17_THY_CONT,Angiography,single variable,cardiovascular,1,0.7554362964476055,0.7529021456670673,0.0025341507805382024,0.8452045606975185,0.8454560697518444,-0.00025150905432591575,0.6027119778421592,0.6020840036016482,0.0006279742405110866,0.10917993345567255,0.10910088667049081,-7.904678518173835e-05,-0.006181427417437779,0.011713704434715679,1.0033658434832762,0.9917426928042266,1.0156834364514342,2000
own,stacking,"LogisticRegression,KNeighbors,AdaBoost",sigmoid,models/stacking_sensitivity/h7_CV17_THY_CONT_own.joblib,sigmoid,21,0.32999999999999996,saved stacking threshold,7,CV17_THY_CONT,Angiography,single variable,cardiovascular,1,0.7554362964476055,0.7529021456670673,0.0025341507805382024,0.8452045606975185,0.8454560697518444,-0.00025150905432591575,0.6027119778421592,0.6020840036016482,0.0006279742405110866,0.10921388840861973,0.10914486283050023,-6.902557811949706e-05,-0.006181427417437779,0.011713704434715679,1.0033658434832762,0.9917426928042266,1.0156834364514342,2000
own,stacking,"LogisticRegression,KNeighbors,AdaBoost",isotonic,models/stacking_sensitivity/h7_CV17_THY_CONT_own.joblib,isotonic,22,0.33999999999999997,saved stacking threshold,7,CV17_THY_CONT,Angiography,single variable,cardiovascular,1,0.756166353170578,0.7539393078186182,0.0022270453519598332,0.8448608316566063,0.8441775653923541,0.0006832662642521914,0.5843766539391511,0.5843951066625399,-1.8452723388850956e-05,0.11066089189702547,0.11125219192044394,0.0005913000234184784,-0.003825582608898792,0.00944092108712715,1.002953878818712,0.9950108202621404,1.0125040250768507,2000
same_baseline,stacking,"KNeighbors,RandomForest,AdaBoost,MLP",raw,models/stacking_sensitivity/h7_CV17_THY_CONT_same_baseline.joblib,raw_fixed,23,0.5,fixed 0.5,7,CV17_THY_CONT,Angiography,single variable,cardiovascular,1,0.7046565588361673,0.7054679637705468,-0.0008114049343794782,0.8468226022803488,0.8461854460093897,0.0006371562709590606,0.6266442551545337,0.625915935543046,0.0007283196114876711,0.10694711012065376,0.10710402539946763,0.00015691527881386835,-0.008120851018128334,0.007793841335838996,0.9988498344700973,0.9886585588074048,1.0112899053854527,2000
same_baseline,stacking,"KNeighbors,RandomForest,AdaBoost,MLP",raw,models/stacking_sensitivity/h7_CV17_THY_CONT_same_baseline.joblib,raw_threshold,23,0.38999999999999996,saved stacking threshold,7,CV17_THY_CONT,Angiography,single variable,cardiovascular,1,0.7542358796721512,0.7490897747178793,0.005146104954271924,0.8468226022803488,0.8461854460093897,0.0006371562709590606,0.6266442551545337,0.625915935543046,0.0007283196114876711,0.10694711012065376,0.10710402539946763,0.00015691527881386835,-0.004494943341934848,0.015865864318506385,1.0068698107062135,0.9941850775408152,1.0218054408922255,2000
same_baseline,stacking,"KNeighbors,RandomForest,AdaBoost,MLP",sigmoid,models/stacking_sensitivity/h7_CV17_THY_CONT_same_baseline.joblib,sigmoid,24,0.3999999999999999,saved stacking threshold,7,CV17_THY_CONT,Angiography,single variable,cardiovascular,1,0.7545418151157511,0.7558836191432876,-0.001341804027536475,0.8468226022803488,0.8461854460093897,0.0006371562709590606,0.6266442551545337,0.625915935543046,0.0007283196114876711,0.106977825803903,0.10716482073734852,0.0001869949334455251,-0.01350619226692334,0.010398711285232511,0.9982248536764731,0.9822076137491709,1.0138882492841974,2000
same_baseline,stacking,"KNeighbors,RandomForest,AdaBoost,MLP",isotonic,models/stacking_sensitivity/h7_CV17_THY_CONT_same_baseline.joblib,isotonic,25,0.32999999999999996,saved stacking threshold,7,CV17_THY_CONT,Angiography,single variable,cardiovascular,1,0.7498623008110008,0.7524269889224572,-0.0025646881114563813,0.8466339704896043,0.8456866197183098,0.0009473507712944862,0.6078162488237903,0.6038368463847984,0.003979402438991864,0.10763459558478214,0.10814356685414835,0.0005089712693662068,-0.014807399981916025,0.010348629742991807,0.9965914458821722,0.9804346829822829,1.013840245574127,2000
locked_baseline,stacking,"KNeighbors,RandomForest,AdaBoost,MLP",raw,models/stacking_sensitivity/h7_CV17_THY_CONT_locked_baseline.joblib,raw_fixed,26,0.5,fixed 0.5,7,CV17_THY_CONT,Angiography,single variable,cardiovascular,1,0.7294088812205308,0.72756287124324,0.0018460099772907856,0.8484657947686117,0.8455985915492957,0.0028672032193159946,0.6414093765224447,0.6289593839118853,0.012449992610559346,0.10521713348319792,0.10662569787480358,0.0014085643916056656,-0.012861584328965187,0.016940126030137493,1.0025372514874713,0.98263276838759,1.0232698359116494,2000
locked_baseline,stacking,"KNeighbors,RandomForest,AdaBoost,MLP",raw,models/stacking_sensitivity/h7_CV17_THY_CONT_locked_baseline.joblib,raw_threshold,26,0.48999999999999994,saved stacking threshold,7,CV17_THY_CONT,Angiography,single variable,cardiovascular,1,0.7309705048555402,0.7278237075983138,0.0031467972572263303,0.8484657947686117,0.8455985915492957,0.0028672032193159946,0.6414093765224447,0.6289593839118853,0.012449992610559346,0.10521713348319792,0.10662569787480358,0.0014085643916056656,-0.01403131157272823,0.021891523638281042,1.004323570700397,0.9805834202861643,1.0305974339514443,2000
locked_baseline,stacking,"KNeighbors,RandomForest,AdaBoost,MLP",sigmoid,models/stacking_sensitivity/h7_CV17_THY_CONT_locked_baseline.joblib,sigmoid,27,0.48999999999999994,saved stacking threshold,7,CV17_THY_CONT,Angiography,single variable,cardiovascular,1,0.7294088812205308,0.72756287124324,0.0018460099772907856,0.8484657947686117,0.8455985915492957,0.0028672032193159946,0.6414093765224447,0.6289593839118853,0.012449992610559346,0.10516829882784544,0.10660495275692726,0.0014366539290818214,-0.012861584328965187,0.016940126030137493,1.0025372514874713,0.98263276838759,1.0232698359116494,2000
locked_baseline,stacking,"KNeighbors,RandomForest,AdaBoost,MLP",isotonic,models/stacking_sensitivity/h7_CV17_THY_CONT_locked_baseline.joblib,isotonic,28,0.42999999999999994,saved stacking threshold,7,CV17_THY_CONT,Angiography,single variable,cardiovascular,1,0.7278237075983138,0.7245806564754642,0.003243051122849616,0.8465459423205902,0.8437961099932931,0.002749832327297086,0.6069580639148737,0.5965290107996081,0.010429053115265652,0.10696678701552328,0.10779758317357925,0.0008307961580559658,-0.013714243411413732,0.021242579670739652,1.0044757627654934,0.9812550061057146,1.0299558448468533,2000
paper,stacking,"LogisticRegression,RandomForest,AdaBoost",raw,models/stacking_sensitivity/h7_CV17_THY_CONT_paper.joblib,raw_fixed,29,0.5,fixed 0.5,7,CV17_THY_CONT,Angiography,single variable,cardiovascular,1,0.7089681419188509,0.6974416633338616,0.011526478584989341,0.8476190476190476,0.8447602280348759,0.002858819584171668,0.6237386907226503,0.614525001472048,0.009213689250602286,0.10684277418145065,0.10790397861437288,0.0010612044329222359,-0.0018170625914860849,0.02697312867737095,1.0165267995747362,0.9974237690381991,1.0392607325989855,2000
paper,stacking,"LogisticRegression,RandomForest,AdaBoost",raw,models/stacking_sensitivity/h7_CV17_THY_CONT_paper.joblib,raw_threshold,29,0.3999999999999999,saved stacking threshold,7,CV17_THY_CONT,Angiography,single variable,cardiovascular,1,0.7571230982019364,0.7547034813598359,0.0024196168421004582,0.8476190476190476,0.8447602280348759,0.002858819584171668,0.6237386907226503,0.614525001472048,0.009213689250602286,0.10684277418145065,0.10790397861437288,0.0010612044329222359,-0.007596506816574427,0.014005378974931454,1.0032060496630288,0.9902913194615433,1.0186243773866899,2000
paper,stacking,"LogisticRegression,RandomForest,AdaBoost",sigmoid,models/stacking_sensitivity/h7_CV17_THY_CONT_paper.joblib,sigmoid,30,0.38999999999999996,saved stacking threshold,7,CV17_THY_CONT,Angiography,single variable,cardiovascular,1,0.7571230982019364,0.7547034813598359,0.0024196168421004582,0.8476190476190476,0.8447602280348759,0.002858819584171668,0.6237386907226503,0.614525001472048,0.009213689250602286,0.10691330488299498,0.1080289824657795,0.0011156775827845106,-0.007596506816574427,0.014005378974931454,1.0032060496630288,0.9902913194615433,1.0186243773866899,2000
paper,stacking,"LogisticRegression,RandomForest,AdaBoost",isotonic,models/stacking_sensitivity/h7_CV17_THY_CONT_paper.joblib,isotonic,31,0.3499999999999999,saved stacking threshold,7,CV17_THY_CONT,Angiography,single variable,cardiovascular,1,0.7531190566334336,0.7558836191432876,-0.0027645625098540183,0.8453093561368209,0.8431002682763246,0.0022090878604963393,0.6000089471701715,0.5920614469351635,0.00794750023500801,0.10818818153761928,0.10920329087221599,0.0010151093345967116,-0.009282921305804931,0.004956943687860867,0.9963426082536524,0.9877466787369086,1.0065823398625446,2000
same_members_reselected_C,stacking,"KNeighbors,RandomForest,AdaBoost,MLP",raw,cache/classification_explainability/prepared_h7_CV17_THY_CONT.joblib,raw_fixed,32,0.5,fixed 0.5,7,CV17_THY_CONT,Angiography,single variable,cardiovascular,1,0.6911228376548599,0.699428758290158,-0.008305920635298114,0.8478286384976526,0.8476525821596245,0.0001760563380280855,0.6291219667126018,0.6276380841574974,0.0014838825551043433,0.10710668881529546,0.10736969568108556,0.00026300686579010246,-0.017066781229852092,-0.0013099163659303196,0.9881247081466838,0.9756053595326387,0.998126042513458,2000
same_members_reselected_C,stacking,"KNeighbors,RandomForest,AdaBoost,MLP",raw,cache/classification_explainability/prepared_h7_CV17_THY_CONT.joblib,raw_threshold,32,0.36999999999999994,saved reselected-C validation threshold,7,CV17_THY_CONT,Angiography,single variable,cardiovascular,1,0.7617419431871222,0.7604147716936511,0.0013271714934710577,0.8478286384976526,0.8476525821596245,0.0001760563380280855,0.6291219667126018,0.6276380841574974,0.0014838825551043433,0.10710668881529546,0.10736969568108556,0.00026300686579010246,-0.009839586874842215,0.011905503269301024,1.001745325765457,0.98734564771038,1.0157009748479424,2000
same_members_reselected_C,stacking,"KNeighbors,RandomForest,AdaBoost,MLP",sigmoid,cache/classification_explainability/prepared_h7_CV17_THY_CONT.joblib,sigmoid,33,0.35999999999999993,saved reselected-C validation threshold,7,CV17_THY_CONT,Angiography,single variable,cardiovascular,1,0.7511422092865845,0.7572737881943785,-0.006131578907794033,0.8478286384976526,0.8476525821596245,0.0001760563380280855,0.6291219667126018,0.6276380841574974,0.0014838825551043433,0.10661452685674429,0.10674362492190435,0.00012909806516006594,-0.016554489977070076,0.003737909281560335,0.9919030884161275,0.9779907337562429,1.0049526832016316,2000
same_members_reselected_C,stacking,"KNeighbors,RandomForest,AdaBoost,MLP",isotonic,cache/classification_explainability/prepared_h7_CV17_THY_CONT.joblib,isotonic,34,0.33999999999999997,saved reselected-C validation threshold,7,CV17_THY_CONT,Angiography,single variable,cardiovascular,1,0.7556737369364912,0.7608948343772626,-0.005221097440771372,0.8462692823608317,0.8454854124748491,0.0007838698859825577,0.6070559198389371,0.604874470689656,0.0021814491492810895,0.10824084444828577,0.107751299479166,-0.000489544969119779,-0.02105942183828154,0.010569449586121958,0.993138214106757,0.9722784782686312,1.0139361043395148,2000
LogisticRegression,individual,LogisticRegression,raw,Cached fitted individual; sigmoid fitted to cached training OOF,raw_fixed,0,0.5,fixed 0.5,7,CV17_THY_CONT,Vessels,single variable,cardiovascular,1,0.7027203218095723,0.701208099370427,0.0015122224391452832,0.8415828303152246,0.841088195841717,0.0004946344735076158,0.586842265981418,0.5913524459893749,-0.004510180007956888,0.16219265113101544,0.1619546450095745,-0.00023800612144095346,-0.01305783336302407,0.015922297106525568,1.0021565957958887,0.9816297380147759,1.0230290056717508,2000
LogisticRegression,individual,LogisticRegression,raw,Cached fitted individual; sigmoid fitted to cached training OOF,raw_threshold,0,0.6399999999999999,own validation,7,CV17_THY_CONT,Vessels,single variable,cardiovascular,1,0.7426812986420919,0.7363300702805822,0.006351228361509698,0.8415828303152246,0.841088195841717,0.0004946344735076158,0.586842265981418,0.5913524459893749,-0.004510180007956888,0.16219265113101544,0.1619546450095745,-0.00023800612144095346,-0.0081713993091165,0.02140516538693745,1.0086255181172887,0.9888846167794297,1.0295033913310576,2000
LogisticRegression,individual,LogisticRegression,sigmoid,Cached fitted individual; sigmoid fitted to cached training OOF,sigmoid,1,0.38999999999999996,own validation,7,CV17_THY_CONT,Vessels,single variable,cardiovascular,1,0.7361367513642372,0.7414553900176903,-0.005318638653453167,0.8415828303152246,0.841088195841717,0.0004946344735076158,0.586842265981418,0.5913524459893749,-0.004510180007956888,0.11137008767811421,0.11106484118180246,-0.0003052464963117507,-0.02481282136520258,0.013360027547704606,0.9928267583929409,0.9667914475478899,1.0181479705838627,2000
SVC,individual,SVC,raw,Cached fitted individual; sigmoid fitted to cached training OOF,raw_fixed,2,0.5,fixed 0.5,7,CV17_THY_CONT,Vessels,single variable,cardiovascular,1,0.7011045261967771,0.6967410886230074,0.0043634375737696685,0.8283702213279678,0.8280767940979209,0.0002934272300468832,0.5568024589994544,0.5583264149123585,-0.001523955912904107,0.11715140617654654,0.11680797375415422,-0.0003434324223923202,-0.011672497323627854,0.022451787009487578,1.0062626385109472,0.9834177541628039,1.0328147496482374,2000
SVC,individual,SVC,raw,Cached fitted individual; sigmoid fitted to cached training OOF,raw_threshold,2,0.37999999999999995,own validation,7,CV17_THY_CONT,Vessels,single variable,cardiovascular,1,0.716891790418474,0.7184442510192997,-0.0015524606008257003,0.8283702213279678,0.8280767940979209,0.0002934272300468832,0.5568024589994544,0.5583264149123585,-0.001523955912904107,0.11715140617654654,0.11680797375415422,-0.0003434324223923202,-0.01664764252661064,0.013880990837021814,0.997839135606384,0.9771842925335165,1.0196106604347337,2000
SVC,individual,SVC,sigmoid,Cached fitted individual; sigmoid fitted to cached training OOF,sigmoid,3,0.4099999999999999,own validation,7,CV17_THY_CONT,Vessels,single variable,cardiovascular,1,0.7072343406283659,0.7101672535211268,-0.002932912892760875,0.8283702213279678,0.8280767940979209,0.0002934272300468832,0.5568024589994544,0.5583264149123585,-0.001523955912904107,0.1169250023920927,0.11651014037489699,-0.000414862017195719,-0.01196433723427066,0.004843783050973542,0.9958701096421737,0.9831695910183933,1.0069417031845294,2000
KNeighbors,individual,KNeighbors,raw,Cached fitted individual; sigmoid fitted to cached training OOF,raw_fixed,4,0.5,fixed 0.5,7,CV17_THY_CONT,Vessels,single variable,cardiovascular,1,0.7063464648956876,0.6899451204963016,0.01640134439938601,0.8055122401073105,0.799199362843729,0.006312877263581429,0.5386758931409478,0.5295088064385163,0.009167086702431493,0.1499207685451123,0.14779249970934102,-0.0021282688357712742,-0.004732959706670298,0.03796173510434597,1.0237719550615678,0.993257631976455,1.056056253567817,2000
KNeighbors,individual,KNeighbors,raw,Cached fitted individual; sigmoid fitted to cached training OOF,raw_threshold,4,0.59,own validation,7,CV17_THY_CONT,Vessels,single variable,cardiovascular,1,0.6881589091885617,0.6776332624973576,0.010525646691204149,0.8055122401073105,0.799199362843729,0.006312877263581429,0.5386758931409478,0.5295088064385163,0.009167086702431493,0.1499207685451123,0.14779249970934102,-0.0021282688357712742,-0.006074110738944524,0.028880449635773887,1.015532954584332,0.9911028614055561,1.043406369271999,2000
KNeighbors,individual,KNeighbors,sigmoid,Cached fitted individual; sigmoid fitted to cached training OOF,sigmoid,5,0.30999999999999994,own validation,7,CV17_THY_CONT,Vessels,single variable,cardiovascular,1,0.6881589091885617,0.6776332624973576,0.010525646691204149,0.8055122401073105,0.799199362843729,0.006312877263581429,0.5386758931409478,0.5295088064385163,0.009167086702431493,0.12173341907432166,0.12270256668618794,0.0009691476118662834,-0.006074110738944524,0.028880449635773887,1.015532954584332,0.9911028614055561,1.043406369271999,2000
RandomForest,individual,RandomForest,raw,Cached fitted individual; sigmoid fitted to cached training OOF,raw_fixed,6,0.5,fixed 0.5,7,CV17_THY_CONT,Vessels,single variable,cardiovascular,1,0.7491346656217346,0.7425219941348973,0.006612671486837307,0.8410127431254192,0.8413397048960429,-0.000326961770623746,0.6356546074048491,0.6356805551604173,-2.5947755568189734e-05,0.12209730025536963,0.11977613279845509,-0.002321167456914547,-0.010258386769575129,0.023646048259585824,1.0089056910624468,0.9864680214128817,1.032654414275647,2000
RandomForest,individual,RandomForest,raw,Cached fitted individual; sigmoid fitted to cached training OOF,raw_threshold,6,0.5299999999999999,own validation,7,CV17_THY_CONT,Vessels,single variable,cardiovascular,1,0.74400817251728,0.7387492362450285,0.005258936272251491,0.8410127431254192,0.8413397048960429,-0.000326961770623746,0.6356546074048491,0.6356805551604173,-2.5947755568189734e-05,0.12209730025536963,0.11977613279845509,-0.002321167456914547,-0.010629287576878471,0.02251288054891377,1.007118702821247,0.9857797913927964,1.0312371847146646,2000
RandomForest,individual,RandomForest,sigmoid,Cached fitted individual; sigmoid fitted to cached training OOF,sigmoid,7,0.37999999999999995,own validation,7,CV17_THY_CONT,Vessels,single variable,cardiovascular,1,0.7452590842555569,0.7401046197647749,0.00515446449078194,0.8410127431254192,0.8413397048960429,-0.000326961770623746,0.6356546074048491,0.6356805551604173,-2.5947755568189734e-05,0.10692705464634006,0.10768442473667526,0.0007573700903352049,-0.01024058493360045,0.021611373165165416,1.0069645079264877,0.9860653199866795,1.0294842097084502,2000
AdaBoost,individual,AdaBoost,raw,Cached fitted individual; sigmoid fitted to cached training OOF,raw_fixed,8,0.5,fixed 0.5,7,CV17_THY_CONT,Vessels,single variable,cardiovascular,1,0.7035592443093917,0.7039909599006537,-0.000431715591262094,0.8369634473507713,0.836862843729041,0.0001006036217303663,0.5904214779938294,0.5924995172155536,-0.002078039221724226,0.1861595753416243,0.1851897846659476,-0.0009697906756767072,-0.0069820940636062005,0.006643151875853753,0.9993867597513993,0.9902525527304529,1.009649063515731,2000
AdaBoost,individual,AdaBoost,raw,Cached fitted individual; sigmoid fitted to cached training OOF,raw_threshold,8,0.58,own validation,7,CV17_THY_CONT,Vessels,single variable,cardiovascular,1,0.7308812260536399,0.7238885968556823,0.006992629197957623,0.8369634473507713,0.836862843729041,0.0001006036217303663,0.5904214779938294,0.5924995172155536,-0.002078039221724226,0.1861595753416243,0.1851897846659476,-0.0009697906756767072,-0.00377200398901337,0.019228871322605347,1.0096598139939366,0.9948303127114531,1.0269321769731241,2000
AdaBoost,individual,AdaBoost,sigmoid,Cached fitted individual; sigmoid fitted to cached training OOF,sigmoid,9,0.4099999999999999,own validation,7,CV17_THY_CONT,Vessels,single variable,cardiovascular,1,0.7293557557283282,0.7181105000139592,0.011245255714369073,0.8369634473507713,0.836862843729041,0.0001006036217303663,0.5904214779938294,0.5924995172155536,-0.002078039221724226,0.11138800805411916,0.1115909615842969,0.00020295353017774076,-5.735779058074438e-07,0.024851379887946227,1.0156595060428033,0.9999992305036568,1.0358366304616806,2000
MLP,individual,MLP,raw,Cached fitted individual; sigmoid fitted to cached training OOF,raw_fixed,10,0.5,fixed 0.5,7,CV17_THY_CONT,Vessels,single variable,cardiovascular,1,0.7086712317698171,0.7210002763194252,-0.012329044549608148,0.8466968477531858,0.8477448021462106,-0.0010479543930248525,0.6105382221434775,0.6135478828716677,-0.0030096607281902,0.15329636532074958,0.1558987266967239,0.0026023613759743047,-0.028251438501802905,0.0025517791082504643,0.9829000834610693,0.9607009712100933,1.0035032483608102,2000
MLP,individual,MLP,raw,Cached fitted individual; sigmoid fitted to cached training OOF,raw_threshold,10,0.6799999999999999,own validation,7,CV17_THY_CONT,Vessels,single variable,cardiovascular,1,0.7489136160834274,0.7461565571193118,0.0027570589641155996,0.8466968477531858,0.8477448021462106,-0.0010479543930248525,0.6105382221434775,0.6135478828716677,-0.0030096607281902,0.15329636532074958,0.1558987266967239,0.0026023613759743047,-0.0181750383827687,0.02293991701595161,1.003695014052761,0.9760640588561216,1.030857994552071,2000
MLP,individual,MLP,sigmoid,Cached fitted individual; sigmoid fitted to cached training OOF,sigmoid,11,0.31999999999999995,own validation,7,CV17_THY_CONT,Vessels,single variable,cardiovascular,1,0.7574482553444686,0.7484624730501481,0.008985782294320455,0.8466968477531858,0.8477448021462106,-0.0010479543930248525,0.6105382221434775,0.6135478828716677,-0.0030096607281902,0.11299743818759635,0.11266313781208921,-0.000334300375507135,-0.012473764282733068,0.02970415690750394,1.0120056550834158,0.9836280333389162,1.0406423218870104,2000
GradientBoosting,individual,GradientBoosting,raw,Cached fitted individual; sigmoid fitted to cached training OOF,raw_fixed,12,0.5,fixed 0.5,7,CV17_THY_CONT,Vessels,single variable,cardiovascular,1,0.7196397818599312,0.7218557361896882,-0.002215954329757075,0.840627095908786,0.840752850435949,-0.00012575452716301339,0.6218609666423225,0.6315860068911888,-0.009725040248866335,0.13797559292209854,0.13063280294914537,-0.007342789972953179,-0.016258926467963866,0.01228732669276672,0.9969301977962328,0.977558517486081,1.0169485204931503,2000
GradientBoosting,individual,GradientBoosting,raw,Cached fitted individual; sigmoid fitted to cached training OOF,raw_threshold,12,0.6599999999999999,own validation,7,CV17_THY_CONT,Vessels,single variable,cardiovascular,1,0.7604147716936511,0.7545418151157511,0.00587295657789999,0.840627095908786,0.840752850435949,-0.00012575452716301339,0.6218609666423225,0.6315860068911888,-0.009725040248866335,0.13797559292209854,0.13063280294914537,-0.007342789972953179,-0.00786933701719017,0.02057773008976248,1.007783473970888,0.9896758544131425,1.0278760147775485,2000
GradientBoosting,individual,GradientBoosting,sigmoid,Cached fitted individual; sigmoid fitted to cached training OOF,sigmoid,13,0.37999999999999995,own validation,7,CV17_THY_CONT,Vessels,single variable,cardiovascular,1,0.7579298142781161,0.7545418151157511,0.0033879991623649852,0.840627095908786,0.840752850435949,-0.00012575452716301339,0.6218609666423225,0.6315860068911888,-0.009725040248866335,0.10818765827236983,0.1081380477135253,-4.9610558844531694e-05,-0.011282599700233209,0.019498389887809928,1.0044901410292884,0.9853806572491309,1.0260684027294271,2000
XGBoost,individual,XGBoost,raw,Cached fitted individual; sigmoid fitted to cached training OOF,raw_fixed,14,0.5,fixed 0.5,7,CV17_THY_CONT,Vessels,single variable,cardiovascular,1,0.7340850209815728,0.733357628765792,0.0007273922157807755,0.8427649228705567,0.8433182427900737,-0.0005533199195170146,0.6207142319116041,0.6239638547634594,-0.0032496228518552606,0.142721285120714,0.13690153757921109,-0.005819747541502912,-0.013126551268561456,0.01668690548913066,1.0009918656154229,0.982336634412843,1.0227689866995828,2000
XGBoost,individual,XGBoost,raw,Cached fitted individual; sigmoid fitted to cached training OOF,raw_threshold,14,0.6,own validation,7,CV17_THY_CONT,Vessels,single variable,cardiovascular,1,0.7375657580105213,0.7349598693088998,0.0026058887016214838,0.8427649228705567,0.8433182427900737,-0.0005533199195170146,0.6207142319116041,0.6239638547634594,-0.0032496228518552606,0.142721285120714,0.13690153757921109,-0.005819747541502912,-0.012247273574551631,0.01776757942850748,1.0035456203943105,0.9835033874731354,1.024699503211878,2000
XGBoost,individual,XGBoost,sigmoid,Cached fitted individual; sigmoid fitted to cached training OOF,sigmoid,15,0.36999999999999994,own validation,7,CV17_THY_CONT,Vessels,single variable,cardiovascular,1,0.738826364323119,0.7335464422279321,0.005279922095186906,0.8427649228705567,0.8433182427900737,-0.0005533199195170146,0.6207142319116041,0.6239638547634594,-0.0032496228518552606,0.10779122172922385,0.10822287207031792,0.0004316503410940614,-0.011280015882072924,0.022853267392510788,1.0071978020630168,0.9847324706496774,1.0320710402768656,2000
paper,voting,"LogisticRegression,RandomForest,AdaBoost",raw,models/predictive_sensitivity/h7_CV17_THY_CONT_paper.joblib,raw_fixed,16,0.5,fixed 0.5,7,CV17_THY_CONT,Vessels,single variable,cardiovascular,1,0.7329425928388122,0.7303379933541048,0.0026045994847074816,0.8474765258215963,0.8472501676727029,0.00022635814889337968,0.6249100841759544,0.626137032861118,-0.001226948685163598,0.14916737933582,0.1476574224876588,-0.001509956848161187,-0.00854694229518917,0.01450070314914792,1.0035662932894203,0.9885445397320138,1.0200693970912318,2000
paper,voting,"LogisticRegression,RandomForest,AdaBoost",raw,models/predictive_sensitivity/h7_CV17_THY_CONT_paper.joblib,raw_threshold,16,0.38999999999999996,saved voting threshold (also applied to raw),7,CV17_THY_CONT,Vessels,single variable,cardiovascular,1,0.661069806744196,0.665888645982101,-0.004818839237904937,0.8474765258215963,0.8472501676727029,0.00022635814889337968,0.6249100841759544,0.626137032861118,-0.001226948685163598,0.14916737933582,0.1476574224876588,-0.001509956848161187,-0.015979105998310893,0.006607426708056088,0.9927632956846745,0.9760605022395811,1.0098227774529538,2000
paper,voting,"LogisticRegression,RandomForest,AdaBoost",sigmoid,models/predictive_sensitivity/h7_CV17_THY_CONT_paper.joblib,sigmoid,17,0.38999999999999996,saved voting threshold (also applied to raw),7,CV17_THY_CONT,Vessels,single variable,cardiovascular,1,0.7596902502253029,0.740134175217048,0.019556075008254847,0.8474765258215963,0.8472501676727029,0.00022635814889337968,0.6249100841759544,0.626137032861118,-0.001226948685163598,0.10681940292729272,0.10720382658584578,0.00038442365855305416,0.007661053514647981,0.033503429430229874,1.02642233754781,1.0101234610818737,1.04663740787785,2000
paper_locked,voting,"LogisticRegression,RandomForest,AdaBoost",raw,models/final_h7_CV17_THY_CONT_paper_locked.joblib,raw_fixed,18,0.5,fixed 0.5,7,CV17_THY_CONT,Vessels,single variable,cardiovascular,1,0.7281870738748857,0.7220488607892619,0.006138213085623789,0.8466381623071764,0.8466465459423206,-8.383635144215695e-06,0.6220693480215564,0.6247003785101416,-0.002631030488585151,0.1566021485441328,0.1578385451579475,0.001236396613814722,-0.006752479229368363,0.019797563800435722,1.0085011048683246,0.9906724692983038,1.0280461984112972,2000
paper_locked,voting,"LogisticRegression,RandomForest,AdaBoost",raw,models/final_h7_CV17_THY_CONT_paper_locked.joblib,raw_threshold,18,0.43999999999999995,saved voting threshold (also applied to raw),7,CV17_THY_CONT,Vessels,single variable,cardiovascular,1,0.6898933929555102,0.6853046594982078,0.004588733457302374,0.8466381623071764,0.8466465459423206,-8.383635144215695e-06,0.6220693480215564,0.6247003785101416,-0.002631030488585151,0.1566021485441328,0.1578385451579475,0.001236396613814722,-0.00998172072327182,0.01916712146522614,1.0066959029005615,0.9856427845665631,1.0283036632696319,2000
paper_locked,voting,"LogisticRegression,RandomForest,AdaBoost",sigmoid,models/final_h7_CV17_THY_CONT_paper_locked.joblib,sigmoid,19,0.43999999999999995,saved voting threshold (also applied to raw),7,CV17_THY_CONT,Vessels,single variable,cardiovascular,1,0.7243328100470958,0.731523733358423,-0.007190923311327202,0.8466381623071764,0.8466465459423206,-8.383635144215695e-06,0.6220693480215564,0.6247003785101416,-0.002631030488585151,0.10735395528864841,0.10758378560407149,0.00022983031542307686,-0.027937560946583843,0.014457814635470693,0.990169938467596,0.961950022733414,1.0198930119407832,2000
own,stacking,"LogisticRegression,KNeighbors,AdaBoost",raw,models/stacking_sensitivity/h7_CV17_THY_CONT_own.joblib,raw_fixed,20,0.5,fixed 0.5,7,CV17_THY_CONT,Vessels,single variable,cardiovascular,1,0.7036772224208319,0.7018585733581848,0.0018186490626470597,0.8452045606975185,0.8440057008718981,0.001198859825620402,0.6027119778421592,0.6039380261098962,-0.0012260482677369788,0.10917993345567255,0.109866711363016,0.0006867779073434499,-0.015990312661282348,0.019401903986083432,1.0025911902079436,0.97758506910209,1.028540347003759,2000
own,stacking,"LogisticRegression,KNeighbors,AdaBoost",raw,models/stacking_sensitivity/h7_CV17_THY_CONT_own.joblib,raw_threshold,20,0.33999999999999997,saved stacking threshold,7,CV17_THY_CONT,Vessels,single variable,cardiovascular,1,0.7554362964476055,0.745937967745226,0.009498328702379433,0.8452045606975185,0.8440057008718981,0.001198859825620402,0.6027119778421592,0.6039380261098962,-0.0012260482677369788,0.10917993345567255,0.109866711363016,0.0006867779073434499,-0.0038102401117233093,0.023520953384704432,1.012733402927713,0.9948917747530973,1.0321965526907442,2000
own,stacking,"LogisticRegression,KNeighbors,AdaBoost",sigmoid,models/stacking_sensitivity/h7_CV17_THY_CONT_own.joblib,sigmoid,21,0.32999999999999996,saved stacking threshold,7,CV17_THY_CONT,Vessels,single variable,cardiovascular,1,0.7554362964476055,0.745937967745226,0.009498328702379433,0.8452045606975185,0.8440057008718981,0.001198859825620402,0.6027119778421592,0.6039380261098962,-0.0012260482677369788,0.10921388840861973,0.10989919020185455,0.0006853017932348243,-0.0038102401117233093,0.023520953384704432,1.012733402927713,0.9948917747530973,1.0321965526907442,2000
own,stacking,"LogisticRegression,KNeighbors,AdaBoost",isotonic,models/stacking_sensitivity/h7_CV17_THY_CONT_own.joblib,isotonic,22,0.33999999999999997,saved stacking threshold,7,CV17_THY_CONT,Vessels,single variable,cardiovascular,1,0.756166353170578,0.7438719319698532,0.01229442120072477,0.8448608316566063,0.8439428236083165,0.0009180080482897868,0.5843766539391511,0.5814328764748551,0.0029437774642959713,0.11066089189702547,0.11091305267513941,0.00025216077811394955,-0.0038307983846867346,0.030221774590934884,1.016527604648515,0.9948051027733544,1.0414060250080315,2000
same_baseline,stacking,"KNeighbors,RandomForest,AdaBoost,MLP",raw,models/stacking_sensitivity/h7_CV17_THY_CONT_same_baseline.joblib,raw_fixed,23,0.5,fixed 0.5,7,CV17_THY_CONT,Vessels,single variable,cardiovascular,1,0.7046565588361673,0.6961663456909003,0.00849021314526699,0.8468226022803488,0.8456488933601609,0.0011737089201878659,0.6266442551545337,0.6241639838689064,0.0024802712856273335,0.10694711012065376,0.10773888770739748,0.0007917775867437166,-0.008712561549272215,0.026510877788338248,1.0121956673111525,0.9876468901244462,1.038750323669218,2000
same_baseline,stacking,"KNeighbors,RandomForest,AdaBoost,MLP",raw,models/stacking_sensitivity/h7_CV17_THY_CONT_same_baseline.joblib,raw_threshold,23,0.38999999999999996,saved stacking threshold,7,CV17_THY_CONT,Vessels,single variable,cardiovascular,1,0.7542358796721512,0.7466871531994552,0.007548726472695999,0.8468226022803488,0.8456488933601609,0.0011737089201878659,0.6266442551545337,0.6241639838689064,0.0024802712856273335,0.10694711012065376,0.10773888770739748,0.0007917775867437166,-0.007628346319771054,0.0242204816694207,1.0101096241449323,0.9898550273347078,1.0329990722395332,2000
same_baseline,stacking,"KNeighbors,RandomForest,AdaBoost,MLP",sigmoid,models/stacking_sensitivity/h7_CV17_THY_CONT_same_baseline.joblib,sigmoid,24,0.3999999999999999,saved stacking threshold,7,CV17_THY_CONT,Vessels,single variable,cardiovascular,1,0.7545418151157511,0.7347606749663267,0.019781140149424448,0.8468226022803488,0.8456488933601609,0.0011737089201878659,0.6266442551545337,0.6241639838689064,0.0024802712856273335,0.106977825803903,0.10779135700295404,0.0008135311990510458,0.005126409774676266,0.03633539832514969,1.0269218819452075,1.0066920211469466,1.0506102191661415,2000
same_baseline,stacking,"KNeighbors,RandomForest,AdaBoost,MLP",isotonic,models/stacking_sensitivity/h7_CV17_THY_CONT_same_baseline.joblib,isotonic,25,0.32999999999999996,saved stacking threshold,7,CV17_THY_CONT,Vessels,single variable,cardiovascular,1,0.7498623008110008,0.7400502254607728,0.009812075350227989,0.8466339704896043,0.8437122736418511,0.00292169684775323,0.6078162488237903,0.607675437432595,0.00014081139119526132,0.10763459558478214,0.10809695668826738,0.0004623611034852426,-0.0012132545777403052,0.02233198537630478,1.0132586613889871,0.9983360790427137,1.0307317500449062,2000
locked_baseline,stacking,"KNeighbors,RandomForest,AdaBoost,MLP",raw,models/stacking_sensitivity/h7_CV17_THY_CONT_locked_baseline.joblib,raw_fixed,26,0.5,fixed 0.5,7,CV17_THY_CONT,Vessels,single variable,cardiovascular,1,0.7294088812205308,0.7248726987857423,0.004536182434788483,0.8484657947686117,0.8483735747820255,9.221998658626163e-05,0.6414093765224447,0.6396662210032578,0.001743155519186912,0.10521713348319792,0.10596431506751292,0.0007471815843149987,-0.015950875594264426,0.025294479413964066,1.006257902170115,0.9782380702181334,1.0355701237303894,2000
locked_baseline,stacking,"KNeighbors,RandomForest,AdaBoost,MLP",raw,models/stacking_sensitivity/h7_CV17_THY_CONT_locked_baseline.joblib,raw_threshold,26,0.48999999999999994,saved stacking threshold,7,CV17_THY_CONT,Vessels,single variable,cardiovascular,1,0.7309705048555402,0.7307561258165322,0.0002143790390080058,0.8484657947686117,0.8483735747820255,9.221998658626163e-05,0.6414093765224447,0.6396662210032578,0.001743155519186912,0.10521713348319792,0.10596431506751292,0.0007471815843149987,-0.01890680731866313,0.019543360653482278,1.0002933660511821,0.9741291862102347,1.0274202840717974,2000
locked_baseline,stacking,"KNeighbors,RandomForest,AdaBoost,MLP",sigmoid,models/stacking_sensitivity/h7_CV17_THY_CONT_locked_baseline.joblib,sigmoid,27,0.48999999999999994,saved stacking threshold,7,CV17_THY_CONT,Vessels,single variable,cardiovascular,1,0.7294088812205308,0.7248726987857423,0.004536182434788483,0.8484657947686117,0.8483735747820255,9.221998658626163e-05,0.6414093765224447,0.6396662210032578,0.001743155519186912,0.10516829882784544,0.10595343771431803,0.0007851388864725944,-0.015950875594264426,0.025294479413964066,1.006257902170115,0.9782380702181334,1.0355701237303894,2000
locked_baseline,stacking,"KNeighbors,RandomForest,AdaBoost,MLP",isotonic,models/stacking_sensitivity/h7_CV17_THY_CONT_locked_baseline.joblib,isotonic,28,0.42999999999999994,saved stacking threshold,7,CV17_THY_CONT,Vessels,single variable,cardiovascular,1,0.7278237075983138,0.721902891166902,0.005920816431411846,0.8465459423205902,0.8473633467471495,-0.0008174044265593094,0.6069580639148737,0.6214898426411997,-0.014531778726325939,0.10696678701552328,0.10543685702905094,-0.0015299299864723476,-0.014608120984118322,0.027123269801475697,1.0082016798988591,0.9802406743771916,1.0382780806534215,2000
paper,stacking,"LogisticRegression,RandomForest,AdaBoost",raw,models/stacking_sensitivity/h7_CV17_THY_CONT_paper.joblib,raw_fixed,29,0.5,fixed 0.5,7,CV17_THY_CONT,Vessels,single variable,cardiovascular,1,0.7089681419188509,0.7049731182795699,0.003995023639281059,0.8476190476190476,0.8470321931589537,0.0005868544600938774,0.6237386907226503,0.6248799991516927,-0.0011413084290423647,0.10684277418145065,0.10735969384185585,0.0005169196604052073,-0.009368626804744118,0.01988116803194818,1.0056669162776455,0.9865792632314792,1.029263798400946,2000
paper,stacking,"LogisticRegression,RandomForest,AdaBoost",raw,models/stacking_sensitivity/h7_CV17_THY_CONT_paper.joblib,raw_threshold,29,0.3999999999999999,saved stacking threshold,7,CV17_THY_CONT,Vessels,single variable,cardiovascular,1,0.7571230982019364,0.7374939023430739,0.01962919585886247,0.8476190476190476,0.8470321931589537,0.0005868544600938774,0.6237386907226503,0.6248799991516927,-0.0011413084290423647,0.10684277418145065,0.10735969384185585,0.0005169196604052073,0.007846690520832148,0.03370330658614011,1.0266160788536678,1.0105424136732877,1.0470000913623256,2000
paper,stacking,"LogisticRegression,RandomForest,AdaBoost",sigmoid,models/stacking_sensitivity/h7_CV17_THY_CONT_paper.joblib,sigmoid,30,0.38999999999999996,saved stacking threshold,7,CV17_THY_CONT,Vessels,single variable,cardiovascular,1,0.7571230982019364,0.7374939023430739,0.01962919585886247,0.8476190476190476,0.8470321931589537,0.0005868544600938774,0.6237386907226503,0.6248799991516927,-0.0011413084290423647,0.10691330488299498,0.10748360432673691,0.0005702994437419284,0.007846690520832148,0.03370330658614011,1.0266160788536678,1.0105424136732877,1.0470000913623256,2000
paper,stacking,"LogisticRegression,RandomForest,AdaBoost",isotonic,models/stacking_sensitivity/h7_CV17_THY_CONT_paper.joblib,isotonic,31,0.3499999999999999,saved stacking threshold,7,CV17_THY_CONT,Vessels,single variable,cardiovascular,1,0.7531190566334336,0.7479173476328878,0.00520170900054584,0.8453093561368209,0.8457830315224681,-0.0004736753856472431,0.6000089471701715,0.60039921296195,-0.00039026579177847687,0.10818818153761928,0.10836105249659325,0.0001728709589739752,-0.008338901456581515,0.018500833042235154,1.0069549249218632,0.9886600730764503,1.0245185352892867,2000
same_members_reselected_C,stacking,"KNeighbors,RandomForest,AdaBoost,MLP",raw,cache/classification_explainability/prepared_h7_CV17_THY_CONT.joblib,raw_fixed,32,0.5,fixed 0.5,7,CV17_THY_CONT,Vessels,single variable,cardiovascular,1,0.6911228376548599,0.6884923899629782,0.002630447691881699,0.8478286384976526,0.8467219986586184,0.0011066398390341403,0.6291219667126018,0.6271604838998224,0.0019614828127794137,0.10710668881529546,0.10800308461039723,0.0008963957951017704,-0.01587885106140656,0.022410806540813157,1.003820590801335,0.9777636074529422,1.0337546786135345,2000
same_members_reselected_C,stacking,"KNeighbors,RandomForest,AdaBoost,MLP",raw,cache/classification_explainability/prepared_h7_CV17_THY_CONT.joblib,raw_threshold,32,0.36999999999999994,saved reselected-C validation threshold,7,CV17_THY_CONT,Vessels,single variable,cardiovascular,1,0.7617419431871222,0.7414553900176903,0.020286553169431842,0.8478286384976526,0.8467219986586184,0.0011066398390341403,0.6291219667126018,0.6271604838998224,0.0019614828127794137,0.10710668881529546,0.10800308461039723,0.0008963957951017704,0.006409362821542383,0.03668095293606504,1.0273604500588334,1.00854336960198,1.0499189816489494,2000
same_members_reselected_C,stacking,"KNeighbors,RandomForest,AdaBoost,MLP",sigmoid,cache/classification_explainability/prepared_h7_CV17_THY_CONT.joblib,sigmoid,33,0.35999999999999993,saved reselected-C validation threshold,7,CV17_THY_CONT,Vessels,single variable,cardiovascular,1,0.7511422092865845,0.7462535594372901,0.00488864984929438,0.8478286384976526,0.8467219986586184,0.0011066398390341403,0.6291219667126018,0.6271604838998224,0.0019614828127794137,0.10661452685674429,0.10752154805481827,0.0009070211980739817,-0.008208084592370376,0.01853918767768303,1.0065509233255525,0.9891404665516735,1.0253822213937378,2000
same_members_reselected_C,stacking,"KNeighbors,RandomForest,AdaBoost,MLP",isotonic,cache/classification_explainability/prepared_h7_CV17_THY_CONT.joblib,isotonic,34,0.33999999999999997,saved reselected-C validation threshold,7,CV17_THY_CONT,Vessels,single variable,cardiovascular,1,0.7556737369364912,0.7361968142354882,0.019476922701002986,0.8462692823608317,0.8422493293091885,0.004019953051643155,0.6070559198389371,0.6006291700634441,0.006426749775493068,0.10824084444828577,0.10947266259934751,0.001231818151061742,0.004006637252519807,0.0355640824836006,1.0264561355392838,1.0052413652310814,1.0491547468146485,2000
LogisticRegression,individual,LogisticRegression,raw,Cached fitted individual; sigmoid fitted to cached training OOF,raw_fixed,0,0.5,fixed 0.5,7,CV17_THY_CONT,Ischemia,single variable,cardiovascular,1,0.7027203218095723,0.7157930260267085,-0.013072704217136133,0.8415828303152246,0.8405516431924883,0.00103118712273631,0.586842265981418,0.5768786767706924,0.009963589210725599,0.16219265113101544,0.16276075695434766,0.0005681058233322211,-0.029561053463765488,0.004506628239430225,0.9817367538634718,0.958853836513302,1.0064399675069633,2000
LogisticRegression,individual,LogisticRegression,raw,Cached fitted individual; sigmoid fitted to cached training OOF,raw_threshold,0,0.6399999999999999,own validation,7,CV17_THY_CONT,Ischemia,single variable,cardiovascular,1,0.7426812986420919,0.7349598693088998,0.007721429333192087,0.8415828303152246,0.8405516431924883,0.00103118712273631,0.586842265981418,0.5768786767706924,0.009963589210725599,0.16219265113101544,0.16276075695434766,0.0005681058233322211,-0.011654810342208574,0.027038957138389656,1.0105059196503514,0.9843059302698794,1.037581415319263,2000
LogisticRegression,individual,LogisticRegression,sigmoid,Cached fitted individual; sigmoid fitted to cached training OOF,sigmoid,1,0.38999999999999996,own validation,7,CV17_THY_CONT,Ischemia,single variable,cardiovascular,1,0.7361367513642372,0.7247829178830751,0.011353833481162035,0.8415828303152246,0.8405516431924883,0.00103118712273631,0.586842265981418,0.5768786767706924,0.009963589210725599,0.11137008767811421,0.11239670692503205,0.0010266192469178398,-0.008184540037460233,0.0309450953061669,1.0156651504899206,0.9890860482720484,1.043043433790109,2000
SVC,individual,SVC,raw,Cached fitted individual; sigmoid fitted to cached training OOF,raw_fixed,2,0.5,fixed 0.5,7,CV17_THY_CONT,Ischemia,single variable,cardiovascular,1,0.7011045261967771,0.6892577638203479,0.011846762376429232,0.8283702213279678,0.8278420523138833,0.0005281690140844786,0.5568024589994544,0.5485020261045894,0.008300432894864929,0.11715140617654654,0.11820838569905766,0.0010569795225111173,-0.0021348638528046636,0.0277912566127203,1.0171877097339699,0.9968742377660231,1.0407249618856067,2000
SVC,individual,SVC,raw,Cached fitted individual; sigmoid fitted to cached training OOF,raw_threshold,2,0.37999999999999995,own validation,7,CV17_THY_CONT,Ischemia,single variable,cardiovascular,1,0.716891790418474,0.7095929389589677,0.0072988514595062615,0.8283702213279678,0.8278420523138833,0.0005281690140844786,0.5568024589994544,0.5485020261045894,0.008300432894864929,0.11715140617654654,0.11820838569905766,0.0010569795225111173,-0.010835530944802805,0.027166340849733687,1.0102859696859643,0.9846408731132934,1.038601585603613,2000
SVC,individual,SVC,sigmoid,Cached fitted individual; sigmoid fitted to cached training OOF,sigmoid,3,0.4099999999999999,own validation,7,CV17_THY_CONT,Ischemia,single variable,cardiovascular,1,0.7072343406283659,0.6992721564150136,0.007962184213352264,0.8283702213279678,0.8278420523138833,0.0005281690140844786,0.5568024589994544,0.5485020261045894,0.008300432894864929,0.1169250023920927,0.1180150895690018,0.001090087176909088,-0.007398357025185523,0.022804802352225883,1.0113863881756315,0.9894554833258539,1.033641899241098,2000
KNeighbors,individual,KNeighbors,raw,Cached fitted individual; sigmoid fitted to cached training OOF,raw_fixed,4,0.5,fixed 0.5,7,CV17_THY_CONT,Ischemia,single variable,cardiovascular,1,0.7063464648956876,0.6943786448840867,0.011967820011600905,0.8055122401073105,0.7974052649228706,0.008106975184439924,0.5386758931409478,0.5075743528025912,0.031101540338356548,0.1499207685451123,0.15623129556346926,0.006310527018356965,-0.008340293784110933,0.032531339353145484,1.01723529388436,0.9882792587077645,1.0472751036791845,2000
KNeighbors,individual,KNeighbors,raw,Cached fitted individual; sigmoid fitted to cached training OOF,raw_threshold,4,0.59,own validation,7,CV17_THY_CONT,Ischemia,single variable,cardiovascular,1,0.6881589091885617,0.6820367703411742,0.006122138847387548,0.8055122401073105,0.7974052649228706,0.008106975184439924,0.5386758931409478,0.5075743528025912,0.031101540338356548,0.1499207685451123,0.15623129556346926,0.006310527018356965,-0.01153882132328539,0.023771941581265225,1.0089762592188762,0.9831849198562906,1.0357200542951552,2000
KNeighbors,individual,KNeighbors,sigmoid,Cached fitted individual; sigmoid fitted to cached training OOF,sigmoid,5,0.30999999999999994,own validation,7,CV17_THY_CONT,Ischemia,single variable,cardiovascular,1,0.6881589091885617,0.6820367703411742,0.006122138847387548,0.8055122401073105,0.7974052649228706,0.008106975184439924,0.5386758931409478,0.5075743528025912,0.031101540338356548,0.12173341907432166,0.12440809818151255,0.0026746791071908943,-0.01153882132328539,0.023771941581265225,1.0089762592188762,0.9831849198562906,1.0357200542951552,2000
RandomForest,individual,RandomForest,raw,Cached fitted individual; sigmoid fitted to cached training OOF,raw_fixed,6,0.5,fixed 0.5,7,CV17_THY_CONT,Ischemia,single variable,cardiovascular,1,0.7491346656217346,0.7440258969951041,0.0051087686266304555,0.8410127431254192,0.8395120724346077,0.0015006706908115008,0.6356546074048491,0.6155285822848767,0.020126025119972413,0.12209730025536963,0.1262201352066486,0.004122834951278964,-0.0030378291822530184,0.013273188647791114,1.0068663854944608,0.9960376394178506,1.018110403633541,2000
RandomForest,individual,RandomForest,raw,Cached fitted individual; sigmoid fitted to cached training OOF,raw_threshold,6,0.5299999999999999,own validation,7,CV17_THY_CONT,Ischemia,single variable,cardiovascular,1,0.74400817251728,0.741314818610371,0.0026933539069090573,0.8410127431254192,0.8395120724346077,0.0015006706908115008,0.6356546074048491,0.6155285822848767,0.020126025119972413,0.12209730025536963,0.1262201352066486,0.004122834951278964,-0.009184711607610353,0.014238106072067519,1.003633212016398,0.9876122292281816,1.019175236812021,2000
RandomForest,individual,RandomForest,sigmoid,Cached fitted individual; sigmoid fitted to cached training OOF,sigmoid,7,0.37999999999999995,own validation,7,CV17_THY_CONT,Ischemia,single variable,cardiovascular,1,0.7452590842555569,0.7400502254607728,0.005208858794784055,0.8410127431254192,0.8395120724346077,0.0015006706908115008,0.6356546074048491,0.6155285822848767,0.020126025119972413,0.10692705464634006,0.10822125431767024,0.0012941996713301818,-0.005759699663423423,0.01596391293703484,1.0070385206511367,0.9922213674986678,1.021653650098252,2000
AdaBoost,individual,AdaBoost,raw,Cached fitted individual; sigmoid fitted to cached training OOF,raw_fixed,8,0.5,fixed 0.5,7,CV17_THY_CONT,Ischemia,single variable,cardiovascular,1,0.7035592443093917,0.7001740752771461,0.0033851690322455052,0.8369634473507713,0.8366532528504359,0.0003101945003354256,0.5904214779938294,0.5874952803998693,0.002926197593960067,0.1861595753416243,0.18851217617762447,0.0023526008360001682,-0.0025817697890945456,0.009484019329918575,1.004834753458853,0.9962989311138255,1.0136415542661037,2000
AdaBoost,individual,AdaBoost,raw,Cached fitted individual; sigmoid fitted to cached training OOF,raw_threshold,8,0.58,own validation,7,CV17_THY_CONT,Ischemia,single variable,cardiovascular,1,0.7308812260536399,0.733618881898898,-0.0027376558452580912,0.8369634473507713,0.8366532528504359,0.0003101945003354256,0.5904214779938294,0.5874952803998693,0.002926197593960067,0.1861595753416243,0.18851217617762447,0.0023526008360001682,-0.012184231278820425,0.004819971345275139,0.9962682860095259,0.9833011469002496,1.006784186175566,2000
AdaBoost,individual,AdaBoost,sigmoid,Cached fitted individual; sigmoid fitted to cached training OOF,sigmoid,9,0.4099999999999999,own validation,7,CV17_THY_CONT,Ischemia,single variable,cardiovascular,1,0.7293557557283282,0.7322594532539284,-0.0029036975256001574,0.8369634473507713,0.8366532528504359,0.0003101945003354256,0.5904214779938294,0.5874952803998693,0.002926197593960067,0.11138800805411916,0.11177890705647951,0.00039089900236034814,-0.014404718263015223,0.0067203417073454196,0.9960346056132194,0.9804709955888828,1.0090171155957688,2000
MLP,individual,MLP,raw,Cached fitted individual; sigmoid fitted to cached training OOF,raw_fixed,10,0.5,fixed 0.5,7,CV17_THY_CONT,Ischemia,single variable,cardiovascular,1,0.7086712317698171,0.7054482018250134,0.0032230299448036126,0.8466968477531858,0.8428739101274313,0.0038229376257544745,0.6105382221434775,0.5948518133051938,0.01568640883828376,0.15329636532074958,0.1585453272734434,0.005248961952693809,-0.011304574521091435,0.017026834275351576,1.0045687690980933,0.9841936163938195,1.0240648008600755,2000
MLP,individual,MLP,raw,Cached fitted individual; sigmoid fitted to cached training OOF,raw_threshold,10,0.6799999999999999,own validation,7,CV17_THY_CONT,Ischemia,single variable,cardiovascular,1,0.7489136160834274,0.7400918100304603,0.008821806052967118,0.8466968477531858,0.8428739101274313,0.0038229376257544745,0.6105382221434775,0.5948518133051938,0.01568640883828376,0.15329636532074958,0.1585453272734434,0.005248961952693809,-0.007088310353250762,0.02563717687542736,1.0119198806599468,0.9905215000619271,1.0353251021949237,2000
MLP,individual,MLP,sigmoid,Cached fitted individual; sigmoid fitted to cached training OOF,sigmoid,11,0.31999999999999995,own validation,7,CV17_THY_CONT,Ischemia,single variable,cardiovascular,1,0.7574482553444686,0.7387904288325046,0.018657826511964015,0.8466968477531858,0.8428739101274313,0.0038229376257544745,0.6105382221434775,0.5948518133051938,0.01568640883828376,0.11299743818759635,0.1143669690855113,0.0013695308979149584,0.0037214646313920518,0.034938459681556705,1.0252545590519473,1.005005069798742,1.0481816070561396,2000
GradientBoosting,individual,GradientBoosting,raw,Cached fitted individual; sigmoid fitted to cached training OOF,raw_fixed,12,0.5,fixed 0.5,7,CV17_THY_CONT,Ischemia,single variable,cardiovascular,1,0.7196397818599312,0.7083403267315654,0.01129945512836572,0.840627095908786,0.8400821596244131,0.00054493628437291,0.6218609666423225,0.6135355945495461,0.008325372092776395,0.13797559292209854,0.144224128735856,0.00624853581375745,0.0015349713144895696,0.021153987689173533,1.0159520144511662,1.0021709392845393,1.0300558486709264,2000
GradientBoosting,individual,GradientBoosting,raw,Cached fitted individual; sigmoid fitted to cached training OOF,raw_threshold,12,0.6599999999999999,own validation,7,CV17_THY_CONT,Ischemia,single variable,cardiovascular,1,0.7604147716936511,0.7611798206468613,-0.0007650489532101679,0.840627095908786,0.8400821596244131,0.00054493628437291,0.6218609666423225,0.6135355945495461,0.008325372092776395,0.13797559292209854,0.144224128735856,0.00624853581375745,-0.011849846793106245,0.009160363460719705,0.9989949169270409,0.9843782175215466,1.0123407491399687,2000
GradientBoosting,individual,GradientBoosting,sigmoid,Cached fitted individual; sigmoid fitted to cached training OOF,sigmoid,13,0.37999999999999995,own validation,7,CV17_THY_CONT,Ischemia,single variable,cardiovascular,1,0.7579298142781161,0.7611798206468613,-0.003250006368745173,0.840627095908786,0.8400821596244131,0.00054493628437291,0.6218609666423225,0.6135355945495461,0.008325372092776395,0.10818765827236983,0.10939320626056276,0.0012055479881929315,-0.01527414111931009,0.007418994276656519,0.9957303040876947,0.9798618424041194,1.009606559601384,2000
XGBoost,individual,XGBoost,raw,Cached fitted individual; sigmoid fitted to cached training OOF,raw_fixed,14,0.5,fixed 0.5,7,CV17_THY_CONT,Ischemia,single variable,cardiovascular,1,0.7340850209815728,0.7313476892949451,0.0027373316866277086,0.8427649228705567,0.84079476861167,0.0019701542588866916,0.6207142319116041,0.6097483206393276,0.01096591127227653,0.142721285120714,0.14919088128497224,0.00646959616425824,-0.00547079622098626,0.010717808121498437,1.0037428595546212,0.9925001000668267,1.014626122519067,2000
XGBoost,individual,XGBoost,raw,Cached fitted individual; sigmoid fitted to cached training OOF,raw_threshold,14,0.6,own validation,7,CV17_THY_CONT,Ischemia,single variable,cardiovascular,1,0.7375657580105213,0.7386904761904762,-0.0011247181799549644,0.8427649228705567,0.84079476861167,0.0019701542588866916,0.6207142319116041,0.6097483206393276,0.01096591127227653,0.142721285120714,0.14919088128497224,0.00646959616425824,-0.011948394840162658,0.008838608454303431,0.9984774161625106,0.984036840662817,1.0120185427170592,2000
XGBoost,individual,XGBoost,sigmoid,Cached fitted individual; sigmoid fitted to cached training OOF,sigmoid,15,0.36999999999999994,own validation,7,CV17_THY_CONT,Ischemia,single variable,cardiovascular,1,0.738826364323119,0.742450813427623,-0.0036244491045039906,0.8427649228705567,0.84079476861167,0.0019701542588866916,0.6207142319116041,0.6097483206393276,0.01096591127227653,0.10779122172922385,0.10903763931093123,0.0012464175817073764,-0.013840197110103907,0.00527907619602062,0.9951182636762546,0.9814602834224814,1.007099946317005,2000
paper,voting,"LogisticRegression,RandomForest,AdaBoost",raw,models/predictive_sensitivity/h7_CV17_THY_CONT_paper.joblib,raw_fixed,16,0.5,fixed 0.5,7,CV17_THY_CONT,Ischemia,single variable,cardiovascular,1,0.7329425928388122,0.7358967854165912,-0.002954192577778958,0.8474765258215963,0.8459339369550637,0.0015425888665325793,0.6249100841759544,0.6143587833589865,0.010551300816967868,0.14916737933582,0.1522009232380231,0.0030335439022030897,-0.014063453021415678,0.008137824182429842,0.9959855884190245,0.980874137347194,1.011091734855945,2000
paper,voting,"LogisticRegression,RandomForest,AdaBoost",raw,models/predictive_sensitivity/h7_CV17_THY_CONT_paper.joblib,raw_threshold,16,0.38999999999999996,saved voting threshold (also applied to raw),7,CV17_THY_CONT,Ischemia,single variable,cardiovascular,1,0.661069806744196,0.6502565166348746,0.010813290109321416,0.8474765258215963,0.8459339369550637,0.0015425888665325793,0.6249100841759544,0.6143587833589865,0.010551300816967868,0.14916737933582,0.1522009232380231,0.0030335439022030897,0.0022946893363864655,0.02032268983877332,1.0166292683467149,1.0035038820452777,1.0311796526485455,2000
paper,voting,"LogisticRegression,RandomForest,AdaBoost",sigmoid,models/predictive_sensitivity/h7_CV17_THY_CONT_paper.joblib,sigmoid,17,0.38999999999999996,saved voting threshold (also applied to raw),7,CV17_THY_CONT,Ischemia,single variable,cardiovascular,1,0.7596902502253029,0.7492311677615192,0.010459082463783687,0.8474765258215963,0.8459339369550637,0.0015425888665325793,0.6249100841759544,0.6143587833589865,0.010551300816967868,0.10681940292729272,0.10788141710262068,0.0010620141753279605,0.0,0.02205403070037428,1.0139597535631524,1.0,1.0300038728745724,2000
paper_locked,voting,"LogisticRegression,RandomForest,AdaBoost",raw,models/final_h7_CV17_THY_CONT_paper_locked.joblib,raw_fixed,18,0.5,fixed 0.5,7,CV17_THY_CONT,Ischemia,single variable,cardiovascular,1,0.7281870738748857,0.732867170194027,-0.004680096319141347,0.8466381623071764,0.8454560697518444,0.0011820925553319706,0.6220693480215564,0.6091333897427473,0.012935958278809112,0.1566021485441328,0.16079069330803383,0.004188544763901042,-0.017675814615679634,0.008130202435925205,0.9936139910348252,0.9760172928879832,1.0113093083238522,2000
paper_locked,voting,"LogisticRegression,RandomForest,AdaBoost",raw,models/final_h7_CV17_THY_CONT_paper_locked.joblib,raw_threshold,18,0.43999999999999995,saved voting threshold (also applied to raw),7,CV17_THY_CONT,Ischemia,single variable,cardiovascular,1,0.6898933929555102,0.6779509881422925,0.011942404813217733,0.8466381623071764,0.8454560697518444,0.0011820925553319706,0.6220693480215564,0.6091333897427473,0.012935958278809112,0.1566021485441328,0.16079069330803383,0.004188544763901042,-0.0009034511543864642,0.025651704979481497,1.0176154397915136,0.9987067768438225,1.0383871259482562,2000
paper_locked,voting,"LogisticRegression,RandomForest,AdaBoost",sigmoid,models/final_h7_CV17_THY_CONT_paper_locked.joblib,sigmoid,19,0.43999999999999995,saved voting threshold (also applied to raw),7,CV17_THY_CONT,Ischemia,single variable,cardiovascular,1,0.7243328100470958,0.7329983531701474,-0.008665543123051567,0.8466381623071764,0.8454560697518444,0.0011820925553319706,0.6220693480215564,0.6091333897427473,0.012935958278809112,0.10735395528864841,0.10837705876411013,0.001023103475461723,-0.02614419482824428,0.007937899017902329,0.9881779500791865,0.9647558954409153,1.0109087069259692,2000
own,stacking,"LogisticRegression,KNeighbors,AdaBoost",raw,models/stacking_sensitivity/h7_CV17_THY_CONT_own.joblib,raw_fixed,20,0.5,fixed 0.5,7,CV17_THY_CONT,Ischemia,single variable,cardiovascular,1,0.7036772224208319,0.704177897574124,-0.0005006751532921072,0.8452045606975185,0.8435194500335346,0.001685110663983913,0.6027119778421592,0.5942648983351673,0.008447079506991972,0.10917993345567255,0.11016391087685197,0.0009839774211794217,-0.01462282020726673,0.013468018381940587,0.9992889933708273,0.9793219214613802,1.0193225769304262,2000
own,stacking,"LogisticRegression,KNeighbors,AdaBoost",raw,models/stacking_sensitivity/h7_CV17_THY_CONT_own.joblib,raw_threshold,20,0.33999999999999997,saved stacking threshold,7,CV17_THY_CONT,Ischemia,single variable,cardiovascular,1,0.7554362964476055,0.751641864469315,0.0037944319782904357,0.8452045606975185,0.8435194500335346,0.001685110663983913,0.6027119778421592,0.5942648983351673,0.008447079506991972,0.10917993345567255,0.11016391087685197,0.0009839774211794217,-0.010730798066581398,0.018420389348162685,1.0050481913763138,0.9858521418848847,1.0244481119507394,2000
own,stacking,"LogisticRegression,KNeighbors,AdaBoost",sigmoid,models/stacking_sensitivity/h7_CV17_THY_CONT_own.joblib,sigmoid,21,0.32999999999999996,saved stacking threshold,7,CV17_THY_CONT,Ischemia,single variable,cardiovascular,1,0.7554362964476055,0.751641864469315,0.0037944319782904357,0.8452045606975185,0.8435194500335346,0.001685110663983913,0.6027119778421592,0.5942648983351673,0.008447079506991972,0.10921388840861973,0.11014914008359654,0.0009352516749768086,-0.010730798066581398,0.018420389348162685,1.0050481913763138,0.9858521418848847,1.0244481119507394,2000
own,stacking,"LogisticRegression,KNeighbors,AdaBoost",isotonic,models/stacking_sensitivity/h7_CV17_THY_CONT_own.joblib,isotonic,22,0.33999999999999997,saved stacking threshold,7,CV17_THY_CONT,Ischemia,single variable,cardiovascular,1,0.756166353170578,0.7445767975783308,0.01158955559224717,0.8448608316566063,0.8417924211938297,0.0030684104627766162,0.5843766539391511,0.5718063350853326,0.01257031885381843,0.11066089189702547,0.11179180720122492,0.0011309153041994535,0.0012127805428841954,0.022373477856349328,1.0155652924318097,1.0016392313892923,1.0308420322963923,2000
same_baseline,stacking,"KNeighbors,RandomForest,AdaBoost,MLP",raw,models/stacking_sensitivity/h7_CV17_THY_CONT_same_baseline.joblib,raw_fixed,23,0.5,fixed 0.5,7,CV17_THY_CONT,Ischemia,single variable,cardiovascular,1,0.7046565588361673,0.7224971349297303,-0.017840576093563043,0.8468226022803488,0.844341046277666,0.002481556002682739,0.6266442551545337,0.6145075703083838,0.012136684846149937,0.10694711012065376,0.10828508917418563,0.0013379790535318625,-0.03388453651271732,-0.004488042492842837,0.9753070631964538,0.9532600620839558,0.9935524798126975,2000
same_baseline,stacking,"KNeighbors,RandomForest,AdaBoost,MLP",raw,models/stacking_sensitivity/h7_CV17_THY_CONT_same_baseline.joblib,raw_threshold,23,0.38999999999999996,saved stacking threshold,7,CV17_THY_CONT,Ischemia,single variable,cardiovascular,1,0.7542358796721512,0.7477115060958088,0.0065243735763423905,0.8468226022803488,0.844341046277666,0.002481556002682739,0.6266442551545337,0.6145075703083838,0.012136684846149937,0.10694711012065376,0.10828508917418563,0.0013379790535318625,-0.0059015584305388445,0.019353176464788173,1.008725789991396,0.9921936059482489,1.0260891291921697,2000
same_baseline,stacking,"KNeighbors,RandomForest,AdaBoost,MLP",sigmoid,models/stacking_sensitivity/h7_CV17_THY_CONT_same_baseline.joblib,sigmoid,24,0.3999999999999999,saved stacking threshold,7,CV17_THY_CONT,Ischemia,single variable,cardiovascular,1,0.7545418151157511,0.7517071748475874,0.002834640268163713,0.8468226022803488,0.844341046277666,0.002481556002682739,0.6266442551545337,0.6145075703083838,0.012136684846149937,0.106977825803903,0.10825791042008996,0.0012800846161869633,-0.007737186543181468,0.01258232799851732,1.0037709368262162,0.989793440338266,1.016879845738437,2000
same_baseline,stacking,"KNeighbors,RandomForest,AdaBoost,MLP",isotonic,models/stacking_sensitivity/h7_CV17_THY_CONT_same_baseline.joblib,isotonic,25,0.32999999999999996,saved stacking threshold,7,CV17_THY_CONT,Ischemia,single variable,cardiovascular,1,0.7498623008110008,0.7445667985119435,0.005295502299057286,0.8466339704896043,0.84375,0.002883970489604315,0.6078162488237903,0.5964506600809887,0.01136558874280158,0.10763459558478214,0.10937433467927604,0.0017397390944939028,-0.007094409601453211,0.017855967163288904,1.0071121923642588,0.9906548251532837,1.0240504887313902,2000
locked_baseline,stacking,"KNeighbors,RandomForest,AdaBoost,MLP",raw,models/stacking_sensitivity/h7_CV17_THY_CONT_locked_baseline.joblib,raw_fixed,26,0.5,fixed 0.5,7,CV17_THY_CONT,Ischemia,single variable,cardiovascular,1,0.7294088812205308,0.735518959779698,-0.00611007855916712,0.8484657947686117,0.8473004694835681,0.0011653252850436502,0.6414093765224447,0.631240992816978,0.010168383705466688,0.10521713348319792,0.1064833648427688,0.0012662313595708796,-0.019173122002333978,0.005555677800596946,0.9916928333689764,0.9741493123426741,1.0076436649368643,2000
locked_baseline,stacking,"KNeighbors,RandomForest,AdaBoost,MLP",raw,models/stacking_sensitivity/h7_CV17_THY_CONT_locked_baseline.joblib,raw_threshold,26,0.48999999999999994,saved stacking threshold,7,CV17_THY_CONT,Ischemia,single variable,cardiovascular,1,0.7309705048555402,0.7412137884572199,-0.010243283601679698,0.8484657947686117,0.8473004694835681,0.0011653252850436502,0.6414093765224447,0.631240992816978,0.010168383705466688,0.10521713348319792,0.1064833648427688,0.0012662313595708796,-0.025797526458566592,0.0038410388185051354,0.9861803925382981,0.9654707250768684,1.0052632987424934,2000
locked_baseline,stacking,"KNeighbors,RandomForest,AdaBoost,MLP",sigmoid,models/stacking_sensitivity/h7_CV17_THY_CONT_locked_baseline.joblib,sigmoid,27,0.48999999999999994,saved stacking threshold,7,CV17_THY_CONT,Ischemia,single variable,cardiovascular,1,0.7294088812205308,0.7397845415627793,-0.01037566034224846,0.8484657947686117,0.8473004694835681,0.0011653252850436502,0.6414093765224447,0.631240992816978,0.010168383705466688,0.10516829882784544,0.10631578211176836,0.0011474832839229177,-0.02576401325469782,0.003956394068478222,0.9859747537839462,0.9649500831084202,1.0053971018153371,2000
locked_baseline,stacking,"KNeighbors,RandomForest,AdaBoost,MLP",isotonic,models/stacking_sensitivity/h7_CV17_THY_CONT_locked_baseline.joblib,isotonic,28,0.42999999999999994,saved stacking threshold,7,CV17_THY_CONT,Ischemia,single variable,cardiovascular,1,0.7278237075983138,0.7382136510548976,-0.010389943456583728,0.8465459423205902,0.8448734071093226,0.001672535211267645,0.6069580639148737,0.6051850626515692,0.0017730012633044856,0.10696678701552328,0.10762832080518467,0.0006615337896613838,-0.024992070531233968,0.0022979676748663574,0.9859255603825036,0.9668928161992175,1.0031474225511114,2000
paper,stacking,"LogisticRegression,RandomForest,AdaBoost",raw,models/stacking_sensitivity/h7_CV17_THY_CONT_paper.joblib,raw_fixed,29,0.5,fixed 0.5,7,CV17_THY_CONT,Ischemia,single variable,cardiovascular,1,0.7089681419188509,0.7175913080842182,-0.00862316616536729,0.8476190476190476,0.845690811535882,0.0019282360831656131,0.6237386907226503,0.6107636993062207,0.01297499141642966,0.10684277418145065,0.10785691076039193,0.0010141365789412826,-0.024242926293543826,0.005348957058584665,0.9879831791881803,0.9660426207324383,1.0076184312207004,2000
paper,stacking,"LogisticRegression,RandomForest,AdaBoost",raw,models/stacking_sensitivity/h7_CV17_THY_CONT_paper.joblib,raw_threshold,29,0.3999999999999999,saved stacking threshold,7,CV17_THY_CONT,Ischemia,single variable,cardiovascular,1,0.7571230982019364,0.7505504652319057,0.006572632970030634,0.8476190476190476,0.845690811535882,0.0019282360831656131,0.6237386907226503,0.6107636993062207,0.01297499141642966,0.10684277418145065,0.10785691076039193,0.0010141365789412826,-0.003059373664976134,0.01710675358453323,1.008757083333497,0.996055085398399,1.0229597836953495,2000
paper,stacking,"LogisticRegression,RandomForest,AdaBoost",sigmoid,models/stacking_sensitivity/h7_CV17_THY_CONT_paper.joblib,sigmoid,30,0.38999999999999996,saved stacking threshold,7,CV17_THY_CONT,Ischemia,single variable,cardiovascular,1,0.7571230982019364,0.7505504652319057,0.006572632970030634,0.8476190476190476,0.845690811535882,0.0019282360831656131,0.6237386907226503,0.6107636993062207,0.01297499141642966,0.10691330488299498,0.10785589968648561,0.0009425948034906262,-0.003059373664976134,0.01710675358453323,1.008757083333497,0.996055085398399,1.0229597836953495,2000
paper,stacking,"LogisticRegression,RandomForest,AdaBoost",isotonic,models/stacking_sensitivity/h7_CV17_THY_CONT_paper.joblib,isotonic,31,0.3499999999999999,saved stacking threshold,7,CV17_THY_CONT,Ischemia,single variable,cardiovascular,1,0.7531190566334336,0.7464934275510979,0.00662562908233566,0.8453093561368209,0.8449027498323273,0.00040660630449362856,0.6000089471701715,0.5827625943886819,0.01724635278148956,0.10818818153761928,0.1095772071103505,0.0013890255727312256,-0.004774291504022318,0.01777209619990103,1.0088756696814751,0.993804652052666,1.0240940191627772,2000
same_members_reselected_C,stacking,"KNeighbors,RandomForest,AdaBoost,MLP",raw,cache/classification_explainability/prepared_h7_CV17_THY_CONT.joblib,raw_fixed,32,0.5,fixed 0.5,7,CV17_THY_CONT,Ischemia,single variable,cardiovascular,1,0.6911228376548599,0.7102652757666204,-0.019142438111760418,0.8478286384976526,0.8453638497652582,0.0024647887323943074,0.6291219667126018,0.6132193482264549,0.015902618486146936,0.10710668881529546,0.1084146769479916,0.0013079881326961418,-0.036591873745435925,-0.003649958603276078,0.9730488892462057,0.9486183818473729,0.9947507102773006,2000
same_members_reselected_C,stacking,"KNeighbors,RandomForest,AdaBoost,MLP",raw,cache/classification_explainability/prepared_h7_CV17_THY_CONT.joblib,raw_threshold,32,0.36999999999999994,saved reselected-C validation threshold,7,CV17_THY_CONT,Ischemia,single variable,cardiovascular,1,0.7617419431871222,0.750206910821436,0.011535032365686204,0.8478286384976526,0.8453638497652582,0.0024647887323943074,0.6291219667126018,0.6132193482264549,0.015902618486146936,0.10710668881529546,0.1084146769479916,0.0013079881326961418,0.0026806579739042493,0.02183773428991534,1.015375801261356,1.0035786821308585,1.029386394623871,2000
same_members_reselected_C,stacking,"KNeighbors,RandomForest,AdaBoost,MLP",sigmoid,cache/classification_explainability/prepared_h7_CV17_THY_CONT.joblib,sigmoid,33,0.35999999999999993,saved reselected-C validation threshold,7,CV17_THY_CONT,Ischemia,single variable,cardiovascular,1,0.7511422092865845,0.743431810410039,0.0077103988765454545,0.8478286384976526,0.8453638497652582,0.0024647887323943074,0.6291219667126018,0.6132193482264549,0.015902618486146936,0.10661452685674429,0.10812382302149921,0.0015092961647549252,-0.006639898671567534,0.021782133763934248,1.010371359913013,0.9911362252830662,1.0297607368426496,2000
same_members_reselected_C,stacking,"KNeighbors,RandomForest,AdaBoost,MLP",isotonic,cache/classification_explainability/prepared_h7_CV17_THY_CONT.joblib,isotonic,34,0.33999999999999997,saved reselected-C validation threshold,7,CV17_THY_CONT,Ischemia,single variable,cardiovascular,1,0.7556737369364912,0.7529204651802017,0.002753271756289477,0.8462692823608317,0.8433350100603622,0.002934272300469498,0.6070559198389371,0.5914642734344261,0.01559164640451105,0.10824084444828577,0.11030718728827124,0.002066342839985469,-0.008663515998206046,0.013337662274771532,1.003656789639302,0.9885698354009093,1.017697443049567,2000
LogisticRegression,individual,LogisticRegression,raw,Cached fitted individual; sigmoid fitted to cached training OOF,raw_fixed,0,0.5,fixed 0.5,7,CV17_THY_CONT,PostIsch_DCM,single variable,cardiovascular,1,0.7027203218095723,0.6980410294463956,0.004679292363176768,0.8415828303152246,0.8427062374245473,-0.0011234071093226827,0.586842265981418,0.6022134704549297,-0.015371204473511701,0.16219265113101544,0.16285498374735352,0.0006623326163380794,-0.005615697394499283,0.016389270911744715,1.006703463214602,0.9920881292537463,1.023846841968217,2000
LogisticRegression,individual,LogisticRegression,raw,Cached fitted individual; sigmoid fitted to cached training OOF,raw_threshold,0,0.6399999999999999,own validation,7,CV17_THY_CONT,PostIsch_DCM,single variable,cardiovascular,1,0.7426812986420919,0.7336796122738615,0.0090016863682304,0.8415828303152246,0.8427062374245473,-0.0011234071093226827,0.586842265981418,0.6022134704549297,-0.015371204473511701,0.16219265113101544,0.16285498374735352,0.0006623326163380794,-0.011469919032607464,0.02984251220807992,1.012269233351506,0.9845355077822593,1.0414558402330876,2000
LogisticRegression,individual,LogisticRegression,sigmoid,Cached fitted individual; sigmoid fitted to cached training OOF,sigmoid,1,0.38999999999999996,own validation,7,CV17_THY_CONT,PostIsch_DCM,single variable,cardiovascular,1,0.7361367513642372,0.7292144244667238,0.006922326897513376,0.8415828303152246,0.8427062374245473,-0.0011234071093226827,0.586842265981418,0.6022134704549297,-0.015371204473511701,0.11137008767811421,0.11042120656107492,-0.0009488811170392936,-0.01578119350378475,0.02881449822944001,1.0094928551400717,0.9786472157783216,1.0408802824251524,2000
SVC,individual,SVC,raw,Cached fitted individual; sigmoid fitted to cached training OOF,raw_fixed,2,0.5,fixed 0.5,7,CV17_THY_CONT,PostIsch_DCM,single variable,cardiovascular,1,0.7011045261967771,0.6668184578020644,0.03428606839471271,0.8283702213279678,0.8338195841716969,-0.0054493628437291,0.5568024589994544,0.580690530638237,-0.023888071638782593,0.11715140617654654,0.11339640442865966,-0.0037550017478868852,0.00677906407114442,0.06601537341346346,1.0514173955347978,1.0097423492196265,1.1021394147702244,2000
SVC,individual,SVC,raw,Cached fitted individual; sigmoid fitted to cached training OOF,raw_threshold,2,0.37999999999999995,own validation,7,CV17_THY_CONT,PostIsch_DCM,single variable,cardiovascular,1,0.716891790418474,0.720265277762086,-0.0033734873436120916,0.8283702213279678,0.8338195841716969,-0.0054493628437291,0.5568024589994544,0.580690530638237,-0.023888071638782593,0.11715140617654654,0.11339640442865966,-0.0037550017478868852,-0.02769129334495473,0.02164824701480559,0.9953163265705467,0.9623215790341487,1.0309081747461206,2000
SVC,individual,SVC,sigmoid,Cached fitted individual; sigmoid fitted to cached training OOF,sigmoid,3,0.4099999999999999,own validation,7,CV17_THY_CONT,PostIsch_DCM,single variable,cardiovascular,1,0.7072343406283659,0.687931594768056,0.01930274586030989,0.8283702213279678,0.8338195841716969,-0.0054493628437291,0.5568024589994544,0.580690530638237,-0.023888071638782593,0.1169250023920927,0.11416970896508043,-0.0027552934270122786,-0.005948723956241348,0.04658551564109705,1.0280591064680173,0.9912545676427739,1.0693719686854763,2000
KNeighbors,individual,KNeighbors,raw,Cached fitted individual; sigmoid fitted to cached training OOF,raw_fixed,4,0.5,fixed 0.5,7,CV17_THY_CONT,PostIsch_DCM,single variable,cardiovascular,1,0.7063464648956876,0.7000009544261513,0.006345510469536353,0.8055122401073105,0.7906019450033535,0.014910295103957028,0.5386758931409478,0.524853511101612,0.013822382039335723,0.1499207685451123,0.1460447786901834,-0.003875989854928902,-0.010927918076582688,0.025202722310129835,1.0090650025966583,0.9844319365222769,1.0363177169438742,2000
KNeighbors,individual,KNeighbors,raw,Cached fitted individual; sigmoid fitted to cached training OOF,raw_threshold,4,0.59,own validation,7,CV17_THY_CONT,PostIsch_DCM,single variable,cardiovascular,1,0.6881589091885617,0.6783882783882784,0.009770630800283286,0.8055122401073105,0.7906019450033535,0.014910295103957028,0.5386758931409478,0.524853511101612,0.013822382039335723,0.1499207685451123,0.1460447786901834,-0.003875989854928902,-0.013748997343754754,0.03587196966578699,1.014402711708841,0.9798751299944308,1.0546121151975523,2000
KNeighbors,individual,KNeighbors,sigmoid,Cached fitted individual; sigmoid fitted to cached training OOF,sigmoid,5,0.30999999999999994,own validation,7,CV17_THY_CONT,PostIsch_DCM,single variable,cardiovascular,1,0.6881589091885617,0.6783882783882784,0.009770630800283286,0.8055122401073105,0.7906019450033535,0.014910295103957028,0.5386758931409478,0.524853511101612,0.013822382039335723,0.12173341907432166,0.1269558922463895,0.005222473172067851,-0.013748997343754754,0.03587196966578699,1.014402711708841,0.9798751299944308,1.0546121151975523,2000
RandomForest,individual,RandomForest,raw,Cached fitted individual; sigmoid fitted to cached training OOF,raw_fixed,6,0.5,fixed 0.5,7,CV17_THY_CONT,PostIsch_DCM,single variable,cardiovascular,1,0.7491346656217346,0.7448899669016398,0.004244698720094808,0.8410127431254192,0.8406773977196512,0.0003353454057679617,0.6356546074048491,0.6237303617899771,0.011924245614872042,0.12209730025536963,0.12138430998331595,-0.0007129902720536818,-0.008284249447862704,0.01851349226083269,1.0056984238058013,0.9888481608635333,1.0252554721814549,2000
RandomForest,individual,RandomForest,raw,Cached fitted individual; sigmoid fitted to cached training OOF,raw_threshold,6,0.5299999999999999,own validation,7,CV17_THY_CONT,PostIsch_DCM,single variable,cardiovascular,1,0.74400817251728,0.7320659154467694,0.011942257070510665,0.8410127431254192,0.8406773977196512,0.0003353454057679617,0.6356546074048491,0.6237303617899771,0.011924245614872042,0.12209730025536963,0.12138430998331595,-0.0007129902720536818,-0.003234793728376578,0.029264735864484324,1.016313089871453,0.9954753727008485,1.0408148766293084,2000
RandomForest,individual,RandomForest,sigmoid,Cached fitted individual; sigmoid fitted to cached training OOF,sigmoid,7,0.37999999999999995,own validation,7,CV17_THY_CONT,PostIsch_DCM,single variable,cardiovascular,1,0.7452590842555569,0.7334620124691895,0.011797071786367352,0.8410127431254192,0.8406773977196512,0.0003353454057679617,0.6356546074048491,0.6237303617899771,0.011924245614872042,0.10692705464634006,0.10940651463613141,0.0024794599897913494,-0.0035076150849139122,0.029000329379042622,1.0160840937714726,0.9951612166646265,1.0403033250320146,2000
AdaBoost,individual,AdaBoost,raw,Cached fitted individual; sigmoid fitted to cached training OOF,raw_fixed,8,0.5,fixed 0.5,7,CV17_THY_CONT,PostIsch_DCM,single variable,cardiovascular,1,0.7035592443093917,0.7063264525993884,-0.00276720828999677,0.8369634473507713,0.8356891348088531,0.0012743125419182322,0.5904214779938294,0.5937806273969443,-0.0033591494031148805,0.1861595753416243,0.185091470858283,-0.0010681044833412978,-0.010757464709245898,0.006567614835716604,0.9960822530717729,0.9847721456947469,1.0092524563026415,2000
AdaBoost,individual,AdaBoost,raw,Cached fitted individual; sigmoid fitted to cached training OOF,raw_threshold,8,0.58,own validation,7,CV17_THY_CONT,PostIsch_DCM,single variable,cardiovascular,1,0.7308812260536399,0.712762329029339,0.018118897024300917,0.8369634473507713,0.8356891348088531,0.0012743125419182322,0.5904214779938294,0.5937806273969443,-0.0033591494031148805,0.1861595753416243,0.185091470858283,-0.0010681044833412978,0.0037326707512001815,0.03436767021566215,1.025420671500661,1.0050340471278396,1.048640986658382,2000
AdaBoost,individual,AdaBoost,sigmoid,Cached fitted individual; sigmoid fitted to cached training OOF,sigmoid,9,0.4099999999999999,own validation,7,CV17_THY_CONT,PostIsch_DCM,single variable,cardiovascular,1,0.7293557557283282,0.7067413087453545,0.022614446982973768,0.8369634473507713,0.8356891348088531,0.0012743125419182322,0.5904214779938294,0.5937806273969443,-0.0033591494031148805,0.11138800805411916,0.11155239223350649,0.00016438417938732797,0.007252759564509622,0.03989114545234029,1.031998196091184,1.0100159925627932,1.0578066101650654,2000
MLP,individual,MLP,raw,Cached fitted individual; sigmoid fitted to cached training OOF,raw_fixed,10,0.5,fixed 0.5,7,CV17_THY_CONT,PostIsch_DCM,single variable,cardiovascular,1,0.7086712317698171,0.7220956719817768,-0.013424440211959765,0.8466968477531858,0.8486753856472167,-0.0019785378940309073,0.6105382221434775,0.6211779687872169,-0.010639746643739345,0.15329636532074958,0.15246721178963882,-0.0008291535311107656,-0.02353083924512222,-0.003055735368057103,0.9814090559840684,0.9673181599690265,0.9956734554975739,2000
MLP,individual,MLP,raw,Cached fitted individual; sigmoid fitted to cached training OOF,raw_threshold,10,0.6799999999999999,own validation,7,CV17_THY_CONT,PostIsch_DCM,single variable,cardiovascular,1,0.7489136160834274,0.7349051603250112,0.01400845575841625,0.8466968477531858,0.8486753856472167,-0.0019785378940309073,0.6105382221434775,0.6211779687872169,-0.010639746643739345,0.15329636532074958,0.15246721178963882,-0.0008291535311107656,-0.007355516102427515,0.03572712603846239,1.019061583064978,0.9899374996319019,1.0499280094285968,2000
MLP,individual,MLP,sigmoid,Cached fitted individual; sigmoid fitted to cached training OOF,sigmoid,11,0.31999999999999995,own validation,7,CV17_THY_CONT,PostIsch_DCM,single variable,cardiovascular,1,0.7574482553444686,0.7453432788896048,0.012104976454863747,0.8466968477531858,0.8486753856472167,-0.0019785378940309073,0.6105382221434775,0.6211779687872169,-0.010639746643739345,0.11299743818759635,0.11455107343038784,0.001553635242791493,-0.005834613556247395,0.03233448391563016,1.0162408071525075,0.9921575550732327,1.0447176398570486,2000
GradientBoosting,individual,GradientBoosting,raw,Cached fitted individual; sigmoid fitted to cached training OOF,raw_fixed,12,0.5,fixed 0.5,7,CV17_THY_CONT,PostIsch_DCM,single variable,cardiovascular,1,0.7196397818599312,0.7222246465351719,-0.0025848646752407722,0.840627095908786,0.8381455399061033,0.002481556002682739,0.6218609666423225,0.6136080514066308,0.008252915235691716,0.13797559292209854,0.13577437176168936,-0.002201221160409189,-0.010136643607819556,0.00564652305026862,0.9964209686173942,0.9859980755153898,1.00784248939866,2000
GradientBoosting,individual,GradientBoosting,raw,Cached fitted individual; sigmoid fitted to cached training OOF,raw_threshold,12,0.6599999999999999,own validation,7,CV17_THY_CONT,PostIsch_DCM,single variable,cardiovascular,1,0.7604147716936511,0.7504775123095734,0.009937259384077746,0.840627095908786,0.8381455399061033,0.002481556002682739,0.6218609666423225,0.6136080514066308,0.008252915235691716,0.13797559292209854,0.13577437176168936,-0.002201221160409189,-0.0003811722485457969,0.022276679176241623,1.0132412486997726,0.9995089713544435,1.0299428009349927,2000
GradientBoosting,individual,GradientBoosting,sigmoid,Cached fitted individual; sigmoid fitted to cached training OOF,sigmoid,13,0.37999999999999995,own validation,7,CV17_THY_CONT,PostIsch_DCM,single variable,cardiovascular,1,0.7579298142781161,0.7504775123095734,0.0074523019685427405,0.840627095908786,0.8381455399061033,0.002481556002682739,0.6218609666423225,0.6136080514066308,0.008252915235691716,0.10818765827236983,0.10979675828908701,0.0016091000167171854,-0.0016474614989537392,0.018640347322545072,1.0099300803106126,0.9978299883854234,1.0251665213345504,2000
XGBoost,individual,XGBoost,raw,Cached fitted individual; sigmoid fitted to cached training OOF,raw_fixed,14,0.5,fixed 0.5,7,CV17_THY_CONT,PostIsch_DCM,single variable,cardiovascular,1,0.7340850209815728,0.7382171634726478,-0.004132142491074964,0.8427649228705567,0.8414403085177733,0.0013246143527834153,0.6207142319116041,0.6203734702347041,0.00034076167690000325,0.142721285120714,0.1396669589332229,-0.003054326187491102,-0.013543008687512775,0.005985636445059908,0.9944025380395696,0.9817575681203867,1.0082123321515568,2000
XGBoost,individual,XGBoost,raw,Cached fitted individual; sigmoid fitted to cached training OOF,raw_threshold,14,0.6,own validation,7,CV17_THY_CONT,PostIsch_DCM,single variable,cardiovascular,1,0.7375657580105213,0.7295989821127904,0.007966775897730871,0.8427649228705567,0.8414403085177733,0.0013246143527834153,0.6207142319116041,0.6203734702347041,0.00034076167690000325,0.142721285120714,0.1396669589332229,-0.003054326187491102,-0.007920098282145429,0.026432169155874916,1.0109193900938027,0.989392468397798,1.0370275228953096,2000
XGBoost,individual,XGBoost,sigmoid,Cached fitted individual; sigmoid fitted to cached training OOF,sigmoid,15,0.36999999999999994,own validation,7,CV17_THY_CONT,PostIsch_DCM,single variable,cardiovascular,1,0.738826364323119,0.7308812260536399,0.007945138269479068,0.8427649228705567,0.8414403085177733,0.0013246143527834153,0.6207142319116041,0.6203734702347041,0.00034076167690000325,0.10779122172922385,0.10921065275918564,0.0014194310299617818,-0.007964617194416443,0.026535780991644307,1.0108706284773226,0.9893476023218682,1.0369000771975414,2000
paper,voting,"LogisticRegression,RandomForest,AdaBoost",raw,models/predictive_sensitivity/h7_CV17_THY_CONT_paper.joblib,raw_fixed,16,0.5,fixed 0.5,7,CV17_THY_CONT,PostIsch_DCM,single variable,cardiovascular,1,0.7329425928388122,0.7351432880844646,-0.002200695245652362,0.8474765258215963,0.8481723675385647,-0.0006958417169684594,0.6249100841759544,0.6286508241423469,-0.003740739966392459,0.14916737933582,0.14873395712327456,-0.00043342221254544233,-0.013724206497192979,0.011027931092830416,0.9970064404024056,0.981496524170391,1.0152316461452824,2000
paper,voting,"LogisticRegression,RandomForest,AdaBoost",raw,models/predictive_sensitivity/h7_CV17_THY_CONT_paper.joblib,raw_threshold,16,0.38999999999999996,saved voting threshold (also applied to raw),7,CV17_THY_CONT,PostIsch_DCM,single variable,cardiovascular,1,0.661069806744196,0.6600820758541217,0.000987730890074312,0.8474765258215963,0.8481723675385647,-0.0006958417169684594,0.6249100841759544,0.6286508241423469,-0.003740739966392459,0.14916737933582,0.14873395712327456,-0.00043342221254544233,-0.005068534040576634,0.0070350110975384034,1.0014963758693132,0.9924205987037975,1.0106280768821767,2000
paper,voting,"LogisticRegression,RandomForest,AdaBoost",sigmoid,models/predictive_sensitivity/h7_CV17_THY_CONT_paper.joblib,sigmoid,17,0.38999999999999996,saved voting threshold (also applied to raw),7,CV17_THY_CONT,PostIsch_DCM,single variable,cardiovascular,1,0.7596902502253029,0.7413391517294077,0.018351098495895224,0.8474765258215963,0.8481723675385647,-0.0006958417169684594,0.6249100841759544,0.6286508241423469,-0.003740739966392459,0.10681940292729272,0.10738402870545212,0.0005646257781593972,0.002859802096774339,0.035024176112569236,1.0247539853427214,1.0037719581376994,1.0480465286287524,2000
paper_locked,voting,"LogisticRegression,RandomForest,AdaBoost",raw,models/final_h7_CV17_THY_CONT_paper_locked.joblib,raw_fixed,18,0.5,fixed 0.5,7,CV17_THY_CONT,PostIsch_DCM,single variable,cardiovascular,1,0.7281870738748857,0.7333787302960311,-0.005191656421145385,0.8466381623071764,0.8462692823608317,0.00036887994634471344,0.6220693480215564,0.6259251186698028,-0.0038557706482463816,0.1566021485441328,0.15661094729740244,8.79875326964541e-06,-0.016549025694440327,0.007281054908207624,0.9929209067475276,0.9776972017388942,1.0100268582678222,2000
paper_locked,voting,"LogisticRegression,RandomForest,AdaBoost",raw,models/final_h7_CV17_THY_CONT_paper_locked.joblib,raw_threshold,18,0.43999999999999995,saved voting threshold (also applied to raw),7,CV17_THY_CONT,PostIsch_DCM,single variable,cardiovascular,1,0.6898933929555102,0.6868147387755563,0.003078654179953899,0.8466381623071764,0.8462692823608317,0.00036887994634471344,0.6220693480215564,0.6259251186698028,-0.0038557706482463816,0.1566021485441328,0.15661094729740244,8.79875326964541e-06,-0.006943295962012752,0.013551874327830258,1.004482510357076,0.9900488556955099,1.0199200776554362,2000
paper_locked,voting,"LogisticRegression,RandomForest,AdaBoost",sigmoid,models/final_h7_CV17_THY_CONT_paper_locked.joblib,sigmoid,19,0.43999999999999995,saved voting threshold (also applied to raw),7,CV17_THY_CONT,PostIsch_DCM,single variable,cardiovascular,1,0.7243328100470958,0.7132797250015346,0.01105308504556124,0.8466381623071764,0.8462692823608317,0.00036887994634471344,0.6220693480215564,0.6259251186698028,-0.0038557706482463816,0.10735395528864841,0.10782282079416594,0.0004688655055175295,-0.011399247159326414,0.034506801878883143,1.0154961435999565,0.9840918483515555,1.0490477718298283,2000
own,stacking,"LogisticRegression,KNeighbors,AdaBoost",raw,models/stacking_sensitivity/h7_CV17_THY_CONT_own.joblib,raw_fixed,20,0.5,fixed 0.5,7,CV17_THY_CONT,PostIsch_DCM,single variable,cardiovascular,1,0.7036772224208319,0.674765418675365,0.02891180374546687,0.8452045606975185,0.8455482897384305,-0.00034372904091206635,0.6027119778421592,0.6128418611726446,-0.010129883330485367,0.10917993345567255,0.1089756141295359,-0.00020431932613665382,0.0044660489406057905,0.05438992314444846,1.0428471924394462,1.0064046526630117,1.0824580771850696,2000
own,stacking,"LogisticRegression,KNeighbors,AdaBoost",raw,models/stacking_sensitivity/h7_CV17_THY_CONT_own.joblib,raw_threshold,20,0.33999999999999997,saved stacking threshold,7,CV17_THY_CONT,PostIsch_DCM,single variable,cardiovascular,1,0.7554362964476055,0.7546945077567826,0.0007417886908228644,0.8452045606975185,0.8455482897384305,-0.00034372904091206635,0.6027119778421592,0.6128418611726446,-0.010129883330485367,0.10917993345567255,0.1089756141295359,-0.00020431932613665382,-0.017214785688001534,0.01831340465091385,1.0009828992833507,0.9779298305829398,1.024802366046937,2000
own,stacking,"LogisticRegression,KNeighbors,AdaBoost",sigmoid,models/stacking_sensitivity/h7_CV17_THY_CONT_own.joblib,sigmoid,21,0.32999999999999996,saved stacking threshold,7,CV17_THY_CONT,PostIsch_DCM,single variable,cardiovascular,1,0.7554362964476055,0.7534121395036888,0.0020241569439166662,0.8452045606975185,0.8455482897384305,-0.00034372904091206635,0.6027119778421592,0.6128418611726446,-0.010129883330485367,0.10921388840861973,0.10930736477952997,9.347637091024208e-05,-0.016053671721621993,0.020193748550885165,1.0026866529456906,0.9790005400659938,1.0273217798887688,2000
own,stacking,"LogisticRegression,KNeighbors,AdaBoost",isotonic,models/stacking_sensitivity/h7_CV17_THY_CONT_own.joblib,isotonic,22,0.33999999999999997,saved stacking threshold,7,CV17_THY_CONT,PostIsch_DCM,single variable,cardiovascular,1,0.756166353170578,0.7560888564447283,7.749672584966838e-05,0.8448608316566063,0.8454770288397049,-0.0006161971830985769,0.5843766539391511,0.5939274104519272,-0.009550756512776148,0.11066089189702547,0.11099020894317353,0.0003293170461480671,-0.014934145848699393,0.01586379132184115,1.0001024968496615,0.9804016886391842,1.0214176378382929,2000
same_baseline,stacking,"KNeighbors,RandomForest,AdaBoost,MLP",raw,models/stacking_sensitivity/h7_CV17_THY_CONT_same_baseline.joblib,raw_fixed,23,0.5,fixed 0.5,7,CV17_THY_CONT,PostIsch_DCM,single variable,cardiovascular,1,0.7046565588361673,0.6781832669322709,0.026473291903896357,0.8468226022803488,0.8469483568075117,-0.00012575452716290236,0.6266442551545337,0.6256063402170421,0.001037914937491613,0.10694711012065376,0.10771143170805557,0.0007643215874018061,0.004092219176756395,0.05025499125600597,1.0390356017240694,1.0058284726608153,1.0766968705142625,2000
same_baseline,stacking,"KNeighbors,RandomForest,AdaBoost,MLP",raw,models/stacking_sensitivity/h7_CV17_THY_CONT_same_baseline.joblib,raw_threshold,23,0.38999999999999996,saved stacking threshold,7,CV17_THY_CONT,PostIsch_DCM,single variable,cardiovascular,1,0.7542358796721512,0.74141837030593,0.01281750936622117,0.8468226022803488,0.8469483568075117,-0.00012575452716290236,0.6266442551545337,0.6256063402170421,0.001037914937491613,0.10694711012065376,0.10771143170805557,0.0007643215874018061,-0.0019602476583672175,0.029074900682973297,1.0172878227456548,0.9974457219937376,1.0395933641080255,2000
same_baseline,stacking,"KNeighbors,RandomForest,AdaBoost,MLP",sigmoid,models/stacking_sensitivity/h7_CV17_THY_CONT_same_baseline.joblib,sigmoid,24,0.3999999999999999,saved stacking threshold,7,CV17_THY_CONT,PostIsch_DCM,single variable,cardiovascular,1,0.7545418151157511,0.7425612516566389,0.011980563459112248,0.8468226022803488,0.8469483568075117,-0.00012575452716290236,0.6266442551545337,0.6256063402170421,0.001037914937491613,0.106977825803903,0.1079095657333641,0.0009317399294611062,-0.005323433647650935,0.030518580461833797,1.0161341080380695,0.9928132155253007,1.0420708892244868,2000
same_baseline,stacking,"KNeighbors,RandomForest,AdaBoost,MLP",isotonic,models/stacking_sensitivity/h7_CV17_THY_CONT_same_baseline.joblib,isotonic,25,0.32999999999999996,saved stacking threshold,7,CV17_THY_CONT,PostIsch_DCM,single variable,cardiovascular,1,0.7498623008110008,0.7401586713521263,0.009703629458874485,0.8466339704896043,0.8466842723004695,-5.030181086518315e-05,0.6078162488237903,0.6023161647042279,0.005500084119562376,0.10763459558478214,0.10882197949284869,0.0011873839080665527,-0.006192806980968582,0.02775949801647408,1.0131102016830362,0.9916925175143121,1.0378130971070119,2000
locked_baseline,stacking,"KNeighbors,RandomForest,AdaBoost,MLP",raw,models/stacking_sensitivity/h7_CV17_THY_CONT_locked_baseline.joblib,raw_fixed,26,0.5,fixed 0.5,7,CV17_THY_CONT,PostIsch_DCM,single variable,cardiovascular,1,0.7294088812205308,0.7065508021390374,0.0228580790814934,0.8484657947686117,0.8478370221327968,0.0006287726358149559,0.6414093765224447,0.6393266895649821,0.0020826869574626095,0.10521713348319792,0.10616538449835562,0.0009482510151577056,0.0025581407664681563,0.0440171221069987,1.0323516426735233,1.0036791414517823,1.0639371302545724,2000
locked_baseline,stacking,"KNeighbors,RandomForest,AdaBoost,MLP",raw,models/stacking_sensitivity/h7_CV17_THY_CONT_locked_baseline.joblib,raw_threshold,26,0.48999999999999994,saved stacking threshold,7,CV17_THY_CONT,PostIsch_DCM,single variable,cardiovascular,1,0.7309705048555402,0.7097297505093607,0.021240754346179447,0.8484657947686117,0.8478370221327968,0.0006287726358149559,0.6414093765224447,0.6393266895649821,0.0020826869574626095,0.10521713348319792,0.10616538449835562,0.0009482510151577056,0.0012475539211707133,0.042438637335027125,1.0299279469839546,1.0016970783335772,1.061107669257971,2000
locked_baseline,stacking,"KNeighbors,RandomForest,AdaBoost,MLP",sigmoid,models/stacking_sensitivity/h7_CV17_THY_CONT_locked_baseline.joblib,sigmoid,27,0.48999999999999994,saved stacking threshold,7,CV17_THY_CONT,PostIsch_DCM,single variable,cardiovascular,1,0.7294088812205308,0.7065508021390374,0.0228580790814934,0.8484657947686117,0.8478370221327968,0.0006287726358149559,0.6414093765224447,0.6393266895649821,0.0020826869574626095,0.10516829882784544,0.10628562067583577,0.0011173218479903352,0.0025581407664681563,0.0440171221069987,1.0323516426735233,1.0036791414517823,1.0639371302545724,2000
locked_baseline,stacking,"KNeighbors,RandomForest,AdaBoost,MLP",isotonic,models/stacking_sensitivity/h7_CV17_THY_CONT_locked_baseline.joblib,isotonic,28,0.42999999999999994,saved stacking threshold,7,CV17_THY_CONT,PostIsch_DCM,single variable,cardiovascular,1,0.7278237075983138,0.7092143529874457,0.0186093546108681,0.8465459423205902,0.8454854124748491,0.0010605298457411205,0.6069580639148737,0.6043302724938612,0.0026277914210125486,0.10696678701552328,0.10752269904166134,0.0005559120261380557,-0.00222995725215048,0.04039727651280325,1.0262393936790468,0.9968815332636697,1.058243875767832,2000
paper,stacking,"LogisticRegression,RandomForest,AdaBoost",raw,models/stacking_sensitivity/h7_CV17_THY_CONT_paper.joblib,raw_fixed,29,0.5,fixed 0.5,7,CV17_THY_CONT,PostIsch_DCM,single variable,cardiovascular,1,0.7089681419188509,0.6882914013869494,0.020676740531901494,0.8476190476190476,0.8482897384305835,-0.0006706908115359234,0.6237386907226503,0.627231847339671,-0.003493156617020654,0.10684277418145065,0.10720843616073913,0.00036566197928848687,0.0002841331566556971,0.043391281369336364,1.0300406782508638,1.0004025812371922,1.0641822841423583,2000
paper,stacking,"LogisticRegression,RandomForest,AdaBoost",raw,models/stacking_sensitivity/h7_CV17_THY_CONT_paper.joblib,raw_threshold,29,0.3999999999999999,saved stacking threshold,7,CV17_THY_CONT,PostIsch_DCM,single variable,cardiovascular,1,0.7571230982019364,0.7372975759751798,0.019825522226756598,0.8476190476190476,0.8482897384305835,-0.0006706908115359234,0.6237386907226503,0.627231847339671,-0.003493156617020654,0.10684277418145065,0.10720843616073913,0.00036566197928848687,0.004193623646949462,0.036852246163558686,1.0268894444696017,1.0055562915893221,1.050701073855771,2000
paper,stacking,"LogisticRegression,RandomForest,AdaBoost",sigmoid,models/stacking_sensitivity/h7_CV17_THY_CONT_paper.joblib,sigmoid,30,0.38999999999999996,saved stacking threshold,7,CV17_THY_CONT,PostIsch_DCM,single variable,cardiovascular,1,0.7571230982019364,0.7358848574601999,0.021238240741736414,0.8476190476190476,0.8482897384305835,-0.0006706908115359234,0.6237386907226503,0.627231847339671,-0.003493156617020654,0.10691330488299498,0.10755271727519608,0.0006394123922010969,0.005103819813415714,0.03866979992721407,1.0288608204482386,1.0069572169843717,1.053814596954946,2000
paper,stacking,"LogisticRegression,RandomForest,AdaBoost",isotonic,models/stacking_sensitivity/h7_CV17_THY_CONT_paper.joblib,isotonic,31,0.3499999999999999,saved stacking threshold,7,CV17_THY_CONT,PostIsch_DCM,single variable,cardiovascular,1,0.7531190566334336,0.7427541131395087,0.010364943493924916,0.8453093561368209,0.8482017102615694,-0.0028923541247485307,0.6000089471701715,0.6013194952010279,-0.0013105480308563955,0.10818818153761928,0.10809721875583672,-9.096278178255535e-05,-0.00587600008826199,0.027720896564523385,1.0139547439866927,0.9922741413074013,1.0379941128421801,2000
same_members_reselected_C,stacking,"KNeighbors,RandomForest,AdaBoost,MLP",raw,cache/classification_explainability/prepared_h7_CV17_THY_CONT.joblib,raw_fixed,32,0.5,fixed 0.5,7,CV17_THY_CONT,PostIsch_DCM,single variable,cardiovascular,1,0.6911228376548599,0.6621591908531222,0.028963646801737686,0.8478286384976526,0.8479376257545271,-0.000108987256874582,0.6291219667126018,0.6277873982966262,0.0013345684159755677,0.10710668881529546,0.10852009321734407,0.0014134044020486097,0.0056744852847081945,0.05393590326664827,1.043741213898158,1.0084873783849666,1.0839671144082759,2000
same_members_reselected_C,stacking,"KNeighbors,RandomForest,AdaBoost,MLP",raw,cache/classification_explainability/prepared_h7_CV17_THY_CONT.joblib,raw_threshold,32,0.36999999999999994,saved reselected-C validation threshold,7,CV17_THY_CONT,PostIsch_DCM,single variable,cardiovascular,1,0.7617419431871222,0.74141837030593,0.02032357288119213,0.8478286384976526,0.8479376257545271,-0.000108987256874582,0.6291219667126018,0.6277873982966262,0.0013345684159755677,0.10710668881529546,0.10852009321734407,0.0014134044020486097,0.0026767082988054026,0.03932346875763134,1.0274117471257234,1.0034400452642402,1.053860099147923,2000
same_members_reselected_C,stacking,"KNeighbors,RandomForest,AdaBoost,MLP",sigmoid,cache/classification_explainability/prepared_h7_CV17_THY_CONT.joblib,sigmoid,33,0.35999999999999993,saved reselected-C validation threshold,7,CV17_THY_CONT,PostIsch_DCM,single variable,cardiovascular,1,0.7511422092865845,0.741446905766526,0.00969530352005843,0.8478286384976526,0.8479376257545271,-0.000108987256874582,0.6291219667126018,0.6277873982966262,0.0013345684159755677,0.10661452685674429,0.1073933431712812,0.000778816314536912,-0.0070131597760988455,0.027640923120642848,1.0130761939184778,0.9907986493705696,1.0381354094498363,2000
same_members_reselected_C,stacking,"KNeighbors,RandomForest,AdaBoost,MLP",isotonic,cache/classification_explainability/prepared_h7_CV17_THY_CONT.joblib,isotonic,34,0.33999999999999997,saved reselected-C validation threshold,7,CV17_THY_CONT,PostIsch_DCM,single variable,cardiovascular,1,0.7556737369364912,0.7385372753752664,0.017136461561224836,0.8462692823608317,0.8476693494299128,-0.0014000670690811345,0.6070559198389371,0.6029833474972113,0.004072572341725866,0.10824084444828577,0.10849482823105261,0.00025398378276683675,-0.0010648228122376812,0.03617914969800658,1.0232032452966133,0.9985427837675747,1.04951612559531,2000
LogisticRegression,individual,LogisticRegression,raw,Cached fitted individual; sigmoid fitted to cached training OOF,raw_fixed,0,0.5,fixed 0.5,7,CV17_THY_CONT,Smoke,single variable,cardiovascular,1,0.7027203218095723,0.7018726085597723,0.0008477132498000417,0.8415828303152246,0.8413397048960429,0.00024312541918170005,0.586842265981418,0.5872479697054502,-0.0004057037240322581,0.16219265113101544,0.16217949643462473,-1.3154696390710319e-05,-0.00411343846471895,0.006537489619400033,1.0012077879083208,0.9940500983052478,1.0092628279182347,2000
LogisticRegression,individual,LogisticRegression,raw,Cached fitted individual; sigmoid fitted to cached training OOF,raw_threshold,0,0.6399999999999999,own validation,7,CV17_THY_CONT,Smoke,single variable,cardiovascular,1,0.7426812986420919,0.7375977033309118,0.005083595311180078,0.8415828303152246,0.8413397048960429,0.00024312541918170005,0.586842265981418,0.5872479697054502,-0.0004057037240322581,0.16219265113101544,0.16217949643462473,-1.3154696390710319e-05,-0.0013578001542346979,0.014071905256927628,1.0068920975326023,0.9982019911915366,1.0192757379003543,2000
LogisticRegression,individual,LogisticRegression,sigmoid,Cached fitted individual; sigmoid fitted to cached training OOF,sigmoid,1,0.38999999999999996,own validation,7,CV17_THY_CONT,Smoke,single variable,cardiovascular,1,0.7361367513642372,0.7334620124691895,0.002674738895047657,0.8415828303152246,0.8413397048960429,0.00024312541918170005,0.586842265981418,0.5872479697054502,-0.0004057037240322581,0.11137008767811421,0.1114577724821073,8.768480399308498e-05,0.0,0.008431817571668526,1.0036467313229258,1.0,1.011857497712397,2000
SVC,individual,SVC,raw,Cached fitted individual; sigmoid fitted to cached training OOF,raw_fixed,2,0.5,fixed 0.5,7,CV17_THY_CONT,Smoke,single variable,cardiovascular,1,0.7011045261967771,0.6967410886230074,0.0043634375737696685,0.8283702213279678,0.8276576123407109,0.0007126089872568908,0.5568024589994544,0.5551627061915618,0.001639752807892525,0.11715140617654654,0.11766284310674144,0.0005114369301948973,-0.0013833523746318327,0.012894513505789037,1.0062626385109472,0.9980668677055452,1.0187606320647982,2000
SVC,individual,SVC,raw,Cached fitted individual; sigmoid fitted to cached training OOF,raw_threshold,2,0.37999999999999995,own validation,7,CV17_THY_CONT,Smoke,single variable,cardiovascular,1,0.716891790418474,0.7142401679142893,0.002651622504184603,0.8283702213279678,0.8276576123407109,0.0007126089872568908,0.5568024589994544,0.5551627061915618,0.001639752807892525,0.11715140617654654,0.11766284310674144,0.0005114369301948973,-0.007758136034373439,0.01403785592647266,1.0037125082336489,0.9894237730846416,1.0198804433498314,2000
SVC,individual,SVC,sigmoid,Cached fitted individual; sigmoid fitted to cached training OOF,sigmoid,3,0.4099999999999999,own validation,7,CV17_THY_CONT,Smoke,single variable,cardiovascular,1,0.7072343406283659,0.7025745257452575,0.004659814883108404,0.8283702213279678,0.8276576123407109,0.0007126089872568908,0.5568024589994544,0.5551627061915618,0.001639752807892525,0.1169250023920927,0.11741295654167146,0.00048795414957875094,-0.004211261063458188,0.015471893890816596,1.0066324848288024,0.9941395887355438,1.0227026420112788,2000
KNeighbors,individual,KNeighbors,raw,Cached fitted individual; sigmoid fitted to cached training OOF,raw_fixed,4,0.5,fixed 0.5,7,CV17_THY_CONT,Smoke,single variable,cardiovascular,1,0.7063464648956876,0.706916956888842,-0.0005704919931543984,0.8055122401073105,0.8067781690140845,-0.0012659289067740165,0.5386758931409478,0.5450399910609781,-0.006364097920030343,0.1499207685451123,0.15183265800000867,0.0019118894548963705,-0.024540040061393136,0.022283240149311646,0.9991929858414131,0.9659546322059569,1.0320831960233674,2000
KNeighbors,individual,KNeighbors,raw,Cached fitted individual; sigmoid fitted to cached training OOF,raw_threshold,4,0.59,own validation,7,CV17_THY_CONT,Smoke,single variable,cardiovascular,1,0.6881589091885617,0.7109765499796425,-0.02281764079108084,0.8055122401073105,0.8067781690140845,-0.0012659289067740165,0.5386758931409478,0.5450399910609781,-0.006364097920030343,0.1499207685451123,0.15183265800000867,0.0019118894548963705,-0.04702971264238395,0.00027224608350584235,0.9679066197165938,0.9349573576595821,1.0003966120194836,2000
KNeighbors,individual,KNeighbors,sigmoid,Cached fitted individual; sigmoid fitted to cached training OOF,sigmoid,5,0.30999999999999994,own validation,7,CV17_THY_CONT,Smoke,single variable,cardiovascular,1,0.6881589091885617,0.7109765499796425,-0.02281764079108084,0.8055122401073105,0.8067781690140845,-0.0012659289067740165,0.5386758931409478,0.5450399910609781,-0.006364097920030343,0.12173341907432166,0.1213227886312802,-0.0004106304430414598,-0.04702971264238395,0.00027224608350584235,0.9679066197165938,0.9349573576595821,1.0003966120194836,2000
RandomForest,individual,RandomForest,raw,Cached fitted individual; sigmoid fitted to cached training OOF,raw_fixed,6,0.5,fixed 0.5,7,CV17_THY_CONT,Smoke,single variable,cardiovascular,1,0.7491346656217346,0.7441724941724942,0.004962171449240382,0.8410127431254192,0.841809188464118,-0.0007964453386988257,0.6356546074048491,0.6352972993006386,0.0003573081042105297,0.12209730025536963,0.12324405112965295,0.0011467508742833143,-0.0032995537212664626,0.013266925395614994,1.0066680393162855,0.9954981235962219,1.0182090935436947,2000
RandomForest,individual,RandomForest,raw,Cached fitted individual; sigmoid fitted to cached training OOF,raw_threshold,6,0.5299999999999999,own validation,7,CV17_THY_CONT,Smoke,single variable,cardiovascular,1,0.74400817251728,0.7426812986420919,0.0013268738751881504,0.8410127431254192,0.841809188464118,-0.0007964453386988257,0.6356546074048491,0.6352972993006386,0.0003573081042105297,0.12209730025536963,0.12324405112965295,0.0011467508742833143,-0.008895385947154602,0.011211055979799026,1.0017865992823762,0.987989820011072,1.0152925784862779,2000
RandomForest,individual,RandomForest,sigmoid,Cached fitted individual; sigmoid fitted to cached training OOF,sigmoid,7,0.37999999999999995,own validation,7,CV17_THY_CONT,Smoke,single variable,cardiovascular,1,0.7452590842555569,0.7452030111662639,5.607308929300725e-05,0.8410127431254192,0.841809188464118,-0.0007964453386988257,0.6356546074048491,0.6352972993006386,0.0003573081042105297,0.10692705464634006,0.10713524239760241,0.00020818775126235645,-0.010071559613224968,0.009474540069852953,1.000075245387435,0.9865297614527686,1.0128468083416307,2000
AdaBoost,individual,AdaBoost,raw,Cached fitted individual; sigmoid fitted to cached training OOF,raw_fixed,8,0.5,fixed 0.5,7,CV17_THY_CONT,Smoke,single variable,cardiovascular,1,0.7035592443093917,0.7035592443093917,0.0,0.8369634473507713,0.8369634473507713,0.0,0.5904214779938294,0.5904214779938294,0.0,0.1861595753416243,0.1861595753416243,0.0,0.0,0.0,1.0,1.0,1.0,2000
AdaBoost,individual,AdaBoost,raw,Cached fitted individual; sigmoid fitted to cached training OOF,raw_threshold,8,0.58,own validation,7,CV17_THY_CONT,Smoke,single variable,cardiovascular,1,0.7308812260536399,0.7308812260536399,0.0,0.8369634473507713,0.8369634473507713,0.0,0.5904214779938294,0.5904214779938294,0.0,0.1861595753416243,0.1861595753416243,0.0,0.0,0.0,1.0,1.0,1.0,2000
AdaBoost,individual,AdaBoost,sigmoid,Cached fitted individual; sigmoid fitted to cached training OOF,sigmoid,9,0.4099999999999999,own validation,7,CV17_THY_CONT,Smoke,single variable,cardiovascular,1,0.7293557557283282,0.7293557557283282,0.0,0.8369634473507713,0.8369634473507713,0.0,0.5904214779938294,0.5904214779938294,0.0,0.11138800805411916,0.11138800805411916,0.0,0.0,0.0,1.0,1.0,1.0,2000
MLP,individual,MLP,raw,Cached fitted individual; sigmoid fitted to cached training OOF,raw_fixed,10,0.5,fixed 0.5,7,CV17_THY_CONT,Smoke,single variable,cardiovascular,1,0.7086712317698171,0.7108231378736539,-0.0021519061038368648,0.8466968477531858,0.845397384305835,0.0012994634473507682,0.6105382221434775,0.6087675107183138,0.001770711425163718,0.15329636532074958,0.15642699516572897,0.003130629844979388,-0.011377678799203136,0.006607410350918771,0.9969726560811258,0.9840815126863559,1.009347917512076,2000
MLP,individual,MLP,raw,Cached fitted individual; sigmoid fitted to cached training OOF,raw_threshold,10,0.6799999999999999,own validation,7,CV17_THY_CONT,Smoke,single variable,cardiovascular,1,0.7489136160834274,0.7437905099865171,0.005123106096910357,0.8466968477531858,0.845397384305835,0.0012994634473507682,0.6105382221434775,0.6087675107183138,0.001770711425163718,0.15329636532074958,0.15642699516572897,0.003130629844979388,-0.008372448532975021,0.018156912355582925,1.0068878347170673,0.988722672197,1.024679189185349,2000
MLP,individual,MLP,sigmoid,Cached fitted individual; sigmoid fitted to cached training OOF,sigmoid,11,0.31999999999999995,own validation,7,CV17_THY_CONT,Smoke,single variable,cardiovascular,1,0.7574482553444686,0.7462535594372901,0.011194695907178476,0.8466968477531858,0.845397384305835,0.0012994634473507682,0.6105382221434775,0.6087675107183138,0.001770711425163718,0.11299743818759635,0.11311486543151476,0.00011742724391841652,-0.0023887968320037063,0.025117287085860248,1.015001195995125,0.996815175957182,1.0340306975105593,2000
GradientBoosting,individual,GradientBoosting,raw,Cached fitted individual; sigmoid fitted to cached training OOF,raw_fixed,12,0.5,fixed 0.5,7,CV17_THY_CONT,Smoke,single variable,cardiovascular,1,0.7196397818599312,0.7174244212242795,0.002215360635651642,0.840627095908786,0.8408115358819584,-0.00018443997317241223,0.6218609666423225,0.6221856911220074,-0.00032472447968490137,0.13797559292209854,0.137980752914653,5.159992554459869e-06,0.0,0.0056110456453183155,1.0030879359136828,1.0,1.0078034369550624,2000
GradientBoosting,individual,GradientBoosting,raw,Cached fitted individual; sigmoid fitted to cached training OOF,raw_threshold,12,0.6599999999999999,own validation,7,CV17_THY_CONT,Smoke,single variable,cardiovascular,1,0.7604147716936511,0.7651316225927329,-0.004716850899081804,0.840627095908786,0.8408115358819584,-0.00018443997317241223,0.6218609666423225,0.6221856911220074,-0.00032472447968490137,0.13797559292209854,0.137980752914653,5.159992554459869e-06,-0.014874382229464304,0.0032453480700247194,0.9938352425127872,0.9809505848088519,1.0041888439021183,2000
GradientBoosting,individual,GradientBoosting,sigmoid,Cached fitted individual; sigmoid fitted to cached training OOF,sigmoid,13,0.37999999999999995,own validation,7,CV17_THY_CONT,Smoke,single variable,cardiovascular,1,0.7579298142781161,0.766459307563602,-0.008529493285485912,0.840627095908786,0.8408115358819584,-0.00018443997317241223,0.6218609666423225,0.6221856911220074,-0.00032472447968490137,0.10818765827236983,0.1080929785406692,-9.467973170063093e-05,-0.019295769210772355,0.00016098798561521975,0.9888715640852491,0.9746860543956363,1.0002119973352324,2000
XGBoost,individual,XGBoost,raw,Cached fitted individual; sigmoid fitted to cached training OOF,raw_fixed,14,0.5,fixed 0.5,7,CV17_THY_CONT,Smoke,single variable,cardiovascular,1,0.7340850209815728,0.7340850209815728,0.0,0.8427649228705567,0.842907444668008,-0.00014252179745133375,0.6207142319116041,0.6205204749065129,0.00019375700509127736,0.142721285120714,0.1438509605494583,0.0011296754287443145,0.0,0.0,1.0,1.0,1.0,2000
XGBoost,individual,XGBoost,raw,Cached fitted individual; sigmoid fitted to cached training OOF,raw_threshold,14,0.6,own validation,7,CV17_THY_CONT,Smoke,single variable,cardiovascular,1,0.7375657580105213,0.7375657580105213,0.0,0.8427649228705567,0.842907444668008,-0.00014252179745133375,0.6207142319116041,0.6205204749065129,0.00019375700509127736,0.142721285120714,0.1438509605494583,0.0011296754287443145,0.0,0.0,1.0,1.0,1.0,2000
XGBoost,individual,XGBoost,sigmoid,Cached fitted individual; sigmoid fitted to cached training OOF,sigmoid,15,0.36999999999999994,own validation,7,CV17_THY_CONT,Smoke,single variable,cardiovascular,1,0.738826364323119,0.738826364323119,0.0,0.8427649228705567,0.842907444668008,-0.00014252179745133375,0.6207142319116041,0.6205204749065129,0.00019375700509127736,0.10779122172922385,0.10782794749137739,3.672576215353607e-05,0.0,0.0,1.0,1.0,1.0,2000
paper,voting,"LogisticRegression,RandomForest,AdaBoost",raw,models/predictive_sensitivity/h7_CV17_THY_CONT_paper.joblib,raw_fixed,16,0.5,fixed 0.5,7,CV17_THY_CONT,Smoke,single variable,cardiovascular,1,0.7329425928388122,0.7297443005374806,0.003198292301331618,0.8474765258215963,0.8474849094567405,-8.383635144215695e-06,0.6249100841759544,0.6230516250062286,0.0018584591697258235,0.14916737933582,0.14980554372068283,0.0006381643848628327,0.0,0.00842804085793441,1.0043827574932425,1.0,1.0116291786130784,2000
paper,voting,"LogisticRegression,RandomForest,AdaBoost",raw,models/predictive_sensitivity/h7_CV17_THY_CONT_paper.joblib,raw_threshold,16,0.38999999999999996,saved voting threshold (also applied to raw),7,CV17_THY_CONT,Smoke,single variable,cardiovascular,1,0.661069806744196,0.6581095311328116,0.0029602756113844553,0.8474765258215963,0.8474849094567405,-8.383635144215695e-06,0.6249100841759544,0.6230516250062286,0.0018584591697258235,0.14916737933582,0.14980554372068283,0.0006381643848628327,0.0,0.0069077836684048825,1.0044981503402464,1.0,1.010534795477952,2000
paper,voting,"LogisticRegression,RandomForest,AdaBoost",sigmoid,models/predictive_sensitivity/h7_CV17_THY_CONT_paper.joblib,sigmoid,17,0.38999999999999996,saved voting threshold (also applied to raw),7,CV17_THY_CONT,Smoke,single variable,cardiovascular,1,0.7596902502253029,0.7583457631934086,0.0013444870318942703,0.8474765258215963,0.8474849094567405,-8.383635144215695e-06,0.6249100841759544,0.6230516250062286,0.0018584591697258235,0.10681940292729272,0.10685111485471509,3.171192742236484e-05,0.0,0.004215005382050114,1.0017729208721793,1.0,1.005585466186316,2000
paper_locked,voting,"LogisticRegression,RandomForest,AdaBoost",raw,models/final_h7_CV17_THY_CONT_paper_locked.joblib,raw_fixed,18,0.5,fixed 0.5,7,CV17_THY_CONT,Smoke,single variable,cardiovascular,1,0.7281870738748857,0.7281870738748857,0.0,0.8466381623071764,0.8464201877934272,0.000217974513749164,0.6220693480215564,0.6205837643769503,0.0014855836446061588,0.1566021485441328,0.15731563990074648,0.0007134913566136936,0.0,0.0,1.0,1.0,1.0,2000
paper_locked,voting,"LogisticRegression,RandomForest,AdaBoost",raw,models/final_h7_CV17_THY_CONT_paper_locked.joblib,raw_threshold,18,0.43999999999999995,saved voting threshold (also applied to raw),7,CV17_THY_CONT,Smoke,single variable,cardiovascular,1,0.6898933929555102,0.6868147387755563,0.003078654179953899,0.8466381623071764,0.8464201877934272,0.000217974513749164,0.6220693480215564,0.6205837643769503,0.0014855836446061588,0.1566021485441328,0.15731563990074648,0.0007134913566136936,-0.0020297576909055677,0.008530479850387424,1.004482510357076,0.9970322030454556,1.0121564287990064,2000
paper_locked,voting,"LogisticRegression,RandomForest,AdaBoost",sigmoid,models/final_h7_CV17_THY_CONT_paper_locked.joblib,sigmoid,19,0.43999999999999995,saved voting threshold (also applied to raw),7,CV17_THY_CONT,Smoke,single variable,cardiovascular,1,0.7243328100470958,0.7300276264002422,-0.0056948163531463925,0.8466381623071764,0.8464201877934272,0.000217974513749164,0.6220693480215564,0.6205837643769503,0.0014855836446061588,0.10735395528864841,0.10747174020182088,0.00011778491317246398,-0.014306173769267344,0.0,0.9921991769253617,0.980360457702787,1.0,2000
own,stacking,"LogisticRegression,KNeighbors,AdaBoost",raw,models/stacking_sensitivity/h7_CV17_THY_CONT_own.joblib,raw_fixed,20,0.5,fixed 0.5,7,CV17_THY_CONT,Smoke,single variable,cardiovascular,1,0.7036772224208319,0.6992872553455849,0.00438996707524697,0.8452045606975185,0.8453135479543931,-0.000108987256874582,0.6027119778421592,0.6026997962538823,1.218158827698268e-05,0.10917993345567255,0.10923499300968167,5.505955400912643e-05,-0.0059216518315903886,0.015780821842977386,1.0062777736068955,0.9917023786331232,1.022911868884703,2000
own,stacking,"LogisticRegression,KNeighbors,AdaBoost",raw,models/stacking_sensitivity/h7_CV17_THY_CONT_own.joblib,raw_threshold,20,0.33999999999999997,saved stacking threshold,7,CV17_THY_CONT,Smoke,single variable,cardiovascular,1,0.7554362964476055,0.7543496057117396,0.0010866907358658695,0.8452045606975185,0.8453135479543931,-0.000108987256874582,0.6027119778421592,0.6026997962538823,1.218158827698268e-05,0.10917993345567255,0.10923499300968167,5.505955400912643e-05,-0.010482747683434596,0.012949752265359023,1.001440566453058,0.9862016297480916,1.0174128331706853,2000
own,stacking,"LogisticRegression,KNeighbors,AdaBoost",sigmoid,models/stacking_sensitivity/h7_CV17_THY_CONT_own.joblib,sigmoid,21,0.32999999999999996,saved stacking threshold,7,CV17_THY_CONT,Smoke,single variable,cardiovascular,1,0.7554362964476055,0.7590594624261594,-0.003623165978553944,0.8452045606975185,0.8453135479543931,-0.000108987256874582,0.6027119778421592,0.6026997962538823,1.218158827698268e-05,0.10921388840861973,0.10925706755462648,4.3179146006752656e-05,-0.015581661219166158,0.008064648601939825,0.9952267692349512,0.9795780146069261,1.0106024388132582,2000
own,stacking,"LogisticRegression,KNeighbors,AdaBoost",isotonic,models/stacking_sensitivity/h7_CV17_THY_CONT_own.joblib,isotonic,22,0.33999999999999997,saved stacking threshold,7,CV17_THY_CONT,Smoke,single variable,cardiovascular,1,0.756166353170578,0.7517022341142945,0.004464119056283522,0.8448608316566063,0.8442781690140845,0.0005826626425218251,0.5843766539391511,0.5842341995193641,0.00014245441978699702,0.11066089189702547,0.11080329742427712,0.00014240552725165723,-0.006100462978845969,0.01585782270284941,1.0059386800433598,0.9919077150268221,1.0215793329185048,2000
same_baseline,stacking,"KNeighbors,RandomForest,AdaBoost,MLP",raw,models/stacking_sensitivity/h7_CV17_THY_CONT_same_baseline.joblib,raw_fixed,23,0.5,fixed 0.5,7,CV17_THY_CONT,Smoke,single variable,cardiovascular,1,0.7046565588361673,0.7132797250015346,-0.00862316616536729,0.8468226022803488,0.8470741113346747,-0.00025150905432591575,0.6266442551545337,0.6268173253943033,-0.00017307023976964597,0.10694711012065376,0.10703828075372461,9.117063307084727e-05,-0.019172711656351933,-0.0012316051983823628,0.9879105407554536,0.9730543862915503,0.9982144426062641,2000
same_baseline,stacking,"KNeighbors,RandomForest,AdaBoost,MLP",raw,models/stacking_sensitivity/h7_CV17_THY_CONT_same_baseline.joblib,raw_threshold,23,0.38999999999999996,saved stacking threshold,7,CV17_THY_CONT,Smoke,single variable,cardiovascular,1,0.7542358796721512,0.7479173476328878,0.006318532039263469,0.8468226022803488,0.8470741113346747,-0.00025150905432591575,0.6266442551545337,0.6268173253943033,-0.00017307023976964597,0.10694711012065376,0.10703828075372461,9.117063307084727e-05,-0.006006559327414318,0.019136051388410354,1.0084481688508244,0.99191213983405,1.0259926415158411,2000
same_baseline,stacking,"KNeighbors,RandomForest,AdaBoost,MLP",sigmoid,models/stacking_sensitivity/h7_CV17_THY_CONT_same_baseline.joblib,sigmoid,24,0.3999999999999999,saved stacking threshold,7,CV17_THY_CONT,Smoke,single variable,cardiovascular,1,0.7545418151157511,0.7492883594342569,0.005253455681494268,0.8468226022803488,0.8470741113346747,-0.00025150905432591575,0.6266442551545337,0.6268173253943033,-0.00017307023976964597,0.106977825803903,0.10705954917794287,8.172337403987429e-05,-0.003970974351726211,0.014734681358876305,1.0070112602382624,0.9947837965540685,1.02034951632856,2000
same_baseline,stacking,"KNeighbors,RandomForest,AdaBoost,MLP",isotonic,models/stacking_sensitivity/h7_CV17_THY_CONT_same_baseline.joblib,isotonic,25,0.32999999999999996,saved stacking threshold,7,CV17_THY_CONT,Smoke,single variable,cardiovascular,1,0.7498623008110008,0.746936557085447,0.0029257437255537644,0.8466339704896043,0.8494802146210597,-0.0028462441314554,0.6078162488237903,0.6068734233971275,0.0009428254266627967,0.10763459558478214,0.1080237063106983,0.0003891107259161586,-0.009565456386402826,0.014172952162689672,1.0039169909382533,0.9875658486669329,1.01928220532206,2000
locked_baseline,stacking,"KNeighbors,RandomForest,AdaBoost,MLP",raw,models/stacking_sensitivity/h7_CV17_THY_CONT_locked_baseline.joblib,raw_fixed,26,0.5,fixed 0.5,7,CV17_THY_CONT,Smoke,single variable,cardiovascular,1,0.7294088812205308,0.7280681378242353,0.0013407433962955295,0.8484657947686117,0.8485663983903421,-0.0001006036217303663,0.6414093765224447,0.6400280413369367,0.0013813351855079814,0.10521713348319792,0.10544542044294056,0.00022828695974264068,-0.002765437168990187,0.005660898941529737,1.001841508131783,0.9962439454104317,1.0077357435394674,2000
locked_baseline,stacking,"KNeighbors,RandomForest,AdaBoost,MLP",raw,models/stacking_sensitivity/h7_CV17_THY_CONT_locked_baseline.joblib,raw_threshold,26,0.48999999999999994,saved stacking threshold,7,CV17_THY_CONT,Smoke,single variable,cardiovascular,1,0.7309705048555402,0.7325090738115286,-0.001538568955988473,0.8484657947686117,0.8485663983903421,-0.0001006036217303663,0.6414093765224447,0.6400280413369367,0.0013813351855079814,0.10521713348319792,0.10544542044294056,0.00022828695974264068,-0.013026166276573983,0.008468496430261954,0.9978995905839327,0.9823269600853008,1.0119607346658772,2000
locked_baseline,stacking,"KNeighbors,RandomForest,AdaBoost,MLP",sigmoid,models/stacking_sensitivity/h7_CV17_THY_CONT_locked_baseline.joblib,sigmoid,27,0.48999999999999994,saved stacking threshold,7,CV17_THY_CONT,Smoke,single variable,cardiovascular,1,0.7294088812205308,0.7267338198926353,0.0026750613278955226,0.8484657947686117,0.8485663983903421,-0.0001006036217303663,0.6414093765224447,0.6400280413369367,0.0013813351855079814,0.10516829882784544,0.10536374421980368,0.00019544539195824606,0.0,0.006807281269498945,1.003680936891434,1.0,1.0093942818525181,2000
locked_baseline,stacking,"KNeighbors,RandomForest,AdaBoost,MLP",isotonic,models/stacking_sensitivity/h7_CV17_THY_CONT_locked_baseline.joblib,isotonic,28,0.42999999999999994,saved stacking threshold,7,CV17_THY_CONT,Smoke,single variable,cardiovascular,1,0.7278237075983138,0.7294088812205308,-0.0015851736222169954,0.8465459423205902,0.8448314889336016,0.0017144533869886125,0.6069580639148737,0.6052345638080232,0.0017235001068505174,0.10696678701552328,0.10730508193299641,0.0003382949174731281,-0.008586772775130211,0.003907243956203643,0.9978267695074339,0.9882487943287306,1.0054393031038726,2000
paper,stacking,"LogisticRegression,RandomForest,AdaBoost",raw,models/stacking_sensitivity/h7_CV17_THY_CONT_paper.joblib,raw_fixed,29,0.5,fixed 0.5,7,CV17_THY_CONT,Smoke,single variable,cardiovascular,1,0.7089681419188509,0.7028940939932173,0.006074047925633597,0.8476190476190476,0.8479124748490946,-0.0002934272300469942,0.6237386907226503,0.6228726973222981,0.0008659934003522052,0.10684277418145065,0.1068754104471161,3.2636265665450526e-05,0.0,0.01574023364252028,1.0086414837989692,1.0,1.0226307321484887,2000
paper,stacking,"LogisticRegression,RandomForest,AdaBoost",raw,models/stacking_sensitivity/h7_CV17_THY_CONT_paper.joblib,raw_threshold,29,0.3999999999999999,saved stacking threshold,7,CV17_THY_CONT,Smoke,single variable,cardiovascular,1,0.7571230982019364,0.7583457631934086,-0.0012226649914722776,0.8476190476190476,0.8479124748490946,-0.0002934272300469942,0.6237386907226503,0.6228726973222981,0.0008659934003522052,0.10684277418145065,0.1068754104471161,3.2636265665450526e-05,-0.007703273546819189,0.0038142888959204887,0.998387720943645,0.9898118570635304,1.0051205447695122,2000
paper,stacking,"LogisticRegression,RandomForest,AdaBoost",sigmoid,models/stacking_sensitivity/h7_CV17_THY_CONT_paper.joblib,sigmoid,30,0.38999999999999996,saved stacking threshold,7,CV17_THY_CONT,Smoke,single variable,cardiovascular,1,0.7571230982019364,0.7596902502253029,-0.002567152023366548,0.8476190476190476,0.8479124748490946,-0.0002934272300469942,0.6237386907226503,0.6228726973222981,0.0008659934003522052,0.10691330488299498,0.10693916874959633,2.5863866601347207e-05,-0.009510890453894912,0.002814003144569831,0.9966207911413827,0.9872745965353611,1.0037174946166498,2000
paper,stacking,"LogisticRegression,RandomForest,AdaBoost",isotonic,models/stacking_sensitivity/h7_CV17_THY_CONT_paper.joblib,isotonic,31,0.3499999999999999,saved stacking threshold,7,CV17_THY_CONT,Smoke,single variable,cardiovascular,1,0.7531190566334336,0.7556737369364912,-0.0025546803030576104,0.8453093561368209,0.8464411468812877,-0.0011317907444667874,0.6000089471701715,0.5992341574608996,0.0007747897092719169,0.10818818153761928,0.10831876349971171,0.0001305819620924381,-0.009882400056311413,0.0040751116922954295,0.9966193342732614,0.9870464504609708,1.0053945835421934,2000
same_members_reselected_C,stacking,"KNeighbors,RandomForest,AdaBoost,MLP",raw,cache/classification_explainability/prepared_h7_CV17_THY_CONT.joblib,raw_fixed,32,0.5,fixed 0.5,7,CV17_THY_CONT,Smoke,single variable,cardiovascular,1,0.6911228376548599,0.6974416633338616,-0.006318825679001661,0.8478286384976526,0.8483651911468812,-0.0005365526492286943,0.6291219667126018,0.629110553611822,1.1413100779789076e-05,0.10710668881529546,0.10723302975122281,0.00012634093592735207,-0.01699649675644755,0.001295472850171338,0.9909399939648044,0.9760847306130583,1.0018532836626683,2000
same_members_reselected_C,stacking,"KNeighbors,RandomForest,AdaBoost,MLP",raw,cache/classification_explainability/prepared_h7_CV17_THY_CONT.joblib,raw_threshold,32,0.36999999999999994,saved reselected-C validation threshold,7,CV17_THY_CONT,Smoke,single variable,cardiovascular,1,0.7617419431871222,0.7477115060958088,0.014030437091313352,0.8478286384976526,0.8483651911468812,-0.0005365526492286943,0.6291219667126018,0.629110553611822,1.1413100779789076e-05,0.10710668881529546,0.10723302975122281,0.00012634093592735207,0.002325088069972067,0.027638483986874796,1.0187645060654122,1.0030558992222425,1.037427307149438,2000
same_members_reselected_C,stacking,"KNeighbors,RandomForest,AdaBoost,MLP",sigmoid,cache/classification_explainability/prepared_h7_CV17_THY_CONT.joblib,sigmoid,33,0.35999999999999993,saved reselected-C validation threshold,7,CV17_THY_CONT,Smoke,single variable,cardiovascular,1,0.7511422092865845,0.7521345537355475,-0.0009923444489630118,0.8478286384976526,0.8483651911468812,-0.0005365526492286943,0.6291219667126018,0.629110553611822,1.1413100779789076e-05,0.10661452685674429,0.10678177681511082,0.00016724995836653322,-0.012000627974918184,0.008033529379414038,0.9986806290921825,0.9842181104412949,1.0106074997248604,2000
same_members_reselected_C,stacking,"KNeighbors,RandomForest,AdaBoost,MLP",isotonic,cache/classification_explainability/prepared_h7_CV17_THY_CONT.joblib,isotonic,34,0.33999999999999997,saved reselected-C validation threshold,7,CV17_THY_CONT,Smoke,single variable,cardiovascular,1,0.7556737369364912,0.755556676012741,0.00011706092375018962,0.8462692823608317,0.8489394701542589,-0.0026701877934272034,0.6070559198389371,0.6101364911580989,-0.003080571319161729,0.10824084444828577,0.10802972595173703,-0.00021111849654874282,-0.01391433585844527,0.013996920359900378,1.000154933345792,0.9816793192316048,1.0185872181593114,2000
LogisticRegression,individual,LogisticRegression,raw,Cached fitted individual; sigmoid fitted to cached training OOF,raw_fixed,0,0.5,fixed 0.5,7,CV17_THY_CONT,Diabetes,single variable,cardiovascular,1,0.7027203218095723,0.7009869335557409,0.0017333882538314027,0.8415828303152246,0.8397719651240778,0.0018108651911468154,0.586842265981418,0.6023225156162624,-0.0154802496348444,0.16219265113101544,0.16083290070536088,-0.00135975042565456,-0.015141822821825402,0.01940097080953156,1.0024727825453734,0.9787624657395182,1.028188374610761,2000
LogisticRegression,individual,LogisticRegression,raw,Cached fitted individual; sigmoid fitted to cached training OOF,raw_threshold,0,0.6399999999999999,own validation,7,CV17_THY_CONT,Diabetes,single variable,cardiovascular,1,0.7426812986420919,0.7375977033309118,0.005083595311180078,0.8415828303152246,0.8397719651240778,0.0018108651911468154,0.586842265981418,0.6023225156162624,-0.0154802496348444,0.16219265113101544,0.16083290070536088,-0.00135975042565456,-0.014955936024566713,0.026738857335628842,1.0068920975326023,0.9799348301345672,1.0372600940808738,2000
LogisticRegression,individual,LogisticRegression,sigmoid,Cached fitted individual; sigmoid fitted to cached training OOF,sigmoid,1,0.38999999999999996,own validation,7,CV17_THY_CONT,Diabetes,single variable,cardiovascular,1,0.7361367513642372,0.7334620124691895,0.002674738895047657,0.8415828303152246,0.8397719651240778,0.0018108651911468154,0.586842265981418,0.6023225156162624,-0.0154802496348444,0.11137008767811421,0.10991229305207076,-0.0014577946260434516,-0.018450425104919958,0.023495198525979796,1.0036467313229258,0.9750629969298766,1.0327001745614643,2000
SVC,individual,SVC,raw,Cached fitted individual; sigmoid fitted to cached training OOF,raw_fixed,2,0.5,fixed 0.5,7,CV17_THY_CONT,Diabetes,single variable,cardiovascular,1,0.7011045261967771,0.6891908755434104,0.011913650653366692,0.8283702213279678,0.8287977867203219,-0.0004275653923541123,0.5568024589994544,0.5700531612867694,-0.013250702287315064,0.11715140617654654,0.11533329564437574,-0.0018181105321708052,-0.009495428938770778,0.034237098900500015,1.0172864311994454,0.9865410281721483,1.0508238221658577,2000
SVC,individual,SVC,raw,Cached fitted individual; sigmoid fitted to cached training OOF,raw_threshold,2,0.37999999999999995,own validation,7,CV17_THY_CONT,Diabetes,single variable,cardiovascular,1,0.716891790418474,0.7259038345300326,-0.009012044111558648,0.8283702213279678,0.8287977867203219,-0.0004275653923541123,0.5568024589994544,0.5700531612867694,-0.013250702287315064,0.11715140617654654,0.11533329564437574,-0.0018181105321708052,-0.029196598525767115,0.01049985869510455,0.9875850716267489,0.9606944553822848,1.0145881553674192,2000
SVC,individual,SVC,sigmoid,Cached fitted individual; sigmoid fitted to cached training OOF,sigmoid,3,0.4099999999999999,own validation,7,CV17_THY_CONT,Diabetes,single variable,cardiovascular,1,0.7072343406283659,0.6953186615317788,0.011915679096587084,0.8283702213279678,0.8287977867203219,-0.0004275653923541123,0.5568024589994544,0.5700531612867694,-0.013250702287315064,0.1169250023920927,0.11524330029152985,-0.0016817021005628568,-0.009507292442429177,0.03494058479558447,1.0171370045934578,0.9863240314117191,1.0516897446870759,2000
KNeighbors,individual,KNeighbors,raw,Cached fitted individual; sigmoid fitted to cached training OOF,raw_fixed,4,0.5,fixed 0.5,7,CV17_THY_CONT,Diabetes,single variable,cardiovascular,1,0.7063464648956876,0.705447219117628,0.0008992457780596652,0.8055122401073105,0.8008383635144198,0.004673876592890647,0.5386758931409478,0.5443221807893099,-0.005646287648362169,0.1499207685451123,0.1480594752638536,-0.0018612932812586969,-0.014903834742579627,0.017068221473530713,1.0012747173051224,0.9790852249036134,1.0245736291082705,2000
KNeighbors,individual,KNeighbors,raw,Cached fitted individual; sigmoid fitted to cached training OOF,raw_threshold,4,0.59,own validation,7,CV17_THY_CONT,Diabetes,single variable,cardiovascular,1,0.6881589091885617,0.6785666527096674,0.009592256478894279,0.8055122401073105,0.8008383635144198,0.004673876592890647,0.5386758931409478,0.5443221807893099,-0.005646287648362169,0.1499207685451123,0.1480594752638536,-0.0018612932812586969,-0.010732498686816475,0.029214833709752232,1.0141360564074144,0.9843883727844611,1.0437019531125535,2000
KNeighbors,individual,KNeighbors,sigmoid,Cached fitted individual; sigmoid fitted to cached training OOF,sigmoid,5,0.30999999999999994,own validation,7,CV17_THY_CONT,Diabetes,single variable,cardiovascular,1,0.6881589091885617,0.6785666527096674,0.009592256478894279,0.8055122401073105,0.8008383635144198,0.004673876592890647,0.5386758931409478,0.5443221807893099,-0.005646287648362169,0.12173341907432166,0.12231320129704579,0.0005797822227241317,-0.010732498686816475,0.029214833709752232,1.0141360564074144,0.9843883727844611,1.0437019531125535,2000
RandomForest,individual,RandomForest,raw,Cached fitted individual; sigmoid fitted to cached training OOF,raw_fixed,6,0.5,fixed 0.5,7,CV17_THY_CONT,Diabetes,single variable,cardiovascular,1,0.7491346656217346,0.7337982263321459,0.015336439289588721,0.8410127431254192,0.8389000670690812,0.0021126760563380254,0.6356546074048491,0.631915245402118,0.0037393620027311725,0.12209730025536963,0.11998961596470452,-0.0021076842906651155,0.0010577369328659686,0.031742884717248274,1.0209000768048284,1.0014516743962694,1.0439801542582605,2000
RandomForest,individual,RandomForest,raw,Cached fitted individual; sigmoid fitted to cached training OOF,raw_threshold,6,0.5299999999999999,own validation,7,CV17_THY_CONT,Diabetes,single variable,cardiovascular,1,0.74400817251728,0.7375362512827377,0.006471921234542322,0.8410127431254192,0.8389000670690812,0.0021126760563380254,0.6356546074048491,0.631915245402118,0.0037393620027311725,0.12209730025536963,0.11998961596470452,-0.0021076842906651155,-0.006365139212056592,0.02092462857127455,1.0087750550881889,0.991411413581481,1.0285162386015532,2000
RandomForest,individual,RandomForest,sigmoid,Cached fitted individual; sigmoid fitted to cached training OOF,sigmoid,7,0.37999999999999995,own validation,7,CV17_THY_CONT,Diabetes,single variable,cardiovascular,1,0.7452590842555569,0.7375675011457759,0.0076915831097810194,0.8410127431254192,0.8389000670690812,0.0021126760563380254,0.6356546074048491,0.631915245402118,0.0037393620027311725,0.10692705464634006,0.10801737348570284,0.0010903188393627805,-0.0042695086601128055,0.021573665767453756,1.0104283107618388,0.9943307492690523,1.0300149241370053,2000
AdaBoost,individual,AdaBoost,raw,Cached fitted individual; sigmoid fitted to cached training OOF,raw_fixed,8,0.5,fixed 0.5,7,CV17_THY_CONT,Diabetes,single variable,cardiovascular,1,0.7035592443093917,0.7090611950319481,-0.005501950722556437,0.8369634473507713,0.8349346076458752,0.0020288397048960904,0.5904214779938294,0.6079317193200044,-0.01751024132617507,0.1861595753416243,0.18248082532322527,-0.0036787500183990407,-0.017648205358637318,0.007442162882212422,0.9922405135676498,0.9750638505893043,1.0105054647309728,2000
AdaBoost,individual,AdaBoost,raw,Cached fitted individual; sigmoid fitted to cached training OOF,raw_threshold,8,0.58,own validation,7,CV17_THY_CONT,Diabetes,single variable,cardiovascular,1,0.7308812260536399,0.7236949278045168,0.007186298249123091,0.8369634473507713,0.8349346076458752,0.0020288397048960904,0.5904214779938294,0.6079317193200044,-0.01751024132617507,0.1861595753416243,0.18248082532322527,-0.0036787500183990407,-0.005285877739229677,0.02104524699950565,1.009930010523805,0.992896719752613,1.029487102852359,2000
AdaBoost,individual,AdaBoost,sigmoid,Cached fitted individual; sigmoid fitted to cached training OOF,sigmoid,9,0.4099999999999999,own validation,7,CV17_THY_CONT,Diabetes,single variable,cardiovascular,1,0.7293557557283282,0.7247829178830751,0.004572837845253086,0.8369634473507713,0.8349346076458752,0.0020288397048960904,0.5904214779938294,0.6079317193200044,-0.01751024132617507,0.11138800805411916,0.11072562467068285,-0.000662383383436313,-0.006904998931642433,0.017743810942127732,1.0063092516840895,0.9904362294425384,1.0247629343613167,2000
MLP,individual,MLP,raw,Cached fitted individual; sigmoid fitted to cached training OOF,raw_fixed,10,0.5,fixed 0.5,7,CV17_THY_CONT,Diabetes,single variable,cardiovascular,1,0.7086712317698171,0.7197446420428637,-0.011073410273046647,0.8466968477531858,0.8496395036887995,-0.002942655935613714,0.6105382221434775,0.6383215607024224,-0.02778333855894488,0.15329636532074958,0.1530211207358147,-0.00027524458493488613,-0.025350520556958675,0.002698196387625073,0.9846148069381707,0.9652184668898586,1.0036738525648587,2000
MLP,individual,MLP,raw,Cached fitted individual; sigmoid fitted to cached training OOF,raw_threshold,10,0.6799999999999999,own validation,7,CV17_THY_CONT,Diabetes,single variable,cardiovascular,1,0.7489136160834274,0.7515053180342177,-0.0025917019507902816,0.8466968477531858,0.8496395036887995,-0.002942655935613714,0.6105382221434775,0.6383215607024224,-0.02778333855894488,0.15329636532074958,0.1530211207358147,-0.00027524458493488613,-0.023880221335050068,0.018186180341740014,0.9965513192141213,0.9682563611342435,1.0248270255673075,2000
MLP,individual,MLP,sigmoid,Cached fitted individual; sigmoid fitted to cached training OOF,sigmoid,11,0.31999999999999995,own validation,7,CV17_THY_CONT,Diabetes,single variable,cardiovascular,1,0.7574482553444686,0.750206910821436,0.0072413445230326,0.8466968477531858,0.8496395036887995,-0.002942655935613714,0.6105382221434775,0.6383215607024224,-0.02778333855894488,0.11299743818759635,0.11193693611131449,-0.0010605020762818607,-0.012463876923670089,0.027327853395134365,1.0096524630986186,0.9834494240762955,1.0373218519594454,2000
GradientBoosting,individual,GradientBoosting,raw,Cached fitted individual; sigmoid fitted to cached training OOF,raw_fixed,12,0.5,fixed 0.5,7,CV17_THY_CONT,Diabetes,single variable,cardiovascular,1,0.7196397818599312,0.7217208534205215,-0.002081071560590342,0.840627095908786,0.8382293762575452,0.002397719651240804,0.6218609666423225,0.6320246425334605,-0.01016367589113798,0.13797559292209854,0.1333344667428332,-0.004641126179265348,-0.01305925962469556,0.011614416778315498,0.997116514576616,0.9820535039298027,1.016059107636229,2000
GradientBoosting,individual,GradientBoosting,raw,Cached fitted individual; sigmoid fitted to cached training OOF,raw_threshold,12,0.6599999999999999,own validation,7,CV17_THY_CONT,Diabetes,single variable,cardiovascular,1,0.7604147716936511,0.7427598222413072,0.017654949452343915,0.840627095908786,0.8382293762575452,0.002397719651240804,0.6218609666423225,0.6320246425334605,-0.01016367589113798,0.13797559292209854,0.1333344667428332,-0.004641126179265348,0.002573106802985331,0.03514096451870973,1.0237693921018363,1.0034400621141457,1.0485047860204215,2000
GradientBoosting,individual,GradientBoosting,sigmoid,Cached fitted individual; sigmoid fitted to cached training OOF,sigmoid,13,0.37999999999999995,own validation,7,CV17_THY_CONT,Diabetes,single variable,cardiovascular,1,0.7579298142781161,0.740134175217048,0.01779563906106807,0.840627095908786,0.8382293762575452,0.002397719651240804,0.6218609666423225,0.6320246425334605,-0.01016367589113798,0.10818765827236983,0.10897971810621894,0.0007920598338491125,0.002615450299280314,0.03530380660088282,1.024043801322712,1.0034529126106209,1.0489622715968416,2000
XGBoost,individual,XGBoost,raw,Cached fitted individual; sigmoid fitted to cached training OOF,raw_fixed,14,0.5,fixed 0.5,7,CV17_THY_CONT,Diabetes,single variable,cardiovascular,1,0.7340850209815728,0.7343519534056957,-0.00026693242412290097,0.8427649228705567,0.8402414486921529,0.0025234741784038173,0.6207142319116041,0.6224884283293035,-0.0017741964176993807,0.142721285120714,0.13868041878230655,-0.004040866338407445,-0.01276149488116625,0.015289332815758623,0.9996365061427495,0.9826685306415044,1.0210439151478163,2000
XGBoost,individual,XGBoost,raw,Cached fitted individual; sigmoid fitted to cached training OOF,raw_threshold,14,0.6,own validation,7,CV17_THY_CONT,Diabetes,single variable,cardiovascular,1,0.7375657580105213,0.7261056319439445,0.011460126066576759,0.8427649228705567,0.8402414486921529,0.0025234741784038173,0.6207142319116041,0.6224884283293035,-0.0017741964176993807,0.142721285120714,0.13868041878230655,-0.004040866338407445,-0.0011740959420509288,0.0254434753194401,1.015783001208647,0.998384962973211,1.0354678438465674,2000
XGBoost,individual,XGBoost,sigmoid,Cached fitted individual; sigmoid fitted to cached training OOF,sigmoid,15,0.36999999999999994,own validation,7,CV17_THY_CONT,Diabetes,single variable,cardiovascular,1,0.738826364323119,0.7273554290112927,0.011470935311826302,0.8427649228705567,0.8402414486921529,0.0025234741784038173,0.6207142319116041,0.6224884283293035,-0.0017741964176993807,0.10779122172922385,0.1086053350607383,0.0008141133315144461,-0.0011928216480004473,0.0254772411370013,1.0157707426854832,0.998374091370912,1.0354523943343408,2000
paper,voting,"LogisticRegression,RandomForest,AdaBoost",raw,models/predictive_sensitivity/h7_CV17_THY_CONT_paper.joblib,raw_fixed,16,0.5,fixed 0.5,7,CV17_THY_CONT,Diabetes,single variable,cardiovascular,1,0.7329425928388122,0.7343519534056957,-0.0014093605668834552,0.8474765258215963,0.8450452716297787,0.0024312541918175556,0.6249100841759544,0.6323474136254627,-0.0074373294495082565,0.14916737933582,0.146512641958436,-0.0026547373773840033,-0.014382573893222474,0.013500995496580192,0.9980808104882852,0.9804852412318174,1.0185088524536958,2000
paper,voting,"LogisticRegression,RandomForest,AdaBoost",raw,models/predictive_sensitivity/h7_CV17_THY_CONT_paper.joblib,raw_threshold,16,0.38999999999999996,saved voting threshold (also applied to raw),7,CV17_THY_CONT,Diabetes,single variable,cardiovascular,1,0.661069806744196,0.6627094279766035,-0.0016396212324074622,0.8474765258215963,0.8450452716297787,0.0024312541918175556,0.6249100841759544,0.6323474136254627,-0.0074373294495082565,0.14916737933582,0.146512641958436,-0.0026547373773840033,-0.013115626033975213,0.010531366934174327,0.9975258821390038,0.980105511209392,1.0163491894971721,2000
paper,voting,"LogisticRegression,RandomForest,AdaBoost",sigmoid,models/predictive_sensitivity/h7_CV17_THY_CONT_paper.joblib,sigmoid,17,0.38999999999999996,saved voting threshold (also applied to raw),7,CV17_THY_CONT,Diabetes,single variable,cardiovascular,1,0.7596902502253029,0.7359810670663823,0.023709183158920566,0.8474765258215963,0.8450452716297787,0.0024312541918175556,0.6249100841759544,0.6323474136254627,-0.0074373294495082565,0.10681940292729272,0.10682640580968941,7.002882396689447e-06,0.008072310461528098,0.04115469325858769,1.0322143927607068,1.010814182063064,1.0569921220735918,2000
paper_locked,voting,"LogisticRegression,RandomForest,AdaBoost",raw,models/final_h7_CV17_THY_CONT_paper_locked.joblib,raw_fixed,18,0.5,fixed 0.5,7,CV17_THY_CONT,Diabetes,single variable,cardiovascular,1,0.7281870738748857,0.7270890535149976,0.0010980203598880411,0.8466381623071764,0.8441398390342052,0.00249832327297117,0.6220693480215564,0.6255521791339765,-0.003482831112420093,0.1566021485441328,0.15455218926599432,-0.0020499592781384746,-0.013218498321687236,0.016048777174436875,1.0015101593877391,0.9820057536262597,1.0222990604964597,2000
paper_locked,voting,"LogisticRegression,RandomForest,AdaBoost",raw,models/final_h7_CV17_THY_CONT_paper_locked.joblib,raw_threshold,18,0.43999999999999995,saved voting threshold (also applied to raw),7,CV17_THY_CONT,Diabetes,single variable,cardiovascular,1,0.6898933929555102,0.6879085289993878,0.001984863956122407,0.8466381623071764,0.8441398390342052,0.00249832327297117,0.6220693480215564,0.6255521791339765,-0.003482831112420093,0.1566021485441328,0.15455218926599432,-0.0020499592781384746,-0.011809229073453553,0.016467072215755538,1.0028853602949357,0.9831243512298989,1.023948716529475,2000
paper_locked,voting,"LogisticRegression,RandomForest,AdaBoost",sigmoid,models/final_h7_CV17_THY_CONT_paper_locked.joblib,sigmoid,19,0.43999999999999995,saved voting threshold (also applied to raw),7,CV17_THY_CONT,Diabetes,single variable,cardiovascular,1,0.7243328100470958,0.7198717072199472,0.004461102827148622,0.8466381623071764,0.8441398390342052,0.00249832327297117,0.6220693480215564,0.6255521791339765,-0.003482831112420093,0.10735395528864841,0.10744580227488129,9.184698623287968e-05,-0.008064161226398428,0.017868807814698805,1.006197080371969,0.9890133986844176,1.0252744942005587,2000
own,stacking,"LogisticRegression,KNeighbors,AdaBoost",raw,models/stacking_sensitivity/h7_CV17_THY_CONT_own.joblib,raw_fixed,20,0.5,fixed 0.5,7,CV17_THY_CONT,Diabetes,single variable,cardiovascular,1,0.7036772224208319,0.7013059549922821,0.0023712674285497615,0.8452045606975185,0.8426978537894031,0.002506706908115386,0.6027119778421592,0.6184953405320333,-0.015783362689874014,0.10917993345567255,0.10839486165318317,-0.0007850718024893788,-0.01434173731691161,0.020689002074603086,1.0033812167309715,0.9794794826709624,1.0297368531859494,2000
own,stacking,"LogisticRegression,KNeighbors,AdaBoost",raw,models/stacking_sensitivity/h7_CV17_THY_CONT_own.joblib,raw_threshold,20,0.33999999999999997,saved stacking threshold,7,CV17_THY_CONT,Diabetes,single variable,cardiovascular,1,0.7554362964476055,0.7471979035394464,0.008238392908159087,0.8452045606975185,0.8426978537894031,0.002506706908115386,0.6027119778421592,0.6184953405320333,-0.015783362689874014,0.10917993345567255,0.10839486165318317,-0.0007850718024893788,-0.01108989972728136,0.027732046518075103,1.0110257173757236,0.9854647105044407,1.037783627672212,2000
own,stacking,"LogisticRegression,KNeighbors,AdaBoost",sigmoid,models/stacking_sensitivity/h7_CV17_THY_CONT_own.joblib,sigmoid,21,0.32999999999999996,saved stacking threshold,7,CV17_THY_CONT,Diabetes,single variable,cardiovascular,1,0.7554362964476055,0.7471979035394464,0.008238392908159087,0.8452045606975185,0.8426978537894031,0.002506706908115386,0.6027119778421592,0.6184953405320333,-0.015783362689874014,0.10921388840861973,0.1085250014063679,-0.0006888870022518367,-0.01108989972728136,0.027732046518075103,1.0110257173757236,0.9854647105044407,1.037783627672212,2000
own,stacking,"LogisticRegression,KNeighbors,AdaBoost",isotonic,models/stacking_sensitivity/h7_CV17_THY_CONT_own.joblib,isotonic,22,0.33999999999999997,saved stacking threshold,7,CV17_THY_CONT,Diabetes,single variable,cardiovascular,1,0.756166353170578,0.7440258969951041,0.01214045617547388,0.8448608316566063,0.8412726358148893,0.00358819584171699,0.5843766539391511,0.5978731038370972,-0.013496449897946183,0.11066089189702547,0.1092021614143147,-0.0014587304827107656,-0.006092670512823603,0.031780196539179,1.0163172494727744,0.9916786103649047,1.0438578146305177,2000
same_baseline,stacking,"KNeighbors,RandomForest,AdaBoost,MLP",raw,models/stacking_sensitivity/h7_CV17_THY_CONT_same_baseline.joblib,raw_fixed,23,0.5,fixed 0.5,7,CV17_THY_CONT,Diabetes,single variable,cardiovascular,1,0.7046565588361673,0.708899940523645,-0.004243381687477732,0.8468226022803488,0.8443326626425218,0.0024899396378269545,0.6266442551545337,0.6334967881329493,-0.006852532978415593,0.10694711012065376,0.10696132663656974,1.421651591597406e-05,-0.018900831201657732,0.010563272904890364,0.9940141316920647,0.9735285518159755,1.0151326618960694,2000
same_baseline,stacking,"KNeighbors,RandomForest,AdaBoost,MLP",raw,models/stacking_sensitivity/h7_CV17_THY_CONT_same_baseline.joblib,raw_threshold,23,0.38999999999999996,saved stacking threshold,7,CV17_THY_CONT,Diabetes,single variable,cardiovascular,1,0.7542358796721512,0.7374939023430739,0.01674197732907734,0.8468226022803488,0.8443326626425218,0.0024899396378269545,0.6266442551545337,0.6334967881329493,-0.006852532978415593,0.10694711012065376,0.10696132663656974,1.421651591597406e-05,0.0015502417927774847,0.033895052280764545,1.0227011739024374,1.0021419243219047,1.0470684760927391,2000
same_baseline,stacking,"KNeighbors,RandomForest,AdaBoost,MLP",sigmoid,models/stacking_sensitivity/h7_CV17_THY_CONT_same_baseline.joblib,sigmoid,24,0.3999999999999999,saved stacking threshold,7,CV17_THY_CONT,Diabetes,single variable,cardiovascular,1,0.7545418151157511,0.7467307692307692,0.0078110458849819375,0.8468226022803488,0.8443326626425218,0.0024899396378269545,0.6266442551545337,0.6334967881329493,-0.006852532978415593,0.106977825803903,0.10703883421350771,6.1008409604712543e-05,-0.00491151783029205,0.021979072708369008,1.0104603241313175,0.9935557032057825,1.0297727177923715,2000
same_baseline,stacking,"KNeighbors,RandomForest,AdaBoost,MLP",isotonic,models/stacking_sensitivity/h7_CV17_THY_CONT_same_baseline.joblib,isotonic,25,0.32999999999999996,saved stacking threshold,7,CV17_THY_CONT,Diabetes,single variable,cardiovascular,1,0.7498623008110008,0.7338166974106716,0.016045603400329234,0.8466339704896043,0.8424631120053655,0.004170858484238815,0.6078162488237903,0.60803782565644,-0.00022157683264978356,0.10763459558478214,0.10793833271354027,0.00030373712875812753,-0.002414117870459237,0.035449988912609864,1.0218659557038527,0.9967503168244574,1.0493351235124009,2000
locked_baseline,stacking,"KNeighbors,RandomForest,AdaBoost,MLP",raw,models/stacking_sensitivity/h7_CV17_THY_CONT_locked_baseline.joblib,raw_fixed,26,0.5,fixed 0.5,7,CV17_THY_CONT,Diabetes,single variable,cardiovascular,1,0.7294088812205308,0.7286476247445293,0.0007612564760015594,0.8484657947686117,0.8466297786720322,0.0018360160965795735,0.6414093765224447,0.6402957152732709,0.0011136612491737807,0.10521713348319792,0.10573999257425627,0.0005228590910583558,-0.015606884132543427,0.018186387993028304,1.0010447525664665,0.9785826338737683,1.0254787458129488,2000
locked_baseline,stacking,"KNeighbors,RandomForest,AdaBoost,MLP",raw,models/stacking_sensitivity/h7_CV17_THY_CONT_locked_baseline.joblib,raw_threshold,26,0.48999999999999994,saved stacking threshold,7,CV17_THY_CONT,Diabetes,single variable,cardiovascular,1,0.7309705048555402,0.7302798477881718,0.0006906570673683721,0.8484657947686117,0.8466297786720322,0.0018360160965795735,0.6414093765224447,0.6402957152732709,0.0011136612491737807,0.10521713348319792,0.10573999257425627,0.0005228590910583558,-0.01784704259968752,0.019935981312956413,1.000945743018187,0.9760876312172835,1.0277848279190713,2000
locked_baseline,stacking,"KNeighbors,RandomForest,AdaBoost,MLP",sigmoid,models/stacking_sensitivity/h7_CV17_THY_CONT_locked_baseline.joblib,sigmoid,27,0.48999999999999994,saved stacking threshold,7,CV17_THY_CONT,Diabetes,single variable,cardiovascular,1,0.7294088812205308,0.7286476247445293,0.0007612564760015594,0.8484657947686117,0.8466297786720322,0.0018360160965795735,0.6414093765224447,0.6402957152732709,0.0011136612491737807,0.10516829882784544,0.10575684879751943,0.0005885499696739876,-0.015606884132543427,0.018186387993028304,1.0010447525664665,0.9785826338737683,1.0254787458129488,2000
locked_baseline,stacking,"KNeighbors,RandomForest,AdaBoost,MLP",isotonic,models/stacking_sensitivity/h7_CV17_THY_CONT_locked_baseline.joblib,isotonic,28,0.42999999999999994,saved stacking threshold,7,CV17_THY_CONT,Diabetes,single variable,cardiovascular,1,0.7278237075983138,0.7239431234798006,0.0038805841185132195,0.8465459423205902,0.8440308517773306,0.0025150905432596016,0.6069580639148737,0.6086283368821211,-0.0016702729672474215,0.10696678701552328,0.10662628337833868,-0.00034050363718460264,-0.01088899393320201,0.020126345104626468,1.0053603439174341,0.9853411405303935,1.0281089137289872,2000
paper,stacking,"LogisticRegression,RandomForest,AdaBoost",raw,models/stacking_sensitivity/h7_CV17_THY_CONT_paper.joblib,raw_fixed,29,0.5,fixed 0.5,7,CV17_THY_CONT,Diabetes,single variable,cardiovascular,1,0.7089681419188509,0.7146803152165082,-0.005712173297657275,0.8476190476190476,0.8449614352783367,0.0026576123407109353,0.6237386907226503,0.6314246290651964,-0.00768593834254605,0.10684277418145065,0.10699902495503959,0.00015625077358893957,-0.01661637891095099,0.00683415729996599,0.992007372840643,0.977064696559321,1.0096981428683436,2000
paper,stacking,"LogisticRegression,RandomForest,AdaBoost",raw,models/stacking_sensitivity/h7_CV17_THY_CONT_paper.joblib,raw_threshold,29,0.3999999999999999,saved stacking threshold,7,CV17_THY_CONT,Diabetes,single variable,cardiovascular,1,0.7571230982019364,0.7359810670663823,0.021142031135554018,0.8476190476190476,0.8449614352783367,0.0026576123407109353,0.6237386907226503,0.6314246290651964,-0.00768593834254605,0.10684277418145065,0.10699902495503959,0.00015625077358893957,0.003629116875659139,0.04016782168555366,1.0287263247406975,1.0048172487475324,1.055318301137159,2000
paper,stacking,"LogisticRegression,RandomForest,AdaBoost",sigmoid,models/stacking_sensitivity/h7_CV17_THY_CONT_paper.joblib,sigmoid,30,0.38999999999999996,saved stacking threshold,7,CV17_THY_CONT,Diabetes,single variable,cardiovascular,1,0.7571230982019364,0.7332560002209517,0.02386709798098463,0.8476190476190476,0.8449614352783367,0.0026576123407109353,0.6237386907226503,0.6314246290651964,-0.00768593834254605,0.10691330488299498,0.10714594584734258,0.00023264096434759407,0.007365411518151346,0.04151799488447251,1.0325494751816457,1.0098943635108413,1.0574964672973461,2000
paper,stacking,"LogisticRegression,RandomForest,AdaBoost",isotonic,models/stacking_sensitivity/h7_CV17_THY_CONT_paper.joblib,isotonic,31,0.3499999999999999,saved stacking threshold,7,CV17_THY_CONT,Diabetes,single variable,cardiovascular,1,0.7531190566334336,0.7361968142354882,0.016922242397945375,0.8453093561368209,0.8447686116700202,0.0005407444668007466,0.6000089471701715,0.6029997648047214,-0.0029908176345498916,0.10818818153761928,0.10786524814951362,-0.0003229333881056562,-0.0013305606690644483,0.03583276891519979,1.0229860304618656,0.998222977239524,1.0498545029401327,2000
same_members_reselected_C,stacking,"KNeighbors,RandomForest,AdaBoost,MLP",raw,cache/classification_explainability/prepared_h7_CV17_THY_CONT.joblib,raw_fixed,32,0.5,fixed 0.5,7,CV17_THY_CONT,Diabetes,single variable,cardiovascular,1,0.6911228376548599,0.7027604166666667,-0.011637579011806731,0.8478286384976526,0.8458249496981891,0.0020036887994634434,0.6291219667126018,0.6368095026188733,-0.00768753590627147,0.10710668881529546,0.1071619970644927,5.53082491972362e-05,-0.030179801915738554,0.005211003045664259,0.9834401899483666,0.9574951150097569,1.0073841828414518,2000
same_members_reselected_C,stacking,"KNeighbors,RandomForest,AdaBoost,MLP",raw,cache/classification_explainability/prepared_h7_CV17_THY_CONT.joblib,raw_threshold,32,0.36999999999999994,saved reselected-C validation threshold,7,CV17_THY_CONT,Diabetes,single variable,cardiovascular,1,0.7617419431871222,0.7401609583292843,0.02158098485783788,0.8478286384976526,0.8458249496981891,0.0020036887994634434,0.6291219667126018,0.6368095026188733,-0.00768753590627147,0.10710668881529546,0.1071619970644927,5.53082491972362e-05,0.004433897366408868,0.04025611710749041,1.0291571510425936,1.0058568812362496,1.0547712820088133,2000
same_members_reselected_C,stacking,"KNeighbors,RandomForest,AdaBoost,MLP",sigmoid,cache/classification_explainability/prepared_h7_CV17_THY_CONT.joblib,sigmoid,33,0.35999999999999993,saved reselected-C validation threshold,7,CV17_THY_CONT,Diabetes,single variable,cardiovascular,1,0.7511422092865845,0.7338124768113639,0.017329732475220627,0.8478286384976526,0.8458249496981891,0.0020036887994634434,0.6291219667126018,0.6368095026188733,-0.00768753590627147,0.10661452685674429,0.10651760751171876,-9.691934502552291e-05,0.0014254101650048201,0.034256723405311024,1.0236160231978115,1.0018931449570547,1.0476180026370185,2000
same_members_reselected_C,stacking,"KNeighbors,RandomForest,AdaBoost,MLP",isotonic,cache/classification_explainability/prepared_h7_CV17_THY_CONT.joblib,isotonic,34,0.33999999999999997,saved reselected-C validation threshold,7,CV17_THY_CONT,Diabetes,single variable,cardiovascular,1,0.7556737369364912,0.7453888225733574,0.010284914363133835,0.8462692823608317,0.845439302481556,0.0008299798792756885,0.6070559198389371,0.6157886089548613,-0.008732689115924175,0.10824084444828577,0.10629632051922695,-0.0019445239290588195,-0.00777626574927083,0.029761184507112372,1.0137980528439192,0.9896155905580517,1.0406967159602,2000
LogisticRegression,individual,LogisticRegression,raw,Cached fitted individual; sigmoid fitted to cached training OOF,raw_fixed,0,0.5,fixed 0.5,7,CV17_THY_CONT,Hypertension,single variable,cardiovascular,1,0.7027203218095723,0.7080324664748358,-0.0053121446652634186,0.8415828303152246,0.8403001341381623,0.0012826961770623369,0.586842265981418,0.5844681129243096,0.002374153057108419,0.16219265113101544,0.1624039008824971,0.00021124975148165137,-0.010885853185722476,0.0,0.9924973148594278,0.9848086887620399,1.0,2000
LogisticRegression,individual,LogisticRegression,raw,Cached fitted individual; sigmoid fitted to cached training OOF,raw_threshold,0,0.6399999999999999,own validation,7,CV17_THY_CONT,Hypertension,single variable,cardiovascular,1,0.7426812986420919,0.7464934275510979,-0.003812128909006063,0.8415828303152246,0.8403001341381623,0.0012826961770623369,0.586842265981418,0.5844681129243096,0.002374153057108419,0.16219265113101544,0.1624039008824971,0.00021124975148165137,-0.015582232436076671,0.007491870919810371,0.9948932853682156,0.979438556938231,1.0101383721502237,2000
LogisticRegression,individual,LogisticRegression,sigmoid,Cached fitted individual; sigmoid fitted to cached training OOF,sigmoid,1,0.38999999999999996,own validation,7,CV17_THY_CONT,Hypertension,single variable,cardiovascular,1,0.7361367513642372,0.7334620124691895,0.002674738895047657,0.8415828303152246,0.8403001341381623,0.0012826961770623369,0.586842265981418,0.5844681129243096,0.002374153057108419,0.11137008767811421,0.11188428849312389,0.0005142008150096772,-0.012024911956945657,0.017619828029544187,1.0036467313229258,0.9835720623860503,1.024338115138018,2000
SVC,individual,SVC,raw,Cached fitted individual; sigmoid fitted to cached training OOF,raw_fixed,2,0.5,fixed 0.5,7,CV17_THY_CONT,Hypertension,single variable,cardiovascular,1,0.7011045261967771,0.6948972882703379,0.00620723792643918,0.8283702213279678,0.827531857813548,0.0008383635144197932,0.5568024589994544,0.5562535170408727,0.0005489419585816835,0.11715140617654654,0.11739057941478195,0.0002391732382354128,-0.001315893091280887,0.017177356444640857,1.008932597710792,0.9981200896956374,1.0249840517541835,2000
SVC,individual,SVC,raw,Cached fitted individual; sigmoid fitted to cached training OOF,raw_threshold,2,0.37999999999999995,own validation,7,CV17_THY_CONT,Hypertension,single variable,cardiovascular,1,0.716891790418474,0.7181280567862037,-0.001236266367729777,0.8283702213279678,0.827531857813548,0.0008383635144197932,0.5568024589994544,0.5562535170408727,0.0005489419585816835,0.11715140617654654,0.11739057941478195,0.0002391732382354128,-0.013373200225584275,0.009919401437656383,0.9982784875816406,0.981505810270542,1.013779549876992,2000
SVC,individual,SVC,sigmoid,Cached fitted individual; sigmoid fitted to cached training OOF,sigmoid,3,0.4099999999999999,own validation,7,CV17_THY_CONT,Hypertension,single variable,cardiovascular,1,0.7072343406283659,0.7059667789344763,0.0012675616938895296,0.8283702213279678,0.827531857813548,0.0008383635144197932,0.5568024589994544,0.5562535170408727,0.0005489419585816835,0.1169250023920927,0.11715314236898876,0.00022813997689605237,-0.0026233006064373733,0.005880413327749822,1.0017954976518906,0.9963341952049799,1.008597609238111,2000
KNeighbors,individual,KNeighbors,raw,Cached fitted individual; sigmoid fitted to cached training OOF,raw_fixed,4,0.5,fixed 0.5,7,CV17_THY_CONT,Hypertension,single variable,cardiovascular,1,0.7063464648956876,0.7027017393783861,0.0036447255173015503,0.8055122401073105,0.7950243125419182,0.010487927565392297,0.5386758931409478,0.5314900062532472,0.00718588688770061,0.1499207685451123,0.15409764415603455,0.004176875610922254,-0.018376216745632817,0.025123858010362446,1.0051867318850323,0.9741472059464217,1.0361874157128852,2000
KNeighbors,individual,KNeighbors,raw,Cached fitted individual; sigmoid fitted to cached training OOF,raw_threshold,4,0.59,own validation,7,CV17_THY_CONT,Hypertension,single variable,cardiovascular,1,0.6881589091885617,0.7016636597005895,-0.013504750512027819,0.8055122401073105,0.7950243125419182,0.010487927565392297,0.5386758931409478,0.5314900062532472,0.00718588688770061,0.1499207685451123,0.15409764415603455,0.004176875610922254,-0.03775414021864179,0.009668546571021173,0.9807532422046904,0.9472999877631254,1.0143408142877688,2000
KNeighbors,individual,KNeighbors,sigmoid,Cached fitted individual; sigmoid fitted to cached training OOF,sigmoid,5,0.30999999999999994,own validation,7,CV17_THY_CONT,Hypertension,single variable,cardiovascular,1,0.6881589091885617,0.7016636597005895,-0.013504750512027819,0.8055122401073105,0.7950243125419182,0.010487927565392297,0.5386758931409478,0.5314900062532472,0.00718588688770061,0.12173341907432166,0.12322495721296269,0.0014915381386410298,-0.03775414021864179,0.009668546571021173,0.9807532422046904,0.9472999877631254,1.0143408142877688,2000
RandomForest,individual,RandomForest,raw,Cached fitted individual; sigmoid fitted to cached training OOF,raw_fixed,6,0.5,fixed 0.5,7,CV17_THY_CONT,Hypertension,single variable,cardiovascular,1,0.7491346656217346,0.7455508751306166,0.0035837904911180107,0.8410127431254192,0.8391767270288397,0.0018360160965794625,0.6356546074048491,0.6286971793570499,0.006957428047799197,0.12209730025536963,0.12388681099716053,0.0017895107417909006,-0.0015299252403534718,0.01082180383939857,1.0048069026684332,0.9979927151619584,1.014576708721151,2000
RandomForest,individual,RandomForest,raw,Cached fitted individual; sigmoid fitted to cached training OOF,raw_threshold,6,0.5299999999999999,own validation,7,CV17_THY_CONT,Hypertension,single variable,cardiovascular,1,0.74400817251728,0.7414000710344171,0.0026081014828629456,0.8410127431254192,0.8391767270288397,0.0018360160965794625,0.6356546074048491,0.6286971793570499,0.006957428047799197,0.12209730025536963,0.12388681099716053,0.0017895107417909006,-0.005587072066246063,0.010195218368116678,1.0035178058173424,0.9926359709022936,1.0138770671581565,2000
RandomForest,individual,RandomForest,sigmoid,Cached fitted individual; sigmoid fitted to cached training OOF,sigmoid,7,0.37999999999999995,own validation,7,CV17_THY_CONT,Hypertension,single variable,cardiovascular,1,0.7452590842555569,0.7426374232705704,0.002621660984986507,0.8410127431254192,0.8391767270288397,0.0018360160965794625,0.6356546074048491,0.6286971793570499,0.006957428047799197,0.10692705464634006,0.10779174686345387,0.0008646922171138133,-0.0055757829244790225,0.010149418205782235,1.0035302031689175,0.9926963964098348,1.013850232735962,2000
AdaBoost,individual,AdaBoost,raw,Cached fitted individual; sigmoid fitted to cached training OOF,raw_fixed,8,0.5,fixed 0.5,7,CV17_THY_CONT,Hypertension,single variable,cardiovascular,1,0.7035592443093917,0.7035592443093917,0.0,0.8369634473507713,0.8369634473507713,0.0,0.5904214779938294,0.5904214779938294,0.0,0.1861595753416243,0.1861595753416243,0.0,0.0,0.0,1.0,1.0,1.0,2000
AdaBoost,individual,AdaBoost,raw,Cached fitted individual; sigmoid fitted to cached training OOF,raw_threshold,8,0.58,own validation,7,CV17_THY_CONT,Hypertension,single variable,cardiovascular,1,0.7308812260536399,0.7308812260536399,0.0,0.8369634473507713,0.8369634473507713,0.0,0.5904214779938294,0.5904214779938294,0.0,0.1861595753416243,0.1861595753416243,0.0,0.0,0.0,1.0,1.0,1.0,2000
AdaBoost,individual,AdaBoost,sigmoid,Cached fitted individual; sigmoid fitted to cached training OOF,sigmoid,9,0.4099999999999999,own validation,7,CV17_THY_CONT,Hypertension,single variable,cardiovascular,1,0.7293557557283282,0.7293557557283282,0.0,0.8369634473507713,0.8369634473507713,0.0,0.5904214779938294,0.5904214779938294,0.0,0.11138800805411916,0.11138800805411916,0.0,0.0,0.0,1.0,1.0,1.0,2000
MLP,individual,MLP,raw,Cached fitted individual; sigmoid fitted to cached training OOF,raw_fixed,10,0.5,fixed 0.5,7,CV17_THY_CONT,Hypertension,single variable,cardiovascular,1,0.7086712317698171,0.7108231378736539,-0.0021519061038368648,0.8466968477531858,0.8450955734406439,0.0016012743125418671,0.6105382221434775,0.6100731681560647,0.00046505398741281123,0.15329636532074958,0.15469976513302217,0.0014033998122725821,-0.012593600309354056,0.008355716503784591,0.9969726560811258,0.9823025005003595,1.0119600853837432,2000
MLP,individual,MLP,raw,Cached fitted individual; sigmoid fitted to cached training OOF,raw_threshold,10,0.6799999999999999,own validation,7,CV17_THY_CONT,Hypertension,single variable,cardiovascular,1,0.7489136160834274,0.7554317548746519,-0.006518138791224426,0.8466968477531858,0.8450955734406439,0.0016012743125418671,0.6105382221434775,0.6100731681560647,0.00046505398741281123,0.15329636532074958,0.15469976513302217,0.0014033998122725821,-0.018853265362626808,0.0062720960381963346,0.9913716378095517,0.975137152696793,1.0083688773308648,2000
MLP,individual,MLP,sigmoid,Cached fitted individual; sigmoid fitted to cached training OOF,sigmoid,11,0.31999999999999995,own validation,7,CV17_THY_CONT,Hypertension,single variable,cardiovascular,1,0.7574482553444686,0.750206910821436,0.0072413445230326,0.8466968477531858,0.8450955734406439,0.0016012743125418671,0.6105382221434775,0.6100731681560647,0.00046505398741281123,0.11299743818759635,0.11323250061895691,0.00023506243136056648,-0.006097149067487787,0.02149832008372737,1.0096524630986186,0.9918152626919976,1.0293591355514191,2000
GradientBoosting,individual,GradientBoosting,raw,Cached fitted individual; sigmoid fitted to cached training OOF,raw_fixed,12,0.5,fixed 0.5,7,CV17_THY_CONT,Hypertension,single variable,cardiovascular,1,0.7196397818599312,0.7097520661157025,0.009887715744228642,0.840627095908786,0.8377012072434608,0.0029258886653252825,0.6218609666423225,0.6138050755773639,0.008055891064958631,0.13797559292209854,0.14355026401090318,0.005574671088804634,0.0043114799417614145,0.017186923777134697,1.0139312250238899,1.006092415634987,1.0245136444247067,2000
GradientBoosting,individual,GradientBoosting,raw,Cached fitted individual; sigmoid fitted to cached training OOF,raw_threshold,12,0.6599999999999999,own validation,7,CV17_THY_CONT,Hypertension,single variable,cardiovascular,1,0.7604147716936511,0.7570925553319919,0.0033222163616591915,0.840627095908786,0.8377012072434608,0.0029258886653252825,0.6218609666423225,0.6138050755773639,0.008055891064958631,0.13797559292209854,0.14355026401090318,0.005574671088804634,-0.009870400453295264,0.01493358904692998,1.0043881244614832,0.9868283107147248,1.0194847254238504,2000
GradientBoosting,individual,GradientBoosting,sigmoid,Cached fitted individual; sigmoid fitted to cached training OOF,sigmoid,13,0.37999999999999995,own validation,7,CV17_THY_CONT,Hypertension,single variable,cardiovascular,1,0.7579298142781161,0.7546945077567826,0.0032353065213335253,0.840627095908786,0.8377012072434608,0.0029258886653252825,0.6218609666423225,0.6138050755773639,0.008055891064958631,0.10818765827236983,0.10958368542846378,0.0013960271560939513,-0.009873410217587864,0.014895312427515978,1.0042869087930029,0.9867768013427191,1.019429747516316,2000
XGBoost,individual,XGBoost,raw,Cached fitted individual; sigmoid fitted to cached training OOF,raw_fixed,14,0.5,fixed 0.5,7,CV17_THY_CONT,Hypertension,single variable,cardiovascular,1,0.7340850209815728,0.7306990244778263,0.003385996503746491,0.8427649228705567,0.8421529175050302,0.0006120053655265245,0.6207142319116041,0.615905142923677,0.00480908898792709,0.142721285120714,0.13877346591534367,-0.003947819205370323,-0.008140186024572971,0.016062482872655597,1.004633914088179,0.9888926693255672,1.0220325529982757,2000
XGBoost,individual,XGBoost,raw,Cached fitted individual; sigmoid fitted to cached training OOF,raw_threshold,14,0.6,own validation,7,CV17_THY_CONT,Hypertension,single variable,cardiovascular,1,0.7375657580105213,0.7401462395543175,-0.002580481543796198,0.8427649228705567,0.8421529175050302,0.0006120053655265245,0.6207142319116041,0.615905142923677,0.00480908898792709,0.142721285120714,0.13877346591534367,-0.003947819205370323,-0.011428368044478568,0.007101241599602372,0.996513551774106,0.9846187608571814,1.0097279088690068,2000
XGBoost,individual,XGBoost,sigmoid,Cached fitted individual; sigmoid fitted to cached training OOF,sigmoid,15,0.36999999999999994,own validation,7,CV17_THY_CONT,Hypertension,single variable,cardiovascular,1,0.738826364323119,0.74400817251728,-0.0051818081941610306,0.8427649228705567,0.8421529175050302,0.0006120053655265245,0.6207142319116041,0.615905142923677,0.00480908898792709,0.10779122172922385,0.10845091756089562,0.000659695831671761,-0.014965465915981038,0.004728928775583961,0.9930352805445283,0.9801216900696943,1.0063576856197467,2000
paper,voting,"LogisticRegression,RandomForest,AdaBoost",raw,models/predictive_sensitivity/h7_CV17_THY_CONT_paper.joblib,raw_fixed,16,0.5,fixed 0.5,7,CV17_THY_CONT,Hypertension,single variable,cardiovascular,1,0.7329425928388122,0.7252254452373845,0.007717147601427721,0.8474765258215963,0.846244131455399,0.0012323943661972647,0.6249100841759544,0.6212038663844105,0.0037062177915438976,0.14916737933582,0.15008481089125666,0.0009174315554366652,0.0011217808627320414,0.015549859317178833,1.010641032594908,1.0015425491043415,1.0215850351104125,2000
paper,voting,"LogisticRegression,RandomForest,AdaBoost",raw,models/predictive_sensitivity/h7_CV17_THY_CONT_paper.joblib,raw_threshold,16,0.38999999999999996,saved voting threshold (also applied to raw),7,CV17_THY_CONT,Hypertension,single variable,cardiovascular,1,0.661069806744196,0.6620585259730875,-0.0009887192288914326,0.8474765258215963,0.846244131455399,0.0012323943661972647,0.6249100841759544,0.6212038663844105,0.0037062177915438976,0.14916737933582,0.15008481089125666,0.0009174315554366652,-0.006887412035242987,0.004900774851354025,0.9985065984499811,0.9896612702384652,1.007404129583452,2000
paper,voting,"LogisticRegression,RandomForest,AdaBoost",sigmoid,models/predictive_sensitivity/h7_CV17_THY_CONT_paper.joblib,sigmoid,17,0.38999999999999996,saved voting threshold (also applied to raw),7,CV17_THY_CONT,Hypertension,single variable,cardiovascular,1,0.7596902502253029,0.7545418151157511,0.005148435109551763,0.8474765258215963,0.846244131455399,0.0012323943661972647,0.6249100841759544,0.6212038663844105,0.0037062177915438976,0.10681940292729272,0.10737979739356426,0.000560394466271541,0.0,0.013087455287814452,1.0068232601645304,1.0,1.017562805242588,2000
paper_locked,voting,"LogisticRegression,RandomForest,AdaBoost",raw,models/final_h7_CV17_THY_CONT_paper_locked.joblib,raw_fixed,18,0.5,fixed 0.5,7,CV17_THY_CONT,Hypertension,single variable,cardiovascular,1,0.7281870738748857,0.7246079270031366,0.003579146871749095,0.8466381623071764,0.8445590207914152,0.0020791415157611626,0.6220693480215564,0.6164936801075281,0.005575667914028304,0.1566021485441328,0.15910129962118533,0.002499151077052536,-0.004104681995307308,0.010901310915070331,1.0049394254994586,0.9943775653701907,1.0154285080039382,2000
paper_locked,voting,"LogisticRegression,RandomForest,AdaBoost",raw,models/final_h7_CV17_THY_CONT_paper_locked.joblib,raw_threshold,18,0.43999999999999995,saved voting threshold (also applied to raw),7,CV17_THY_CONT,Hypertension,single variable,cardiovascular,1,0.6898933929555102,0.6865737882062365,0.00331960474927373,0.8466381623071764,0.8445590207914152,0.0020791415157611626,0.6220693480215564,0.6164936801075281,0.005575667914028304,0.1566021485441328,0.15910129962118533,0.002499151077052536,-0.003936000856033359,0.0108057946214981,1.004835029834079,0.9942683858760505,1.0154955571568702,2000
paper_locked,voting,"LogisticRegression,RandomForest,AdaBoost",sigmoid,models/final_h7_CV17_THY_CONT_paper_locked.joblib,sigmoid,19,0.43999999999999995,saved voting threshold (also applied to raw),7,CV17_THY_CONT,Hypertension,single variable,cardiovascular,1,0.7243328100470958,0.7245655870913263,-0.00023277704423052548,0.8466381623071764,0.8445590207914152,0.0020791415157611626,0.6220693480215564,0.6164936801075281,0.005575667914028304,0.10735395528864841,0.10808147885436468,0.0007275235657162732,-0.011278714033885919,0.009578518616235442,0.9996787357164381,0.9847189370568057,1.0134513346163068,2000
own,stacking,"LogisticRegression,KNeighbors,AdaBoost",raw,models/stacking_sensitivity/h7_CV17_THY_CONT_own.joblib,raw_fixed,20,0.5,fixed 0.5,7,CV17_THY_CONT,Hypertension,single variable,cardiovascular,1,0.7036772224208319,0.7011045261967771,0.00257269622405476,0.8452045606975185,0.8438128772635815,0.0013916834339370299,0.6027119778421592,0.59903782764303,0.0036741501991292003,0.10917993345567255,0.10973134146242348,0.0005514080067509364,-0.010427047896460626,0.015154548141873316,1.0036694902513477,0.9851489311709418,1.0217054818239975,2000
own,stacking,"LogisticRegression,KNeighbors,AdaBoost",raw,models/stacking_sensitivity/h7_CV17_THY_CONT_own.joblib,raw_threshold,20,0.33999999999999997,saved stacking threshold,7,CV17_THY_CONT,Hypertension,single variable,cardiovascular,1,0.7554362964476055,0.751641864469315,0.0037944319782904357,0.8452045606975185,0.8438128772635815,0.0013916834339370299,0.6027119778421592,0.59903782764303,0.0036741501991292003,0.10917993345567255,0.10973134146242348,0.0005514080067509364,-0.004979450757149139,0.013748667023199292,1.0050481913763138,0.9933841524726315,1.0184471519909415,2000
own,stacking,"LogisticRegression,KNeighbors,AdaBoost",sigmoid,models/stacking_sensitivity/h7_CV17_THY_CONT_own.joblib,sigmoid,21,0.32999999999999996,saved stacking threshold,7,CV17_THY_CONT,Hypertension,single variable,cardiovascular,1,0.7554362964476055,0.751641864469315,0.0037944319782904357,0.8452045606975185,0.8438128772635815,0.0013916834339370299,0.6027119778421592,0.59903782764303,0.0036741501991292003,0.10921388840861973,0.10974607453115576,0.0005321861225360269,-0.004979450757149139,0.013748667023199292,1.0050481913763138,0.9933841524726315,1.0184471519909415,2000
own,stacking,"LogisticRegression,KNeighbors,AdaBoost",isotonic,models/stacking_sensitivity/h7_CV17_THY_CONT_own.joblib,isotonic,22,0.33999999999999997,saved stacking threshold,7,CV17_THY_CONT,Hypertension,single variable,cardiovascular,1,0.756166353170578,0.7504736642667678,0.00569268890381025,0.8448608316566063,0.8410546613011401,0.003806170355466154,0.5843766539391511,0.5777263519620552,0.006650301977095818,0.11066089189702547,0.11169614212948212,0.0010352502324566526,-0.0024733160286822794,0.01500945784523463,1.007585461255822,0.9966915819933934,1.0200650429068048,2000
same_baseline,stacking,"KNeighbors,RandomForest,AdaBoost,MLP",raw,models/stacking_sensitivity/h7_CV17_THY_CONT_same_baseline.joblib,raw_fixed,23,0.5,fixed 0.5,7,CV17_THY_CONT,Hypertension,single variable,cardiovascular,1,0.7046565588361673,0.7132797250015346,-0.00862316616536729,0.8468226022803488,0.844592555331992,0.002230046948356823,0.6266442551545337,0.6221708035898723,0.00447345156466139,0.10694711012065376,0.10768512768563143,0.0007380175649776693,-0.019368707802656846,-0.0012494899874284013,0.9879105407554536,0.9725959439076491,0.9982029096301345,2000
same_baseline,stacking,"KNeighbors,RandomForest,AdaBoost,MLP",raw,models/stacking_sensitivity/h7_CV17_THY_CONT_same_baseline.joblib,raw_threshold,23,0.38999999999999996,saved stacking threshold,7,CV17_THY_CONT,Hypertension,single variable,cardiovascular,1,0.7542358796721512,0.7530239099859353,0.0012119696862159524,0.8468226022803488,0.844592555331992,0.002230046948356823,0.6266442551545337,0.6221708035898723,0.00447345156466139,0.10694711012065376,0.10768512768563143,0.0007380175649776693,-0.009606026579875759,0.012323857315108638,1.0016094703901748,0.9873930909046044,1.0165353581365593,2000
same_baseline,stacking,"KNeighbors,RandomForest,AdaBoost,MLP",sigmoid,models/stacking_sensitivity/h7_CV17_THY_CONT_same_baseline.joblib,sigmoid,24,0.3999999999999999,saved stacking threshold,7,CV17_THY_CONT,Hypertension,single variable,cardiovascular,1,0.7545418151157511,0.7571230982019364,-0.0025812830861852154,0.8468226022803488,0.844592555331992,0.002230046948356823,0.6266442551545337,0.6221708035898723,0.00447345156466139,0.106977825803903,0.10769505414351588,0.0007172283396128798,-0.012271883208790524,0.006517904647905587,0.9965906692157254,0.983759689727763,1.0086570746387433,2000
same_baseline,stacking,"KNeighbors,RandomForest,AdaBoost,MLP",isotonic,models/stacking_sensitivity/h7_CV17_THY_CONT_same_baseline.joblib,isotonic,25,0.32999999999999996,saved stacking threshold,7,CV17_THY_CONT,Hypertension,single variable,cardiovascular,1,0.7498623008110008,0.7521345537355475,-0.0022722529245466916,0.8466339704896043,0.8433727364185111,0.003261234071093244,0.6078162488237903,0.5994392564895241,0.008376992334266142,0.10763459558478214,0.10892052757052234,0.0012859319857402018,-0.017085677004434963,0.01149710095777383,0.9969789276223764,0.977446635028787,1.0154580470809937,2000
locked_baseline,stacking,"KNeighbors,RandomForest,AdaBoost,MLP",raw,models/stacking_sensitivity/h7_CV17_THY_CONT_locked_baseline.joblib,raw_fixed,26,0.5,fixed 0.5,7,CV17_THY_CONT,Hypertension,single variable,cardiovascular,1,0.7294088812205308,0.7325090738115286,-0.003100192590997808,0.8484657947686117,0.8456740442655936,0.0027917505030181644,0.6414093765224447,0.6348956179724198,0.006513758550024895,0.10521713348319792,0.10619233625636404,0.0009752027731661228,-0.015896651488146025,0.008803234454349723,0.9957677075932093,0.9786137945740073,1.0123415626592558,2000
locked_baseline,stacking,"KNeighbors,RandomForest,AdaBoost,MLP",raw,models/stacking_sensitivity/h7_CV17_THY_CONT_locked_baseline.joblib,raw_threshold,26,0.48999999999999994,saved stacking threshold,7,CV17_THY_CONT,Hypertension,single variable,cardiovascular,1,0.7309705048555402,0.7368631368631369,-0.00589263200759671,0.8484657947686117,0.8456740442655936,0.0027917505030181644,0.6414093765224447,0.6348956179724198,0.006513758550024895,0.10521713348319792,0.10619233625636404,0.0009752027731661228,-0.021110660817424243,0.009218569137650708,0.9920030848161547,0.9715470149956883,1.0126660450944498,2000
locked_baseline,stacking,"KNeighbors,RandomForest,AdaBoost,MLP",sigmoid,models/stacking_sensitivity/h7_CV17_THY_CONT_locked_baseline.joblib,sigmoid,27,0.48999999999999994,saved stacking threshold,7,CV17_THY_CONT,Hypertension,single variable,cardiovascular,1,0.7294088812205308,0.7311696264543784,-0.001760745233847616,0.8484657947686117,0.8456740442655936,0.0027917505030181644,0.6414093765224447,0.6348956179724198,0.006513758550024895,0.10516829882784544,0.10609884120846019,0.0009305423806147545,-0.013837017717115355,0.010212062811289148,0.9975918785872084,0.9811383448484412,1.013918081466213,2000
locked_baseline,stacking,"KNeighbors,RandomForest,AdaBoost,MLP",isotonic,models/stacking_sensitivity/h7_CV17_THY_CONT_locked_baseline.joblib,isotonic,28,0.42999999999999994,saved stacking threshold,7,CV17_THY_CONT,Hypertension,single variable,cardiovascular,1,0.7278237075983138,0.7296303780902066,-0.001806670491892759,0.8465459423205902,0.8443284708249497,0.002217471495640555,0.6069580639148737,0.6003848686110849,0.006573195303788859,0.10696678701552328,0.10757262029255109,0.0006058332770278035,-0.0140671469786144,0.010258575977403261,0.9975238551653761,0.9809018301443357,1.014173626269134,2000
paper,stacking,"LogisticRegression,RandomForest,AdaBoost",raw,models/stacking_sensitivity/h7_CV17_THY_CONT_paper.joblib,raw_fixed,29,0.5,fixed 0.5,7,CV17_THY_CONT,Hypertension,single variable,cardiovascular,1,0.7089681419188509,0.7059408768974655,0.0030272650213853947,0.8476190476190476,0.8464872568745808,0.0011317907444667874,0.6237386907226503,0.6210906428773169,0.0026480478453334566,0.10684277418145065,0.10742381212126124,0.0005810379398105969,-0.007840529642834614,0.014957649232154637,1.0042882699110582,0.98897057500255,1.0206993646956284,2000
paper,stacking,"LogisticRegression,RandomForest,AdaBoost",raw,models/stacking_sensitivity/h7_CV17_THY_CONT_paper.joblib,raw_threshold,29,0.3999999999999999,saved stacking threshold,7,CV17_THY_CONT,Hypertension,single variable,cardiovascular,1,0.7571230982019364,0.7571230982019364,0.0,0.8476190476190476,0.8464872568745808,0.0011317907444667874,0.6237386907226503,0.6210906428773169,0.0026480478453334566,0.10684277418145065,0.10742381212126124,0.0005810379398105969,-0.00373944560676584,0.003977637272822678,1.0,0.9949208026107869,1.0052602112647777,2000
paper,stacking,"LogisticRegression,RandomForest,AdaBoost",sigmoid,models/stacking_sensitivity/h7_CV17_THY_CONT_paper.joblib,sigmoid,30,0.38999999999999996,saved stacking threshold,7,CV17_THY_CONT,Hypertension,single variable,cardiovascular,1,0.7571230982019364,0.7545418151157511,0.0025812830861852154,0.8476190476190476,0.8464872568745808,0.0011317907444667874,0.6237386907226503,0.6210906428773169,0.0026480478453334566,0.10691330488299498,0.10746920218425231,0.0005558973012573243,-0.002651592408608838,0.009742922078401132,1.0034209940847205,0.99648832651781,1.0129819467775403,2000
paper,stacking,"LogisticRegression,RandomForest,AdaBoost",isotonic,models/stacking_sensitivity/h7_CV17_THY_CONT_paper.joblib,isotonic,31,0.3499999999999999,saved stacking threshold,7,CV17_THY_CONT,Hypertension,single variable,cardiovascular,1,0.7531190566334336,0.7544481142126571,-0.0013290575792235249,0.8453093561368209,0.8442362508383635,0.0010731052984573886,0.6000089471701715,0.5956214963388153,0.0043874508313561655,0.10818818153761928,0.1087404217624595,0.0005522402248402253,-0.006342299516314989,0.00271122618935424,0.9982383711295898,0.9914935015936004,1.0035926646110889,2000
same_members_reselected_C,stacking,"KNeighbors,RandomForest,AdaBoost,MLP",raw,cache/classification_explainability/prepared_h7_CV17_THY_CONT.joblib,raw_fixed,32,0.5,fixed 0.5,7,CV17_THY_CONT,Hypertension,single variable,cardiovascular,1,0.6911228376548599,0.6955671133720562,-0.0044442757171963,0.8478286384976526,0.8456321260898726,0.0021965124077799603,0.6291219667126018,0.623893601129296,0.00522836558330575,0.10710668881529546,0.10788964291952999,0.0007829541042345262,-0.012879913762433281,0.0,0.9936105723922876,0.9816746895236447,1.0,2000
same_members_reselected_C,stacking,"KNeighbors,RandomForest,AdaBoost,MLP",raw,cache/classification_explainability/prepared_h7_CV17_THY_CONT.joblib,raw_threshold,32,0.36999999999999994,saved reselected-C validation threshold,7,CV17_THY_CONT,Hypertension,single variable,cardiovascular,1,0.7617419431871222,0.7554317548746519,0.006310188312470322,0.8478286384976526,0.8456321260898726,0.0021965124077799603,0.6291219667126018,0.623893601129296,0.00522836558330575,0.10710668881529546,0.10788964291952999,0.0007829541042345262,-0.004802146260148404,0.018489304475161884,1.0083530885109766,0.9935352569664277,1.0245254062721474,2000
same_members_reselected_C,stacking,"KNeighbors,RandomForest,AdaBoost,MLP",sigmoid,cache/classification_explainability/prepared_h7_CV17_THY_CONT.joblib,sigmoid,33,0.35999999999999993,saved reselected-C validation threshold,7,CV17_THY_CONT,Hypertension,single variable,cardiovascular,1,0.7511422092865845,0.7524269889224572,-0.0012847796358727015,0.8478286384976526,0.8456321260898726,0.0021965124077799603,0.6291219667126018,0.623893601129296,0.00522836558330575,0.10661452685674429,0.10748746662345303,0.0008729397667087413,-0.010300361927830255,0.007456278697504628,0.9982924859756658,0.9863246237240775,1.0102316405919467,2000
same_members_reselected_C,stacking,"KNeighbors,RandomForest,AdaBoost,MLP",isotonic,cache/classification_explainability/prepared_h7_CV17_THY_CONT.joblib,isotonic,34,0.33999999999999997,saved reselected-C validation threshold,7,CV17_THY_CONT,Hypertension,single variable,cardiovascular,1,0.7556737369364912,0.7570069455053481,-0.0013332085688568807,0.8462692823608317,0.8440350435949028,0.0022342387659288754,0.6070559198389371,0.6044230308776082,0.0026328889613289608,0.10824084444828577,0.1084877664056718,0.00024692195738602873,-0.01511524169518547,0.01338970888769456,0.9982388423557107,0.9800576302316473,1.018038183210497,2000
LogisticRegression,individual,LogisticRegression,raw,Cached fitted individual; sigmoid fitted to cached training OOF,raw_fixed,0,0.5,fixed 0.5,7,CV17_THY_CONT,Dyslipidemia,single variable,cardiovascular,1,0.7027203218095723,0.7118428442856466,-0.009122522476074257,0.8415828303152246,0.8364101274312542,0.005172702883970426,0.586842265981418,0.5752131092124806,0.011629156768937388,0.16219265113101544,0.16488558133143721,0.0026929302004217726,-0.024591255823788953,0.005296166473141458,0.9871846397708346,0.9658258427084601,1.007537542600632,2000
LogisticRegression,individual,LogisticRegression,raw,Cached fitted individual; sigmoid fitted to cached training OOF,raw_threshold,0,0.6399999999999999,own validation,7,CV17_THY_CONT,Dyslipidemia,single variable,cardiovascular,1,0.7426812986420919,0.7361367513642372,0.006544547277854695,0.8415828303152246,0.8364101274312542,0.005172702883970426,0.586842265981418,0.5752131092124806,0.011629156768937388,0.16219265113101544,0.16488558133143721,0.0026929302004217726,-0.01957248540947872,0.032034730030165666,1.0088903960653046,0.9738048673620544,1.0443606677472512,2000
LogisticRegression,individual,LogisticRegression,sigmoid,Cached fitted individual; sigmoid fitted to cached training OOF,sigmoid,1,0.38999999999999996,own validation,7,CV17_THY_CONT,Dyslipidemia,single variable,cardiovascular,1,0.7361367513642372,0.7288906355266113,0.0072461158376259105,0.8415828303152246,0.8364101274312542,0.005172702883970426,0.586842265981418,0.5752131092124806,0.011629156768937388,0.11137008767811421,0.1132808445445732,0.0019107568664589875,-0.013703031296226265,0.028831806656917317,1.009941293637818,0.9812969190322002,1.040229873402567,2000
SVC,individual,SVC,raw,Cached fitted individual; sigmoid fitted to cached training OOF,raw_fixed,2,0.5,fixed 0.5,7,CV17_THY_CONT,Dyslipidemia,single variable,cardiovascular,1,0.7011045261967771,0.669226924999039,0.03187760119773808,0.8283702213279678,0.8221160295103958,0.00625419181757203,0.5568024589994544,0.545833512551605,0.010968946447849404,0.11715140617654654,0.11950958922261186,0.002358183046065318,0.010992203421989538,0.055496511906563246,1.0476334708107924,1.0161786536569961,1.0851728340719267,2000
SVC,individual,SVC,raw,Cached fitted individual; sigmoid fitted to cached training OOF,raw_threshold,2,0.37999999999999995,own validation,7,CV17_THY_CONT,Dyslipidemia,single variable,cardiovascular,1,0.716891790418474,0.7110930809105251,0.005798709507948807,0.8283702213279678,0.8221160295103958,0.00625419181757203,0.5568024589994544,0.545833512551605,0.010968946447849404,0.11715140617654654,0.11950958922261186,0.002358183046065318,-0.015543404155922948,0.028503447289265495,1.008154642006253,0.9783872640078977,1.041360674750699,2000
SVC,individual,SVC,sigmoid,Cached fitted individual; sigmoid fitted to cached training OOF,sigmoid,3,0.4099999999999999,own validation,7,CV17_THY_CONT,Dyslipidemia,single variable,cardiovascular,1,0.7072343406283659,0.6933653551745254,0.013868985453840521,0.8283702213279678,0.8221160295103958,0.00625419181757203,0.5568024589994544,0.545833512551605,0.010968946447849404,0.1169250023920927,0.11924048700150024,0.002315484609407531,-0.005059009679081161,0.03359307291737255,1.0200024205858247,0.9929081868598213,1.0488765453259363,2000
KNeighbors,individual,KNeighbors,raw,Cached fitted individual; sigmoid fitted to cached training OOF,raw_fixed,4,0.5,fixed 0.5,7,CV17_THY_CONT,Dyslipidemia,single variable,cardiovascular,1,0.7063464648956876,0.6956784660766961,0.010667998818991498,0.8055122401073105,0.809079476861167,-0.0035672367538565064,0.5386758931409478,0.5328371198305866,0.0058387733103612005,0.1499207685451123,0.14929262243197497,-0.0006281461131373289,-0.015039453158382537,0.037828564109347394,1.015334668728722,0.9786572729398113,1.0558888023002166,2000
KNeighbors,individual,KNeighbors,raw,Cached fitted individual; sigmoid fitted to cached training OOF,raw_threshold,4,0.59,own validation,7,CV17_THY_CONT,Dyslipidemia,single variable,cardiovascular,1,0.6881589091885617,0.6831370569389739,0.005021852249587844,0.8055122401073105,0.809079476861167,-0.0035672367538565064,0.5386758931409478,0.5328371198305866,0.0058387733103612005,0.1499207685451123,0.14929262243197497,-0.0006281461131373289,-0.020506558486808272,0.03033118402862328,1.0073511635748322,0.9703447609766429,1.0456644148958303,2000
KNeighbors,individual,KNeighbors,sigmoid,Cached fitted individual; sigmoid fitted to cached training OOF,sigmoid,5,0.30999999999999994,own validation,7,CV17_THY_CONT,Dyslipidemia,single variable,cardiovascular,1,0.6881589091885617,0.6831370569389739,0.005021852249587844,0.8055122401073105,0.809079476861167,-0.0035672367538565064,0.5386758931409478,0.5328371198305866,0.0058387733103612005,0.12173341907432166,0.1226364034273099,0.0009029843529882453,-0.020506558486808272,0.03033118402862328,1.0073511635748322,0.9703447609766429,1.0456644148958303,2000
RandomForest,individual,RandomForest,raw,Cached fitted individual; sigmoid fitted to cached training OOF,raw_fixed,6,0.5,fixed 0.5,7,CV17_THY_CONT,Dyslipidemia,single variable,cardiovascular,1,0.7491346656217346,0.7299363224062669,0.01919834321546765,0.8410127431254192,0.8324614352783367,0.008551307847082468,0.6356546074048491,0.5984098515654902,0.037244755839358934,0.12209730025536963,0.12224168710517062,0.00014438684980098981,-0.0008195955922906893,0.04017457737408215,1.0263013945547736,0.9988985304752299,1.0566735490089982,2000
RandomForest,individual,RandomForest,raw,Cached fitted individual; sigmoid fitted to cached training OOF,raw_threshold,6,0.5299999999999999,own validation,7,CV17_THY_CONT,Dyslipidemia,single variable,cardiovascular,1,0.74400817251728,0.7108717128475326,0.03313645966974743,0.8410127431254192,0.8324614352783367,0.008551307847082468,0.6356546074048491,0.5984098515654902,0.037244755839358934,0.12209730025536963,0.12224168710517062,0.00014438684980098981,0.009407876198704734,0.05844089470582923,1.0466138391370405,1.0128392170396594,1.0844678489713029,2000
RandomForest,individual,RandomForest,sigmoid,Cached fitted individual; sigmoid fitted to cached training OOF,sigmoid,7,0.37999999999999995,own validation,7,CV17_THY_CONT,Dyslipidemia,single variable,cardiovascular,1,0.7452590842555569,0.7108717128475326,0.03438737140802428,0.8410127431254192,0.8324614352783367,0.008551307847082468,0.6356546074048491,0.5984098515654902,0.037244755839358934,0.10692705464634006,0.11171395660543933,0.004786901959099268,0.009981108449074993,0.06043634716694049,1.0483735261743348,1.0137306234389993,1.0868967625962824,2000
AdaBoost,individual,AdaBoost,raw,Cached fitted individual; sigmoid fitted to cached training OOF,raw_fixed,8,0.5,fixed 0.5,7,CV17_THY_CONT,Dyslipidemia,single variable,cardiovascular,1,0.7035592443093917,0.709323121450415,-0.0057638771410233325,0.8369634473507713,0.8355005030181086,0.0014629443326626967,0.5904214779938294,0.5817800912598291,0.008641386734000278,0.1861595753416243,0.18407118143897008,-0.002088393902654223,-0.01408565264747023,0.002216546545156535,0.9918741163699311,0.9804051333426805,1.003095946948903,2000
AdaBoost,individual,AdaBoost,raw,Cached fitted individual; sigmoid fitted to cached training OOF,raw_threshold,8,0.58,own validation,7,CV17_THY_CONT,Dyslipidemia,single variable,cardiovascular,1,0.7308812260536399,0.7249852086451118,0.005896017408528076,0.8369634473507713,0.8355005030181086,0.0014629443326626967,0.5904214779938294,0.5817800912598291,0.008641386734000278,0.1861595753416243,0.18407118143897008,-0.002088393902654223,-0.006692718016344051,0.01993384686306927,1.0081326037251805,0.9910462574472078,1.028439428818436,2000
AdaBoost,individual,AdaBoost,sigmoid,Cached fitted individual; sigmoid fitted to cached training OOF,sigmoid,9,0.4099999999999999,own validation,7,CV17_THY_CONT,Dyslipidemia,single variable,cardiovascular,1,0.7293557557283282,0.7150021169497107,0.014353638778617506,0.8369634473507713,0.8355005030181086,0.0014629443326626967,0.5904214779938294,0.5817800912598291,0.008641386734000278,0.11138800805411916,0.11217653697695829,0.0007885289228391212,-4.725346586350871e-05,0.029322577450141857,1.0200749598334784,0.9999375425454788,1.042141873958966,2000
MLP,individual,MLP,raw,Cached fitted individual; sigmoid fitted to cached training OOF,raw_fixed,10,0.5,fixed 0.5,7,CV17_THY_CONT,Dyslipidemia,single variable,cardiovascular,1,0.7086712317698171,0.711026115395542,-0.0023548836257248906,0.8466968477531858,0.8401659959758552,0.006530851777330593,0.6105382221434775,0.5983417197285763,0.012196502414901222,0.15329636532074958,0.15648326429648274,0.0031868989757331545,-0.02052176381892671,0.016347851239602994,0.9966880490396406,0.9715468817189017,1.0233132337167794,2000
MLP,individual,MLP,raw,Cached fitted individual; sigmoid fitted to cached training OOF,raw_threshold,10,0.6799999999999999,own validation,7,CV17_THY_CONT,Dyslipidemia,single variable,cardiovascular,1,0.7489136160834274,0.7505504652319057,-0.001636849148478281,0.8466968477531858,0.8401659959758552,0.006530851777330593,0.6105382221434775,0.5983417197285763,0.012196502414901222,0.15329636532074958,0.15648326429648274,0.0031868989757331545,-0.02838502567327581,0.025106695961671487,0.9978191351224164,0.9621941049023516,1.0339047559786176,2000
MLP,individual,MLP,sigmoid,Cached fitted individual; sigmoid fitted to cached training OOF,sigmoid,11,0.31999999999999995,own validation,7,CV17_THY_CONT,Dyslipidemia,single variable,cardiovascular,1,0.7574482553444686,0.7491649085794656,0.008283346765002975,0.8466968477531858,0.8401659959758552,0.006530851777330593,0.6105382221434775,0.5983417197285763,0.012196502414901222,0.11299743818759635,0.11538749281774996,0.0023900546301536124,-0.016392500360656287,0.03444704752529981,1.011056773575673,0.9783175162488924,1.0467826580410762,2000
GradientBoosting,individual,GradientBoosting,raw,Cached fitted individual; sigmoid fitted to cached training OOF,raw_fixed,12,0.5,fixed 0.5,7,CV17_THY_CONT,Dyslipidemia,single variable,cardiovascular,1,0.7196397818599312,0.7194644680972881,0.00017531376264301457,0.840627095908786,0.8358316566063045,0.004795439302481497,0.6218609666423225,0.6058377726126312,0.016023194029691323,0.13797559292209854,0.1334795678883727,-0.004496025033725842,-0.01165741976570002,0.013480240422990253,1.000243672579282,0.9837457370803085,1.019291071061773,2000
GradientBoosting,individual,GradientBoosting,raw,Cached fitted individual; sigmoid fitted to cached training OOF,raw_threshold,12,0.6599999999999999,own validation,7,CV17_THY_CONT,Dyslipidemia,single variable,cardiovascular,1,0.7604147716936511,0.7453965492243004,0.015018222469350695,0.840627095908786,0.8358316566063045,0.004795439302481497,0.6218609666423225,0.6058377726126312,0.016023194029691323,0.13797559292209854,0.1334795678883727,-0.004496025033725842,-0.002121167075725655,0.03320511145652496,1.0201479635034258,0.9972049447054532,1.0453421260280975,2000
GradientBoosting,individual,GradientBoosting,sigmoid,Cached fitted individual; sigmoid fitted to cached training OOF,sigmoid,13,0.37999999999999995,own validation,7,CV17_THY_CONT,Dyslipidemia,single variable,cardiovascular,1,0.7579298142781161,0.7453965492243004,0.01253326505381569,0.840627095908786,0.8358316566063045,0.004795439302481497,0.6218609666423225,0.6058377726126312,0.016023194029691323,0.10818765827236983,0.11046456109389155,0.002276902821521723,-0.004104199844134496,0.030358459217119882,1.0168142246792777,0.9946598043663106,1.0414328653463147,2000
XGBoost,individual,XGBoost,raw,Cached fitted individual; sigmoid fitted to cached training OOF,raw_fixed,14,0.5,fixed 0.5,7,CV17_THY_CONT,Dyslipidemia,single variable,cardiovascular,1,0.7340850209815728,0.7079842850312845,0.02610073595028828,0.8427649228705567,0.8417840375586855,0.000980885311871238,0.6207142319116041,0.6178301828829079,0.0028840490286962117,0.142721285120714,0.15351612548291896,0.01079484036220496,0.012968363338692095,0.040342268694657395,1.0368662645515287,1.0179579645598695,1.0573044362524535,2000
XGBoost,individual,XGBoost,raw,Cached fitted individual; sigmoid fitted to cached training OOF,raw_threshold,14,0.6,own validation,7,CV17_THY_CONT,Dyslipidemia,single variable,cardiovascular,1,0.7375657580105213,0.7312157131661442,0.006350044844377067,0.8427649228705567,0.8417840375586855,0.000980885311871238,0.6207142319116041,0.6178301828829079,0.0028840490286962117,0.142721285120714,0.15351612548291896,0.01079484036220496,-0.008418631982199323,0.02042531873775779,1.0086842291953513,0.9882524278099628,1.028722499466625,2000
XGBoost,individual,XGBoost,sigmoid,Cached fitted individual; sigmoid fitted to cached training OOF,sigmoid,15,0.36999999999999994,own validation,7,CV17_THY_CONT,Dyslipidemia,single variable,cardiovascular,1,0.738826364323119,0.7312157131661442,0.00761065115697479,0.8427649228705567,0.8417840375586855,0.000980885311871238,0.6207142319116041,0.6178301828829079,0.0028840490286962117,0.10779122172922385,0.10923641421293699,0.001445192483713137,-0.0073177805788290085,0.022259690693628743,1.010408216098121,0.9901534189917153,1.0305765444287538,2000
paper,voting,"LogisticRegression,RandomForest,AdaBoost",raw,models/predictive_sensitivity/h7_CV17_THY_CONT_paper.joblib,raw_fixed,16,0.5,fixed 0.5,7,CV17_THY_CONT,Dyslipidemia,single variable,cardiovascular,1,0.7329425928388122,0.7231219731951797,0.009820619643632567,0.8474765258215963,0.8425134138162307,0.004963112005365589,0.6249100841759544,0.604638959497296,0.020271124678658436,0.14916737933582,0.14903714818005093,-0.00013023115576907274,-0.004949471041693928,0.02507414896677193,1.0135808618845301,0.9931813202881742,1.0351200610540114,2000
paper,voting,"LogisticRegression,RandomForest,AdaBoost",raw,models/predictive_sensitivity/h7_CV17_THY_CONT_paper.joblib,raw_threshold,16,0.38999999999999996,saved voting threshold (also applied to raw),7,CV17_THY_CONT,Dyslipidemia,single variable,cardiovascular,1,0.661069806744196,0.6599477982655553,0.0011220084786407458,0.8474765258215963,0.8425134138162307,0.004963112005365589,0.6249100841759544,0.604638959497296,0.020271124678658436,0.14916737933582,0.14903714818005093,-0.00013023115576907274,-0.00964776285782874,0.01196561800398805,1.0017001473170901,0.9855682967384679,1.0183299487694772,2000
paper,voting,"LogisticRegression,RandomForest,AdaBoost",sigmoid,models/predictive_sensitivity/h7_CV17_THY_CONT_paper.joblib,sigmoid,17,0.38999999999999996,saved voting threshold (also applied to raw),7,CV17_THY_CONT,Dyslipidemia,single variable,cardiovascular,1,0.7596902502253029,0.7302041917361576,0.029486058489145317,0.8474765258215963,0.8425134138162307,0.004963112005365589,0.6249100841759544,0.604638959497296,0.020271124678658436,0.10681940292729272,0.11004088429179584,0.0032214813645031204,0.007369319232505558,0.05357275830368436,1.0403805659058711,1.009889189380981,1.075207899348215,2000
paper_locked,voting,"LogisticRegression,RandomForest,AdaBoost",raw,models/final_h7_CV17_THY_CONT_paper_locked.joblib,raw_fixed,18,0.5,fixed 0.5,7,CV17_THY_CONT,Dyslipidemia,single variable,cardiovascular,1,0.7281870738748857,0.7235192454156658,0.004667828459219869,0.8466381623071764,0.8412474849094568,0.00539067739771959,0.6220693480215564,0.6020346419537198,0.02003470606783664,0.1566021485441328,0.15637939484127647,-0.0002227537028563209,-0.010102723475732451,0.019418631800702787,1.0064515608794045,0.9863587036935245,1.026979149648729,2000
paper_locked,voting,"LogisticRegression,RandomForest,AdaBoost",raw,models/final_h7_CV17_THY_CONT_paper_locked.joblib,raw_threshold,18,0.43999999999999995,saved voting threshold (also applied to raw),7,CV17_THY_CONT,Dyslipidemia,single variable,cardiovascular,1,0.6898933929555102,0.6852255306723336,0.004667862283176616,0.8466381623071764,0.8412474849094568,0.00539067739771959,0.6220693480215564,0.6020346419537198,0.02003470606783664,0.1566021485441328,0.15637939484127647,-0.0002227537028563209,-0.007287709484540955,0.017852927129002355,1.0068121546472395,0.9896008847372966,1.026237020783331,2000
paper_locked,voting,"LogisticRegression,RandomForest,AdaBoost",sigmoid,models/final_h7_CV17_THY_CONT_paper_locked.joblib,sigmoid,19,0.43999999999999995,saved voting threshold (also applied to raw),7,CV17_THY_CONT,Dyslipidemia,single variable,cardiovascular,1,0.7243328100470958,0.7072314064896668,0.017101403557429062,0.8466381623071764,0.8412474849094568,0.00539067739771959,0.6220693480215564,0.6020346419537198,0.02003470606783664,0.10735395528864841,0.11029897959628923,0.00294502430764082,-0.005320863666615758,0.0409365913216585,1.0241807750624532,0.9928015309975665,1.0590222917642271,2000
own,stacking,"LogisticRegression,KNeighbors,AdaBoost",raw,models/stacking_sensitivity/h7_CV17_THY_CONT_own.joblib,raw_fixed,20,0.5,fixed 0.5,7,CV17_THY_CONT,Dyslipidemia,single variable,cardiovascular,1,0.7036772224208319,0.7000113890892525,0.0036658333315793268,0.8452045606975185,0.8425469483568075,0.0026576123407109353,0.6027119778421592,0.5930095026419058,0.009702475200253469,0.10917993345567255,0.11046593517207924,0.0012860017164066928,-0.015047493909914977,0.022618286175463652,1.0052368195556771,0.9788335325605263,1.0331557432876144,2000
own,stacking,"LogisticRegression,KNeighbors,AdaBoost",raw,models/stacking_sensitivity/h7_CV17_THY_CONT_own.joblib,raw_threshold,20,0.33999999999999997,saved stacking threshold,7,CV17_THY_CONT,Dyslipidemia,single variable,cardiovascular,1,0.7554362964476055,0.7460513078470825,0.009384988600522948,0.8452045606975185,0.8425469483568075,0.0026576123407109353,0.6027119778421592,0.5930095026419058,0.009702475200253469,0.10917993345567255,0.11046593517207924,0.0012860017164066928,-0.009700833047483282,0.028010277485633613,1.0125795484865587,0.9875203411836647,1.0380519620100301,2000
own,stacking,"LogisticRegression,KNeighbors,AdaBoost",sigmoid,models/stacking_sensitivity/h7_CV17_THY_CONT_own.joblib,sigmoid,21,0.32999999999999996,saved stacking threshold,7,CV17_THY_CONT,Dyslipidemia,single variable,cardiovascular,1,0.7554362964476055,0.743534105040018,0.011902191407587415,0.8452045606975185,0.8425469483568075,0.0026576123407109353,0.6027119778421592,0.5930095026419058,0.009702475200253469,0.10921388840861973,0.11058033790284137,0.0013664494942216415,-0.006820316243025476,0.030354158901390507,1.0160075930974906,0.9910793654284553,1.0415898665682375,2000
own,stacking,"LogisticRegression,KNeighbors,AdaBoost",isotonic,models/stacking_sensitivity/h7_CV17_THY_CONT_own.joblib,isotonic,22,0.33999999999999997,saved stacking threshold,7,CV17_THY_CONT,Dyslipidemia,single variable,cardiovascular,1,0.756166353170578,0.7464882011230487,0.00967815204752931,0.8448608316566063,0.8422954393024815,0.0025653923541247847,0.5843766539391511,0.5759144107720969,0.008462243167054129,0.11066089189702547,0.1115692492999117,0.0009083574028862368,-0.008254961437568634,0.028031992020427852,1.0129649096033522,0.989281860714222,1.0382822068341904,2000
same_baseline,stacking,"KNeighbors,RandomForest,AdaBoost,MLP",raw,models/stacking_sensitivity/h7_CV17_THY_CONT_same_baseline.joblib,raw_fixed,23,0.5,fixed 0.5,7,CV17_THY_CONT,Dyslipidemia,single variable,cardiovascular,1,0.7046565588361673,0.6859703444822547,0.0186862143539126,0.8468226022803488,0.84299128101945,0.003831321260898801,0.6266442551545337,0.6102070151824556,0.016437239972078133,0.10694711012065376,0.10957914427683382,0.0026320341561800603,-0.0006254325802469234,0.04064649223002347,1.0272405571235244,0.9990894804742897,1.0601663070691472,2000
same_baseline,stacking,"KNeighbors,RandomForest,AdaBoost,MLP",raw,models/stacking_sensitivity/h7_CV17_THY_CONT_same_baseline.joblib,raw_threshold,23,0.38999999999999996,saved stacking threshold,7,CV17_THY_CONT,Dyslipidemia,single variable,cardiovascular,1,0.7542358796721512,0.726281210158482,0.027954669513669206,0.8468226022803488,0.84299128101945,0.003831321260898801,0.6266442551545337,0.6102070151824556,0.016437239972078133,0.10694711012065376,0.10957914427683382,0.0026320341561800603,0.006472967750896341,0.051686857235786664,1.0384901455836497,1.008903940783636,1.0736084416306808,2000
same_baseline,stacking,"KNeighbors,RandomForest,AdaBoost,MLP",sigmoid,models/stacking_sensitivity/h7_CV17_THY_CONT_same_baseline.joblib,sigmoid,24,0.3999999999999999,saved stacking threshold,7,CV17_THY_CONT,Dyslipidemia,single variable,cardiovascular,1,0.7545418151157511,0.7271888482766964,0.02735296683905475,0.8468226022803488,0.84299128101945,0.003831321260898801,0.6266442551545337,0.6102070151824556,0.016437239972078133,0.106977825803903,0.1096417372166712,0.0026639114127681995,0.0035853766213015063,0.05165089554658498,1.037614667639467,1.004913640596281,1.0735793150826807,2000
same_baseline,stacking,"KNeighbors,RandomForest,AdaBoost,MLP",isotonic,models/stacking_sensitivity/h7_CV17_THY_CONT_same_baseline.joblib,isotonic,25,0.32999999999999996,saved stacking threshold,7,CV17_THY_CONT,Dyslipidemia,single variable,cardiovascular,1,0.7498623008110008,0.7375879043600563,0.012274396450944525,0.8466339704896043,0.8426475519785379,0.003986418511066403,0.6078162488237903,0.5920255675195931,0.01579068130419714,0.10763459558478214,0.10987892277093234,0.0022443271861501968,-0.008099761398030461,0.03375305854629949,1.0166412659133748,0.9891794483984016,1.0466465110289407,2000
locked_baseline,stacking,"KNeighbors,RandomForest,AdaBoost,MLP",raw,models/stacking_sensitivity/h7_CV17_THY_CONT_locked_baseline.joblib,raw_fixed,26,0.5,fixed 0.5,7,CV17_THY_CONT,Dyslipidemia,single variable,cardiovascular,1,0.7294088812205308,0.7000113890892525,0.02939749213127829,0.8484657947686117,0.8416331321260899,0.006832662642521803,0.6414093765224447,0.6147220647559204,0.02668731176652428,0.10521713348319792,0.10890048327501878,0.0036833497918208613,0.005718759855064393,0.05376674136251895,1.04199573405445,1.0081525993003329,1.0783548061168284,2000
locked_baseline,stacking,"KNeighbors,RandomForest,AdaBoost,MLP",raw,models/stacking_sensitivity/h7_CV17_THY_CONT_locked_baseline.joblib,raw_threshold,26,0.48999999999999994,saved stacking threshold,7,CV17_THY_CONT,Dyslipidemia,single variable,cardiovascular,1,0.7309705048555402,0.7000113890892525,0.030959115766287626,0.8484657947686117,0.8416331321260899,0.006832662642521803,0.6414093765224447,0.6147220647559204,0.02668731176652428,0.10521713348319792,0.10890048327501878,0.0036833497918208613,0.007995997842983011,0.05447110137303089,1.044226588665317,1.0111473559039388,1.0803723830007808,2000
locked_baseline,stacking,"KNeighbors,RandomForest,AdaBoost,MLP",sigmoid,models/stacking_sensitivity/h7_CV17_THY_CONT_locked_baseline.joblib,sigmoid,27,0.48999999999999994,saved stacking threshold,7,CV17_THY_CONT,Dyslipidemia,single variable,cardiovascular,1,0.7294088812205308,0.7000113890892525,0.02939749213127829,0.8484657947686117,0.8416331321260899,0.006832662642521803,0.6414093765224447,0.6147220647559204,0.02668731176652428,0.10516829882784544,0.10899069948721507,0.003822400659369632,0.005718759855064393,0.05376674136251895,1.04199573405445,1.0081525993003329,1.0783548061168284,2000
locked_baseline,stacking,"KNeighbors,RandomForest,AdaBoost,MLP",isotonic,models/stacking_sensitivity/h7_CV17_THY_CONT_locked_baseline.joblib,isotonic,28,0.42999999999999994,saved stacking threshold,7,CV17_THY_CONT,Dyslipidemia,single variable,cardiovascular,1,0.7278237075983138,0.7000113890892525,0.027812318509061296,0.8465459423205902,0.8402204896042924,0.006325452716297808,0.6069580639148737,0.5797881151530072,0.027169948761866514,0.10696678701552328,0.11007867306035553,0.0031118860448322433,0.006204396884180852,0.051540345696070945,1.039731237152079,1.0087883995044058,1.0749770776417376,2000
paper,stacking,"LogisticRegression,RandomForest,AdaBoost",raw,models/stacking_sensitivity/h7_CV17_THY_CONT_paper.joblib,raw_fixed,29,0.5,fixed 0.5,7,CV17_THY_CONT,Dyslipidemia,single variable,cardiovascular,1,0.7089681419188509,0.6904564824182224,0.018511659500628497,0.8476190476190476,0.8423541247484909,0.0052649228705566875,0.6237386907226503,0.6039675053086916,0.019771185413958725,0.10684277418145065,0.10997038380058662,0.003127609619135968,-0.0011260383932655657,0.040049233724555336,1.0268107548730574,0.998460947705872,1.0589036789656647,2000
paper,stacking,"LogisticRegression,RandomForest,AdaBoost",raw,models/stacking_sensitivity/h7_CV17_THY_CONT_paper.joblib,raw_threshold,29,0.3999999999999999,saved stacking threshold,7,CV17_THY_CONT,Dyslipidemia,single variable,cardiovascular,1,0.7571230982019364,0.7260851717626637,0.031037926439272612,0.8476190476190476,0.8423541247484909,0.0052649228705566875,0.6237386907226503,0.6039675053086916,0.019771185413958725,0.10684277418145065,0.10997038380058662,0.003127609619135968,0.009573979386660103,0.05474742911270333,1.042746949870804,1.012994453748848,1.0774679155630202,2000
paper,stacking,"LogisticRegression,RandomForest,AdaBoost",sigmoid,models/stacking_sensitivity/h7_CV17_THY_CONT_paper.joblib,sigmoid,30,0.38999999999999996,saved stacking threshold,7,CV17_THY_CONT,Dyslipidemia,single variable,cardiovascular,1,0.7571230982019364,0.7245655870913263,0.032557511110610005,0.8476190476190476,0.8423541247484909,0.0052649228705566875,0.6237386907226503,0.6039675053086916,0.019771185413958725,0.10691330488299498,0.11014593660307438,0.0032326317200793986,0.011374170884031263,0.055535219503589514,1.0449338357916056,1.0155187456042016,1.078539152614403,2000
paper,stacking,"LogisticRegression,RandomForest,AdaBoost",isotonic,models/stacking_sensitivity/h7_CV17_THY_CONT_paper.joblib,isotonic,31,0.3499999999999999,saved stacking threshold,7,CV17_THY_CONT,Dyslipidemia,single variable,cardiovascular,1,0.7531190566334336,0.7249852086451118,0.028133847988321747,0.8453093561368209,0.8419894366197183,0.003319919517102643,0.6000089471701715,0.5748880022280994,0.025120944942072065,0.10818818153761928,0.1112678648879926,0.0030796833503733273,0.006503731284168248,0.052335956689469325,1.0388060992870456,1.0088055936174185,1.0739947203243758,2000
same_members_reselected_C,stacking,"KNeighbors,RandomForest,AdaBoost,MLP",raw,cache/classification_explainability/prepared_h7_CV17_THY_CONT.joblib,raw_fixed,32,0.5,fixed 0.5,7,CV17_THY_CONT,Dyslipidemia,single variable,cardiovascular,1,0.6911228376548599,0.6798958333333334,0.011227004321526568,0.8478286384976526,0.844131455399061,0.003697183098591572,0.6291219667126018,0.6130017567152822,0.016120209997319557,0.10710668881529546,0.10980378909404986,0.0026971002787544024,-0.005707111581111096,0.030785851293908928,1.0165128300117443,0.9916171421390695,1.0459404368410674,2000
same_members_reselected_C,stacking,"KNeighbors,RandomForest,AdaBoost,MLP",raw,cache/classification_explainability/prepared_h7_CV17_THY_CONT.joblib,raw_threshold,32,0.36999999999999994,saved reselected-C validation threshold,7,CV17_THY_CONT,Dyslipidemia,single variable,cardiovascular,1,0.7617419431871222,0.7413843888070693,0.020357554380052933,0.8478286384976526,0.844131455399061,0.003697183098591572,0.6291219667126018,0.6130017567152822,0.016120209997319557,0.10710668881529546,0.10980378909404986,0.0026971002787544024,-0.0030143582192796556,0.04426729895485452,1.0274588387446484,0.9961050351205235,1.061085244714457,2000
same_members_reselected_C,stacking,"KNeighbors,RandomForest,AdaBoost,MLP",sigmoid,cache/classification_explainability/prepared_h7_CV17_THY_CONT.joblib,sigmoid,33,0.35999999999999993,saved reselected-C validation threshold,7,CV17_THY_CONT,Dyslipidemia,single variable,cardiovascular,1,0.7511422092865845,0.7363091701869726,0.014833039099611867,0.8478286384976526,0.844131455399061,0.003697183098591572,0.6291219667126018,0.6130017567152822,0.016120209997319557,0.10661452685674429,0.10931266269327934,0.002698135836535054,-0.00789589354179217,0.038522711803336294,1.0201451234076648,0.9893500276720337,1.0541228821501707,2000
same_members_reselected_C,stacking,"KNeighbors,RandomForest,AdaBoost,MLP",isotonic,cache/classification_explainability/prepared_h7_CV17_THY_CONT.joblib,isotonic,34,0.33999999999999997,saved reselected-C validation threshold,7,CV17_THY_CONT,Dyslipidemia,single variable,cardiovascular,1,0.7556737369364912,0.7329983531701474,0.022675383766343815,0.8462692823608317,0.840413313212609,0.005855969148222617,0.6070559198389371,0.5836503327905794,0.023405587048357712,0.10824084444828577,0.11105608577761525,0.0028152413293294765,-0.00020365633529194346,0.04677044253935915,1.030935108746527,0.9997367507011767,1.0652453641528177,2000
LogisticRegression,individual,LogisticRegression,raw,Cached fitted individual; sigmoid fitted to cached training OOF,raw_fixed,0,0.5,fixed 0.5,7,CV17_THY_CONT,AFib,single variable,cardiovascular,1,0.7027203218095723,0.7075986047022633,-0.004878282892690988,0.8415828303152246,0.8374245472837022,0.004158283031522436,0.586842265981418,0.5760612637496894,0.01078100223172862,0.16219265113101544,0.16268522447089542,0.0004925733398799814,-0.017031308289419955,0.007019095021418005,0.9931058613452981,0.9759799252130829,1.0100905520234524,2000
LogisticRegression,individual,LogisticRegression,raw,Cached fitted individual; sigmoid fitted to cached training OOF,raw_threshold,0,0.6399999999999999,own validation,7,CV17_THY_CONT,AFib,single variable,cardiovascular,1,0.7426812986420919,0.7243847312908086,0.018296567351283266,0.8415828303152246,0.8374245472837022,0.004158283031522436,0.586842265981418,0.5760612637496894,0.01078100223172862,0.16219265113101544,0.16268522447089542,0.0004925733398799814,-0.004089709795904125,0.041128323448734926,1.0252580798033664,0.9945176239309881,1.057878531417133,2000
LogisticRegression,individual,LogisticRegression,sigmoid,Cached fitted individual; sigmoid fitted to cached training OOF,sigmoid,1,0.38999999999999996,own validation,7,CV17_THY_CONT,AFib,single variable,cardiovascular,1,0.7361367513642372,0.7196316179192892,0.016505133444947973,0.8415828303152246,0.8374245472837022,0.004158283031522436,0.586842265981418,0.5760612637496894,0.01078100223172862,0.11137008767811421,0.11298045298528976,0.0016103653071755514,-0.004163776078077555,0.03740503305730711,1.0229355312273107,0.9943741919827436,1.0527284396055543,2000
SVC,individual,SVC,raw,Cached fitted individual; sigmoid fitted to cached training OOF,raw_fixed,2,0.5,fixed 0.5,7,CV17_THY_CONT,AFib,single variable,cardiovascular,1,0.7011045261967771,0.6790153546185718,0.022089171578205335,0.8283702213279678,0.8235999329309188,0.004770288397048961,0.5568024589994544,0.5501593343768585,0.006643124622595864,0.11715140617654654,0.1190579583281136,0.0019065521515670564,0.003176647933605131,0.04345848201305304,1.0325311812582112,1.0045886123829804,1.0660276487310107,2000
SVC,individual,SVC,raw,Cached fitted individual; sigmoid fitted to cached training OOF,raw_threshold,2,0.37999999999999995,own validation,7,CV17_THY_CONT,AFib,single variable,cardiovascular,1,0.716891790418474,0.7071354518819022,0.009756338536571763,0.8283702213279678,0.8235999329309188,0.004770288397048961,0.5568024589994544,0.5501593343768585,0.006643124622595864,0.11715140617654654,0.1190579583281136,0.0019065521515670564,-0.011417917952082501,0.03099970376367977,1.0137969868581855,0.9843946917866644,1.0446637016558677,2000
SVC,individual,SVC,sigmoid,Cached fitted individual; sigmoid fitted to cached training OOF,sigmoid,3,0.4099999999999999,own validation,7,CV17_THY_CONT,AFib,single variable,cardiovascular,1,0.7072343406283659,0.6818840579710145,0.025350282657351397,0.8283702213279678,0.8235999329309188,0.004770288397048961,0.5568024589994544,0.5501593343768585,0.006643124622595864,0.1169250023920927,0.11884530995369673,0.0019203075616040233,0.005185156485349454,0.04893234213739196,1.037176822600579,1.0074073108650385,1.0731398211335454,2000
KNeighbors,individual,KNeighbors,raw,Cached fitted individual; sigmoid fitted to cached training OOF,raw_fixed,4,0.5,fixed 0.5,7,CV17_THY_CONT,AFib,single variable,cardiovascular,1,0.7063464648956876,0.7087665943633206,-0.0024201294676329255,0.8055122401073105,0.7962105969148223,0.009301643192488163,0.5386758931409478,0.5303192269419666,0.008356666198981122,0.1499207685451123,0.1471530501957103,-0.0027677183494020097,-0.02037199332249458,0.016549123524891803,0.9965854351956205,0.9715172310109036,1.0234316292167034,2000
KNeighbors,individual,KNeighbors,raw,Cached fitted individual; sigmoid fitted to cached training OOF,raw_threshold,4,0.59,own validation,7,CV17_THY_CONT,AFib,single variable,cardiovascular,1,0.6881589091885617,0.7033783783783785,-0.015219469189816759,0.8055122401073105,0.7962105969148223,0.009301643192488163,0.5386758931409478,0.5303192269419666,0.008356666198981122,0.1499207685451123,0.1471530501957103,-0.0027677183494020097,-0.043767373130116714,0.015265754987769423,0.9783623300663509,0.938616699887212,1.0219358678589263,2000
KNeighbors,individual,KNeighbors,sigmoid,Cached fitted individual; sigmoid fitted to cached training OOF,sigmoid,5,0.30999999999999994,own validation,7,CV17_THY_CONT,AFib,single variable,cardiovascular,1,0.6881589091885617,0.7033783783783785,-0.015219469189816759,0.8055122401073105,0.7962105969148223,0.009301643192488163,0.5386758931409478,0.5303192269419666,0.008356666198981122,0.12173341907432166,0.12323896124745348,0.001505542173131827,-0.043767373130116714,0.015265754987769423,0.9783623300663509,0.938616699887212,1.0219358678589263,2000
RandomForest,individual,RandomForest,raw,Cached fitted individual; sigmoid fitted to cached training OOF,raw_fixed,6,0.5,fixed 0.5,7,CV17_THY_CONT,AFib,single variable,cardiovascular,1,0.7491346656217346,0.7521345537355475,-0.0029998881138129097,0.8410127431254192,0.8387994634473508,0.0022132796780683917,0.6356546074048491,0.6283372784683328,0.007317328936516376,0.12209730025536963,0.12059816238728233,-0.001499137868087308,-0.013897800946830787,0.008933643033470119,0.996011500736253,0.9816847456667179,1.0119423840725768,2000
RandomForest,individual,RandomForest,raw,Cached fitted individual; sigmoid fitted to cached training OOF,raw_threshold,6,0.5299999999999999,own validation,7,CV17_THY_CONT,AFib,single variable,cardiovascular,1,0.74400817251728,0.7347606749663267,0.009247497550953332,0.8410127431254192,0.8387994634473508,0.0022132796780683917,0.6356546074048491,0.6283372784683328,0.007317328936516376,0.12209730025536963,0.12059816238728233,-0.001499137868087308,-0.005060912694776087,0.02422095974975367,1.0125857273885501,0.9931454785802522,1.0335105641781657,2000
RandomForest,individual,RandomForest,sigmoid,Cached fitted individual; sigmoid fitted to cached training OOF,sigmoid,7,0.37999999999999995,own validation,7,CV17_THY_CONT,AFib,single variable,cardiovascular,1,0.7452590842555569,0.7334620124691895,0.011797071786367352,0.8410127431254192,0.8387994634473508,0.0022132796780683917,0.6356546074048491,0.6283372784683328,0.007317328936516376,0.10692705464634006,0.10760094947633078,0.0006738948299907233,-0.003160615881808271,0.02824704974633829,1.0160840937714726,0.9956294013680598,1.0396281738005264,2000
AdaBoost,individual,AdaBoost,raw,Cached fitted individual; sigmoid fitted to cached training OOF,raw_fixed,8,0.5,fixed 0.5,7,CV17_THY_CONT,AFib,single variable,cardiovascular,1,0.7035592443093917,0.7110117270210109,-0.007452482711619246,0.8369634473507713,0.8354753521126761,0.0014880952380952328,0.5904214779938294,0.5858711924130977,0.004550285580731672,0.1861595753416243,0.18523815380063996,-0.0009214215409843463,-0.013543764506950348,-0.003086161053317779,0.989518481301506,0.9807145518449579,0.9955564437846182,2000
AdaBoost,individual,AdaBoost,raw,Cached fitted individual; sigmoid fitted to cached training OOF,raw_threshold,8,0.58,own validation,7,CV17_THY_CONT,AFib,single variable,cardiovascular,1,0.7308812260536399,0.7320659154467694,-0.0011846893931294344,0.8369634473507713,0.8354753521126761,0.0014880952380952328,0.5904214779938294,0.5858711924130977,0.004550285580731672,0.1861595753416243,0.18523815380063996,-0.0009214215409843463,-0.0075711145802139475,0.006238952811587884,0.998381717591091,0.9895821017108103,1.0085448724369053,2000
AdaBoost,individual,AdaBoost,sigmoid,Cached fitted individual; sigmoid fitted to cached training OOF,sigmoid,9,0.4099999999999999,own validation,7,CV17_THY_CONT,AFib,single variable,cardiovascular,1,0.7293557557283282,0.7277582376897445,0.0015975180385837673,0.8369634473507713,0.8354753521126761,0.0014880952380952328,0.5904214779938294,0.5858711924130977,0.004550285580731672,0.11138800805411916,0.11198888819870574,0.0006008801445865769,-0.006401484145058739,0.010705699531803264,1.002195121890554,0.9912787484894356,1.014870759134455,2000
MLP,individual,MLP,raw,Cached fitted individual; sigmoid fitted to cached training OOF,raw_fixed,10,0.5,fixed 0.5,7,CV17_THY_CONT,AFib,single variable,cardiovascular,1,0.7086712317698171,0.73178391192248,-0.02311268015266299,0.8466968477531858,0.8431338028169014,0.003563044936284343,0.6105382221434775,0.5973148975568162,0.013223324586661311,0.15329636532074958,0.1520280643730045,-0.0012683009477450768,-0.03789671258799911,-0.00951028268410044,0.9684159766618218,0.9486619131456235,0.9869281966105636,2000
MLP,individual,MLP,raw,Cached fitted individual; sigmoid fitted to cached training OOF,raw_threshold,10,0.6799999999999999,own validation,7,CV17_THY_CONT,AFib,single variable,cardiovascular,1,0.7489136160834274,0.7414553900176903,0.007458226065737095,0.8466968477531858,0.8431338028169014,0.003563044936284343,0.6105382221434775,0.5973148975568162,0.013223324586661311,0.15329636532074958,0.1520280643730045,-0.0012683009477450768,-0.01661567398813684,0.031109707202304545,1.0100589005975924,0.9780264607095678,1.0428617318608573,2000
MLP,individual,MLP,sigmoid,Cached fitted individual; sigmoid fitted to cached training OOF,sigmoid,11,0.31999999999999995,own validation,7,CV17_THY_CONT,AFib,single variable,cardiovascular,1,0.7574482553444686,0.7453059071729957,0.012142348171472861,0.8466968477531858,0.8431338028169014,0.003563044936284343,0.6105382221434775,0.5973148975568162,0.013223324586661311,0.11299743818759635,0.11456885373007408,0.001571415542477736,-0.009242391872633158,0.034113295432951635,1.0162917643005538,0.9877628380366206,1.046362331582608,2000
GradientBoosting,individual,GradientBoosting,raw,Cached fitted individual; sigmoid fitted to cached training OOF,raw_fixed,12,0.5,fixed 0.5,7,CV17_THY_CONT,AFib,single variable,cardiovascular,1,0.7196397818599312,0.7233477159348175,-0.003707934074886343,0.840627095908786,0.8383970489604292,0.002230046948356823,0.6218609666423225,0.6127819029002456,0.009079063742076898,0.13797559292209854,0.13494471476316333,-0.003030878158935213,-0.011398495807802056,0.004966494581317081,0.9948739257853405,0.9843879258434303,1.0069620713052554,2000
GradientBoosting,individual,GradientBoosting,raw,Cached fitted individual; sigmoid fitted to cached training OOF,raw_threshold,12,0.6599999999999999,own validation,7,CV17_THY_CONT,AFib,single variable,cardiovascular,1,0.7604147716936511,0.7479173476328878,0.012497424060763374,0.840627095908786,0.8383970489604292,0.002230046948356823,0.6218609666423225,0.6127819029002456,0.009079063742076898,0.13797559292209854,0.13494471476316333,-0.003030878158935213,0.0009871156717684072,0.02524771773076277,1.0167096325554112,1.0012854244355018,1.0338524789894228,2000
GradientBoosting,individual,GradientBoosting,sigmoid,Cached fitted individual; sigmoid fitted to cached training OOF,sigmoid,13,0.37999999999999995,own validation,7,CV17_THY_CONT,AFib,single variable,cardiovascular,1,0.7579298142781161,0.7453432788896048,0.012586535388511289,0.840627095908786,0.8383970489604292,0.002230046948356823,0.6218609666423225,0.6127819029002456,0.009079063742076898,0.10818765827236983,0.10911337404784438,0.0009257157754745532,0.0010144412497891664,0.025405662949223775,1.0168868972794152,1.0013152677744537,1.0343117548754495,2000
XGBoost,individual,XGBoost,raw,Cached fitted individual; sigmoid fitted to cached training OOF,raw_fixed,14,0.5,fixed 0.5,7,CV17_THY_CONT,AFib,single variable,cardiovascular,1,0.7340850209815728,0.7282303071416789,0.005854713839893888,0.8427649228705567,0.8407360831656606,0.0020288397048960904,0.6207142319116041,0.6141795050379972,0.0065347268736069,0.142721285120714,0.1400617041846443,-0.0026595809360696887,-0.0036729731392687952,0.01662091356319619,1.0080396459505698,0.9950035309575643,1.0229517754433721,2000
XGBoost,individual,XGBoost,raw,Cached fitted individual; sigmoid fitted to cached training OOF,raw_threshold,14,0.6,own validation,7,CV17_THY_CONT,AFib,single variable,cardiovascular,1,0.7375657580105213,0.7298699015471167,0.007695856463404538,0.8427649228705567,0.8407360831656606,0.0020288397048960904,0.6207142319116041,0.6141795050379972,0.0065347268736069,0.142721285120714,0.1400617041846443,-0.0026595809360696887,-0.005169276066441833,0.021526652533887556,1.010544148275044,0.9930651148349007,1.0304356801863053,2000
XGBoost,individual,XGBoost,sigmoid,Cached fitted individual; sigmoid fitted to cached training OOF,sigmoid,15,0.36999999999999994,own validation,7,CV17_THY_CONT,AFib,single variable,cardiovascular,1,0.738826364323119,0.7311346838064395,0.0076916805166794555,0.8427649228705567,0.8407360831656606,0.0020288397048960904,0.6207142319116041,0.6141795050379972,0.0065347268736069,0.10779122172922385,0.10886934987793138,0.00107812814870753,-0.005233644494439032,0.021526652533887556,1.0105201964659027,0.9929786545685447,1.0304352976941633,2000
paper,voting,"LogisticRegression,RandomForest,AdaBoost",raw,models/predictive_sensitivity/h7_CV17_THY_CONT_paper.joblib,raw_fixed,16,0.5,fixed 0.5,7,CV17_THY_CONT,AFib,single variable,cardiovascular,1,0.7329425928388122,0.7407754958505951,-0.007832903011782855,0.8474765258215963,0.8444500335345406,0.0030264922870556488,0.6249100841759544,0.6171794554472533,0.007730628728701117,0.14916737933582,0.14840154722431412,-0.0007658321115058819,-0.01980415352843336,0.005472146879557853,0.9894260770561953,0.9732432662052071,1.0074902413744544,2000
paper,voting,"LogisticRegression,RandomForest,AdaBoost",raw,models/predictive_sensitivity/h7_CV17_THY_CONT_paper.joblib,raw_threshold,16,0.38999999999999996,saved voting threshold (also applied to raw),7,CV17_THY_CONT,AFib,single variable,cardiovascular,1,0.661069806744196,0.6675982640278249,-0.00652845728362883,0.8474765258215963,0.8444500335345406,0.0030264922870556488,0.6249100841759544,0.6171794554472533,0.007730628728701117,0.14916737933582,0.14840154722431412,-0.0007658321115058819,-0.017283353303042804,0.003933859190064852,0.9902209792394596,0.9743294117879426,1.0059145547577792,2000
paper,voting,"LogisticRegression,RandomForest,AdaBoost",sigmoid,models/predictive_sensitivity/h7_CV17_THY_CONT_paper.joblib,sigmoid,17,0.38999999999999996,saved voting threshold (also applied to raw),7,CV17_THY_CONT,AFib,single variable,cardiovascular,1,0.7596902502253029,0.7413843888070693,0.01830586141823365,0.8474765258215963,0.8444500335345406,0.0030264922870556488,0.6249100841759544,0.6171794554472533,0.007730628728701117,0.10681940292729272,0.10796426846854415,0.0011448655412514275,0.004039297013052653,0.0350640528157386,1.0246914578922937,1.0054358899675866,1.0486615199705143,2000
paper_locked,voting,"LogisticRegression,RandomForest,AdaBoost",raw,models/final_h7_CV17_THY_CONT_paper_locked.joblib,raw_fixed,18,0.5,fixed 0.5,7,CV17_THY_CONT,AFib,single variable,cardiovascular,1,0.7281870738748857,0.7386847152715006,-0.01049764139661491,0.8466381623071764,0.8435362173038229,0.003101945003353479,0.6220693480215564,0.6135050750974919,0.008564272924064587,0.1566021485441328,0.1564048154089833,-0.00019733313514949669,-0.021826099539331303,0.0004290069678287039,0.985788738849488,0.9706888788386694,1.0005801965942205,2000
paper_locked,voting,"LogisticRegression,RandomForest,AdaBoost",raw,models/final_h7_CV17_THY_CONT_paper_locked.joblib,raw_threshold,18,0.43999999999999995,saved voting threshold (also applied to raw),7,CV17_THY_CONT,AFib,single variable,cardiovascular,1,0.6898933929555102,0.6929865221131999,-0.003093129157689667,0.8466381623071764,0.8435362173038229,0.003101945003353479,0.6220693480215564,0.6135050750974919,0.008564272924064587,0.1566021485441328,0.1564048154089833,-0.00019733313514949669,-0.01331715447066154,0.007848354820392868,0.995536523353647,0.9808106718710136,1.011570666000164,2000
paper_locked,voting,"LogisticRegression,RandomForest,AdaBoost",sigmoid,models/final_h7_CV17_THY_CONT_paper_locked.joblib,sigmoid,19,0.43999999999999995,saved voting threshold (also applied to raw),7,CV17_THY_CONT,AFib,single variable,cardiovascular,1,0.7243328100470958,0.7156592516894202,0.008673558357675581,0.8466381623071764,0.8435362173038229,0.003101945003353479,0.6220693480215564,0.6135050750974919,0.008564272924064587,0.10735395528864841,0.10845922345668582,0.00110526816803741,-0.006019554688349149,0.024843440604883665,1.0121196761408455,0.9916165342000385,1.0357686370402461,2000
own,stacking,"LogisticRegression,KNeighbors,AdaBoost",raw,models/stacking_sensitivity/h7_CV17_THY_CONT_own.joblib,raw_fixed,20,0.5,fixed 0.5,7,CV17_THY_CONT,AFib,single variable,cardiovascular,1,0.7036772224208319,0.6917629593965655,0.011914263024266347,0.8452045606975185,0.8422619047619048,0.002942655935613714,0.6027119778421592,0.5949180433561273,0.007793934486031939,0.10917993345567255,0.11035730864328243,0.0011773751876098804,0.000627128550660236,0.0253605342031204,1.017223042752476,1.0008910574203176,1.0376444266285723,2000
own,stacking,"LogisticRegression,KNeighbors,AdaBoost",raw,models/stacking_sensitivity/h7_CV17_THY_CONT_own.joblib,raw_threshold,20,0.33999999999999997,saved stacking threshold,7,CV17_THY_CONT,AFib,single variable,cardiovascular,1,0.7554362964476055,0.7437136185190198,0.011722677928585612,0.8452045606975185,0.8422619047619048,0.002942655935613714,0.6027119778421592,0.5949180433561273,0.007793934486031939,0.10917993345567255,0.11035730864328243,0.0011773751876098804,-0.006847013329491991,0.03146668437792279,1.01576235480524,0.9908739987860796,1.043666176977043,2000
own,stacking,"LogisticRegression,KNeighbors,AdaBoost",sigmoid,models/stacking_sensitivity/h7_CV17_THY_CONT_own.joblib,sigmoid,21,0.32999999999999996,saved stacking threshold,7,CV17_THY_CONT,AFib,single variable,cardiovascular,1,0.7554362964476055,0.742450813427623,0.01298548301998248,0.8452045606975185,0.8422619047619048,0.002942655935613714,0.6027119778421592,0.5949180433561273,0.007793934486031939,0.10921388840861973,0.11045498914458016,0.0012411007359604265,-0.006280158431989402,0.03312970910733759,1.0174900246388487,0.991713717926098,1.045110296935783,2000
own,stacking,"LogisticRegression,KNeighbors,AdaBoost",isotonic,models/stacking_sensitivity/h7_CV17_THY_CONT_own.joblib,isotonic,22,0.33999999999999997,saved stacking threshold,7,CV17_THY_CONT,AFib,single variable,cardiovascular,1,0.756166353170578,0.7539776201978634,0.002188732972714602,0.8448608316566063,0.8406732059020792,0.004187625754527136,0.5843766539391511,0.5773705190551601,0.007006134883990933,0.11066089189702547,0.11154845010494072,0.0008875582079152511,-0.01421345488990704,0.020806476289846585,1.002902915038964,0.9812062241728927,1.0279025622354783,2000
same_baseline,stacking,"KNeighbors,RandomForest,AdaBoost,MLP",raw,models/stacking_sensitivity/h7_CV17_THY_CONT_same_baseline.joblib,raw_fixed,23,0.5,fixed 0.5,7,CV17_THY_CONT,AFib,single variable,cardiovascular,1,0.7046565588361673,0.7067643686755396,-0.00210780983937231,0.8468226022803488,0.84341046277666,0.0034121395036887936,0.6266442551545337,0.6166818546727136,0.009962400481820066,0.10694711012065376,0.10792043324502273,0.0009733231243689716,-0.015769697017375735,0.011917368763701421,0.9970176625580004,0.977861767764737,1.0170140924922835,2000
same_baseline,stacking,"KNeighbors,RandomForest,AdaBoost,MLP",raw,models/stacking_sensitivity/h7_CV17_THY_CONT_same_baseline.joblib,raw_threshold,23,0.38999999999999996,saved stacking threshold,7,CV17_THY_CONT,AFib,single variable,cardiovascular,1,0.7542358796721512,0.7374939023430739,0.01674197732907734,0.8468226022803488,0.84341046277666,0.0034121395036887936,0.6266442551545337,0.6166818546727136,0.009962400481820066,0.10694711012065376,0.10792043324502273,0.0009733231243689716,0.0009202120777695556,0.0350228036143962,1.0227011739024374,1.0012117232598132,1.0484274110592622,2000
same_baseline,stacking,"KNeighbors,RandomForest,AdaBoost,MLP",sigmoid,models/stacking_sensitivity/h7_CV17_THY_CONT_same_baseline.joblib,sigmoid,24,0.3999999999999999,saved stacking threshold,7,CV17_THY_CONT,AFib,single variable,cardiovascular,1,0.7545418151157511,0.7386904761904762,0.015851338925274905,0.8468226022803488,0.84341046277666,0.0034121395036887936,0.6266442551545337,0.6166818546727136,0.009962400481820066,0.106977825803903,0.10797332486243248,0.0009954990585294837,0.0008315504497642374,0.033412251231798314,1.021458702171202,1.001110436602532,1.0461853539936081,2000
same_baseline,stacking,"KNeighbors,RandomForest,AdaBoost,MLP",isotonic,models/stacking_sensitivity/h7_CV17_THY_CONT_same_baseline.joblib,isotonic,25,0.32999999999999996,saved stacking threshold,7,CV17_THY_CONT,AFib,single variable,cardiovascular,1,0.7498623008110008,0.7401462395543175,0.00971606125668334,0.8466339704896043,0.8432930918846412,0.0033408786049631267,0.6078162488237903,0.6002426638698404,0.007573584953949886,0.10763459558478214,0.10869970913137941,0.0010651135465972739,-0.00554301458656892,0.026378157926873844,1.0131272182947708,0.9926574965266827,1.0363158428514276,2000
locked_baseline,stacking,"KNeighbors,RandomForest,AdaBoost,MLP",raw,models/stacking_sensitivity/h7_CV17_THY_CONT_locked_baseline.joblib,raw_fixed,26,0.5,fixed 0.5,7,CV17_THY_CONT,AFib,single variable,cardiovascular,1,0.7294088812205308,0.7145896746357754,0.01481920658475544,0.8484657947686117,0.8458501006036218,0.002615694164989968,0.6414093765224447,0.6310573767293778,0.01035199979306689,0.10521713348319792,0.10626453679959862,0.0010474033164006996,0.0030657099794029834,0.029661820685024733,1.020738064249681,1.0043381823665787,1.0422234690145036,2000
locked_baseline,stacking,"KNeighbors,RandomForest,AdaBoost,MLP",raw,models/stacking_sensitivity/h7_CV17_THY_CONT_locked_baseline.joblib,raw_threshold,26,0.48999999999999994,saved stacking threshold,7,CV17_THY_CONT,AFib,single variable,cardiovascular,1,0.7309705048555402,0.7175913080842182,0.013379196771321933,0.8484657947686117,0.8458501006036218,0.002615694164989968,0.6414093765224447,0.6310573767293778,0.01035199979306689,0.10521713348319792,0.10626453679959862,0.0010474033164006996,0.002366145990743013,0.027777290389043984,1.0186445914556028,1.0033321595183116,1.0394135930149764,2000
locked_baseline,stacking,"KNeighbors,RandomForest,AdaBoost,MLP",sigmoid,models/stacking_sensitivity/h7_CV17_THY_CONT_locked_baseline.joblib,sigmoid,27,0.48999999999999994,saved stacking threshold,7,CV17_THY_CONT,AFib,single variable,cardiovascular,1,0.7294088812205308,0.7175913080842182,0.011817573136312598,0.8484657947686117,0.8458501006036218,0.002615694164989968,0.6414093765224447,0.6310573767293778,0.01035199979306689,0.10516829882784544,0.10628824523009223,0.001119946402246788,0.0014679549432832285,0.02556169703774778,1.0164683894623283,1.0019814605956592,1.035960420682543,2000
locked_baseline,stacking,"KNeighbors,RandomForest,AdaBoost,MLP",isotonic,models/stacking_sensitivity/h7_CV17_THY_CONT_locked_baseline.joblib,isotonic,28,0.42999999999999994,saved stacking threshold,7,CV17_THY_CONT,AFib,single variable,cardiovascular,1,0.7278237075983138,0.7145896746357754,0.013234032962538445,0.8465459423205902,0.8432302146210597,0.0033157276995304796,0.6069580639148737,0.6001844229943372,0.006773640920536561,0.10696678701552328,0.10751670563992526,0.000549918624401971,0.0029513317788028514,0.026039297502218353,1.0185197651635307,1.0041437413896566,1.0375057398271923,2000
paper,stacking,"LogisticRegression,RandomForest,AdaBoost",raw,models/stacking_sensitivity/h7_CV17_THY_CONT_paper.joblib,raw_fixed,29,0.5,fixed 0.5,7,CV17_THY_CONT,AFib,single variable,cardiovascular,1,0.7089681419188509,0.6974416633338616,0.011526478584989341,0.8476190476190476,0.8444835680751174,0.0031354795439302308,0.6237386907226503,0.6159119512085568,0.007826739514093517,0.10684277418145065,0.10797400410155848,0.0011312299201078346,-0.0009562911702395732,0.027030025413411138,1.0165267995747362,0.9986692599758559,1.0394341914511263,2000
paper,stacking,"LogisticRegression,RandomForest,AdaBoost",raw,models/stacking_sensitivity/h7_CV17_THY_CONT_paper.joblib,raw_threshold,29,0.3999999999999999,saved stacking threshold,7,CV17_THY_CONT,AFib,single variable,cardiovascular,1,0.7571230982019364,0.7346703296703296,0.022452768531606715,0.8476190476190476,0.8444835680751174,0.0031354795439302308,0.6237386907226503,0.6159119512085568,0.007826739514093517,0.10684277418145065,0.10797400410155848,0.0011312299201078346,0.007652093995625886,0.03936974271478196,1.0305616922649945,1.0102930466439521,1.0547612170309197,2000
paper,stacking,"LogisticRegression,RandomForest,AdaBoost",sigmoid,models/stacking_sensitivity/h7_CV17_THY_CONT_paper.joblib,sigmoid,30,0.38999999999999996,saved stacking threshold,7,CV17_THY_CONT,AFib,single variable,cardiovascular,1,0.7571230982019364,0.7346703296703296,0.022452768531606715,0.8476190476190476,0.8444835680751174,0.0031354795439302308,0.6237386907226503,0.6159119512085568,0.007826739514093517,0.10691330488299498,0.10812087757120716,0.0012075726882121718,0.007652093995625886,0.03936974271478196,1.0305616922649945,1.0102930466439521,1.0547612170309197,2000
paper,stacking,"LogisticRegression,RandomForest,AdaBoost",isotonic,models/stacking_sensitivity/h7_CV17_THY_CONT_paper.joblib,isotonic,31,0.3499999999999999,saved stacking threshold,7,CV17_THY_CONT,AFib,single variable,cardiovascular,1,0.7531190566334336,0.7427598222413072,0.010359234392126382,0.8453093561368209,0.8455147551978538,-0.00020539906103289596,0.6000089471701715,0.5958999854835969,0.004108961686574597,0.10818818153761928,0.10810263641872897,-8.554511889030669e-05,-0.006725142007787771,0.029581170239382327,1.0139469503895175,0.9909263950024959,1.040800166275271,2000
same_members_reselected_C,stacking,"KNeighbors,RandomForest,AdaBoost,MLP",raw,cache/classification_explainability/prepared_h7_CV17_THY_CONT.joblib,raw_fixed,32,0.5,fixed 0.5,7,CV17_THY_CONT,AFib,single variable,cardiovascular,1,0.6911228376548599,0.693006993006993,-0.0018841553521330434,0.8478286384976526,0.8445338698859826,0.003294768611669996,0.6291219667126018,0.618497507511906,0.010624459200695768,0.10710668881529546,0.10815471857729804,0.001048029762002578,-0.01996239767075078,0.016141602011758446,0.9972811885433398,0.9715641792048931,1.0236209421872264,2000
same_members_reselected_C,stacking,"KNeighbors,RandomForest,AdaBoost,MLP",raw,cache/classification_explainability/prepared_h7_CV17_THY_CONT.joblib,raw_threshold,32,0.36999999999999994,saved reselected-C validation threshold,7,CV17_THY_CONT,AFib,single variable,cardiovascular,1,0.7617419431871222,0.7401528721948398,0.021589070992282355,0.8478286384976526,0.8445338698859826,0.003294768611669996,0.6291219667126018,0.618497507511906,0.010624459200695768,0.10710668881529546,0.10815471857729804,0.001048029762002578,0.00646511448186021,0.03881361096246249,1.029168394534851,1.0085584549340285,1.0537188407280982,2000
same_members_reselected_C,stacking,"KNeighbors,RandomForest,AdaBoost,MLP",sigmoid,cache/classification_explainability/prepared_h7_CV17_THY_CONT.joblib,sigmoid,33,0.35999999999999993,saved reselected-C validation threshold,7,CV17_THY_CONT,AFib,single variable,cardiovascular,1,0.7511422092865845,0.7452030111662639,0.005939198120320621,0.8478286384976526,0.8445338698859826,0.003294768611669996,0.6291219667126018,0.618497507511906,0.010624459200695768,0.10661452685674429,0.10764016388308735,0.0010256370263430625,-0.011265916848538756,0.023949273413985818,1.007969906228674,0.9849484999741218,1.032762388490251,2000
same_members_reselected_C,stacking,"KNeighbors,RandomForest,AdaBoost,MLP",isotonic,cache/classification_explainability/prepared_h7_CV17_THY_CONT.joblib,isotonic,34,0.33999999999999997,saved reselected-C validation threshold,7,CV17_THY_CONT,AFib,single variable,cardiovascular,1,0.7556737369364912,0.7387492362450285,0.016924500691462674,0.8462692823608317,0.8432218309859155,0.0030474513749161325,0.6070559198389371,0.5973235308688805,0.009732388970056682,0.10824084444828577,0.1088252795079013,0.000584435059615529,-0.0017185841411753388,0.037316716490421224,1.0229096692911492,0.9978052524231052,1.0513209976310465,2000
LogisticRegression,individual,LogisticRegression,raw,Cached fitted individual; sigmoid fitted to cached training OOF,raw_fixed,0,0.5,fixed 0.5,7,CV17_THY_CONT,LVEF,single variable,cardiovascular,1,0.7027203218095723,0.6846090080132633,0.018111313796309036,0.8415828303152246,0.8166582830315224,0.024924547283702192,0.586842265981418,0.5474563213318079,0.039385944649610094,0.16219265113101544,0.1671816772430631,0.0049890261120476564,-0.007843115978424174,0.04622782002253371,1.0264549744223612,0.9888798162777959,1.0686217512799263,2000
LogisticRegression,individual,LogisticRegression,raw,Cached fitted individual; sigmoid fitted to cached training OOF,raw_threshold,0,0.6399999999999999,own validation,7,CV17_THY_CONT,LVEF,single variable,cardiovascular,1,0.7426812986420919,0.7085282226097986,0.03415307603229323,0.8415828303152246,0.8166582830315224,0.024924547283702192,0.586842265981418,0.5474563213318079,0.039385944649610094,0.16219265113101544,0.1671816772430631,0.0049890261120476564,0.0005723900701413044,0.06867487904511871,1.0482028449149048,1.0007738961100592,1.1007169892824522,2000
LogisticRegression,individual,LogisticRegression,sigmoid,Cached fitted individual; sigmoid fitted to cached training OOF,sigmoid,1,0.38999999999999996,own validation,7,CV17_THY_CONT,LVEF,single variable,cardiovascular,1,0.7361367513642372,0.6753229166666667,0.06081383469757051,0.8415828303152246,0.8166582830315224,0.024924547283702192,0.586842265981418,0.5474563213318079,0.039385944649610094,0.11137008767811421,0.11968855112729952,0.008318463449185312,0.02343434790554488,0.09959997636117482,1.0900514897343365,1.0339833630520727,1.15422275143454,2000
SVC,individual,SVC,raw,Cached fitted individual; sigmoid fitted to cached training OOF,raw_fixed,2,0.5,fixed 0.5,7,CV17_THY_CONT,LVEF,single variable,cardiovascular,1,0.7011045261967771,0.5998697916666667,0.10123473453011045,0.8283702213279678,0.8100603621730382,0.018309859154929553,0.5568024589994544,0.5279842436252288,0.028818215374225575,0.11715140617654654,0.12133958950622012,0.004188183329673578,0.06108140906944536,0.14465982550719803,1.1687611810703817,1.0968127595735964,1.2505895542226133,2000
SVC,individual,SVC,raw,Cached fitted individual; sigmoid fitted to cached training OOF,raw_threshold,2,0.37999999999999995,own validation,7,CV17_THY_CONT,LVEF,single variable,cardiovascular,1,0.716891790418474,0.687931594768056,0.028960195650417964,0.8283702213279678,0.8100603621730382,0.018309859154929553,0.5568024589994544,0.5279842436252288,0.028818215374225575,0.11715140617654654,0.12133958950622012,0.004188183329673578,-0.005611036302506448,0.0637966950933812,1.0420974932255906,0.9919740062344423,1.0967887966550485,2000
SVC,individual,SVC,sigmoid,Cached fitted individual; sigmoid fitted to cached training OOF,sigmoid,3,0.4099999999999999,own validation,7,CV17_THY_CONT,LVEF,single variable,cardiovascular,1,0.7072343406283659,0.6403272771559216,0.06690706347244424,0.8283702213279678,0.8100603621730382,0.018309859154929553,0.5568024589994544,0.5279842436252288,0.028818215374225575,0.1169250023920927,0.12248347704168282,0.005558474649590112,0.028968652198349872,0.10572888910879627,1.104488854152237,1.043906428569454,1.1729438064995434,2000
KNeighbors,individual,KNeighbors,raw,Cached fitted individual; sigmoid fitted to cached training OOF,raw_fixed,4,0.5,fixed 0.5,7,CV17_THY_CONT,LVEF,single variable,cardiovascular,1,0.7063464648956876,0.6966943027210883,0.0096521621745993,0.8055122401073105,0.7842639168343394,0.021248323272971104,0.5386758931409478,0.4786968889985251,0.05997900414242269,0.1499207685451123,0.15313846988558824,0.0032177013404759425,-0.016206690683133632,0.03674905055273119,1.0138542286579648,0.9769410792442064,1.0545972938323223,2000
KNeighbors,individual,KNeighbors,raw,Cached fitted individual; sigmoid fitted to cached training OOF,raw_threshold,4,0.59,own validation,7,CV17_THY_CONT,LVEF,single variable,cardiovascular,1,0.6881589091885617,0.659059435586496,0.029099473602065662,0.8055122401073105,0.7842639168343394,0.021248323272971104,0.5386758931409478,0.4786968889985251,0.05997900414242269,0.1499207685451123,0.15313846988558824,0.0032177013404759425,-0.0009039056550076468,0.060145857356411904,1.044153033900759,0.9986473741299664,1.0943524110493734,2000
KNeighbors,individual,KNeighbors,sigmoid,Cached fitted individual; sigmoid fitted to cached training OOF,sigmoid,5,0.30999999999999994,own validation,7,CV17_THY_CONT,LVEF,single variable,cardiovascular,1,0.6881589091885617,0.659059435586496,0.029099473602065662,0.8055122401073105,0.7842639168343394,0.021248323272971104,0.5386758931409478,0.4786968889985251,0.05997900414242269,0.12173341907432166,0.12918934532697085,0.007455926252649195,-0.0009039056550076468,0.060145857356411904,1.044153033900759,0.9986473741299664,1.0943524110493734,2000
RandomForest,individual,RandomForest,raw,Cached fitted individual; sigmoid fitted to cached training OOF,raw_fixed,6,0.5,fixed 0.5,7,CV17_THY_CONT,LVEF,single variable,cardiovascular,1,0.7491346656217346,0.7206154941643765,0.02851917145735805,0.8410127431254192,0.8092219986586183,0.03179074446680086,0.6356546074048491,0.5743934500079741,0.06126115739687499,0.12209730025536963,0.13045462362547217,0.008357323370102532,0.0005654797336132223,0.057409421812848846,1.0395761285849519,1.0007731816590764,1.082455336872874,2000
RandomForest,individual,RandomForest,raw,Cached fitted individual; sigmoid fitted to cached training OOF,raw_threshold,6,0.5299999999999999,own validation,7,CV17_THY_CONT,LVEF,single variable,cardiovascular,1,0.74400817251728,0.7140237650039206,0.0299844075133594,0.8410127431254192,0.8092219986586183,0.03179074446680086,0.6356546074048491,0.5743934500079741,0.06126115739687499,0.12209730025536963,0.13045462362547217,0.008357323370102532,0.0017721024877193376,0.060757813086695873,1.0419935707786907,1.002533639195984,1.088003599668162,2000
RandomForest,individual,RandomForest,sigmoid,Cached fitted individual; sigmoid fitted to cached training OOF,sigmoid,7,0.37999999999999995,own validation,7,CV17_THY_CONT,LVEF,single variable,cardiovascular,1,0.7452590842555569,0.7227686772810777,0.022490406974479127,0.8410127431254192,0.8092219986586183,0.03179074446680086,0.6356546074048491,0.5743934500079741,0.06126115739687499,0.10692705464634006,0.11796027635897834,0.011033221712638278,-0.004654742799045769,0.05215199716219092,1.0311170194301778,0.9938013996098548,1.0733517525042546,2000
AdaBoost,individual,AdaBoost,raw,Cached fitted individual; sigmoid fitted to cached training OOF,raw_fixed,8,0.5,fixed 0.5,7,CV17_THY_CONT,LVEF,single variable,cardiovascular,1,0.7035592443093917,0.6755788255471042,0.027980418762287407,0.8369634473507713,0.7964243796109993,0.040539067739772006,0.5904214779938294,0.5495744024067344,0.040847075587094994,0.1861595753416243,0.19758414933216117,0.011424573990536868,0.0005563932408833516,0.058288474054692625,1.0414169563997628,1.0008104464314123,1.0888823959047385,2000
AdaBoost,individual,AdaBoost,raw,Cached fitted individual; sigmoid fitted to cached training OOF,raw_threshold,8,0.58,own validation,7,CV17_THY_CONT,LVEF,single variable,cardiovascular,1,0.7308812260536399,0.6886432814208457,0.04223794463279418,0.8369634473507713,0.7964243796109993,0.040539067739772006,0.5904214779938294,0.5495744024067344,0.040847075587094994,0.1861595753416243,0.19758414933216117,0.011424573990536868,0.005936387441249222,0.0782436733619951,1.0613350130210326,1.0085791164963736,1.1189604420811674,2000
AdaBoost,individual,AdaBoost,sigmoid,Cached fitted individual; sigmoid fitted to cached training OOF,sigmoid,9,0.4099999999999999,own validation,7,CV17_THY_CONT,LVEF,single variable,cardiovascular,1,0.7293557557283282,0.6689014590688787,0.06045429665944957,0.8369634473507713,0.7964243796109993,0.040539067739772006,0.5904214779938294,0.5495744024067344,0.040847075587094994,0.11138800805411916,0.12113994967794779,0.009751941623828628,0.023762997317944557,0.10004801507091458,1.0903784792809437,1.0335506330263984,1.1553311119929104,2000
MLP,individual,MLP,raw,Cached fitted individual; sigmoid fitted to cached training OOF,raw_fixed,10,0.5,fixed 0.5,7,CV17_THY_CONT,LVEF,single variable,cardiovascular,1,0.7086712317698171,0.7092233813545289,-0.0005521495847118363,0.8466968477531858,0.812625754527163,0.03407109322602275,0.6105382221434775,0.5604170417616128,0.05012118038186475,0.15329636532074958,0.15554338456858502,0.0022470192478354356,-0.024692063187510833,0.02431909998658116,0.9992214729530529,0.9657849556406075,1.0353608622747807,2000
MLP,individual,MLP,raw,Cached fitted individual; sigmoid fitted to cached training OOF,raw_threshold,10,0.6799999999999999,own validation,7,CV17_THY_CONT,LVEF,single variable,cardiovascular,1,0.7489136160834274,0.7110723964382502,0.03784121964517728,0.8466968477531858,0.812625754527163,0.03407109322602275,0.6105382221434775,0.5604170417616128,0.05012118038186475,0.15329636532074958,0.15554338456858502,0.0022470192478354356,0.00380490299284951,0.07288958242494951,1.0532171123991358,1.005257296307224,1.1055708058905676,2000
MLP,individual,MLP,sigmoid,Cached fitted individual; sigmoid fitted to cached training OOF,sigmoid,11,0.31999999999999995,own validation,7,CV17_THY_CONT,LVEF,single variable,cardiovascular,1,0.7574482553444686,0.7127322767208445,0.044715978623624086,0.8466968477531858,0.812625754527163,0.03407109322602275,0.6105382221434775,0.5604170417616128,0.05012118038186475,0.11299743818759635,0.12290217213351906,0.009904733945922714,0.010683310106084476,0.07968072034808535,1.0627388152383872,1.014156436659576,1.11460951090013,2000
GradientBoosting,individual,GradientBoosting,raw,Cached fitted individual; sigmoid fitted to cached training OOF,raw_fixed,12,0.5,fixed 0.5,7,CV17_THY_CONT,LVEF,single variable,cardiovascular,1,0.7196397818599312,0.6922712590108651,0.0273685228490661,0.840627095908786,0.7906103286384977,0.050016767270288365,0.6218609666423225,0.5570050629364123,0.06485590370591021,0.13797559292209854,0.14478494321255625,0.006809350290457705,-0.00011903084136197173,0.058076429463475535,1.0395343913138484,0.9998303506000247,1.0855311646645072,2000
GradientBoosting,individual,GradientBoosting,raw,Cached fitted individual; sigmoid fitted to cached training OOF,raw_threshold,12,0.6599999999999999,own validation,7,CV17_THY_CONT,LVEF,single variable,cardiovascular,1,0.7604147716936511,0.7134139418710264,0.04700082982262477,0.840627095908786,0.7906103286384977,0.050016767270288365,0.6218609666423225,0.5570050629364123,0.06485590370591021,0.13797559292209854,0.14478494321255625,0.006809350290457705,0.013017715323443816,0.08212644819034647,1.065881568979937,1.0179299948161988,1.118876278582442,2000
GradientBoosting,individual,GradientBoosting,sigmoid,Cached fitted individual; sigmoid fitted to cached training OOF,sigmoid,13,0.37999999999999995,own validation,7,CV17_THY_CONT,LVEF,single variable,cardiovascular,1,0.7579298142781161,0.7076257076257076,0.050304106652408476,0.840627095908786,0.7906103286384977,0.050016767270288365,0.6218609666423225,0.5570050629364123,0.06485590370591021,0.10818765827236983,0.12014351997548371,0.011955861703113885,0.016041996504903646,0.08526910874356942,1.0710885798951448,1.022155897076773,1.1244481920732283,2000
XGBoost,individual,XGBoost,raw,Cached fitted individual; sigmoid fitted to cached training OOF,raw_fixed,14,0.5,fixed 0.5,7,CV17_THY_CONT,LVEF,single variable,cardiovascular,1,0.7340850209815728,0.7067048437127177,0.02738017726885511,0.8427649228705567,0.8019366197183099,0.040828303152246836,0.6207142319116041,0.5745448549098016,0.04616937700180257,0.142721285120714,0.15223263772230486,0.009511352601590861,0.002553618291887902,0.05373173665100591,1.0387434407906584,1.0035776590278938,1.0775008112927826,2000
XGBoost,individual,XGBoost,raw,Cached fitted individual; sigmoid fitted to cached training OOF,raw_threshold,14,0.6,own validation,7,CV17_THY_CONT,LVEF,single variable,cardiovascular,1,0.7375657580105213,0.7175673630033303,0.019998395007190917,0.8427649228705567,0.8019366197183099,0.040828303152246836,0.6207142319116041,0.5745448549098016,0.04616937700180257,0.142721285120714,0.15223263772230486,0.009511352601590861,-0.015307782618059948,0.054839246648287564,1.027869710968304,0.9797439531301108,1.0801134980486946,2000
XGBoost,individual,XGBoost,sigmoid,Cached fitted individual; sigmoid fitted to cached training OOF,sigmoid,15,0.36999999999999994,own validation,7,CV17_THY_CONT,LVEF,single variable,cardiovascular,1,0.738826364323119,0.708507751378504,0.03031861294461502,0.8427649228705567,0.8019366197183099,0.040828303152246836,0.6207142319116041,0.5745448549098016,0.04616937700180257,0.10779122172922385,0.11824285423761598,0.010451632508392122,-0.005678258945487105,0.06465136926519091,1.0427922106506609,0.9920598833146195,1.0955081108680333,2000
paper,voting,"LogisticRegression,RandomForest,AdaBoost",raw,models/predictive_sensitivity/h7_CV17_THY_CONT_paper.joblib,raw_fixed,16,0.5,fixed 0.5,7,CV17_THY_CONT,LVEF,single variable,cardiovascular,1,0.7329425928388122,0.7112203984463099,0.021722194392502336,0.8474765258215963,0.8179996646545943,0.02947686116700199,0.6249100841759544,0.5843164395205931,0.040593644655361305,0.14916737933582,0.1576143988078137,0.008447019471993694,-0.005084408668174494,0.050268769373808704,1.0305421419857408,0.9930914739008525,1.0716500047408606,2000
paper,voting,"LogisticRegression,RandomForest,AdaBoost",raw,models/predictive_sensitivity/h7_CV17_THY_CONT_paper.joblib,raw_threshold,16,0.38999999999999996,saved voting threshold (also applied to raw),7,CV17_THY_CONT,LVEF,single variable,cardiovascular,1,0.661069806744196,0.6392420360612945,0.021827770682901537,0.8474765258215963,0.8179996646545943,0.02947686116700199,0.6249100841759544,0.5843164395205931,0.040593644655361305,0.14916737933582,0.1576143988078137,0.008447019471993694,0.0015658750596420552,0.044266752921985425,1.0341463318297932,1.0024280339858742,1.0705984817729624,2000
paper,voting,"LogisticRegression,RandomForest,AdaBoost",sigmoid,models/predictive_sensitivity/h7_CV17_THY_CONT_paper.joblib,sigmoid,17,0.38999999999999996,saved voting threshold (also applied to raw),7,CV17_THY_CONT,LVEF,single variable,cardiovascular,1,0.7596902502253029,0.72756287124324,0.03212737898206286,0.8474765258215963,0.8179996646545943,0.02947686116700199,0.6249100841759544,0.5843164395205931,0.040593644655361305,0.10681940292729272,0.11604151929173674,0.009222116364444019,0.0005915603353471605,0.0655966493778038,1.0441575295440302,1.0007883214071593,1.0936853453514441,2000
paper_locked,voting,"LogisticRegression,RandomForest,AdaBoost",raw,models/final_h7_CV17_THY_CONT_paper_locked.joblib,raw_fixed,18,0.5,fixed 0.5,7,CV17_THY_CONT,LVEF,single variable,cardiovascular,1,0.7281870738748857,0.7089500903459205,0.01923698352896519,0.8466381623071764,0.8168259557344064,0.02981220657276995,0.6220693480215564,0.5909029630453896,0.03116638497616686,0.1566021485441328,0.1662679846617296,0.009665836117596804,-0.01127705668991678,0.04938415610420513,1.0271344679843102,0.9844866729626565,1.0718696376423371,2000
paper_locked,voting,"LogisticRegression,RandomForest,AdaBoost",raw,models/final_h7_CV17_THY_CONT_paper_locked.joblib,raw_threshold,18,0.43999999999999995,saved voting threshold (also applied to raw),7,CV17_THY_CONT,LVEF,single variable,cardiovascular,1,0.6898933929555102,0.6736502559859336,0.016243136969576577,0.8466381623071764,0.8168259557344064,0.02981220657276995,0.6220693480215564,0.5909029630453896,0.03116638497616686,0.1566021485441328,0.1662679846617296,0.009665836117596804,-0.008854496710324256,0.04217384695404729,1.0241121217207936,0.9871097848013973,1.0637713480080693,2000
paper_locked,voting,"LogisticRegression,RandomForest,AdaBoost",sigmoid,models/final_h7_CV17_THY_CONT_paper_locked.joblib,sigmoid,19,0.43999999999999995,saved voting threshold (also applied to raw),7,CV17_THY_CONT,LVEF,single variable,cardiovascular,1,0.7243328100470958,0.6974532924137188,0.026879517633377037,0.8466381623071764,0.8168259557344064,0.02981220657276995,0.6220693480215564,0.5909029630453896,0.03116638497616686,0.10735395528864841,0.1157171386414236,0.008363183352775194,-0.012590885838333432,0.06564635229510705,1.0385395236150559,0.9827329773249781,1.0982645474666686,2000
own,stacking,"LogisticRegression,KNeighbors,AdaBoost",raw,models/stacking_sensitivity/h7_CV17_THY_CONT_own.joblib,raw_fixed,20,0.5,fixed 0.5,7,CV17_THY_CONT,LVEF,single variable,cardiovascular,1,0.7036772224208319,0.6287395609429508,0.07493766147788106,0.8452045606975185,0.8183350100603621,0.026869550637156348,0.6027119778421592,0.5690076428391603,0.033704335002998964,0.10917993345567255,0.11673018093125591,0.00755024747558336,0.029545272040260688,0.12138000458474897,1.1191871263285762,1.0439885705084657,1.2003382890581173,2000
own,stacking,"LogisticRegression,KNeighbors,AdaBoost",raw,models/stacking_sensitivity/h7_CV17_THY_CONT_own.joblib,raw_threshold,20,0.33999999999999997,saved stacking threshold,7,CV17_THY_CONT,LVEF,single variable,cardiovascular,1,0.7554362964476055,0.7283220922723685,0.02711420417523691,0.8452045606975185,0.8183350100603621,0.026869550637156348,0.6027119778421592,0.5690076428391603,0.033704335002998964,0.10917993345567255,0.11673018093125591,0.00755024747558336,-0.003621696680101258,0.06056436422674586,1.0372283148663533,0.9951926920682123,1.0847097356805984,2000
own,stacking,"LogisticRegression,KNeighbors,AdaBoost",sigmoid,models/stacking_sensitivity/h7_CV17_THY_CONT_own.joblib,sigmoid,21,0.32999999999999996,saved stacking threshold,7,CV17_THY_CONT,LVEF,single variable,cardiovascular,1,0.7554362964476055,0.7283220922723685,0.02711420417523691,0.8452045606975185,0.8183350100603621,0.026869550637156348,0.6027119778421592,0.5690076428391603,0.033704335002998964,0.10921388840861973,0.11726581679837494,0.008051928389755214,-0.003621696680101258,0.06056436422674586,1.0372283148663533,0.9951926920682123,1.0847097356805984,2000
own,stacking,"LogisticRegression,KNeighbors,AdaBoost",isotonic,models/stacking_sensitivity/h7_CV17_THY_CONT_own.joblib,isotonic,22,0.33999999999999997,saved stacking threshold,7,CV17_THY_CONT,LVEF,single variable,cardiovascular,1,0.756166353170578,0.7249486344653555,0.031217718705222497,0.8448608316566063,0.8157444668008048,0.02911636485580149,0.5843766539391511,0.53750179897637,0.0468748549627811,0.11066089189702547,0.12019427339214327,0.009533381495117801,0.0017911300339671476,0.061746509057758914,1.0430619732503468,1.0023518080816856,1.0876820757901053,2000
same_baseline,stacking,"KNeighbors,RandomForest,AdaBoost,MLP",raw,models/stacking_sensitivity/h7_CV17_THY_CONT_same_baseline.joblib,raw_fixed,23,0.5,fixed 0.5,7,CV17_THY_CONT,LVEF,single variable,cardiovascular,1,0.7046565588361673,0.6343571056741281,0.07029945316203923,0.8468226022803488,0.8179577464788732,0.028864855801475575,0.6266442551545337,0.5864557600764156,0.04018849507811806,0.10694711012065376,0.11546369499237465,0.008516584871720884,0.028428990485513173,0.1124299173489212,1.1108199979683877,1.0442286485552332,1.1849378086958464,2000
same_baseline,stacking,"KNeighbors,RandomForest,AdaBoost,MLP",raw,models/stacking_sensitivity/h7_CV17_THY_CONT_same_baseline.joblib,raw_threshold,23,0.38999999999999996,saved stacking threshold,7,CV17_THY_CONT,LVEF,single variable,cardiovascular,1,0.7542358796721512,0.7287074579621335,0.02552842171001768,0.8468226022803488,0.8179577464788732,0.028864855801475575,0.6266442551545337,0.5864557600764156,0.04018849507811806,0.10694711012065376,0.11546369499237465,0.008516584871720884,-0.005104143120479046,0.0566227774568222,1.0350324693827193,0.9930706864390703,1.0803565365179961,2000
same_baseline,stacking,"KNeighbors,RandomForest,AdaBoost,MLP",sigmoid,models/stacking_sensitivity/h7_CV17_THY_CONT_same_baseline.joblib,sigmoid,24,0.3999999999999999,saved stacking threshold,7,CV17_THY_CONT,LVEF,single variable,cardiovascular,1,0.7545418151157511,0.7179349889506528,0.03660682616509836,0.8468226022803488,0.8179577464788732,0.028864855801475575,0.6266442551545337,0.5864557600764156,0.04018849507811806,0.106977825803903,0.11572195077520697,0.008744124971303974,0.0034713887524060213,0.0699742083535218,1.0509890543412623,1.0047024192312886,1.1009625339029483,2000
same_baseline,stacking,"KNeighbors,RandomForest,AdaBoost,MLP",isotonic,models/stacking_sensitivity/h7_CV17_THY_CONT_same_baseline.joblib,isotonic,25,0.32999999999999996,saved stacking threshold,7,CV17_THY_CONT,LVEF,single variable,cardiovascular,1,0.7498623008110008,0.7348388550822628,0.015023445728738039,0.8466339704896043,0.8164654594232059,0.030168511066398396,0.6078162488237903,0.5522509101755506,0.05556533864823965,0.10763459558478214,0.11750544348096649,0.009870847896184351,-0.014899932469157603,0.04601105476675374,1.0204445445757713,0.9800289880996125,1.064161317462396,2000
locked_baseline,stacking,"KNeighbors,RandomForest,AdaBoost,MLP",raw,models/stacking_sensitivity/h7_CV17_THY_CONT_locked_baseline.joblib,raw_fixed,26,0.5,fixed 0.5,7,CV17_THY_CONT,LVEF,single variable,cardiovascular,1,0.7294088812205308,0.6818131132917038,0.047595767928827026,0.8484657947686117,0.8184356136820925,0.030030181086519225,0.6414093765224447,0.6055303190758933,0.0358790574465514,0.10521713348319792,0.11312616885427987,0.007909035371081952,0.006710950483319051,0.0858746747655207,1.069807645234397,1.0095075974831216,1.1316332496897092,2000
locked_baseline,stacking,"KNeighbors,RandomForest,AdaBoost,MLP",raw,models/stacking_sensitivity/h7_CV17_THY_CONT_locked_baseline.joblib,raw_threshold,26,0.48999999999999994,saved stacking threshold,7,CV17_THY_CONT,LVEF,single variable,cardiovascular,1,0.7309705048555402,0.7028505300391934,0.02811997481634676,0.8484657947686117,0.8184356136820925,0.030030181086519225,0.6414093765224447,0.6055303190758933,0.0358790574465514,0.10521713348319792,0.11312616885427987,0.007909035371081952,-0.008814266380299437,0.06348071297438268,1.040008470669829,0.9876414144694808,1.093477328949671,2000
locked_baseline,stacking,"KNeighbors,RandomForest,AdaBoost,MLP",sigmoid,models/stacking_sensitivity/h7_CV17_THY_CONT_locked_baseline.joblib,sigmoid,27,0.48999999999999994,saved stacking threshold,7,CV17_THY_CONT,LVEF,single variable,cardiovascular,1,0.7294088812205308,0.6818131132917038,0.047595767928827026,0.8484657947686117,0.8184356136820925,0.030030181086519225,0.6414093765224447,0.6055303190758933,0.0358790574465514,0.10516829882784544,0.11337051811797784,0.008202219290132401,0.006710950483319051,0.0858746747655207,1.069807645234397,1.0095075974831216,1.1316332496897092,2000
locked_baseline,stacking,"KNeighbors,RandomForest,AdaBoost,MLP",isotonic,models/stacking_sensitivity/h7_CV17_THY_CONT_locked_baseline.joblib,isotonic,28,0.42999999999999994,saved stacking threshold,7,CV17_THY_CONT,LVEF,single variable,cardiovascular,1,0.7278237075983138,0.6745847232049598,0.05323898439335406,0.8465459423205902,0.8143611670020121,0.03218477531857811,0.6069580639148737,0.566436482146106,0.040521581768767745,0.10696678701552328,0.11647008551375579,0.009503298498232504,0.011903494219688188,0.09345508999870333,1.0789211237106215,1.0170125375335985,1.1435052955373293,2000
paper,stacking,"LogisticRegression,RandomForest,AdaBoost",raw,models/stacking_sensitivity/h7_CV17_THY_CONT_paper.joblib,raw_fixed,29,0.5,fixed 0.5,7,CV17_THY_CONT,LVEF,single variable,cardiovascular,1,0.7089681419188509,0.6298907836750336,0.07907735824381734,0.8476190476190476,0.8187877263581489,0.028831321260898712,0.6237386907226503,0.5818218122870845,0.041916878435565796,0.10684277418145065,0.11551436507400582,0.008671590892555175,0.03253951432052382,0.12409857284351894,1.1255413800190066,1.049879086881738,1.2062051299028855,2000
paper,stacking,"LogisticRegression,RandomForest,AdaBoost",raw,models/stacking_sensitivity/h7_CV17_THY_CONT_paper.joblib,raw_threshold,29,0.3999999999999999,saved stacking threshold,7,CV17_THY_CONT,LVEF,single variable,cardiovascular,1,0.7571230982019364,0.7262144742495857,0.03090862395235061,0.8476190476190476,0.8187877263581489,0.028831321260898712,0.6237386907226503,0.5818218122870845,0.041916878435565796,0.10684277418145065,0.11551436507400582,0.008671590892555175,-0.002198223940520843,0.0654878770417977,1.0425612887766926,0.9972048509157564,1.093418674813985,2000
paper,stacking,"LogisticRegression,RandomForest,AdaBoost",sigmoid,models/stacking_sensitivity/h7_CV17_THY_CONT_paper.joblib,sigmoid,30,0.38999999999999996,saved stacking threshold,7,CV17_THY_CONT,LVEF,single variable,cardiovascular,1,0.7571230982019364,0.7262144742495857,0.03090862395235061,0.8476190476190476,0.8187877263581489,0.028831321260898712,0.6237386907226503,0.5818218122870845,0.041916878435565796,0.10691330488299498,0.11609121957318067,0.009177914690185682,-0.002198223940520843,0.0654878770417977,1.0425612887766926,0.9972048509157564,1.093418674813985,2000
paper,stacking,"LogisticRegression,RandomForest,AdaBoost",isotonic,models/stacking_sensitivity/h7_CV17_THY_CONT_paper.joblib,isotonic,31,0.3499999999999999,saved stacking threshold,7,CV17_THY_CONT,LVEF,single variable,cardiovascular,1,0.7531190566334336,0.7309705048555402,0.022148551777893433,0.8453093561368209,0.8163606639839034,0.02894869215291751,0.6000089471701715,0.5532548264498429,0.046754120720328585,0.10818818153761928,0.11801695563591061,0.009828774098291332,-0.009958905144197677,0.05494547606246693,1.0303001990241325,0.9866995077730053,1.0783106675652971,2000
same_members_reselected_C,stacking,"KNeighbors,RandomForest,AdaBoost,MLP",raw,cache/classification_explainability/prepared_h7_CV17_THY_CONT.joblib,raw_fixed,32,0.5,fixed 0.5,7,CV17_THY_CONT,LVEF,single variable,cardiovascular,1,0.6911228376548599,0.6146344396344396,0.07648839802042029,0.8478286384976526,0.8209255533199196,0.026903085177732988,0.6291219667126018,0.5869946415055192,0.04212732520708262,0.10710668881529546,0.11603893695668445,0.008932248141388988,0.02847853113346739,0.1232635158157677,1.1244453500944602,1.0442763787462725,1.211904305714788,2000
same_members_reselected_C,stacking,"KNeighbors,RandomForest,AdaBoost,MLP",raw,cache/classification_explainability/prepared_h7_CV17_THY_CONT.joblib,raw_threshold,32,0.36999999999999994,saved reselected-C validation threshold,7,CV17_THY_CONT,LVEF,single variable,cardiovascular,1,0.7617419431871222,0.7288906355266113,0.03285130766051092,0.8478286384976526,0.8209255533199196,0.026903085177732988,0.6291219667126018,0.5869946415055192,0.04212732520708262,0.10710668881529546,0.11603893695668445,0.008932248141388988,0.0019620818464093862,0.06563702225534926,1.0450702836054087,1.0025704168405924,1.0919801896358265,2000
same_members_reselected_C,stacking,"KNeighbors,RandomForest,AdaBoost,MLP",sigmoid,cache/classification_explainability/prepared_h7_CV17_THY_CONT.joblib,sigmoid,33,0.35999999999999993,saved reselected-C validation threshold,7,CV17_THY_CONT,LVEF,single variable,cardiovascular,1,0.7511422092865845,0.7347606749663267,0.016381534320257796,0.8478286384976526,0.8209255533199196,0.026903085177732988,0.6291219667126018,0.5869946415055192,0.04212732520708262,0.10661452685674429,0.11477341368484865,0.008158886828104367,-0.01444328228475284,0.04888301831041016,1.0222950613422643,0.9807037121509545,1.069426553597765,2000
same_members_reselected_C,stacking,"KNeighbors,RandomForest,AdaBoost,MLP",isotonic,cache/classification_explainability/prepared_h7_CV17_THY_CONT.joblib,isotonic,34,0.33999999999999997,saved reselected-C validation threshold,7,CV17_THY_CONT,LVEF,single variable,cardiovascular,1,0.7556737369364912,0.7198717072199472,0.035802029716544004,0.8462692823608317,0.8199865861837693,0.02628269617706236,0.6070559198389371,0.5586512641750868,0.04840465566385033,0.10824084444828577,0.11643632884967768,0.008195484401391909,0.0050380202674804786,0.06988489838302027,1.04973390307949,1.0068038026996955,1.1015218575593806,2000
LogisticRegression,individual,LogisticRegression,raw,Cached fitted individual; sigmoid fitted to cached training OOF,raw_fixed,0,0.5,fixed 0.5,7,CV17_THY_CONT,TSH,single variable,thyroid,1,0.7027203218095723,0.7027203218095723,0.0,0.8415828303152246,0.8414906103286385,9.22199865861506e-05,0.586842265981418,0.5858284078266002,0.0010138581548178038,0.16219265113101544,0.16225436821519826,6.17170841828163e-05,0.0,0.0,1.0,1.0,1.0,2000
LogisticRegression,individual,LogisticRegression,raw,Cached fitted individual; sigmoid fitted to cached training OOF,raw_threshold,0,0.6399999999999999,own validation,7,CV17_THY_CONT,TSH,single variable,thyroid,1,0.7426812986420919,0.7452030111662639,-0.002521712524171993,0.8415828303152246,0.8414906103286385,9.22199865861506e-05,0.586842265981418,0.5858284078266002,0.0010138581548178038,0.16219265113101544,0.16225436821519826,6.17170841828163e-05,-0.008519275799471353,0.0,0.9966160730882911,0.9884135883162272,1.0,2000
LogisticRegression,individual,LogisticRegression,sigmoid,Cached fitted individual; sigmoid fitted to cached training OOF,sigmoid,1,0.38999999999999996,own validation,7,CV17_THY_CONT,TSH,single variable,thyroid,1,0.7361367513642372,0.7361367513642372,0.0,0.8415828303152246,0.8414906103286385,9.22199865861506e-05,0.586842265981418,0.5858284078266002,0.0010138581548178038,0.11137008767811421,0.11139545222661461,2.536454850039782e-05,0.0,0.0,1.0,1.0,1.0,2000
SVC,individual,SVC,raw,Cached fitted individual; sigmoid fitted to cached training OOF,raw_fixed,2,0.5,fixed 0.5,7,CV17_THY_CONT,TSH,single variable,thyroid,1,0.7011045261967771,0.6980110662479437,0.003093459948833366,0.8283702213279678,0.8282989604292421,7.126089872566688e-05,0.5568024589994544,0.5547762449477371,0.0020262140517172123,0.11715140617654654,0.11732500711093606,0.00017360093438952007,-0.0026013448429016263,0.011506709100417446,1.0044318207810972,0.9963133036620022,1.0165636559030895,2000
SVC,individual,SVC,raw,Cached fitted individual; sigmoid fitted to cached training OOF,raw_threshold,2,0.37999999999999995,own validation,7,CV17_THY_CONT,TSH,single variable,thyroid,1,0.716891790418474,0.7142401679142893,0.002651622504184603,0.8283702213279678,0.8282989604292421,7.126089872566688e-05,0.5568024589994544,0.5547762449477371,0.0020262140517172123,0.11715140617654654,0.11732500711093606,0.00017360093438952007,-0.002553698598938528,0.00888186515601246,1.0037125082336489,0.9964900140949144,1.0126310108419097,2000
SVC,individual,SVC,sigmoid,Cached fitted individual; sigmoid fitted to cached training OOF,sigmoid,3,0.4099999999999999,own validation,7,CV17_THY_CONT,TSH,single variable,thyroid,1,0.7072343406283659,0.7059667789344763,0.0012675616938895296,0.8283702213279678,0.8282989604292421,7.126089872566688e-05,0.5568024589994544,0.5547762449477371,0.0020262140517172123,0.1169250023920927,0.11707841247560405,0.00015341008351134333,0.0,0.004006045054269144,1.0017954976518906,1.0,1.0055830381595146,2000
KNeighbors,individual,KNeighbors,raw,Cached fitted individual; sigmoid fitted to cached training OOF,raw_fixed,4,0.5,fixed 0.5,7,CV17_THY_CONT,TSH,single variable,thyroid,1,0.7063464648956876,0.7063464648956876,0.0,0.8055122401073105,0.8039235412474849,0.001588698859825599,0.5386758931409478,0.5399660368640536,-0.0012901437231058743,0.1499207685451123,0.15027709478924006,0.0003563262441277637,-0.014063272898249773,0.01367387199240785,1.0,0.9804044359141397,1.0194160797591554,2000
KNeighbors,individual,KNeighbors,raw,Cached fitted individual; sigmoid fitted to cached training OOF,raw_threshold,4,0.59,own validation,7,CV17_THY_CONT,TSH,single variable,thyroid,1,0.6881589091885617,0.6914265266260973,-0.0032676174375355638,0.8055122401073105,0.8039235412474849,0.001588698859825599,0.5386758931409478,0.5399660368640536,-0.0012901437231058743,0.1499207685451123,0.15027709478924006,0.0003563262441277637,-0.022871000875230724,0.01557537846080217,0.9952740930356254,0.9671603406289209,1.0230604945557134,2000
KNeighbors,individual,KNeighbors,sigmoid,Cached fitted individual; sigmoid fitted to cached training OOF,sigmoid,5,0.30999999999999994,own validation,7,CV17_THY_CONT,TSH,single variable,thyroid,1,0.6881589091885617,0.6914265266260973,-0.0032676174375355638,0.8055122401073105,0.8039235412474849,0.001588698859825599,0.5386758931409478,0.5399660368640536,-0.0012901437231058743,0.12173341907432166,0.12154689150434071,-0.00018652756998094322,-0.022871000875230724,0.01557537846080217,0.9952740930356254,0.9671603406289209,1.0230604945557134,2000
RandomForest,individual,RandomForest,raw,Cached fitted individual; sigmoid fitted to cached training OOF,raw_fixed,6,0.5,fixed 0.5,7,CV17_THY_CONT,TSH,single variable,thyroid,1,0.7491346656217346,0.7548565046703669,-0.005721839048632327,0.8410127431254192,0.841641515761234,-0.0006287726358148449,0.6356546074048491,0.6303081917172959,0.00534641568755323,0.12209730025536963,0.12000836846597605,-0.0020889317893935805,-0.024046168374767175,0.013214615310891215,0.9924199645717686,0.9685267277007923,1.017838004648792,2000
RandomForest,individual,RandomForest,raw,Cached fitted individual; sigmoid fitted to cached training OOF,raw_threshold,6,0.5299999999999999,own validation,7,CV17_THY_CONT,TSH,single variable,thyroid,1,0.74400817251728,0.7427403809083197,0.0012677916089602892,0.8410127431254192,0.841641515761234,-0.0006287726358148449,0.6356546074048491,0.6303081917172959,0.00534641568755323,0.12209730025536963,0.12000836846597605,-0.0020889317893935805,-0.017818954754291357,0.02021698198147873,1.0017069108419956,0.9759913899558912,1.0276954505233225,2000
RandomForest,individual,RandomForest,sigmoid,Cached fitted individual; sigmoid fitted to cached training OOF,sigmoid,7,0.37999999999999995,own validation,7,CV17_THY_CONT,TSH,single variable,thyroid,1,0.7452590842555569,0.741446905766526,0.0038121784890308152,0.8410127431254192,0.841641515761234,-0.0006287726358148449,0.6356546074048491,0.6303081917172959,0.00534641568755323,0.10692705464634006,0.10720247539202676,0.00027542074568670527,-0.016342174718139736,0.02353992097381764,1.0051415394135197,0.9779180357612988,1.0325077318942442,2000
AdaBoost,individual,AdaBoost,raw,Cached fitted individual; sigmoid fitted to cached training OOF,raw_fixed,8,0.5,fixed 0.5,7,CV17_THY_CONT,TSH,single variable,thyroid,1,0.7035592443093917,0.7088721519586945,-0.0053129076493028116,0.8369634473507713,0.836317907444668,0.0006455399061032763,0.5904214779938294,0.5881825272545586,0.0022389507392708285,0.1861595753416243,0.1847502116397601,-0.0014093637018642025,-0.010542731333036837,-0.0010750452348061437,0.9925051257344182,0.9850950693759585,0.9984925110838584,2000
AdaBoost,individual,AdaBoost,raw,Cached fitted individual; sigmoid fitted to cached training OOF,raw_threshold,8,0.58,own validation,7,CV17_THY_CONT,TSH,single variable,thyroid,1,0.7308812260536399,0.7320659154467694,-0.0011846893931294344,0.8369634473507713,0.836317907444668,0.0006455399061032763,0.5904214779938294,0.5881825272545586,0.0022389507392708285,0.1861595753416243,0.1847502116397601,-0.0014093637018642025,-0.0075924646903446965,0.0062425918035461,0.998381717591091,0.9896283075727521,1.0086614166746894,2000
AdaBoost,individual,AdaBoost,sigmoid,Cached fitted individual; sigmoid fitted to cached training OOF,sigmoid,9,0.4099999999999999,own validation,7,CV17_THY_CONT,TSH,single variable,thyroid,1,0.7293557557283282,0.7305151122834468,-0.0011593565551185625,0.8369634473507713,0.836317907444668,0.0006455399061032763,0.5904214779938294,0.5881825272545586,0.0022389507392708285,0.11138800805411916,0.11165131086713871,0.0002633028130195475,-0.007585844743779635,0.006566608484234295,0.9984129602035273,0.9896289377814916,1.0092261482705662,2000
MLP,individual,MLP,raw,Cached fitted individual; sigmoid fitted to cached training OOF,raw_fixed,10,0.5,fixed 0.5,7,CV17_THY_CONT,TSH,single variable,thyroid,1,0.7086712317698171,0.7097460691336598,-0.0010748373638427289,0.8466968477531858,0.8485831656606304,-0.0018863179074446457,0.6105382221434775,0.6135175666055178,-0.00297934446204029,0.15329636532074958,0.15259014456753275,-0.0007062207532168296,-0.0033688190459523343,0.0,0.9984856029352094,0.9953328183883969,1.0,2000
MLP,individual,MLP,raw,Cached fitted individual; sigmoid fitted to cached training OOF,raw_threshold,10,0.6799999999999999,own validation,7,CV17_THY_CONT,TSH,single variable,thyroid,1,0.7489136160834274,0.7566118315618042,-0.007698215478376791,0.8466968477531858,0.8485831656606304,-0.0018863179074446457,0.6105382221434775,0.6135175666055178,-0.00297934446204029,0.15329636532074958,0.15259014456753275,-0.0007062207532168296,-0.01568128168293546,-0.0013611270524320738,0.9898254095994163,0.9794198922740859,0.9982145925457014,2000
MLP,individual,MLP,sigmoid,Cached fitted individual; sigmoid fitted to cached training OOF,sigmoid,11,0.31999999999999995,own validation,7,CV17_THY_CONT,TSH,single variable,thyroid,1,0.7574482553444686,0.7602408213728968,-0.002792566028428256,0.8466968477531858,0.8485831656606304,-0.0018863179074446457,0.6105382221434775,0.6135175666055178,-0.00297934446204029,0.11299743818759635,0.11264290593495914,-0.00035453225263720745,-0.012512217988668537,0.006746368346069977,0.9963267349635537,0.9835889527254044,1.0089449521035492,2000
GradientBoosting,individual,GradientBoosting,raw,Cached fitted individual; sigmoid fitted to cached training OOF,raw_fixed,12,0.5,fixed 0.5,7,CV17_THY_CONT,TSH,single variable,thyroid,1,0.7196397818599312,0.7439961380642047,-0.024356356204273566,0.840627095908786,0.842614017437961,-0.001986921529175012,0.6218609666423225,0.6071682359994937,0.014692730642828833,0.13797559292209854,0.125158913639289,-0.012816679282809551,-0.044879499952913376,-0.00418902304240399,0.9672627921595855,0.9404912247436592,0.9944244251936524,2000
GradientBoosting,individual,GradientBoosting,raw,Cached fitted individual; sigmoid fitted to cached training OOF,raw_threshold,12,0.6599999999999999,own validation,7,CV17_THY_CONT,TSH,single variable,thyroid,1,0.7604147716936511,0.7467263588024322,0.013688412891218915,0.840627095908786,0.842614017437961,-0.001986921529175012,0.6218609666423225,0.6071682359994937,0.014692730642828833,0.13797559292209854,0.125158913639289,-0.012816679282809551,-0.010484398435700565,0.03975628435845034,1.0183312303494574,0.9861018699987132,1.0542824811982225,2000
GradientBoosting,individual,GradientBoosting,sigmoid,Cached fitted individual; sigmoid fitted to cached training OOF,sigmoid,13,0.37999999999999995,own validation,7,CV17_THY_CONT,TSH,single variable,thyroid,1,0.7579298142781161,0.7440629640088543,0.013866850269261821,0.840627095908786,0.842614017437961,-0.001986921529175012,0.6218609666423225,0.6071682359994937,0.014692730642828833,0.10818765827236983,0.10957436186821931,0.0013867035958494839,-0.010385693827536133,0.04006163823356284,1.018636662406297,0.9862914495961326,1.0548437442958367,2000
XGBoost,individual,XGBoost,raw,Cached fitted individual; sigmoid fitted to cached training OOF,raw_fixed,14,0.5,fixed 0.5,7,CV17_THY_CONT,TSH,single variable,thyroid,1,0.7340850209815728,0.7455000142089858,-0.011414993227413017,0.8427649228705567,0.8446428571428571,-0.00187793427230043,0.6207142319116041,0.6084055007378713,0.012308731173732879,0.142721285120714,0.13557701792142055,-0.0071442671992934526,-0.02937665691176391,0.006928978620364855,0.9846881381490986,0.9613552102395411,1.0091359499988652,2000
XGBoost,individual,XGBoost,raw,Cached fitted individual; sigmoid fitted to cached training OOF,raw_threshold,14,0.6,own validation,7,CV17_THY_CONT,TSH,single variable,thyroid,1,0.7375657580105213,0.7387964841108857,-0.0012307261003644543,0.8427649228705567,0.8446428571428571,-0.00187793427230043,0.6207142319116041,0.6084055007378713,0.012308731173732879,0.142721285120714,0.13557701792142055,-0.0071442671992934526,-0.02129781597889727,0.019746011582136982,0.9983341473236089,0.9716227112104863,1.0277064584329754,2000
XGBoost,individual,XGBoost,sigmoid,Cached fitted individual; sigmoid fitted to cached training OOF,sigmoid,15,0.36999999999999994,own validation,7,CV17_THY_CONT,TSH,single variable,thyroid,1,0.738826364323119,0.7347606749663267,0.004065689356792301,0.8427649228705567,0.8446428571428571,-0.00187793427230043,0.6207142319116041,0.6084055007378713,0.012308731173732879,0.10779122172922385,0.10912512407644948,0.0013339023472256212,-0.017403492479180542,0.026367334741876407,1.0055333518726741,0.9769906072894927,1.0370085028386704,2000
paper,voting,"LogisticRegression,RandomForest,AdaBoost",raw,models/predictive_sensitivity/h7_CV17_THY_CONT_paper.joblib,raw_fixed,16,0.5,fixed 0.5,7,CV17_THY_CONT,TSH,single variable,thyroid,1,0.7329425928388122,0.7410029498525074,-0.008060357013695119,0.8474765258215963,0.8467723004694836,0.0007042253521126751,0.6249100841759544,0.6185114882864122,0.006398595889542169,0.14916737933582,0.1476220018955995,-0.0015453774402205134,-0.01663568915087007,-0.0002081178107310027,0.9891223685205309,0.9774925713750403,0.9997196464267558,2000
paper,voting,"LogisticRegression,RandomForest,AdaBoost",raw,models/predictive_sensitivity/h7_CV17_THY_CONT_paper.joblib,raw_threshold,16,0.38999999999999996,saved voting threshold (also applied to raw),7,CV17_THY_CONT,TSH,single variable,thyroid,1,0.661069806744196,0.6685940010753633,-0.007524194331167244,0.8474765258215963,0.8467723004694836,0.0007042253521126751,0.6249100841759544,0.6185114882864122,0.006398595889542169,0.14916737933582,0.1476220018955995,-0.0015453774402205134,-0.016564505505722405,0.0011152245054581718,0.9887462431325059,0.9752022061250116,1.0016413060493472,2000
paper,voting,"LogisticRegression,RandomForest,AdaBoost",sigmoid,models/predictive_sensitivity/h7_CV17_THY_CONT_paper.joblib,sigmoid,17,0.38999999999999996,saved voting threshold (also applied to raw),7,CV17_THY_CONT,TSH,single variable,thyroid,1,0.7596902502253029,0.750714920081134,0.008975330144168847,0.8474765258215963,0.8467723004694836,0.0007042253521126751,0.6249100841759544,0.6185114882864122,0.006398595889542169,0.10681940292729272,0.10747092640942854,0.0006515234821358185,-0.002990575136515536,0.022350397658893812,1.0119557103556684,0.9961147510383458,1.0302839358922768,2000
paper_locked,voting,"LogisticRegression,RandomForest,AdaBoost",raw,models/final_h7_CV17_THY_CONT_paper_locked.joblib,raw_fixed,18,0.5,fixed 0.5,7,CV17_THY_CONT,TSH,single variable,thyroid,1,0.7281870738748857,0.7324806773170542,-0.004293603442168559,0.8466381623071764,0.8451794097920858,0.0014587525150905334,0.6220693480215564,0.6153589703216104,0.006710377699946091,0.1566021485441328,0.15665360088175342,5.145233762063328e-05,-0.011561115469239772,0.0022459598881815835,0.9941382707078428,0.9840800584999727,1.003089606823228,2000
paper_locked,voting,"LogisticRegression,RandomForest,AdaBoost",raw,models/final_h7_CV17_THY_CONT_paper_locked.joblib,raw_threshold,18,0.43999999999999995,saved voting threshold (also applied to raw),7,CV17_THY_CONT,TSH,single variable,thyroid,1,0.6898933929555102,0.6880741684038058,0.001819224551704468,0.8466381623071764,0.8451794097920858,0.0014587525150905334,0.6220693480215564,0.6153589703216104,0.006710377699946091,0.1566021485441328,0.15665360088175342,5.145233762063328e-05,-0.005147438138919158,0.009524640516224637,1.002643936708051,0.9925544628222042,1.013828435015339,2000
paper_locked,voting,"LogisticRegression,RandomForest,AdaBoost",sigmoid,models/final_h7_CV17_THY_CONT_paper_locked.joblib,sigmoid,19,0.43999999999999995,saved voting threshold (also applied to raw),7,CV17_THY_CONT,TSH,single variable,thyroid,1,0.7243328100470958,0.7369911997037477,-0.012658389656651892,0.8466381623071764,0.8451794097920858,0.0014587525150905334,0.6220693480215564,0.6153589703216104,0.006710377699946091,0.10735395528864841,0.10820374238706301,0.0008497870984146005,-0.026681265007119415,0.0,0.982824232281552,0.9636767669940184,1.0,2000
own,stacking,"LogisticRegression,KNeighbors,AdaBoost",raw,models/stacking_sensitivity/h7_CV17_THY_CONT_own.joblib,raw_fixed,20,0.5,fixed 0.5,7,CV17_THY_CONT,TSH,single variable,thyroid,1,0.7036772224208319,0.7049731182795699,-0.0012958958587380165,0.8452045606975185,0.8449949698189135,0.0002095908786049483,0.6027119778421592,0.6007939380526232,0.0019180397895360857,0.10917993345567255,0.10935952223252973,0.0001795887768571841,-0.010638832406035479,0.007439819397903021,0.99816177975424,0.9849641773655934,1.0108145822042283,2000
own,stacking,"LogisticRegression,KNeighbors,AdaBoost",raw,models/stacking_sensitivity/h7_CV17_THY_CONT_own.joblib,raw_threshold,20,0.33999999999999997,saved stacking threshold,7,CV17_THY_CONT,TSH,single variable,thyroid,1,0.7554362964476055,0.7588406510064363,-0.0034043545588308133,0.8452045606975185,0.8449949698189135,0.0002095908786049483,0.6027119778421592,0.6007939380526232,0.0019180397895360857,0.10917993345567255,0.10935952223252973,0.0001795887768571841,-0.011285215790307414,0.003830026856822221,0.9955137425040215,0.9848788190328339,1.0050609212109936,2000
own,stacking,"LogisticRegression,KNeighbors,AdaBoost",sigmoid,models/stacking_sensitivity/h7_CV17_THY_CONT_own.joblib,sigmoid,21,0.32999999999999996,saved stacking threshold,7,CV17_THY_CONT,TSH,single variable,thyroid,1,0.7554362964476055,0.7611607553745683,-0.005724458926962828,0.8452045606975185,0.8449949698189135,0.0002095908786049483,0.6027119778421592,0.6007939380526232,0.0019180397895360857,0.10921388840861973,0.10942050374809849,0.00020661533947875788,-0.015559485214753033,0.002556488390379322,0.9924793036339008,0.9795396868027514,1.003405251487812,2000
own,stacking,"LogisticRegression,KNeighbors,AdaBoost",isotonic,models/stacking_sensitivity/h7_CV17_THY_CONT_own.joblib,isotonic,22,0.33999999999999997,saved stacking threshold,7,CV17_THY_CONT,TSH,single variable,thyroid,1,0.756166353170578,0.7554122890799109,0.0007540640906671392,0.8448608316566063,0.8436032863849765,0.0012575452716298008,0.5843766539391511,0.5833155690065742,0.001061084932576839,0.11066089189702547,0.11089158294426435,0.00023069104723888456,-0.007295122169637141,0.009927732640627743,1.0009982152813341,0.99022352071778,1.0133707379226242,2000
same_baseline,stacking,"KNeighbors,RandomForest,AdaBoost,MLP",raw,models/stacking_sensitivity/h7_CV17_THY_CONT_same_baseline.joblib,raw_fixed,23,0.5,fixed 0.5,7,CV17_THY_CONT,TSH,single variable,thyroid,1,0.7046565588361673,0.7059408768974655,-0.0012843180612982508,0.8468226022803488,0.8460429242119383,0.0007796780684105054,0.6266442551545337,0.619888704613533,0.006755550541000743,0.10694711012065376,0.10749758779336709,0.0005504776727133232,-0.01385875386196798,0.010824954063531988,0.9981807002493712,0.980350877594161,1.0155187909065884,2000
same_baseline,stacking,"KNeighbors,RandomForest,AdaBoost,MLP",raw,models/stacking_sensitivity/h7_CV17_THY_CONT_same_baseline.joblib,raw_threshold,23,0.38999999999999996,saved stacking threshold,7,CV17_THY_CONT,TSH,single variable,thyroid,1,0.7542358796721512,0.759551931588293,-0.005316051916141817,0.8468226022803488,0.8460429242119383,0.0007796780684105054,0.6266442551545337,0.619888704613533,0.006755550541000743,0.10694711012065376,0.10749758779336709,0.0005504776727133232,-0.020764943296819858,0.009059567548216482,0.9930010685312518,0.9725924798744752,1.0120264122232667,2000
same_baseline,stacking,"KNeighbors,RandomForest,AdaBoost,MLP",sigmoid,models/stacking_sensitivity/h7_CV17_THY_CONT_same_baseline.joblib,sigmoid,24,0.3999999999999999,saved stacking threshold,7,CV17_THY_CONT,TSH,single variable,thyroid,1,0.7545418151157511,0.7519462581617278,0.002595556954023359,0.8468226022803488,0.8460429242119383,0.0007796780684105054,0.6266442551545337,0.619888704613533,0.006755550541000743,0.106977825803903,0.10751821709642248,0.000540391292519482,-0.012242611326889913,0.018744847148163594,1.0034517851852454,0.9836173482562528,1.0250942454667722,2000
same_baseline,stacking,"KNeighbors,RandomForest,AdaBoost,MLP",isotonic,models/stacking_sensitivity/h7_CV17_THY_CONT_same_baseline.joblib,isotonic,25,0.32999999999999996,saved stacking threshold,7,CV17_THY_CONT,TSH,single variable,thyroid,1,0.7498623008110008,0.7539916545968688,-0.004129353785867984,0.8466339704896043,0.8465291750503018,0.00010479543930252966,0.6078162488237903,0.6010273827448758,0.0067888660789144906,0.10763459558478214,0.10832728030848145,0.0006926847236993078,-0.017301997049350086,0.008702026365512788,0.9945233428504248,0.9769067674071722,1.0117372615529554,2000
locked_baseline,stacking,"KNeighbors,RandomForest,AdaBoost,MLP",raw,models/stacking_sensitivity/h7_CV17_THY_CONT_locked_baseline.joblib,raw_fixed,26,0.5,fixed 0.5,7,CV17_THY_CONT,TSH,single variable,thyroid,1,0.7294088812205308,0.723819202477739,0.005589678742791815,0.8484657947686117,0.8461770623742455,0.002288732394366222,0.6414093765224447,0.6281233463398325,0.013286030182612207,0.10521713348319792,0.10641628244278864,0.0011991489595907234,-0.00775608919940404,0.019155481748053347,1.0077224792098047,0.9894286197601354,1.0272133397928196,2000
locked_baseline,stacking,"KNeighbors,RandomForest,AdaBoost,MLP",raw,models/stacking_sensitivity/h7_CV17_THY_CONT_locked_baseline.joblib,raw_threshold,26,0.48999999999999994,saved stacking threshold,7,CV17_THY_CONT,TSH,single variable,thyroid,1,0.7309705048555402,0.7211813274055255,0.009789177450014619,0.8484657947686117,0.8461770623742455,0.002288732394366222,0.6414093765224447,0.6281233463398325,0.013286030182612207,0.10521713348319792,0.10641628244278864,0.0011991489595907234,-0.004946642787622887,0.025869703088471085,1.013573808802332,0.9932194555766467,1.036556916620985,2000
locked_baseline,stacking,"KNeighbors,RandomForest,AdaBoost,MLP",sigmoid,models/stacking_sensitivity/h7_CV17_THY_CONT_locked_baseline.joblib,sigmoid,27,0.48999999999999994,saved stacking threshold,7,CV17_THY_CONT,TSH,single variable,thyroid,1,0.7294088812205308,0.723819202477739,0.005589678742791815,0.8484657947686117,0.8461770623742455,0.002288732394366222,0.6414093765224447,0.6281233463398325,0.013286030182612207,0.10516829882784544,0.10636969005463752,0.0012013912267920812,-0.00775608919940404,0.019155481748053347,1.0077224792098047,0.9894286197601354,1.0272133397928196,2000
locked_baseline,stacking,"KNeighbors,RandomForest,AdaBoost,MLP",isotonic,models/stacking_sensitivity/h7_CV17_THY_CONT_locked_baseline.joblib,isotonic,28,0.42999999999999994,saved stacking threshold,7,CV17_THY_CONT,TSH,single variable,thyroid,1,0.7278237075983138,0.723819202477739,0.0040045051205748194,0.8465459423205902,0.8433350100603622,0.003210932260228061,0.6069580639148737,0.600213082579188,0.006744981335685685,0.10696678701552328,0.10795260369922628,0.0009858166837029975,-0.00905057387168392,0.01674875228039937,1.0055324659899416,0.9876627470822891,1.023582038433735,2000
paper,stacking,"LogisticRegression,RandomForest,AdaBoost",raw,models/stacking_sensitivity/h7_CV17_THY_CONT_paper.joblib,raw_fixed,29,0.5,fixed 0.5,7,CV17_THY_CONT,TSH,single variable,thyroid,1,0.7089681419188509,0.7089681419188509,0.0,0.8476190476190476,0.8468896713615024,0.0007293762575452112,0.6237386907226503,0.6166482149930614,0.007090475729588874,0.10684277418145065,0.1074090179888893,0.0005662438074386517,-0.01230717080276853,0.01162416423237409,1.0,0.9826672467912392,1.0161018605289138,2000
paper,stacking,"LogisticRegression,RandomForest,AdaBoost",raw,models/stacking_sensitivity/h7_CV17_THY_CONT_paper.joblib,raw_threshold,29,0.3999999999999999,saved stacking threshold,7,CV17_THY_CONT,TSH,single variable,thyroid,1,0.7571230982019364,0.750714920081134,0.006408178120802299,0.8476190476190476,0.8468896713615024,0.0007293762575452112,0.6237386907226503,0.6166482149930614,0.007090475729588874,0.10684277418145065,0.1074090179888893,0.0005662438074386517,-0.0036335022744308776,0.018754364398663056,1.0085361006547062,0.9949952669806856,1.025108552073504,2000
paper,stacking,"LogisticRegression,RandomForest,AdaBoost",sigmoid,models/stacking_sensitivity/h7_CV17_THY_CONT_paper.joblib,sigmoid,30,0.38999999999999996,saved stacking threshold,7,CV17_THY_CONT,TSH,single variable,thyroid,1,0.7571230982019364,0.750714920081134,0.006408178120802299,0.8476190476190476,0.8468896713615024,0.0007293762575452112,0.6237386907226503,0.6166482149930614,0.007090475729588874,0.10691330488299498,0.10748803121412036,0.0005747263311253747,-0.0036335022744308776,0.018754364398663056,1.0085361006547062,0.9949952669806856,1.025108552073504,2000
paper,stacking,"LogisticRegression,RandomForest,AdaBoost",isotonic,models/stacking_sensitivity/h7_CV17_THY_CONT_paper.joblib,isotonic,31,0.3499999999999999,saved stacking threshold,7,CV17_THY_CONT,TSH,single variable,thyroid,1,0.7531190566334336,0.7571230982019364,-0.004004041568502759,0.8453093561368209,0.8454770288397049,-0.00016767270288398084,0.6000089471701715,0.5968748882926123,0.0031340588775592426,0.10818818153761928,0.10871460198122562,0.0005264204436063458,-0.012823918357472458,0.0043067504610576285,0.9947115051990729,0.9832727445836604,1.005790523099717,2000
same_members_reselected_C,stacking,"KNeighbors,RandomForest,AdaBoost,MLP",raw,cache/classification_explainability/prepared_h7_CV17_THY_CONT.joblib,raw_fixed,32,0.5,fixed 0.5,7,CV17_THY_CONT,TSH,single variable,thyroid,1,0.6911228376548599,0.6992872553455849,-0.008164417690724957,0.8478286384976526,0.8474849094567405,0.00034372904091206635,0.6291219667126018,0.6213712470166699,0.007750719695931885,0.10710668881529546,0.10750515617406821,0.0003984673587727472,-0.02386043729601238,0.004458120074742003,0.9883246582455015,0.9662564590760039,1.006440739726141,2000
same_members_reselected_C,stacking,"KNeighbors,RandomForest,AdaBoost,MLP",raw,cache/classification_explainability/prepared_h7_CV17_THY_CONT.joblib,raw_threshold,32,0.36999999999999994,saved reselected-C validation threshold,7,CV17_THY_CONT,TSH,single variable,thyroid,1,0.7617419431871222,0.7634301262400947,-0.0016881830529724695,0.8478286384976526,0.8474849094567405,0.00034372904091206635,0.6291219667126018,0.6213712470166699,0.007750719695931885,0.10710668881529546,0.10750515617406821,0.0003984673587727472,-0.013879895313823437,0.010939444096554327,0.9977886868818149,0.9820421568023495,1.0146304490273943,2000
same_members_reselected_C,stacking,"KNeighbors,RandomForest,AdaBoost,MLP",sigmoid,cache/classification_explainability/prepared_h7_CV17_THY_CONT.joblib,sigmoid,33,0.35999999999999993,saved reselected-C validation threshold,7,CV17_THY_CONT,TSH,single variable,thyroid,1,0.7511422092865845,0.7550113635637499,-0.0038691542771653875,0.8478286384976526,0.8474849094567405,0.00034372904091206635,0.6291219667126018,0.6213712470166699,0.007750719695931885,0.10661452685674429,0.10712486914317217,0.0005103422864278784,-0.013221911551203077,0.005675594064267682,0.9948753694793381,0.9824478372805325,1.0073438059700857,2000
same_members_reselected_C,stacking,"KNeighbors,RandomForest,AdaBoost,MLP",isotonic,cache/classification_explainability/prepared_h7_CV17_THY_CONT.joblib,isotonic,34,0.33999999999999997,saved reselected-C validation threshold,7,CV17_THY_CONT,TSH,single variable,thyroid,1,0.7556737369364912,0.7634301262400947,-0.00775638930360345,0.8462692823608317,0.8461602951039571,0.000108987256874582,0.6070559198389371,0.6019377547173408,0.005118165121596352,0.10824084444828577,0.10856548971158973,0.0003246452633039604,-0.023886877254843956,0.008045306354451229,0.9898400796130435,0.9691663812497257,1.0107693339697914,2000
LogisticRegression,individual,LogisticRegression,raw,Cached fitted individual; sigmoid fitted to cached training OOF,raw_fixed,0,0.5,fixed 0.5,7,CV17_THY_CONT,fT3,single variable,thyroid,1,0.7027203218095723,0.7027203218095723,0.0,0.8415828303152246,0.8415828303152246,0.0,0.586842265981418,0.586842265981418,0.0,0.16219265113101544,0.16219265113101544,0.0,0.0,0.0,1.0,1.0,1.0,2000
LogisticRegression,individual,LogisticRegression,raw,Cached fitted individual; sigmoid fitted to cached training OOF,raw_threshold,0,0.6399999999999999,own validation,7,CV17_THY_CONT,fT3,single variable,thyroid,1,0.7426812986420919,0.7426812986420919,0.0,0.8415828303152246,0.8415828303152246,0.0,0.586842265981418,0.586842265981418,0.0,0.16219265113101544,0.16219265113101544,0.0,0.0,0.0,1.0,1.0,1.0,2000
LogisticRegression,individual,LogisticRegression,sigmoid,Cached fitted individual; sigmoid fitted to cached training OOF,sigmoid,1,0.38999999999999996,own validation,7,CV17_THY_CONT,fT3,single variable,thyroid,1,0.7361367513642372,0.7361367513642372,0.0,0.8415828303152246,0.8415828303152246,0.0,0.586842265981418,0.586842265981418,0.0,0.11137008767811421,0.11137008767811421,0.0,0.0,0.0,1.0,1.0,1.0,2000
SVC,individual,SVC,raw,Cached fitted individual; sigmoid fitted to cached training OOF,raw_fixed,2,0.5,fixed 0.5,7,CV17_THY_CONT,fT3,single variable,thyroid,1,0.7011045261967771,0.7011045261967771,0.0,0.8283702213279678,0.8284959758551308,-0.00012575452716301339,0.5568024589994544,0.5569003998646891,-9.794086523473577e-05,0.11715140617654654,0.11712896580012463,-2.2440376421906105e-05,0.0,0.0,1.0,1.0,1.0,2000
SVC,individual,SVC,raw,Cached fitted individual; sigmoid fitted to cached training OOF,raw_threshold,2,0.37999999999999995,own validation,7,CV17_THY_CONT,fT3,single variable,thyroid,1,0.716891790418474,0.716891790418474,0.0,0.8283702213279678,0.8284959758551308,-0.00012575452716301339,0.5568024589994544,0.5569003998646891,-9.794086523473577e-05,0.11715140617654654,0.11712896580012463,-2.2440376421906105e-05,0.0,0.0,1.0,1.0,1.0,2000
SVC,individual,SVC,sigmoid,Cached fitted individual; sigmoid fitted to cached training OOF,sigmoid,3,0.4099999999999999,own validation,7,CV17_THY_CONT,fT3,single variable,thyroid,1,0.7072343406283659,0.7072343406283659,0.0,0.8283702213279678,0.8284959758551308,-0.00012575452716301339,0.5568024589994544,0.5569003998646891,-9.794086523473577e-05,0.1169250023920927,0.11690651279901151,-1.8489593081191802e-05,0.0,0.0,1.0,1.0,1.0,2000
KNeighbors,individual,KNeighbors,raw,Cached fitted individual; sigmoid fitted to cached training OOF,raw_fixed,4,0.5,fixed 0.5,7,CV17_THY_CONT,fT3,single variable,thyroid,1,0.7063464648956876,0.7085458470194899,-0.002199382123802218,0.8055122401073105,0.8018192488262911,0.0036929912810194088,0.5386758931409478,0.5281117757980031,0.010564117342944712,0.1499207685451123,0.1503556803355279,0.0004349117904156041,-0.014596857410904352,0.009663597531778294,0.9968959212264754,0.9796351673843348,1.0138258678487138,2000
KNeighbors,individual,KNeighbors,raw,Cached fitted individual; sigmoid fitted to cached training OOF,raw_threshold,4,0.59,own validation,7,CV17_THY_CONT,fT3,single variable,thyroid,1,0.6881589091885617,0.6922775896360802,-0.004118680447518508,0.8055122401073105,0.8018192488262911,0.0036929912810194088,0.5386758931409478,0.5281117757980031,0.010564117342944712,0.1499207685451123,0.1503556803355279,0.0004349117904156041,-0.017832715595057114,0.008457560604438714,0.9940505362167167,0.9742138827616058,1.0124223753157644,2000
KNeighbors,individual,KNeighbors,sigmoid,Cached fitted individual; sigmoid fitted to cached training OOF,sigmoid,5,0.30999999999999994,own validation,7,CV17_THY_CONT,fT3,single variable,thyroid,1,0.6881589091885617,0.6922775896360802,-0.004118680447518508,0.8055122401073105,0.8018192488262911,0.0036929912810194088,0.5386758931409478,0.5281117757980031,0.010564117342944712,0.12173341907432166,0.12273757963004073,0.001004160555719072,-0.017832715595057114,0.008457560604438714,0.9940505362167167,0.9742138827616058,1.0124223753157644,2000
RandomForest,individual,RandomForest,raw,Cached fitted individual; sigmoid fitted to cached training OOF,raw_fixed,6,0.5,fixed 0.5,7,CV17_THY_CONT,fT3,single variable,thyroid,1,0.7491346656217346,0.7497317236753857,-0.0005970580536510672,0.8410127431254192,0.8409540576794098,5.8685446009398845e-05,0.6356546074048491,0.6257895375278588,0.009865069876990318,0.12209730025536963,0.11979286111709408,-0.002304439138275549,-0.01446193257498916,0.013330631689298739,0.9992036377349433,0.9809645646549705,1.0180593049265738,2000
RandomForest,individual,RandomForest,raw,Cached fitted individual; sigmoid fitted to cached training OOF,raw_threshold,6,0.5299999999999999,own validation,7,CV17_THY_CONT,fT3,single variable,thyroid,1,0.74400817251728,0.7543460780102001,-0.01033790549292013,0.8410127431254192,0.8409540576794098,5.8685446009398845e-05,0.6356546074048491,0.6257895375278588,0.009865069876990318,0.12209730025536963,0.11979286111709408,-0.002304439138275549,-0.029200925274608342,0.008246410034991502,0.9862955402112128,0.961496319703858,1.0107523426285547,2000
RandomForest,individual,RandomForest,sigmoid,Cached fitted individual; sigmoid fitted to cached training OOF,sigmoid,7,0.37999999999999995,own validation,7,CV17_THY_CONT,fT3,single variable,thyroid,1,0.7452590842555569,0.7543460780102001,-0.00908699375464328,0.8410127431254192,0.8409540576794098,5.8685446009398845e-05,0.6356546074048491,0.6257895375278588,0.009865069876990318,0.10692705464634006,0.10692681343061218,-2.4121572787805245e-07,-0.02888367069428329,0.009736319761197487,0.9879538132171207,0.9621016313310625,1.0128505380895416,2000
AdaBoost,individual,AdaBoost,raw,Cached fitted individual; sigmoid fitted to cached training OOF,raw_fixed,8,0.5,fixed 0.5,7,CV17_THY_CONT,fT3,single variable,thyroid,1,0.7035592443093917,0.7027203218095723,0.0008389224998193168,0.8369634473507713,0.8358065057008719,0.0011569416498994345,0.5904214779938294,0.5863742366081263,0.004047241385703115,0.1861595753416243,0.18581057995041858,-0.0003489953912057253,-0.0030521536718240926,0.005705791168168824,1.0011938213166498,0.9955659460341186,1.0081844878166837,2000
AdaBoost,individual,AdaBoost,raw,Cached fitted individual; sigmoid fitted to cached training OOF,raw_threshold,8,0.58,own validation,7,CV17_THY_CONT,fT3,single variable,thyroid,1,0.7308812260536399,0.7198577734521157,0.011023452601524264,0.8369634473507713,0.8358065057008719,0.0011569416498994345,0.5904214779938294,0.5863742366081263,0.004047241385703115,0.1861595753416243,0.18581057995041858,-0.0003489953912057253,-0.0005292042354189284,0.024593838987267396,1.015313375791805,0.9992516732124783,1.0348651922384022,2000
AdaBoost,individual,AdaBoost,sigmoid,Cached fitted individual; sigmoid fitted to cached training OOF,sigmoid,9,0.4099999999999999,own validation,7,CV17_THY_CONT,fT3,single variable,thyroid,1,0.7293557557283282,0.7196316179192892,0.009724137809039024,0.8369634473507713,0.8358065057008719,0.0011569416498994345,0.5904214779938294,0.5863742366081263,0.004047241385703115,0.11138800805411916,0.11172316222773222,0.00033515417361305866,-7.080689704313678e-07,0.022254010607809658,1.0135126605987033,0.9999990449934527,1.031528391843349,2000
MLP,individual,MLP,raw,Cached fitted individual; sigmoid fitted to cached training OOF,raw_fixed,10,0.5,fixed 0.5,7,CV17_THY_CONT,fT3,single variable,thyroid,1,0.7086712317698171,0.7088698535507045,-0.00019862178088747573,0.8466968477531858,0.8465040241448692,0.0001928236083165169,0.6105382221434775,0.6093781811293114,0.0011600410141661133,0.15329636532074958,0.152918012568108,-0.0003783527526415864,-0.005436250105699305,0.0059410606211061975,0.9997198050109021,0.9923356640034717,1.0084040864302146,2000
MLP,individual,MLP,raw,Cached fitted individual; sigmoid fitted to cached training OOF,raw_threshold,10,0.6799999999999999,own validation,7,CV17_THY_CONT,fT3,single variable,thyroid,1,0.7489136160834274,0.7463421524001514,0.0025714636832759874,0.8466968477531858,0.8465040241448692,0.0001928236083165169,0.6105382221434775,0.6093781811293114,0.0011600410141661133,0.15329636532074958,0.152918012568108,-0.0003783527526415864,0.0,0.006612404237567131,1.003445422015903,1.0,1.0088230388975137,2000
MLP,individual,MLP,sigmoid,Cached fitted individual; sigmoid fitted to cached training OOF,sigmoid,11,0.31999999999999995,own validation,7,CV17_THY_CONT,fT3,single variable,thyroid,1,0.7574482553444686,0.7561498913446758,0.0012983639997927732,0.8466968477531858,0.8465040241448692,0.0001928236083165169,0.6105382221434775,0.6093781811293114,0.0011600410141661133,0.11299743818759635,0.11299715626409843,-2.819234979217766e-07,-0.006120529808094094,0.008661865780848026,1.0017170722559834,0.9918255060701584,1.0114536020711307,2000
GradientBoosting,individual,GradientBoosting,raw,Cached fitted individual; sigmoid fitted to cached training OOF,raw_fixed,12,0.5,fixed 0.5,7,CV17_THY_CONT,fT3,single variable,thyroid,1,0.7196397818599312,0.7244736361977742,-0.004833854337843002,0.840627095908786,0.8415828303152246,-0.0009557344064385909,0.6218609666423225,0.6184627803415568,0.0033981863007657154,0.13797559292209854,0.13468309782130222,-0.003292495100796322,-0.021124141950185672,0.010467255881882142,0.9933277705408131,0.9710938014489546,1.0148281766512204,2000
GradientBoosting,individual,GradientBoosting,raw,Cached fitted individual; sigmoid fitted to cached training OOF,raw_threshold,12,0.6599999999999999,own validation,7,CV17_THY_CONT,fT3,single variable,thyroid,1,0.7604147716936511,0.7580759440522739,0.0023388276413772724,0.840627095908786,0.8415828303152246,-0.0009557344064385909,0.6218609666423225,0.6184627803415568,0.0033981863007657154,0.13797559292209854,0.13468309782130222,-0.003292495100796322,-0.011716158935534567,0.0160292907716042,1.0030852154849752,0.9848042352503154,1.0213421259319837,2000
GradientBoosting,individual,GradientBoosting,sigmoid,Cached fitted individual; sigmoid fitted to cached training OOF,sigmoid,13,0.37999999999999995,own validation,7,CV17_THY_CONT,fT3,single variable,thyroid,1,0.7579298142781161,0.7594061771778948,-0.0014763628997787048,0.840627095908786,0.8415828303152246,-0.0009557344064385909,0.6218609666423225,0.6184627803415568,0.0033981863007657154,0.10818765827236983,0.10812950040118047,-5.815787118935989e-05,-0.016127032922645907,0.01287161552546681,0.9980558982213377,0.9789015906314914,1.0171181745913884,2000
XGBoost,individual,XGBoost,raw,Cached fitted individual; sigmoid fitted to cached training OOF,raw_fixed,14,0.5,fixed 0.5,7,CV17_THY_CONT,fT3,single variable,thyroid,1,0.7340850209815728,0.7343097500453912,-0.0002247290638184296,0.8427649228705567,0.8415325285043594,0.0012323943661972647,0.6207142319116041,0.61384153842887,0.006872693482734116,0.142721285120714,0.14056739711004562,-0.0021538880106683755,-0.01431227699703592,0.01473182076078961,0.999693958763581,0.9808995601598828,1.0203194705573164,2000
XGBoost,individual,XGBoost,raw,Cached fitted individual; sigmoid fitted to cached training OOF,raw_threshold,14,0.6,own validation,7,CV17_THY_CONT,fT3,single variable,thyroid,1,0.7375657580105213,0.7338166974106716,0.003749060599849696,0.8427649228705567,0.8415325285043594,0.0012323943661972647,0.6207142319116041,0.61384153842887,0.006872693482734116,0.142721285120714,0.14056739711004562,-0.0021538880106683755,-0.012483141556231278,0.01966201525381018,1.0051089878617896,0.9832302952074485,1.0269783799469192,2000
XGBoost,individual,XGBoost,sigmoid,Cached fitted individual; sigmoid fitted to cached training OOF,sigmoid,15,0.36999999999999994,own validation,7,CV17_THY_CONT,fT3,single variable,thyroid,1,0.738826364323119,0.733810675697468,0.005015688625650938,0.8427649228705567,0.8415325285043594,0.0012323943661972647,0.6207142319116041,0.61384153842887,0.006872693482734116,0.10779122172922385,0.1082513520329473,0.0004601303037234522,-0.012328912173058343,0.020876655491400463,1.0068351262686164,0.9833295908842296,1.0289390690233589,2000
paper,voting,"LogisticRegression,RandomForest,AdaBoost",raw,models/predictive_sensitivity/h7_CV17_THY_CONT_paper.joblib,raw_fixed,16,0.5,fixed 0.5,7,CV17_THY_CONT,fT3,single variable,thyroid,1,0.7329425928388122,0.733586933193212,-0.0006443403543997528,0.8474765258215963,0.8471998658618377,0.00027665995975856283,0.6249100841759544,0.6200948442930363,0.004815239882918099,0.14916737933582,0.14772626341611922,-0.0014411159197007806,-0.010334072086639418,0.009884477123854372,0.999121657808714,0.9859465869889001,1.013675922607288,2000
paper,voting,"LogisticRegression,RandomForest,AdaBoost",raw,models/predictive_sensitivity/h7_CV17_THY_CONT_paper.joblib,raw_threshold,16,0.38999999999999996,saved voting threshold (also applied to raw),7,CV17_THY_CONT,fT3,single variable,thyroid,1,0.661069806744196,0.6680122773580718,-0.006942470613875762,0.8474765258215963,0.8471998658618377,0.00027665995975856283,0.6249100841759544,0.6200948442930363,0.004815239882918099,0.14916737933582,0.14772626341611922,-0.0014411159197007806,-0.013854656958749798,-0.0009760826628504197,0.9896072709302102,0.9792374646850025,0.9985165408589376,2000
paper,voting,"LogisticRegression,RandomForest,AdaBoost",sigmoid,models/predictive_sensitivity/h7_CV17_THY_CONT_paper.joblib,sigmoid,17,0.38999999999999996,saved voting threshold (also applied to raw),7,CV17_THY_CONT,fT3,single variable,thyroid,1,0.7596902502253029,0.7611786630339243,-0.001488412808621442,0.8474765258215963,0.8471998658618377,0.00027665995975856283,0.6249100841759544,0.6200948442930363,0.004815239882918099,0.10681940292729272,0.10710709645302417,0.00028769352573145,-0.011200122767617,0.008070029101232893,0.9980445946780893,0.9854257675017638,1.0106815617622102,2000
paper_locked,voting,"LogisticRegression,RandomForest,AdaBoost",raw,models/final_h7_CV17_THY_CONT_paper_locked.joblib,raw_fixed,18,0.5,fixed 0.5,7,CV17_THY_CONT,fT3,single variable,thyroid,1,0.7281870738748857,0.7274791577044342,0.0007079161704515169,0.8466381623071764,0.8461435278336686,0.0004946344735077268,0.6220693480215564,0.6156446617357568,0.006424686285799619,0.1566021485441328,0.15592257481733113,-0.0006795737268016633,-0.009462627890668278,0.011414670214137175,1.000973108525453,0.9871792394283271,1.0160010120020078,2000
paper_locked,voting,"LogisticRegression,RandomForest,AdaBoost",raw,models/final_h7_CV17_THY_CONT_paper_locked.joblib,raw_threshold,18,0.43999999999999995,saved voting threshold (also applied to raw),7,CV17_THY_CONT,fT3,single variable,thyroid,1,0.6898933929555102,0.6896489945332436,0.0002443984222666451,0.8466381623071764,0.8461435278336686,0.0004946344735077268,0.6220693480215564,0.6156446617357568,0.006424686285799619,0.1566021485441328,0.15592257481733113,-0.0006795737268016633,-0.008159863478341786,0.009305924104670498,1.0003543808868047,0.9881201361707703,1.0136072574248334,2000
paper_locked,voting,"LogisticRegression,RandomForest,AdaBoost",sigmoid,models/final_h7_CV17_THY_CONT_paper_locked.joblib,sigmoid,19,0.43999999999999995,saved voting threshold (also applied to raw),7,CV17_THY_CONT,fT3,single variable,thyroid,1,0.7243328100470958,0.7287074579621335,-0.0043746479150377215,0.8466381623071764,0.8461435278336686,0.0004946344735077268,0.6220693480215564,0.6156446617357568,0.006424686285799619,0.10735395528864841,0.10742137736842552,6.742207977711301e-05,-0.013483340080544451,0.002588156528892657,0.9939967021508581,0.98145871310596,1.0036091354780168,2000
own,stacking,"LogisticRegression,KNeighbors,AdaBoost",raw,models/stacking_sensitivity/h7_CV17_THY_CONT_own.joblib,raw_fixed,20,0.5,fixed 0.5,7,CV17_THY_CONT,fT3,single variable,thyroid,1,0.7036772224208319,0.6992872553455849,0.00438996707524697,0.8452045606975185,0.844382964453387,0.0008215962441314728,0.6027119778421592,0.5993813145664582,0.0033306632757010846,0.10917993345567255,0.10948213523530545,0.00030220177963290185,0.0,0.011929695126217221,1.0062777736068955,1.0,1.0174350474284204,2000
own,stacking,"LogisticRegression,KNeighbors,AdaBoost",raw,models/stacking_sensitivity/h7_CV17_THY_CONT_own.joblib,raw_threshold,20,0.33999999999999997,saved stacking threshold,7,CV17_THY_CONT,fT3,single variable,thyroid,1,0.7554362964476055,0.75416694116872,0.0012693552788854978,0.8452045606975185,0.844382964453387,0.0008215962441314728,0.6027119778421592,0.5993813145664582,0.0033306632757010846,0.10917993345567255,0.10948213523530545,0.00030220177963290185,0.0,0.003988558307102223,1.0016831224091027,1.0,1.0052568594790667,2000
own,stacking,"LogisticRegression,KNeighbors,AdaBoost",sigmoid,models/stacking_sensitivity/h7_CV17_THY_CONT_own.joblib,sigmoid,21,0.32999999999999996,saved stacking threshold,7,CV17_THY_CONT,fT3,single variable,thyroid,1,0.7554362964476055,0.75416694116872,0.0012693552788854978,0.8452045606975185,0.844382964453387,0.0008215962441314728,0.6027119778421592,0.5993813145664582,0.0033306632757010846,0.10921388840861973,0.1095317490309117,0.0003178606222919711,0.0,0.003988558307102223,1.0016831224091027,1.0,1.0052568594790667,2000
own,stacking,"LogisticRegression,KNeighbors,AdaBoost",isotonic,models/stacking_sensitivity/h7_CV17_THY_CONT_own.joblib,isotonic,22,0.33999999999999997,saved stacking threshold,7,CV17_THY_CONT,fT3,single variable,thyroid,1,0.756166353170578,0.754171506865636,0.001994846304941955,0.8448608316566063,0.8432763246143528,0.0015845070422535468,0.5843766539391511,0.5810022760064852,0.0033743779326658174,0.11066089189702547,0.11102736606779953,0.0003664741707740671,-0.004157103064394377,0.010062662095069093,1.0026450830968576,0.9946627094176054,1.0133710227061274,2000
same_baseline,stacking,"KNeighbors,RandomForest,AdaBoost,MLP",raw,models/stacking_sensitivity/h7_CV17_THY_CONT_same_baseline.joblib,raw_fixed,23,0.5,fixed 0.5,7,CV17_THY_CONT,fT3,single variable,thyroid,1,0.7046565588361673,0.7089681419188509,-0.004311583082683645,0.8468226022803488,0.8455315224681422,0.0012910798122065525,0.6266442551545337,0.621038411889093,0.005605843265440669,0.10694711012065376,0.10738364255780099,0.00043653243714722456,-0.015126857145972972,0.005885287270387471,0.9939185094114185,0.978469319426154,1.0082759706258366,2000
same_baseline,stacking,"KNeighbors,RandomForest,AdaBoost,MLP",raw,models/stacking_sensitivity/h7_CV17_THY_CONT_same_baseline.joblib,raw_threshold,23,0.38999999999999996,saved stacking threshold,7,CV17_THY_CONT,fT3,single variable,thyroid,1,0.7542358796721512,0.7503958152920286,0.003840064380122632,0.8468226022803488,0.8455315224681422,0.0012910798122065525,0.6266442551545337,0.621038411889093,0.005605843265440669,0.10694711012065376,0.10738364255780099,0.00043653243714722456,-0.006543039218970645,0.015267106815317585,1.0051173851211153,0.9913153380856593,1.0206288508286823,2000
same_baseline,stacking,"KNeighbors,RandomForest,AdaBoost,MLP",sigmoid,models/stacking_sensitivity/h7_CV17_THY_CONT_same_baseline.joblib,sigmoid,24,0.3999999999999999,saved stacking threshold,7,CV17_THY_CONT,fT3,single variable,thyroid,1,0.7545418151157511,0.7519462581617278,0.002595556954023359,0.8468226022803488,0.8455315224681422,0.0012910798122065525,0.6266442551545337,0.621038411889093,0.005605843265440669,0.106977825803903,0.10741751183507482,0.0004396860311718237,-0.007892780029160143,0.012872396763106614,1.0034517851852454,0.9895688980170365,1.017304616970646,2000
same_baseline,stacking,"KNeighbors,RandomForest,AdaBoost,MLP",isotonic,models/stacking_sensitivity/h7_CV17_THY_CONT_same_baseline.joblib,isotonic,25,0.32999999999999996,saved stacking threshold,7,CV17_THY_CONT,fT3,single variable,thyroid,1,0.7498623008110008,0.7511422092865845,-0.0012799084755836798,0.8466339704896043,0.8457872233400402,0.0008467471495641199,0.6078162488237903,0.6001830144108785,0.007633234412911749,0.10763459558478214,0.10805918238321781,0.0004245867984356694,-0.006627300074599917,0.0038363465465591053,0.9982960503886483,0.9911516840523037,1.005158284436169,2000
locked_baseline,stacking,"KNeighbors,RandomForest,AdaBoost,MLP",raw,models/stacking_sensitivity/h7_CV17_THY_CONT_locked_baseline.joblib,raw_fixed,26,0.5,fixed 0.5,7,CV17_THY_CONT,fT3,single variable,thyroid,1,0.7294088812205308,0.723819202477739,0.005589678742791815,0.8484657947686117,0.848013078470825,0.00045271629778675937,0.6414093765224447,0.6314520071120543,0.009957369410390382,0.10521713348319792,0.10531391839590336,9.678491270544154e-05,-0.004471244792022944,0.016794555328442914,1.0077224792098047,0.9939626641297696,1.0236488003368647,2000
locked_baseline,stacking,"KNeighbors,RandomForest,AdaBoost,MLP",raw,models/stacking_sensitivity/h7_CV17_THY_CONT_locked_baseline.joblib,raw_threshold,26,0.48999999999999994,saved stacking threshold,7,CV17_THY_CONT,fT3,single variable,thyroid,1,0.7309705048555402,0.723819202477739,0.00715130237780115,0.8484657947686117,0.848013078470825,0.00045271629778675937,0.6414093765224447,0.6314520071120543,0.009957369410390382,0.10521713348319792,0.10531391839590336,9.678491270544154e-05,-0.003389029251273817,0.01968395753002864,1.0098799566981937,0.9952166810762919,1.0277149769074498,2000
locked_baseline,stacking,"KNeighbors,RandomForest,AdaBoost,MLP",sigmoid,models/stacking_sensitivity/h7_CV17_THY_CONT_locked_baseline.joblib,sigmoid,27,0.48999999999999994,saved stacking threshold,7,CV17_THY_CONT,fT3,single variable,thyroid,1,0.7294088812205308,0.723819202477739,0.005589678742791815,0.8484657947686117,0.848013078470825,0.00045271629778675937,0.6414093765224447,0.6314520071120543,0.009957369410390382,0.10516829882784544,0.10530940412543842,0.00014110529759298052,-0.004471244792022944,0.016794555328442914,1.0077224792098047,0.9939626641297696,1.0236488003368647,2000
locked_baseline,stacking,"KNeighbors,RandomForest,AdaBoost,MLP",isotonic,models/stacking_sensitivity/h7_CV17_THY_CONT_locked_baseline.joblib,isotonic,28,0.42999999999999994,saved stacking threshold,7,CV17_THY_CONT,fT3,single variable,thyroid,1,0.7278237075983138,0.7264824135279057,0.0013412940704081722,0.8465459423205902,0.8458542924211938,0.0006916498993964071,0.6069580639148737,0.6054031865104319,0.0015548774044418234,0.10696678701552328,0.1067504884029783,-0.0002162986125449906,-0.007957982861870216,0.010964985359764229,1.0018462856711075,0.9890341259826236,1.0151335087024491,2000
paper,stacking,"LogisticRegression,RandomForest,AdaBoost",raw,models/stacking_sensitivity/h7_CV17_THY_CONT_paper.joblib,raw_fixed,29,0.5,fixed 0.5,7,CV17_THY_CONT,fT3,single variable,thyroid,1,0.7089681419188509,0.7059408768974655,0.0030272650213853947,0.8476190476190476,0.8473340040241448,0.00028504359490277853,0.6237386907226503,0.6187913616599964,0.004947329062653938,0.10684277418145065,0.10704167388634286,0.00019889970489221642,-0.006483327252874593,0.014281849989422515,1.0042882699110582,0.9906722033052172,1.020070608473106,2000
paper,stacking,"LogisticRegression,RandomForest,AdaBoost",raw,models/stacking_sensitivity/h7_CV17_THY_CONT_paper.joblib,raw_threshold,29,0.3999999999999999,saved stacking threshold,7,CV17_THY_CONT,fT3,single variable,thyroid,1,0.7571230982019364,0.7571230982019364,0.0,0.8476190476190476,0.8473340040241448,0.00028504359490277853,0.6237386907226503,0.6187913616599964,0.004947329062653938,0.10684277418145065,0.10704167388634286,0.00019889970489221642,-0.008710104293546548,0.009023160607613906,1.0,0.9882659050457215,1.0119649625719447,2000
paper,stacking,"LogisticRegression,RandomForest,AdaBoost",sigmoid,models/stacking_sensitivity/h7_CV17_THY_CONT_paper.joblib,sigmoid,30,0.38999999999999996,saved stacking threshold,7,CV17_THY_CONT,fT3,single variable,thyroid,1,0.7571230982019364,0.7598209801248476,-0.002697881922911205,0.8476190476190476,0.8473340040241448,0.00028504359490277853,0.6237386907226503,0.6187913616599964,0.004947329062653938,0.10691330488299498,0.10713141535249486,0.000218110469499877,-0.012135498294071859,0.006561925144631926,0.9964493189929187,0.9839994762509248,1.008748092293173,2000
paper,stacking,"LogisticRegression,RandomForest,AdaBoost",isotonic,models/stacking_sensitivity/h7_CV17_THY_CONT_paper.joblib,isotonic,31,0.3499999999999999,saved stacking threshold,7,CV17_THY_CONT,fT3,single variable,thyroid,1,0.7531190566334336,0.7544481142126571,-0.0013290575792235249,0.8453093561368209,0.8455105633802817,-0.00020120724346084362,0.6000089471701715,0.5938435032374516,0.006165443932719894,0.10818818153761928,0.10871663871518432,0.0005284571775650421,-0.010551888264271541,0.007718002812939442,0.9982383711295898,0.9860836417787551,1.0102724990319545,2000
same_members_reselected_C,stacking,"KNeighbors,RandomForest,AdaBoost,MLP",raw,cache/classification_explainability/prepared_h7_CV17_THY_CONT.joblib,raw_fixed,32,0.5,fixed 0.5,7,CV17_THY_CONT,fT3,single variable,thyroid,1,0.6911228376548599,0.6955671133720562,-0.0044442757171963,0.8478286384976526,0.8466046277665996,0.001224010731052938,0.6291219667126018,0.622521155085094,0.006600811627507808,0.10710668881529546,0.10752488052558411,0.00041819171028864566,-0.015932715150804595,0.006541150126067505,0.9936105723922876,0.9771450829143261,1.009571039872495,2000
same_members_reselected_C,stacking,"KNeighbors,RandomForest,AdaBoost,MLP",raw,cache/classification_explainability/prepared_h7_CV17_THY_CONT.joblib,raw_threshold,32,0.36999999999999994,saved reselected-C validation threshold,7,CV17_THY_CONT,fT3,single variable,thyroid,1,0.7617419431871222,0.7590929419110355,0.0026490012760866932,0.8478286384976526,0.8466046277665996,0.001224010731052938,0.6291219667126018,0.622521155085094,0.006600811627507808,0.10710668881529546,0.10752488052558411,0.00041819171028864566,-0.003888831324576908,0.009403702434346966,1.0034896929345933,0.9948678893948663,1.0124882703358926,2000
same_members_reselected_C,stacking,"KNeighbors,RandomForest,AdaBoost,MLP",sigmoid,cache/classification_explainability/prepared_h7_CV17_THY_CONT.joblib,sigmoid,33,0.35999999999999993,saved reselected-C validation threshold,7,CV17_THY_CONT,fT3,single variable,thyroid,1,0.7511422092865845,0.7524269889224572,-0.0012847796358727015,0.8478286384976526,0.8466046277665996,0.001224010731052938,0.6291219667126018,0.622521155085094,0.006600811627507808,0.10661452685674429,0.10705724472025785,0.00044271786351356146,-0.006638825825808578,0.00399777132645107,0.9982924859756658,0.9912985438061482,1.0053259147392806,2000
same_members_reselected_C,stacking,"KNeighbors,RandomForest,AdaBoost,MLP",isotonic,cache/classification_explainability/prepared_h7_CV17_THY_CONT.joblib,isotonic,34,0.33999999999999997,saved reselected-C validation threshold,7,CV17_THY_CONT,fT3,single variable,thyroid,1,0.7556737369364912,0.7582146437108269,-0.002540906774335716,0.8462692823608317,0.8454602615694164,0.0008090207914152048,0.6070559198389371,0.6011743721603092,0.005881547678627919,0.10824084444828577,0.10857640517144605,0.0003355607231602803,-0.013686241944309572,0.008044520800333186,0.9966488291997367,0.982053606587364,1.0107251887068995,2000
LogisticRegression,individual,LogisticRegression,raw,Cached fitted individual; sigmoid fitted to cached training OOF,raw_fixed,0,0.5,fixed 0.5,7,CV17_THY_CONT,fT4,single variable,thyroid,1,0.7027203218095723,0.6999600749778383,0.0027602468317340367,0.8415828303152246,0.8403001341381623,0.0012826961770623369,0.586842265981418,0.5855377714931191,0.0013044944882988352,0.16219265113101544,0.16222845869246857,3.58075614531328e-05,-0.003195354374123463,0.009576801978539926,1.0039434346763585,0.9954506902312792,1.013711296600003,2000
LogisticRegression,individual,LogisticRegression,raw,Cached fitted individual; sigmoid fitted to cached training OOF,raw_threshold,0,0.6399999999999999,own validation,7,CV17_THY_CONT,fT4,single variable,thyroid,1,0.7426812986420919,0.7388756221516607,0.0038056764904311757,0.8415828303152246,0.8403001341381623,0.0012826961770623369,0.586842265981418,0.5855377714931191,0.0013044944882988352,0.16219265113101544,0.16222845869246857,3.58075614531328e-05,-0.006844585247604099,0.015592058386845757,1.00515063209062,0.9908013900687069,1.0212833605821596,2000
LogisticRegression,individual,LogisticRegression,sigmoid,Cached fitted individual; sigmoid fitted to cached training OOF,sigmoid,1,0.38999999999999996,own validation,7,CV17_THY_CONT,fT4,single variable,thyroid,1,0.7361367513642372,0.7387964841108857,-0.0026597327466485465,0.8415828303152246,0.8403001341381623,0.0012826961770623369,0.586842265981418,0.5855377714931191,0.0013044944882988352,0.11137008767811421,0.1114759402041473,0.00010585252603309558,-0.012503857952731337,0.006984793855087394,0.996399911472441,0.9831331860861726,1.0095642275992995,2000
SVC,individual,SVC,raw,Cached fitted individual; sigmoid fitted to cached training OOF,raw_fixed,2,0.5,fixed 0.5,7,CV17_THY_CONT,fT4,single variable,thyroid,1,0.7011045261967771,0.6911228376548599,0.009981688541917166,0.8283702213279678,0.8276156941649899,0.0007545271629778583,0.5568024589994544,0.5547308388201108,0.0020716201793435918,0.11715140617654654,0.11712751964524373,-2.3886531302808045e-05,-0.001296820726961556,0.024429949276164185,1.0144427126381577,0.998123230579051,1.0362705028824033,2000
SVC,individual,SVC,raw,Cached fitted individual; sigmoid fitted to cached training OOF,raw_threshold,2,0.37999999999999995,own validation,7,CV17_THY_CONT,fT4,single variable,thyroid,1,0.716891790418474,0.7130135957666723,0.003878194651801614,0.8283702213279678,0.8276156941649899,0.0007545271629778583,0.5568024589994544,0.5547308388201108,0.0020716201793435918,0.11715140617654654,0.11712751964524373,-2.3886531302808045e-05,-0.006322673922389871,0.013961033785799997,1.0054391594702083,0.9914270811762715,1.01978801910031,2000
SVC,individual,SVC,sigmoid,Cached fitted individual; sigmoid fitted to cached training OOF,sigmoid,3,0.4099999999999999,own validation,7,CV17_THY_CONT,fT4,single variable,thyroid,1,0.7072343406283659,0.7072343406283659,0.0,0.8283702213279678,0.8276156941649899,0.0007545271629778583,0.5568024589994544,0.5547308388201108,0.0020716201793435918,0.1169250023920927,0.11696021907412528,3.521668203257389e-05,-0.005127322117034927,0.004997180433628374,1.0,0.9928096647499821,1.0071547123031752,2000
KNeighbors,individual,KNeighbors,raw,Cached fitted individual; sigmoid fitted to cached training OOF,raw_fixed,4,0.5,fixed 0.5,7,CV17_THY_CONT,fT4,single variable,thyroid,1,0.7063464648956876,0.6977613775241648,0.00858508737152286,0.8055122401073105,0.7994760228034876,0.006036217303822866,0.5386758931409478,0.5404372902217336,-0.0017613970807858204,0.1499207685451123,0.15158075364615414,0.0016599851010418443,-0.008745724800391524,0.024847345932073037,1.0123037583449874,0.9878274194625202,1.0360349548054564,2000
KNeighbors,individual,KNeighbors,raw,Cached fitted individual; sigmoid fitted to cached training OOF,raw_threshold,4,0.59,own validation,7,CV17_THY_CONT,fT4,single variable,thyroid,1,0.6881589091885617,0.6839459575746086,0.004212951613953075,0.8055122401073105,0.7994760228034876,0.006036217303822866,0.5386758931409478,0.5404372902217336,-0.0017613970807858204,0.1499207685451123,0.15158075364615414,0.0016599851010418443,-0.016589214041005204,0.025422795026562466,1.006159772665216,0.9760117422129458,1.0376279001228428,2000
KNeighbors,individual,KNeighbors,sigmoid,Cached fitted individual; sigmoid fitted to cached training OOF,sigmoid,5,0.30999999999999994,own validation,7,CV17_THY_CONT,fT4,single variable,thyroid,1,0.6881589091885617,0.6839459575746086,0.004212951613953075,0.8055122401073105,0.7994760228034876,0.006036217303822866,0.5386758931409478,0.5404372902217336,-0.0017613970807858204,0.12173341907432166,0.12233605730490216,0.0006026382305805017,-0.016589214041005204,0.025422795026562466,1.006159772665216,0.9760117422129458,1.0376279001228428,2000
RandomForest,individual,RandomForest,raw,Cached fitted individual; sigmoid fitted to cached training OOF,raw_fixed,6,0.5,fixed 0.5,7,CV17_THY_CONT,fT4,single variable,thyroid,1,0.7491346656217346,0.7498475120385233,-0.0007128464167887039,0.8410127431254192,0.8392354124748491,0.0017773306505700637,0.6356546074048491,0.6256661641461212,0.009988443258727941,0.12209730025536963,0.1252757560168112,0.003178455761441573,-0.019832035614320905,0.01699303746505816,0.9990493448263223,0.973942486140189,1.022693271911419,2000
RandomForest,individual,RandomForest,raw,Cached fitted individual; sigmoid fitted to cached training OOF,raw_threshold,6,0.5299999999999999,own validation,7,CV17_THY_CONT,fT4,single variable,thyroid,1,0.74400817251728,0.742450813427623,0.00155735908965704,0.8410127431254192,0.8392354124748491,0.0017773306505700637,0.6356546074048491,0.6256661641461212,0.009988443258727941,0.12209730025536963,0.1252757560168112,0.003178455761441573,-0.019239021936001844,0.021787532965250968,1.0020975922734427,0.9747089146796583,1.0293369686407454,2000
RandomForest,individual,RandomForest,sigmoid,Cached fitted individual; sigmoid fitted to cached training OOF,sigmoid,7,0.37999999999999995,own validation,7,CV17_THY_CONT,fT4,single variable,thyroid,1,0.7452590842555569,0.7460513078470825,-0.0007922235915256426,0.8410127431254192,0.8392354124748491,0.0017773306505700637,0.6356546074048491,0.6256661641461212,0.009988443258727941,0.10692705464634006,0.10855082265322955,0.0016237680068894866,-0.022724600816445218,0.019630006608618873,0.9989381111148886,0.9700122904874203,1.0265927886265729,2000
AdaBoost,individual,AdaBoost,raw,Cached fitted individual; sigmoid fitted to cached training OOF,raw_fixed,8,0.5,fixed 0.5,7,CV17_THY_CONT,fT4,single variable,thyroid,1,0.7035592443093917,0.6957563197663856,0.007802924543006018,0.8369634473507713,0.8333165660630449,0.003646881287726389,0.5904214779938294,0.5821420110745764,0.008279466919252965,0.1861595753416243,0.1887750818194768,0.0026155064778524972,-0.0033720590466455895,0.020229187139862177,1.0112150250329397,0.995184775319977,1.0293926647816733,2000
AdaBoost,individual,AdaBoost,raw,Cached fitted individual; sigmoid fitted to cached training OOF,raw_threshold,8,0.58,own validation,7,CV17_THY_CONT,fT4,single variable,thyroid,1,0.7308812260536399,0.7373748444474889,-0.006493618393848988,0.8369634473507713,0.8333165660630449,0.003646881287726389,0.5904214779938294,0.5821420110745764,0.008279466919252965,0.1861595753416243,0.1887750818194768,0.0026155064778524972,-0.02239511935774898,0.009674879191793127,0.9911935992355223,0.9700174665755905,1.0133102927370037,2000
AdaBoost,individual,AdaBoost,sigmoid,Cached fitted individual; sigmoid fitted to cached training OOF,sigmoid,9,0.4099999999999999,own validation,7,CV17_THY_CONT,fT4,single variable,thyroid,1,0.7293557557283282,0.7372975759751798,-0.007941820246851528,0.8369634473507713,0.8333165660630449,0.003646881287726389,0.5904214779938294,0.5821420110745764,0.008279466919252965,0.11138800805411916,0.11263083597464467,0.001242827920525505,-0.02300087167241488,0.006472022795185378,0.9892284736778806,0.969164017356416,1.0086796697977911,2000
MLP,individual,MLP,raw,Cached fitted individual; sigmoid fitted to cached training OOF,raw_fixed,10,0.5,fixed 0.5,7,CV17_THY_CONT,fT4,single variable,thyroid,1,0.7086712317698171,0.7157930260267085,-0.007121794256891412,0.8466968477531858,0.8462608987256874,0.000435949027498328,0.6105382221434775,0.6094132947067574,0.0011249274367201023,0.15329636532074958,0.15338709338157688,9.072806082729978e-05,-0.015009435339268318,-0.000904606804441911,0.9900504838718202,0.9789459327284545,0.9987249243156294,2000
MLP,individual,MLP,raw,Cached fitted individual; sigmoid fitted to cached training OOF,raw_threshold,10,0.6799999999999999,own validation,7,CV17_THY_CONT,fT4,single variable,thyroid,1,0.7489136160834274,0.7564650862764071,-0.007551470192979637,0.8466968477531858,0.8462608987256874,0.000435949027498328,0.6105382221434775,0.6094132947067574,0.0011249274367201023,0.15329636532074958,0.15338709338157688,9.072806082729978e-05,-0.019800024503999716,0.0037909381857193203,0.9900174240292428,0.9737914899629571,1.004997957687513,2000
MLP,individual,MLP,sigmoid,Cached fitted individual; sigmoid fitted to cached training OOF,sigmoid,11,0.31999999999999995,own validation,7,CV17_THY_CONT,fT4,single variable,thyroid,1,0.7574482553444686,0.7537166900420758,0.0037315653023928252,0.8466968477531858,0.8462608987256874,0.000435949027498328,0.6105382221434775,0.6094132947067574,0.0011249274367201023,0.11299743818759635,0.11336221172034602,0.0003647735327496765,-0.00628053033842291,0.013609029548495273,1.0049508858589618,0.9917679719125023,1.0181318545104903,2000
GradientBoosting,individual,GradientBoosting,raw,Cached fitted individual; sigmoid fitted to cached training OOF,raw_fixed,12,0.5,fixed 0.5,7,CV17_THY_CONT,fT4,single variable,thyroid,1,0.7196397818599312,0.7195226050389363,0.0001171768209948798,0.840627095908786,0.8365442655935613,0.004082830315224717,0.6218609666423225,0.6262135161600201,-0.00435254951769759,0.13797559292209854,0.14470143358636597,0.0067258406642674295,-0.014305693004829752,0.014088429806991015,1.0001628535645362,0.9806046602992998,1.0198499460860777,2000
GradientBoosting,individual,GradientBoosting,raw,Cached fitted individual; sigmoid fitted to cached training OOF,raw_threshold,12,0.6599999999999999,own validation,7,CV17_THY_CONT,fT4,single variable,thyroid,1,0.7604147716936511,0.7554362964476055,0.004978475246045666,0.840627095908786,0.8365442655935613,0.004082830315224717,0.6218609666423225,0.6262135161600201,-0.00435254951769759,0.13797559292209854,0.14470143358636597,0.0067258406642674295,-0.01630757616975143,0.025687181507248014,1.006590198630191,0.9786569862146464,1.034715052311971,2000
GradientBoosting,individual,GradientBoosting,sigmoid,Cached fitted individual; sigmoid fitted to cached training OOF,sigmoid,13,0.37999999999999995,own validation,7,CV17_THY_CONT,fT4,single variable,thyroid,1,0.7579298142781161,0.7556247922897972,0.002305021988318945,0.840627095908786,0.8365442655935613,0.004082830315224717,0.6218609666423225,0.6262135161600201,-0.00435254951769759,0.10818765827236983,0.1086422217372531,0.0004545634648832758,-0.018698669038326548,0.021981606410189265,1.0030504848594683,0.9757568060234115,1.0297453482247778,2000
XGBoost,individual,XGBoost,raw,Cached fitted individual; sigmoid fitted to cached training OOF,raw_fixed,14,0.5,fixed 0.5,7,CV17_THY_CONT,fT4,single variable,thyroid,1,0.7340850209815728,0.7161442975194867,0.017940723462086083,0.8427649228705567,0.8389336016096579,0.003831321260898801,0.6207142319116041,0.6168600266921943,0.003854205219409823,0.142721285120714,0.1469982296905235,0.00427694456980951,0.0050987747575676175,0.03134744504417564,1.025051827577525,1.0069670565791138,1.0447297042995198,2000
XGBoost,individual,XGBoost,raw,Cached fitted individual; sigmoid fitted to cached training OOF,raw_threshold,14,0.6,own validation,7,CV17_THY_CONT,fT4,single variable,thyroid,1,0.7375657580105213,0.7532491053640684,-0.01568334735354715,0.8427649228705567,0.8389336016096579,0.003831321260898801,0.6207142319116041,0.6168600266921943,0.003854205219409823,0.142721285120714,0.1469982296905235,0.00427694456980951,-0.0375061436577189,0.005233318458496657,0.9791790693917028,0.9505926940567055,1.0070485762876666,2000
XGBoost,individual,XGBoost,sigmoid,Cached fitted individual; sigmoid fitted to cached training OOF,sigmoid,15,0.36999999999999994,own validation,7,CV17_THY_CONT,fT4,single variable,thyroid,1,0.738826364323119,0.7558066344209468,-0.016980270097827765,0.8427649228705567,0.8389336016096579,0.003831321260898801,0.6207142319116041,0.6168600266921943,0.003854205219409823,0.10779122172922385,0.10884659421948543,0.0010553724902615802,-0.03912245744145672,0.0038338109658419663,0.9775335789281117,0.9485713447188804,1.0051769882580663,2000
paper,voting,"LogisticRegression,RandomForest,AdaBoost",raw,models/predictive_sensitivity/h7_CV17_THY_CONT_paper.joblib,raw_fixed,16,0.5,fixed 0.5,7,CV17_THY_CONT,fT4,single variable,thyroid,1,0.7329425928388122,0.7295328525350633,0.003409740303748965,0.8474765258215963,0.8445338698859826,0.002942655935613714,0.6249100841759544,0.6164023614837018,0.00850772269225264,0.14916737933582,0.15106497061301638,0.001897591277196381,-0.007630938219665475,0.014507698528550082,1.0046738680676277,0.9896286498257044,1.0196983242603457,2000
paper,voting,"LogisticRegression,RandomForest,AdaBoost",raw,models/predictive_sensitivity/h7_CV17_THY_CONT_paper.joblib,raw_threshold,16,0.38999999999999996,saved voting threshold (also applied to raw),7,CV17_THY_CONT,fT4,single variable,thyroid,1,0.661069806744196,0.6541757779075611,0.0068940288366349245,0.8474765258215963,0.8445338698859826,0.002942655935613714,0.6249100841759544,0.6164023614837018,0.00850772269225264,0.14916737933582,0.15106497061301638,0.001897591277196381,-0.0009739421527559216,0.01483603010606592,1.0105384960273003,0.998505630434198,1.0228664250822923,2000
paper,voting,"LogisticRegression,RandomForest,AdaBoost",sigmoid,models/predictive_sensitivity/h7_CV17_THY_CONT_paper.joblib,sigmoid,17,0.38999999999999996,saved voting threshold (also applied to raw),7,CV17_THY_CONT,fT4,single variable,thyroid,1,0.7596902502253029,0.7466089466089466,0.013081303616356288,0.8474765258215963,0.8445338698859826,0.002942655935613714,0.6249100841759544,0.6164023614837018,0.00850772269225264,0.10681940292729272,0.10780634447742869,0.0009869415501359696,-0.0040104607120311775,0.031013944748291784,1.0175209574915633,0.9947009460280093,1.0423266596799057,2000
paper_locked,voting,"LogisticRegression,RandomForest,AdaBoost",raw,models/final_h7_CV17_THY_CONT_paper_locked.joblib,raw_fixed,18,0.5,fixed 0.5,7,CV17_THY_CONT,fT4,single variable,thyroid,1,0.7281870738748857,0.7214784716281721,0.0067086022467135464,0.8466381623071764,0.8430080482897384,0.0036301140174379576,0.6220693480215564,0.6146846753845618,0.007384672636994605,0.1566021485441328,0.15937516686274067,0.0027730183186078783,-0.005025977055641268,0.01913884864867256,1.0092984094613027,0.9931338991599159,1.0266542020346898,2000
paper_locked,voting,"LogisticRegression,RandomForest,AdaBoost",raw,models/final_h7_CV17_THY_CONT_paper_locked.joblib,raw_threshold,18,0.43999999999999995,saved voting threshold (also applied to raw),7,CV17_THY_CONT,fT4,single variable,thyroid,1,0.6898933929555102,0.6827316396293959,0.007161753326114351,0.8466381623071764,0.8430080482897384,0.0036301140174379576,0.6220693480215564,0.6146846753845618,0.007384672636994605,0.1566021485441328,0.15937516686274067,0.0027730183186078783,-0.0036098572324736733,0.018921764153136063,1.0104898512247096,0.9948027224293635,1.0276938838507355,2000
paper_locked,voting,"LogisticRegression,RandomForest,AdaBoost",sigmoid,models/final_h7_CV17_THY_CONT_paper_locked.joblib,sigmoid,19,0.43999999999999995,saved voting threshold (also applied to raw),7,CV17_THY_CONT,fT4,single variable,thyroid,1,0.7243328100470958,0.7413391517294077,-0.017006341682311854,0.8466381623071764,0.8430080482897384,0.0036301140174379576,0.6220693480215564,0.6146846753845618,0.007384672636994605,0.10735395528864841,0.10824008191592567,0.0008861266272772589,-0.03494936837931305,-0.0008120201531907774,0.9770599709422615,0.9528173017834818,0.9988826320226121,2000
own,stacking,"LogisticRegression,KNeighbors,AdaBoost",raw,models/stacking_sensitivity/h7_CV17_THY_CONT_own.joblib,raw_fixed,20,0.5,fixed 0.5,7,CV17_THY_CONT,fT4,single variable,thyroid,1,0.7036772224208319,0.7067643686755396,-0.00308714625470774,0.8452045606975185,0.8424463447350772,0.0027582159624413016,0.6027119778421592,0.5985495074871752,0.004162470354984071,0.10917993345567255,0.11005639681949857,0.0008764633638260189,-0.019487465647014705,0.013107456638494117,0.9956320007182974,0.9729893849970288,1.0187078829587735,2000
own,stacking,"LogisticRegression,KNeighbors,AdaBoost",raw,models/stacking_sensitivity/h7_CV17_THY_CONT_own.joblib,raw_threshold,20,0.33999999999999997,saved stacking threshold,7,CV17_THY_CONT,fT4,single variable,thyroid,1,0.7554362964476055,0.7471979035394464,0.008238392908159087,0.8452045606975185,0.8424463447350772,0.0027582159624413016,0.6027119778421592,0.5985495074871752,0.004162470354984071,0.10917993345567255,0.11005639681949857,0.0008764633638260189,-0.00500279034713143,0.021827487677653967,1.0110257173757236,0.9932964636228012,1.029535765824571,2000
own,stacking,"LogisticRegression,KNeighbors,AdaBoost",sigmoid,models/stacking_sensitivity/h7_CV17_THY_CONT_own.joblib,sigmoid,21,0.32999999999999996,saved stacking threshold,7,CV17_THY_CONT,fT4,single variable,thyroid,1,0.7554362964476055,0.745937967745226,0.009498328702379433,0.8452045606975185,0.8424463447350772,0.0027582159624413016,0.6027119778421592,0.5985495074871752,0.004162470354984071,0.10921388840861973,0.11010681768083143,0.0008929292722116983,-0.0037066072125403527,0.023060528922687156,1.012733402927713,0.9950935393601221,1.030998124106973,2000
own,stacking,"LogisticRegression,KNeighbors,AdaBoost",isotonic,models/stacking_sensitivity/h7_CV17_THY_CONT_own.joblib,isotonic,22,0.33999999999999997,saved stacking threshold,7,CV17_THY_CONT,fT4,single variable,thyroid,1,0.756166353170578,0.7496545522338955,0.006511800936682466,0.8448608316566063,0.8412223340040241,0.0036384976525821733,0.5843766539391511,0.5809645310259283,0.0034121229132227926,0.11066089189702547,0.11193753234733606,0.00127664045031059,-0.0062993058580590065,0.020099687399145867,1.0086864021798814,0.9916669351476066,1.0268981699622162,2000
same_baseline,stacking,"KNeighbors,RandomForest,AdaBoost,MLP",raw,models/stacking_sensitivity/h7_CV17_THY_CONT_same_baseline.joblib,raw_fixed,23,0.5,fixed 0.5,7,CV17_THY_CONT,fT4,single variable,thyroid,1,0.7046565588361673,0.7166250488372488,-0.011968490001081467,0.8468226022803488,0.8433098591549296,0.00351274312541916,0.6266442551545337,0.6165613469208123,0.010082908233721377,0.10694711012065376,0.10832908966788454,0.00138197954723078,-0.031095289531890072,0.0057464306443775325,0.9832988115326128,0.9565450696862088,1.0080907936656762,2000
same_baseline,stacking,"KNeighbors,RandomForest,AdaBoost,MLP",raw,models/stacking_sensitivity/h7_CV17_THY_CONT_same_baseline.joblib,raw_threshold,23,0.38999999999999996,saved stacking threshold,7,CV17_THY_CONT,fT4,single variable,thyroid,1,0.7542358796721512,0.7491649085794656,0.005070971092685617,0.8468226022803488,0.8433098591549296,0.00351274312541916,0.6266442551545337,0.6165613469208123,0.010082908233721377,0.10694711012065376,0.10832908966788454,0.00138197954723078,-0.013227677198255497,0.024805982062132536,1.0067688315811547,0.9825037190014658,1.0332042383459994,2000
same_baseline,stacking,"KNeighbors,RandomForest,AdaBoost,MLP",sigmoid,models/stacking_sensitivity/h7_CV17_THY_CONT_same_baseline.joblib,sigmoid,24,0.3999999999999999,saved stacking threshold,7,CV17_THY_CONT,fT4,single variable,thyroid,1,0.7545418151157511,0.7466528162511542,0.00788899886459693,0.8468226022803488,0.8433098591549296,0.00351274312541916,0.6266442551545337,0.6165613469208123,0.010082908233721377,0.106977825803903,0.10833886889583927,0.0013610430919362704,-0.011476884021143673,0.02779478877059865,1.0105658194717682,0.9843480322675738,1.0379490364692527,2000
same_baseline,stacking,"KNeighbors,RandomForest,AdaBoost,MLP",isotonic,models/stacking_sensitivity/h7_CV17_THY_CONT_same_baseline.joblib,isotonic,25,0.32999999999999996,saved stacking threshold,7,CV17_THY_CONT,fT4,single variable,thyroid,1,0.7498623008110008,0.7460513078470825,0.0038109929639182916,0.8466339704896043,0.8438128772635815,0.002821093226022864,0.6078162488237903,0.5996045931270128,0.008211655696777509,0.10763459558478214,0.10901836193097693,0.0013837663461947897,-0.013756327777347805,0.021868773122798134,1.0051082183273907,0.9816546478145525,1.0296599833896045,2000
locked_baseline,stacking,"KNeighbors,RandomForest,AdaBoost,MLP",raw,models/stacking_sensitivity/h7_CV17_THY_CONT_locked_baseline.joblib,raw_fixed,26,0.5,fixed 0.5,7,CV17_THY_CONT,fT4,single variable,thyroid,1,0.7294088812205308,0.7368631368631369,-0.007454255642606045,0.8484657947686117,0.8446763916834339,0.0037894030851778338,0.6414093765224447,0.6323637901175501,0.009045586404894612,0.10521713348319792,0.10643820353587086,0.0012210700526729401,-0.028074500300740386,0.010980866999658875,0.9898837989448906,0.9625355938325694,1.0148991706991541,2000
locked_baseline,stacking,"KNeighbors,RandomForest,AdaBoost,MLP",raw,models/stacking_sensitivity/h7_CV17_THY_CONT_locked_baseline.joblib,raw_threshold,26,0.48999999999999994,saved stacking threshold,7,CV17_THY_CONT,fT4,single variable,thyroid,1,0.7309705048555402,0.7397845415627793,-0.008814036707239126,0.8484657947686117,0.8446763916834339,0.0037894030851778338,0.6414093765224447,0.6323637901175501,0.009045586404894612,0.10521713348319792,0.10643820353587086,0.0012210700526729401,-0.02966121981559311,0.010818495364642366,0.988085670608067,0.9606036526658835,1.0144894294204267,2000
locked_baseline,stacking,"KNeighbors,RandomForest,AdaBoost,MLP",sigmoid,models/stacking_sensitivity/h7_CV17_THY_CONT_locked_baseline.joblib,sigmoid,27,0.48999999999999994,saved stacking threshold,7,CV17_THY_CONT,fT4,single variable,thyroid,1,0.7294088812205308,0.7396840155311988,-0.010275134310667955,0.8484657947686117,0.8446763916834339,0.0037894030851778338,0.6414093765224447,0.6323637901175501,0.009045586404894612,0.10516829882784544,0.10630693759205914,0.0011386387642137036,-0.031095993634290872,0.009085154135689973,0.9861087517170573,0.9583803843244431,1.0126347151977333,2000
locked_baseline,stacking,"KNeighbors,RandomForest,AdaBoost,MLP",isotonic,models/stacking_sensitivity/h7_CV17_THY_CONT_locked_baseline.joblib,isotonic,28,0.42999999999999994,saved stacking threshold,7,CV17_THY_CONT,fT4,single variable,thyroid,1,0.7278237075983138,0.7368631368631369,-0.00903942926482304,0.8465459423205902,0.8415241448692153,0.005021797451374876,0.6069580639148737,0.6045012462154824,0.0024568176993913227,0.10696678701552328,0.10815038690723942,0.0011835998917161389,-0.029934619510582565,0.009902188063747255,0.9877325532889264,0.9594889506619825,1.013765250576157,2000
paper,stacking,"LogisticRegression,RandomForest,AdaBoost",raw,models/stacking_sensitivity/h7_CV17_THY_CONT_paper.joblib,raw_fixed,29,0.5,fixed 0.5,7,CV17_THY_CONT,fT4,single variable,thyroid,1,0.7089681419188509,0.7179349889506528,-0.008966847031801839,0.8476190476190476,0.8447266934942991,0.0028923541247485307,0.6237386907226503,0.6148839104349608,0.00885478028768949,0.10684277418145065,0.10775931055383689,0.0009165363723862424,-0.029515699522552778,0.010340522133389407,0.9875102242266978,0.9587944172412717,1.0146423441433525,2000
paper,stacking,"LogisticRegression,RandomForest,AdaBoost",raw,models/stacking_sensitivity/h7_CV17_THY_CONT_paper.joblib,raw_threshold,29,0.3999999999999999,saved stacking threshold,7,CV17_THY_CONT,fT4,single variable,thyroid,1,0.7571230982019364,0.7517955422846896,0.005327555917246762,0.8476190476190476,0.8447266934942991,0.0028923541247485307,0.6237386907226503,0.6148839104349608,0.00885478028768949,0.10684277418145065,0.10775931055383689,0.0009165363723862424,-0.010232625383621251,0.021803158522927746,1.007086442546675,0.9867353331096831,1.0296082568067009,2000
paper,stacking,"LogisticRegression,RandomForest,AdaBoost",sigmoid,models/stacking_sensitivity/h7_CV17_THY_CONT_paper.joblib,sigmoid,30,0.38999999999999996,saved stacking threshold,7,CV17_THY_CONT,fT4,single variable,thyroid,1,0.7571230982019364,0.7517955422846896,0.005327555917246762,0.8476190476190476,0.8447266934942991,0.0028923541247485307,0.6237386907226503,0.6148839104349608,0.00885478028768949,0.10691330488299498,0.1077774766585971,0.0008641717756021211,-0.010232625383621251,0.021803158522927746,1.007086442546675,0.9867353331096831,1.0296082568067009,2000
paper,stacking,"LogisticRegression,RandomForest,AdaBoost",isotonic,models/stacking_sensitivity/h7_CV17_THY_CONT_paper.joblib,isotonic,31,0.3499999999999999,saved stacking threshold,7,CV17_THY_CONT,fT4,single variable,thyroid,1,0.7531190566334336,0.7490897747178793,0.004029281915554295,0.8453093561368209,0.8429200201207243,0.002389336016096588,0.6000089471701715,0.5920356885974898,0.007973258572681718,0.10818818153761928,0.10978804226481498,0.001599860727195701,-0.012168083159460316,0.021588654129220494,1.0053789039065069,0.983731893149804,1.0295504114846556,2000
same_members_reselected_C,stacking,"KNeighbors,RandomForest,AdaBoost,MLP",raw,cache/classification_explainability/prepared_h7_CV17_THY_CONT.joblib,raw_fixed,32,0.5,fixed 0.5,7,CV17_THY_CONT,fT4,single variable,thyroid,1,0.6911228376548599,0.7018585733581848,-0.010735735703324867,0.8478286384976526,0.8447686116700202,0.0030600268276324005,0.6291219667126018,0.6212268517543643,0.00789511495823747,0.10710668881529546,0.10836376113581671,0.0012570723205212464,-0.031160723500032527,0.008889328443642345,0.9847038475971626,0.955868914091056,1.0128234787262032,2000
same_members_reselected_C,stacking,"KNeighbors,RandomForest,AdaBoost,MLP",raw,cache/classification_explainability/prepared_h7_CV17_THY_CONT.joblib,raw_threshold,32,0.36999999999999994,saved reselected-C validation threshold,7,CV17_THY_CONT,fT4,single variable,thyroid,1,0.7617419431871222,0.7439176941574,0.01782424902972224,0.8478286384976526,0.8447686116700202,0.0030600268276324005,0.6291219667126018,0.6212268517543643,0.00789511495823747,0.10710668881529546,0.10836376113581671,0.0012570723205212464,0.0011541461590613062,0.03560928925318052,1.0239599745640018,1.0015220027621297,1.0482365171767134,2000
same_members_reselected_C,stacking,"KNeighbors,RandomForest,AdaBoost,MLP",sigmoid,cache/classification_explainability/prepared_h7_CV17_THY_CONT.joblib,sigmoid,33,0.35999999999999993,saved reselected-C validation threshold,7,CV17_THY_CONT,fT4,single variable,thyroid,1,0.7511422092865845,0.7375353792335824,0.013606830053002117,0.8478286384976526,0.8447686116700202,0.0030600268276324005,0.6291219667126018,0.6212268517543643,0.00789511495823747,0.10661452685674429,0.10795752047615544,0.001342993619411148,-0.0024321378298611694,0.03132499999096824,1.018449054019811,0.9968095505348186,1.0425942551607223,2000
same_members_reselected_C,stacking,"KNeighbors,RandomForest,AdaBoost,MLP",isotonic,cache/classification_explainability/prepared_h7_CV17_THY_CONT.joblib,isotonic,34,0.33999999999999997,saved reselected-C validation threshold,7,CV17_THY_CONT,fT4,single variable,thyroid,1,0.7556737369364912,0.7427156865317833,0.012958050404707877,0.8462692823608317,0.8441524144869216,0.0021168678739100777,0.6070559198389371,0.5991690570798885,0.007886862759048596,0.10824084444828577,0.10904640523273844,0.0008055607844526663,-0.006451428362058018,0.03187230625041863,1.0174468516549278,0.9915102484640542,1.0438327782132446,2000
LogisticRegression,individual,LogisticRegression,raw,Cached fitted individual; sigmoid fitted to cached training OOF,raw_fixed,0,0.5,fixed 0.5,7,CV17_THY_CONT,cluster 1: Diabetes,cluster,cardiovascular,1,0.7027203218095723,0.7009869335557409,0.0017333882538314027,0.8415828303152246,0.8397719651240778,0.0018108651911468154,0.586842265981418,0.6023225156162624,-0.0154802496348444,0.16219265113101544,0.16083290070536088,-0.00135975042565456,-0.015141822821825402,0.01940097080953156,1.0024727825453734,0.9787624657395182,1.028188374610761,2000
LogisticRegression,individual,LogisticRegression,raw,Cached fitted individual; sigmoid fitted to cached training OOF,raw_threshold,0,0.6399999999999999,own validation,7,CV17_THY_CONT,cluster 1: Diabetes,cluster,cardiovascular,1,0.7426812986420919,0.7375977033309118,0.005083595311180078,0.8415828303152246,0.8397719651240778,0.0018108651911468154,0.586842265981418,0.6023225156162624,-0.0154802496348444,0.16219265113101544,0.16083290070536088,-0.00135975042565456,-0.014955936024566713,0.026738857335628842,1.0068920975326023,0.9799348301345672,1.0372600940808738,2000
LogisticRegression,individual,LogisticRegression,sigmoid,Cached fitted individual; sigmoid fitted to cached training OOF,sigmoid,1,0.38999999999999996,own validation,7,CV17_THY_CONT,cluster 1: Diabetes,cluster,cardiovascular,1,0.7361367513642372,0.7334620124691895,0.002674738895047657,0.8415828303152246,0.8397719651240778,0.0018108651911468154,0.586842265981418,0.6023225156162624,-0.0154802496348444,0.11137008767811421,0.10991229305207076,-0.0014577946260434516,-0.018450425104919958,0.023495198525979796,1.0036467313229258,0.9750629969298766,1.0327001745614643,2000
SVC,individual,SVC,raw,Cached fitted individual; sigmoid fitted to cached training OOF,raw_fixed,2,0.5,fixed 0.5,7,CV17_THY_CONT,cluster 1: Diabetes,cluster,cardiovascular,1,0.7011045261967771,0.6891908755434104,0.011913650653366692,0.8283702213279678,0.8287977867203219,-0.0004275653923541123,0.5568024589994544,0.5700531612867694,-0.013250702287315064,0.11715140617654654,0.11533329564437574,-0.0018181105321708052,-0.009495428938770778,0.034237098900500015,1.0172864311994454,0.9865410281721483,1.0508238221658577,2000
SVC,individual,SVC,raw,Cached fitted individual; sigmoid fitted to cached training OOF,raw_threshold,2,0.37999999999999995,own validation,7,CV17_THY_CONT,cluster 1: Diabetes,cluster,cardiovascular,1,0.716891790418474,0.7259038345300326,-0.009012044111558648,0.8283702213279678,0.8287977867203219,-0.0004275653923541123,0.5568024589994544,0.5700531612867694,-0.013250702287315064,0.11715140617654654,0.11533329564437574,-0.0018181105321708052,-0.029196598525767115,0.01049985869510455,0.9875850716267489,0.9606944553822848,1.0145881553674192,2000
SVC,individual,SVC,sigmoid,Cached fitted individual; sigmoid fitted to cached training OOF,sigmoid,3,0.4099999999999999,own validation,7,CV17_THY_CONT,cluster 1: Diabetes,cluster,cardiovascular,1,0.7072343406283659,0.6953186615317788,0.011915679096587084,0.8283702213279678,0.8287977867203219,-0.0004275653923541123,0.5568024589994544,0.5700531612867694,-0.013250702287315064,0.1169250023920927,0.11524330029152985,-0.0016817021005628568,-0.009507292442429177,0.03494058479558447,1.0171370045934578,0.9863240314117191,1.0516897446870759,2000
KNeighbors,individual,KNeighbors,raw,Cached fitted individual; sigmoid fitted to cached training OOF,raw_fixed,4,0.5,fixed 0.5,7,CV17_THY_CONT,cluster 1: Diabetes,cluster,cardiovascular,1,0.7063464648956876,0.705447219117628,0.0008992457780596652,0.8055122401073105,0.8008383635144198,0.004673876592890647,0.5386758931409478,0.5443221807893099,-0.005646287648362169,0.1499207685451123,0.1480594752638536,-0.0018612932812586969,-0.014903834742579627,0.017068221473530713,1.0012747173051224,0.9790852249036134,1.0245736291082705,2000
KNeighbors,individual,KNeighbors,raw,Cached fitted individual; sigmoid fitted to cached training OOF,raw_threshold,4,0.59,own validation,7,CV17_THY_CONT,cluster 1: Diabetes,cluster,cardiovascular,1,0.6881589091885617,0.6785666527096674,0.009592256478894279,0.8055122401073105,0.8008383635144198,0.004673876592890647,0.5386758931409478,0.5443221807893099,-0.005646287648362169,0.1499207685451123,0.1480594752638536,-0.0018612932812586969,-0.010732498686816475,0.029214833709752232,1.0141360564074144,0.9843883727844611,1.0437019531125535,2000
KNeighbors,individual,KNeighbors,sigmoid,Cached fitted individual; sigmoid fitted to cached training OOF,sigmoid,5,0.30999999999999994,own validation,7,CV17_THY_CONT,cluster 1: Diabetes,cluster,cardiovascular,1,0.6881589091885617,0.6785666527096674,0.009592256478894279,0.8055122401073105,0.8008383635144198,0.004673876592890647,0.5386758931409478,0.5443221807893099,-0.005646287648362169,0.12173341907432166,0.12231320129704579,0.0005797822227241317,-0.010732498686816475,0.029214833709752232,1.0141360564074144,0.9843883727844611,1.0437019531125535,2000
RandomForest,individual,RandomForest,raw,Cached fitted individual; sigmoid fitted to cached training OOF,raw_fixed,6,0.5,fixed 0.5,7,CV17_THY_CONT,cluster 1: Diabetes,cluster,cardiovascular,1,0.7491346656217346,0.7337982263321459,0.015336439289588721,0.8410127431254192,0.8389000670690812,0.0021126760563380254,0.6356546074048491,0.631915245402118,0.0037393620027311725,0.12209730025536963,0.11998961596470452,-0.0021076842906651155,0.0010577369328659686,0.031742884717248274,1.0209000768048284,1.0014516743962694,1.0439801542582605,2000
RandomForest,individual,RandomForest,raw,Cached fitted individual; sigmoid fitted to cached training OOF,raw_threshold,6,0.5299999999999999,own validation,7,CV17_THY_CONT,cluster 1: Diabetes,cluster,cardiovascular,1,0.74400817251728,0.7375362512827377,0.006471921234542322,0.8410127431254192,0.8389000670690812,0.0021126760563380254,0.6356546074048491,0.631915245402118,0.0037393620027311725,0.12209730025536963,0.11998961596470452,-0.0021076842906651155,-0.006365139212056592,0.02092462857127455,1.0087750550881889,0.991411413581481,1.0285162386015532,2000
RandomForest,individual,RandomForest,sigmoid,Cached fitted individual; sigmoid fitted to cached training OOF,sigmoid,7,0.37999999999999995,own validation,7,CV17_THY_CONT,cluster 1: Diabetes,cluster,cardiovascular,1,0.7452590842555569,0.7375675011457759,0.0076915831097810194,0.8410127431254192,0.8389000670690812,0.0021126760563380254,0.6356546074048491,0.631915245402118,0.0037393620027311725,0.10692705464634006,0.10801737348570284,0.0010903188393627805,-0.0042695086601128055,0.021573665767453756,1.0104283107618388,0.9943307492690523,1.0300149241370053,2000
AdaBoost,individual,AdaBoost,raw,Cached fitted individual; sigmoid fitted to cached training OOF,raw_fixed,8,0.5,fixed 0.5,7,CV17_THY_CONT,cluster 1: Diabetes,cluster,cardiovascular,1,0.7035592443093917,0.7090611950319481,-0.005501950722556437,0.8369634473507713,0.8349346076458752,0.0020288397048960904,0.5904214779938294,0.6079317193200044,-0.01751024132617507,0.1861595753416243,0.18248082532322527,-0.0036787500183990407,-0.017648205358637318,0.007442162882212422,0.9922405135676498,0.9750638505893043,1.0105054647309728,2000
AdaBoost,individual,AdaBoost,raw,Cached fitted individual; sigmoid fitted to cached training OOF,raw_threshold,8,0.58,own validation,7,CV17_THY_CONT,cluster 1: Diabetes,cluster,cardiovascular,1,0.7308812260536399,0.7236949278045168,0.007186298249123091,0.8369634473507713,0.8349346076458752,0.0020288397048960904,0.5904214779938294,0.6079317193200044,-0.01751024132617507,0.1861595753416243,0.18248082532322527,-0.0036787500183990407,-0.005285877739229677,0.02104524699950565,1.009930010523805,0.992896719752613,1.029487102852359,2000
AdaBoost,individual,AdaBoost,sigmoid,Cached fitted individual; sigmoid fitted to cached training OOF,sigmoid,9,0.4099999999999999,own validation,7,CV17_THY_CONT,cluster 1: Diabetes,cluster,cardiovascular,1,0.7293557557283282,0.7247829178830751,0.004572837845253086,0.8369634473507713,0.8349346076458752,0.0020288397048960904,0.5904214779938294,0.6079317193200044,-0.01751024132617507,0.11138800805411916,0.11072562467068285,-0.000662383383436313,-0.006904998931642433,0.017743810942127732,1.0063092516840895,0.9904362294425384,1.0247629343613167,2000
MLP,individual,MLP,raw,Cached fitted individual; sigmoid fitted to cached training OOF,raw_fixed,10,0.5,fixed 0.5,7,CV17_THY_CONT,cluster 1: Diabetes,cluster,cardiovascular,1,0.7086712317698171,0.7197446420428637,-0.011073410273046647,0.8466968477531858,0.8496395036887995,-0.002942655935613714,0.6105382221434775,0.6383215607024224,-0.02778333855894488,0.15329636532074958,0.1530211207358147,-0.00027524458493488613,-0.025350520556958675,0.002698196387625073,0.9846148069381707,0.9652184668898586,1.0036738525648587,2000
MLP,individual,MLP,raw,Cached fitted individual; sigmoid fitted to cached training OOF,raw_threshold,10,0.6799999999999999,own validation,7,CV17_THY_CONT,cluster 1: Diabetes,cluster,cardiovascular,1,0.7489136160834274,0.7515053180342177,-0.0025917019507902816,0.8466968477531858,0.8496395036887995,-0.002942655935613714,0.6105382221434775,0.6383215607024224,-0.02778333855894488,0.15329636532074958,0.1530211207358147,-0.00027524458493488613,-0.023880221335050068,0.018186180341740014,0.9965513192141213,0.9682563611342435,1.0248270255673075,2000
MLP,individual,MLP,sigmoid,Cached fitted individual; sigmoid fitted to cached training OOF,sigmoid,11,0.31999999999999995,own validation,7,CV17_THY_CONT,cluster 1: Diabetes,cluster,cardiovascular,1,0.7574482553444686,0.750206910821436,0.0072413445230326,0.8466968477531858,0.8496395036887995,-0.002942655935613714,0.6105382221434775,0.6383215607024224,-0.02778333855894488,0.11299743818759635,0.11193693611131449,-0.0010605020762818607,-0.012463876923670089,0.027327853395134365,1.0096524630986186,0.9834494240762955,1.0373218519594454,2000
GradientBoosting,individual,GradientBoosting,raw,Cached fitted individual; sigmoid fitted to cached training OOF,raw_fixed,12,0.5,fixed 0.5,7,CV17_THY_CONT,cluster 1: Diabetes,cluster,cardiovascular,1,0.7196397818599312,0.7217208534205215,-0.002081071560590342,0.840627095908786,0.8382293762575452,0.002397719651240804,0.6218609666423225,0.6320246425334605,-0.01016367589113798,0.13797559292209854,0.1333344667428332,-0.004641126179265348,-0.01305925962469556,0.011614416778315498,0.997116514576616,0.9820535039298027,1.016059107636229,2000
GradientBoosting,individual,GradientBoosting,raw,Cached fitted individual; sigmoid fitted to cached training OOF,raw_threshold,12,0.6599999999999999,own validation,7,CV17_THY_CONT,cluster 1: Diabetes,cluster,cardiovascular,1,0.7604147716936511,0.7427598222413072,0.017654949452343915,0.840627095908786,0.8382293762575452,0.002397719651240804,0.6218609666423225,0.6320246425334605,-0.01016367589113798,0.13797559292209854,0.1333344667428332,-0.004641126179265348,0.002573106802985331,0.03514096451870973,1.0237693921018363,1.0034400621141457,1.0485047860204215,2000
GradientBoosting,individual,GradientBoosting,sigmoid,Cached fitted individual; sigmoid fitted to cached training OOF,sigmoid,13,0.37999999999999995,own validation,7,CV17_THY_CONT,cluster 1: Diabetes,cluster,cardiovascular,1,0.7579298142781161,0.740134175217048,0.01779563906106807,0.840627095908786,0.8382293762575452,0.002397719651240804,0.6218609666423225,0.6320246425334605,-0.01016367589113798,0.10818765827236983,0.10897971810621894,0.0007920598338491125,0.002615450299280314,0.03530380660088282,1.024043801322712,1.0034529126106209,1.0489622715968416,2000
XGBoost,individual,XGBoost,raw,Cached fitted individual; sigmoid fitted to cached training OOF,raw_fixed,14,0.5,fixed 0.5,7,CV17_THY_CONT,cluster 1: Diabetes,cluster,cardiovascular,1,0.7340850209815728,0.7343519534056957,-0.00026693242412290097,0.8427649228705567,0.8402414486921529,0.0025234741784038173,0.6207142319116041,0.6224884283293035,-0.0017741964176993807,0.142721285120714,0.13868041878230655,-0.004040866338407445,-0.01276149488116625,0.015289332815758623,0.9996365061427495,0.9826685306415044,1.0210439151478163,2000
XGBoost,individual,XGBoost,raw,Cached fitted individual; sigmoid fitted to cached training OOF,raw_threshold,14,0.6,own validation,7,CV17_THY_CONT,cluster 1: Diabetes,cluster,cardiovascular,1,0.7375657580105213,0.7261056319439445,0.011460126066576759,0.8427649228705567,0.8402414486921529,0.0025234741784038173,0.6207142319116041,0.6224884283293035,-0.0017741964176993807,0.142721285120714,0.13868041878230655,-0.004040866338407445,-0.0011740959420509288,0.0254434753194401,1.015783001208647,0.998384962973211,1.0354678438465674,2000
XGBoost,individual,XGBoost,sigmoid,Cached fitted individual; sigmoid fitted to cached training OOF,sigmoid,15,0.36999999999999994,own validation,7,CV17_THY_CONT,cluster 1: Diabetes,cluster,cardiovascular,1,0.738826364323119,0.7273554290112927,0.011470935311826302,0.8427649228705567,0.8402414486921529,0.0025234741784038173,0.6207142319116041,0.6224884283293035,-0.0017741964176993807,0.10779122172922385,0.1086053350607383,0.0008141133315144461,-0.0011928216480004473,0.0254772411370013,1.0157707426854832,0.998374091370912,1.0354523943343408,2000
paper,voting,"LogisticRegression,RandomForest,AdaBoost",raw,models/predictive_sensitivity/h7_CV17_THY_CONT_paper.joblib,raw_fixed,16,0.5,fixed 0.5,7,CV17_THY_CONT,cluster 1: Diabetes,cluster,cardiovascular,1,0.7329425928388122,0.7343519534056957,-0.0014093605668834552,0.8474765258215963,0.8450452716297787,0.0024312541918175556,0.6249100841759544,0.6323474136254627,-0.0074373294495082565,0.14916737933582,0.146512641958436,-0.0026547373773840033,-0.014382573893222474,0.013500995496580192,0.9980808104882852,0.9804852412318174,1.0185088524536958,2000
paper,voting,"LogisticRegression,RandomForest,AdaBoost",raw,models/predictive_sensitivity/h7_CV17_THY_CONT_paper.joblib,raw_threshold,16,0.38999999999999996,saved voting threshold (also applied to raw),7,CV17_THY_CONT,cluster 1: Diabetes,cluster,cardiovascular,1,0.661069806744196,0.6627094279766035,-0.0016396212324074622,0.8474765258215963,0.8450452716297787,0.0024312541918175556,0.6249100841759544,0.6323474136254627,-0.0074373294495082565,0.14916737933582,0.146512641958436,-0.0026547373773840033,-0.013115626033975213,0.010531366934174327,0.9975258821390038,0.980105511209392,1.0163491894971721,2000
paper,voting,"LogisticRegression,RandomForest,AdaBoost",sigmoid,models/predictive_sensitivity/h7_CV17_THY_CONT_paper.joblib,sigmoid,17,0.38999999999999996,saved voting threshold (also applied to raw),7,CV17_THY_CONT,cluster 1: Diabetes,cluster,cardiovascular,1,0.7596902502253029,0.7359810670663823,0.023709183158920566,0.8474765258215963,0.8450452716297787,0.0024312541918175556,0.6249100841759544,0.6323474136254627,-0.0074373294495082565,0.10681940292729272,0.10682640580968941,7.002882396689447e-06,0.008072310461528098,0.04115469325858769,1.0322143927607068,1.010814182063064,1.0569921220735918,2000
paper_locked,voting,"LogisticRegression,RandomForest,AdaBoost",raw,models/final_h7_CV17_THY_CONT_paper_locked.joblib,raw_fixed,18,0.5,fixed 0.5,7,CV17_THY_CONT,cluster 1: Diabetes,cluster,cardiovascular,1,0.7281870738748857,0.7270890535149976,0.0010980203598880411,0.8466381623071764,0.8441398390342052,0.00249832327297117,0.6220693480215564,0.6255521791339765,-0.003482831112420093,0.1566021485441328,0.15455218926599432,-0.0020499592781384746,-0.013218498321687236,0.016048777174436875,1.0015101593877391,0.9820057536262597,1.0222990604964597,2000
paper_locked,voting,"LogisticRegression,RandomForest,AdaBoost",raw,models/final_h7_CV17_THY_CONT_paper_locked.joblib,raw_threshold,18,0.43999999999999995,saved voting threshold (also applied to raw),7,CV17_THY_CONT,cluster 1: Diabetes,cluster,cardiovascular,1,0.6898933929555102,0.6879085289993878,0.001984863956122407,0.8466381623071764,0.8441398390342052,0.00249832327297117,0.6220693480215564,0.6255521791339765,-0.003482831112420093,0.1566021485441328,0.15455218926599432,-0.0020499592781384746,-0.011809229073453553,0.016467072215755538,1.0028853602949357,0.9831243512298989,1.023948716529475,2000
paper_locked,voting,"LogisticRegression,RandomForest,AdaBoost",sigmoid,models/final_h7_CV17_THY_CONT_paper_locked.joblib,sigmoid,19,0.43999999999999995,saved voting threshold (also applied to raw),7,CV17_THY_CONT,cluster 1: Diabetes,cluster,cardiovascular,1,0.7243328100470958,0.7198717072199472,0.004461102827148622,0.8466381623071764,0.8441398390342052,0.00249832327297117,0.6220693480215564,0.6255521791339765,-0.003482831112420093,0.10735395528864841,0.10744580227488129,9.184698623287968e-05,-0.008064161226398428,0.017868807814698805,1.006197080371969,0.9890133986844176,1.0252744942005587,2000
own,stacking,"LogisticRegression,KNeighbors,AdaBoost",raw,models/stacking_sensitivity/h7_CV17_THY_CONT_own.joblib,raw_fixed,20,0.5,fixed 0.5,7,CV17_THY_CONT,cluster 1: Diabetes,cluster,cardiovascular,1,0.7036772224208319,0.7013059549922821,0.0023712674285497615,0.8452045606975185,0.8426978537894031,0.002506706908115386,0.6027119778421592,0.6184953405320333,-0.015783362689874014,0.10917993345567255,0.10839486165318317,-0.0007850718024893788,-0.01434173731691161,0.020689002074603086,1.0033812167309715,0.9794794826709624,1.0297368531859494,2000
own,stacking,"LogisticRegression,KNeighbors,AdaBoost",raw,models/stacking_sensitivity/h7_CV17_THY_CONT_own.joblib,raw_threshold,20,0.33999999999999997,saved stacking threshold,7,CV17_THY_CONT,cluster 1: Diabetes,cluster,cardiovascular,1,0.7554362964476055,0.7471979035394464,0.008238392908159087,0.8452045606975185,0.8426978537894031,0.002506706908115386,0.6027119778421592,0.6184953405320333,-0.015783362689874014,0.10917993345567255,0.10839486165318317,-0.0007850718024893788,-0.01108989972728136,0.027732046518075103,1.0110257173757236,0.9854647105044407,1.037783627672212,2000
own,stacking,"LogisticRegression,KNeighbors,AdaBoost",sigmoid,models/stacking_sensitivity/h7_CV17_THY_CONT_own.joblib,sigmoid,21,0.32999999999999996,saved stacking threshold,7,CV17_THY_CONT,cluster 1: Diabetes,cluster,cardiovascular,1,0.7554362964476055,0.7471979035394464,0.008238392908159087,0.8452045606975185,0.8426978537894031,0.002506706908115386,0.6027119778421592,0.6184953405320333,-0.015783362689874014,0.10921388840861973,0.1085250014063679,-0.0006888870022518367,-0.01108989972728136,0.027732046518075103,1.0110257173757236,0.9854647105044407,1.037783627672212,2000
own,stacking,"LogisticRegression,KNeighbors,AdaBoost",isotonic,models/stacking_sensitivity/h7_CV17_THY_CONT_own.joblib,isotonic,22,0.33999999999999997,saved stacking threshold,7,CV17_THY_CONT,cluster 1: Diabetes,cluster,cardiovascular,1,0.756166353170578,0.7440258969951041,0.01214045617547388,0.8448608316566063,0.8412726358148893,0.00358819584171699,0.5843766539391511,0.5978731038370972,-0.013496449897946183,0.11066089189702547,0.1092021614143147,-0.0014587304827107656,-0.006092670512823603,0.031780196539179,1.0163172494727744,0.9916786103649047,1.0438578146305177,2000
same_baseline,stacking,"KNeighbors,RandomForest,AdaBoost,MLP",raw,models/stacking_sensitivity/h7_CV17_THY_CONT_same_baseline.joblib,raw_fixed,23,0.5,fixed 0.5,7,CV17_THY_CONT,cluster 1: Diabetes,cluster,cardiovascular,1,0.7046565588361673,0.708899940523645,-0.004243381687477732,0.8468226022803488,0.8443326626425218,0.0024899396378269545,0.6266442551545337,0.6334967881329493,-0.006852532978415593,0.10694711012065376,0.10696132663656974,1.421651591597406e-05,-0.018900831201657732,0.010563272904890364,0.9940141316920647,0.9735285518159755,1.0151326618960694,2000
same_baseline,stacking,"KNeighbors,RandomForest,AdaBoost,MLP",raw,models/stacking_sensitivity/h7_CV17_THY_CONT_same_baseline.joblib,raw_threshold,23,0.38999999999999996,saved stacking threshold,7,CV17_THY_CONT,cluster 1: Diabetes,cluster,cardiovascular,1,0.7542358796721512,0.7374939023430739,0.01674197732907734,0.8468226022803488,0.8443326626425218,0.0024899396378269545,0.6266442551545337,0.6334967881329493,-0.006852532978415593,0.10694711012065376,0.10696132663656974,1.421651591597406e-05,0.0015502417927774847,0.033895052280764545,1.0227011739024374,1.0021419243219047,1.0470684760927391,2000
same_baseline,stacking,"KNeighbors,RandomForest,AdaBoost,MLP",sigmoid,models/stacking_sensitivity/h7_CV17_THY_CONT_same_baseline.joblib,sigmoid,24,0.3999999999999999,saved stacking threshold,7,CV17_THY_CONT,cluster 1: Diabetes,cluster,cardiovascular,1,0.7545418151157511,0.7467307692307692,0.0078110458849819375,0.8468226022803488,0.8443326626425218,0.0024899396378269545,0.6266442551545337,0.6334967881329493,-0.006852532978415593,0.106977825803903,0.10703883421350771,6.1008409604712543e-05,-0.00491151783029205,0.021979072708369008,1.0104603241313175,0.9935557032057825,1.0297727177923715,2000
same_baseline,stacking,"KNeighbors,RandomForest,AdaBoost,MLP",isotonic,models/stacking_sensitivity/h7_CV17_THY_CONT_same_baseline.joblib,isotonic,25,0.32999999999999996,saved stacking threshold,7,CV17_THY_CONT,cluster 1: Diabetes,cluster,cardiovascular,1,0.7498623008110008,0.7338166974106716,0.016045603400329234,0.8466339704896043,0.8424631120053655,0.004170858484238815,0.6078162488237903,0.60803782565644,-0.00022157683264978356,0.10763459558478214,0.10793833271354027,0.00030373712875812753,-0.002414117870459237,0.035449988912609864,1.0218659557038527,0.9967503168244574,1.0493351235124009,2000
locked_baseline,stacking,"KNeighbors,RandomForest,AdaBoost,MLP",raw,models/stacking_sensitivity/h7_CV17_THY_CONT_locked_baseline.joblib,raw_fixed,26,0.5,fixed 0.5,7,CV17_THY_CONT,cluster 1: Diabetes,cluster,cardiovascular,1,0.7294088812205308,0.7286476247445293,0.0007612564760015594,0.8484657947686117,0.8466297786720322,0.0018360160965795735,0.6414093765224447,0.6402957152732709,0.0011136612491737807,0.10521713348319792,0.10573999257425627,0.0005228590910583558,-0.015606884132543427,0.018186387993028304,1.0010447525664665,0.9785826338737683,1.0254787458129488,2000
locked_baseline,stacking,"KNeighbors,RandomForest,AdaBoost,MLP",raw,models/stacking_sensitivity/h7_CV17_THY_CONT_locked_baseline.joblib,raw_threshold,26,0.48999999999999994,saved stacking threshold,7,CV17_THY_CONT,cluster 1: Diabetes,cluster,cardiovascular,1,0.7309705048555402,0.7302798477881718,0.0006906570673683721,0.8484657947686117,0.8466297786720322,0.0018360160965795735,0.6414093765224447,0.6402957152732709,0.0011136612491737807,0.10521713348319792,0.10573999257425627,0.0005228590910583558,-0.01784704259968752,0.019935981312956413,1.000945743018187,0.9760876312172835,1.0277848279190713,2000
locked_baseline,stacking,"KNeighbors,RandomForest,AdaBoost,MLP",sigmoid,models/stacking_sensitivity/h7_CV17_THY_CONT_locked_baseline.joblib,sigmoid,27,0.48999999999999994,saved stacking threshold,7,CV17_THY_CONT,cluster 1: Diabetes,cluster,cardiovascular,1,0.7294088812205308,0.7286476247445293,0.0007612564760015594,0.8484657947686117,0.8466297786720322,0.0018360160965795735,0.6414093765224447,0.6402957152732709,0.0011136612491737807,0.10516829882784544,0.10575684879751943,0.0005885499696739876,-0.015606884132543427,0.018186387993028304,1.0010447525664665,0.9785826338737683,1.0254787458129488,2000
locked_baseline,stacking,"KNeighbors,RandomForest,AdaBoost,MLP",isotonic,models/stacking_sensitivity/h7_CV17_THY_CONT_locked_baseline.joblib,isotonic,28,0.42999999999999994,saved stacking threshold,7,CV17_THY_CONT,cluster 1: Diabetes,cluster,cardiovascular,1,0.7278237075983138,0.7239431234798006,0.0038805841185132195,0.8465459423205902,0.8440308517773306,0.0025150905432596016,0.6069580639148737,0.6086283368821211,-0.0016702729672474215,0.10696678701552328,0.10662628337833868,-0.00034050363718460264,-0.01088899393320201,0.020126345104626468,1.0053603439174341,0.9853411405303935,1.0281089137289872,2000
paper,stacking,"LogisticRegression,RandomForest,AdaBoost",raw,models/stacking_sensitivity/h7_CV17_THY_CONT_paper.joblib,raw_fixed,29,0.5,fixed 0.5,7,CV17_THY_CONT,cluster 1: Diabetes,cluster,cardiovascular,1,0.7089681419188509,0.7146803152165082,-0.005712173297657275,0.8476190476190476,0.8449614352783367,0.0026576123407109353,0.6237386907226503,0.6314246290651964,-0.00768593834254605,0.10684277418145065,0.10699902495503959,0.00015625077358893957,-0.01661637891095099,0.00683415729996599,0.992007372840643,0.977064696559321,1.0096981428683436,2000
paper,stacking,"LogisticRegression,RandomForest,AdaBoost",raw,models/stacking_sensitivity/h7_CV17_THY_CONT_paper.joblib,raw_threshold,29,0.3999999999999999,saved stacking threshold,7,CV17_THY_CONT,cluster 1: Diabetes,cluster,cardiovascular,1,0.7571230982019364,0.7359810670663823,0.021142031135554018,0.8476190476190476,0.8449614352783367,0.0026576123407109353,0.6237386907226503,0.6314246290651964,-0.00768593834254605,0.10684277418145065,0.10699902495503959,0.00015625077358893957,0.003629116875659139,0.04016782168555366,1.0287263247406975,1.0048172487475324,1.055318301137159,2000
paper,stacking,"LogisticRegression,RandomForest,AdaBoost",sigmoid,models/stacking_sensitivity/h7_CV17_THY_CONT_paper.joblib,sigmoid,30,0.38999999999999996,saved stacking threshold,7,CV17_THY_CONT,cluster 1: Diabetes,cluster,cardiovascular,1,0.7571230982019364,0.7332560002209517,0.02386709798098463,0.8476190476190476,0.8449614352783367,0.0026576123407109353,0.6237386907226503,0.6314246290651964,-0.00768593834254605,0.10691330488299498,0.10714594584734258,0.00023264096434759407,0.007365411518151346,0.04151799488447251,1.0325494751816457,1.0098943635108413,1.0574964672973461,2000
paper,stacking,"LogisticRegression,RandomForest,AdaBoost",isotonic,models/stacking_sensitivity/h7_CV17_THY_CONT_paper.joblib,isotonic,31,0.3499999999999999,saved stacking threshold,7,CV17_THY_CONT,cluster 1: Diabetes,cluster,cardiovascular,1,0.7531190566334336,0.7361968142354882,0.016922242397945375,0.8453093561368209,0.8447686116700202,0.0005407444668007466,0.6000089471701715,0.6029997648047214,-0.0029908176345498916,0.10818818153761928,0.10786524814951362,-0.0003229333881056562,-0.0013305606690644483,0.03583276891519979,1.0229860304618656,0.998222977239524,1.0498545029401327,2000
same_members_reselected_C,stacking,"KNeighbors,RandomForest,AdaBoost,MLP",raw,cache/classification_explainability/prepared_h7_CV17_THY_CONT.joblib,raw_fixed,32,0.5,fixed 0.5,7,CV17_THY_CONT,cluster 1: Diabetes,cluster,cardiovascular,1,0.6911228376548599,0.7027604166666667,-0.011637579011806731,0.8478286384976526,0.8458249496981891,0.0020036887994634434,0.6291219667126018,0.6368095026188733,-0.00768753590627147,0.10710668881529546,0.1071619970644927,5.53082491972362e-05,-0.030179801915738554,0.005211003045664259,0.9834401899483666,0.9574951150097569,1.0073841828414518,2000
same_members_reselected_C,stacking,"KNeighbors,RandomForest,AdaBoost,MLP",raw,cache/classification_explainability/prepared_h7_CV17_THY_CONT.joblib,raw_threshold,32,0.36999999999999994,saved reselected-C validation threshold,7,CV17_THY_CONT,cluster 1: Diabetes,cluster,cardiovascular,1,0.7617419431871222,0.7401609583292843,0.02158098485783788,0.8478286384976526,0.8458249496981891,0.0020036887994634434,0.6291219667126018,0.6368095026188733,-0.00768753590627147,0.10710668881529546,0.1071619970644927,5.53082491972362e-05,0.004433897366408868,0.04025611710749041,1.0291571510425936,1.0058568812362496,1.0547712820088133,2000
same_members_reselected_C,stacking,"KNeighbors,RandomForest,AdaBoost,MLP",sigmoid,cache/classification_explainability/prepared_h7_CV17_THY_CONT.joblib,sigmoid,33,0.35999999999999993,saved reselected-C validation threshold,7,CV17_THY_CONT,cluster 1: Diabetes,cluster,cardiovascular,1,0.7511422092865845,0.7338124768113639,0.017329732475220627,0.8478286384976526,0.8458249496981891,0.0020036887994634434,0.6291219667126018,0.6368095026188733,-0.00768753590627147,0.10661452685674429,0.10651760751171876,-9.691934502552291e-05,0.0014254101650048201,0.034256723405311024,1.0236160231978115,1.0018931449570547,1.0476180026370185,2000
same_members_reselected_C,stacking,"KNeighbors,RandomForest,AdaBoost,MLP",isotonic,cache/classification_explainability/prepared_h7_CV17_THY_CONT.joblib,isotonic,34,0.33999999999999997,saved reselected-C validation threshold,7,CV17_THY_CONT,cluster 1: Diabetes,cluster,cardiovascular,1,0.7556737369364912,0.7453888225733574,0.010284914363133835,0.8462692823608317,0.845439302481556,0.0008299798792756885,0.6070559198389371,0.6157886089548613,-0.008732689115924175,0.10824084444828577,0.10629632051922695,-0.0019445239290588195,-0.00777626574927083,0.029761184507112372,1.0137980528439192,0.9896155905580517,1.0406967159602,2000
LogisticRegression,individual,LogisticRegression,raw,Cached fitted individual; sigmoid fitted to cached training OOF,raw_fixed,0,0.5,fixed 0.5,7,CV17_THY_CONT,cluster 2: Hypertension,cluster,cardiovascular,1,0.7027203218095723,0.7080324664748358,-0.0053121446652634186,0.8415828303152246,0.8403001341381623,0.0012826961770623369,0.586842265981418,0.5844681129243096,0.002374153057108419,0.16219265113101544,0.1624039008824971,0.00021124975148165137,-0.010885853185722476,0.0,0.9924973148594278,0.9848086887620399,1.0,2000
LogisticRegression,individual,LogisticRegression,raw,Cached fitted individual; sigmoid fitted to cached training OOF,raw_threshold,0,0.6399999999999999,own validation,7,CV17_THY_CONT,cluster 2: Hypertension,cluster,cardiovascular,1,0.7426812986420919,0.7464934275510979,-0.003812128909006063,0.8415828303152246,0.8403001341381623,0.0012826961770623369,0.586842265981418,0.5844681129243096,0.002374153057108419,0.16219265113101544,0.1624039008824971,0.00021124975148165137,-0.015582232436076671,0.007491870919810371,0.9948932853682156,0.979438556938231,1.0101383721502237,2000
LogisticRegression,individual,LogisticRegression,sigmoid,Cached fitted individual; sigmoid fitted to cached training OOF,sigmoid,1,0.38999999999999996,own validation,7,CV17_THY_CONT,cluster 2: Hypertension,cluster,cardiovascular,1,0.7361367513642372,0.7334620124691895,0.002674738895047657,0.8415828303152246,0.8403001341381623,0.0012826961770623369,0.586842265981418,0.5844681129243096,0.002374153057108419,0.11137008767811421,0.11188428849312389,0.0005142008150096772,-0.012024911956945657,0.017619828029544187,1.0036467313229258,0.9835720623860503,1.024338115138018,2000
SVC,individual,SVC,raw,Cached fitted individual; sigmoid fitted to cached training OOF,raw_fixed,2,0.5,fixed 0.5,7,CV17_THY_CONT,cluster 2: Hypertension,cluster,cardiovascular,1,0.7011045261967771,0.6948972882703379,0.00620723792643918,0.8283702213279678,0.827531857813548,0.0008383635144197932,0.5568024589994544,0.5562535170408727,0.0005489419585816835,0.11715140617654654,0.11739057941478195,0.0002391732382354128,-0.001315893091280887,0.017177356444640857,1.008932597710792,0.9981200896956374,1.0249840517541835,2000
SVC,individual,SVC,raw,Cached fitted individual; sigmoid fitted to cached training OOF,raw_threshold,2,0.37999999999999995,own validation,7,CV17_THY_CONT,cluster 2: Hypertension,cluster,cardiovascular,1,0.716891790418474,0.7181280567862037,-0.001236266367729777,0.8283702213279678,0.827531857813548,0.0008383635144197932,0.5568024589994544,0.5562535170408727,0.0005489419585816835,0.11715140617654654,0.11739057941478195,0.0002391732382354128,-0.013373200225584275,0.009919401437656383,0.9982784875816406,0.981505810270542,1.013779549876992,2000
SVC,individual,SVC,sigmoid,Cached fitted individual; sigmoid fitted to cached training OOF,sigmoid,3,0.4099999999999999,own validation,7,CV17_THY_CONT,cluster 2: Hypertension,cluster,cardiovascular,1,0.7072343406283659,0.7059667789344763,0.0012675616938895296,0.8283702213279678,0.827531857813548,0.0008383635144197932,0.5568024589994544,0.5562535170408727,0.0005489419585816835,0.1169250023920927,0.11715314236898876,0.00022813997689605237,-0.0026233006064373733,0.005880413327749822,1.0017954976518906,0.9963341952049799,1.008597609238111,2000
KNeighbors,individual,KNeighbors,raw,Cached fitted individual; sigmoid fitted to cached training OOF,raw_fixed,4,0.5,fixed 0.5,7,CV17_THY_CONT,cluster 2: Hypertension,cluster,cardiovascular,1,0.7063464648956876,0.7027017393783861,0.0036447255173015503,0.8055122401073105,0.7950243125419182,0.010487927565392297,0.5386758931409478,0.5314900062532472,0.00718588688770061,0.1499207685451123,0.15409764415603455,0.004176875610922254,-0.018376216745632817,0.025123858010362446,1.0051867318850323,0.9741472059464217,1.0361874157128852,2000
KNeighbors,individual,KNeighbors,raw,Cached fitted individual; sigmoid fitted to cached training OOF,raw_threshold,4,0.59,own validation,7,CV17_THY_CONT,cluster 2: Hypertension,cluster,cardiovascular,1,0.6881589091885617,0.7016636597005895,-0.013504750512027819,0.8055122401073105,0.7950243125419182,0.010487927565392297,0.5386758931409478,0.5314900062532472,0.00718588688770061,0.1499207685451123,0.15409764415603455,0.004176875610922254,-0.03775414021864179,0.009668546571021173,0.9807532422046904,0.9472999877631254,1.0143408142877688,2000
KNeighbors,individual,KNeighbors,sigmoid,Cached fitted individual; sigmoid fitted to cached training OOF,sigmoid,5,0.30999999999999994,own validation,7,CV17_THY_CONT,cluster 2: Hypertension,cluster,cardiovascular,1,0.6881589091885617,0.7016636597005895,-0.013504750512027819,0.8055122401073105,0.7950243125419182,0.010487927565392297,0.5386758931409478,0.5314900062532472,0.00718588688770061,0.12173341907432166,0.12322495721296269,0.0014915381386410298,-0.03775414021864179,0.009668546571021173,0.9807532422046904,0.9472999877631254,1.0143408142877688,2000
RandomForest,individual,RandomForest,raw,Cached fitted individual; sigmoid fitted to cached training OOF,raw_fixed,6,0.5,fixed 0.5,7,CV17_THY_CONT,cluster 2: Hypertension,cluster,cardiovascular,1,0.7491346656217346,0.7455508751306166,0.0035837904911180107,0.8410127431254192,0.8391767270288397,0.0018360160965794625,0.6356546074048491,0.6286971793570499,0.006957428047799197,0.12209730025536963,0.12388681099716053,0.0017895107417909006,-0.0015299252403534718,0.01082180383939857,1.0048069026684332,0.9979927151619584,1.014576708721151,2000
RandomForest,individual,RandomForest,raw,Cached fitted individual; sigmoid fitted to cached training OOF,raw_threshold,6,0.5299999999999999,own validation,7,CV17_THY_CONT,cluster 2: Hypertension,cluster,cardiovascular,1,0.74400817251728,0.7414000710344171,0.0026081014828629456,0.8410127431254192,0.8391767270288397,0.0018360160965794625,0.6356546074048491,0.6286971793570499,0.006957428047799197,0.12209730025536963,0.12388681099716053,0.0017895107417909006,-0.005587072066246063,0.010195218368116678,1.0035178058173424,0.9926359709022936,1.0138770671581565,2000
RandomForest,individual,RandomForest,sigmoid,Cached fitted individual; sigmoid fitted to cached training OOF,sigmoid,7,0.37999999999999995,own validation,7,CV17_THY_CONT,cluster 2: Hypertension,cluster,cardiovascular,1,0.7452590842555569,0.7426374232705704,0.002621660984986507,0.8410127431254192,0.8391767270288397,0.0018360160965794625,0.6356546074048491,0.6286971793570499,0.006957428047799197,0.10692705464634006,0.10779174686345387,0.0008646922171138133,-0.0055757829244790225,0.010149418205782235,1.0035302031689175,0.9926963964098348,1.013850232735962,2000
AdaBoost,individual,AdaBoost,raw,Cached fitted individual; sigmoid fitted to cached training OOF,raw_fixed,8,0.5,fixed 0.5,7,CV17_THY_CONT,cluster 2: Hypertension,cluster,cardiovascular,1,0.7035592443093917,0.7035592443093917,0.0,0.8369634473507713,0.8369634473507713,0.0,0.5904214779938294,0.5904214779938294,0.0,0.1861595753416243,0.1861595753416243,0.0,0.0,0.0,1.0,1.0,1.0,2000
AdaBoost,individual,AdaBoost,raw,Cached fitted individual; sigmoid fitted to cached training OOF,raw_threshold,8,0.58,own validation,7,CV17_THY_CONT,cluster 2: Hypertension,cluster,cardiovascular,1,0.7308812260536399,0.7308812260536399,0.0,0.8369634473507713,0.8369634473507713,0.0,0.5904214779938294,0.5904214779938294,0.0,0.1861595753416243,0.1861595753416243,0.0,0.0,0.0,1.0,1.0,1.0,2000
AdaBoost,individual,AdaBoost,sigmoid,Cached fitted individual; sigmoid fitted to cached training OOF,sigmoid,9,0.4099999999999999,own validation,7,CV17_THY_CONT,cluster 2: Hypertension,cluster,cardiovascular,1,0.7293557557283282,0.7293557557283282,0.0,0.8369634473507713,0.8369634473507713,0.0,0.5904214779938294,0.5904214779938294,0.0,0.11138800805411916,0.11138800805411916,0.0,0.0,0.0,1.0,1.0,1.0,2000
MLP,individual,MLP,raw,Cached fitted individual; sigmoid fitted to cached training OOF,raw_fixed,10,0.5,fixed 0.5,7,CV17_THY_CONT,cluster 2: Hypertension,cluster,cardiovascular,1,0.7086712317698171,0.7108231378736539,-0.0021519061038368648,0.8466968477531858,0.8450955734406439,0.0016012743125418671,0.6105382221434775,0.6100731681560647,0.00046505398741281123,0.15329636532074958,0.15469976513302217,0.0014033998122725821,-0.012593600309354056,0.008355716503784591,0.9969726560811258,0.9823025005003595,1.0119600853837432,2000
MLP,individual,MLP,raw,Cached fitted individual; sigmoid fitted to cached training OOF,raw_threshold,10,0.6799999999999999,own validation,7,CV17_THY_CONT,cluster 2: Hypertension,cluster,cardiovascular,1,0.7489136160834274,0.7554317548746519,-0.006518138791224426,0.8466968477531858,0.8450955734406439,0.0016012743125418671,0.6105382221434775,0.6100731681560647,0.00046505398741281123,0.15329636532074958,0.15469976513302217,0.0014033998122725821,-0.018853265362626808,0.0062720960381963346,0.9913716378095517,0.975137152696793,1.0083688773308648,2000
MLP,individual,MLP,sigmoid,Cached fitted individual; sigmoid fitted to cached training OOF,sigmoid,11,0.31999999999999995,own validation,7,CV17_THY_CONT,cluster 2: Hypertension,cluster,cardiovascular,1,0.7574482553444686,0.750206910821436,0.0072413445230326,0.8466968477531858,0.8450955734406439,0.0016012743125418671,0.6105382221434775,0.6100731681560647,0.00046505398741281123,0.11299743818759635,0.11323250061895691,0.00023506243136056648,-0.006097149067487787,0.02149832008372737,1.0096524630986186,0.9918152626919976,1.0293591355514191,2000
GradientBoosting,individual,GradientBoosting,raw,Cached fitted individual; sigmoid fitted to cached training OOF,raw_fixed,12,0.5,fixed 0.5,7,CV17_THY_CONT,cluster 2: Hypertension,cluster,cardiovascular,1,0.7196397818599312,0.7097520661157025,0.009887715744228642,0.840627095908786,0.8377012072434608,0.0029258886653252825,0.6218609666423225,0.6138050755773639,0.008055891064958631,0.13797559292209854,0.14355026401090318,0.005574671088804634,0.0043114799417614145,0.017186923777134697,1.0139312250238899,1.006092415634987,1.0245136444247067,2000
GradientBoosting,individual,GradientBoosting,raw,Cached fitted individual; sigmoid fitted to cached training OOF,raw_threshold,12,0.6599999999999999,own validation,7,CV17_THY_CONT,cluster 2: Hypertension,cluster,cardiovascular,1,0.7604147716936511,0.7570925553319919,0.0033222163616591915,0.840627095908786,0.8377012072434608,0.0029258886653252825,0.6218609666423225,0.6138050755773639,0.008055891064958631,0.13797559292209854,0.14355026401090318,0.005574671088804634,-0.009870400453295264,0.01493358904692998,1.0043881244614832,0.9868283107147248,1.0194847254238504,2000
GradientBoosting,individual,GradientBoosting,sigmoid,Cached fitted individual; sigmoid fitted to cached training OOF,sigmoid,13,0.37999999999999995,own validation,7,CV17_THY_CONT,cluster 2: Hypertension,cluster,cardiovascular,1,0.7579298142781161,0.7546945077567826,0.0032353065213335253,0.840627095908786,0.8377012072434608,0.0029258886653252825,0.6218609666423225,0.6138050755773639,0.008055891064958631,0.10818765827236983,0.10958368542846378,0.0013960271560939513,-0.009873410217587864,0.014895312427515978,1.0042869087930029,0.9867768013427191,1.019429747516316,2000
XGBoost,individual,XGBoost,raw,Cached fitted individual; sigmoid fitted to cached training OOF,raw_fixed,14,0.5,fixed 0.5,7,CV17_THY_CONT,cluster 2: Hypertension,cluster,cardiovascular,1,0.7340850209815728,0.7306990244778263,0.003385996503746491,0.8427649228705567,0.8421529175050302,0.0006120053655265245,0.6207142319116041,0.615905142923677,0.00480908898792709,0.142721285120714,0.13877346591534367,-0.003947819205370323,-0.008140186024572971,0.016062482872655597,1.004633914088179,0.9888926693255672,1.0220325529982757,2000
XGBoost,individual,XGBoost,raw,Cached fitted individual; sigmoid fitted to cached training OOF,raw_threshold,14,0.6,own validation,7,CV17_THY_CONT,cluster 2: Hypertension,cluster,cardiovascular,1,0.7375657580105213,0.7401462395543175,-0.002580481543796198,0.8427649228705567,0.8421529175050302,0.0006120053655265245,0.6207142319116041,0.615905142923677,0.00480908898792709,0.142721285120714,0.13877346591534367,-0.003947819205370323,-0.011428368044478568,0.007101241599602372,0.996513551774106,0.9846187608571814,1.0097279088690068,2000
XGBoost,individual,XGBoost,sigmoid,Cached fitted individual; sigmoid fitted to cached training OOF,sigmoid,15,0.36999999999999994,own validation,7,CV17_THY_CONT,cluster 2: Hypertension,cluster,cardiovascular,1,0.738826364323119,0.74400817251728,-0.0051818081941610306,0.8427649228705567,0.8421529175050302,0.0006120053655265245,0.6207142319116041,0.615905142923677,0.00480908898792709,0.10779122172922385,0.10845091756089562,0.000659695831671761,-0.014965465915981038,0.004728928775583961,0.9930352805445283,0.9801216900696943,1.0063576856197467,2000
paper,voting,"LogisticRegression,RandomForest,AdaBoost",raw,models/predictive_sensitivity/h7_CV17_THY_CONT_paper.joblib,raw_fixed,16,0.5,fixed 0.5,7,CV17_THY_CONT,cluster 2: Hypertension,cluster,cardiovascular,1,0.7329425928388122,0.7252254452373845,0.007717147601427721,0.8474765258215963,0.846244131455399,0.0012323943661972647,0.6249100841759544,0.6212038663844105,0.0037062177915438976,0.14916737933582,0.15008481089125666,0.0009174315554366652,0.0011217808627320414,0.015549859317178833,1.010641032594908,1.0015425491043415,1.0215850351104125,2000
paper,voting,"LogisticRegression,RandomForest,AdaBoost",raw,models/predictive_sensitivity/h7_CV17_THY_CONT_paper.joblib,raw_threshold,16,0.38999999999999996,saved voting threshold (also applied to raw),7,CV17_THY_CONT,cluster 2: Hypertension,cluster,cardiovascular,1,0.661069806744196,0.6620585259730875,-0.0009887192288914326,0.8474765258215963,0.846244131455399,0.0012323943661972647,0.6249100841759544,0.6212038663844105,0.0037062177915438976,0.14916737933582,0.15008481089125666,0.0009174315554366652,-0.006887412035242987,0.004900774851354025,0.9985065984499811,0.9896612702384652,1.007404129583452,2000
paper,voting,"LogisticRegression,RandomForest,AdaBoost",sigmoid,models/predictive_sensitivity/h7_CV17_THY_CONT_paper.joblib,sigmoid,17,0.38999999999999996,saved voting threshold (also applied to raw),7,CV17_THY_CONT,cluster 2: Hypertension,cluster,cardiovascular,1,0.7596902502253029,0.7545418151157511,0.005148435109551763,0.8474765258215963,0.846244131455399,0.0012323943661972647,0.6249100841759544,0.6212038663844105,0.0037062177915438976,0.10681940292729272,0.10737979739356426,0.000560394466271541,0.0,0.013087455287814452,1.0068232601645304,1.0,1.017562805242588,2000
paper_locked,voting,"LogisticRegression,RandomForest,AdaBoost",raw,models/final_h7_CV17_THY_CONT_paper_locked.joblib,raw_fixed,18,0.5,fixed 0.5,7,CV17_THY_CONT,cluster 2: Hypertension,cluster,cardiovascular,1,0.7281870738748857,0.7246079270031366,0.003579146871749095,0.8466381623071764,0.8445590207914152,0.0020791415157611626,0.6220693480215564,0.6164936801075281,0.005575667914028304,0.1566021485441328,0.15910129962118533,0.002499151077052536,-0.004104681995307308,0.010901310915070331,1.0049394254994586,0.9943775653701907,1.0154285080039382,2000
paper_locked,voting,"LogisticRegression,RandomForest,AdaBoost",raw,models/final_h7_CV17_THY_CONT_paper_locked.joblib,raw_threshold,18,0.43999999999999995,saved voting threshold (also applied to raw),7,CV17_THY_CONT,cluster 2: Hypertension,cluster,cardiovascular,1,0.6898933929555102,0.6865737882062365,0.00331960474927373,0.8466381623071764,0.8445590207914152,0.0020791415157611626,0.6220693480215564,0.6164936801075281,0.005575667914028304,0.1566021485441328,0.15910129962118533,0.002499151077052536,-0.003936000856033359,0.0108057946214981,1.004835029834079,0.9942683858760505,1.0154955571568702,2000
paper_locked,voting,"LogisticRegression,RandomForest,AdaBoost",sigmoid,models/final_h7_CV17_THY_CONT_paper_locked.joblib,sigmoid,19,0.43999999999999995,saved voting threshold (also applied to raw),7,CV17_THY_CONT,cluster 2: Hypertension,cluster,cardiovascular,1,0.7243328100470958,0.7245655870913263,-0.00023277704423052548,0.8466381623071764,0.8445590207914152,0.0020791415157611626,0.6220693480215564,0.6164936801075281,0.005575667914028304,0.10735395528864841,0.10808147885436468,0.0007275235657162732,-0.011278714033885919,0.009578518616235442,0.9996787357164381,0.9847189370568057,1.0134513346163068,2000
own,stacking,"LogisticRegression,KNeighbors,AdaBoost",raw,models/stacking_sensitivity/h7_CV17_THY_CONT_own.joblib,raw_fixed,20,0.5,fixed 0.5,7,CV17_THY_CONT,cluster 2: Hypertension,cluster,cardiovascular,1,0.7036772224208319,0.7011045261967771,0.00257269622405476,0.8452045606975185,0.8438128772635815,0.0013916834339370299,0.6027119778421592,0.59903782764303,0.0036741501991292003,0.10917993345567255,0.10973134146242348,0.0005514080067509364,-0.010427047896460626,0.015154548141873316,1.0036694902513477,0.9851489311709418,1.0217054818239975,2000
own,stacking,"LogisticRegression,KNeighbors,AdaBoost",raw,models/stacking_sensitivity/h7_CV17_THY_CONT_own.joblib,raw_threshold,20,0.33999999999999997,saved stacking threshold,7,CV17_THY_CONT,cluster 2: Hypertension,cluster,cardiovascular,1,0.7554362964476055,0.751641864469315,0.0037944319782904357,0.8452045606975185,0.8438128772635815,0.0013916834339370299,0.6027119778421592,0.59903782764303,0.0036741501991292003,0.10917993345567255,0.10973134146242348,0.0005514080067509364,-0.004979450757149139,0.013748667023199292,1.0050481913763138,0.9933841524726315,1.0184471519909415,2000
own,stacking,"LogisticRegression,KNeighbors,AdaBoost",sigmoid,models/stacking_sensitivity/h7_CV17_THY_CONT_own.joblib,sigmoid,21,0.32999999999999996,saved stacking threshold,7,CV17_THY_CONT,cluster 2: Hypertension,cluster,cardiovascular,1,0.7554362964476055,0.751641864469315,0.0037944319782904357,0.8452045606975185,0.8438128772635815,0.0013916834339370299,0.6027119778421592,0.59903782764303,0.0036741501991292003,0.10921388840861973,0.10974607453115576,0.0005321861225360269,-0.004979450757149139,0.013748667023199292,1.0050481913763138,0.9933841524726315,1.0184471519909415,2000
own,stacking,"LogisticRegression,KNeighbors,AdaBoost",isotonic,models/stacking_sensitivity/h7_CV17_THY_CONT_own.joblib,isotonic,22,0.33999999999999997,saved stacking threshold,7,CV17_THY_CONT,cluster 2: Hypertension,cluster,cardiovascular,1,0.756166353170578,0.7504736642667678,0.00569268890381025,0.8448608316566063,0.8410546613011401,0.003806170355466154,0.5843766539391511,0.5777263519620552,0.006650301977095818,0.11066089189702547,0.11169614212948212,0.0010352502324566526,-0.0024733160286822794,0.01500945784523463,1.007585461255822,0.9966915819933934,1.0200650429068048,2000
same_baseline,stacking,"KNeighbors,RandomForest,AdaBoost,MLP",raw,models/stacking_sensitivity/h7_CV17_THY_CONT_same_baseline.joblib,raw_fixed,23,0.5,fixed 0.5,7,CV17_THY_CONT,cluster 2: Hypertension,cluster,cardiovascular,1,0.7046565588361673,0.7132797250015346,-0.00862316616536729,0.8468226022803488,0.844592555331992,0.002230046948356823,0.6266442551545337,0.6221708035898723,0.00447345156466139,0.10694711012065376,0.10768512768563143,0.0007380175649776693,-0.019368707802656846,-0.0012494899874284013,0.9879105407554536,0.9725959439076491,0.9982029096301345,2000
same_baseline,stacking,"KNeighbors,RandomForest,AdaBoost,MLP",raw,models/stacking_sensitivity/h7_CV17_THY_CONT_same_baseline.joblib,raw_threshold,23,0.38999999999999996,saved stacking threshold,7,CV17_THY_CONT,cluster 2: Hypertension,cluster,cardiovascular,1,0.7542358796721512,0.7530239099859353,0.0012119696862159524,0.8468226022803488,0.844592555331992,0.002230046948356823,0.6266442551545337,0.6221708035898723,0.00447345156466139,0.10694711012065376,0.10768512768563143,0.0007380175649776693,-0.009606026579875759,0.012323857315108638,1.0016094703901748,0.9873930909046044,1.0165353581365593,2000
same_baseline,stacking,"KNeighbors,RandomForest,AdaBoost,MLP",sigmoid,models/stacking_sensitivity/h7_CV17_THY_CONT_same_baseline.joblib,sigmoid,24,0.3999999999999999,saved stacking threshold,7,CV17_THY_CONT,cluster 2: Hypertension,cluster,cardiovascular,1,0.7545418151157511,0.7571230982019364,-0.0025812830861852154,0.8468226022803488,0.844592555331992,0.002230046948356823,0.6266442551545337,0.6221708035898723,0.00447345156466139,0.106977825803903,0.10769505414351588,0.0007172283396128798,-0.012271883208790524,0.006517904647905587,0.9965906692157254,0.983759689727763,1.0086570746387433,2000
same_baseline,stacking,"KNeighbors,RandomForest,AdaBoost,MLP",isotonic,models/stacking_sensitivity/h7_CV17_THY_CONT_same_baseline.joblib,isotonic,25,0.32999999999999996,saved stacking threshold,7,CV17_THY_CONT,cluster 2: Hypertension,cluster,cardiovascular,1,0.7498623008110008,0.7521345537355475,-0.0022722529245466916,0.8466339704896043,0.8433727364185111,0.003261234071093244,0.6078162488237903,0.5994392564895241,0.008376992334266142,0.10763459558478214,0.10892052757052234,0.0012859319857402018,-0.017085677004434963,0.01149710095777383,0.9969789276223764,0.977446635028787,1.0154580470809937,2000
locked_baseline,stacking,"KNeighbors,RandomForest,AdaBoost,MLP",raw,models/stacking_sensitivity/h7_CV17_THY_CONT_locked_baseline.joblib,raw_fixed,26,0.5,fixed 0.5,7,CV17_THY_CONT,cluster 2: Hypertension,cluster,cardiovascular,1,0.7294088812205308,0.7325090738115286,-0.003100192590997808,0.8484657947686117,0.8456740442655936,0.0027917505030181644,0.6414093765224447,0.6348956179724198,0.006513758550024895,0.10521713348319792,0.10619233625636404,0.0009752027731661228,-0.015896651488146025,0.008803234454349723,0.9957677075932093,0.9786137945740073,1.0123415626592558,2000
locked_baseline,stacking,"KNeighbors,RandomForest,AdaBoost,MLP",raw,models/stacking_sensitivity/h7_CV17_THY_CONT_locked_baseline.joblib,raw_threshold,26,0.48999999999999994,saved stacking threshold,7,CV17_THY_CONT,cluster 2: Hypertension,cluster,cardiovascular,1,0.7309705048555402,0.7368631368631369,-0.00589263200759671,0.8484657947686117,0.8456740442655936,0.0027917505030181644,0.6414093765224447,0.6348956179724198,0.006513758550024895,0.10521713348319792,0.10619233625636404,0.0009752027731661228,-0.021110660817424243,0.009218569137650708,0.9920030848161547,0.9715470149956883,1.0126660450944498,2000
locked_baseline,stacking,"KNeighbors,RandomForest,AdaBoost,MLP",sigmoid,models/stacking_sensitivity/h7_CV17_THY_CONT_locked_baseline.joblib,sigmoid,27,0.48999999999999994,saved stacking threshold,7,CV17_THY_CONT,cluster 2: Hypertension,cluster,cardiovascular,1,0.7294088812205308,0.7311696264543784,-0.001760745233847616,0.8484657947686117,0.8456740442655936,0.0027917505030181644,0.6414093765224447,0.6348956179724198,0.006513758550024895,0.10516829882784544,0.10609884120846019,0.0009305423806147545,-0.013837017717115355,0.010212062811289148,0.9975918785872084,0.9811383448484412,1.013918081466213,2000
locked_baseline,stacking,"KNeighbors,RandomForest,AdaBoost,MLP",isotonic,models/stacking_sensitivity/h7_CV17_THY_CONT_locked_baseline.joblib,isotonic,28,0.42999999999999994,saved stacking threshold,7,CV17_THY_CONT,cluster 2: Hypertension,cluster,cardiovascular,1,0.7278237075983138,0.7296303780902066,-0.001806670491892759,0.8465459423205902,0.8443284708249497,0.002217471495640555,0.6069580639148737,0.6003848686110849,0.006573195303788859,0.10696678701552328,0.10757262029255109,0.0006058332770278035,-0.0140671469786144,0.010258575977403261,0.9975238551653761,0.9809018301443357,1.014173626269134,2000
paper,stacking,"LogisticRegression,RandomForest,AdaBoost",raw,models/stacking_sensitivity/h7_CV17_THY_CONT_paper.joblib,raw_fixed,29,0.5,fixed 0.5,7,CV17_THY_CONT,cluster 2: Hypertension,cluster,cardiovascular,1,0.7089681419188509,0.7059408768974655,0.0030272650213853947,0.8476190476190476,0.8464872568745808,0.0011317907444667874,0.6237386907226503,0.6210906428773169,0.0026480478453334566,0.10684277418145065,0.10742381212126124,0.0005810379398105969,-0.007840529642834614,0.014957649232154637,1.0042882699110582,0.98897057500255,1.0206993646956284,2000
paper,stacking,"LogisticRegression,RandomForest,AdaBoost",raw,models/stacking_sensitivity/h7_CV17_THY_CONT_paper.joblib,raw_threshold,29,0.3999999999999999,saved stacking threshold,7,CV17_THY_CONT,cluster 2: Hypertension,cluster,cardiovascular,1,0.7571230982019364,0.7571230982019364,0.0,0.8476190476190476,0.8464872568745808,0.0011317907444667874,0.6237386907226503,0.6210906428773169,0.0026480478453334566,0.10684277418145065,0.10742381212126124,0.0005810379398105969,-0.00373944560676584,0.003977637272822678,1.0,0.9949208026107869,1.0052602112647777,2000
paper,stacking,"LogisticRegression,RandomForest,AdaBoost",sigmoid,models/stacking_sensitivity/h7_CV17_THY_CONT_paper.joblib,sigmoid,30,0.38999999999999996,saved stacking threshold,7,CV17_THY_CONT,cluster 2: Hypertension,cluster,cardiovascular,1,0.7571230982019364,0.7545418151157511,0.0025812830861852154,0.8476190476190476,0.8464872568745808,0.0011317907444667874,0.6237386907226503,0.6210906428773169,0.0026480478453334566,0.10691330488299498,0.10746920218425231,0.0005558973012573243,-0.002651592408608838,0.009742922078401132,1.0034209940847205,0.99648832651781,1.0129819467775403,2000
paper,stacking,"LogisticRegression,RandomForest,AdaBoost",isotonic,models/stacking_sensitivity/h7_CV17_THY_CONT_paper.joblib,isotonic,31,0.3499999999999999,saved stacking threshold,7,CV17_THY_CONT,cluster 2: Hypertension,cluster,cardiovascular,1,0.7531190566334336,0.7544481142126571,-0.0013290575792235249,0.8453093561368209,0.8442362508383635,0.0010731052984573886,0.6000089471701715,0.5956214963388153,0.0043874508313561655,0.10818818153761928,0.1087404217624595,0.0005522402248402253,-0.006342299516314989,0.00271122618935424,0.9982383711295898,0.9914935015936004,1.0035926646110889,2000
same_members_reselected_C,stacking,"KNeighbors,RandomForest,AdaBoost,MLP",raw,cache/classification_explainability/prepared_h7_CV17_THY_CONT.joblib,raw_fixed,32,0.5,fixed 0.5,7,CV17_THY_CONT,cluster 2: Hypertension,cluster,cardiovascular,1,0.6911228376548599,0.6955671133720562,-0.0044442757171963,0.8478286384976526,0.8456321260898726,0.0021965124077799603,0.6291219667126018,0.623893601129296,0.00522836558330575,0.10710668881529546,0.10788964291952999,0.0007829541042345262,-0.012879913762433281,0.0,0.9936105723922876,0.9816746895236447,1.0,2000
same_members_reselected_C,stacking,"KNeighbors,RandomForest,AdaBoost,MLP",raw,cache/classification_explainability/prepared_h7_CV17_THY_CONT.joblib,raw_threshold,32,0.36999999999999994,saved reselected-C validation threshold,7,CV17_THY_CONT,cluster 2: Hypertension,cluster,cardiovascular,1,0.7617419431871222,0.7554317548746519,0.006310188312470322,0.8478286384976526,0.8456321260898726,0.0021965124077799603,0.6291219667126018,0.623893601129296,0.00522836558330575,0.10710668881529546,0.10788964291952999,0.0007829541042345262,-0.004802146260148404,0.018489304475161884,1.0083530885109766,0.9935352569664277,1.0245254062721474,2000
same_members_reselected_C,stacking,"KNeighbors,RandomForest,AdaBoost,MLP",sigmoid,cache/classification_explainability/prepared_h7_CV17_THY_CONT.joblib,sigmoid,33,0.35999999999999993,saved reselected-C validation threshold,7,CV17_THY_CONT,cluster 2: Hypertension,cluster,cardiovascular,1,0.7511422092865845,0.7524269889224572,-0.0012847796358727015,0.8478286384976526,0.8456321260898726,0.0021965124077799603,0.6291219667126018,0.623893601129296,0.00522836558330575,0.10661452685674429,0.10748746662345303,0.0008729397667087413,-0.010300361927830255,0.007456278697504628,0.9982924859756658,0.9863246237240775,1.0102316405919467,2000
same_members_reselected_C,stacking,"KNeighbors,RandomForest,AdaBoost,MLP",isotonic,cache/classification_explainability/prepared_h7_CV17_THY_CONT.joblib,isotonic,34,0.33999999999999997,saved reselected-C validation threshold,7,CV17_THY_CONT,cluster 2: Hypertension,cluster,cardiovascular,1,0.7556737369364912,0.7570069455053481,-0.0013332085688568807,0.8462692823608317,0.8440350435949028,0.0022342387659288754,0.6070559198389371,0.6044230308776082,0.0026328889613289608,0.10824084444828577,0.1084877664056718,0.00024692195738602873,-0.01511524169518547,0.01338970888769456,0.9982388423557107,0.9800576302316473,1.018038183210497,2000
LogisticRegression,individual,LogisticRegression,raw,Cached fitted individual; sigmoid fitted to cached training OOF,raw_fixed,0,0.5,fixed 0.5,7,CV17_THY_CONT,"cluster 3: Angina, Previous_CABG, Previous_PCI, Previous_MI, Angiography, Vessels, Ischemia, PostIsch_DCM, Dyslipidemia, AFib, LVEF",cluster,cardiovascular,11,0.7027203218095723,0.6517649725196895,0.05095534928988288,0.8415828303152246,0.7654258886653252,0.07615694164989939,0.586842265981418,0.48763571403930345,0.09920655194211453,0.16219265113101544,0.1787321614541071,0.016539510323091672,0.016953237994921926,0.08779685922002287,1.078180558081991,1.025177936209696,1.1401083091416606,2000
LogisticRegression,individual,LogisticRegression,raw,Cached fitted individual; sigmoid fitted to cached training OOF,raw_threshold,0,0.6399999999999999,own validation,7,CV17_THY_CONT,"cluster 3: Angina, Previous_CABG, Previous_PCI, Previous_MI, Angiography, Vessels, Ischemia, PostIsch_DCM, Dyslipidemia, AFib, LVEF",cluster,cardiovascular,11,0.7426812986420919,0.5835273824924536,0.15915391614963825,0.8415828303152246,0.7654258886653252,0.07615694164989939,0.586842265981418,0.48763571403930345,0.09920655194211453,0.16219265113101544,0.1787321614541071,0.016539510323091672,0.11071242957803734,0.20944203896812244,1.2727445547967862,1.1810437027511016,1.3791072218219664,2000
LogisticRegression,individual,LogisticRegression,sigmoid,Cached fitted individual; sigmoid fitted to cached training OOF,sigmoid,1,0.38999999999999996,own validation,7,CV17_THY_CONT,"cluster 3: Angina, Previous_CABG, Previous_PCI, Previous_MI, Angiography, Vessels, Ischemia, PostIsch_DCM, Dyslipidemia, AFib, LVEF",cluster,cardiovascular,11,0.7361367513642372,0.575825054790357,0.16031169657388022,0.8415828303152246,0.7654258886653252,0.07615694164989939,0.586842265981418,0.48763571403930345,0.09920655194211453,0.11137008767811421,0.13327336745707805,0.021903279778963836,0.11036564144131164,0.21091252750456188,1.2784034755699292,1.1816216278101235,1.3885672396706248,2000
SVC,individual,SVC,raw,Cached fitted individual; sigmoid fitted to cached training OOF,raw_fixed,2,0.5,fixed 0.5,7,CV17_THY_CONT,"cluster 3: Angina, Previous_CABG, Previous_PCI, Previous_MI, Angiography, Vessels, Ischemia, PostIsch_DCM, Dyslipidemia, AFib, LVEF",cluster,cardiovascular,11,0.7011045261967771,0.4763892653835728,0.2247152608132043,0.8283702213279678,0.7489939637826962,0.07937625754527156,0.5568024589994544,0.43777254269838245,0.1190299163010719,0.11715140617654654,0.13791992777843567,0.020768521601889134,0.1725526428667256,0.27330691751367364,1.4717051309547688,1.3487054459126457,1.5929698782595294,2000
SVC,individual,SVC,raw,Cached fitted individual; sigmoid fitted to cached training OOF,raw_threshold,2,0.37999999999999995,own validation,7,CV17_THY_CONT,"cluster 3: Angina, Previous_CABG, Previous_PCI, Previous_MI, Angiography, Vessels, Ischemia, PostIsch_DCM, Dyslipidemia, AFib, LVEF",cluster,cardiovascular,11,0.716891790418474,0.5396652550917524,0.1772265353267215,0.8283702213279678,0.7489939637826962,0.07937625754527156,0.5568024589994544,0.43777254269838245,0.1190299163010719,0.11715140617654654,0.13791992777843567,0.020768521601889134,0.1273475214315042,0.22604183607514292,1.328400862672899,1.22517066830411,1.4410623420575561,2000
SVC,individual,SVC,sigmoid,Cached fitted individual; sigmoid fitted to cached training OOF,sigmoid,3,0.4099999999999999,own validation,7,CV17_THY_CONT,"cluster 3: Angina, Previous_CABG, Previous_PCI, Previous_MI, Angiography, Vessels, Ischemia, PostIsch_DCM, Dyslipidemia, AFib, LVEF",cluster,cardiovascular,11,0.7072343406283659,0.487933076430409,0.21930126419795687,0.8283702213279678,0.7489939637826962,0.07937625754527156,0.5568024589994544,0.43777254269838245,0.1190299163010719,0.1169250023920927,0.13930151971752558,0.022376517325432874,0.17067553613421535,0.26534167968678846,1.4494494732808598,1.3338710851590052,1.5620881395664206,2000
KNeighbors,individual,KNeighbors,raw,Cached fitted individual; sigmoid fitted to cached training OOF,raw_fixed,4,0.5,fixed 0.5,7,CV17_THY_CONT,"cluster 3: Angina, Previous_CABG, Previous_PCI, Previous_MI, Angiography, Vessels, Ischemia, PostIsch_DCM, Dyslipidemia, AFib, LVEF",cluster,cardiovascular,11,0.7063464648956876,0.5677570792500659,0.13858938564562173,0.8055122401073105,0.6541121730382293,0.15140006706908116,0.5386758931409478,0.3313342590632501,0.20734163407769768,0.1499207685451123,0.1541746149308232,0.004253846385710913,0.09007571733930522,0.18376765040940132,1.2440997932226234,1.149203194142004,1.3401502339371296,2000
KNeighbors,individual,KNeighbors,raw,Cached fitted individual; sigmoid fitted to cached training OOF,raw_threshold,4,0.59,own validation,7,CV17_THY_CONT,"cluster 3: Angina, Previous_CABG, Previous_PCI, Previous_MI, Angiography, Vessels, Ischemia, PostIsch_DCM, Dyslipidemia, AFib, LVEF",cluster,cardiovascular,11,0.6881589091885617,0.519027944612379,0.1691309645761827,0.8055122401073105,0.6541121730382293,0.15140006706908116,0.5386758931409478,0.3313342590632501,0.20734163407769768,0.1499207685451123,0.1541746149308232,0.004253846385710913,0.12129582021923593,0.21592840520939646,1.325860999069122,1.2247070850500794,1.438811188724887,2000
KNeighbors,individual,KNeighbors,sigmoid,Cached fitted individual; sigmoid fitted to cached training OOF,sigmoid,5,0.30999999999999994,own validation,7,CV17_THY_CONT,"cluster 3: Angina, Previous_CABG, Previous_PCI, Previous_MI, Angiography, Vessels, Ischemia, PostIsch_DCM, Dyslipidemia, AFib, LVEF",cluster,cardiovascular,11,0.6881589091885617,0.519027944612379,0.1691309645761827,0.8055122401073105,0.6541121730382293,0.15140006706908116,0.5386758931409478,0.3313342590632501,0.20734163407769768,0.12173341907432166,0.1501608144788522,0.028427395404530556,0.12129582021923593,0.21592840520939646,1.325860999069122,1.2247070850500794,1.438811188724887,2000
RandomForest,individual,RandomForest,raw,Cached fitted individual; sigmoid fitted to cached training OOF,raw_fixed,6,0.5,fixed 0.5,7,CV17_THY_CONT,"cluster 3: Angina, Previous_CABG, Previous_PCI, Previous_MI, Angiography, Vessels, Ischemia, PostIsch_DCM, Dyslipidemia, AFib, LVEF",cluster,cardiovascular,11,0.7491346656217346,0.6143617256474125,0.13477293997432205,0.8410127431254192,0.7655097250167673,0.0755030181086519,0.6356546074048491,0.4869600340232322,0.14869457338161696,0.12209730025536963,0.1338515789292739,0.011754278673904273,0.08817139852328215,0.1842152553887032,1.2193706644604183,1.135135311693394,1.3193090137278123,2000
RandomForest,individual,RandomForest,raw,Cached fitted individual; sigmoid fitted to cached training OOF,raw_threshold,6,0.5299999999999999,own validation,7,CV17_THY_CONT,"cluster 3: Angina, Previous_CABG, Previous_PCI, Previous_MI, Angiography, Vessels, Ischemia, PostIsch_DCM, Dyslipidemia, AFib, LVEF",cluster,cardiovascular,11,0.74400817251728,0.5810480815112135,0.16296009100606657,0.8410127431254192,0.7655097250167673,0.0755030181086519,0.6356546074048491,0.4869600340232322,0.14869457338161696,0.12209730025536963,0.1338515789292739,0.011754278673904273,0.1163017530457847,0.21097831869512096,1.2804588745603176,1.1907607675236187,1.382868914493725,2000
RandomForest,individual,RandomForest,sigmoid,Cached fitted individual; sigmoid fitted to cached training OOF,sigmoid,7,0.37999999999999995,own validation,7,CV17_THY_CONT,"cluster 3: Angina, Previous_CABG, Previous_PCI, Previous_MI, Angiography, Vessels, Ischemia, PostIsch_DCM, Dyslipidemia, AFib, LVEF",cluster,cardiovascular,11,0.7452590842555569,0.5855197773802425,0.15973930687531435,0.8410127431254192,0.7655097250167673,0.0755030181086519,0.6356546074048491,0.4869600340232322,0.14869457338161696,0.10692705464634006,0.13393438723225767,0.027007332585917615,0.1135431245379585,0.20783790761867876,1.2728162447219575,1.1835827128937342,1.3728080231461957,2000
AdaBoost,individual,AdaBoost,raw,Cached fitted individual; sigmoid fitted to cached training OOF,raw_fixed,8,0.5,fixed 0.5,7,CV17_THY_CONT,"cluster 3: Angina, Previous_CABG, Previous_PCI, Previous_MI, Angiography, Vessels, Ischemia, PostIsch_DCM, Dyslipidemia, AFib, LVEF",cluster,cardiovascular,11,0.7035592443093917,0.6688660729978324,0.034693171311559245,0.8369634473507713,0.7720741113346747,0.06488933601609659,0.5904214779938294,0.49316133684122976,0.09726014115259962,0.1861595753416243,0.19593789084642546,0.009778315504801155,0.003470809866922568,0.06859836988791068,1.0518686366555652,1.0048727316104022,1.1053541209642104,2000
AdaBoost,individual,AdaBoost,raw,Cached fitted individual; sigmoid fitted to cached training OOF,raw_threshold,8,0.58,own validation,7,CV17_THY_CONT,"cluster 3: Angina, Previous_CABG, Previous_PCI, Previous_MI, Angiography, Vessels, Ischemia, PostIsch_DCM, Dyslipidemia, AFib, LVEF",cluster,cardiovascular,11,0.7308812260536399,0.6258840149506839,0.10499721110295601,0.8369634473507713,0.7720741113346747,0.06488933601609659,0.5904214779938294,0.49316133684122976,0.09726014115259962,0.1861595753416243,0.19593789084642546,0.009778315504801155,0.060031684752529915,0.15031122301735597,1.167758256473812,1.091044456397167,1.2525888023881033,2000
AdaBoost,individual,AdaBoost,sigmoid,Cached fitted individual; sigmoid fitted to cached training OOF,sigmoid,9,0.4099999999999999,own validation,7,CV17_THY_CONT,"cluster 3: Angina, Previous_CABG, Previous_PCI, Previous_MI, Angiography, Vessels, Ischemia, PostIsch_DCM, Dyslipidemia, AFib, LVEF",cluster,cardiovascular,11,0.7293557557283282,0.618022202182187,0.11133355354614127,0.8369634473507713,0.7720741113346747,0.06488933601609659,0.5904214779938294,0.49316133684122976,0.09726014115259962,0.11138800805411916,0.12878124644765054,0.01739323839353138,0.06418991552186662,0.1569527645397711,1.1801449092816267,1.0996231992108172,1.267674412493403,2000
MLP,individual,MLP,raw,Cached fitted individual; sigmoid fitted to cached training OOF,raw_fixed,10,0.5,fixed 0.5,7,CV17_THY_CONT,"cluster 3: Angina, Previous_CABG, Previous_PCI, Previous_MI, Angiography, Vessels, Ischemia, PostIsch_DCM, Dyslipidemia, AFib, LVEF",cluster,cardiovascular,11,0.7086712317698171,0.6549782108010285,0.053693020968788585,0.8466968477531858,0.7514922870556673,0.09520456069751848,0.6105382221434775,0.484172612052836,0.1263656100906415,0.15329636532074958,0.17689045199198553,0.023594086671235942,0.016477055546957015,0.09562277368930791,1.0819768048514513,1.024346880836221,1.1511304647476666,2000
MLP,individual,MLP,raw,Cached fitted individual; sigmoid fitted to cached training OOF,raw_threshold,10,0.6799999999999999,own validation,7,CV17_THY_CONT,"cluster 3: Angina, Previous_CABG, Previous_PCI, Previous_MI, Angiography, Vessels, Ischemia, PostIsch_DCM, Dyslipidemia, AFib, LVEF",cluster,cardiovascular,11,0.7489136160834274,0.6050662878787878,0.14384732820463964,0.8466968477531858,0.7514922870556673,0.09520456069751848,0.6105382221434775,0.484172612052836,0.1263656100906415,0.15329636532074958,0.17689045199198553,0.023594086671235942,0.09267090087148559,0.19510569880583917,1.2377381306582667,1.14488738017708,1.343035776998511,2000
MLP,individual,MLP,sigmoid,Cached fitted individual; sigmoid fitted to cached training OOF,sigmoid,11,0.31999999999999995,own validation,7,CV17_THY_CONT,"cluster 3: Angina, Previous_CABG, Previous_PCI, Previous_MI, Angiography, Vessels, Ischemia, PostIsch_DCM, Dyslipidemia, AFib, LVEF",cluster,cardiovascular,11,0.7574482553444686,0.6191219850772167,0.13832627026725186,0.8466968477531858,0.7514922870556673,0.09520456069751848,0.6105382221434775,0.484172612052836,0.1263656100906415,0.11299743818759635,0.13635103802942278,0.02335359984182643,0.08815704999328644,0.18910540307073773,1.2234232891115955,1.1339503864197,1.3218205162979915,2000
GradientBoosting,individual,GradientBoosting,raw,Cached fitted individual; sigmoid fitted to cached training OOF,raw_fixed,12,0.5,fixed 0.5,7,CV17_THY_CONT,"cluster 3: Angina, Previous_CABG, Previous_PCI, Previous_MI, Angiography, Vessels, Ischemia, PostIsch_DCM, Dyslipidemia, AFib, LVEF",cluster,cardiovascular,11,0.7196397818599312,0.6799944836825359,0.03964529817739526,0.840627095908786,0.7563883299798793,0.08423876592890678,0.6218609666423225,0.5018660986012683,0.11999486804105419,0.13797559292209854,0.13320041263406676,-0.004775180288031783,-0.0006546730096945922,0.08383645245050303,1.0583023820468287,0.9990882238593202,1.129138467608577,2000
GradientBoosting,individual,GradientBoosting,raw,Cached fitted individual; sigmoid fitted to cached training OOF,raw_threshold,12,0.6599999999999999,own validation,7,CV17_THY_CONT,"cluster 3: Angina, Previous_CABG, Previous_PCI, Previous_MI, Angiography, Vessels, Ischemia, PostIsch_DCM, Dyslipidemia, AFib, LVEF",cluster,cardiovascular,11,0.7604147716936511,0.6104432337805412,0.1499715379131099,0.840627095908786,0.7563883299798793,0.08423876592890678,0.6218609666423225,0.5018660986012683,0.11999486804105419,0.13797559292209854,0.13320041263406676,-0.004775180288031783,0.10493765061637592,0.19698185503177984,1.2456764685297925,1.1619872392334458,1.3383538670483592,2000
GradientBoosting,individual,GradientBoosting,sigmoid,Cached fitted individual; sigmoid fitted to cached training OOF,sigmoid,13,0.37999999999999995,own validation,7,CV17_THY_CONT,"cluster 3: Angina, Previous_CABG, Previous_PCI, Previous_MI, Angiography, Vessels, Ischemia, PostIsch_DCM, Dyslipidemia, AFib, LVEF",cluster,cardiovascular,11,0.7579298142781161,0.6104432337805412,0.1474865804975749,0.840627095908786,0.7563883299798793,0.08423876592890678,0.6218609666423225,0.5018660986012683,0.11999486804105419,0.10818765827236983,0.13332065768133555,0.025132999408965725,0.10197415096827203,0.19382637558589427,1.2416057257022484,1.1584721827804556,1.3357419602037008,2000
XGBoost,individual,XGBoost,raw,Cached fitted individual; sigmoid fitted to cached training OOF,raw_fixed,14,0.5,fixed 0.5,7,CV17_THY_CONT,"cluster 3: Angina, Previous_CABG, Previous_PCI, Previous_MI, Angiography, Vessels, Ischemia, PostIsch_DCM, Dyslipidemia, AFib, LVEF",cluster,cardiovascular,11,0.7340850209815728,0.6665412979351033,0.0675437230464695,0.8427649228705567,0.7629107981220657,0.07985412474849096,0.6207142319116041,0.49092299708863135,0.12979123482297278,0.142721285120714,0.17095417537641175,0.02823289025569775,0.032921492863574986,0.10388727403573601,1.1013346408627869,1.0480163036769186,1.1619125459515862,2000
XGBoost,individual,XGBoost,raw,Cached fitted individual; sigmoid fitted to cached training OOF,raw_threshold,14,0.6,own validation,7,CV17_THY_CONT,"cluster 3: Angina, Previous_CABG, Previous_PCI, Previous_MI, Angiography, Vessels, Ischemia, PostIsch_DCM, Dyslipidemia, AFib, LVEF",cluster,cardiovascular,11,0.7375657580105213,0.663426245802182,0.07413951220833925,0.8427649228705567,0.7629107981220657,0.07985412474849096,0.6207142319116041,0.49092299708863135,0.12979123482297278,0.142721285120714,0.17095417537641175,0.02823289025569775,0.029530825033519295,0.1164484399704498,1.11175245579664,1.043226293119986,1.1804936095511467,2000
XGBoost,individual,XGBoost,sigmoid,Cached fitted individual; sigmoid fitted to cached training OOF,sigmoid,15,0.36999999999999994,own validation,7,CV17_THY_CONT,"cluster 3: Angina, Previous_CABG, Previous_PCI, Previous_MI, Angiography, Vessels, Ischemia, PostIsch_DCM, Dyslipidemia, AFib, LVEF",cluster,cardiovascular,11,0.738826364323119,0.6668085894113291,0.07201777491178984,0.8427649228705567,0.7629107981220657,0.07985412474849096,0.6207142319116041,0.49092299708863135,0.12979123482297278,0.10779122172922385,0.12826495324136974,0.02047373151214589,0.028603120913035036,0.11315276301396125,1.108003670101743,1.0418154215234339,1.1762242790108932,2000
paper,voting,"LogisticRegression,RandomForest,AdaBoost",raw,models/predictive_sensitivity/h7_CV17_THY_CONT_paper.joblib,raw_fixed,16,0.5,fixed 0.5,7,CV17_THY_CONT,"cluster 3: Angina, Previous_CABG, Previous_PCI, Previous_MI, Angiography, Vessels, Ischemia, PostIsch_DCM, Dyslipidemia, AFib, LVEF",cluster,cardiovascular,11,0.7329425928388122,0.6766187253561704,0.05632386748264184,0.8474765258215963,0.774916163648558,0.0725603621730383,0.6249100841759544,0.5064430457562741,0.11846703841968032,0.14916737933582,0.1612481861113142,0.012080806775494196,0.015724753022520573,0.10008748951974557,1.083243140297356,1.0223550966207315,1.1529130235344853,2000
paper,voting,"LogisticRegression,RandomForest,AdaBoost",raw,models/predictive_sensitivity/h7_CV17_THY_CONT_paper.joblib,raw_threshold,16,0.38999999999999996,saved voting threshold (also applied to raw),7,CV17_THY_CONT,"cluster 3: Angina, Previous_CABG, Previous_PCI, Previous_MI, Angiography, Vessels, Ischemia, PostIsch_DCM, Dyslipidemia, AFib, LVEF",cluster,cardiovascular,11,0.661069806744196,0.629610810793857,0.031458995950339075,0.8474765258215963,0.774916163648558,0.0725603621730383,0.6249100841759544,0.5064430457562741,0.11846703841968032,0.14916737933582,0.1612481861113142,0.012080806775494196,0.005020342407994499,0.05944992149967796,1.0499657811000314,1.007727753986001,1.097499916313291,2000
paper,voting,"LogisticRegression,RandomForest,AdaBoost",sigmoid,models/predictive_sensitivity/h7_CV17_THY_CONT_paper.joblib,sigmoid,17,0.38999999999999996,saved voting threshold (also applied to raw),7,CV17_THY_CONT,"cluster 3: Angina, Previous_CABG, Previous_PCI, Previous_MI, Angiography, Vessels, Ischemia, PostIsch_DCM, Dyslipidemia, AFib, LVEF",cluster,cardiovascular,11,0.7596902502253029,0.5974775685107737,0.16221268171452918,0.8474765258215963,0.774916163648558,0.0725603621730383,0.6249100841759544,0.5064430457562741,0.11846703841968032,0.10681940292729272,0.1312336035957402,0.02441420066844749,0.11158080453048819,0.2107045490524956,1.2714958523360935,1.1756726580473167,1.3739356118046442,2000
paper_locked,voting,"LogisticRegression,RandomForest,AdaBoost",raw,models/final_h7_CV17_THY_CONT_paper_locked.joblib,raw_fixed,18,0.5,fixed 0.5,7,CV17_THY_CONT,"cluster 3: Angina, Previous_CABG, Previous_PCI, Previous_MI, Angiography, Vessels, Ischemia, PostIsch_DCM, Dyslipidemia, AFib, LVEF",cluster,cardiovascular,11,0.7281870738748857,0.6805705969947204,0.04761647688016524,0.8466381623071764,0.7744969818913481,0.07214118041582829,0.6220693480215564,0.5105603851351889,0.11150896288636758,0.1566021485441328,0.17214115832289398,0.015539009778761187,0.007323954926479571,0.0886493000673285,1.0699655217113864,1.010064915137427,1.1350285050009243,2000
paper_locked,voting,"LogisticRegression,RandomForest,AdaBoost",raw,models/final_h7_CV17_THY_CONT_paper_locked.joblib,raw_threshold,18,0.43999999999999995,saved voting threshold (also applied to raw),7,CV17_THY_CONT,"cluster 3: Angina, Previous_CABG, Previous_PCI, Previous_MI, Angiography, Vessels, Ischemia, PostIsch_DCM, Dyslipidemia, AFib, LVEF",cluster,cardiovascular,11,0.6898933929555102,0.6562483410309498,0.033645051924560465,0.8466381623071764,0.7744969818913481,0.07214118041582829,0.6220693480215564,0.5105603851351889,0.11150896288636758,0.1566021485441328,0.17214115832289398,0.015539009778761187,0.0019291296239401215,0.06711484281669239,1.0512687801567695,1.002848025069913,1.1064735982760856,2000
paper_locked,voting,"LogisticRegression,RandomForest,AdaBoost",sigmoid,models/final_h7_CV17_THY_CONT_paper_locked.joblib,sigmoid,19,0.43999999999999995,saved voting threshold (also applied to raw),7,CV17_THY_CONT,"cluster 3: Angina, Previous_CABG, Previous_PCI, Previous_MI, Angiography, Vessels, Ischemia, PostIsch_DCM, Dyslipidemia, AFib, LVEF",cluster,cardiovascular,11,0.7243328100470958,0.5497255967604433,0.17460721328665252,0.8466381623071764,0.7744969818913481,0.07214118041582829,0.6220693480215564,0.5105603851351889,0.11150896288636758,0.10735395528864841,0.13005376408257943,0.02269980879393102,0.12394789857395727,0.22515136094166063,1.317626128955283,1.2134377430440313,1.4354174922740015,2000
own,stacking,"LogisticRegression,KNeighbors,AdaBoost",raw,models/stacking_sensitivity/h7_CV17_THY_CONT_own.joblib,raw_fixed,20,0.5,fixed 0.5,7,CV17_THY_CONT,"cluster 3: Angina, Previous_CABG, Previous_PCI, Previous_MI, Angiography, Vessels, Ischemia, PostIsch_DCM, Dyslipidemia, AFib, LVEF",cluster,cardiovascular,11,0.7036772224208319,0.5150334017696163,0.18864382065121554,0.8452045606975185,0.7691482226693495,0.07605633802816902,0.6027119778421592,0.48813063567804893,0.11458134216411031,0.10917993345567255,0.13177590100013511,0.022595967544462567,0.14019779442614763,0.23542322512069194,1.3662749250884496,1.26127076371305,1.4772836291198066,2000
own,stacking,"LogisticRegression,KNeighbors,AdaBoost",raw,models/stacking_sensitivity/h7_CV17_THY_CONT_own.joblib,raw_threshold,20,0.33999999999999997,saved stacking threshold,7,CV17_THY_CONT,"cluster 3: Angina, Previous_CABG, Previous_PCI, Previous_MI, Angiography, Vessels, Ischemia, PostIsch_DCM, Dyslipidemia, AFib, LVEF",cluster,cardiovascular,11,0.7554362964476055,0.6477795125336109,0.10765678391399458,0.8452045606975185,0.7691482226693495,0.07605633802816902,0.6027119778421592,0.48813063567804893,0.11458134216411031,0.10917993345567255,0.13177590100013511,0.022595967544462567,0.06240280195374266,0.15435761038070223,1.1661935609740492,1.0920265880670903,1.2513396879561394,2000
own,stacking,"LogisticRegression,KNeighbors,AdaBoost",sigmoid,models/stacking_sensitivity/h7_CV17_THY_CONT_own.joblib,sigmoid,21,0.32999999999999996,saved stacking threshold,7,CV17_THY_CONT,"cluster 3: Angina, Previous_CABG, Previous_PCI, Previous_MI, Angiography, Vessels, Ischemia, PostIsch_DCM, Dyslipidemia, AFib, LVEF",cluster,cardiovascular,11,0.7554362964476055,0.6477795125336109,0.10765678391399458,0.8452045606975185,0.7691482226693495,0.07605633802816902,0.6027119778421592,0.48813063567804893,0.11458134216411031,0.10921388840861973,0.13237044714798296,0.02315655873936323,0.06240280195374266,0.15435761038070223,1.1661935609740492,1.0920265880670903,1.2513396879561394,2000
own,stacking,"LogisticRegression,KNeighbors,AdaBoost",isotonic,models/stacking_sensitivity/h7_CV17_THY_CONT_own.joblib,isotonic,22,0.33999999999999997,saved stacking threshold,7,CV17_THY_CONT,"cluster 3: Angina, Previous_CABG, Previous_PCI, Previous_MI, Angiography, Vessels, Ischemia, PostIsch_DCM, Dyslipidemia, AFib, LVEF",cluster,cardiovascular,11,0.756166353170578,0.6725119306743513,0.08365442249622668,0.8448608316566063,0.7680290073775989,0.07683182427900737,0.5843766539391511,0.4601163754968481,0.12426027844230297,0.11066089189702547,0.13344980781135657,0.022788915914331104,0.0383486368504011,0.12757646128001576,1.1243909865098505,1.0560621067815492,1.200731038801994,2000
same_baseline,stacking,"KNeighbors,RandomForest,AdaBoost,MLP",raw,models/stacking_sensitivity/h7_CV17_THY_CONT_same_baseline.joblib,raw_fixed,23,0.5,fixed 0.5,7,CV17_THY_CONT,"cluster 3: Angina, Previous_CABG, Previous_PCI, Previous_MI, Angiography, Vessels, Ischemia, PostIsch_DCM, Dyslipidemia, AFib, LVEF",cluster,cardiovascular,11,0.7046565588361673,0.49301233159630586,0.21164422723986143,0.8468226022803488,0.7701542588866532,0.07666834339369555,0.6266442551545337,0.49198665493523064,0.13465760021930306,0.10694711012065376,0.13250432714282803,0.02555721702217427,0.1641058631539703,0.2579740169359365,1.4292878974336942,1.323799642492435,1.5424741629829102,2000
same_baseline,stacking,"KNeighbors,RandomForest,AdaBoost,MLP",raw,models/stacking_sensitivity/h7_CV17_THY_CONT_same_baseline.joblib,raw_threshold,23,0.38999999999999996,saved stacking threshold,7,CV17_THY_CONT,"cluster 3: Angina, Previous_CABG, Previous_PCI, Previous_MI, Angiography, Vessels, Ischemia, PostIsch_DCM, Dyslipidemia, AFib, LVEF",cluster,cardiovascular,11,0.7542358796721512,0.5976512855606608,0.1565845941114904,0.8468226022803488,0.7701542588866532,0.07666834339369555,0.6266442551545337,0.49198665493523064,0.13465760021930306,0.10694711012065376,0.13250432714282803,0.02555721702217427,0.10813358921166062,0.20384011767820798,1.2619999285446148,1.1716516432474118,1.360557730118389,2000
same_baseline,stacking,"KNeighbors,RandomForest,AdaBoost,MLP",sigmoid,models/stacking_sensitivity/h7_CV17_THY_CONT_same_baseline.joblib,sigmoid,24,0.3999999999999999,saved stacking threshold,7,CV17_THY_CONT,"cluster 3: Angina, Previous_CABG, Previous_PCI, Previous_MI, Angiography, Vessels, Ischemia, PostIsch_DCM, Dyslipidemia, AFib, LVEF",cluster,cardiovascular,11,0.7545418151157511,0.5810480815112135,0.17349373360453768,0.8468226022803488,0.7701542588866532,0.07666834339369555,0.6266442551545337,0.49198665493523064,0.13465760021930306,0.106977825803903,0.13266049087094026,0.025682665067037258,0.12456079845336028,0.22054465474508578,1.2985875680947232,1.2029246378941054,1.402029563004262,2000
same_baseline,stacking,"KNeighbors,RandomForest,AdaBoost,MLP",isotonic,models/stacking_sensitivity/h7_CV17_THY_CONT_same_baseline.joblib,isotonic,25,0.32999999999999996,saved stacking threshold,7,CV17_THY_CONT,"cluster 3: Angina, Previous_CABG, Previous_PCI, Previous_MI, Angiography, Vessels, Ischemia, PostIsch_DCM, Dyslipidemia, AFib, LVEF",cluster,cardiovascular,11,0.7498623008110008,0.637868243925127,0.11199405688587383,0.8466339704896043,0.7709507042253522,0.07568326626425215,0.6078162488237903,0.47084311511784677,0.1369731337059435,0.10763459558478214,0.1325023863149529,0.024867790730170758,0.06471691476026759,0.1580466503490733,1.1755755329607218,1.096120438963619,1.259505730570648,2000
locked_baseline,stacking,"KNeighbors,RandomForest,AdaBoost,MLP",raw,models/stacking_sensitivity/h7_CV17_THY_CONT_locked_baseline.joblib,raw_fixed,26,0.5,fixed 0.5,7,CV17_THY_CONT,"cluster 3: Angina, Previous_CABG, Previous_PCI, Previous_MI, Angiography, Vessels, Ischemia, PostIsch_DCM, Dyslipidemia, AFib, LVEF",cluster,cardiovascular,11,0.7294088812205308,0.5082558911384003,0.22115299008213052,0.8484657947686117,0.7723340040241449,0.07613179074446685,0.6414093765224447,0.5064134127894285,0.13499596373301614,0.10521713348319792,0.12905009253642485,0.023832959053226938,0.1749635203472052,0.2647119891559754,1.4351213511500835,1.3276065062131768,1.5430033979511417,2000
locked_baseline,stacking,"KNeighbors,RandomForest,AdaBoost,MLP",raw,models/stacking_sensitivity/h7_CV17_THY_CONT_locked_baseline.joblib,raw_threshold,26,0.48999999999999994,saved stacking threshold,7,CV17_THY_CONT,"cluster 3: Angina, Previous_CABG, Previous_PCI, Previous_MI, Angiography, Vessels, Ischemia, PostIsch_DCM, Dyslipidemia, AFib, LVEF",cluster,cardiovascular,11,0.7309705048555402,0.5189370591055407,0.2120334457499995,0.8484657947686117,0.7723340040241449,0.07613179074446685,0.6414093765224447,0.5064134127894285,0.13499596373301614,0.10521713348319792,0.12905009253642485,0.023832959053226938,0.16565499472774967,0.25733615863932635,1.4085918360031335,1.302653248937087,1.5212717982923682,2000
locked_baseline,stacking,"KNeighbors,RandomForest,AdaBoost,MLP",sigmoid,models/stacking_sensitivity/h7_CV17_THY_CONT_locked_baseline.joblib,sigmoid,27,0.48999999999999994,saved stacking threshold,7,CV17_THY_CONT,"cluster 3: Angina, Previous_CABG, Previous_PCI, Previous_MI, Angiography, Vessels, Ischemia, PostIsch_DCM, Dyslipidemia, AFib, LVEF",cluster,cardiovascular,11,0.7294088812205308,0.5082558911384003,0.22115299008213052,0.8484657947686117,0.7723340040241449,0.07613179074446685,0.6414093765224447,0.5064134127894285,0.13499596373301614,0.10516829882784544,0.12959355541757922,0.024425256589733782,0.1749635203472052,0.2647119891559754,1.4351213511500835,1.3276065062131768,1.5430033979511417,2000
locked_baseline,stacking,"KNeighbors,RandomForest,AdaBoost,MLP",isotonic,models/stacking_sensitivity/h7_CV17_THY_CONT_locked_baseline.joblib,isotonic,28,0.42999999999999994,saved stacking threshold,7,CV17_THY_CONT,"cluster 3: Angina, Previous_CABG, Previous_PCI, Previous_MI, Angiography, Vessels, Ischemia, PostIsch_DCM, Dyslipidemia, AFib, LVEF",cluster,cardiovascular,11,0.7278237075983138,0.5082558911384003,0.21956781645991352,0.8465459423205902,0.7728621730382293,0.07368376928236087,0.6069580639148737,0.46385659497986864,0.14310146893500508,0.10696678701552328,0.1305004423123409,0.023533655296817613,0.17262638913877962,0.2631726062266658,1.4320025016692315,1.3251365639778327,1.5413285035589548,2000
paper,stacking,"LogisticRegression,RandomForest,AdaBoost",raw,models/stacking_sensitivity/h7_CV17_THY_CONT_paper.joblib,raw_fixed,29,0.5,fixed 0.5,7,CV17_THY_CONT,"cluster 3: Angina, Previous_CABG, Previous_PCI, Previous_MI, Angiography, Vessels, Ischemia, PostIsch_DCM, Dyslipidemia, AFib, LVEF",cluster,cardiovascular,11,0.7089681419188509,0.4867916240085305,0.22217651791032045,0.8476190476190476,0.7746311200536553,0.0729879275653923,0.6237386907226503,0.505774663452653,0.11796402726999733,0.10684277418145065,0.13100461631002888,0.024161842128578234,0.17614035061315192,0.26638767956006243,1.4564099030315836,1.351534603875978,1.5642007816121943,2000
paper,stacking,"LogisticRegression,RandomForest,AdaBoost",raw,models/stacking_sensitivity/h7_CV17_THY_CONT_paper.joblib,raw_threshold,29,0.3999999999999999,saved stacking threshold,7,CV17_THY_CONT,"cluster 3: Angina, Previous_CABG, Previous_PCI, Previous_MI, Angiography, Vessels, Ischemia, PostIsch_DCM, Dyslipidemia, AFib, LVEF",cluster,cardiovascular,11,0.7571230982019364,0.60081404663448,0.15630905156745634,0.8476190476190476,0.7746311200536553,0.0729879275653923,0.6237386907226503,0.505774663452653,0.11796402726999733,0.10684277418145065,0.13100461631002888,0.024161842128578234,0.1064109233324522,0.20386805114184087,1.2601621124589832,1.1676059807593633,1.3594165085193985,2000
paper,stacking,"LogisticRegression,RandomForest,AdaBoost",sigmoid,models/stacking_sensitivity/h7_CV17_THY_CONT_paper.joblib,sigmoid,30,0.38999999999999996,saved stacking threshold,7,CV17_THY_CONT,"cluster 3: Angina, Previous_CABG, Previous_PCI, Previous_MI, Angiography, Vessels, Ischemia, PostIsch_DCM, Dyslipidemia, AFib, LVEF",cluster,cardiovascular,11,0.7571230982019364,0.5974775685107737,0.15964552969116264,0.8476190476190476,0.7746311200536553,0.0729879275653923,0.6237386907226503,0.505774663452653,0.11796402726999733,0.10691330488299498,0.13173226794978912,0.02481896306679414,0.10819964813289075,0.20820543753581214,1.2671992022881842,1.1732426900891983,1.3725822303127966,2000
paper,stacking,"LogisticRegression,RandomForest,AdaBoost",isotonic,models/stacking_sensitivity/h7_CV17_THY_CONT_paper.joblib,isotonic,31,0.3499999999999999,saved stacking threshold,7,CV17_THY_CONT,"cluster 3: Angina, Previous_CABG, Previous_PCI, Previous_MI, Angiography, Vessels, Ischemia, PostIsch_DCM, Dyslipidemia, AFib, LVEF",cluster,cardiovascular,11,0.7531190566334336,0.6168587948652678,0.13626026176816575,0.8453093561368209,0.7694584171696848,0.07585093896713613,0.6000089471701715,0.4789372489519388,0.12107169821823272,0.10818818153761928,0.13259172836767308,0.0244035468300538,0.08546149534553914,0.1853758591831951,1.220893765157271,1.1321777163569946,1.3188381708513757,2000
same_members_reselected_C,stacking,"KNeighbors,RandomForest,AdaBoost,MLP",raw,cache/classification_explainability/prepared_h7_CV17_THY_CONT.joblib,raw_fixed,32,0.5,fixed 0.5,7,CV17_THY_CONT,"cluster 3: Angina, Previous_CABG, Previous_PCI, Previous_MI, Angiography, Vessels, Ischemia, PostIsch_DCM, Dyslipidemia, AFib, LVEF",cluster,cardiovascular,11,0.6911228376548599,0.4816500466933588,0.20947279096150112,0.8478286384976526,0.76731220657277,0.08051643192488256,0.6291219667126018,0.4859427336046804,0.1431792331079214,0.10710668881529546,0.13348674386267922,0.026380055047383763,0.16415343903469207,0.25326606091191106,1.4349066140439126,1.3306695330880252,1.5395156846785665,2000
same_members_reselected_C,stacking,"KNeighbors,RandomForest,AdaBoost,MLP",raw,cache/classification_explainability/prepared_h7_CV17_THY_CONT.joblib,raw_threshold,32,0.36999999999999994,saved reselected-C validation threshold,7,CV17_THY_CONT,"cluster 3: Angina, Previous_CABG, Previous_PCI, Previous_MI, Angiography, Vessels, Ischemia, PostIsch_DCM, Dyslipidemia, AFib, LVEF",cluster,cardiovascular,11,0.7617419431871222,0.5966092515342649,0.16513269165285727,0.8478286384976526,0.76731220657277,0.08051643192488256,0.6291219667126018,0.4859427336046804,0.1431792331079214,0.10710668881529546,0.13348674386267922,0.026380055047383763,0.11743614115715313,0.21307503863089694,1.276785335172385,1.1873833107057015,1.3785742353303223,2000
same_members_reselected_C,stacking,"KNeighbors,RandomForest,AdaBoost,MLP",sigmoid,cache/classification_explainability/prepared_h7_CV17_THY_CONT.joblib,sigmoid,33,0.35999999999999993,saved reselected-C validation threshold,7,CV17_THY_CONT,"cluster 3: Angina, Previous_CABG, Previous_PCI, Previous_MI, Angiography, Vessels, Ischemia, PostIsch_DCM, Dyslipidemia, AFib, LVEF",cluster,cardiovascular,11,0.7511422092865845,0.6184267709691439,0.1327154383174406,0.8478286384976526,0.76731220657277,0.08051643192488256,0.6291219667126018,0.4859427336046804,0.1431792331079214,0.10661452685674429,0.13328813935503295,0.02667361249828866,0.08490394141163624,0.17774538444491625,1.2146017031401481,1.1314607288541372,1.3029321832246954,2000
same_members_reselected_C,stacking,"KNeighbors,RandomForest,AdaBoost,MLP",isotonic,cache/classification_explainability/prepared_h7_CV17_THY_CONT.joblib,isotonic,34,0.33999999999999997,saved reselected-C validation threshold,7,CV17_THY_CONT,"cluster 3: Angina, Previous_CABG, Previous_PCI, Previous_MI, Angiography, Vessels, Ischemia, PostIsch_DCM, Dyslipidemia, AFib, LVEF",cluster,cardiovascular,11,0.7556737369364912,0.5820357031005324,0.17363803383595877,0.8462692823608317,0.7617999664654594,0.08446931589537221,0.6070559198389371,0.45096174541306655,0.1560941744258706,0.10824084444828577,0.13404310360887814,0.025802259160592367,0.12569451982608926,0.2221777232026696,1.2983288360335639,1.2036293011156467,1.4037629860307381,2000
LogisticRegression,individual,LogisticRegression,raw,Cached fitted individual; sigmoid fitted to cached training OOF,raw_fixed,0,0.5,fixed 0.5,7,CV17_THY_CONT,"cluster 4: TSH, fT4",cluster,thyroid,2,0.7027203218095723,0.6999600749778383,0.0027602468317340367,0.8415828303152246,0.8401659959758552,0.001416834339369455,0.586842265981418,0.5852546009833078,0.0015876649981101387,0.16219265113101544,0.16228664441609578,9.399328508033489e-05,-0.003195354374123463,0.009576801978539926,1.0039434346763585,0.9954506902312792,1.013711296600003,2000
LogisticRegression,individual,LogisticRegression,raw,Cached fitted individual; sigmoid fitted to cached training OOF,raw_threshold,0,0.6399999999999999,own validation,7,CV17_THY_CONT,"cluster 4: TSH, fT4",cluster,thyroid,2,0.7426812986420919,0.7388756221516607,0.0038056764904311757,0.8415828303152246,0.8401659959758552,0.001416834339369455,0.586842265981418,0.5852546009833078,0.0015876649981101387,0.16219265113101544,0.16228664441609578,9.399328508033489e-05,-0.006844585247604099,0.015592058386845757,1.00515063209062,0.9908013900687069,1.0212833605821596,2000
LogisticRegression,individual,LogisticRegression,sigmoid,Cached fitted individual; sigmoid fitted to cached training OOF,sigmoid,1,0.38999999999999996,own validation,7,CV17_THY_CONT,"cluster 4: TSH, fT4",cluster,thyroid,2,0.7361367513642372,0.7401046197647749,-0.003967868400537755,0.8415828303152246,0.8401659959758552,0.001416834339369455,0.586842265981418,0.5852546009833078,0.0015876649981101387,0.11137008767811421,0.111498606699799,0.00012851902168478646,-0.013873460920958697,0.005374106150179436,0.9946387736347344,0.9813508044530874,1.0074116648035498,2000
SVC,individual,SVC,raw,Cached fitted individual; sigmoid fitted to cached training OOF,raw_fixed,2,0.5,fixed 0.5,7,CV17_THY_CONT,"cluster 4: TSH, fT4",cluster,thyroid,2,0.7011045261967771,0.6898622394913458,0.01124228670543126,0.8283702213279678,0.8274899396378269,0.0008802816901408717,0.5568024589994544,0.5536928569518244,0.00310960204763,0.11715140617654654,0.1173077726117892,0.00015636643524265248,-4.590988269323179e-05,0.026135838175329627,1.0162964227665519,0.9999341791825118,1.0388343630940577,2000
SVC,individual,SVC,raw,Cached fitted individual; sigmoid fitted to cached training OOF,raw_threshold,2,0.37999999999999995,own validation,7,CV17_THY_CONT,"cluster 4: TSH, fT4",cluster,thyroid,2,0.716891790418474,0.7115739754243909,0.005317814994083014,0.8283702213279678,0.8274899396378269,0.0008802816901408717,0.5568024589994544,0.5536928569518244,0.00310960204763,0.11715140617654654,0.1173077726117892,0.00015636643524265248,-0.0013051299642972609,0.014335308884176234,1.0074733129340647,0.9982176582178959,1.0201742288940803,2000
SVC,individual,SVC,sigmoid,Cached fitted individual; sigmoid fitted to cached training OOF,sigmoid,3,0.4099999999999999,own validation,7,CV17_THY_CONT,"cluster 4: TSH, fT4",cluster,thyroid,2,0.7072343406283659,0.7072343406283659,0.0,0.8283702213279678,0.8274899396378269,0.0008802816901408717,0.5568024589994544,0.5536928569518244,0.00310960204763,0.1169250023920927,0.11712022126724131,0.00019521887514860337,-0.005127322117034927,0.004997180433628374,1.0,0.9928096647499821,1.0071547123031752,2000
KNeighbors,individual,KNeighbors,raw,Cached fitted individual; sigmoid fitted to cached training OOF,raw_fixed,4,0.5,fixed 0.5,7,CV17_THY_CONT,"cluster 4: TSH, fT4",cluster,thyroid,2,0.7063464648956876,0.694599655123926,0.01174680977176168,0.8055122401073105,0.7970447686116701,0.008467471495640422,0.5386758931409478,0.5355787470077653,0.00309714613318246,0.1499207685451123,0.15254423397393116,0.002623465428818861,-0.006760656899668707,0.030748878751180486,1.0169116262657314,0.9904934878966868,1.04542383024435,2000
KNeighbors,individual,KNeighbors,raw,Cached fitted individual; sigmoid fitted to cached training OOF,raw_threshold,4,0.59,own validation,7,CV17_THY_CONT,"cluster 4: TSH, fT4",cluster,thyroid,2,0.6881589091885617,0.6876862421003529,0.0004726670882088113,0.8055122401073105,0.7970447686116701,0.008467471495640422,0.5386758931409478,0.5355787470077653,0.00309714613318246,0.1499207685451123,0.15254423397393116,0.002623465428818861,-0.026190128405618775,0.025581783440187446,1.0006873295687364,0.9631931618325664,1.0376671642528776,2000
KNeighbors,individual,KNeighbors,sigmoid,Cached fitted individual; sigmoid fitted to cached training OOF,sigmoid,5,0.30999999999999994,own validation,7,CV17_THY_CONT,"cluster 4: TSH, fT4",cluster,thyroid,2,0.6881589091885617,0.6876862421003529,0.0004726670882088113,0.8055122401073105,0.7970447686116701,0.008467471495640422,0.5386758931409478,0.5355787470077653,0.00309714613318246,0.12173341907432166,0.12270679488851732,0.0009733758141956678,-0.026190128405618775,0.025581783440187446,1.0006873295687364,0.9631931618325664,1.0376671642528776,2000
RandomForest,individual,RandomForest,raw,Cached fitted individual; sigmoid fitted to cached training OOF,raw_fixed,6,0.5,fixed 0.5,7,CV17_THY_CONT,"cluster 4: TSH, fT4",cluster,thyroid,2,0.7491346656217346,0.7300930541708208,0.019041611450913765,0.8410127431254192,0.8384557344064386,0.002557008718980569,0.6356546074048491,0.6229197443265128,0.012734863078336378,0.12209730025536963,0.1231749944338029,0.0010776941784332722,-0.0033561358845618366,0.04098036854362298,1.026081074654983,0.9954712862765729,1.0565103637825937,2000
RandomForest,individual,RandomForest,raw,Cached fitted individual; sigmoid fitted to cached training OOF,raw_threshold,6,0.5299999999999999,own validation,7,CV17_THY_CONT,"cluster 4: TSH, fT4",cluster,thyroid,2,0.74400817251728,0.7388526794951376,0.0051554930221424655,0.8410127431254192,0.8384557344064386,0.002557008718980569,0.6356546074048491,0.6229197443265128,0.012734863078336378,0.12209730025536963,0.1231749944338029,0.0010776941784332722,-0.018919237031967826,0.027912416019033385,1.0069777009209269,0.9748526175413463,1.0381144347940188,2000
RandomForest,individual,RandomForest,sigmoid,Cached fitted individual; sigmoid fitted to cached training OOF,sigmoid,7,0.37999999999999995,own validation,7,CV17_THY_CONT,"cluster 4: TSH, fT4",cluster,thyroid,2,0.7452590842555569,0.7388526794951376,0.006406404760419315,0.8410127431254192,0.8384557344064386,0.002557008718980569,0.6356546074048491,0.6229197443265128,0.012734863078336378,0.10692705464634006,0.10861877440803179,0.0016917197616917318,-0.01875981236022799,0.029499736747316135,1.0086707471437972,0.9748502545368236,1.0408414384716669,2000
AdaBoost,individual,AdaBoost,raw,Cached fitted individual; sigmoid fitted to cached training OOF,raw_fixed,8,0.5,fixed 0.5,7,CV17_THY_CONT,"cluster 4: TSH, fT4",cluster,thyroid,2,0.7035592443093917,0.7022678978875099,0.0012913464218817783,0.8369634473507713,0.8335429242119383,0.0034205231388330093,0.5904214779938294,0.5811636764886466,0.009257801505182739,0.1861595753416243,0.18730424124266723,0.0011446659010429239,-0.009490364582734123,0.01292117683320727,1.001838823084134,0.9864586015221612,1.018520332117763,2000
AdaBoost,individual,AdaBoost,raw,Cached fitted individual; sigmoid fitted to cached training OOF,raw_threshold,8,0.58,own validation,7,CV17_THY_CONT,"cluster 4: TSH, fT4",cluster,thyroid,2,0.7308812260536399,0.7440114772306553,-0.013130251177015384,0.8369634473507713,0.8335429242119383,0.0034205231388330093,0.5904214779938294,0.5811636764886466,0.009257801505182739,0.1861595753416243,0.18730424124266723,0.0011446659010429239,-0.029239049841414084,0.0026638122020336582,0.9823520851776527,0.961148684444142,1.0036406263865136,2000
AdaBoost,individual,AdaBoost,sigmoid,Cached fitted individual; sigmoid fitted to cached training OOF,sigmoid,9,0.4099999999999999,own validation,7,CV17_THY_CONT,"cluster 4: TSH, fT4",cluster,thyroid,2,0.7293557557283282,0.7453215061007561,-0.015965750372427867,0.8369634473507713,0.8335429242119383,0.0034205231388330093,0.5904214779938294,0.5811636764886466,0.009257801505182739,0.11138800805411916,0.11281181499703004,0.001423806942910874,-0.031083342576431514,-0.001223877000352311,0.9785787069851846,0.9585199589539345,0.9983537326071202,2000
MLP,individual,MLP,raw,Cached fitted individual; sigmoid fitted to cached training OOF,raw_fixed,10,0.5,fixed 0.5,7,CV17_THY_CONT,"cluster 4: TSH, fT4",cluster,thyroid,2,0.7086712317698171,0.7201516064883142,-0.011480374718497166,0.8466968477531858,0.8480633802816901,-0.0013665325285043828,0.6105382221434775,0.6118217585839618,-0.0012835364404842897,0.15329636532074958,0.15272761362833379,-0.0005687516924157976,-0.02014335486414511,-0.00429647021787381,0.9840583918510172,0.9723751913394325,0.9939406803470262,2000
MLP,individual,MLP,raw,Cached fitted individual; sigmoid fitted to cached training OOF,raw_threshold,10,0.6799999999999999,own validation,7,CV17_THY_CONT,"cluster 4: TSH, fT4",cluster,thyroid,2,0.7489136160834274,0.7539916545968688,-0.005078038513441352,0.8466968477531858,0.8480633802816901,-0.0013665325285043828,0.6105382221434775,0.6118217585839618,-0.0012835364404842897,0.15329636532074958,0.15272761362833379,-0.0005687516924157976,-0.017433792257452802,0.00638056092979755,0.9932651263678026,0.9774181409323512,1.0085297228315668,2000
MLP,individual,MLP,sigmoid,Cached fitted individual; sigmoid fitted to cached training OOF,sigmoid,11,0.31999999999999995,own validation,7,CV17_THY_CONT,"cluster 4: TSH, fT4",cluster,thyroid,2,0.7574482553444686,0.7512710790380056,0.0061771763064629726,0.8466968477531858,0.8480633802816901,-0.0013665325285043828,0.6105382221434775,0.6118217585839618,-0.0012835364404842897,0.11299743818759635,0.112986801703867,-1.0636483729342672e-05,-0.004672072415098044,0.01697697500686054,1.0082223001507962,0.9937510158902857,1.0226830477255906,2000
GradientBoosting,individual,GradientBoosting,raw,Cached fitted individual; sigmoid fitted to cached training OOF,raw_fixed,12,0.5,fixed 0.5,7,CV17_THY_CONT,"cluster 4: TSH, fT4",cluster,thyroid,2,0.7196397818599312,0.7324372094569511,-0.012797427597019961,0.840627095908786,0.8410462776659959,-0.0004191817572098966,0.6218609666423225,0.6079800155779553,0.013880951064367153,0.13797559292209854,0.1297777160133371,-0.008197876908761448,-0.03351463098440639,0.006617675949107572,0.9825276113340714,0.9549672690169568,1.009303445028113,2000
GradientBoosting,individual,GradientBoosting,raw,Cached fitted individual; sigmoid fitted to cached training OOF,raw_threshold,12,0.6599999999999999,own validation,7,CV17_THY_CONT,"cluster 4: TSH, fT4",cluster,thyroid,2,0.7604147716936511,0.7492311677615192,0.011183603932131914,0.840627095908786,0.8410462776659959,-0.0004191817572098966,0.6218609666423225,0.6079800155779553,0.013880951064367153,0.13797559292209854,0.1297777160133371,-0.008197876908761448,-0.010947178547880312,0.0354247956293453,1.0149267734890757,0.9857965274242557,1.0480622116999552,2000
GradientBoosting,individual,GradientBoosting,sigmoid,Cached fitted individual; sigmoid fitted to cached training OOF,sigmoid,13,0.37999999999999995,own validation,7,CV17_THY_CONT,"cluster 4: TSH, fT4",cluster,thyroid,2,0.7579298142781161,0.7506144841576032,0.007315330120512886,0.840627095908786,0.8410462776659959,-0.0004191817572098966,0.6218609666423225,0.6079800155779553,0.013880951064367153,0.10818765827236983,0.1093838216150728,0.0011961633427029772,-0.015458610109797802,0.03241355548549791,1.0097457886503785,0.9795551972756777,1.0433884185987747,2000
XGBoost,individual,XGBoost,raw,Cached fitted individual; sigmoid fitted to cached training OOF,raw_fixed,14,0.5,fixed 0.5,7,CV17_THY_CONT,"cluster 4: TSH, fT4",cluster,thyroid,2,0.7340850209815728,0.7290063713926673,0.005078649588905471,0.8427649228705567,0.8407780013413816,0.001986921529175123,0.6207142319116041,0.6034486166749748,0.017265615236629284,0.142721285120714,0.1399091416934849,-0.0028121434272291024,-0.011170470909615659,0.021735214726111788,1.0069665366287588,0.9844616017435794,1.0297260535339927,2000
XGBoost,individual,XGBoost,raw,Cached fitted individual; sigmoid fitted to cached training OOF,raw_threshold,14,0.6,own validation,7,CV17_THY_CONT,"cluster 4: TSH, fT4",cluster,thyroid,2,0.7375657580105213,0.7401586713521263,-0.002592913341605052,0.8427649228705567,0.8407780013413816,0.001986921529175123,0.6207142319116041,0.6034486166749748,0.017265615236629284,0.142721285120714,0.1399091416934849,-0.0028121434272291024,-0.025006799732836364,0.01953981488845843,0.9964968142075965,0.9666783370286793,1.026597297749781,2000
XGBoost,individual,XGBoost,sigmoid,Cached fitted individual; sigmoid fitted to cached training OOF,sigmoid,15,0.36999999999999994,own validation,7,CV17_THY_CONT,"cluster 4: TSH, fT4",cluster,thyroid,2,0.738826364323119,0.7414553900176903,-0.002629025694571352,0.8427649228705567,0.8407780013413816,0.001986921529175123,0.6207142319116041,0.6034486166749748,0.017265615236629284,0.10779122172922385,0.10971728067234139,0.0019260589431175368,-0.02571064475217053,0.020358252600054964,0.9964542361820194,0.965709813700363,1.0280234059943385,2000
paper,voting,"LogisticRegression,RandomForest,AdaBoost",raw,models/predictive_sensitivity/h7_CV17_THY_CONT_paper.joblib,raw_fixed,16,0.5,fixed 0.5,7,CV17_THY_CONT,"cluster 4: TSH, fT4",cluster,thyroid,2,0.7329425928388122,0.7404926108374384,-0.007550017998626202,0.8474765258215963,0.8435529845741113,0.003923541247484952,0.6249100841759544,0.6121670686434328,0.012743015532521551,0.14916737933582,0.14955579484984838,0.0003884155140283785,-0.018324147882974328,0.003243727187601905,0.989804060313191,0.975381863487619,1.0043803889439635,2000
paper,voting,"LogisticRegression,RandomForest,AdaBoost",raw,models/predictive_sensitivity/h7_CV17_THY_CONT_paper.joblib,raw_threshold,16,0.38999999999999996,saved voting threshold (also applied to raw),7,CV17_THY_CONT,"cluster 4: TSH, fT4",cluster,thyroid,2,0.661069806744196,0.6623509806435073,-0.001281173899311261,0.8474765258215963,0.8435529845741113,0.003923541247484952,0.6249100841759544,0.6121670686434328,0.012743015532521551,0.14916737933582,0.14955579484984838,0.0003884155140283785,-0.011579368743748597,0.009444806678375548,0.9980657175172194,0.982370232051244,1.0144276392456522,2000
paper,voting,"LogisticRegression,RandomForest,AdaBoost",sigmoid,models/predictive_sensitivity/h7_CV17_THY_CONT_paper.joblib,sigmoid,17,0.38999999999999996,saved voting threshold (also applied to raw),7,CV17_THY_CONT,"cluster 4: TSH, fT4",cluster,thyroid,2,0.7596902502253029,0.7518752990131177,0.007814951212185228,0.8474765258215963,0.8435529845741113,0.003923541247484952,0.6249100841759544,0.6121670686434328,0.012743015532521551,0.10681940292729272,0.10838019934027142,0.001560796412978696,-0.008786990892578611,0.02606036295769024,1.0103939459408267,0.9885998942698622,1.0358977983033681,2000
paper_locked,voting,"LogisticRegression,RandomForest,AdaBoost",raw,models/final_h7_CV17_THY_CONT_paper_locked.joblib,raw_fixed,18,0.5,fixed 0.5,7,CV17_THY_CONT,"cluster 4: TSH, fT4",cluster,thyroid,2,0.7281870738748857,0.7299833358365339,-0.0017962619616481712,0.8466381623071764,0.8417421193829645,0.004896042924211863,0.6220693480215564,0.607967081066222,0.014102266955334453,0.1566021485441328,0.1593286805053089,0.002726531961176115,-0.012886248426040766,0.008572354293891199,0.9975393110041482,0.9824374992211218,1.011701904500112,2000
paper_locked,voting,"LogisticRegression,RandomForest,AdaBoost",raw,models/final_h7_CV17_THY_CONT_paper_locked.joblib,raw_threshold,18,0.43999999999999995,saved voting threshold (also applied to raw),7,CV17_THY_CONT,"cluster 4: TSH, fT4",cluster,thyroid,2,0.6898933929555102,0.6796850998463901,0.010208293109120081,0.8466381623071764,0.8417421193829645,0.004896042924211863,0.6220693480215564,0.607967081066222,0.014102266955334453,0.1566021485441328,0.1593286805053089,0.002726531961176115,-0.00137538183877976,0.022481955991117047,1.0150191509442053,0.9979453147711372,1.0334191143600355,2000
paper_locked,voting,"LogisticRegression,RandomForest,AdaBoost",sigmoid,models/final_h7_CV17_THY_CONT_paper_locked.joblib,sigmoid,19,0.43999999999999995,saved voting threshold (also applied to raw),7,CV17_THY_CONT,"cluster 4: TSH, fT4",cluster,thyroid,2,0.7243328100470958,0.7359810670663823,-0.011648257019286512,0.8466381623071764,0.8417421193829645,0.004896042924211863,0.6220693480215564,0.607967081066222,0.014102266955334453,0.10735395528864841,0.10904324170559641,0.001689286416948002,-0.029121156780372644,0.003851572941115666,0.9841731567012771,0.9605139882284293,1.005290081070244,2000
own,stacking,"LogisticRegression,KNeighbors,AdaBoost",raw,models/stacking_sensitivity/h7_CV17_THY_CONT_own.joblib,raw_fixed,20,0.5,fixed 0.5,7,CV17_THY_CONT,"cluster 4: TSH, fT4",cluster,thyroid,2,0.7036772224208319,0.7018585733581848,0.0018186490626470597,0.8452045606975185,0.8418762575452716,0.0033283031522468587,0.6027119778421592,0.5959439565149053,0.006768021327253959,0.10917993345567255,0.11022785349837179,0.0010479200426992408,-0.012429978535558828,0.01624623047848969,1.0025911902079436,0.982569647354971,1.0234288814201955,2000
own,stacking,"LogisticRegression,KNeighbors,AdaBoost",raw,models/stacking_sensitivity/h7_CV17_THY_CONT_own.joblib,raw_threshold,20,0.33999999999999997,saved stacking threshold,7,CV17_THY_CONT,"cluster 4: TSH, fT4",cluster,thyroid,2,0.7554362964476055,0.7532491053640684,0.0021871910835370434,0.8452045606975185,0.8418762575452716,0.0033283031522468587,0.6027119778421592,0.5959439565149053,0.006768021327253959,0.10917993345567255,0.11022785349837179,0.0010479200426992408,-0.012825183628515443,0.017634897625838364,1.0029036756472216,0.9826205015156959,1.0231815174308718,2000
own,stacking,"LogisticRegression,KNeighbors,AdaBoost",sigmoid,models/stacking_sensitivity/h7_CV17_THY_CONT_own.joblib,sigmoid,21,0.32999999999999996,saved stacking threshold,7,CV17_THY_CONT,"cluster 4: TSH, fT4",cluster,thyroid,2,0.7554362964476055,0.7519774011299435,0.0034588953176619697,0.8452045606975185,0.8418762575452716,0.0033283031522468587,0.6027119778421592,0.5959439565149053,0.006768021327253959,0.10921388840861973,0.1103130072519637,0.0010991188433439741,-0.01178545525475239,0.01868482340885407,1.0045997330670635,0.9840793309893706,1.0248529806213293,2000
own,stacking,"LogisticRegression,KNeighbors,AdaBoost",isotonic,models/stacking_sensitivity/h7_CV17_THY_CONT_own.joblib,isotonic,22,0.33999999999999997,saved stacking threshold,7,CV17_THY_CONT,"cluster 4: TSH, fT4",cluster,thyroid,2,0.756166353170578,0.7510872515607564,0.005079101609821612,0.8448608316566063,0.8403378604963112,0.004522971160295097,0.5843766539391511,0.5771585059620934,0.007218147977057665,0.11066089189702547,0.11238074962931255,0.0017198577322870834,-0.008671258171884149,0.020198769745215648,1.0067623323379105,0.9884185406138347,1.026968808048556,2000
same_baseline,stacking,"KNeighbors,RandomForest,AdaBoost,MLP",raw,models/stacking_sensitivity/h7_CV17_THY_CONT_same_baseline.joblib,raw_fixed,23,0.5,fixed 0.5,7,CV17_THY_CONT,"cluster 4: TSH, fT4",cluster,thyroid,2,0.7046565588361673,0.7195702671312427,-0.014913708295075434,0.8468226022803488,0.8419265593561368,0.004896042924211974,0.6266442551545337,0.608840540707722,0.017803714446811725,0.10694711012065376,0.10882555818925052,0.001878448068596758,-0.03428117350965562,0.0035521865502008364,0.9792741460058754,0.9521944918583786,1.0050263071828651,2000
same_baseline,stacking,"KNeighbors,RandomForest,AdaBoost,MLP",raw,models/stacking_sensitivity/h7_CV17_THY_CONT_same_baseline.joblib,raw_threshold,23,0.38999999999999996,saved stacking threshold,7,CV17_THY_CONT,"cluster 4: TSH, fT4",cluster,thyroid,2,0.7542358796721512,0.7504775123095734,0.0037583673625778413,0.8468226022803488,0.8419265593561368,0.004896042924211974,0.6266442551545337,0.608840540707722,0.017803714446811725,0.10694711012065376,0.10882555818925052,0.001878448068596758,-0.01601443386065117,0.023925699705421678,1.0050079679949524,0.9788860550569964,1.0327722285443663,2000
same_baseline,stacking,"KNeighbors,RandomForest,AdaBoost,MLP",sigmoid,models/stacking_sensitivity/h7_CV17_THY_CONT_same_baseline.joblib,sigmoid,24,0.3999999999999999,saved stacking threshold,7,CV17_THY_CONT,"cluster 4: TSH, fT4",cluster,thyroid,2,0.7545418151157511,0.7518752990131177,0.002666516102633465,0.8468226022803488,0.8419265593561368,0.004896042924211974,0.6266442551545337,0.608840540707722,0.017803714446811725,0.106977825803903,0.10882448172542257,0.0018466559215195716,-0.017134592844126186,0.022702101200885484,1.003546487171654,0.9774399219001421,1.0308067546208337,2000
same_baseline,stacking,"KNeighbors,RandomForest,AdaBoost,MLP",isotonic,models/stacking_sensitivity/h7_CV17_THY_CONT_same_baseline.joblib,isotonic,25,0.32999999999999996,saved stacking threshold,7,CV17_THY_CONT,"cluster 4: TSH, fT4",cluster,thyroid,2,0.7498623008110008,0.7413621458904478,0.008500154920553005,0.8466339704896043,0.8392982897384306,0.007335680751173745,0.6078162488237903,0.5895718120452044,0.018244436778585893,0.10763459558478214,0.11032456384576464,0.0026899682609825004,-0.008287289210049047,0.02659711606291723,1.0114655906936596,0.9890675382106443,1.0361437884568863,2000
locked_baseline,stacking,"KNeighbors,RandomForest,AdaBoost,MLP",raw,models/stacking_sensitivity/h7_CV17_THY_CONT_locked_baseline.joblib,raw_fixed,26,0.5,fixed 0.5,7,CV17_THY_CONT,"cluster 4: TSH, fT4",cluster,thyroid,2,0.7294088812205308,0.7371060708136836,-0.007697189593152798,0.8484657947686117,0.8426810865191147,0.005784708249497061,0.6414093765224447,0.6231774811338171,0.018231895388627573,0.10521713348319792,0.10749230738454107,0.0022751739013431582,-0.03026507643777579,0.014159968900585917,0.9895575550142248,0.9592829683380464,1.019364475114803,2000
locked_baseline,stacking,"KNeighbors,RandomForest,AdaBoost,MLP",raw,models/stacking_sensitivity/h7_CV17_THY_CONT_locked_baseline.joblib,raw_threshold,26,0.48999999999999994,saved stacking threshold,7,CV17_THY_CONT,"cluster 4: TSH, fT4",cluster,thyroid,2,0.7309705048555402,0.7357759897727565,-0.004805484917216329,0.8484657947686117,0.8426810865191147,0.005784708249497061,0.6414093765224447,0.6231774811338171,0.018231895388627573,0.10521713348319792,0.10749230738454107,0.0022751739013431582,-0.02733082449647093,0.016646851998631997,0.9934688206954123,0.9628120235641836,1.023001372763733,2000
locked_baseline,stacking,"KNeighbors,RandomForest,AdaBoost,MLP",sigmoid,models/stacking_sensitivity/h7_CV17_THY_CONT_locked_baseline.joblib,sigmoid,27,0.48999999999999994,saved stacking threshold,7,CV17_THY_CONT,"cluster 4: TSH, fT4",cluster,thyroid,2,0.7294088812205308,0.7371060708136836,-0.007697189593152798,0.8484657947686117,0.8426810865191147,0.005784708249497061,0.6414093765224447,0.6231774811338171,0.018231895388627573,0.10516829882784544,0.1073629426900548,0.0021946438622093556,-0.03026507643777579,0.014159968900585917,0.9895575550142248,0.9592829683380464,1.019364475114803,2000
locked_baseline,stacking,"KNeighbors,RandomForest,AdaBoost,MLP",isotonic,models/stacking_sensitivity/h7_CV17_THY_CONT_locked_baseline.joblib,isotonic,28,0.42999999999999994,saved stacking threshold,7,CV17_THY_CONT,"cluster 4: TSH, fT4",cluster,thyroid,2,0.7278237075983138,0.7341810475325462,-0.0063573399342323755,0.8465459423205902,0.8408534540576794,0.0056924882629108,0.6069580639148737,0.5893338632901985,0.01762420062467518,0.10696678701552328,0.10936770930296517,0.0024009222874418895,-0.02923138163698945,0.015561102423949586,0.9913409097720538,0.9605170272820128,1.0218046174188047,2000
paper,stacking,"LogisticRegression,RandomForest,AdaBoost",raw,models/stacking_sensitivity/h7_CV17_THY_CONT_paper.joblib,raw_fixed,29,0.5,fixed 0.5,7,CV17_THY_CONT,"cluster 4: TSH, fT4",cluster,thyroid,2,0.7089681419188509,0.7162749706227967,-0.0073068287039457225,0.8476190476190476,0.8437877263581489,0.00383132126089869,0.6237386907226503,0.6108232653109303,0.012915425411719972,0.10684277418145065,0.10827802496352862,0.0014352507820779709,-0.027352617017256046,0.01163323332989826,0.9897988495987896,0.9620848868857855,1.0162954733320522,2000
paper,stacking,"LogisticRegression,RandomForest,AdaBoost",raw,models/stacking_sensitivity/h7_CV17_THY_CONT_paper.joblib,raw_threshold,29,0.3999999999999999,saved stacking threshold,7,CV17_THY_CONT,"cluster 4: TSH, fT4",cluster,thyroid,2,0.7571230982019364,0.7544481142126571,0.0026749839892792338,0.8476190476190476,0.8437877263581489,0.00383132126089869,0.6237386907226503,0.6108232653109303,0.012915425411719972,0.10684277418145065,0.10827802496352862,0.0014352507820779709,-0.012361656922174157,0.01896948470329469,1.0035456169070962,0.9834544401674636,1.025377578261206,2000
paper,stacking,"LogisticRegression,RandomForest,AdaBoost",sigmoid,models/stacking_sensitivity/h7_CV17_THY_CONT_paper.joblib,sigmoid,30,0.38999999999999996,saved stacking threshold,7,CV17_THY_CONT,"cluster 4: TSH, fT4",cluster,thyroid,2,0.7571230982019364,0.7518752990131177,0.00524779918881868,0.8476190476190476,0.8437877263581489,0.00383132126089869,0.6237386907226503,0.6108232653109303,0.012915425411719972,0.10691330488299498,0.10829600604207659,0.001382701159081609,-0.011843923184814384,0.022403341336866313,1.00697961376801,0.984366843313827,1.0302732873261256,2000
paper,stacking,"LogisticRegression,RandomForest,AdaBoost",isotonic,models/stacking_sensitivity/h7_CV17_THY_CONT_paper.joblib,isotonic,31,0.3499999999999999,saved stacking threshold,7,CV17_THY_CONT,"cluster 4: TSH, fT4",cluster,thyroid,2,0.7531190566334336,0.7517955422846896,0.0013235143487440038,0.8453093561368209,0.8419726693494299,0.0033366867873909634,0.6000089471701715,0.5904565894713855,0.00955235769878604,0.10818818153761928,0.10973382068907091,0.0015456391514516304,-0.013894340476773822,0.018082406340166435,1.0017604711311827,0.9816522666659148,1.024544674877817,2000
same_members_reselected_C,stacking,"KNeighbors,RandomForest,AdaBoost,MLP",raw,cache/classification_explainability/prepared_h7_CV17_THY_CONT.joblib,raw_fixed,32,0.5,fixed 0.5,7,CV17_THY_CONT,"cluster 4: TSH, fT4",cluster,thyroid,2,0.6911228376548599,0.7036772224208319,-0.012554384765971927,0.8478286384976526,0.8434439973172367,0.004384641180415816,0.6291219667126018,0.6133630451639451,0.015758921548656657,0.10710668881529546,0.10873449462909149,0.0016278058137960266,-0.03411267879510759,0.007933863765855078,0.982158887106248,0.9517763953713101,1.0113952097434826,2000
same_members_reselected_C,stacking,"KNeighbors,RandomForest,AdaBoost,MLP",raw,cache/classification_explainability/prepared_h7_CV17_THY_CONT.joblib,raw_threshold,32,0.36999999999999994,saved reselected-C validation threshold,7,CV17_THY_CONT,"cluster 4: TSH, fT4",cluster,thyroid,2,0.7617419431871222,0.7491649085794656,0.012577034607656579,0.8478286384976526,0.8434439973172367,0.004384641180415816,0.6291219667126018,0.6133630451639451,0.015758921548656657,0.10710668881529546,0.10873449462909149,0.0016278058137960266,-0.0038261511264510105,0.030001026367456544,1.0167880722436728,0.9948418658399812,1.0408901662310466,2000
same_members_reselected_C,stacking,"KNeighbors,RandomForest,AdaBoost,MLP",sigmoid,cache/classification_explainability/prepared_h7_CV17_THY_CONT.joblib,sigmoid,33,0.35999999999999993,saved reselected-C validation threshold,7,CV17_THY_CONT,"cluster 4: TSH, fT4",cluster,thyroid,2,0.7511422092865845,0.7413621458904478,0.009780063396136685,0.8478286384976526,0.8434439973172367,0.004384641180415816,0.6291219667126018,0.6133630451639451,0.015758921548656657,0.10661452685674429,0.10843700677698047,0.0018224799202361808,-0.00774257028276118,0.02726170748187393,1.0131920188403871,0.9896768062862092,1.037232103806191,2000
same_members_reselected_C,stacking,"KNeighbors,RandomForest,AdaBoost,MLP",isotonic,cache/classification_explainability/prepared_h7_CV17_THY_CONT.joblib,isotonic,34,0.33999999999999997,saved reselected-C validation threshold,7,CV17_THY_CONT,"cluster 4: TSH, fT4",cluster,thyroid,2,0.7556737369364912,0.7517955422846896,0.003878194651801614,0.8462692823608317,0.8431799128101946,0.0030893695506371,0.6070559198389371,0.5904079398741017,0.01664797996483547,0.10824084444828577,0.10949282014723792,0.0012519756989521486,-0.017089553019775973,0.02559649061071628,1.0051585762799495,0.9776123863200462,1.034910456829202,2000
LogisticRegression,individual,LogisticRegression,raw,Cached fitted individual; sigmoid fitted to cached training OOF,raw_fixed,0,0.5,fixed 0.5,7,CV17_THY_CONT,"cluster 5: Gender, Smoke",cluster,cardiovascular,2,0.7027203218095723,0.7018726085597723,0.0008477132498000417,0.8415828303152246,0.8413397048960429,0.00024312541918170005,0.586842265981418,0.5872479697054502,-0.0004057037240322581,0.16219265113101544,0.16217949643462473,-1.3154696390710319e-05,-0.00411343846471895,0.006537489619400033,1.0012077879083208,0.9940500983052478,1.0092628279182347,2000
LogisticRegression,individual,LogisticRegression,raw,Cached fitted individual; sigmoid fitted to cached training OOF,raw_threshold,0,0.6399999999999999,own validation,7,CV17_THY_CONT,"cluster 5: Gender, Smoke",cluster,cardiovascular,2,0.7426812986420919,0.7375977033309118,0.005083595311180078,0.8415828303152246,0.8413397048960429,0.00024312541918170005,0.586842265981418,0.5872479697054502,-0.0004057037240322581,0.16219265113101544,0.16217949643462473,-1.3154696390710319e-05,-0.0013578001542346979,0.014071905256927628,1.0068920975326023,0.9982019911915366,1.0192757379003543,2000
LogisticRegression,individual,LogisticRegression,sigmoid,Cached fitted individual; sigmoid fitted to cached training OOF,sigmoid,1,0.38999999999999996,own validation,7,CV17_THY_CONT,"cluster 5: Gender, Smoke",cluster,cardiovascular,2,0.7361367513642372,0.7334620124691895,0.002674738895047657,0.8415828303152246,0.8413397048960429,0.00024312541918170005,0.586842265981418,0.5872479697054502,-0.0004057037240322581,0.11137008767811421,0.1114577724821073,8.768480399308498e-05,0.0,0.008431817571668526,1.0036467313229258,1.0,1.011857497712397,2000
SVC,individual,SVC,raw,Cached fitted individual; sigmoid fitted to cached training OOF,raw_fixed,2,0.5,fixed 0.5,7,CV17_THY_CONT,"cluster 5: Gender, Smoke",cluster,cardiovascular,2,0.7011045261967771,0.6967410886230074,0.0043634375737696685,0.8283702213279678,0.8276282696177062,0.0007419517102615902,0.5568024589994544,0.5551082090857495,0.001694249913704815,0.11715140617654654,0.11764278367163042,0.0004913774950838778,-0.0013833523746318327,0.012894513505789037,1.0062626385109472,0.9980668677055452,1.0187606320647982,2000
SVC,individual,SVC,raw,Cached fitted individual; sigmoid fitted to cached training OOF,raw_threshold,2,0.37999999999999995,own validation,7,CV17_THY_CONT,"cluster 5: Gender, Smoke",cluster,cardiovascular,2,0.716891790418474,0.7142401679142893,0.002651622504184603,0.8283702213279678,0.8276282696177062,0.0007419517102615902,0.5568024589994544,0.5551082090857495,0.001694249913704815,0.11715140617654654,0.11764278367163042,0.0004913774950838778,-0.007758136034373439,0.01403785592647266,1.0037125082336489,0.9894237730846416,1.0198804433498314,2000
SVC,individual,SVC,sigmoid,Cached fitted individual; sigmoid fitted to cached training OOF,sigmoid,3,0.4099999999999999,own validation,7,CV17_THY_CONT,"cluster 5: Gender, Smoke",cluster,cardiovascular,2,0.7072343406283659,0.7038412164539668,0.003393124174399076,0.8283702213279678,0.8276282696177062,0.0007419517102615902,0.5568024589994544,0.5551082090857495,0.001694249913704815,0.1169250023920927,0.11739588293195931,0.0004708805398666027,-0.0053040342368754715,0.01418430616703269,1.0048208659781166,0.9926887639162889,1.0206610768584519,2000
KNeighbors,individual,KNeighbors,raw,Cached fitted individual; sigmoid fitted to cached training OOF,raw_fixed,4,0.5,fixed 0.5,7,CV17_THY_CONT,"cluster 5: Gender, Smoke",cluster,cardiovascular,2,0.7063464648956876,0.7063464648956876,0.0,0.8055122401073105,0.8070715962441315,-0.0015593561368210107,0.5386758931409478,0.5369914135350021,0.0016844796059456435,0.1499207685451123,0.15196991357742934,0.00204914503231704,-0.026931497418469657,0.02713266682561781,1.0,0.9628559034102916,1.0392976827890614,2000
KNeighbors,individual,KNeighbors,raw,Cached fitted individual; sigmoid fitted to cached training OOF,raw_threshold,4,0.59,own validation,7,CV17_THY_CONT,"cluster 5: Gender, Smoke",cluster,cardiovascular,2,0.6881589091885617,0.6904683147632312,-0.002309405574669521,0.8055122401073105,0.8070715962441315,-0.0015593561368210107,0.5386758931409478,0.5369914135350021,0.0016844796059456435,0.1499207685451123,0.15196991357742934,0.00204914503231704,-0.028771533632302258,0.023752790544328915,0.9966553055002075,0.9587954806541424,1.0350354652888598,2000
KNeighbors,individual,KNeighbors,sigmoid,Cached fitted individual; sigmoid fitted to cached training OOF,sigmoid,5,0.30999999999999994,own validation,7,CV17_THY_CONT,"cluster 5: Gender, Smoke",cluster,cardiovascular,2,0.6881589091885617,0.6904683147632312,-0.002309405574669521,0.8055122401073105,0.8070715962441315,-0.0015593561368210107,0.5386758931409478,0.5369914135350021,0.0016844796059456435,0.12173341907432166,0.12205798524428016,0.00032456616995850396,-0.028771533632302258,0.023752790544328915,0.9966553055002075,0.9587954806541424,1.0350354652888598,2000
RandomForest,individual,RandomForest,raw,Cached fitted individual; sigmoid fitted to cached training OOF,raw_fixed,6,0.5,fixed 0.5,7,CV17_THY_CONT,"cluster 5: Gender, Smoke",cluster,cardiovascular,2,0.7491346656217346,0.7441724941724942,0.004962171449240382,0.8410127431254192,0.8413313212608987,-0.0003185781354795303,0.6356546074048491,0.6367957711369975,-0.0011411637321483425,0.12209730025536963,0.12355336918752419,0.0014560689321545528,-0.004492309739671682,0.014119958199828286,1.0066680393162855,0.9940104717941765,1.0190903962610545,2000
RandomForest,individual,RandomForest,raw,Cached fitted individual; sigmoid fitted to cached training OOF,raw_threshold,6,0.5299999999999999,own validation,7,CV17_THY_CONT,"cluster 5: Gender, Smoke",cluster,cardiovascular,2,0.74400817251728,0.7363099409350284,0.00769823158225158,0.8410127431254192,0.8413313212608987,-0.0003185781354795303,0.6356546074048491,0.6367957711369975,-0.0011411637321483425,0.12209730025536963,0.12355336918752419,0.0014560689321545528,-0.006166318028756335,0.02126603578654985,1.0104551509551476,0.991761078851944,1.029262621482197,2000
RandomForest,individual,RandomForest,sigmoid,Cached fitted individual; sigmoid fitted to cached training OOF,sigmoid,7,0.37999999999999995,own validation,7,CV17_THY_CONT,"cluster 5: Gender, Smoke",cluster,cardiovascular,2,0.7452590842555569,0.7363099409350284,0.00894914332052843,0.8410127431254192,0.8413313212608987,-0.0003185781354795303,0.6356546074048491,0.6367957711369975,-0.0011411637321483425,0.10692705464634006,0.10736488998036497,0.00043783533402491637,-0.0054843313373712866,0.022709111659672532,1.0121540438652288,0.9927176624105604,1.031328639934335,2000
AdaBoost,individual,AdaBoost,raw,Cached fitted individual; sigmoid fitted to cached training OOF,raw_fixed,8,0.5,fixed 0.5,7,CV17_THY_CONT,"cluster 5: Gender, Smoke",cluster,cardiovascular,2,0.7035592443093917,0.7035592443093917,0.0,0.8369634473507713,0.8369634473507713,0.0,0.5904214779938294,0.5904214779938294,0.0,0.1861595753416243,0.1861595753416243,0.0,0.0,0.0,1.0,1.0,1.0,2000
AdaBoost,individual,AdaBoost,raw,Cached fitted individual; sigmoid fitted to cached training OOF,raw_threshold,8,0.58,own validation,7,CV17_THY_CONT,"cluster 5: Gender, Smoke",cluster,cardiovascular,2,0.7308812260536399,0.7308812260536399,0.0,0.8369634473507713,0.8369634473507713,0.0,0.5904214779938294,0.5904214779938294,0.0,0.1861595753416243,0.1861595753416243,0.0,0.0,0.0,1.0,1.0,1.0,2000
AdaBoost,individual,AdaBoost,sigmoid,Cached fitted individual; sigmoid fitted to cached training OOF,sigmoid,9,0.4099999999999999,own validation,7,CV17_THY_CONT,"cluster 5: Gender, Smoke",cluster,cardiovascular,2,0.7293557557283282,0.7293557557283282,0.0,0.8369634473507713,0.8369634473507713,0.0,0.5904214779938294,0.5904214779938294,0.0,0.11138800805411916,0.11138800805411916,0.0,0.0,0.0,1.0,1.0,1.0,2000
MLP,individual,MLP,raw,Cached fitted individual; sigmoid fitted to cached training OOF,raw_fixed,10,0.5,fixed 0.5,7,CV17_THY_CONT,"cluster 5: Gender, Smoke",cluster,cardiovascular,2,0.7086712317698171,0.7041960183767229,0.004475213393094202,0.8466968477531858,0.8422199865861838,0.0044768611670019665,0.6105382221434775,0.6044454747325846,0.00609274741089294,0.15329636532074958,0.15976127747547755,0.00646491215472797,-0.00813964639697358,0.01721536657277126,1.0063550677315816,0.9883351489520894,1.0249456343640502,2000
MLP,individual,MLP,raw,Cached fitted individual; sigmoid fitted to cached training OOF,raw_threshold,10,0.6799999999999999,own validation,7,CV17_THY_CONT,"cluster 5: Gender, Smoke",cluster,cardiovascular,2,0.7489136160834274,0.7375657580105213,0.01134785807290617,0.8466968477531858,0.8422199865861838,0.0044768611670019665,0.6105382221434775,0.6044454747325846,0.00609274741089294,0.15329636532074958,0.15976127747547755,0.00646491215472797,-0.004150521700586054,0.027407792066556094,1.015385554372149,0.9941580167824638,1.0379654540968344,2000
MLP,individual,MLP,sigmoid,Cached fitted individual; sigmoid fitted to cached training OOF,sigmoid,11,0.31999999999999995,own validation,7,CV17_THY_CONT,"cluster 5: Gender, Smoke",cluster,cardiovascular,2,0.7574482553444686,0.7399392901782431,0.017508965166225465,0.8466968477531858,0.8422199865861838,0.0044768611670019665,0.6105382221434775,0.6044454747325846,0.00609274741089294,0.11299743818759635,0.11351550856060252,0.000518070373006177,0.0009115458825449012,0.03457127789438167,1.0236627050335545,1.0011880309362513,1.0474906719550419,2000
GradientBoosting,individual,GradientBoosting,raw,Cached fitted individual; sigmoid fitted to cached training OOF,raw_fixed,12,0.5,fixed 0.5,7,CV17_THY_CONT,"cluster 5: Gender, Smoke",cluster,cardiovascular,2,0.7196397818599312,0.7152195608782435,0.004420220981687706,0.840627095908786,0.8401659959758552,0.00046109993293086404,0.6218609666423225,0.6209290448035097,0.0009319218388127437,0.13797559292209854,0.13826850878641717,0.0002929158643186214,0.0,0.0100780276068344,1.0061802294336861,1.0,1.014062216699628,2000
GradientBoosting,individual,GradientBoosting,raw,Cached fitted individual; sigmoid fitted to cached training OOF,raw_threshold,12,0.6599999999999999,own validation,7,CV17_THY_CONT,"cluster 5: Gender, Smoke",cluster,cardiovascular,2,0.7604147716936511,0.7651316225927329,-0.004716850899081804,0.840627095908786,0.8401659959758552,0.00046109993293086404,0.6218609666423225,0.6209290448035097,0.0009319218388127437,0.13797559292209854,0.13826850878641717,0.0002929158643186214,-0.016888575798210837,0.005650945889492329,0.9938352425127872,0.9783874532604867,1.007281065354377,2000
GradientBoosting,individual,GradientBoosting,sigmoid,Cached fitted individual; sigmoid fitted to cached training OOF,sigmoid,13,0.37999999999999995,own validation,7,CV17_THY_CONT,"cluster 5: Gender, Smoke",cluster,cardiovascular,2,0.7579298142781161,0.7651316225927329,-0.007201808314616809,0.840627095908786,0.8401659959758552,0.00046109993293086404,0.6218609666423225,0.6209290448035097,0.0009319218388127437,0.10818765827236983,0.10828687897543794,9.92207030681147e-05,-0.020606551062654677,0.004352171681400935,0.990587490959774,0.9733660656294818,1.0056700094257682,2000
XGBoost,individual,XGBoost,raw,Cached fitted individual; sigmoid fitted to cached training OOF,raw_fixed,14,0.5,fixed 0.5,7,CV17_THY_CONT,"cluster 5: Gender, Smoke",cluster,cardiovascular,2,0.7340850209815728,0.7310892621671536,0.0029957588144191583,0.8427649228705567,0.8435446009389671,-0.0007796780684103943,0.6207142319116041,0.6229719526267102,-0.002257720715106104,0.142721285120714,0.14292576272290355,0.00020447760218955668,-0.004777530778272967,0.011484066568557277,1.0040976649083027,0.9935338933217139,1.015779093660473,2000
XGBoost,individual,XGBoost,raw,Cached fitted individual; sigmoid fitted to cached training OOF,raw_threshold,14,0.6,own validation,7,CV17_THY_CONT,"cluster 5: Gender, Smoke",cluster,cardiovascular,2,0.7375657580105213,0.7477889972144847,-0.010223239203963397,0.8427649228705567,0.8435446009389671,-0.0007796780684103943,0.6207142319116041,0.6229719526267102,-0.002257720715106104,0.142721285120714,0.14292576272290355,0.00020447760218955668,-0.017547352296113563,-0.0038524403876944286,0.9863287113851034,0.9768886624883577,0.9948321138971576,2000
XGBoost,individual,XGBoost,sigmoid,Cached fitted individual; sigmoid fitted to cached training OOF,sigmoid,15,0.36999999999999994,own validation,7,CV17_THY_CONT,"cluster 5: Gender, Smoke",cluster,cardiovascular,2,0.738826364323119,0.7490897747178793,-0.010263410394760308,0.8427649228705567,0.8435446009389671,-0.0007796780684103943,0.6207142319116041,0.6229719526267102,-0.002257720715106104,0.10779122172922385,0.10746983696719618,-0.0003213847620276711,-0.017773783886406457,-0.0038648541204274775,0.9862988245986595,0.9765910826662042,0.9948572378363948,2000
paper,voting,"LogisticRegression,RandomForest,AdaBoost",raw,models/predictive_sensitivity/h7_CV17_THY_CONT_paper.joblib,raw_fixed,16,0.5,fixed 0.5,7,CV17_THY_CONT,"cluster 5: Gender, Smoke",cluster,cardiovascular,2,0.7329425928388122,0.7308812260536398,0.002061366785172436,0.8474765258215963,0.8470908786049631,0.00038564721663314483,0.6249100841759544,0.6229425941839125,0.001967489992041882,0.14916737933582,0.1499098886323226,0.0007425092965026026,-0.002297653693225268,0.0074039502025052524,1.0028203854630426,0.9968569259923209,1.0102154576102707,2000
paper,voting,"LogisticRegression,RandomForest,AdaBoost",raw,models/predictive_sensitivity/h7_CV17_THY_CONT_paper.joblib,raw_threshold,16,0.38999999999999996,saved voting threshold (also applied to raw),7,CV17_THY_CONT,"cluster 5: Gender, Smoke",cluster,cardiovascular,2,0.661069806744196,0.6568257719465835,0.004244034797612484,0.8474765258215963,0.8470908786049631,0.00038564721663314483,0.6249100841759544,0.6229425941839125,0.001967489992041882,0.14916737933582,0.1499098886323226,0.0007425092965026026,-0.001441367166256266,0.010026099880037994,1.0064614315985725,0.9978267220504476,1.0152116424610587,2000
paper,voting,"LogisticRegression,RandomForest,AdaBoost",sigmoid,models/predictive_sensitivity/h7_CV17_THY_CONT_paper.joblib,sigmoid,17,0.38999999999999996,saved voting threshold (also applied to raw),7,CV17_THY_CONT,"cluster 5: Gender, Smoke",cluster,cardiovascular,2,0.7596902502253029,0.7570069455053481,0.0026833047199548155,0.8474765258215963,0.8470908786049631,0.00038564721663314483,0.6249100841759544,0.6229425941839125,0.001967489992041882,0.10681940292729272,0.10709472808249072,0.00027532515519800016,-0.005643925214424006,0.011498644186052965,1.0035446236469647,0.992493467936128,1.0152499119736305,2000
paper_locked,voting,"LogisticRegression,RandomForest,AdaBoost",raw,models/final_h7_CV17_THY_CONT_paper_locked.joblib,raw_fixed,18,0.5,fixed 0.5,7,CV17_THY_CONT,"cluster 5: Gender, Smoke",cluster,cardiovascular,2,0.7281870738748857,0.7270621636433878,0.0011249102314978554,0.8466381623071764,0.8461602951039571,0.00047786720321929543,0.6220693480215564,0.6207200187079955,0.0013493293135609097,0.1566021485441328,0.15755690934187572,0.0009547607977429262,0.0,0.0034319694385169935,1.001547199521236,1.0,1.0047031329581801,2000
paper_locked,voting,"LogisticRegression,RandomForest,AdaBoost",raw,models/final_h7_CV17_THY_CONT_paper_locked.joblib,raw_threshold,18,0.43999999999999995,saved voting threshold (also applied to raw),7,CV17_THY_CONT,"cluster 5: Gender, Smoke",cluster,cardiovascular,2,0.6898933929555102,0.688622368378631,0.0012710245768792205,0.8466381623071764,0.8461602951039571,0.00047786720321929543,0.6220693480215564,0.6207200187079955,0.0013493293135609097,0.1566021485441328,0.15755690934187572,0.0009547607977429262,-0.004972829158665826,0.008168239400632629,1.0018457497682973,0.9927785048909743,1.0119976373387303,2000
paper_locked,voting,"LogisticRegression,RandomForest,AdaBoost",sigmoid,models/final_h7_CV17_THY_CONT_paper_locked.joblib,sigmoid,19,0.43999999999999995,saved voting threshold (also applied to raw),7,CV17_THY_CONT,"cluster 5: Gender, Smoke",cluster,cardiovascular,2,0.7243328100470958,0.7258742052679382,-0.0015413952208424009,0.8466381623071764,0.8461602951039571,0.00047786720321929543,0.6220693480215564,0.6207200187079955,0.0013493293135609097,0.10735395528864841,0.10760158687247325,0.00024763158382483386,-0.012079830509264625,0.008128279090323728,0.997876498145745,0.9833598155311403,1.0110672842316082,2000
own,stacking,"LogisticRegression,KNeighbors,AdaBoost",raw,models/stacking_sensitivity/h7_CV17_THY_CONT_own.joblib,raw_fixed,20,0.5,fixed 0.5,7,CV17_THY_CONT,"cluster 5: Gender, Smoke",cluster,cardiovascular,2,0.7036772224208319,0.6980110662479437,0.005666156172888126,0.8452045606975185,0.8447686116700202,0.000435949027498328,0.6027119778421592,0.6024705183291853,0.00024145951297394053,0.10917993345567255,0.10938331584690718,0.00020338239123462998,-0.0075333756316567245,0.02009114146597411,1.0081175735555967,0.9890432628662549,1.0289016703807792,2000
own,stacking,"LogisticRegression,KNeighbors,AdaBoost",raw,models/stacking_sensitivity/h7_CV17_THY_CONT_own.joblib,raw_threshold,20,0.33999999999999997,saved stacking threshold,7,CV17_THY_CONT,"cluster 5: Gender, Smoke",cluster,cardiovascular,2,0.7554362964476055,0.7492948777206011,0.006141418727004355,0.8452045606975185,0.8447686116700202,0.000435949027498328,0.6027119778421592,0.6024705183291853,0.00024145951297394053,0.10917993345567255,0.10938331584690718,0.00020338239123462998,-0.007971783591029116,0.02095278374418679,1.0081962641272644,0.9891635579829587,1.028357811776267,2000
own,stacking,"LogisticRegression,KNeighbors,AdaBoost",sigmoid,models/stacking_sensitivity/h7_CV17_THY_CONT_own.joblib,sigmoid,21,0.32999999999999996,saved stacking threshold,7,CV17_THY_CONT,"cluster 5: Gender, Smoke",cluster,cardiovascular,2,0.7554362964476055,0.751641864469315,0.0037944319782904357,0.8452045606975185,0.8447686116700202,0.000435949027498328,0.6027119778421592,0.6024705183291853,0.00024145951297394053,0.10921388840861973,0.10940412580159754,0.00019023739297781284,-0.010964236810595978,0.019280998346452288,1.0050481913763138,0.9854799982247966,1.0262596255925074,2000
own,stacking,"LogisticRegression,KNeighbors,AdaBoost",isotonic,models/stacking_sensitivity/h7_CV17_THY_CONT_own.joblib,isotonic,22,0.33999999999999997,saved stacking threshold,7,CV17_THY_CONT,"cluster 5: Gender, Smoke",cluster,cardiovascular,2,0.756166353170578,0.7496545522338955,0.006511800936682466,0.8448608316566063,0.8439470154258887,0.0009138162307176234,0.5843766539391511,0.5825142712123702,0.0018623827267808535,0.11066089189702547,0.1107529245988236,9.203270179813927e-05,-0.005103529823576489,0.01965222337028919,1.0086864021798814,0.9933829549066014,1.0267898146020034,2000
same_baseline,stacking,"KNeighbors,RandomForest,AdaBoost,MLP",raw,models/stacking_sensitivity/h7_CV17_THY_CONT_same_baseline.joblib,raw_fixed,23,0.5,fixed 0.5,7,CV17_THY_CONT,"cluster 5: Gender, Smoke",cluster,cardiovascular,2,0.7046565588361673,0.7149649851226436,-0.010308426286476324,0.8468226022803488,0.8460680751173709,0.0007545271629778583,0.6266442551545337,0.6239413471361198,0.0027029080184138854,0.10694711012065376,0.1075042816954524,0.0005571715747986344,-0.027096537397663507,0.005200803482468974,0.9855819144979414,0.9623282448020365,1.0072718279290191,2000
same_baseline,stacking,"KNeighbors,RandomForest,AdaBoost,MLP",raw,models/stacking_sensitivity/h7_CV17_THY_CONT_same_baseline.joblib,raw_threshold,23,0.38999999999999996,saved stacking threshold,7,CV17_THY_CONT,"cluster 5: Gender, Smoke",cluster,cardiovascular,2,0.7542358796721512,0.7542358796721512,0.0,0.8468226022803488,0.8460680751173709,0.0007545271629778583,0.6266442551545337,0.6239413471361198,0.0027029080184138854,0.10694711012065376,0.1075042816954524,0.0005571715747986344,-0.016597226411906255,0.015914302240075284,1.0,0.9781023304788367,1.0214317622029283,2000
same_baseline,stacking,"KNeighbors,RandomForest,AdaBoost,MLP",sigmoid,models/stacking_sensitivity/h7_CV17_THY_CONT_same_baseline.joblib,sigmoid,24,0.3999999999999999,saved stacking threshold,7,CV17_THY_CONT,"cluster 5: Gender, Smoke",cluster,cardiovascular,2,0.7545418151157511,0.7531190566334336,0.0014227584823175432,0.8468226022803488,0.8460680751173709,0.0007545271629778583,0.6266442551545337,0.6239413471361198,0.0027029080184138854,0.106977825803903,0.10750607769942512,0.0005282518955221222,-0.013512211531903151,0.015293487896425775,1.001889154802001,0.9823218362326356,1.020756705004442,2000
same_baseline,stacking,"KNeighbors,RandomForest,AdaBoost,MLP",isotonic,models/stacking_sensitivity/h7_CV17_THY_CONT_same_baseline.joblib,isotonic,25,0.32999999999999996,saved stacking threshold,7,CV17_THY_CONT,"cluster 5: Gender, Smoke",cluster,cardiovascular,2,0.7498623008110008,0.7433213650438105,0.006540935767190281,0.8466339704896043,0.8447769953051644,0.0018569751844399462,0.6078162488237903,0.5970696855652998,0.010746563258490438,0.10763459558478214,0.10894061656454873,0.0013060209797665923,-0.0050692760637298055,0.017765621688169114,1.0087996068386986,0.9932141290110204,1.0243173900547893,2000
locked_baseline,stacking,"KNeighbors,RandomForest,AdaBoost,MLP",raw,models/stacking_sensitivity/h7_CV17_THY_CONT_locked_baseline.joblib,raw_fixed,26,0.5,fixed 0.5,7,CV17_THY_CONT,"cluster 5: Gender, Smoke",cluster,cardiovascular,2,0.7294088812205308,0.7222087012392793,0.007200179981251553,0.8484657947686117,0.8484238765928906,4.191817572107848e-05,0.6414093765224447,0.6388294723306936,0.0025799041917510257,0.10521713348319792,0.10564479311598765,0.0004276596327897342,-0.0033241235653075824,0.020199300104090722,1.0099696666197684,0.9953820301613758,1.0278861357338915,2000
locked_baseline,stacking,"KNeighbors,RandomForest,AdaBoost,MLP",raw,models/stacking_sensitivity/h7_CV17_THY_CONT_locked_baseline.joblib,raw_threshold,26,0.48999999999999994,saved stacking threshold,7,CV17_THY_CONT,"cluster 5: Gender, Smoke",cluster,cardiovascular,2,0.7309705048555402,0.7325090738115286,-0.001538568955988473,0.8484657947686117,0.8484238765928906,4.191817572107848e-05,0.6414093765224447,0.6388294723306936,0.0025799041917510257,0.10521713348319792,0.10564479311598765,0.0004276596327897342,-0.01603865165969618,0.012189622525056693,0.9978995905839327,0.9782926701521922,1.0168679702485508,2000
locked_baseline,stacking,"KNeighbors,RandomForest,AdaBoost,MLP",sigmoid,models/stacking_sensitivity/h7_CV17_THY_CONT_locked_baseline.joblib,sigmoid,27,0.48999999999999994,saved stacking threshold,7,CV17_THY_CONT,"cluster 5: Gender, Smoke",cluster,cardiovascular,2,0.7294088812205308,0.7280681378242353,0.0013407433962955295,0.8484657947686117,0.8484238765928906,4.191817572107848e-05,0.6414093765224447,0.6388294723306936,0.0025799041917510257,0.10516829882784544,0.10554976512708013,0.00038146629923468955,-0.007020446583561965,0.010056231449829802,1.001841508131783,0.9904539527225978,1.0138182227675225,2000
locked_baseline,stacking,"KNeighbors,RandomForest,AdaBoost,MLP",isotonic,models/stacking_sensitivity/h7_CV17_THY_CONT_locked_baseline.joblib,isotonic,28,0.42999999999999994,saved stacking threshold,7,CV17_THY_CONT,"cluster 5: Gender, Smoke",cluster,cardiovascular,2,0.7278237075983138,0.7235374667730905,0.004286240825223331,0.8465459423205902,0.8465710932260228,-2.5150905432536064e-05,0.6069580639148737,0.6072285473927498,-0.0002704834778760601,0.10696678701552328,0.10712114091527516,0.00015435389975188007,-0.007878449180831314,0.017962686204704318,1.0059240067336659,0.9894300830215932,1.025142325916717,2000
paper,stacking,"LogisticRegression,RandomForest,AdaBoost",raw,models/stacking_sensitivity/h7_CV17_THY_CONT_paper.joblib,raw_fixed,29,0.5,fixed 0.5,7,CV17_THY_CONT,"cluster 5: Gender, Smoke",cluster,cardiovascular,2,0.7089681419188509,0.7046565588361673,0.004311583082683645,0.8476190476190476,0.8475771294433266,4.1918175720967454e-05,0.6237386907226503,0.6223306781141181,0.0014080126085321831,0.10684277418145065,0.10711548394817402,0.0002727097667233752,0.0,0.011306208112907614,1.006118701413643,1.0,1.0162546810788533,2000
paper,stacking,"LogisticRegression,RandomForest,AdaBoost",raw,models/stacking_sensitivity/h7_CV17_THY_CONT_paper.joblib,raw_threshold,29,0.3999999999999999,saved stacking threshold,7,CV17_THY_CONT,"cluster 5: Gender, Smoke",cluster,cardiovascular,2,0.7571230982019364,0.7556737369364912,0.0014493612654451482,0.8476190476190476,0.8475771294433266,4.1918175720967454e-05,0.6237386907226503,0.6223306781141181,0.0014080126085321831,0.10684277418145065,0.10711548394817402,0.0002727097667233752,-0.008840566475513645,0.01090203432165608,1.0019179722605167,0.9881503205082585,1.014419370220465,2000
paper,stacking,"LogisticRegression,RandomForest,AdaBoost",sigmoid,models/stacking_sensitivity/h7_CV17_THY_CONT_paper.joblib,sigmoid,30,0.38999999999999996,saved stacking threshold,7,CV17_THY_CONT,"cluster 5: Gender, Smoke",cluster,cardiovascular,2,0.7571230982019364,0.7570069455053481,0.00011615269658826755,0.8476190476190476,0.8475771294433266,4.1918175720967454e-05,0.6237386907226503,0.6223306781141181,0.0014080126085321831,0.10691330488299498,0.10715719380059463,0.0002438889175996467,-0.010372815847803588,0.009914745479287952,1.0001534367647191,0.9863796258635759,1.0131106193007995,2000
paper,stacking,"LogisticRegression,RandomForest,AdaBoost",isotonic,models/stacking_sensitivity/h7_CV17_THY_CONT_paper.joblib,isotonic,31,0.3499999999999999,saved stacking threshold,7,CV17_THY_CONT,"cluster 5: Gender, Smoke",cluster,cardiovascular,2,0.7531190566334336,0.7542358796721512,-0.0011168230387176292,0.8453093561368209,0.846198021462106,-0.0008886653252850873,0.6000089471701715,0.5966918858560003,0.003317061314171199,0.10818818153761928,0.10845723969098664,0.00026905815336736305,-0.010812666107706056,0.007121130032356029,0.998519265565564,0.9855361823156787,1.0093086576515793,2000
same_members_reselected_C,stacking,"KNeighbors,RandomForest,AdaBoost,MLP",raw,cache/classification_explainability/prepared_h7_CV17_THY_CONT.joblib,raw_fixed,32,0.5,fixed 0.5,7,CV17_THY_CONT,"cluster 5: Gender, Smoke",cluster,cardiovascular,2,0.6911228376548599,0.6961663456909003,-0.005043508036040367,0.8478286384976526,0.8468812877263582,0.0009473507712943752,0.6291219667126018,0.6262944805926158,0.0028274861199859558,0.10710668881529546,0.10768706391382754,0.0005803750985320794,-0.015148864354431576,0.002488123985259615,0.992755311906043,0.9785457281690253,1.0036051405247215,2000
same_members_reselected_C,stacking,"KNeighbors,RandomForest,AdaBoost,MLP",raw,cache/classification_explainability/prepared_h7_CV17_THY_CONT.joblib,raw_threshold,32,0.36999999999999994,saved reselected-C validation threshold,7,CV17_THY_CONT,"cluster 5: Gender, Smoke",cluster,cardiovascular,2,0.7617419431871222,0.75256200040992,0.009179942777202132,0.8478286384976526,0.8468812877263582,0.0009473507712943752,0.6291219667126018,0.6262944805926158,0.0028274861199859558,0.10710668881529546,0.10768706391382754,0.0005803750985320794,-0.006099133864600697,0.024125886321869273,1.012198254459037,0.991868335955041,1.0327338806504924,2000
same_members_reselected_C,stacking,"KNeighbors,RandomForest,AdaBoost,MLP",sigmoid,cache/classification_explainability/prepared_h7_CV17_THY_CONT.joblib,sigmoid,33,0.35999999999999993,saved reselected-C validation threshold,7,CV17_THY_CONT,"cluster 5: Gender, Smoke",cluster,cardiovascular,2,0.7511422092865845,0.744682618810236,0.006459590476348476,0.8478286384976526,0.8468812877263582,0.0009473507712943752,0.6291219667126018,0.6262944805926158,0.0028274861199859558,0.10661452685674429,0.10733620355242905,0.0007216766956847642,-0.005969987200271984,0.01822572171811863,1.008674286619807,0.9921202398719392,1.0249883010208407,2000
same_members_reselected_C,stacking,"KNeighbors,RandomForest,AdaBoost,MLP",isotonic,cache/classification_explainability/prepared_h7_CV17_THY_CONT.joblib,isotonic,34,0.33999999999999997,saved reselected-C validation threshold,7,CV17_THY_CONT,"cluster 5: Gender, Smoke",cluster,cardiovascular,2,0.7556737369364912,0.7554317548746519,0.0002419820618393409,0.8462692823608317,0.8464201877934272,-0.00015090543259554945,0.6070559198389371,0.60539580825615,0.001660111582787116,0.10824084444828577,0.10844240833040811,0.00020156388212233534,-0.01764012805507404,0.01674129920384246,1.0003203228620956,0.9766155056236228,1.0226184401256444,2000
LogisticRegression,individual,LogisticRegression,raw,Cached fitted individual; sigmoid fitted to cached training OOF,raw_fixed,0,0.5,fixed 0.5,7,CV17_THY_CONT,"cluster 6: Age, fT3",cluster,mixed,2,0.7027203218095723,0.6831079472588907,0.019612374550681655,0.8415828303152246,0.7776995305164319,0.0638832997987927,0.586842265981418,0.4938562997725778,0.0929859662088402,0.16219265113101544,0.17070300305637767,0.00851035192536223,-0.012980392878596274,0.05144156173872281,1.0287105056080526,0.9811427903073924,1.0776339361767306,2000
LogisticRegression,individual,LogisticRegression,raw,Cached fitted individual; sigmoid fitted to cached training OOF,raw_threshold,0,0.6399999999999999,own validation,7,CV17_THY_CONT,"cluster 6: Age, fT3",cluster,mixed,2,0.7426812986420919,0.666650441487135,0.07603085715495683,0.8415828303152246,0.7776995305164319,0.0638832997987927,0.586842265981418,0.4938562997725778,0.0929859662088402,0.16219265113101544,0.17070300305637767,0.00851035192536223,0.03858961518845237,0.11469687662891842,1.114049061432181,1.0558223843004422,1.1791040869306555,2000
LogisticRegression,individual,LogisticRegression,sigmoid,Cached fitted individual; sigmoid fitted to cached training OOF,sigmoid,1,0.38999999999999996,own validation,7,CV17_THY_CONT,"cluster 6: Age, fT3",cluster,mixed,2,0.7361367513642372,0.6677095423121562,0.068427209052081,0.8415828303152246,0.7776995305164319,0.0638832997987927,0.586842265981418,0.4938562997725778,0.0929859662088402,0.11137008767811421,0.1281949658274964,0.01682487814938219,0.03305933792379315,0.1061304049239047,1.1024805019486918,1.0475538208235677,1.166960237456394,2000
SVC,individual,SVC,raw,Cached fitted individual; sigmoid fitted to cached training OOF,raw_fixed,2,0.5,fixed 0.5,7,CV17_THY_CONT,"cluster 6: Age, fT3",cluster,mixed,2,0.7011045261967771,0.6421842836858814,0.05892024251089567,0.8283702213279678,0.7801307847082495,0.0482394366197183,0.5568024589994544,0.4934225678156213,0.06337989118383303,0.11715140617654654,0.12821395100084923,0.01106254482430269,0.031851006831697726,0.0880009243513316,1.0917497422588995,1.0487078699335102,1.1427782706430427,2000
SVC,individual,SVC,raw,Cached fitted individual; sigmoid fitted to cached training OOF,raw_threshold,2,0.37999999999999995,own validation,7,CV17_THY_CONT,"cluster 6: Age, fT3",cluster,mixed,2,0.716891790418474,0.6866180343816414,0.030273756036832578,0.8283702213279678,0.7801307847082495,0.0482394366197183,0.5568024589994544,0.4934225678156213,0.06337989118383303,0.11715140617654654,0.12821395100084923,0.01106254482430269,0.004568296652591911,0.057245367377486304,1.0440911169251426,1.0065235107017143,1.0847362174145794,2000
SVC,individual,SVC,sigmoid,Cached fitted individual; sigmoid fitted to cached training OOF,sigmoid,3,0.4099999999999999,own validation,7,CV17_THY_CONT,"cluster 6: Age, fT3",cluster,mixed,2,0.7072343406283659,0.65556863191729,0.0516657087110759,0.8283702213279678,0.7801307847082495,0.0482394366197183,0.5568024589994544,0.4934225678156213,0.06337989118383303,0.1169250023920927,0.12783234392814471,0.01090734153605201,0.024670614539394016,0.08135183798764122,1.0788105260008753,1.0367826532766746,1.1292403452791462,2000
KNeighbors,individual,KNeighbors,raw,Cached fitted individual; sigmoid fitted to cached training OOF,raw_fixed,4,0.5,fixed 0.5,7,CV17_THY_CONT,"cluster 6: Age, fT3",cluster,mixed,2,0.7063464648956876,0.6768418744518231,0.029504590443864553,0.8055122401073105,0.7525108987256874,0.053001341381623046,0.5386758931409478,0.4698704992312371,0.06880539390971069,0.1499207685451123,0.15714202668894336,0.007221258143831066,0.0037119013351198577,0.05661590962272268,1.0435915559564934,1.0054737908595688,1.0869027920027978,2000
KNeighbors,individual,KNeighbors,raw,Cached fitted individual; sigmoid fitted to cached training OOF,raw_threshold,4,0.59,own validation,7,CV17_THY_CONT,"cluster 6: Age, fT3",cluster,mixed,2,0.6881589091885617,0.6613068636213952,0.02685204556716647,0.8055122401073105,0.7525108987256874,0.053001341381623046,0.5386758931409478,0.4698704992312371,0.06880539390971069,0.1499207685451123,0.15714202668894336,0.007221258143831066,-0.003426372700076252,0.05889149310529881,1.0406045166688902,0.9950478299752262,1.0922420852435795,2000
KNeighbors,individual,KNeighbors,sigmoid,Cached fitted individual; sigmoid fitted to cached training OOF,sigmoid,5,0.30999999999999994,own validation,7,CV17_THY_CONT,"cluster 6: Age, fT3",cluster,mixed,2,0.6881589091885617,0.6613068636213952,0.02685204556716647,0.8055122401073105,0.7525108987256874,0.053001341381623046,0.5386758931409478,0.4698704992312371,0.06880539390971069,0.12173341907432166,0.13093619736203832,0.009202778287716665,-0.003426372700076252,0.05889149310529881,1.0406045166688902,0.9950478299752262,1.0922420852435795,2000
RandomForest,individual,RandomForest,raw,Cached fitted individual; sigmoid fitted to cached training OOF,raw_fixed,6,0.5,fixed 0.5,7,CV17_THY_CONT,"cluster 6: Age, fT3",cluster,mixed,2,0.7491346656217346,0.6768702190145212,0.07226444660721343,0.8410127431254192,0.7587441314553991,0.08226861167002009,0.6356546074048491,0.4854360347035251,0.15021857270132405,0.12209730025536963,0.12961110450563298,0.007513804250263351,0.034001511091828224,0.11132386452763272,1.1067626327428406,1.0484402157779453,1.1717452035996734,2000
RandomForest,individual,RandomForest,raw,Cached fitted individual; sigmoid fitted to cached training OOF,raw_threshold,6,0.5299999999999999,own validation,7,CV17_THY_CONT,"cluster 6: Age, fT3",cluster,mixed,2,0.74400817251728,0.6647266110534477,0.07928156146383236,0.8410127431254192,0.7587441314553991,0.08226861167002009,0.6356546074048491,0.4854360347035251,0.15021857270132405,0.12209730025536963,0.12961110450563298,0.007513804250263351,0.037088948721562015,0.12308472040054194,1.119269426175354,1.052812876798131,1.1955244144197021,2000
RandomForest,individual,RandomForest,sigmoid,Cached fitted individual; sigmoid fitted to cached training OOF,sigmoid,7,0.37999999999999995,own validation,7,CV17_THY_CONT,"cluster 6: Age, fT3",cluster,mixed,2,0.7452590842555569,0.6647266110534477,0.08053247320210921,0.8410127431254192,0.7587441314553991,0.08226861167002009,0.6356546074048491,0.4854360347035251,0.15021857270132405,0.10692705464634006,0.12977090740592193,0.022843852759581867,0.03774073658464893,0.12504845899485015,1.1211512701055892,1.0546050017318895,1.1980832497346445,2000
AdaBoost,individual,AdaBoost,raw,Cached fitted individual; sigmoid fitted to cached training OOF,raw_fixed,8,0.5,fixed 0.5,7,CV17_THY_CONT,"cluster 6: Age, fT3",cluster,mixed,2,0.7035592443093917,0.6791214293935093,0.024437814915882372,0.8369634473507713,0.760726861167002,0.07623658618376927,0.5904214779938294,0.46335360060992997,0.1270678773838994,0.1861595753416243,0.1963187165105442,0.010159141168919888,-0.013500398124111513,0.06252494594645769,1.035984455589491,0.9804578678820226,1.0953851909808852,2000
AdaBoost,individual,AdaBoost,raw,Cached fitted individual; sigmoid fitted to cached training OOF,raw_threshold,8,0.58,own validation,7,CV17_THY_CONT,"cluster 6: Age, fT3",cluster,mixed,2,0.7308812260536399,0.6431505091126892,0.08773071694095069,0.8369634473507713,0.760726861167002,0.07623658618376927,0.5904214779938294,0.46335360060992997,0.1270678773838994,0.1861595753416243,0.1963187165105442,0.010159141168919888,0.0428247261812218,0.1361473627271749,1.1364077547913112,1.065019375576342,1.2220285213890307,2000
AdaBoost,individual,AdaBoost,sigmoid,Cached fitted individual; sigmoid fitted to cached training OOF,sigmoid,9,0.4099999999999999,own validation,7,CV17_THY_CONT,"cluster 6: Age, fT3",cluster,mixed,2,0.7293557557283282,0.6332014072119613,0.09615434851636695,0.8369634473507713,0.760726861167002,0.07623658618376927,0.5904214779938294,0.46335360060992997,0.1270678773838994,0.11138800805411916,0.13146453156725,0.02007652351313083,0.0502683355035029,0.1438638454513341,1.1518542874687259,1.0782983470115972,1.2419189579784287,2000
MLP,individual,MLP,raw,Cached fitted individual; sigmoid fitted to cached training OOF,raw_fixed,10,0.5,fixed 0.5,7,CV17_THY_CONT,"cluster 6: Age, fT3",cluster,mixed,2,0.7086712317698171,0.6988957223530488,0.009775509416768302,0.8466968477531858,0.7919684775318578,0.05472837022132793,0.6105382221434775,0.5178832144175045,0.09265500772597302,0.15329636532074958,0.15630845759633985,0.003012092275590267,-0.019123022143314593,0.039109354365471326,1.0139870786214802,0.97359732536206,1.0580076162032925,2000
MLP,individual,MLP,raw,Cached fitted individual; sigmoid fitted to cached training OOF,raw_threshold,10,0.6799999999999999,own validation,7,CV17_THY_CONT,"cluster 6: Age, fT3",cluster,mixed,2,0.7489136160834274,0.6898277197057685,0.05908589637765893,0.8466968477531858,0.7919684775318578,0.05472837022132793,0.6105382221434775,0.5178832144175045,0.09265500772597302,0.15329636532074958,0.15630845759633985,0.003012092275590267,0.02315858402754927,0.09285812248719814,1.085653119887471,1.0326677017750454,1.1394476577622081,2000
MLP,individual,MLP,sigmoid,Cached fitted individual; sigmoid fitted to cached training OOF,sigmoid,11,0.31999999999999995,own validation,7,CV17_THY_CONT,"cluster 6: Age, fT3",cluster,mixed,2,0.7574482553444686,0.6873851246668015,0.07006313067766712,0.8466968477531858,0.7919684775318578,0.05472837022132793,0.6105382221434775,0.5178832144175045,0.09265500772597302,0.11299743818759635,0.12614356481465405,0.013146126627057705,0.0357483430783658,0.10391723210087095,1.1019270393894967,1.0503882164408012,1.156723725164117,2000
GradientBoosting,individual,GradientBoosting,raw,Cached fitted individual; sigmoid fitted to cached training OOF,raw_fixed,12,0.5,fixed 0.5,7,CV17_THY_CONT,"cluster 6: Age, fT3",cluster,mixed,2,0.7196397818599312,0.6891376477447395,0.030502134115191648,0.840627095908786,0.7626760563380282,0.07795103957075789,0.6218609666423225,0.5002703576087267,0.12159060903359575,0.13797559292209854,0.14040575656889193,0.002430163646793382,-0.005265461397469778,0.06837139290468253,1.0442613086297237,0.9923006134029428,1.1030338802530606,2000
GradientBoosting,individual,GradientBoosting,raw,Cached fitted individual; sigmoid fitted to cached training OOF,raw_threshold,12,0.6599999999999999,own validation,7,CV17_THY_CONT,"cluster 6: Age, fT3",cluster,mixed,2,0.7604147716936511,0.6965664275075204,0.06384834418613072,0.840627095908786,0.7626760563380282,0.07795103957075789,0.6218609666423225,0.5002703576087267,0.12159060903359575,0.13797559292209854,0.14040575656889193,0.002430163646793382,0.025593411341359326,0.10501503001867873,1.0916615295609282,1.0356557860122892,1.158183497394781,2000
GradientBoosting,individual,GradientBoosting,sigmoid,Cached fitted individual; sigmoid fitted to cached training OOF,sigmoid,13,0.37999999999999995,own validation,7,CV17_THY_CONT,"cluster 6: Age, fT3",cluster,mixed,2,0.7579298142781161,0.6917218095881161,0.06620800468999999,0.840627095908786,0.7626760563380282,0.07795103957075789,0.6218609666423225,0.5002703576087267,0.12159060903359575,0.10818765827236983,0.1267004829141298,0.018512824641759976,0.02820863891599523,0.10689320509909193,1.0957147855861642,1.0390428165269499,1.1619480097094614,2000
XGBoost,individual,XGBoost,raw,Cached fitted individual; sigmoid fitted to cached training OOF,raw_fixed,14,0.5,fixed 0.5,7,CV17_THY_CONT,"cluster 6: Age, fT3",cluster,mixed,2,0.7340850209815728,0.6945981389580844,0.03948688202348838,0.8427649228705567,0.7736502347417841,0.06911468812877264,0.6207142319116041,0.4920274576646267,0.12868677424697744,0.142721285120714,0.1464616113528594,0.0037403262321454023,0.004247115520249776,0.07713916118144779,1.0568485283918552,1.005622133754284,1.1156271393718806,2000
XGBoost,individual,XGBoost,raw,Cached fitted individual; sigmoid fitted to cached training OOF,raw_threshold,14,0.6,own validation,7,CV17_THY_CONT,"cluster 6: Age, fT3",cluster,mixed,2,0.7375657580105213,0.6653426416305569,0.07222311637996437,0.8427649228705567,0.7736502347417841,0.06911468812877264,0.6207142319116041,0.4920274576646267,0.12868677424697744,0.142721285120714,0.1464616113528594,0.0037403262321454023,0.03341241859628066,0.11368034637297572,1.108550259461752,1.0488272193608845,1.182081183460893,2000
XGBoost,individual,XGBoost,sigmoid,Cached fitted individual; sigmoid fitted to cached training OOF,sigmoid,15,0.36999999999999994,own validation,7,CV17_THY_CONT,"cluster 6: Age, fT3",cluster,mixed,2,0.738826364323119,0.6653426416305569,0.07348372269256209,0.8427649228705567,0.7736502347417841,0.06911468812877264,0.6207142319116041,0.4920274576646267,0.12868677424697744,0.10779122172922385,0.12734309339144387,0.019551871662220013,0.034809867388684815,0.11502901326042043,1.110444931821107,1.0506651986971978,1.1824980455213188,2000
paper,voting,"LogisticRegression,RandomForest,AdaBoost",raw,models/predictive_sensitivity/h7_CV17_THY_CONT_paper.joblib,raw_fixed,16,0.5,fixed 0.5,7,CV17_THY_CONT,"cluster 6: Age, fT3",cluster,mixed,2,0.7329425928388122,0.6912798874824191,0.04166270535639316,0.8474765258215963,0.7729963112005366,0.07448021462105969,0.6249100841759544,0.48992689192565175,0.13498319225030264,0.14916737933582,0.15477864175730266,0.00561126242148266,0.004429230430344352,0.07887020768627666,1.0602689389794415,1.0062205828585973,1.1175811336032353,2000
paper,voting,"LogisticRegression,RandomForest,AdaBoost",raw,models/predictive_sensitivity/h7_CV17_THY_CONT_paper.joblib,raw_threshold,16,0.38999999999999996,saved voting threshold (also applied to raw),7,CV17_THY_CONT,"cluster 6: Age, fT3",cluster,mixed,2,0.661069806744196,0.6622887993733916,-0.0012189926291955588,0.8474765258215963,0.7729963112005366,0.07448021462105969,0.6249100841759544,0.48992689192565175,0.13498319225030264,0.14916737933582,0.15477864175730266,0.00561126242148266,-0.03449407936099289,0.031201486496431882,0.9981594243623796,0.9494188019987834,1.0490173958230502,2000
paper,voting,"LogisticRegression,RandomForest,AdaBoost",sigmoid,models/predictive_sensitivity/h7_CV17_THY_CONT_paper.joblib,sigmoid,17,0.38999999999999996,saved voting threshold (also applied to raw),7,CV17_THY_CONT,"cluster 6: Age, fT3",cluster,mixed,2,0.7596902502253029,0.6805044613927521,0.07918578883255079,0.8474765258215963,0.7729963112005366,0.07448021462105969,0.6249100841759544,0.48992689192565175,0.13498319225030264,0.10681940292729272,0.12836536710482144,0.021545964177528715,0.04014322543023875,0.12050524937762963,1.1163633647169418,1.0567307744813705,1.1864441602462803,2000
paper_locked,voting,"LogisticRegression,RandomForest,AdaBoost",raw,models/final_h7_CV17_THY_CONT_paper_locked.joblib,raw_fixed,18,0.5,fixed 0.5,7,CV17_THY_CONT,"cluster 6: Age, fT3",cluster,mixed,2,0.7281870738748857,0.6945981389580844,0.03358893491680126,0.8466381623071764,0.7745556673373575,0.07208249496981889,0.6220693480215564,0.4972314543979025,0.12483789362365394,0.1566021485441328,0.16265325795246807,0.006051109408335281,-0.001775041013166878,0.06950818746728242,1.0483573638236139,0.9974444612167177,1.1049214051884013,2000
paper_locked,voting,"LogisticRegression,RandomForest,AdaBoost",raw,models/final_h7_CV17_THY_CONT_paper_locked.joblib,raw_threshold,18,0.43999999999999995,saved voting threshold (also applied to raw),7,CV17_THY_CONT,"cluster 6: Age, fT3",cluster,mixed,2,0.6898933929555102,0.6868641363516912,0.0030292566038190305,0.8466381623071764,0.7745556673373575,0.07208249496981889,0.6220693480215564,0.4972314543979025,0.12483789362365394,0.1566021485441328,0.16265325795246807,0.006051109408335281,-0.029516476072083735,0.03465784273189708,1.004410270450149,0.9584500765565644,1.052259373227987,2000
paper_locked,voting,"LogisticRegression,RandomForest,AdaBoost",sigmoid,models/final_h7_CV17_THY_CONT_paper_locked.joblib,sigmoid,19,0.43999999999999995,saved voting threshold (also applied to raw),7,CV17_THY_CONT,"cluster 6: Age, fT3",cluster,mixed,2,0.7243328100470958,0.6560468816207098,0.06828592842638603,0.8466381623071764,0.7745556673373575,0.07208249496981889,0.6220693480215564,0.4972314543979025,0.12483789362365394,0.10735395528864841,0.12735788820779786,0.020003932919149453,0.02691926136714119,0.11355961475690192,1.10408696442195,1.0394617488038476,1.1795765071170112,2000
own,stacking,"LogisticRegression,KNeighbors,AdaBoost",raw,models/stacking_sensitivity/h7_CV17_THY_CONT_own.joblib,raw_fixed,20,0.5,fixed 0.5,7,CV17_THY_CONT,"cluster 6: Age, fT3",cluster,mixed,2,0.7036772224208319,0.6203488437391197,0.08332837868171217,0.8452045606975185,0.7778923541247484,0.06731220657277004,0.6027119778421592,0.48993510123469236,0.11277687660746688,0.10917993345567255,0.12787333047124774,0.018693397015575194,0.041213277121375284,0.1250282791790958,1.1343250326372092,1.063816954822249,1.2116556734942778,2000
own,stacking,"LogisticRegression,KNeighbors,AdaBoost",raw,models/stacking_sensitivity/h7_CV17_THY_CONT_own.joblib,raw_threshold,20,0.33999999999999997,saved stacking threshold,7,CV17_THY_CONT,"cluster 6: Age, fT3",cluster,mixed,2,0.7554362964476055,0.6736980759279296,0.08173822051967583,0.8452045606975185,0.7778923541247484,0.06731220657277004,0.6027119778421592,0.48993510123469236,0.11277687660746688,0.10917993345567255,0.12787333047124774,0.018693397015575194,0.04411142981057149,0.12057109231023523,1.1213276739837683,1.0631619736097508,1.187900212795794,2000
own,stacking,"LogisticRegression,KNeighbors,AdaBoost",sigmoid,models/stacking_sensitivity/h7_CV17_THY_CONT_own.joblib,sigmoid,21,0.32999999999999996,saved stacking threshold,7,CV17_THY_CONT,"cluster 6: Age, fT3",cluster,mixed,2,0.7554362964476055,0.6736980759279296,0.08173822051967583,0.8452045606975185,0.7778923541247484,0.06731220657277004,0.6027119778421592,0.48993510123469236,0.11277687660746688,0.10921388840861973,0.12808799390419623,0.0188741054955765,0.04411142981057149,0.12057109231023523,1.1213276739837683,1.0631619736097508,1.187900212795794,2000
own,stacking,"LogisticRegression,KNeighbors,AdaBoost",isotonic,models/stacking_sensitivity/h7_CV17_THY_CONT_own.joblib,isotonic,22,0.33999999999999997,saved stacking threshold,7,CV17_THY_CONT,"cluster 6: Age, fT3",cluster,mixed,2,0.756166353170578,0.6795495394164488,0.07661681375412921,0.8448608316566063,0.7768066733735748,0.06805415828303152,0.5843766539391511,0.46996136525699683,0.11441528868215423,0.11066089189702547,0.1291364972854591,0.018475605388433625,0.03835767845337368,0.11519119305544255,1.1127464729354721,1.0543342471312198,1.1789558848470747,2000
same_baseline,stacking,"KNeighbors,RandomForest,AdaBoost,MLP",raw,models/stacking_sensitivity/h7_CV17_THY_CONT_same_baseline.joblib,raw_fixed,23,0.5,fixed 0.5,7,CV17_THY_CONT,"cluster 6: Age, fT3",cluster,mixed,2,0.7046565588361673,0.6197618097897316,0.08489474904643568,0.8468226022803488,0.7734909456740443,0.07333165660630447,0.6266442551545337,0.4897456650343155,0.1368985901202182,0.10694711012065376,0.12809501166817677,0.02114790154752301,0.042137122602983065,0.1290992030724472,1.1369796391217428,1.0650822463398564,1.2196323461796705,2000
same_baseline,stacking,"KNeighbors,RandomForest,AdaBoost,MLP",raw,models/stacking_sensitivity/h7_CV17_THY_CONT_same_baseline.joblib,raw_threshold,23,0.38999999999999996,saved stacking threshold,7,CV17_THY_CONT,"cluster 6: Age, fT3",cluster,mixed,2,0.7542358796721512,0.6700991144690877,0.08413676520306357,0.8468226022803488,0.7734909456740443,0.07333165660630447,0.6266442551545337,0.4897456650343155,0.1368985901202182,0.10694711012065376,0.12809501166817677,0.02114790154752301,0.0421922514895076,0.12799975089686205,1.1255586873439225,1.061404579655654,1.2000804779196754,2000
same_baseline,stacking,"KNeighbors,RandomForest,AdaBoost,MLP",sigmoid,models/stacking_sensitivity/h7_CV17_THY_CONT_same_baseline.joblib,sigmoid,24,0.3999999999999999,saved stacking threshold,7,CV17_THY_CONT,"cluster 6: Age, fT3",cluster,mixed,2,0.7545418151157511,0.6737272389446303,0.08081457617112087,0.8468226022803488,0.7734909456740443,0.07333165660630447,0.6266442551545337,0.4897456650343155,0.1368985901202182,0.106977825803903,0.12809523479544144,0.02111740899153844,0.03956063295841905,0.1259293730500711,1.1199514751662913,1.0570159265917936,1.1972079851785036,2000
same_baseline,stacking,"KNeighbors,RandomForest,AdaBoost,MLP",isotonic,models/stacking_sensitivity/h7_CV17_THY_CONT_same_baseline.joblib,isotonic,25,0.32999999999999996,saved stacking threshold,7,CV17_THY_CONT,"cluster 6: Age, fT3",cluster,mixed,2,0.7498623008110008,0.6806750585208563,0.0691872422901445,0.8466339704896043,0.7727657612340711,0.07386820925553317,0.6078162488237903,0.46759008778623096,0.1402261610375593,0.10763459558478214,0.12852701653036283,0.020892420945580692,0.030706216155951555,0.11247982875404845,1.1016450381485876,1.0428459294174752,1.1721610075537725,2000
locked_baseline,stacking,"KNeighbors,RandomForest,AdaBoost,MLP",raw,models/stacking_sensitivity/h7_CV17_THY_CONT_locked_baseline.joblib,raw_fixed,26,0.5,fixed 0.5,7,CV17_THY_CONT,"cluster 6: Age, fT3",cluster,mixed,2,0.7294088812205308,0.6258840149506839,0.10352486626984692,0.8484657947686117,0.7775905432595573,0.07087525150905438,0.6414093765224447,0.5122453317561357,0.12916404476630894,0.10521713348319792,0.12612240667406807,0.020905273190870155,0.06148465467598385,0.14951697732077904,1.1654058320661922,1.0938274846188656,1.2512785412577319,2000
locked_baseline,stacking,"KNeighbors,RandomForest,AdaBoost,MLP",raw,models/stacking_sensitivity/h7_CV17_THY_CONT_locked_baseline.joblib,raw_threshold,26,0.48999999999999994,saved stacking threshold,7,CV17_THY_CONT,"cluster 6: Age, fT3",cluster,mixed,2,0.7309705048555402,0.6225450266992488,0.10842547815629133,0.8484657947686117,0.7775905432595573,0.07087525150905438,0.6414093765224447,0.5122453317561357,0.12916404476630894,0.10521713348319792,0.12612240667406807,0.020905273190870155,0.06643479377288962,0.1554182373822491,1.1741648772477813,1.10299848626753,1.2626883722968214,2000
locked_baseline,stacking,"KNeighbors,RandomForest,AdaBoost,MLP",sigmoid,models/stacking_sensitivity/h7_CV17_THY_CONT_locked_baseline.joblib,sigmoid,27,0.48999999999999994,saved stacking threshold,7,CV17_THY_CONT,"cluster 6: Age, fT3",cluster,mixed,2,0.7294088812205308,0.6258840149506839,0.10352486626984692,0.8484657947686117,0.7775905432595573,0.07087525150905438,0.6414093765224447,0.5122453317561357,0.12916404476630894,0.10516829882784544,0.12648998992429517,0.021321691096449727,0.06148465467598385,0.14951697732077904,1.1654058320661922,1.0938274846188656,1.2512785412577319,2000
locked_baseline,stacking,"KNeighbors,RandomForest,AdaBoost,MLP",isotonic,models/stacking_sensitivity/h7_CV17_THY_CONT_locked_baseline.joblib,isotonic,28,0.42999999999999994,saved stacking threshold,7,CV17_THY_CONT,"cluster 6: Age, fT3",cluster,mixed,2,0.7278237075983138,0.6258840149506839,0.10193969264762992,0.8465459423205902,0.7691817572099262,0.07736418511066401,0.6069580639148737,0.47272293458066317,0.13423512933421056,0.10696678701552328,0.1282156632881464,0.02124887627262312,0.060107535396546403,0.1473632348531631,1.1628731365757314,1.0927654542797245,1.2485608588939396,2000
paper,stacking,"LogisticRegression,RandomForest,AdaBoost",raw,models/stacking_sensitivity/h7_CV17_THY_CONT_paper.joblib,raw_fixed,29,0.5,fixed 0.5,7,CV17_THY_CONT,"cluster 6: Age, fT3",cluster,mixed,2,0.7089681419188509,0.605797250652734,0.1031708912661169,0.8476190476190476,0.7741113346747149,0.07350771294433267,0.6237386907226503,0.4909290394506696,0.1328096512719807,0.10684277418145065,0.1283640218194383,0.021521247637987642,0.06087971061746839,0.14578951005181087,1.1703059747381692,1.095691662494329,1.254338444613365,2000
paper,stacking,"LogisticRegression,RandomForest,AdaBoost",raw,models/stacking_sensitivity/h7_CV17_THY_CONT_paper.joblib,raw_threshold,29,0.3999999999999999,saved stacking threshold,7,CV17_THY_CONT,"cluster 6: Age, fT3",cluster,mixed,2,0.7571230982019364,0.6805044613927521,0.07661863680918424,0.8476190476190476,0.7741113346747149,0.07350771294433267,0.6237386907226503,0.4909290394506696,0.1328096512719807,0.10684277418145065,0.1283640218194383,0.021521247637987642,0.0374989177911841,0.11787309091197222,1.1125909397454543,1.0537841359958362,1.182883287535088,2000
paper,stacking,"LogisticRegression,RandomForest,AdaBoost",sigmoid,models/stacking_sensitivity/h7_CV17_THY_CONT_paper.joblib,sigmoid,30,0.38999999999999996,saved stacking threshold,7,CV17_THY_CONT,"cluster 6: Age, fT3",cluster,mixed,2,0.7571230982019364,0.6817273870445971,0.07539571115733923,0.8476190476190476,0.7741113346747149,0.07350771294433267,0.6237386907226503,0.4909290394506696,0.1328096512719807,0.10691330488299498,0.12866521657660582,0.021751911693610834,0.03643155898493364,0.11648768796183658,1.1105951038349688,1.0510495616797542,1.1806919991805314,2000
paper,stacking,"LogisticRegression,RandomForest,AdaBoost",isotonic,models/stacking_sensitivity/h7_CV17_THY_CONT_paper.joblib,isotonic,31,0.3499999999999999,saved stacking threshold,7,CV17_THY_CONT,"cluster 6: Age, fT3",cluster,mixed,2,0.7531190566334336,0.6824262723957508,0.07069278423768277,0.8453093561368209,0.7702800134138162,0.07502934272300466,0.6000089471701715,0.46889634867542473,0.13111259849474677,0.10818818153761928,0.12954914710761323,0.02136096556999395,0.03211445246546628,0.111744513340947,1.1035903614752494,1.0451837242335151,1.172628290260453,2000
same_members_reselected_C,stacking,"KNeighbors,RandomForest,AdaBoost,MLP",raw,cache/classification_explainability/prepared_h7_CV17_THY_CONT.joblib,raw_fixed,32,0.5,fixed 0.5,7,CV17_THY_CONT,"cluster 6: Age, fT3",cluster,mixed,2,0.6911228376548599,0.6091853729715389,0.08193746468332108,0.8478286384976526,0.7774061032863849,0.07042253521126762,0.6291219667126018,0.49915525190734933,0.12996671480525246,0.10710668881529546,0.12674616373832898,0.019639474923033515,0.03722985411954221,0.12459278009044875,1.134503335632698,1.0593537873575831,1.2150662652571453,2000
same_members_reselected_C,stacking,"KNeighbors,RandomForest,AdaBoost,MLP",raw,cache/classification_explainability/prepared_h7_CV17_THY_CONT.joblib,raw_threshold,32,0.36999999999999994,saved reselected-C validation threshold,7,CV17_THY_CONT,"cluster 6: Age, fT3",cluster,mixed,2,0.7617419431871222,0.6780759473600761,0.08366599582704604,0.8478286384976526,0.7774061032863849,0.07042253521126762,0.6291219667126018,0.49915525190734933,0.12996671480525246,0.10710668881529546,0.12674616373832898,0.019639474923033515,0.044542609638189526,0.1263969475222766,1.123387352335353,1.0628125110938245,1.1944407535391461,2000
same_members_reselected_C,stacking,"KNeighbors,RandomForest,AdaBoost,MLP",sigmoid,cache/classification_explainability/prepared_h7_CV17_THY_CONT.joblib,sigmoid,33,0.35999999999999993,saved reselected-C validation threshold,7,CV17_THY_CONT,"cluster 6: Age, fT3",cluster,mixed,2,0.7511422092865845,0.6794715783530145,0.07167063093356996,0.8478286384976526,0.7774061032863849,0.07042253521126762,0.6291219667126018,0.49915525190734933,0.12996671480525246,0.10661452685674429,0.12693917387375495,0.020324647017010658,0.03376149907580978,0.1121642696532999,1.1054799541539235,1.0472069130760613,1.17147550790179,2000
same_members_reselected_C,stacking,"KNeighbors,RandomForest,AdaBoost,MLP",isotonic,cache/classification_explainability/prepared_h7_CV17_THY_CONT.joblib,isotonic,34,0.33999999999999997,saved reselected-C validation threshold,7,CV17_THY_CONT,"cluster 6: Age, fT3",cluster,mixed,2,0.7556737369364912,0.6689014590688787,0.08677227786761255,0.8462692823608317,0.7747652582159624,0.07150402414486923,0.6070559198389371,0.47352886586042675,0.1335270539785104,0.10824084444828577,0.12767720696958365,0.01943636252129788,0.04708244861223082,0.12792575574233017,1.1297235589654728,1.0684746277391477,1.2000243895724227,2000
LogisticRegression,individual,LogisticRegression,raw,Cached fitted individual; sigmoid fitted to cached training OOF,raw_fixed,0,0.5,fixed 0.5,7,CV17_THY_CONT,cluster 7: Acute_MI,cluster,cardiovascular,1,0.7027203218095723,0.703778677462888,-0.0010583556533156901,0.8415828303152246,0.8392605633802817,0.0023222669349429736,0.586842265981418,0.5742786581704733,0.012563607810944677,0.16219265113101544,0.16288623475269512,0.0006935836216796776,-0.005563041622591008,0.0032517287755918353,0.9984961811330644,0.9923016508131332,1.0045840346869872,2000
LogisticRegression,individual,LogisticRegression,raw,Cached fitted individual; sigmoid fitted to cached training OOF,raw_threshold,0,0.6399999999999999,own validation,7,CV17_THY_CONT,cluster 7: Acute_MI,cluster,cardiovascular,1,0.7426812986420919,0.7388575182896513,0.0038237803524405756,0.8415828303152246,0.8392605633802817,0.0023222669349429736,0.586842265981418,0.5742786581704733,0.012563607810944677,0.16219265113101544,0.16288623475269512,0.0006935836216796776,-0.013433624556543719,0.021932275651304955,1.005175260801693,0.9822440579029913,1.0304525265321007,2000
LogisticRegression,individual,LogisticRegression,sigmoid,Cached fitted individual; sigmoid fitted to cached training OOF,sigmoid,1,0.38999999999999996,own validation,7,CV17_THY_CONT,cluster 7: Acute_MI,cluster,cardiovascular,1,0.7361367513642372,0.7292144244667238,0.006922326897513376,0.8415828303152246,0.8392605633802817,0.0023222669349429736,0.586842265981418,0.5742786581704733,0.012563607810944677,0.11137008767811421,0.11325770872073893,0.0018876210426247153,-0.00947910364355963,0.02440540943992837,1.0094928551400717,0.9870324491365193,1.0342263923514396,2000
SVC,individual,SVC,raw,Cached fitted individual; sigmoid fitted to cached training OOF,raw_fixed,2,0.5,fixed 0.5,7,CV17_THY_CONT,cluster 7: Acute_MI,cluster,cardiovascular,1,0.7011045261967771,0.6861173541198441,0.014987172076933009,0.8283702213279678,0.8253185781354796,0.003051643192488185,0.5568024589994544,0.5411113296090645,0.015691129390389857,0.11715140617654654,0.11938126333546473,0.002229857158918186,0.0,0.030954517900144345,1.0218434528538616,1.0,1.0464691171505647,2000
SVC,individual,SVC,raw,Cached fitted individual; sigmoid fitted to cached training OOF,raw_threshold,2,0.37999999999999995,own validation,7,CV17_THY_CONT,cluster 7: Acute_MI,cluster,cardiovascular,1,0.716891790418474,0.7101146655958596,0.006777124822614389,0.8283702213279678,0.8253185781354796,0.003051643192488185,0.5568024589994544,0.5411113296090645,0.015691129390389857,0.11715140617654654,0.11938126333546473,0.002229857158918186,-0.010038983371442588,0.023332581746909185,1.0095437049126814,0.9863514609262368,1.0337484237442633,2000
SVC,individual,SVC,sigmoid,Cached fitted individual; sigmoid fitted to cached training OOF,sigmoid,3,0.4099999999999999,own validation,7,CV17_THY_CONT,cluster 7: Acute_MI,cluster,cardiovascular,1,0.7072343406283659,0.6922927152188939,0.01494162540947197,0.8283702213279678,0.8253185781354796,0.003051643192488185,0.5568024589994544,0.5411113296090645,0.015691129390389857,0.1169250023920927,0.11922344241062502,0.0022984400185323134,0.0028350419015940958,0.029998455930471474,1.0215828147270734,1.0041030344751705,1.0446775539698592,2000
KNeighbors,individual,KNeighbors,raw,Cached fitted individual; sigmoid fitted to cached training OOF,raw_fixed,4,0.5,fixed 0.5,7,CV17_THY_CONT,cluster 7: Acute_MI,cluster,cardiovascular,1,0.7063464648956876,0.6989497379935449,0.0073967269021427695,0.8055122401073105,0.7976106639839035,0.007901576123407028,0.5386758931409478,0.5135180718540596,0.02515782128688815,0.1499207685451123,0.15048378554112057,0.0005630169960082754,-0.003992025908757829,0.01992297517249713,1.0105826306243084,0.9943918625367593,1.028932130288796,2000
KNeighbors,individual,KNeighbors,raw,Cached fitted individual; sigmoid fitted to cached training OOF,raw_threshold,4,0.59,own validation,7,CV17_THY_CONT,cluster 7: Acute_MI,cluster,cardiovascular,1,0.6881589091885617,0.6797028832630099,0.008456025925551836,0.8055122401073105,0.7976106639839035,0.007901576123407028,0.5386758931409478,0.5135180718540596,0.02515782128688815,0.1499207685451123,0.15048378554112057,0.0005630169960082754,-0.0034124189747072125,0.021444076514871065,1.0124407680675966,0.9951125416482026,1.0321326479711217,2000
KNeighbors,individual,KNeighbors,sigmoid,Cached fitted individual; sigmoid fitted to cached training OOF,sigmoid,5,0.30999999999999994,own validation,7,CV17_THY_CONT,cluster 7: Acute_MI,cluster,cardiovascular,1,0.6881589091885617,0.6797028832630099,0.008456025925551836,0.8055122401073105,0.7976106639839035,0.007901576123407028,0.5386758931409478,0.5135180718540596,0.02515782128688815,0.12173341907432166,0.12432487426466812,0.002591455190346467,-0.0034124189747072125,0.021444076514871065,1.0124407680675966,0.9951125416482026,1.0321326479711217,2000
RandomForest,individual,RandomForest,raw,Cached fitted individual; sigmoid fitted to cached training OOF,raw_fixed,6,0.5,fixed 0.5,7,CV17_THY_CONT,cluster 7: Acute_MI,cluster,cardiovascular,1,0.7491346656217346,0.7444430779321937,0.004691587689540921,0.8410127431254192,0.841088195841717,-7.545271629783024e-05,0.6356546074048491,0.6307323564015398,0.004922251003309341,0.12209730025536963,0.12178742878073592,-0.00030987147463371056,0.0,0.01200659413844504,1.0063021442855946,1.0,1.0164410863099957,2000
RandomForest,individual,RandomForest,raw,Cached fitted individual; sigmoid fitted to cached training OOF,raw_threshold,6,0.5299999999999999,own validation,7,CV17_THY_CONT,cluster 7: Acute_MI,cluster,cardiovascular,1,0.74400817251728,0.7440391529810861,-3.098046380611841e-05,0.8410127431254192,0.841088195841717,-7.545271629783024e-05,0.6356546074048491,0.6307323564015398,0.004922251003309341,0.12209730025536963,0.12178742878073592,-0.00030987147463371056,-0.005482762995254994,0.006844341789994097,0.9999583617828686,0.9927887200592997,1.0091774162230656,2000
RandomForest,individual,RandomForest,sigmoid,Cached fitted individual; sigmoid fitted to cached training OOF,sigmoid,7,0.37999999999999995,own validation,7,CV17_THY_CONT,cluster 7: Acute_MI,cluster,cardiovascular,1,0.7452590842555569,0.7453059071729957,-4.682291743884903e-05,0.8410127431254192,0.841088195841717,-7.545271629783024e-05,0.6356546074048491,0.6307323564015398,0.004922251003309341,0.10692705464634006,0.1074450435740953,0.0005179889277552446,-0.005452728931515169,0.0068039008380305155,0.9999371762426834,0.992810532524075,1.0090805119831914,2000
AdaBoost,individual,AdaBoost,raw,Cached fitted individual; sigmoid fitted to cached training OOF,raw_fixed,8,0.5,fixed 0.5,7,CV17_THY_CONT,cluster 7: Acute_MI,cluster,cardiovascular,1,0.7035592443093917,0.7016639640427664,0.001895280266625221,0.8369634473507713,0.8363346747149564,0.0006287726358149559,0.5904214779938294,0.5885567322126507,0.0018647457811786783,0.1861595753416243,0.18596732695582735,-0.0001922483857969559,0.0,0.00605374153648244,1.0027011224229119,1.0,1.0087791765877623,2000
AdaBoost,individual,AdaBoost,raw,Cached fitted individual; sigmoid fitted to cached training OOF,raw_threshold,8,0.58,own validation,7,CV17_THY_CONT,cluster 7: Acute_MI,cluster,cardiovascular,1,0.7308812260536399,0.7282010145631617,0.002680211490478257,0.8369634473507713,0.8363346747149564,0.0006287726358149559,0.5904214779938294,0.5885567322126507,0.0018647457811786783,0.1861595753416243,0.18596732695582735,-0.0001922483857969559,0.0,0.00863655139130901,1.003680592908932,1.0,1.012119739603329,2000
AdaBoost,individual,AdaBoost,sigmoid,Cached fitted individual; sigmoid fitted to cached training OOF,sigmoid,9,0.4099999999999999,own validation,7,CV17_THY_CONT,cluster 7: Acute_MI,cluster,cardiovascular,1,0.7293557557283282,0.7266300366300367,0.002725719098291557,0.8369634473507713,0.8363346747149564,0.0006287726358149559,0.5904214779938294,0.5885567322126507,0.0018647457811786783,0.11138800805411916,0.11175285736872564,0.0003648493146064802,0.0,0.008797845239567127,1.0037511786753723,1.0,1.012362421566166,2000
MLP,individual,MLP,raw,Cached fitted individual; sigmoid fitted to cached training OOF,raw_fixed,10,0.5,fixed 0.5,7,CV17_THY_CONT,cluster 7: Acute_MI,cluster,cardiovascular,1,0.7086712317698171,0.7190584662110857,-0.010387234441268656,0.8466968477531858,0.8433350100603622,0.0033618376928236104,0.6105382221434775,0.586482150661958,0.02405607148151956,0.15329636532074958,0.15376723460008995,0.00047086927934036904,-0.021407114934138088,-0.0006662266940177539,0.9855543951856908,0.9705758094240765,0.9990597735883068,2000
MLP,individual,MLP,raw,Cached fitted individual; sigmoid fitted to cached training OOF,raw_threshold,10,0.6799999999999999,own validation,7,CV17_THY_CONT,cluster 7: Acute_MI,cluster,cardiovascular,1,0.7489136160834274,0.750305556460104,-0.0013919403766765592,0.8466968477531858,0.8433350100603622,0.0033618376928236104,0.6105382221434775,0.586482150661958,0.02405607148151956,0.15329636532074958,0.15376723460008995,0.00047086927934036904,-0.01530114765959488,0.012531484841521914,0.9981448353078396,0.9792153076121102,1.0170092048178225,2000
MLP,individual,MLP,sigmoid,Cached fitted individual; sigmoid fitted to cached training OOF,sigmoid,11,0.31999999999999995,own validation,7,CV17_THY_CONT,cluster 7: Acute_MI,cluster,cardiovascular,1,0.7574482553444686,0.750206910821436,0.0072413445230326,0.8466968477531858,0.8433350100603622,0.0033618376928236104,0.6105382221434775,0.586482150661958,0.02405607148151956,0.11299743818759635,0.11546418854450616,0.002466750356909811,-0.004565800764987832,0.019654589502516265,1.0096524630986186,0.9940236006502979,1.0265154322571302,2000
GradientBoosting,individual,GradientBoosting,raw,Cached fitted individual; sigmoid fitted to cached training OOF,raw_fixed,12,0.5,fixed 0.5,7,CV17_THY_CONT,cluster 7: Acute_MI,cluster,cardiovascular,1,0.7196397818599312,0.7198170407403468,-0.00017725888041564275,0.840627095908786,0.8387156270959087,0.0019114688128772928,0.6218609666423225,0.6166645079514053,0.005196458690917227,0.13797559292209854,0.13719942351261996,-0.0007761694094785831,-0.004616562813903541,0.0052286025481791225,0.9997537445345371,0.9936038328714243,1.0073141882822443,2000
GradientBoosting,individual,GradientBoosting,raw,Cached fitted individual; sigmoid fitted to cached training OOF,raw_threshold,12,0.6599999999999999,own validation,7,CV17_THY_CONT,cluster 7: Acute_MI,cluster,cardiovascular,1,0.7604147716936511,0.7542358796721512,0.006178892021499904,0.840627095908786,0.8387156270959087,0.0019114688128772928,0.6218609666423225,0.6166645079514053,0.005196458690917227,0.13797559292209854,0.13719942351261996,-0.0007761694094785831,-0.0013642212181889408,0.016005267208849577,1.0081922541581896,0.9982098492430455,1.0211746688157781,2000
GradientBoosting,individual,GradientBoosting,sigmoid,Cached fitted individual; sigmoid fitted to cached training OOF,sigmoid,13,0.37999999999999995,own validation,7,CV17_THY_CONT,cluster 7: Acute_MI,cluster,cardiovascular,1,0.7579298142781161,0.7517071748475874,0.006222639430528698,0.840627095908786,0.8387156270959087,0.0019114688128772928,0.6218609666423225,0.6166645079514053,0.005196458690917227,0.10818765827236983,0.10936168891818726,0.0011740306458174338,-0.00135295817603161,0.016096897894346276,1.0082780098936668,0.998219713842388,1.021486323247169,2000
XGBoost,individual,XGBoost,raw,Cached fitted individual; sigmoid fitted to cached training OOF,raw_fixed,14,0.5,fixed 0.5,7,CV17_THY_CONT,cluster 7: Acute_MI,cluster,cardiovascular,1,0.7340850209815728,0.7333787302960311,0.0007062906855417328,0.8427649228705567,0.8418511066398391,0.0009138162307176234,0.6207142319116041,0.6152341514675805,0.005480080444023594,0.142721285120714,0.14207702303767045,-0.0006442620830435508,-0.005991374086842647,0.008695828470752764,1.0009630640436717,0.9919185482496624,1.011978684249485,2000
XGBoost,individual,XGBoost,raw,Cached fitted individual; sigmoid fitted to cached training OOF,raw_threshold,14,0.6,own validation,7,CV17_THY_CONT,cluster 7: Acute_MI,cluster,cardiovascular,1,0.7375657580105213,0.737586410793958,-2.0652783436769795e-05,0.8427649228705567,0.8418511066398391,0.0009138162307176234,0.6207142319116041,0.6152341514675805,0.005480080444023594,0.142721285120714,0.14207702303767045,-0.0006442620830435508,-0.005276921109520746,0.006521655900948783,0.9999719995065872,0.9929049639483328,1.0089777781583045,2000
XGBoost,individual,XGBoost,sigmoid,Cached fitted individual; sigmoid fitted to cached training OOF,sigmoid,15,0.36999999999999994,own validation,7,CV17_THY_CONT,cluster 7: Acute_MI,cluster,cardiovascular,1,0.738826364323119,0.7388526794951376,-2.6315172018565036e-05,0.8427649228705567,0.8418511066398391,0.0009138162307176234,0.6207142319116041,0.6152341514675805,0.005480080444023594,0.10779122172922385,0.10858346822155338,0.0007922464923295208,-0.005294360989235853,0.0065302579290256344,0.9999643837360966,0.9929045165596172,1.0089754615358255,2000
paper,voting,"LogisticRegression,RandomForest,AdaBoost",raw,models/predictive_sensitivity/h7_CV17_THY_CONT_paper.joblib,raw_fixed,16,0.5,fixed 0.5,7,CV17_THY_CONT,cluster 7: Acute_MI,cluster,cardiovascular,1,0.7329425928388122,0.7322324860189451,0.0007101068198671623,0.8474765258215963,0.8462860496311201,0.0011904761904761862,0.6249100841759544,0.6173829227768299,0.00752716139912446,0.14916737933582,0.14918372212127892,1.634278545892265e-05,-0.00569160369998255,0.008439574378076438,1.000969783277068,0.9922295837372909,1.011692983346954,2000
paper,voting,"LogisticRegression,RandomForest,AdaBoost",raw,models/predictive_sensitivity/h7_CV17_THY_CONT_paper.joblib,raw_threshold,16,0.38999999999999996,saved voting threshold (also applied to raw),7,CV17_THY_CONT,cluster 7: Acute_MI,cluster,cardiovascular,1,0.661069806744196,0.6603740253411305,0.0006957814030654763,0.8474765258215963,0.8462860496311201,0.0011904761904761862,0.6249100841759544,0.6173829227768299,0.00752716139912446,0.14916737933582,0.14918372212127892,1.634278545892265e-05,-0.0038912835523751245,0.005586272010939796,1.0010536171568925,0.9940638344204319,1.0086724102146025,2000
paper,voting,"LogisticRegression,RandomForest,AdaBoost",sigmoid,models/predictive_sensitivity/h7_CV17_THY_CONT_paper.joblib,sigmoid,17,0.38999999999999996,saved voting threshold (also applied to raw),7,CV17_THY_CONT,cluster 7: Acute_MI,cluster,cardiovascular,1,0.7596902502253029,0.7480403565658506,0.011649893659452348,0.8474765258215963,0.8462860496311201,0.0011904761904761862,0.6249100841759544,0.6173829227768299,0.00752716139912446,0.10681940292729272,0.10778367403186626,0.000964271104573533,-3.478674278078822e-08,0.024621642349930663,1.0155738838916866,0.999999953666773,1.0334036250633507,2000
paper_locked,voting,"LogisticRegression,RandomForest,AdaBoost",raw,models/final_h7_CV17_THY_CONT_paper_locked.joblib,raw_fixed,18,0.5,fixed 0.5,7,CV17_THY_CONT,cluster 7: Acute_MI,cluster,cardiovascular,1,0.7281870738748857,0.7272740406842348,0.000913033190650836,0.8466381623071764,0.8447099262240108,0.0019282360831656131,0.6220693480215564,0.6133728053574636,0.00869654266409281,0.1566021485441328,0.15692000522491178,0.000317856680778994,-0.003250214870637147,0.006176737934137354,1.0012554183699336,0.9954630090717411,1.008558509411959,2000
paper_locked,voting,"LogisticRegression,RandomForest,AdaBoost",raw,models/final_h7_CV17_THY_CONT_paper_locked.joblib,raw_threshold,18,0.43999999999999995,saved voting threshold (also applied to raw),7,CV17_THY_CONT,cluster 7: Acute_MI,cluster,cardiovascular,1,0.6898933929555102,0.683750128640527,0.006143264314983243,0.8466381623071764,0.8447099262240108,0.0019282360831656131,0.6220693480215564,0.6133728053574636,0.00869654266409281,0.1566021485441328,0.15692000522491178,0.000317856680778994,0.0010149076431615722,0.012379596463436476,1.0089846627556731,1.0014911242315836,1.0180999615929094,2000
paper_locked,voting,"LogisticRegression,RandomForest,AdaBoost",sigmoid,models/final_h7_CV17_THY_CONT_paper_locked.joblib,sigmoid,19,0.43999999999999995,saved voting threshold (also applied to raw),7,CV17_THY_CONT,cluster 7: Acute_MI,cluster,cardiovascular,1,0.7243328100470958,0.7287074579621335,-0.0043746479150377215,0.8466381623071764,0.8447099262240108,0.0019282360831656131,0.6220693480215564,0.6133728053574636,0.00869654266409281,0.10735395528864841,0.10834226223982583,0.0009883069511774228,-0.01644877628749211,0.006814549445909436,0.9939967021508581,0.9773374263630215,1.0093884686508956,2000
own,stacking,"LogisticRegression,KNeighbors,AdaBoost",raw,models/stacking_sensitivity/h7_CV17_THY_CONT_own.joblib,raw_fixed,20,0.5,fixed 0.5,7,CV17_THY_CONT,cluster 7: Acute_MI,cluster,cardiovascular,1,0.7036772224208319,0.6961663456909003,0.007510876729931559,0.8452045606975185,0.8427230046948356,0.00248155600268285,0.6027119778421592,0.5924611896579133,0.010250788184245962,0.10917993345567255,0.1104695976182988,0.0012896641626262556,-0.0007630899308407655,0.018258569659568263,1.0107889109785644,0.9989216413074441,1.0268005746675912,2000
own,stacking,"LogisticRegression,KNeighbors,AdaBoost",raw,models/stacking_sensitivity/h7_CV17_THY_CONT_own.joblib,raw_threshold,20,0.33999999999999997,saved stacking threshold,7,CV17_THY_CONT,cluster 7: Acute_MI,cluster,cardiovascular,1,0.7554362964476055,0.7471979035394464,0.008238392908159087,0.8452045606975185,0.8427230046948356,0.00248155600268285,0.6027119778421592,0.5924611896579133,0.010250788184245962,0.10917993345567255,0.1104695976182988,0.0012896641626262556,-0.001530054731577693,0.02029335308966546,1.0110257173757236,0.9979928220166702,1.0281018524560221,2000
own,stacking,"LogisticRegression,KNeighbors,AdaBoost",sigmoid,models/stacking_sensitivity/h7_CV17_THY_CONT_own.joblib,sigmoid,21,0.32999999999999996,saved stacking threshold,7,CV17_THY_CONT,cluster 7: Acute_MI,cluster,cardiovascular,1,0.7554362964476055,0.745937967745226,0.009498328702379433,0.8452045606975185,0.8427230046948356,0.00248155600268285,0.6027119778421592,0.5924611896579133,0.010250788184245962,0.10921388840861973,0.110521794296231,0.0013079058876112742,-0.0006372710342320481,0.02158104203226683,1.012733402927713,0.9991778375151,1.029764819576303,2000
own,stacking,"LogisticRegression,KNeighbors,AdaBoost",isotonic,models/stacking_sensitivity/h7_CV17_THY_CONT_own.joblib,isotonic,22,0.33999999999999997,saved stacking threshold,7,CV17_THY_CONT,cluster 7: Acute_MI,cluster,cardiovascular,1,0.756166353170578,0.7496545522338955,0.006511800936682466,0.8448608316566063,0.8433559691482226,0.0015048625083836642,0.5843766539391511,0.5756227969491894,0.008753856989961672,0.11066089189702547,0.11185751698615967,0.0011966250891342067,-0.003644322889453269,0.01793932746677678,1.0086864021798814,0.995031215607056,1.0243955499589283,2000
same_baseline,stacking,"KNeighbors,RandomForest,AdaBoost,MLP",raw,models/stacking_sensitivity/h7_CV17_THY_CONT_same_baseline.joblib,raw_fixed,23,0.5,fixed 0.5,7,CV17_THY_CONT,cluster 7: Acute_MI,cluster,cardiovascular,1,0.7046565588361673,0.7016164780283105,0.003040080807856782,0.8468226022803488,0.8455063715627096,0.0013162307176391996,0.6266442551545337,0.6205483665415482,0.0060958886129854895,0.10694711012065376,0.10782965808687943,0.0008825479662256663,0.0,0.009880071542705704,1.0043329666606464,1.0,1.0146421383911752,2000
same_baseline,stacking,"KNeighbors,RandomForest,AdaBoost,MLP",raw,models/stacking_sensitivity/h7_CV17_THY_CONT_same_baseline.joblib,raw_threshold,23,0.38999999999999996,saved stacking threshold,7,CV17_THY_CONT,cluster 7: Acute_MI,cluster,cardiovascular,1,0.7542358796721512,0.7453432788896048,0.00889260078254639,0.8468226022803488,0.8455063715627096,0.0013162307176391996,0.6266442551545337,0.6205483665415482,0.0060958886129854895,0.10694711012065376,0.10782965808687943,0.0008825479662256663,-0.0006642428195995725,0.02025757849029421,1.0119308794141062,0.9991507306793953,1.0276331476235971,2000
same_baseline,stacking,"KNeighbors,RandomForest,AdaBoost,MLP",sigmoid,models/stacking_sensitivity/h7_CV17_THY_CONT_same_baseline.joblib,sigmoid,24,0.3999999999999999,saved stacking threshold,7,CV17_THY_CONT,cluster 7: Acute_MI,cluster,cardiovascular,1,0.7545418151157511,0.7440629640088543,0.010478851106896836,0.8468226022803488,0.8455063715627096,0.0013162307176391996,0.6266442551545337,0.6205483665415482,0.0060958886129854895,0.106977825803903,0.10786620920675098,0.0008883834028479837,-0.00034481810301561773,0.023056718214226574,1.0140832854392308,0.9995517439015404,1.031570814733583,2000
same_baseline,stacking,"KNeighbors,RandomForest,AdaBoost,MLP",isotonic,models/stacking_sensitivity/h7_CV17_THY_CONT_same_baseline.joblib,isotonic,25,0.32999999999999996,saved stacking threshold,7,CV17_THY_CONT,cluster 7: Acute_MI,cluster,cardiovascular,1,0.7498623008110008,0.7437136185190198,0.006148682291980956,0.8466339704896043,0.8450913816230717,0.0015425888665325793,0.6078162488237903,0.600550965184951,0.0072652836388392705,0.10763459558478214,0.10848695022151189,0.0008523546367297519,-0.0012480711998000631,0.0151086231358208,1.008267540272054,0.9983309783206498,1.0205157958535322,2000
locked_baseline,stacking,"KNeighbors,RandomForest,AdaBoost,MLP",raw,models/stacking_sensitivity/h7_CV17_THY_CONT_locked_baseline.joblib,raw_fixed,26,0.5,fixed 0.5,7,CV17_THY_CONT,cluster 7: Acute_MI,cluster,cardiovascular,1,0.7294088812205308,0.7222087012392793,0.007200179981251553,0.8484657947686117,0.8469399731723676,0.001525821596244148,0.6414093765224447,0.6331541196675521,0.00825525685489259,0.10521713348319792,0.10626587123681967,0.0010487377536217563,0.0,0.01699022695200002,1.0099696666197684,1.0,1.0240372508654227,2000
locked_baseline,stacking,"KNeighbors,RandomForest,AdaBoost,MLP",raw,models/stacking_sensitivity/h7_CV17_THY_CONT_locked_baseline.joblib,raw_threshold,26,0.48999999999999994,saved stacking threshold,7,CV17_THY_CONT,cluster 7: Acute_MI,cluster,cardiovascular,1,0.7309705048555402,0.7251476037594369,0.0058229010961032834,0.8484657947686117,0.8469399731723676,0.001525821596244148,0.6414093765224447,0.6331541196675521,0.00825525685489259,0.10521713348319792,0.10626587123681967,0.0010487377536217563,0.0,0.015232845921800152,1.008029952889474,1.0,1.021370313320106,2000
locked_baseline,stacking,"KNeighbors,RandomForest,AdaBoost,MLP",sigmoid,models/stacking_sensitivity/h7_CV17_THY_CONT_locked_baseline.joblib,sigmoid,27,0.48999999999999994,saved stacking threshold,7,CV17_THY_CONT,cluster 7: Acute_MI,cluster,cardiovascular,1,0.7294088812205308,0.7222087012392793,0.007200179981251553,0.8484657947686117,0.8469399731723676,0.001525821596244148,0.6414093765224447,0.6331541196675521,0.00825525685489259,0.10516829882784544,0.10623345102928886,0.0010651522014434173,0.0,0.01699022695200002,1.0099696666197684,1.0,1.0240372508654227,2000
locked_baseline,stacking,"KNeighbors,RandomForest,AdaBoost,MLP",isotonic,models/stacking_sensitivity/h7_CV17_THY_CONT_locked_baseline.joblib,isotonic,28,0.42999999999999994,saved stacking threshold,7,CV17_THY_CONT,cluster 7: Acute_MI,cluster,cardiovascular,1,0.7278237075983138,0.7235374667730905,0.004286240825223331,0.8465459423205902,0.8447979543930249,0.0017479879275653643,0.6069580639148737,0.5987607087036593,0.008197355211214452,0.10696678701552328,0.10837618685332447,0.0014093998378011813,-0.005495124684278788,0.014748452424102929,1.0059240067336659,0.9925519480763003,1.0207758710582777,2000
paper,stacking,"LogisticRegression,RandomForest,AdaBoost",raw,models/stacking_sensitivity/h7_CV17_THY_CONT_paper.joblib,raw_fixed,29,0.5,fixed 0.5,7,CV17_THY_CONT,cluster 7: Acute_MI,cluster,cardiovascular,1,0.7089681419188509,0.7028940939932173,0.006074047925633597,0.8476190476190476,0.8463363514419853,0.0012826961770623369,0.6237386907226503,0.6162033051700403,0.007535385552610019,0.10684277418145065,0.10786433234754231,0.00102155816609166,0.0,0.0162349711353746,1.0086414837989692,1.0,1.0232810622620743,2000
paper,stacking,"LogisticRegression,RandomForest,AdaBoost",raw,models/stacking_sensitivity/h7_CV17_THY_CONT_paper.joblib,raw_threshold,29,0.3999999999999999,saved stacking threshold,7,CV17_THY_CONT,cluster 7: Acute_MI,cluster,cardiovascular,1,0.7571230982019364,0.7453965492243004,0.01172654897763592,0.8476190476190476,0.8463363514419853,0.0012826961770623369,0.6237386907226503,0.6162033051700403,0.007535385552610019,0.10684277418145065,0.10786433234754231,0.00102155816609166,0.00012799734380067597,0.024195626478554663,1.0157319603771162,1.0001718587262525,1.0330840521806686,2000
paper,stacking,"LogisticRegression,RandomForest,AdaBoost",sigmoid,models/stacking_sensitivity/h7_CV17_THY_CONT_paper.joblib,sigmoid,30,0.38999999999999996,saved stacking threshold,7,CV17_THY_CONT,cluster 7: Acute_MI,cluster,cardiovascular,1,0.7571230982019364,0.7453965492243004,0.01172654897763592,0.8476190476190476,0.8463363514419853,0.0012826961770623369,0.6237386907226503,0.6162033051700403,0.007535385552610019,0.10691330488299498,0.10796143649433237,0.0010481316113373912,0.00012799734380067597,0.024195626478554663,1.0157319603771162,1.0001718587262525,1.0330840521806686,2000
paper,stacking,"LogisticRegression,RandomForest,AdaBoost",isotonic,models/stacking_sensitivity/h7_CV17_THY_CONT_paper.joblib,isotonic,31,0.3499999999999999,saved stacking threshold,7,CV17_THY_CONT,cluster 7: Acute_MI,cluster,cardiovascular,1,0.7531190566334336,0.7453888225733574,0.007730234060076224,0.8453093561368209,0.8447057344064386,0.0006036217303823088,0.6000089471701715,0.5942331843323988,0.005775762837772702,0.10818818153761928,0.10903346206265482,0.0008452805250355466,-0.0050960431335815405,0.02157666902404371,1.0103707405128355,0.993139469398721,1.0292071756693077,2000
same_members_reselected_C,stacking,"KNeighbors,RandomForest,AdaBoost,MLP",raw,cache/classification_explainability/prepared_h7_CV17_THY_CONT.joblib,raw_fixed,32,0.5,fixed 0.5,7,CV17_THY_CONT,cluster 7: Acute_MI,cluster,cardiovascular,1,0.6911228376548599,0.687931594768056,0.0031912428868039466,0.8478286384976526,0.8460513078470825,0.0017773306505700637,0.6291219667126018,0.6214371874964362,0.007684779216165616,0.10710668881529546,0.1082298018697864,0.0011231130544909346,0.0,0.010403992108515859,1.0046388956563042,1.0,1.0156033218142457,2000
same_members_reselected_C,stacking,"KNeighbors,RandomForest,AdaBoost,MLP",raw,cache/classification_explainability/prepared_h7_CV17_THY_CONT.joblib,raw_threshold,32,0.36999999999999994,saved reselected-C validation threshold,7,CV17_THY_CONT,cluster 7: Acute_MI,cluster,cardiovascular,1,0.7617419431871222,0.7530239099859353,0.008718033201186914,0.8478286384976526,0.8460513078470825,0.0017773306505700637,0.6291219667126018,0.6214371874964362,0.007684779216165616,0.10710668881529546,0.1082298018697864,0.0011231130544909346,-0.00019584965844435254,0.01936718128386926,1.0115773657191705,0.9997404838236551,1.0260935941254756,2000
same_members_reselected_C,stacking,"KNeighbors,RandomForest,AdaBoost,MLP",sigmoid,cache/classification_explainability/prepared_h7_CV17_THY_CONT.joblib,sigmoid,33,0.35999999999999993,saved reselected-C validation threshold,7,CV17_THY_CONT,cluster 7: Acute_MI,cluster,cardiovascular,1,0.7511422092865845,0.7400502254607728,0.011091983825811669,0.8478286384976526,0.8460513078470825,0.0017773306505700637,0.6291219667126018,0.6214371874964362,0.007684779216165616,0.10661452685674429,0.10775398162065562,0.001139454763911335,0.0013933678112637378,0.022059832173920817,1.0149881500527962,1.0018952394048999,1.0304803796812736,2000
same_members_reselected_C,stacking,"KNeighbors,RandomForest,AdaBoost,MLP",isotonic,cache/classification_explainability/prepared_h7_CV17_THY_CONT.joblib,isotonic,34,0.33999999999999997,saved reselected-C validation threshold,7,CV17_THY_CONT,cluster 7: Acute_MI,cluster,cardiovascular,1,0.7556737369364912,0.7479678234070251,0.007705913529466146,0.8462692823608317,0.8443368544600939,0.0019324279007377765,0.6070559198389371,0.5971916166836064,0.009864303155330711,0.10824084444828577,0.10935988738731997,0.0011190429390341983,-0.000307369981985428,0.01788606267157237,1.010302466614627,0.9996047926577574,1.0246165102333262,2000
LogisticRegression,individual,LogisticRegression,raw,Cached fitted individual; sigmoid fitted to cached training OOF,raw_fixed,0,0.5,fixed 0.5,7,CV17_THY_CONT,complete thyroid block,block,thyroid,3,0.7027203218095723,0.6999600749778383,0.0027602468317340367,0.8415828303152246,0.8401659959758552,0.001416834339369455,0.586842265981418,0.5852546009833078,0.0015876649981101387,0.16219265113101544,0.16228664441609578,9.399328508033489e-05,-0.003195354374123463,0.009576801978539926,1.0039434346763585,0.9954506902312792,1.013711296600003,2000
LogisticRegression,individual,LogisticRegression,raw,Cached fitted individual; sigmoid fitted to cached training OOF,raw_threshold,0,0.6399999999999999,own validation,7,CV17_THY_CONT,complete thyroid block,block,thyroid,3,0.7426812986420919,0.7388756221516607,0.0038056764904311757,0.8415828303152246,0.8401659959758552,0.001416834339369455,0.586842265981418,0.5852546009833078,0.0015876649981101387,0.16219265113101544,0.16228664441609578,9.399328508033489e-05,-0.006844585247604099,0.015592058386845757,1.00515063209062,0.9908013900687069,1.0212833605821596,2000
LogisticRegression,individual,LogisticRegression,sigmoid,Cached fitted individual; sigmoid fitted to cached training OOF,sigmoid,1,0.38999999999999996,own validation,7,CV17_THY_CONT,complete thyroid block,block,thyroid,3,0.7361367513642372,0.7401046197647749,-0.003967868400537755,0.8415828303152246,0.8401659959758552,0.001416834339369455,0.586842265981418,0.5852546009833078,0.0015876649981101387,0.11137008767811421,0.111498606699799,0.00012851902168478646,-0.013873460920958697,0.005374106150179436,0.9946387736347344,0.9813508044530874,1.0074116648035498,2000
SVC,individual,SVC,raw,Cached fitted individual; sigmoid fitted to cached training OOF,raw_fixed,2,0.5,fixed 0.5,7,CV17_THY_CONT,complete thyroid block,block,thyroid,3,0.7011045261967771,0.6898622394913458,0.01124228670543126,0.8283702213279678,0.8275570087189805,0.0008132126089872571,0.5568024589994544,0.5538249659501772,0.002977493049277191,0.11715140617654654,0.11729277413851057,0.00014136796196402568,-4.590988269323179e-05,0.026135838175329627,1.0162964227665519,0.9999341791825118,1.0388343630940577,2000
SVC,individual,SVC,raw,Cached fitted individual; sigmoid fitted to cached training OOF,raw_threshold,2,0.37999999999999995,own validation,7,CV17_THY_CONT,complete thyroid block,block,thyroid,3,0.716891790418474,0.7115739754243909,0.005317814994083014,0.8283702213279678,0.8275570087189805,0.0008132126089872571,0.5568024589994544,0.5538249659501772,0.002977493049277191,0.11715140617654654,0.11729277413851057,0.00014136796196402568,-0.0013051299642972609,0.014335308884176234,1.0074733129340647,0.9982176582178959,1.0201742288940803,2000
SVC,individual,SVC,sigmoid,Cached fitted individual; sigmoid fitted to cached training OOF,sigmoid,3,0.4099999999999999,own validation,7,CV17_THY_CONT,complete thyroid block,block,thyroid,3,0.7072343406283659,0.7072343406283659,0.0,0.8283702213279678,0.8275570087189805,0.0008132126089872571,0.5568024589994544,0.5538249659501772,0.002977493049277191,0.1169250023920927,0.11710771749842591,0.0001827151063332061,-0.005127322117034927,0.004997180433628374,1.0,0.9928096647499821,1.0071547123031752,2000
KNeighbors,individual,KNeighbors,raw,Cached fitted individual; sigmoid fitted to cached training OOF,raw_fixed,4,0.5,fixed 0.5,7,CV17_THY_CONT,complete thyroid block,block,thyroid,3,0.7063464648956876,0.6902480689245396,0.01609839597114804,0.8055122401073105,0.7919307511737089,0.01358148893360156,0.5386758931409478,0.529357628948081,0.009318264192866743,0.1499207685451123,0.15259536840473498,0.0026745998596226783,-0.002625986539128819,0.036437510263981975,1.0233226236999555,0.9963997409821379,1.053602893566923,2000
KNeighbors,individual,KNeighbors,raw,Cached fitted individual; sigmoid fitted to cached training OOF,raw_threshold,4,0.59,own validation,7,CV17_THY_CONT,complete thyroid block,block,thyroid,3,0.6881589091885617,0.6866469359331476,0.0015119732554140786,0.8055122401073105,0.7919307511737089,0.01358148893360156,0.5386758931409478,0.529357628948081,0.009318264192866743,0.1499207685451123,0.15259536840473498,0.0026745998596226783,-0.022765650249198428,0.02691490751463788,1.0022019660706114,0.9677395287858245,1.0408288064123294,2000
KNeighbors,individual,KNeighbors,sigmoid,Cached fitted individual; sigmoid fitted to cached training OOF,sigmoid,5,0.30999999999999994,own validation,7,CV17_THY_CONT,complete thyroid block,block,thyroid,3,0.6881589091885617,0.6866469359331476,0.0015119732554140786,0.8055122401073105,0.7919307511737089,0.01358148893360156,0.5386758931409478,0.529357628948081,0.009318264192866743,0.12173341907432166,0.12350945438858149,0.0017760353142598356,-0.022765650249198428,0.02691490751463788,1.0022019660706114,0.9677395287858245,1.0408288064123294,2000
RandomForest,individual,RandomForest,raw,Cached fitted individual; sigmoid fitted to cached training OOF,raw_fixed,6,0.5,fixed 0.5,7,CV17_THY_CONT,complete thyroid block,block,thyroid,3,0.7491346656217346,0.7471979035394464,0.0019367620822882126,0.8410127431254192,0.8395539906103286,0.0014587525150905334,0.6356546074048491,0.610891040736564,0.024763566668285164,0.12209730025536963,0.12064068382001347,-0.0014566164353561617,-0.020050230886901495,0.025343511409346153,1.0025920336140048,0.9735492127865559,1.0344454063139843,2000
RandomForest,individual,RandomForest,raw,Cached fitted individual; sigmoid fitted to cached training OOF,raw_threshold,6,0.5299999999999999,own validation,7,CV17_THY_CONT,complete thyroid block,block,thyroid,3,0.74400817251728,0.7477115060958088,-0.0037033335785288113,0.8410127431254192,0.8395539906103286,0.0014587525150905334,0.6356546074048491,0.610891040736564,0.024763566668285164,0.12209730025536963,0.12064068382001347,-0.0014566164353561617,-0.029778473010201072,0.021396351231590907,0.9950471090141894,0.9610817528470058,1.0291414576912834,2000
RandomForest,individual,RandomForest,sigmoid,Cached fitted individual; sigmoid fitted to cached training OOF,sigmoid,7,0.37999999999999995,own validation,7,CV17_THY_CONT,complete thyroid block,block,thyroid,3,0.7452590842555569,0.7477115060958088,-0.0024524218402519615,0.8410127431254192,0.8395539906103286,0.0014587525150905334,0.6356546074048491,0.610891040736564,0.024763566668285164,0.10692705464634006,0.10837830823941741,0.0014512535930773507,-0.028716741483593933,0.022927291963444566,0.9967200961597377,0.9619080212779441,1.0312827584898896,2000
AdaBoost,individual,AdaBoost,raw,Cached fitted individual; sigmoid fitted to cached training OOF,raw_fixed,8,0.5,fixed 0.5,7,CV17_THY_CONT,complete thyroid block,block,thyroid,3,0.7035592443093917,0.7035181995046238,4.104480476785355e-05,0.8369634473507713,0.8325326961770624,0.004430751173708947,0.5904214779938294,0.5773646420483679,0.013056835945461476,0.1861595753416243,0.18695748237920246,0.0007979070375781494,-0.011812578133103718,0.012601105635716368,1.0000583422074891,0.983297477833854,1.0182383015272547,2000
AdaBoost,individual,AdaBoost,raw,Cached fitted individual; sigmoid fitted to cached training OOF,raw_threshold,8,0.58,own validation,7,CV17_THY_CONT,complete thyroid block,block,thyroid,3,0.7308812260536399,0.7371060708136836,-0.006224844760043702,0.8369634473507713,0.8325326961770624,0.004430751173708947,0.5904214779938294,0.5773646420483679,0.013056835945461476,0.1861595753416243,0.18695748237920246,0.0007979070375781494,-0.024699572476214633,0.012737976220501587,0.9915550217173328,0.9669217928122075,1.0175133928066558,2000
AdaBoost,individual,AdaBoost,sigmoid,Cached fitted individual; sigmoid fitted to cached training OOF,sigmoid,9,0.4099999999999999,own validation,7,CV17_THY_CONT,complete thyroid block,block,thyroid,3,0.7293557557283282,0.7383344686648501,-0.00897871293652186,0.8369634473507713,0.8325326961770624,0.004430751173708947,0.5904214779938294,0.5773646420483679,0.013056835945461476,0.11138800805411916,0.11318233347774463,0.0017943254236254674,-0.02470698432586019,0.007929568419061844,0.987839233683945,0.9665087893341361,1.0110204818199904,2000
MLP,individual,MLP,raw,Cached fitted individual; sigmoid fitted to cached training OOF,raw_fixed,10,0.5,fixed 0.5,7,CV17_THY_CONT,complete thyroid block,block,thyroid,3,0.7086712317698171,0.7101403947734223,-0.0014691630036052228,0.8466968477531858,0.8477699530516432,-0.0010731052984573886,0.6105382221434775,0.6103802563609888,0.00015796578248872262,0.15329636532074958,0.15213716068456948,-0.0011592046361801056,-0.009888314265896911,0.006774609267328836,0.997931165422474,0.9861916479517431,1.0095967053772585,2000
MLP,individual,MLP,raw,Cached fitted individual; sigmoid fitted to cached training OOF,raw_threshold,10,0.6799999999999999,own validation,7,CV17_THY_CONT,complete thyroid block,block,thyroid,3,0.7489136160834274,0.7526893511799172,-0.003775735096489763,0.8466968477531858,0.8477699530516432,-0.0010731052984573886,0.6105382221434775,0.6103802563609888,0.00015796578248872262,0.15329636532074958,0.15213716068456948,-0.0011592046361801056,-0.015727357643237933,0.007574367844733125,0.994983674087363,0.979352960917791,1.0100962154703677,2000
MLP,individual,MLP,sigmoid,Cached fitted individual; sigmoid fitted to cached training OOF,sigmoid,11,0.31999999999999995,own validation,7,CV17_THY_CONT,complete thyroid block,block,thyroid,3,0.7574482553444686,0.7538579404771841,0.00359031486728445,0.8466968477531858,0.8477699530516432,-0.0010731052984573886,0.6105382221434775,0.6103802563609888,0.00015796578248872262,0.11299743818759635,0.11298252703705253,-1.4911150543819862e-05,-0.007849872098702868,0.014825932218852608,1.0047625881144289,0.9896893027118189,1.0198170207053876,2000
GradientBoosting,individual,GradientBoosting,raw,Cached fitted individual; sigmoid fitted to cached training OOF,raw_fixed,12,0.5,fixed 0.5,7,CV17_THY_CONT,complete thyroid block,block,thyroid,3,0.7196397818599312,0.7341710498850051,-0.014531268025073985,0.840627095908786,0.8399144869215291,0.0007126089872568908,0.6218609666423225,0.5982127770383209,0.023648189604001613,0.13797559292209854,0.12751651609317563,-0.010459076828922914,-0.03762433951445607,0.007570111257859768,0.9802072445823762,0.949950351899412,1.010648517110897,2000
GradientBoosting,individual,GradientBoosting,raw,Cached fitted individual; sigmoid fitted to cached training OOF,raw_threshold,12,0.6599999999999999,own validation,7,CV17_THY_CONT,complete thyroid block,block,thyroid,3,0.7604147716936511,0.7427377975237304,0.017676974169920756,0.840627095908786,0.8399144869215291,0.0007126089872568908,0.6218609666423225,0.5982127770383209,0.023648189604001613,0.13797559292209854,0.12751651609317563,-0.010459076828922914,-0.007022361003281219,0.04480162776336321,1.02379975036797,0.9907796999281517,1.0617220193595946,2000
GradientBoosting,individual,GradientBoosting,sigmoid,Cached fitted individual; sigmoid fitted to cached training OOF,sigmoid,13,0.37999999999999995,own validation,7,CV17_THY_CONT,complete thyroid block,block,thyroid,3,0.7579298142781161,0.7427377975237304,0.015192016754385751,0.840627095908786,0.8399144869215291,0.0007126089872568908,0.6218609666423225,0.5982127770383209,0.023648189604001613,0.10818765827236983,0.11010840695491128,0.0019207486825414538,-0.010384721078467229,0.04244390905568593,1.0204540778792133,0.9862097213432298,1.0582146938400407,2000
XGBoost,individual,XGBoost,raw,Cached fitted individual; sigmoid fitted to cached training OOF,raw_fixed,14,0.5,fixed 0.5,7,CV17_THY_CONT,complete thyroid block,block,thyroid,3,0.7340850209815728,0.7318531425948306,0.0022318783867422143,0.8427649228705567,0.8403336686787392,0.0024312541918175556,0.6207142319116041,0.5994141983042844,0.02130003360731969,0.142721285120714,0.1369934382787878,-0.005727846841926204,-0.01709173886675677,0.021934132138028053,1.0030496260203638,0.9762953992416502,1.0305495699139244,2000
XGBoost,individual,XGBoost,raw,Cached fitted individual; sigmoid fitted to cached training OOF,raw_threshold,14,0.6,own validation,7,CV17_THY_CONT,complete thyroid block,block,thyroid,3,0.7375657580105213,0.7440391529810861,-0.006473394970564872,0.8427649228705567,0.8403336686787392,0.0024312541918175556,0.6207142319116041,0.5994141983042844,0.02130003360731969,0.142721285120714,0.1369934382787878,-0.005727846841926204,-0.031677676317221626,0.018251266833711453,0.9912996581636485,0.9583839380041738,1.0249689434626605,2000
XGBoost,individual,XGBoost,sigmoid,Cached fitted individual; sigmoid fitted to cached training OOF,sigmoid,15,0.36999999999999994,own validation,7,CV17_THY_CONT,complete thyroid block,block,thyroid,3,0.738826364323119,0.7427598222413072,-0.003933457918188221,0.8427649228705567,0.8403336686787392,0.0024312541918175556,0.6207142319116041,0.5994141983042844,0.02130003360731969,0.10779122172922385,0.11021728920277386,0.0024260674735500087,-0.029687639660815078,0.021480345146258174,0.9947042667085588,0.960161200076639,1.0297511125581813,2000
paper,voting,"LogisticRegression,RandomForest,AdaBoost",raw,models/predictive_sensitivity/h7_CV17_THY_CONT_paper.joblib,raw_fixed,16,0.5,fixed 0.5,7,CV17_THY_CONT,complete thyroid block,block,thyroid,3,0.7329425928388122,0.7288117626632307,0.004130830175581579,0.8474765258215963,0.844257209926224,0.0032193158953722767,0.6249100841759544,0.6066414559299808,0.01826862824597364,0.14916737933582,0.14794859316625408,-0.0012187861695659163,-0.008661733123093814,0.017434466073275433,1.005667897236574,0.988104960362431,1.0242387527881864,2000
paper,voting,"LogisticRegression,RandomForest,AdaBoost",raw,models/predictive_sensitivity/h7_CV17_THY_CONT_paper.joblib,raw_threshold,16,0.38999999999999996,saved voting threshold (also applied to raw),7,CV17_THY_CONT,complete thyroid block,block,thyroid,3,0.661069806744196,0.6678776500232366,-0.006807843279040604,0.8474765258215963,0.844257209926224,0.0032193158953722767,0.6249100841759544,0.6066414559299808,0.01826862824597364,0.14916737933582,0.14794859316625408,-0.0012187861695659163,-0.019117320059815583,0.0057846656914254625,0.9898067508640187,0.9714052138711207,1.0087367956681097,2000
paper,voting,"LogisticRegression,RandomForest,AdaBoost",sigmoid,models/predictive_sensitivity/h7_CV17_THY_CONT_paper.joblib,sigmoid,17,0.38999999999999996,saved voting threshold (also applied to raw),7,CV17_THY_CONT,complete thyroid block,block,thyroid,3,0.7596902502253029,0.7517955422846896,0.00789470794061331,0.8474765258215963,0.844257209926224,0.0032193158953722767,0.6249100841759544,0.6066414559299808,0.01826862824597364,0.10681940292729272,0.10845016464735825,0.0016307617200655294,-0.008756621746160384,0.025274921508922764,1.0105011369402663,0.9885511882440348,1.0345088995577927,2000
paper_locked,voting,"LogisticRegression,RandomForest,AdaBoost",raw,models/final_h7_CV17_THY_CONT_paper_locked.joblib,raw_fixed,18,0.5,fixed 0.5,7,CV17_THY_CONT,complete thyroid block,block,thyroid,3,0.7281870738748857,0.7225898468947863,0.005597226980099346,0.8466381623071764,0.8427146210596915,0.003923541247484841,0.6220693480215564,0.6054158422179824,0.016653505803574054,0.1566021485441328,0.15864553348954696,0.002043384945414173,-0.007041349997391921,0.018292023841359594,1.0077460636959577,0.9902985065255182,1.0256279845291214,2000
paper_locked,voting,"LogisticRegression,RandomForest,AdaBoost",raw,models/final_h7_CV17_THY_CONT_paper_locked.joblib,raw_threshold,18,0.43999999999999995,saved voting threshold (also applied to raw),7,CV17_THY_CONT,complete thyroid block,block,thyroid,3,0.6898933929555102,0.6793259037079175,0.010567489247592765,0.8466381623071764,0.8427146210596915,0.003923541247484841,0.6220693480215564,0.6054158422179824,0.016653505803574054,0.1566021485441328,0.15864553348954696,0.002043384945414173,-0.0017344779375331465,0.023259901954620965,1.0155558461555978,0.9975676258273899,1.0346541495710908,2000
paper_locked,voting,"LogisticRegression,RandomForest,AdaBoost",sigmoid,models/final_h7_CV17_THY_CONT_paper_locked.joblib,sigmoid,19,0.43999999999999995,saved voting threshold (also applied to raw),7,CV17_THY_CONT,complete thyroid block,block,thyroid,3,0.7243328100470958,0.7413843888070693,-0.01705157875997343,0.8466381623071764,0.8427146210596915,0.003923541247484841,0.6220693480215564,0.6054158422179824,0.016653505803574054,0.10735395528864841,0.10899031723268301,0.0016363619440346033,-0.036669207841157306,0.0006403714455160005,0.9770003536392095,0.9508856699492677,1.000891785780039,2000
own,stacking,"LogisticRegression,KNeighbors,AdaBoost",raw,models/stacking_sensitivity/h7_CV17_THY_CONT_own.joblib,raw_fixed,20,0.5,fixed 0.5,7,CV17_THY_CONT,complete thyroid block,block,thyroid,3,0.7036772224208319,0.6911228376548599,0.012554384765971927,0.8452045606975185,0.840878604963112,0.004325955734406528,0.6027119778421592,0.5936214365386298,0.009090541303529487,0.10917993345567255,0.11055887269569,0.001378939240017446,0.0007356485030958094,0.02692214397884068,1.018165200282734,1.001073118594353,1.0394215919242804,2000
own,stacking,"LogisticRegression,KNeighbors,AdaBoost",raw,models/stacking_sensitivity/h7_CV17_THY_CONT_own.joblib,raw_threshold,20,0.33999999999999997,saved stacking threshold,7,CV17_THY_CONT,complete thyroid block,block,thyroid,3,0.7554362964476055,0.747316898967513,0.008119397480092494,0.8452045606975185,0.840878604963112,0.004325955734406528,0.6027119778421592,0.5936214365386298,0.009090541303529487,0.10917993345567255,0.11055887269569,0.001378939240017446,-0.005395826007171681,0.022551299320921134,1.0108647315366617,0.9929620854855485,1.0307494551396927,2000
own,stacking,"LogisticRegression,KNeighbors,AdaBoost",sigmoid,models/stacking_sensitivity/h7_CV17_THY_CONT_own.joblib,sigmoid,21,0.32999999999999996,saved stacking threshold,7,CV17_THY_CONT,complete thyroid block,block,thyroid,3,0.7554362964476055,0.747316898967513,0.008119397480092494,0.8452045606975185,0.840878604963112,0.004325955734406528,0.6027119778421592,0.5936214365386298,0.009090541303529487,0.10921388840861973,0.11065871946925239,0.0014448310606326592,-0.005395826007171681,0.022551299320921134,1.0108647315366617,0.9929620854855485,1.0307494551396927,2000
own,stacking,"LogisticRegression,KNeighbors,AdaBoost",isotonic,models/stacking_sensitivity/h7_CV17_THY_CONT_own.joblib,isotonic,22,0.33999999999999997,saved stacking threshold,7,CV17_THY_CONT,complete thyroid block,block,thyroid,3,0.756166353170578,0.7525281098234835,0.0036382433470945053,0.8448608316566063,0.8393737424547284,0.005487089201877904,0.5843766539391511,0.5725418808153774,0.011834773123773679,0.11066089189702547,0.11254437074121108,0.0018834788441856182,-0.010652560866342439,0.02014985163244203,1.0048346942786601,0.9859582086666723,1.0275207757350242,2000
same_baseline,stacking,"KNeighbors,RandomForest,AdaBoost,MLP",raw,models/stacking_sensitivity/h7_CV17_THY_CONT_same_baseline.joblib,raw_fixed,23,0.5,fixed 0.5,7,CV17_THY_CONT,complete thyroid block,block,thyroid,3,0.7046565588361673,0.7195702671312427,-0.014913708295075434,0.8468226022803488,0.841004359490275,0.005818242790073813,0.6266442551545337,0.6034862498311998,0.023158005323333897,0.10694711012065376,0.10905265617665666,0.0021055460560028966,-0.03785762183510652,0.006965251992331569,0.9792741460058754,0.9478466000663863,1.0099467450430908,2000
same_baseline,stacking,"KNeighbors,RandomForest,AdaBoost,MLP",raw,models/stacking_sensitivity/h7_CV17_THY_CONT_same_baseline.joblib,raw_threshold,23,0.38999999999999996,saved stacking threshold,7,CV17_THY_CONT,complete thyroid block,block,thyroid,3,0.7542358796721512,0.7517955422846896,0.002440337387461633,0.8468226022803488,0.841004359490275,0.005818242790073813,0.6266442551545337,0.6034862498311998,0.023158005323333897,0.10694711012065376,0.10905265617665666,0.0021055460560028966,-0.018214908535820813,0.023083880543914494,1.0032460120474318,0.9759426615789596,1.0311121245133819,2000
same_baseline,stacking,"KNeighbors,RandomForest,AdaBoost,MLP",sigmoid,models/stacking_sensitivity/h7_CV17_THY_CONT_same_baseline.joblib,sigmoid,24,0.3999999999999999,saved stacking threshold,7,CV17_THY_CONT,complete thyroid block,block,thyroid,3,0.7545418151157511,0.7531190566334336,0.0014227584823175432,0.8468226022803488,0.841004359490275,0.005818242790073813,0.6266442551545337,0.6034862498311998,0.023158005323333897,0.106977825803903,0.10905955513967483,0.0020817293357718314,-0.01815612084566519,0.021185214743080688,1.001889154802001,0.9758636555799152,1.0285549303270385,2000
same_baseline,stacking,"KNeighbors,RandomForest,AdaBoost,MLP",isotonic,models/stacking_sensitivity/h7_CV17_THY_CONT_same_baseline.joblib,isotonic,25,0.32999999999999996,saved stacking threshold,7,CV17_THY_CONT,complete thyroid block,block,thyroid,3,0.7498623008110008,0.7414000710344171,0.00846222977658373,0.8466339704896043,0.8405432595573441,0.006090710932260213,0.6078162488237903,0.584256373384471,0.023559875439319256,0.10763459558478214,0.10995350378509483,0.0023189082003126915,-0.009704294352258735,0.027882459850282038,1.0114138507766488,0.9871652348413001,1.038532547406537,2000
locked_baseline,stacking,"KNeighbors,RandomForest,AdaBoost,MLP",raw,models/stacking_sensitivity/h7_CV17_THY_CONT_locked_baseline.joblib,raw_fixed,26,0.5,fixed 0.5,7,CV17_THY_CONT,complete thyroid block,block,thyroid,3,0.7294088812205308,0.7439149456649574,-0.014506064444426592,0.8484657947686117,0.8429409792085848,0.00552481556002693,0.6414093765224447,0.6166465442925189,0.024762832229925813,0.10521713348319792,0.10735909869619623,0.002141965212998309,-0.03568787998216878,0.006237474991099801,0.9805003723490725,0.9517467714247488,1.0086411115137177,2000
locked_baseline,stacking,"KNeighbors,RandomForest,AdaBoost,MLP",raw,models/stacking_sensitivity/h7_CV17_THY_CONT_locked_baseline.joblib,raw_threshold,26,0.48999999999999994,saved stacking threshold,7,CV17_THY_CONT,complete thyroid block,block,thyroid,3,0.7309705048555402,0.7426226304475279,-0.011652125591987694,0.8484657947686117,0.8429409792085848,0.00552481556002693,0.6414093765224447,0.6166465442925189,0.024762832229925813,0.10521713348319792,0.10735909869619623,0.002141965212998309,-0.033523606704342596,0.008934096432453966,0.9843094929857366,0.9553735057034898,1.0123558676131998,2000
locked_baseline,stacking,"KNeighbors,RandomForest,AdaBoost,MLP",sigmoid,models/stacking_sensitivity/h7_CV17_THY_CONT_locked_baseline.joblib,sigmoid,27,0.48999999999999994,saved stacking threshold,7,CV17_THY_CONT,complete thyroid block,block,thyroid,3,0.7294088812205308,0.7425612516566389,-0.013152370436108063,0.8484657947686117,0.8429409792085848,0.00552481556002693,0.6414093765224447,0.6166465442925189,0.024762832229925813,0.10516829882784544,0.10727534166270561,0.0021070428348601705,-0.034322876915347716,0.0076221521959695115,0.9822878309273944,0.9535923092839429,1.0105817361759728,2000
locked_baseline,stacking,"KNeighbors,RandomForest,AdaBoost,MLP",isotonic,models/stacking_sensitivity/h7_CV17_THY_CONT_locked_baseline.joblib,isotonic,28,0.42999999999999994,saved stacking threshold,7,CV17_THY_CONT,complete thyroid block,block,thyroid,3,0.7278237075983138,0.7438490712826995,-0.016025363684385674,0.8465459423205902,0.8402162977867204,0.00632964453386986,0.6069580639148737,0.583242354380509,0.02371570953436475,0.10696678701552328,0.10916484575156353,0.0021980587360402454,-0.03931061429507838,0.00674852843995338,0.9784561622739524,0.9476892662411815,1.009173953866565,2000
paper,stacking,"LogisticRegression,RandomForest,AdaBoost",raw,models/stacking_sensitivity/h7_CV17_THY_CONT_paper.joblib,raw_fixed,29,0.5,fixed 0.5,7,CV17_THY_CONT,complete thyroid block,block,thyroid,3,0.7089681419188509,0.7195702671312427,-0.010602125212391789,0.8476190476190476,0.8442823608316566,0.0033366867873909634,0.6237386907226503,0.605149452354401,0.018589238368249328,0.10684277418145065,0.10825191763616264,0.0014091434547119919,-0.0314500378146629,0.008446774662619429,0.9852660321073855,0.9563114936605177,1.0121887813482258,2000
paper,stacking,"LogisticRegression,RandomForest,AdaBoost",raw,models/stacking_sensitivity/h7_CV17_THY_CONT_paper.joblib,raw_threshold,29,0.3999999999999999,saved stacking threshold,7,CV17_THY_CONT,complete thyroid block,block,thyroid,3,0.7571230982019364,0.7531190566334336,0.004004041568502759,0.8476190476190476,0.8442823608316566,0.0033366867873909634,0.6237386907226503,0.605149452354401,0.018589238368249328,0.10684277418145065,0.10825191763616264,0.0014091434547119919,-0.0109793226955259,0.020171546015865474,1.0053166116741243,0.9852510342724634,1.0271992790115705,2000
paper,stacking,"LogisticRegression,RandomForest,AdaBoost",sigmoid,models/stacking_sensitivity/h7_CV17_THY_CONT_paper.joblib,sigmoid,30,0.38999999999999996,saved stacking threshold,7,CV17_THY_CONT,complete thyroid block,block,thyroid,3,0.7571230982019364,0.7544481142126571,0.0026749839892792338,0.8476190476190476,0.8442823608316566,0.0033366867873909634,0.6237386907226503,0.605149452354401,0.018589238368249328,0.10691330488299498,0.1082961291191851,0.0013828242361901139,-0.012496931691874175,0.01875794405655783,1.0035456169070962,0.9834787877433635,1.0250887073790071,2000
paper,stacking,"LogisticRegression,RandomForest,AdaBoost",isotonic,models/stacking_sensitivity/h7_CV17_THY_CONT_paper.joblib,isotonic,31,0.3499999999999999,saved stacking threshold,7,CV17_THY_CONT,complete thyroid block,block,thyroid,3,0.7531190566334336,0.7491649085794656,0.003954148053967987,0.8453093561368209,0.8422157947686116,0.0030935613682092633,0.6000089471701715,0.5862308355605204,0.013778111609651145,0.10818818153761928,0.11015317311702691,0.0019649915794076322,-0.011665877654137652,0.020437647743371982,1.0052780743047158,0.9847562870358085,1.0280190386517893,2000
same_members_reselected_C,stacking,"KNeighbors,RandomForest,AdaBoost,MLP",raw,cache/classification_explainability/prepared_h7_CV17_THY_CONT.joblib,raw_fixed,32,0.5,fixed 0.5,7,CV17_THY_CONT,complete thyroid block,block,thyroid,3,0.6911228376548599,0.7005697319852351,-0.009446894330375155,0.8478286384976526,0.8424882629107981,0.005340375586854407,0.6291219667126018,0.6071789082099994,0.021943058502602364,0.10710668881529546,0.10898441558237701,0.0018777267670815473,-0.03505290172321921,0.015094560187070321,0.986515411815459,0.9501440813564149,1.0224302549162412,2000
same_members_reselected_C,stacking,"KNeighbors,RandomForest,AdaBoost,MLP",raw,cache/classification_explainability/prepared_h7_CV17_THY_CONT.joblib,raw_threshold,32,0.36999999999999994,saved reselected-C validation threshold,7,CV17_THY_CONT,complete thyroid block,block,thyroid,3,0.7617419431871222,0.7478576736824337,0.013884269504688462,0.8478286384976526,0.8424882629107981,0.005340375586854407,0.6291219667126018,0.6071789082099994,0.021943058502602364,0.10710668881529546,0.10898441558237701,0.0018777267670815473,-0.0026223961889505014,0.03209783181821492,1.0185653901715317,0.9964989345127037,1.0440007390247845,2000
same_members_reselected_C,stacking,"KNeighbors,RandomForest,AdaBoost,MLP",sigmoid,cache/classification_explainability/prepared_h7_CV17_THY_CONT.joblib,sigmoid,33,0.35999999999999993,saved reselected-C validation threshold,7,CV17_THY_CONT,complete thyroid block,block,thyroid,3,0.7511422092865845,0.7439176941574,0.007224515129184539,0.8478286384976526,0.8424882629107981,0.005340375586854407,0.6291219667126018,0.6071789082099994,0.021943058502602364,0.10661452685674429,0.10869544396597151,0.002080917109227226,-0.010106568874820362,0.025897367164456345,1.0097114441367971,0.986551808827715,1.035651309794003,2000
same_members_reselected_C,stacking,"KNeighbors,RandomForest,AdaBoost,MLP",isotonic,cache/classification_explainability/prepared_h7_CV17_THY_CONT.joblib,isotonic,34,0.33999999999999997,saved reselected-C validation threshold,7,CV17_THY_CONT,complete thyroid block,block,thyroid,3,0.7556737369364912,0.7504775123095734,0.0051962246269178225,0.8462692823608317,0.8426182092555332,0.0036510731052984413,0.6070559198389371,0.5788964405202458,0.02815947931869134,0.10824084444828577,0.1104367446608227,0.002195900212536933,-0.015875015670874328,0.02681357524794274,1.0069238911782001,0.9790670386918189,1.0364620877705912,2000
LogisticRegression,individual,LogisticRegression,raw,Cached fitted individual; sigmoid fitted to cached training OOF,raw_fixed,0,0.5,fixed 0.5,7,CV17_THY_CONT,continuous thyroid biomarkers,block,thyroid,3,0.7027203218095723,0.6999600749778383,0.0027602468317340367,0.8415828303152246,0.8401659959758552,0.001416834339369455,0.586842265981418,0.5852546009833078,0.0015876649981101387,0.16219265113101544,0.16228664441609578,9.399328508033489e-05,-0.003195354374123463,0.009576801978539926,1.0039434346763585,0.9954506902312792,1.013711296600003,2000
LogisticRegression,individual,LogisticRegression,raw,Cached fitted individual; sigmoid fitted to cached training OOF,raw_threshold,0,0.6399999999999999,own validation,7,CV17_THY_CONT,continuous thyroid biomarkers,block,thyroid,3,0.7426812986420919,0.7388756221516607,0.0038056764904311757,0.8415828303152246,0.8401659959758552,0.001416834339369455,0.586842265981418,0.5852546009833078,0.0015876649981101387,0.16219265113101544,0.16228664441609578,9.399328508033489e-05,-0.006844585247604099,0.015592058386845757,1.00515063209062,0.9908013900687069,1.0212833605821596,2000
LogisticRegression,individual,LogisticRegression,sigmoid,Cached fitted individual; sigmoid fitted to cached training OOF,sigmoid,1,0.38999999999999996,own validation,7,CV17_THY_CONT,continuous thyroid biomarkers,block,thyroid,3,0.7361367513642372,0.7401046197647749,-0.003967868400537755,0.8415828303152246,0.8401659959758552,0.001416834339369455,0.586842265981418,0.5852546009833078,0.0015876649981101387,0.11137008767811421,0.111498606699799,0.00012851902168478646,-0.013873460920958697,0.005374106150179436,0.9946387736347344,0.9813508044530874,1.0074116648035498,2000
SVC,individual,SVC,raw,Cached fitted individual; sigmoid fitted to cached training OOF,raw_fixed,2,0.5,fixed 0.5,7,CV17_THY_CONT,continuous thyroid biomarkers,block,thyroid,3,0.7011045261967771,0.6898622394913458,0.01124228670543126,0.8283702213279678,0.8275570087189805,0.0008132126089872571,0.5568024589994544,0.5538249659501772,0.002977493049277191,0.11715140617654654,0.11729277413851057,0.00014136796196402568,-4.590988269323179e-05,0.026135838175329627,1.0162964227665519,0.9999341791825118,1.0388343630940577,2000
SVC,individual,SVC,raw,Cached fitted individual; sigmoid fitted to cached training OOF,raw_threshold,2,0.37999999999999995,own validation,7,CV17_THY_CONT,continuous thyroid biomarkers,block,thyroid,3,0.716891790418474,0.7115739754243909,0.005317814994083014,0.8283702213279678,0.8275570087189805,0.0008132126089872571,0.5568024589994544,0.5538249659501772,0.002977493049277191,0.11715140617654654,0.11729277413851057,0.00014136796196402568,-0.0013051299642972609,0.014335308884176234,1.0074733129340647,0.9982176582178959,1.0201742288940803,2000
SVC,individual,SVC,sigmoid,Cached fitted individual; sigmoid fitted to cached training OOF,sigmoid,3,0.4099999999999999,own validation,7,CV17_THY_CONT,continuous thyroid biomarkers,block,thyroid,3,0.7072343406283659,0.7072343406283659,0.0,0.8283702213279678,0.8275570087189805,0.0008132126089872571,0.5568024589994544,0.5538249659501772,0.002977493049277191,0.1169250023920927,0.11710771749842591,0.0001827151063332061,-0.005127322117034927,0.004997180433628374,1.0,0.9928096647499821,1.0071547123031752,2000
KNeighbors,individual,KNeighbors,raw,Cached fitted individual; sigmoid fitted to cached training OOF,raw_fixed,4,0.5,fixed 0.5,7,CV17_THY_CONT,continuous thyroid biomarkers,block,thyroid,3,0.7063464648956876,0.6902480689245396,0.01609839597114804,0.8055122401073105,0.7919307511737089,0.01358148893360156,0.5386758931409478,0.529357628948081,0.009318264192866743,0.1499207685451123,0.15259536840473498,0.0026745998596226783,-0.002625986539128819,0.036437510263981975,1.0233226236999555,0.9963997409821379,1.053602893566923,2000
KNeighbors,individual,KNeighbors,raw,Cached fitted individual; sigmoid fitted to cached training OOF,raw_threshold,4,0.59,own validation,7,CV17_THY_CONT,continuous thyroid biomarkers,block,thyroid,3,0.6881589091885617,0.6866469359331476,0.0015119732554140786,0.8055122401073105,0.7919307511737089,0.01358148893360156,0.5386758931409478,0.529357628948081,0.009318264192866743,0.1499207685451123,0.15259536840473498,0.0026745998596226783,-0.022765650249198428,0.02691490751463788,1.0022019660706114,0.9677395287858245,1.0408288064123294,2000
KNeighbors,individual,KNeighbors,sigmoid,Cached fitted individual; sigmoid fitted to cached training OOF,sigmoid,5,0.30999999999999994,own validation,7,CV17_THY_CONT,continuous thyroid biomarkers,block,thyroid,3,0.6881589091885617,0.6866469359331476,0.0015119732554140786,0.8055122401073105,0.7919307511737089,0.01358148893360156,0.5386758931409478,0.529357628948081,0.009318264192866743,0.12173341907432166,0.12350945438858149,0.0017760353142598356,-0.022765650249198428,0.02691490751463788,1.0022019660706114,0.9677395287858245,1.0408288064123294,2000
RandomForest,individual,RandomForest,raw,Cached fitted individual; sigmoid fitted to cached training OOF,raw_fixed,6,0.5,fixed 0.5,7,CV17_THY_CONT,continuous thyroid biomarkers,block,thyroid,3,0.7491346656217346,0.7471979035394464,0.0019367620822882126,0.8410127431254192,0.8395539906103286,0.0014587525150905334,0.6356546074048491,0.610891040736564,0.024763566668285164,0.12209730025536963,0.12064068382001347,-0.0014566164353561617,-0.020050230886901495,0.025343511409346153,1.0025920336140048,0.9735492127865559,1.0344454063139843,2000
RandomForest,individual,RandomForest,raw,Cached fitted individual; sigmoid fitted to cached training OOF,raw_threshold,6,0.5299999999999999,own validation,7,CV17_THY_CONT,continuous thyroid biomarkers,block,thyroid,3,0.74400817251728,0.7477115060958088,-0.0037033335785288113,0.8410127431254192,0.8395539906103286,0.0014587525150905334,0.6356546074048491,0.610891040736564,0.024763566668285164,0.12209730025536963,0.12064068382001347,-0.0014566164353561617,-0.029778473010201072,0.021396351231590907,0.9950471090141894,0.9610817528470058,1.0291414576912834,2000
RandomForest,individual,RandomForest,sigmoid,Cached fitted individual; sigmoid fitted to cached training OOF,sigmoid,7,0.37999999999999995,own validation,7,CV17_THY_CONT,continuous thyroid biomarkers,block,thyroid,3,0.7452590842555569,0.7477115060958088,-0.0024524218402519615,0.8410127431254192,0.8395539906103286,0.0014587525150905334,0.6356546074048491,0.610891040736564,0.024763566668285164,0.10692705464634006,0.10837830823941741,0.0014512535930773507,-0.028716741483593933,0.022927291963444566,0.9967200961597377,0.9619080212779441,1.0312827584898896,2000
AdaBoost,individual,AdaBoost,raw,Cached fitted individual; sigmoid fitted to cached training OOF,raw_fixed,8,0.5,fixed 0.5,7,CV17_THY_CONT,continuous thyroid biomarkers,block,thyroid,3,0.7035592443093917,0.7035181995046238,4.104480476785355e-05,0.8369634473507713,0.8325326961770624,0.004430751173708947,0.5904214779938294,0.5773646420483679,0.013056835945461476,0.1861595753416243,0.18695748237920246,0.0007979070375781494,-0.011812578133103718,0.012601105635716368,1.0000583422074891,0.983297477833854,1.0182383015272547,2000
AdaBoost,individual,AdaBoost,raw,Cached fitted individual; sigmoid fitted to cached training OOF,raw_threshold,8,0.58,own validation,7,CV17_THY_CONT,continuous thyroid biomarkers,block,thyroid,3,0.7308812260536399,0.7371060708136836,-0.006224844760043702,0.8369634473507713,0.8325326961770624,0.004430751173708947,0.5904214779938294,0.5773646420483679,0.013056835945461476,0.1861595753416243,0.18695748237920246,0.0007979070375781494,-0.024699572476214633,0.012737976220501587,0.9915550217173328,0.9669217928122075,1.0175133928066558,2000
AdaBoost,individual,AdaBoost,sigmoid,Cached fitted individual; sigmoid fitted to cached training OOF,sigmoid,9,0.4099999999999999,own validation,7,CV17_THY_CONT,continuous thyroid biomarkers,block,thyroid,3,0.7293557557283282,0.7383344686648501,-0.00897871293652186,0.8369634473507713,0.8325326961770624,0.004430751173708947,0.5904214779938294,0.5773646420483679,0.013056835945461476,0.11138800805411916,0.11318233347774463,0.0017943254236254674,-0.02470698432586019,0.007929568419061844,0.987839233683945,0.9665087893341361,1.0110204818199904,2000
MLP,individual,MLP,raw,Cached fitted individual; sigmoid fitted to cached training OOF,raw_fixed,10,0.5,fixed 0.5,7,CV17_THY_CONT,continuous thyroid biomarkers,block,thyroid,3,0.7086712317698171,0.7101403947734223,-0.0014691630036052228,0.8466968477531858,0.8477699530516432,-0.0010731052984573886,0.6105382221434775,0.6103802563609888,0.00015796578248872262,0.15329636532074958,0.15213716068456948,-0.0011592046361801056,-0.009888314265896911,0.006774609267328836,0.997931165422474,0.9861916479517431,1.0095967053772585,2000
MLP,individual,MLP,raw,Cached fitted individual; sigmoid fitted to cached training OOF,raw_threshold,10,0.6799999999999999,own validation,7,CV17_THY_CONT,continuous thyroid biomarkers,block,thyroid,3,0.7489136160834274,0.7526893511799172,-0.003775735096489763,0.8466968477531858,0.8477699530516432,-0.0010731052984573886,0.6105382221434775,0.6103802563609888,0.00015796578248872262,0.15329636532074958,0.15213716068456948,-0.0011592046361801056,-0.015727357643237933,0.007574367844733125,0.994983674087363,0.979352960917791,1.0100962154703677,2000
MLP,individual,MLP,sigmoid,Cached fitted individual; sigmoid fitted to cached training OOF,sigmoid,11,0.31999999999999995,own validation,7,CV17_THY_CONT,continuous thyroid biomarkers,block,thyroid,3,0.7574482553444686,0.7538579404771841,0.00359031486728445,0.8466968477531858,0.8477699530516432,-0.0010731052984573886,0.6105382221434775,0.6103802563609888,0.00015796578248872262,0.11299743818759635,0.11298252703705253,-1.4911150543819862e-05,-0.007849872098702868,0.014825932218852608,1.0047625881144289,0.9896893027118189,1.0198170207053876,2000
GradientBoosting,individual,GradientBoosting,raw,Cached fitted individual; sigmoid fitted to cached training OOF,raw_fixed,12,0.5,fixed 0.5,7,CV17_THY_CONT,continuous thyroid biomarkers,block,thyroid,3,0.7196397818599312,0.7341710498850051,-0.014531268025073985,0.840627095908786,0.8399144869215291,0.0007126089872568908,0.6218609666423225,0.5982127770383209,0.023648189604001613,0.13797559292209854,0.12751651609317563,-0.010459076828922914,-0.03762433951445607,0.007570111257859768,0.9802072445823762,0.949950351899412,1.010648517110897,2000
GradientBoosting,individual,GradientBoosting,raw,Cached fitted individual; sigmoid fitted to cached training OOF,raw_threshold,12,0.6599999999999999,own validation,7,CV17_THY_CONT,continuous thyroid biomarkers,block,thyroid,3,0.7604147716936511,0.7427377975237304,0.017676974169920756,0.840627095908786,0.8399144869215291,0.0007126089872568908,0.6218609666423225,0.5982127770383209,0.023648189604001613,0.13797559292209854,0.12751651609317563,-0.010459076828922914,-0.007022361003281219,0.04480162776336321,1.02379975036797,0.9907796999281517,1.0617220193595946,2000
GradientBoosting,individual,GradientBoosting,sigmoid,Cached fitted individual; sigmoid fitted to cached training OOF,sigmoid,13,0.37999999999999995,own validation,7,CV17_THY_CONT,continuous thyroid biomarkers,block,thyroid,3,0.7579298142781161,0.7427377975237304,0.015192016754385751,0.840627095908786,0.8399144869215291,0.0007126089872568908,0.6218609666423225,0.5982127770383209,0.023648189604001613,0.10818765827236983,0.11010840695491128,0.0019207486825414538,-0.010384721078467229,0.04244390905568593,1.0204540778792133,0.9862097213432298,1.0582146938400407,2000
XGBoost,individual,XGBoost,raw,Cached fitted individual; sigmoid fitted to cached training OOF,raw_fixed,14,0.5,fixed 0.5,7,CV17_THY_CONT,continuous thyroid biomarkers,block,thyroid,3,0.7340850209815728,0.7318531425948306,0.0022318783867422143,0.8427649228705567,0.8403336686787392,0.0024312541918175556,0.6207142319116041,0.5994141983042844,0.02130003360731969,0.142721285120714,0.1369934382787878,-0.005727846841926204,-0.01709173886675677,0.021934132138028053,1.0030496260203638,0.9762953992416502,1.0305495699139244,2000
XGBoost,individual,XGBoost,raw,Cached fitted individual; sigmoid fitted to cached training OOF,raw_threshold,14,0.6,own validation,7,CV17_THY_CONT,continuous thyroid biomarkers,block,thyroid,3,0.7375657580105213,0.7440391529810861,-0.006473394970564872,0.8427649228705567,0.8403336686787392,0.0024312541918175556,0.6207142319116041,0.5994141983042844,0.02130003360731969,0.142721285120714,0.1369934382787878,-0.005727846841926204,-0.031677676317221626,0.018251266833711453,0.9912996581636485,0.9583839380041738,1.0249689434626605,2000
XGBoost,individual,XGBoost,sigmoid,Cached fitted individual; sigmoid fitted to cached training OOF,sigmoid,15,0.36999999999999994,own validation,7,CV17_THY_CONT,continuous thyroid biomarkers,block,thyroid,3,0.738826364323119,0.7427598222413072,-0.003933457918188221,0.8427649228705567,0.8403336686787392,0.0024312541918175556,0.6207142319116041,0.5994141983042844,0.02130003360731969,0.10779122172922385,0.11021728920277386,0.0024260674735500087,-0.029687639660815078,0.021480345146258174,0.9947042667085588,0.960161200076639,1.0297511125581813,2000
paper,voting,"LogisticRegression,RandomForest,AdaBoost",raw,models/predictive_sensitivity/h7_CV17_THY_CONT_paper.joblib,raw_fixed,16,0.5,fixed 0.5,7,CV17_THY_CONT,continuous thyroid biomarkers,block,thyroid,3,0.7329425928388122,0.7288117626632307,0.004130830175581579,0.8474765258215963,0.844257209926224,0.0032193158953722767,0.6249100841759544,0.6066414559299808,0.01826862824597364,0.14916737933582,0.14794859316625408,-0.0012187861695659163,-0.008661733123093814,0.017434466073275433,1.005667897236574,0.988104960362431,1.0242387527881864,2000
paper,voting,"LogisticRegression,RandomForest,AdaBoost",raw,models/predictive_sensitivity/h7_CV17_THY_CONT_paper.joblib,raw_threshold,16,0.38999999999999996,saved voting threshold (also applied to raw),7,CV17_THY_CONT,continuous thyroid biomarkers,block,thyroid,3,0.661069806744196,0.6678776500232366,-0.006807843279040604,0.8474765258215963,0.844257209926224,0.0032193158953722767,0.6249100841759544,0.6066414559299808,0.01826862824597364,0.14916737933582,0.14794859316625408,-0.0012187861695659163,-0.019117320059815583,0.0057846656914254625,0.9898067508640187,0.9714052138711207,1.0087367956681097,2000
paper,voting,"LogisticRegression,RandomForest,AdaBoost",sigmoid,models/predictive_sensitivity/h7_CV17_THY_CONT_paper.joblib,sigmoid,17,0.38999999999999996,saved voting threshold (also applied to raw),7,CV17_THY_CONT,continuous thyroid biomarkers,block,thyroid,3,0.7596902502253029,0.7517955422846896,0.00789470794061331,0.8474765258215963,0.844257209926224,0.0032193158953722767,0.6249100841759544,0.6066414559299808,0.01826862824597364,0.10681940292729272,0.10845016464735825,0.0016307617200655294,-0.008756621746160384,0.025274921508922764,1.0105011369402663,0.9885511882440348,1.0345088995577927,2000
paper_locked,voting,"LogisticRegression,RandomForest,AdaBoost",raw,models/final_h7_CV17_THY_CONT_paper_locked.joblib,raw_fixed,18,0.5,fixed 0.5,7,CV17_THY_CONT,continuous thyroid biomarkers,block,thyroid,3,0.7281870738748857,0.7225898468947863,0.005597226980099346,0.8466381623071764,0.8427146210596915,0.003923541247484841,0.6220693480215564,0.6054158422179824,0.016653505803574054,0.1566021485441328,0.15864553348954696,0.002043384945414173,-0.007041349997391921,0.018292023841359594,1.0077460636959577,0.9902985065255182,1.0256279845291214,2000
paper_locked,voting,"LogisticRegression,RandomForest,AdaBoost",raw,models/final_h7_CV17_THY_CONT_paper_locked.joblib,raw_threshold,18,0.43999999999999995,saved voting threshold (also applied to raw),7,CV17_THY_CONT,continuous thyroid biomarkers,block,thyroid,3,0.6898933929555102,0.6793259037079175,0.010567489247592765,0.8466381623071764,0.8427146210596915,0.003923541247484841,0.6220693480215564,0.6054158422179824,0.016653505803574054,0.1566021485441328,0.15864553348954696,0.002043384945414173,-0.0017344779375331465,0.023259901954620965,1.0155558461555978,0.9975676258273899,1.0346541495710908,2000
paper_locked,voting,"LogisticRegression,RandomForest,AdaBoost",sigmoid,models/final_h7_CV17_THY_CONT_paper_locked.joblib,sigmoid,19,0.43999999999999995,saved voting threshold (also applied to raw),7,CV17_THY_CONT,continuous thyroid biomarkers,block,thyroid,3,0.7243328100470958,0.7413843888070693,-0.01705157875997343,0.8466381623071764,0.8427146210596915,0.003923541247484841,0.6220693480215564,0.6054158422179824,0.016653505803574054,0.10735395528864841,0.10899031723268301,0.0016363619440346033,-0.036669207841157306,0.0006403714455160005,0.9770003536392095,0.9508856699492677,1.000891785780039,2000
own,stacking,"LogisticRegression,KNeighbors,AdaBoost",raw,models/stacking_sensitivity/h7_CV17_THY_CONT_own.joblib,raw_fixed,20,0.5,fixed 0.5,7,CV17_THY_CONT,continuous thyroid biomarkers,block,thyroid,3,0.7036772224208319,0.6911228376548599,0.012554384765971927,0.8452045606975185,0.840878604963112,0.004325955734406528,0.6027119778421592,0.5936214365386298,0.009090541303529487,0.10917993345567255,0.11055887269569,0.001378939240017446,0.0007356485030958094,0.02692214397884068,1.018165200282734,1.001073118594353,1.0394215919242804,2000
own,stacking,"LogisticRegression,KNeighbors,AdaBoost",raw,models/stacking_sensitivity/h7_CV17_THY_CONT_own.joblib,raw_threshold,20,0.33999999999999997,saved stacking threshold,7,CV17_THY_CONT,continuous thyroid biomarkers,block,thyroid,3,0.7554362964476055,0.747316898967513,0.008119397480092494,0.8452045606975185,0.840878604963112,0.004325955734406528,0.6027119778421592,0.5936214365386298,0.009090541303529487,0.10917993345567255,0.11055887269569,0.001378939240017446,-0.005395826007171681,0.022551299320921134,1.0108647315366617,0.9929620854855485,1.0307494551396927,2000
own,stacking,"LogisticRegression,KNeighbors,AdaBoost",sigmoid,models/stacking_sensitivity/h7_CV17_THY_CONT_own.joblib,sigmoid,21,0.32999999999999996,saved stacking threshold,7,CV17_THY_CONT,continuous thyroid biomarkers,block,thyroid,3,0.7554362964476055,0.747316898967513,0.008119397480092494,0.8452045606975185,0.840878604963112,0.004325955734406528,0.6027119778421592,0.5936214365386298,0.009090541303529487,0.10921388840861973,0.11065871946925239,0.0014448310606326592,-0.005395826007171681,0.022551299320921134,1.0108647315366617,0.9929620854855485,1.0307494551396927,2000
own,stacking,"LogisticRegression,KNeighbors,AdaBoost",isotonic,models/stacking_sensitivity/h7_CV17_THY_CONT_own.joblib,isotonic,22,0.33999999999999997,saved stacking threshold,7,CV17_THY_CONT,continuous thyroid biomarkers,block,thyroid,3,0.756166353170578,0.7525281098234835,0.0036382433470945053,0.8448608316566063,0.8393737424547284,0.005487089201877904,0.5843766539391511,0.5725418808153774,0.011834773123773679,0.11066089189702547,0.11254437074121108,0.0018834788441856182,-0.010652560866342439,0.02014985163244203,1.0048346942786601,0.9859582086666723,1.0275207757350242,2000
same_baseline,stacking,"KNeighbors,RandomForest,AdaBoost,MLP",raw,models/stacking_sensitivity/h7_CV17_THY_CONT_same_baseline.joblib,raw_fixed,23,0.5,fixed 0.5,7,CV17_THY_CONT,continuous thyroid biomarkers,block,thyroid,3,0.7046565588361673,0.7195702671312427,-0.014913708295075434,0.8468226022803488,0.841004359490275,0.005818242790073813,0.6266442551545337,0.6034862498311998,0.023158005323333897,0.10694711012065376,0.10905265617665666,0.0021055460560028966,-0.03785762183510652,0.006965251992331569,0.9792741460058754,0.9478466000663863,1.0099467450430908,2000
same_baseline,stacking,"KNeighbors,RandomForest,AdaBoost,MLP",raw,models/stacking_sensitivity/h7_CV17_THY_CONT_same_baseline.joblib,raw_threshold,23,0.38999999999999996,saved stacking threshold,7,CV17_THY_CONT,continuous thyroid biomarkers,block,thyroid,3,0.7542358796721512,0.7517955422846896,0.002440337387461633,0.8468226022803488,0.841004359490275,0.005818242790073813,0.6266442551545337,0.6034862498311998,0.023158005323333897,0.10694711012065376,0.10905265617665666,0.0021055460560028966,-0.018214908535820813,0.023083880543914494,1.0032460120474318,0.9759426615789596,1.0311121245133819,2000
same_baseline,stacking,"KNeighbors,RandomForest,AdaBoost,MLP",sigmoid,models/stacking_sensitivity/h7_CV17_THY_CONT_same_baseline.joblib,sigmoid,24,0.3999999999999999,saved stacking threshold,7,CV17_THY_CONT,continuous thyroid biomarkers,block,thyroid,3,0.7545418151157511,0.7531190566334336,0.0014227584823175432,0.8468226022803488,0.841004359490275,0.005818242790073813,0.6266442551545337,0.6034862498311998,0.023158005323333897,0.106977825803903,0.10905955513967483,0.0020817293357718314,-0.01815612084566519,0.021185214743080688,1.001889154802001,0.9758636555799152,1.0285549303270385,2000
same_baseline,stacking,"KNeighbors,RandomForest,AdaBoost,MLP",isotonic,models/stacking_sensitivity/h7_CV17_THY_CONT_same_baseline.joblib,isotonic,25,0.32999999999999996,saved stacking threshold,7,CV17_THY_CONT,continuous thyroid biomarkers,block,thyroid,3,0.7498623008110008,0.7414000710344171,0.00846222977658373,0.8466339704896043,0.8405432595573441,0.006090710932260213,0.6078162488237903,0.584256373384471,0.023559875439319256,0.10763459558478214,0.10995350378509483,0.0023189082003126915,-0.009704294352258735,0.027882459850282038,1.0114138507766488,0.9871652348413001,1.038532547406537,2000
locked_baseline,stacking,"KNeighbors,RandomForest,AdaBoost,MLP",raw,models/stacking_sensitivity/h7_CV17_THY_CONT_locked_baseline.joblib,raw_fixed,26,0.5,fixed 0.5,7,CV17_THY_CONT,continuous thyroid biomarkers,block,thyroid,3,0.7294088812205308,0.7439149456649574,-0.014506064444426592,0.8484657947686117,0.8429409792085848,0.00552481556002693,0.6414093765224447,0.6166465442925189,0.024762832229925813,0.10521713348319792,0.10735909869619623,0.002141965212998309,-0.03568787998216878,0.006237474991099801,0.9805003723490725,0.9517467714247488,1.0086411115137177,2000
locked_baseline,stacking,"KNeighbors,RandomForest,AdaBoost,MLP",raw,models/stacking_sensitivity/h7_CV17_THY_CONT_locked_baseline.joblib,raw_threshold,26,0.48999999999999994,saved stacking threshold,7,CV17_THY_CONT,continuous thyroid biomarkers,block,thyroid,3,0.7309705048555402,0.7426226304475279,-0.011652125591987694,0.8484657947686117,0.8429409792085848,0.00552481556002693,0.6414093765224447,0.6166465442925189,0.024762832229925813,0.10521713348319792,0.10735909869619623,0.002141965212998309,-0.033523606704342596,0.008934096432453966,0.9843094929857366,0.9553735057034898,1.0123558676131998,2000
locked_baseline,stacking,"KNeighbors,RandomForest,AdaBoost,MLP",sigmoid,models/stacking_sensitivity/h7_CV17_THY_CONT_locked_baseline.joblib,sigmoid,27,0.48999999999999994,saved stacking threshold,7,CV17_THY_CONT,continuous thyroid biomarkers,block,thyroid,3,0.7294088812205308,0.7425612516566389,-0.013152370436108063,0.8484657947686117,0.8429409792085848,0.00552481556002693,0.6414093765224447,0.6166465442925189,0.024762832229925813,0.10516829882784544,0.10727534166270561,0.0021070428348601705,-0.034322876915347716,0.0076221521959695115,0.9822878309273944,0.9535923092839429,1.0105817361759728,2000
locked_baseline,stacking,"KNeighbors,RandomForest,AdaBoost,MLP",isotonic,models/stacking_sensitivity/h7_CV17_THY_CONT_locked_baseline.joblib,isotonic,28,0.42999999999999994,saved stacking threshold,7,CV17_THY_CONT,continuous thyroid biomarkers,block,thyroid,3,0.7278237075983138,0.7438490712826995,-0.016025363684385674,0.8465459423205902,0.8402162977867204,0.00632964453386986,0.6069580639148737,0.583242354380509,0.02371570953436475,0.10696678701552328,0.10916484575156353,0.0021980587360402454,-0.03931061429507838,0.00674852843995338,0.9784561622739524,0.9476892662411815,1.009173953866565,2000
paper,stacking,"LogisticRegression,RandomForest,AdaBoost",raw,models/stacking_sensitivity/h7_CV17_THY_CONT_paper.joblib,raw_fixed,29,0.5,fixed 0.5,7,CV17_THY_CONT,continuous thyroid biomarkers,block,thyroid,3,0.7089681419188509,0.7195702671312427,-0.010602125212391789,0.8476190476190476,0.8442823608316566,0.0033366867873909634,0.6237386907226503,0.605149452354401,0.018589238368249328,0.10684277418145065,0.10825191763616264,0.0014091434547119919,-0.0314500378146629,0.008446774662619429,0.9852660321073855,0.9563114936605177,1.0121887813482258,2000
paper,stacking,"LogisticRegression,RandomForest,AdaBoost",raw,models/stacking_sensitivity/h7_CV17_THY_CONT_paper.joblib,raw_threshold,29,0.3999999999999999,saved stacking threshold,7,CV17_THY_CONT,continuous thyroid biomarkers,block,thyroid,3,0.7571230982019364,0.7531190566334336,0.004004041568502759,0.8476190476190476,0.8442823608316566,0.0033366867873909634,0.6237386907226503,0.605149452354401,0.018589238368249328,0.10684277418145065,0.10825191763616264,0.0014091434547119919,-0.0109793226955259,0.020171546015865474,1.0053166116741243,0.9852510342724634,1.0271992790115705,2000
paper,stacking,"LogisticRegression,RandomForest,AdaBoost",sigmoid,models/stacking_sensitivity/h7_CV17_THY_CONT_paper.joblib,sigmoid,30,0.38999999999999996,saved stacking threshold,7,CV17_THY_CONT,continuous thyroid biomarkers,block,thyroid,3,0.7571230982019364,0.7544481142126571,0.0026749839892792338,0.8476190476190476,0.8442823608316566,0.0033366867873909634,0.6237386907226503,0.605149452354401,0.018589238368249328,0.10691330488299498,0.1082961291191851,0.0013828242361901139,-0.012496931691874175,0.01875794405655783,1.0035456169070962,0.9834787877433635,1.0250887073790071,2000
paper,stacking,"LogisticRegression,RandomForest,AdaBoost",isotonic,models/stacking_sensitivity/h7_CV17_THY_CONT_paper.joblib,isotonic,31,0.3499999999999999,saved stacking threshold,7,CV17_THY_CONT,continuous thyroid biomarkers,block,thyroid,3,0.7531190566334336,0.7491649085794656,0.003954148053967987,0.8453093561368209,0.8422157947686116,0.0030935613682092633,0.6000089471701715,0.5862308355605204,0.013778111609651145,0.10818818153761928,0.11015317311702691,0.0019649915794076322,-0.011665877654137652,0.020437647743371982,1.0052780743047158,0.9847562870358085,1.0280190386517893,2000
same_members_reselected_C,stacking,"KNeighbors,RandomForest,AdaBoost,MLP",raw,cache/classification_explainability/prepared_h7_CV17_THY_CONT.joblib,raw_fixed,32,0.5,fixed 0.5,7,CV17_THY_CONT,continuous thyroid biomarkers,block,thyroid,3,0.6911228376548599,0.7005697319852351,-0.009446894330375155,0.8478286384976526,0.8424882629107981,0.005340375586854407,0.6291219667126018,0.6071789082099994,0.021943058502602364,0.10710668881529546,0.10898441558237701,0.0018777267670815473,-0.03505290172321921,0.015094560187070321,0.986515411815459,0.9501440813564149,1.0224302549162412,2000
same_members_reselected_C,stacking,"KNeighbors,RandomForest,AdaBoost,MLP",raw,cache/classification_explainability/prepared_h7_CV17_THY_CONT.joblib,raw_threshold,32,0.36999999999999994,saved reselected-C validation threshold,7,CV17_THY_CONT,continuous thyroid biomarkers,block,thyroid,3,0.7617419431871222,0.7478576736824337,0.013884269504688462,0.8478286384976526,0.8424882629107981,0.005340375586854407,0.6291219667126018,0.6071789082099994,0.021943058502602364,0.10710668881529546,0.10898441558237701,0.0018777267670815473,-0.0026223961889505014,0.03209783181821492,1.0185653901715317,0.9964989345127037,1.0440007390247845,2000
same_members_reselected_C,stacking,"KNeighbors,RandomForest,AdaBoost,MLP",sigmoid,cache/classification_explainability/prepared_h7_CV17_THY_CONT.joblib,sigmoid,33,0.35999999999999993,saved reselected-C validation threshold,7,CV17_THY_CONT,continuous thyroid biomarkers,block,thyroid,3,0.7511422092865845,0.7439176941574,0.007224515129184539,0.8478286384976526,0.8424882629107981,0.005340375586854407,0.6291219667126018,0.6071789082099994,0.021943058502602364,0.10661452685674429,0.10869544396597151,0.002080917109227226,-0.010106568874820362,0.025897367164456345,1.0097114441367971,0.986551808827715,1.035651309794003,2000
same_members_reselected_C,stacking,"KNeighbors,RandomForest,AdaBoost,MLP",isotonic,cache/classification_explainability/prepared_h7_CV17_THY_CONT.joblib,isotonic,34,0.33999999999999997,saved reselected-C validation threshold,7,CV17_THY_CONT,continuous thyroid biomarkers,block,thyroid,3,0.7556737369364912,0.7504775123095734,0.0051962246269178225,0.8462692823608317,0.8426182092555332,0.0036510731052984413,0.6070559198389371,0.5788964405202458,0.02815947931869134,0.10824084444828577,0.1104367446608227,0.002195900212536933,-0.015875015670874328,0.02681357524794274,1.0069238911782001,0.9790670386918189,1.0364620877705912,2000
LogisticRegression,individual,LogisticRegression,raw,Cached fitted individual; sigmoid fitted to cached training OOF,raw_fixed,0,0.5,fixed 0.5,7,CV17_THY_CONT,all cardiovascular variables,block,cardiovascular,17,0.7027203218095723,0.4457070707070707,0.2570132511025016,0.8415828303152246,0.6192655935613682,0.2223172367538564,0.586842265981418,0.27416997307673496,0.312672292904683,0.16219265113101544,0.19652133258167537,0.034328681450659926,0.22029151288718482,0.2959840518414299,1.5766416285359244,1.4880698490766708,1.6710380006182557,2000
LogisticRegression,individual,LogisticRegression,raw,Cached fitted individual; sigmoid fitted to cached training OOF,raw_threshold,0,0.6399999999999999,own validation,7,CV17_THY_CONT,all cardiovascular variables,block,cardiovascular,17,0.7426812986420919,0.4467548834278513,0.29592641521424057,0.8415828303152246,0.6192655935613682,0.2223172367538564,0.586842265981418,0.27416997307673496,0.312672292904683,0.16219265113101544,0.19652133258167537,0.034328681450659926,0.25679240241486107,0.3341197889493972,1.6623910027433002,1.570987547098149,1.7524963388323656,2000
LogisticRegression,individual,LogisticRegression,sigmoid,Cached fitted individual; sigmoid fitted to cached training OOF,sigmoid,1,0.38999999999999996,own validation,7,CV17_THY_CONT,all cardiovascular variables,block,cardiovascular,17,0.7361367513642372,0.44710327455919396,0.2890334768050432,0.8415828303152246,0.6192655935613682,0.2223172367538564,0.586842265981418,0.27416997307673496,0.312672292904683,0.11137008767811421,0.15999556681182284,0.04862547913370863,0.24904147181276592,0.326388026516383,1.646457973473815,1.5532316442765972,1.7356330243326046,2000
SVC,individual,SVC,raw,Cached fitted individual; sigmoid fitted to cached training OOF,raw_fixed,2,0.5,fixed 0.5,7,CV17_THY_CONT,all cardiovascular variables,block,cardiovascular,17,0.7011045261967771,0.4467548834278513,0.2543496427689258,0.8283702213279678,0.6246981891348089,0.20367203219315888,0.5568024589994544,0.27931959948614954,0.2774828595133048,0.11715140617654654,0.15715886918254202,0.040007463005995475,0.21213069787019348,0.2950694427722319,1.5693270565222641,1.471758562347822,1.664998867074076,2000
SVC,individual,SVC,raw,Cached fitted individual; sigmoid fitted to cached training OOF,raw_threshold,2,0.37999999999999995,own validation,7,CV17_THY_CONT,all cardiovascular variables,block,cardiovascular,17,0.716891790418474,0.44640605296343,0.27048573745504395,0.8283702213279678,0.6246981891348089,0.20367203219315888,0.5568024589994544,0.27931959948614954,0.2774828595133048,0.11715140617654654,0.15715886918254202,0.040007463005995475,0.22885812091248534,0.3085165723183231,1.605918615259463,1.511456139649072,1.696188682708756,2000
SVC,individual,SVC,sigmoid,Cached fitted individual; sigmoid fitted to cached training OOF,sigmoid,3,0.4099999999999999,own validation,7,CV17_THY_CONT,all cardiovascular variables,block,cardiovascular,17,0.7072343406283659,0.44640605296343,0.2608282876649359,0.8283702213279678,0.6246981891348089,0.20367203219315888,0.5568024589994544,0.27931959948614954,0.2774828595133048,0.1169250023920927,0.15770695051413633,0.040781948122043624,0.2189161098025489,0.299651520667572,1.5842848364923563,1.4884376328674664,1.67707492285866,2000
KNeighbors,individual,KNeighbors,raw,Cached fitted individual; sigmoid fitted to cached training OOF,raw_fixed,4,0.5,fixed 0.5,7,CV17_THY_CONT,all cardiovascular variables,block,cardiovascular,17,0.7063464648956876,0.4467548834278513,0.25959158146783634,0.8055122401073105,0.5251928236083165,0.28031941649899395,0.5386758931409478,0.2028916987112311,0.33578419442971663,0.1499207685451123,0.15701284496901732,0.007092076423905025,0.222154095934536,0.29796412676897294,1.581060422834212,1.4922875207982516,1.673060681757031,2000
KNeighbors,individual,KNeighbors,raw,Cached fitted individual; sigmoid fitted to cached training OOF,raw_threshold,4,0.59,own validation,7,CV17_THY_CONT,all cardiovascular variables,block,cardiovascular,17,0.6881589091885617,0.44710327455919396,0.24105563462936774,0.8055122401073105,0.5251928236083165,0.28031941649899395,0.5386758931409478,0.2028916987112311,0.33578419442971663,0.1499207685451123,0.15701284496901732,0.007092076423905025,0.19968580088857554,0.2803095291232605,1.5391497856217409,1.4429000798314342,1.6320746334793823,2000
KNeighbors,individual,KNeighbors,sigmoid,Cached fitted individual; sigmoid fitted to cached training OOF,sigmoid,5,0.30999999999999994,own validation,7,CV17_THY_CONT,all cardiovascular variables,block,cardiovascular,17,0.6881589091885617,0.44710327455919396,0.24105563462936774,0.8055122401073105,0.5251928236083165,0.28031941649899395,0.5386758931409478,0.2028916987112311,0.33578419442971663,0.12173341907432166,0.163846537437638,0.04211311836331634,0.19968580088857554,0.2803095291232605,1.5391497856217409,1.4429000798314342,1.6320746334793823,2000
RandomForest,individual,RandomForest,raw,Cached fitted individual; sigmoid fitted to cached training OOF,raw_fixed,6,0.5,fixed 0.5,7,CV17_THY_CONT,all cardiovascular variables,block,cardiovascular,17,0.7491346656217346,0.44710327455919396,0.3020313910625406,0.8410127431254192,0.6038480885311871,0.23716465459423208,0.6356546074048491,0.29993432014978416,0.335720287255065,0.12209730025536963,0.15008856420430933,0.027991263948939693,0.2637120170307158,0.33897261967263,1.6755293647990346,1.5871148997180269,1.7652329492634586,2000
RandomForest,individual,RandomForest,raw,Cached fitted individual; sigmoid fitted to cached training OOF,raw_threshold,6,0.5299999999999999,own validation,7,CV17_THY_CONT,all cardiovascular variables,block,cardiovascular,17,0.74400817251728,0.44710327455919396,0.29690489795808606,0.8410127431254192,0.6038480885311871,0.23716465459423208,0.6356546074048491,0.29993432014978416,0.335720287255065,0.12209730025536963,0.15008856420430933,0.027991263948939693,0.2601272757121506,0.3349699523820818,1.6640633492358319,1.5793461875004915,1.7568312320861221,2000
RandomForest,individual,RandomForest,sigmoid,Cached fitted individual; sigmoid fitted to cached training OOF,sigmoid,7,0.37999999999999995,own validation,7,CV17_THY_CONT,all cardiovascular variables,block,cardiovascular,17,0.7452590842555569,0.44710327455919396,0.2981558096963629,0.8410127431254192,0.6038480885311871,0.23716465459423208,0.6356546074048491,0.29993432014978416,0.335720287255065,0.10692705464634006,0.16417849852867966,0.0572514438823396,0.2616725237503139,0.3364456329640781,1.6668611630955272,1.5813637696245095,1.7578355640047667,2000
AdaBoost,individual,AdaBoost,raw,Cached fitted individual; sigmoid fitted to cached training OOF,raw_fixed,8,0.5,fixed 0.5,7,CV17_THY_CONT,all cardiovascular variables,block,cardiovascular,17,0.7035592443093917,0.44710327455919396,0.2564559697501977,0.8369634473507713,0.653588195841717,0.18337525150905432,0.5904214779938294,0.2802832784130261,0.3101381995808033,0.1861595753416243,0.20549848284720437,0.019338907505580066,0.21818104465900498,0.2947816176656557,1.573594478821569,1.4823014759932016,1.668585004124315,2000
AdaBoost,individual,AdaBoost,raw,Cached fitted individual; sigmoid fitted to cached training OOF,raw_threshold,8,0.58,own validation,7,CV17_THY_CONT,all cardiovascular variables,block,cardiovascular,17,0.7308812260536399,0.44710327455919396,0.28377795149444596,0.8369634473507713,0.653588195841717,0.18337525150905432,0.5904214779938294,0.2802832784130261,0.3101381995808033,0.1861595753416243,0.20549848284720437,0.019338907505580066,0.24244008961426086,0.32196553513873266,1.6347033619340565,1.5408542159524363,1.725344108677673,2000
AdaBoost,individual,AdaBoost,sigmoid,Cached fitted individual; sigmoid fitted to cached training OOF,sigmoid,9,0.4099999999999999,own validation,7,CV17_THY_CONT,all cardiovascular variables,block,cardiovascular,17,0.7293557557283282,0.44710327455919396,0.28225248116913426,0.8369634473507713,0.653588195841717,0.18337525150905432,0.5904214779938294,0.2802832784130261,0.3101381995808033,0.11138800805411916,0.1595981668462159,0.048210158792096725,0.24070267198290018,0.32124950424418,1.6312914649247678,1.538435060035598,1.7217663467476125,2000
MLP,individual,MLP,raw,Cached fitted individual; sigmoid fitted to cached training OOF,raw_fixed,10,0.5,fixed 0.5,7,CV17_THY_CONT,all cardiovascular variables,block,cardiovascular,17,0.7086712317698171,0.4467548834278513,0.26191634834196575,0.8466968477531858,0.5723591549295775,0.2743376928236083,0.6105382221434775,0.3147941754413206,0.2957440467021569,0.15329636532074958,0.2030642471959624,0.049767881875212805,0.22344379428227723,0.29952188975075605,1.5862640970644564,1.4957154595696538,1.6787749932719132,2000
MLP,individual,MLP,raw,Cached fitted individual; sigmoid fitted to cached training OOF,raw_threshold,10,0.6799999999999999,own validation,7,CV17_THY_CONT,all cardiovascular variables,block,cardiovascular,17,0.7489136160834274,0.44710327455919396,0.30181034152423347,0.8466968477531858,0.5723591549295775,0.2743376928236083,0.6105382221434775,0.3147941754413206,0.2957440467021569,0.15329636532074958,0.2030642471959624,0.049767881875212805,0.2620200381734943,0.3385629234534741,1.6750349610429334,1.5839257833625882,1.7612028967598699,2000
MLP,individual,MLP,sigmoid,Cached fitted individual; sigmoid fitted to cached training OOF,sigmoid,11,0.31999999999999995,own validation,7,CV17_THY_CONT,all cardiovascular variables,block,cardiovascular,17,0.7574482553444686,0.44710327455919396,0.3103449807852746,0.8466968477531858,0.5723591549295775,0.2743376928236083,0.6105382221434775,0.3147941754413206,0.2957440467021569,0.11299743818759635,0.1541814657730767,0.04118402758548036,0.27192122705999244,0.34734720150708653,1.6941237035028396,1.6043175261721911,1.7816254113829892,2000
GradientBoosting,individual,GradientBoosting,raw,Cached fitted individual; sigmoid fitted to cached training OOF,raw_fixed,12,0.5,fixed 0.5,7,CV17_THY_CONT,all cardiovascular variables,block,cardiovascular,17,0.7196397818599312,0.4533021629139122,0.266337618946019,0.840627095908786,0.5740903755868545,0.26653672032193154,0.6218609666423225,0.25834998333432824,0.36351098330799425,0.13797559292209854,0.15336211546798378,0.01538652254588524,0.22674559445254394,0.305172150318841,1.5875498524735694,1.4856138772162737,1.6852259348242895,2000
GradientBoosting,individual,GradientBoosting,raw,Cached fitted individual; sigmoid fitted to cached training OOF,raw_threshold,12,0.6599999999999999,own validation,7,CV17_THY_CONT,all cardiovascular variables,block,cardiovascular,17,0.7604147716936511,0.44710327455919396,0.31331149713445716,0.840627095908786,0.5740903755868545,0.26653672032193154,0.6218609666423225,0.25834998333432824,0.36351098330799425,0.13797559292209854,0.15336211546798378,0.01538652254588524,0.2747365185013757,0.3496365757816715,1.7007586724641097,1.6121051660380614,1.790678724809858,2000
GradientBoosting,individual,GradientBoosting,sigmoid,Cached fitted individual; sigmoid fitted to cached training OOF,sigmoid,13,0.37999999999999995,own validation,7,CV17_THY_CONT,all cardiovascular variables,block,cardiovascular,17,0.7579298142781161,0.44710327455919396,0.31082653971892216,0.840627095908786,0.5740903755868545,0.26653672032193154,0.6218609666423225,0.25834998333432824,0.36351098330799425,0.10818765827236983,0.16074670200538943,0.0525590437330196,0.27177251588086404,0.3486124461166564,1.695200767709364,1.6047336956043143,1.7859501787290755,2000
XGBoost,individual,XGBoost,raw,Cached fitted individual; sigmoid fitted to cached training OOF,raw_fixed,14,0.5,fixed 0.5,7,CV17_THY_CONT,all cardiovascular variables,block,cardiovascular,17,0.7340850209815728,0.47843214907298365,0.25565287190858915,0.8427649228705567,0.6268653588195842,0.21589956405097255,0.6207142319116041,0.29974137829482483,0.3209728536167793,0.142721285120714,0.16269251498485696,0.01997122986414296,0.20943868109518976,0.29764459903963736,1.5343555453034363,1.4197964581035298,1.6497941848186768,2000
XGBoost,individual,XGBoost,raw,Cached fitted individual; sigmoid fitted to cached training OOF,raw_threshold,14,0.6,own validation,7,CV17_THY_CONT,all cardiovascular variables,block,cardiovascular,17,0.7375657580105213,0.44710327455919396,0.2904624834513273,0.8427649228705567,0.6268653588195842,0.21589956405097255,0.6207142319116041,0.29974137829482483,0.3209728536167793,0.142721285120714,0.16269251498485696,0.01997122986414296,0.2528560805961637,0.3274175476373868,1.6496541179164899,1.5603170366903525,1.739999265311035,2000
XGBoost,individual,XGBoost,sigmoid,Cached fitted individual; sigmoid fitted to cached training OOF,sigmoid,15,0.36999999999999994,own validation,7,CV17_THY_CONT,all cardiovascular variables,block,cardiovascular,17,0.738826364323119,0.44710327455919396,0.291723089763925,0.8427649228705567,0.6268653588195842,0.21589956405097255,0.6207142319116041,0.29974137829482483,0.3209728536167793,0.10779122172922385,0.15703786556521643,0.04924664383599257,0.25392297980224826,0.32872661738851966,1.6524736148522718,1.5652258681717806,1.7416537010351283,2000
paper,voting,"LogisticRegression,RandomForest,AdaBoost",raw,models/predictive_sensitivity/h7_CV17_THY_CONT_paper.joblib,raw_fixed,16,0.5,fixed 0.5,7,CV17_THY_CONT,all cardiovascular variables,block,cardiovascular,17,0.7329425928388122,0.44710327455919396,0.2858393182796183,0.8474765258215963,0.6476441985244802,0.19983232729711609,0.6249100841759544,0.3164663681655511,0.30844371601040327,0.14916737933582,0.1717620868252564,0.0225947074894364,0.2486535583526168,0.3244316675109945,1.639313855532442,1.5522506949118857,1.7301784675199599,2000
paper,voting,"LogisticRegression,RandomForest,AdaBoost",raw,models/predictive_sensitivity/h7_CV17_THY_CONT_paper.joblib,raw_threshold,16,0.38999999999999996,saved voting threshold (also applied to raw),7,CV17_THY_CONT,all cardiovascular variables,block,cardiovascular,17,0.661069806744196,0.49184885335295986,0.16922095339123616,0.8474765258215963,0.6476441985244802,0.19983232729711609,0.6249100841759544,0.3164663681655511,0.30844371601040327,0.14916737933582,0.1717620868252564,0.0225947074894364,0.12165122539085799,0.21483945598853502,1.3440507225698461,1.2336453111412942,1.4558502021565183,2000
paper,voting,"LogisticRegression,RandomForest,AdaBoost",sigmoid,models/predictive_sensitivity/h7_CV17_THY_CONT_paper.joblib,sigmoid,17,0.38999999999999996,saved voting threshold (also applied to raw),7,CV17_THY_CONT,all cardiovascular variables,block,cardiovascular,17,0.7596902502253029,0.44710327455919396,0.31258697566610893,0.8474765258215963,0.6476441985244802,0.19983232729711609,0.6249100841759544,0.3164663681655511,0.30844371601040327,0.10681940292729272,0.16259022259456865,0.05577081966727593,0.2760273982010029,0.34922499990744527,1.6991381934616634,1.6138158997311562,1.7847887100877682,2000
paper_locked,voting,"LogisticRegression,RandomForest,AdaBoost",raw,models/final_h7_CV17_THY_CONT_paper_locked.joblib,raw_fixed,18,0.5,fixed 0.5,7,CV17_THY_CONT,all cardiovascular variables,block,cardiovascular,17,0.7281870738748857,0.44710327455919396,0.2810837993156917,0.8466381623071764,0.6484154929577465,0.1982226693494299,0.6220693480215564,0.31751578969387406,0.3045535583276824,0.1566021485441328,0.18403939746748982,0.027437248923357027,0.24444898096756312,0.3198726192056587,1.6286775680469274,1.5411470017010762,1.722090524861862,2000
paper_locked,voting,"LogisticRegression,RandomForest,AdaBoost",raw,models/final_h7_CV17_THY_CONT_paper_locked.joblib,raw_threshold,18,0.43999999999999995,saved voting threshold (also applied to raw),7,CV17_THY_CONT,all cardiovascular variables,block,cardiovascular,17,0.6898933929555102,0.4467548834278513,0.24313850952765892,0.8466381623071764,0.6484154929577465,0.1982226693494299,0.6220693480215564,0.31751578969387406,0.3045535583276824,0.1566021485441328,0.18403939746748982,0.027437248923357027,0.2061679042316924,0.28144555933220117,1.5442324606775666,1.4558050899371715,1.6372443592880692,2000
paper_locked,voting,"LogisticRegression,RandomForest,AdaBoost",sigmoid,models/final_h7_CV17_THY_CONT_paper_locked.joblib,sigmoid,19,0.43999999999999995,saved voting threshold (also applied to raw),7,CV17_THY_CONT,all cardiovascular variables,block,cardiovascular,17,0.7243328100470958,0.44710327455919396,0.27722953548790186,0.8466381623071764,0.6484154929577465,0.1982226693494299,0.6220693480215564,0.31751578969387406,0.3045535583276824,0.10735395528864841,0.16024743450923845,0.05289347922059004,0.2363918164920374,0.3169783355734914,1.6200570455701242,1.5264293974068333,1.7137322789886913,2000
own,stacking,"LogisticRegression,KNeighbors,AdaBoost",raw,models/stacking_sensitivity/h7_CV17_THY_CONT_own.joblib,raw_fixed,20,0.5,fixed 0.5,7,CV17_THY_CONT,all cardiovascular variables,block,cardiovascular,17,0.7036772224208319,0.44710327455919396,0.2565739478616379,0.8452045606975185,0.65988430583501,0.18532025486250847,0.6027119778421592,0.2951629808790373,0.30754899696312193,0.10917993345567255,0.16359520509213848,0.05441527163646594,0.21448786061690508,0.29771964797277045,1.573858350991945,1.4803888983300115,1.6669416657129366,2000
own,stacking,"LogisticRegression,KNeighbors,AdaBoost",raw,models/stacking_sensitivity/h7_CV17_THY_CONT_own.joblib,raw_threshold,20,0.33999999999999997,saved stacking threshold,7,CV17_THY_CONT,all cardiovascular variables,block,cardiovascular,17,0.7554362964476055,0.44710327455919396,0.3083330218884115,0.8452045606975185,0.65988430583501,0.18532025486250847,0.6027119778421592,0.2951629808790373,0.30754899696312193,0.10917993345567255,0.16359520509213848,0.05441527163646594,0.2700890259874681,0.34466826212311164,1.6896237165616865,1.6006198442153414,1.7794713468753534,2000
own,stacking,"LogisticRegression,KNeighbors,AdaBoost",sigmoid,models/stacking_sensitivity/h7_CV17_THY_CONT_own.joblib,sigmoid,21,0.32999999999999996,saved stacking threshold,7,CV17_THY_CONT,all cardiovascular variables,block,cardiovascular,17,0.7554362964476055,0.44710327455919396,0.3083330218884115,0.8452045606975185,0.65988430583501,0.18532025486250847,0.6027119778421592,0.2951629808790373,0.30754899696312193,0.10921388840861973,0.16364472220059012,0.05443083379197039,0.2700890259874681,0.34466826212311164,1.6896237165616865,1.6006198442153414,1.7794713468753534,2000
own,stacking,"LogisticRegression,KNeighbors,AdaBoost",isotonic,models/stacking_sensitivity/h7_CV17_THY_CONT_own.joblib,isotonic,22,0.33999999999999997,saved stacking threshold,7,CV17_THY_CONT,all cardiovascular variables,block,cardiovascular,17,0.756166353170578,0.44710327455919396,0.30906307861138405,0.8448608316566063,0.6048876592890677,0.23997317236753857,0.5843766539391511,0.2529102603255948,0.33146639361355623,0.11066089189702547,0.1632096930511169,0.05254880115409144,0.2722361422193352,0.3456324274180276,1.6912565758237716,1.6040300041074476,1.7809451718639175,2000
same_baseline,stacking,"KNeighbors,RandomForest,AdaBoost,MLP",raw,models/stacking_sensitivity/h7_CV17_THY_CONT_same_baseline.joblib,raw_fixed,23,0.5,fixed 0.5,7,CV17_THY_CONT,all cardiovascular variables,block,cardiovascular,17,0.7046565588361673,0.44710327455919396,0.2575532842769733,0.8468226022803488,0.6504862508383635,0.19633635144198525,0.6266442551545337,0.32185922561836666,0.30478502953616704,0.10694711012065376,0.16538130619976224,0.05843419607910848,0.21493243521530986,0.29997782864176026,1.576048754129343,1.4785815566929115,1.6744972321150364,2000
same_baseline,stacking,"KNeighbors,RandomForest,AdaBoost,MLP",raw,models/stacking_sensitivity/h7_CV17_THY_CONT_same_baseline.joblib,raw_threshold,23,0.38999999999999996,saved stacking threshold,7,CV17_THY_CONT,all cardiovascular variables,block,cardiovascular,17,0.7542358796721512,0.44710327455919396,0.30713260511295726,0.8468226022803488,0.6504862508383635,0.19633635144198525,0.6266442551545337,0.32185922561836666,0.30478502953616704,0.10694711012065376,0.16538130619976224,0.05843419607910848,0.27099640386536555,0.3441488293566765,1.6869388407315156,1.6014718538479302,1.7743009162764816,2000
same_baseline,stacking,"KNeighbors,RandomForest,AdaBoost,MLP",sigmoid,models/stacking_sensitivity/h7_CV17_THY_CONT_same_baseline.joblib,sigmoid,24,0.3999999999999999,saved stacking threshold,7,CV17_THY_CONT,all cardiovascular variables,block,cardiovascular,17,0.7545418151157511,0.44710327455919396,0.30743854055655717,0.8468226022803488,0.6504862508383635,0.19633635144198525,0.6266442551545337,0.32185922561836666,0.30478502953616704,0.106977825803903,0.16501487265934697,0.058037046855443974,0.2695755573656893,0.3442008924957946,1.687623101977201,1.6013541066482353,1.773914938098598,2000
same_baseline,stacking,"KNeighbors,RandomForest,AdaBoost,MLP",isotonic,models/stacking_sensitivity/h7_CV17_THY_CONT_same_baseline.joblib,isotonic,25,0.32999999999999996,saved stacking threshold,7,CV17_THY_CONT,all cardiovascular variables,block,cardiovascular,17,0.7498623008110008,0.44710327455919396,0.30275902625180684,0.8466339704896043,0.6279929577464789,0.21864101274312542,0.6078162488237903,0.25166772318362307,0.3561485256401672,0.10763459558478214,0.16235478674566525,0.054720191160883114,0.2662514553409435,0.3396583325895678,1.6771568080110835,1.590464675288071,1.7657032259571501,2000
locked_baseline,stacking,"KNeighbors,RandomForest,AdaBoost,MLP",raw,models/stacking_sensitivity/h7_CV17_THY_CONT_locked_baseline.joblib,raw_fixed,26,0.5,fixed 0.5,7,CV17_THY_CONT,all cardiovascular variables,block,cardiovascular,17,0.7294088812205308,0.44710327455919396,0.28230560666133686,0.8484657947686117,0.6390509725016768,0.20941482226693497,0.6414093765224447,0.32447076773557953,0.31693860878686514,0.10521713348319792,0.16218101151288208,0.05696387802968417,0.24092182692352918,0.3219177314223559,1.6314102864481732,1.5384378122782683,1.7250511402873023,2000
locked_baseline,stacking,"KNeighbors,RandomForest,AdaBoost,MLP",raw,models/stacking_sensitivity/h7_CV17_THY_CONT_locked_baseline.joblib,raw_threshold,26,0.48999999999999994,saved stacking threshold,7,CV17_THY_CONT,all cardiovascular variables,block,cardiovascular,17,0.7309705048555402,0.44710327455919396,0.2838672302963462,0.8484657947686117,0.6390509725016768,0.20941482226693497,0.6414093765224447,0.32447076773557953,0.31693860878686514,0.10521713348319792,0.16218101151288208,0.05696387802968417,0.2427230801391314,0.32359803432855005,1.6349030446628137,1.5421087873264514,1.728633502962996,2000
locked_baseline,stacking,"KNeighbors,RandomForest,AdaBoost,MLP",sigmoid,models/stacking_sensitivity/h7_CV17_THY_CONT_locked_baseline.joblib,sigmoid,27,0.48999999999999994,saved stacking threshold,7,CV17_THY_CONT,all cardiovascular variables,block,cardiovascular,17,0.7294088812205308,0.44710327455919396,0.28230560666133686,0.8484657947686117,0.6390509725016768,0.20941482226693497,0.6414093765224447,0.32447076773557953,0.31693860878686514,0.10516829882784544,0.16284064890968075,0.057672350081835314,0.24092182692352918,0.3219177314223559,1.6314102864481732,1.5384378122782683,1.7250511402873023,2000
locked_baseline,stacking,"KNeighbors,RandomForest,AdaBoost,MLP",isotonic,models/stacking_sensitivity/h7_CV17_THY_CONT_locked_baseline.joblib,isotonic,28,0.42999999999999994,saved stacking threshold,7,CV17_THY_CONT,all cardiovascular variables,block,cardiovascular,17,0.7278237075983138,0.44710327455919396,0.28072043303911987,0.8465459423205902,0.6306757209926224,0.21587022132796785,0.6069580639148737,0.27961816994699346,0.32733989396788027,0.10696678701552328,0.1601960967786915,0.053229309763168225,0.23983366203964623,0.32061614805245015,1.627864855867778,1.535561356968724,1.7211788923537794,2000
paper,stacking,"LogisticRegression,RandomForest,AdaBoost",raw,models/stacking_sensitivity/h7_CV17_THY_CONT_paper.joblib,raw_fixed,29,0.5,fixed 0.5,7,CV17_THY_CONT,all cardiovascular variables,block,cardiovascular,17,0.7089681419188509,0.44710327455919396,0.26186486735965697,0.8476190476190476,0.6484406438631791,0.19917840375586848,0.6237386907226503,0.3163963046612975,0.30734238606135283,0.10684277418145065,0.16381706165337312,0.05697428747192247,0.21805059621824027,0.3009257096917909,1.5856921258692045,1.4880972410881488,1.676631683499538,2000
paper,stacking,"LogisticRegression,RandomForest,AdaBoost",raw,models/stacking_sensitivity/h7_CV17_THY_CONT_paper.joblib,raw_threshold,29,0.3999999999999999,saved stacking threshold,7,CV17_THY_CONT,all cardiovascular variables,block,cardiovascular,17,0.7571230982019364,0.44710327455919396,0.3100198236427424,0.8476190476190476,0.6484406438631791,0.19917840375586848,0.6237386907226503,0.3163963046612975,0.30734238606135283,0.10684277418145065,0.16381706165337312,0.05697428747192247,0.27270295332378325,0.34787496117454986,1.6933964506263026,1.6069481751133516,1.7813879634291603,2000
paper,stacking,"LogisticRegression,RandomForest,AdaBoost",sigmoid,models/stacking_sensitivity/h7_CV17_THY_CONT_paper.joblib,sigmoid,30,0.38999999999999996,saved stacking threshold,7,CV17_THY_CONT,all cardiovascular variables,block,cardiovascular,17,0.7571230982019364,0.44710327455919396,0.3100198236427424,0.8476190476190476,0.6484406438631791,0.19917840375586848,0.6237386907226503,0.3163963046612975,0.30734238606135283,0.10691330488299498,0.16410528412794068,0.05719197924494569,0.27270295332378325,0.34787496117454986,1.6933964506263026,1.6069481751133516,1.7813879634291603,2000
paper,stacking,"LogisticRegression,RandomForest,AdaBoost",isotonic,models/stacking_sensitivity/h7_CV17_THY_CONT_paper.joblib,isotonic,31,0.3499999999999999,saved stacking threshold,7,CV17_THY_CONT,all cardiovascular variables,block,cardiovascular,17,0.7531190566334336,0.44710327455919396,0.30601578207423963,0.8453093561368209,0.5556924882629108,0.28961686787391006,0.6000089471701715,0.21639163766998948,0.383617309500182,0.10818818153761928,0.16306495405224591,0.05487677251462664,0.26935479255656763,0.34368562240568534,1.684440932301257,1.5990417567631179,1.7716526855765486,2000
same_members_reselected_C,stacking,"KNeighbors,RandomForest,AdaBoost,MLP",raw,cache/classification_explainability/prepared_h7_CV17_THY_CONT.joblib,raw_fixed,32,0.5,fixed 0.5,7,CV17_THY_CONT,all cardiovascular variables,block,cardiovascular,17,0.6911228376548599,0.44710327455919396,0.24401956309566597,0.8478286384976526,0.641725352112676,0.20610328638497655,0.6291219667126018,0.31508364952772955,0.31403831718487224,0.10710668881529546,0.16242834511622506,0.0553216563009296,0.20008170847388118,0.2857659719186554,1.5457789664731234,1.447587484563975,1.6425147405931275,2000
same_members_reselected_C,stacking,"KNeighbors,RandomForest,AdaBoost,MLP",raw,cache/classification_explainability/prepared_h7_CV17_THY_CONT.joblib,raw_threshold,32,0.36999999999999994,saved reselected-C validation threshold,7,CV17_THY_CONT,all cardiovascular variables,block,cardiovascular,17,0.7617419431871222,0.44710327455919396,0.3146386686279282,0.8478286384976526,0.641725352112676,0.20610328638497655,0.6291219667126018,0.31508364952772955,0.31403831718487224,0.10710668881529546,0.16242834511622506,0.0553216563009296,0.27880394189959845,0.3509174871231966,1.7037270503959858,1.6194305070406076,1.7929671146351795,2000
same_members_reselected_C,stacking,"KNeighbors,RandomForest,AdaBoost,MLP",sigmoid,cache/classification_explainability/prepared_h7_CV17_THY_CONT.joblib,sigmoid,33,0.35999999999999993,saved reselected-C validation threshold,7,CV17_THY_CONT,all cardiovascular variables,block,cardiovascular,17,0.7511422092865845,0.44710327455919396,0.3040389347273905,0.8478286384976526,0.641725352112676,0.20610328638497655,0.6291219667126018,0.31508364952772955,0.31403831718487224,0.10661452685674429,0.1648688603111684,0.058254333454424115,0.26656455206868895,0.3402370539198871,1.680019476545206,1.5926012524799578,1.766855934550025,2000
same_members_reselected_C,stacking,"KNeighbors,RandomForest,AdaBoost,MLP",isotonic,cache/classification_explainability/prepared_h7_CV17_THY_CONT.joblib,isotonic,34,0.33999999999999997,saved reselected-C validation threshold,7,CV17_THY_CONT,all cardiovascular variables,block,cardiovascular,17,0.7556737369364912,0.44710327455919396,0.30857046237729724,0.8462692823608317,0.6381287726358149,0.20814050972501674,0.6070559198389371,0.2641467310554986,0.34290918878343857,0.10824084444828577,0.1612498132107297,0.05300896876244393,0.27176538710085757,0.3446706394192204,1.6901547806410535,1.6038239647151618,1.778114846297556,2000
